node_id,latitude,longitude,street_count,n_aa_roads,aa_roads,junction_type,is_aa_aa_junction,is_aa_any_junction,is_b_road
33389255,5.973052,80.361972,3,1,A2,AA-Other,False,True,False
1233269778,5.981115,80.340288,3,1,A2,AA-Other,False,True,False
11542234727,5.96545,80.379443,3,1,A2,AA-Other,False,True,False
33389341,5.942888,80.568388,3,1,A2,AA-Other,False,True,False
250131773,5.945222,80.565417,3,1,A2,AA-Other,False,True,False
33389417,5.928262,80.587898,3,1,A2,AA-Other,False,True,False
13709350352,5.928169,80.589219,3,1,A2,AA-Other,False,True,False
33389466,5.984559,80.724883,3,1,A2,AA-Other,False,True,False
1750306782,5.999459,80.740972,3,1,A2,AA-Other,False,True,False
250131591,5.964551,80.694546,3,1,A2,AA-Other,False,True,False
35436490,7.265772,80.592541,3,1,A1,AA-Other,False,True,False
258029156,7.264124,80.592942,3,2,A1;A5,AA-AA,True,True,False
7094700078,7.265819,80.592385,3,1,A1,AA-Other,False,True,False
44265232,6.728308,81.102857,4,1,A2,AA-Other,False,True,False
2610876638,6.518642,81.127026,3,1,A2,AA-Other,False,True,False
44265234,6.732073,81.101954,3,2,A2;A4,AA-AA,True,True,False
13739751298,6.732062,81.101888,3,1,A4,AA-Other,False,True,False
1135398600,6.732854,81.106916,3,1,A4,AA-Other,False,True,False
44265239,6.735286,81.099451,3,1,A23,AA-Other,False,True,False
603240642,6.731658,81.099805,4,2,A23;A4,AA-AA,True,True,False
6658588595,6.873016,81.049115,3,1,A23,AA-Other,False,True,False
44534497,6.032754,80.217485,3,1,A2,AA-Other,False,True,False
138713209,6.032452,80.217359,3,1,A2,AA-Other,False,True,False
44534546,6.032962,80.217665,3,1,A2,AA-Other,False,True,False
47822231,6.037348,80.228239,3,1,A2,AA-Other,False,True,False
8703211017,6.034104,80.235252,3,1,A2,AA-Other,False,True,False
47824936,6.03757,80.227257,3,1,A2,AA-Other,False,True,False
49364006,6.874294,81.046791,3,1,A23,AA-Other,False,True,False
49364356,6.873478,81.031248,3,2,A16;A23,AA-AA,True,True,False
2145042656,6.899254,81.058098,3,1,A16,AA-Other,False,True,False
49368092,6.894038,80.87,3,1,A5,AA-Other,False,True,False
2078611991,6.905803,80.909761,3,1,A5,AA-Other,False,True,False
3682574805,6.916861,80.831304,3,1,A5,AA-Other,False,True,False
49368243,6.906296,80.914051,3,1,A5,AA-Other,False,True,False
1147075948,6.93709,80.990966,3,1,A5,AA-Other,False,True,False
2026114937,6.90394,80.912574,3,1,A5,AA-Other,False,True,False
49371992,6.976945,80.762255,3,1,A5,AA-Other,False,True,False
77682693,6.973199,80.765422,3,1,A5,AA-Other,False,True,False
3584750699,6.979142,80.758368,3,1,A5,AA-Other,False,True,False
49378902,7.134396,80.597819,3,1,A5,AA-Other,False,True,False
3217407684,7.132264,80.588592,3,1,A5,AA-Other,False,True,False
1834922625,7.0968,80.645875,3,1,A5,AA-Other,False,True,False
50366409,7.146537,80.097002,3,1,A1,AA-Other,False,True,False
617823296,7.168521,80.12413,4,1,A1,AA-Other,False,True,False
324965926,7.143901,80.095598,4,1,A1,AA-Other,False,True,False
324965995,7.143891,80.095669,4,1,A1,AA-Other,False,True,False
50415021,6.72506,79.906574,3,1,A2,AA-Other,False,True,False
665685894,6.726415,79.905424,3,1,A2,AA-Other,False,True,False
50415165,6.629178,79.943101,3,1,A2,AA-Other,False,True,False
12109482770,6.663844,79.930592,3,1,A2,AA-Other,False,True,False
1138325237,6.609891,79.951682,3,1,A2,AA-Other,False,True,False
50415206,6.561112,79.968943,3,1,A2,AA-Other,False,True,False
9634869050,6.561284,79.968901,3,1,A2,AA-Other,False,True,False
50422936,6.797428,79.888573,4,1,A2,AA-Other,False,True,False
2361900649,6.794989,79.887871,3,1,A2,AA-Other,False,True,False
54398901,6.055758,80.181158,3,1,A2,AA-Other,False,True,False
1781355217,6.063348,80.1755,3,1,A2,AA-Other,False,True,False
7095171150,6.038272,80.205637,3,1,A2,AA-Other,False,True,False
59947552,6.032158,80.239635,3,2,A17;A2,AA-AA,True,True,False
6492867596,6.037767,80.249368,3,1,A17,AA-Other,False,True,False
309913698,6.030876,80.240754,3,1,A2,AA-Other,False,True,False
60654455,5.960561,80.456307,3,1,A2,AA-Other,False,True,False
1231879141,5.941081,80.494351,3,1,A2,AA-Other,False,True,False
1675705732,5.962758,80.456278,3,1,A2,AA-Other,False,True,False
60797056,6.86242,79.863849,4,1,A2,AA-Other,False,True,False
60797372,6.861148,79.864128,3,1,A2,AA-Other,False,True,False
1249801968,6.85307,79.86582,3,1,A2,AA-Other,False,True,False
60797439,6.847521,79.866065,4,1,A2,AA-Other,False,True,False
10603977997,6.830512,79.867838,4,1,A2,AA-Other,False,True,False
60797607,6.608353,79.952617,3,1,A2,AA-Other,False,True,False
60797926,6.071555,80.163101,3,1,A2,AA-Other,False,True,False
3090456359,6.110708,80.125148,3,1,A2,AA-Other,False,True,False
60798009,6.812814,79.880774,3,1,A2,AA-Other,False,True,False
7085495071,6.819486,79.873616,3,1,A2,AA-Other,False,True,False
61802472,6.943806,79.878178,4,1,A1,AA-Other,False,True,False
1431441533,6.949523,79.878457,3,1,A1,AA-Other,False,True,False
61802550,6.950346,79.878467,6,1,A1,AA-Other,False,True,False
253022456,6.950641,79.878606,3,1,A1,AA-Other,False,True,False
77368738,6.032655,80.216831,3,1,A2,AA-Other,False,True,False
3379676395,6.032557,80.217201,3,1,A2,AA-Other,False,True,False
77379011,6.032906,80.796545,3,1,A2,AA-Other,False,True,False
1340667695,6.097108,80.875941,3,1,A2,AA-Other,False,True,False
3960868163,6.032746,80.79646,3,1,A2,AA-Other,False,True,False
77379074,6.02867,80.794891,3,1,A2,AA-Other,False,True,False
3960797189,6.028537,80.794853,3,1,A2,AA-Other,False,True,False
77381284,6.830251,80.988599,3,1,A16,AA-Other,False,True,False
4365280299,6.830461,80.988745,3,1,A16,AA-Other,False,True,False
2026106458,6.829302,80.987565,3,1,A16,AA-Other,False,True,False
2035811429,6.971921,80.766708,3,1,A5,AA-Other,False,True,False
77684317,6.959873,80.770946,3,1,A5,AA-Other,False,True,False
3390636008,6.959213,80.771989,3,1,A5,AA-Other,False,True,False
3390634865,6.960735,80.769262,3,2,A5;A7,AA-AA,True,True,False
77844809,6.829735,80.993331,3,1,A16,AA-Other,False,True,False
91030247,6.931298,79.84231,3,1,A2,AA-Other,False,True,False
7153699537,6.929543,79.842754,4,1,A2,AA-Other,False,True,False
98554099,6.035714,80.389067,4,1,A17,AA-Other,False,True,False
98554144,6.042467,80.410069,3,1,A17,AA-Other,False,True,False
252541774,6.03497,80.315637,3,1,A17,AA-Other,False,True,False
98554769,6.090296,80.476194,3,2,A17;A24,AA-AA,True,True,False
2164965693,6.091127,80.476524,3,1,A17,AA-Other,False,True,False
1231840453,6.02431,80.495657,3,1,A24,AA-Other,False,True,False
102737773,6.021975,80.796185,3,1,A2,AA-Other,False,True,False
102737884,6.022295,80.795859,3,1,A2,AA-Other,False,True,False
3256396052,6.021658,80.79635,3,1,A2,AA-Other,False,True,False
102737846,6.022712,80.795597,3,1,A2,AA-Other,False,True,False
3592218007,6.025618,80.794273,3,1,A2,AA-Other,False,True,False
127658294,6.911448,79.870944,4,1,A0,AA-Other,False,True,False
248608270,6.9116,79.86715,3,1,A0,AA-Other,False,True,False
4798976659,6.911314,79.876272,3,1,A0,AA-Other,False,True,False
127658312,6.890439,79.856536,3,1,A2,AA-Other,False,True,False
191792898,6.893812,79.855404,3,1,A2,AA-Other,False,True,False
127659606,6.958552,80.221885,3,1,A7,AA-Other,False,True,False
191856851,6.964714,80.263796,3,1,A7,AA-Other,False,True,False
3095525776,6.952377,80.213381,3,1,A7,AA-Other,False,True,False
127660871,6.878667,79.874506,3,1,A4,AA-Other,False,True,False
2247695861,6.878304,79.876349,4,1,A4,AA-Other,False,True,False
127660889,6.877495,79.879466,3,1,A4,AA-Other,False,True,False
10771363400,6.873967,79.881828,3,1,A4,AA-Other,False,True,False
129605583,6.720228,80.055796,3,1,A8,AA-Other,False,True,False
1212770520,6.726098,80.033969,3,1,A8,AA-Other,False,True,False
256663997,6.718127,80.058681,3,1,A8,AA-Other,False,True,False
129607626,6.854796,80.089391,3,1,A4,AA-Other,False,True,False
1723172770,6.858475,80.091102,3,1,A4,AA-Other,False,True,False
1697583102,6.854361,80.08905,3,1,A4,AA-Other,False,True,False
129610044,6.903139,80.087447,3,1,A4,AA-Other,False,True,False
1150403364,6.911323,80.09367,3,1,A4,AA-Other,False,True,False
1697437102,6.859088,80.091374,3,1,A4,AA-Other,False,True,False
129615686,6.841196,80.003114,4,1,A4,AA-Other,False,True,False
2068162856,6.837921,79.98511,3,1,A4,AA-Other,False,True,False
1430578050,6.844638,80.015473,3,1,A4,AA-Other,False,True,False
129615826,6.844796,79.930892,3,1,A4,AA-Other,False,True,False
635164975,6.846425,79.94838,4,1,A4,AA-Other,False,True,False
642867474,6.844962,79.930285,3,1,A4,AA-Other,False,True,False
129615869,6.851894,79.919736,3,1,A4,AA-Other,False,True,False
619918508,6.849,79.92448,3,1,A4,AA-Other,False,True,False
619956323,6.857754,79.908513,3,1,A4,AA-Other,False,True,False
129615924,6.862979,79.901438,4,1,A4,AA-Other,False,True,False
9959089698,6.865023,79.896774,3,1,A4,AA-Other,False,True,False
2071116345,6.85787,79.908414,3,1,A4,AA-Other,False,True,False
129615942,6.86512,79.896572,4,1,A4,AA-Other,False,True,False
651260245,6.865236,79.896292,3,1,A4,AA-Other,False,True,False
130019052,6.92097,79.846569,3,1,A2,AA-Other,False,True,False
4515020714,6.91877,79.847264,3,1,A2,AA-Other,False,True,False
130445177,6.240919,80.053581,3,1,A2,AA-Other,False,True,False
130445309,6.238873,80.054128,3,1,A2,AA-Other,False,True,False
130445589,6.229533,80.054273,3,1,A2,AA-Other,False,True,False
248048875,6.183389,80.072123,3,1,A2,AA-Other,False,True,False
130462216,5.946267,80.530242,3,1,A2,AA-Other,False,True,False
138713219,6.032408,80.217174,3,1,A2,AA-Other,False,True,False
5234940056,6.032512,80.2168,3,1,A2,AA-Other,False,True,False
666903979,6.895429,79.854876,3,1,A2,AA-Other,False,True,False
191794735,6.921106,79.846401,3,1,A2,AA-Other,False,True,False
7081602427,6.923633,79.845489,3,1,A2,AA-Other,False,True,False
191799826,6.912016,79.852016,3,1,A0,AA-Other,False,True,False
6272039662,6.91206,79.851657,4,1,A0,AA-Other,False,True,False
191816795,6.906006,79.859,4,1,A4,AA-Other,False,True,False
269351942,6.909092,79.857454,3,1,A4,AA-Other,False,True,False
8169922827,6.971153,80.265256,3,1,A7,AA-Other,False,True,False
198601066,7.02397,80.261265,3,1,A21,AA-Other,False,True,False
3217150026,7.023713,80.261472,3,1,A21,AA-Other,False,True,False
5153458214,7.045755,80.253827,3,1,A21,AA-Other,False,True,False
198851718,6.14049,80.09974,3,1,A2,AA-Other,False,True,False
3090460083,6.111305,80.124407,3,1,A2,AA-Other,False,True,False
206594633,6.878591,79.872732,3,1,A4,AA-Other,False,True,False
206596162,7.047746,79.897047,3,1,A3,AA-Other,False,True,False
1475773455,7.051814,79.8966,3,1,A3,AA-Other,False,True,False
206597309,7.131169,79.876188,3,1,A3,AA-Other,False,True,False
3805872958,7.139639,79.874716,4,1,A3,AA-Other,False,True,False
245519497,6.716991,80.06153,3,1,A8,AA-Other,False,True,False
1446610199,6.716933,80.061755,3,1,A8,AA-Other,False,True,False
245519498,6.716824,80.062962,3,1,A8,AA-Other,False,True,False
253718899,6.717448,80.066074,3,1,A8,AA-Other,False,True,False
247139123,6.958809,80.522017,3,1,A7,AA-Other,False,True,False
247139339,6.931211,80.551429,3,1,A7,AA-Other,False,True,False
1190507161,6.963023,80.518039,3,1,A7,AA-Other,False,True,False
5252242488,6.898034,80.592531,3,1,A7,AA-Other,False,True,False
247140202,6.947529,80.630008,3,1,A7,AA-Other,False,True,False
4108748760,6.925229,80.608955,3,1,A7,AA-Other,False,True,False
4507913122,6.939583,80.660292,3,1,A7,AA-Other,False,True,False
247140495,6.930383,80.717922,3,1,A7,AA-Other,False,True,False
247140995,6.937477,80.738372,3,1,A7,AA-Other,False,True,False
3517327762,6.927115,80.686959,3,1,A7,AA-Other,False,True,False
247141016,6.940939,80.74424,3,1,A7,AA-Other,False,True,False
3390658487,6.949311,80.773767,3,1,A7,AA-Other,False,True,False
10682149773,6.911558,79.866968,4,1,A0,AA-Other,False,True,False
3279650333,5.964547,80.691781,3,1,A2,AA-Other,False,True,False
2155946168,5.946855,80.556644,3,1,A2,AA-Other,False,True,False
250731003,6.909465,79.896874,4,1,A0,AA-Other,False,True,False
13399644563,6.90866,79.898432,3,1,A0,AA-Other,False,True,False
2434214580,6.037616,80.304472,3,1,A17,AA-Other,False,True,False
253022446,6.943845,79.878294,4,1,A1,AA-Other,False,True,False
4422642586,6.943432,79.878319,3,1,A1,AA-Other,False,True,False
324997824,6.955601,79.882897,3,1,A1,AA-Other,False,True,False
253022458,6.950953,79.87903,3,1,A1,AA-Other,False,True,False
1431441535,6.949989,79.878606,3,1,A1,AA-Other,False,True,False
253022461,6.955558,79.883004,3,1,A1,AA-Other,False,True,False
1796922853,6.743897,80.176348,3,1,A8,AA-Other,False,True,False
5693657962,7.293033,80.637749,3,2,A1;A9,AA-AA,True,True,False
258025225,8.032095,80.772584,3,1,A11,AA-Other,False,True,False
3213759120,8.063832,80.8984,3,1,A11,AA-Other,False,True,False
258025517,7.857886,80.652269,3,1,A9,AA-Other,False,True,False
1651774036,7.86042,80.6522,3,1,A9,AA-Other,False,True,False
258049598,7.707253,80.653586,3,1,A9,AA-Other,False,True,False
258029159,7.260362,80.592677,3,1,A5,AA-Other,False,True,False
258029175,7.264192,80.59396,3,1,A1,AA-Other,False,True,False
2078331482,7.257836,80.590662,3,1,A5,AA-Other,False,True,False
3033937981,7.266131,80.596094,3,1,A1,AA-Other,False,True,False
258030081,6.873733,79.881906,3,1,A4,AA-Other,False,True,False
10771363401,6.873946,79.881765,4,1,A4,AA-Other,False,True,False
4582456531,6.870435,79.887024,4,1,A4,AA-Other,False,True,False
258049265,7.409225,80.609506,3,1,A9,AA-Other,False,True,False
258049267,7.410153,80.609492,3,1,A9,AA-Other,False,True,False
3616502607,7.35703,80.617506,3,1,A9,AA-Other,False,True,False
1727358941,7.423959,80.610607,3,1,A9,AA-Other,False,True,False
258049379,7.465742,80.623776,3,1,A9,AA-Other,False,True,False
3662474367,7.465916,80.623432,4,1,A9,AA-Other,False,True,False
3620006922,7.449395,80.631013,3,1,A9,AA-Other,False,True,False
2083007820,7.466215,80.623293,3,1,A9,AA-Other,False,True,False
1980552001,7.480923,80.623403,3,1,A9,AA-Other,False,True,False
258049453,7.530715,80.625866,3,1,A9,AA-Other,False,True,False
3710121977,7.694751,80.652109,3,1,A9,AA-Other,False,True,False
258053453,6.908812,79.895278,3,1,A0,AA-Other,False,True,False
6230885416,6.909331,79.896049,4,1,A0,AA-Other,False,True,False
258523315,7.954539,80.999038,3,1,A11,AA-Other,False,True,False
258523345,7.94556,80.999961,3,1,A11,AA-Other,False,True,False
1241520120,7.998768,80.925384,3,1,A11,AA-Other,False,True,False
7734473410,7.941364,81.000278,4,1,A11,AA-Other,False,True,False
258523358,7.941359,81.000205,3,1,A11,AA-Other,False,True,False
259648460,6.915216,79.855985,3,1,A4,AA-Other,False,True,False
6258386258,6.92253,79.852573,3,1,A4,AA-Other,False,True,False
3164393649,6.912922,79.855691,4,1,A4,AA-Other,False,True,False
263155120,7.18726,80.58945,3,1,A5,AA-Other,False,True,False
3591084262,7.166994,80.572465,3,1,A5,AA-Other,False,True,False
263155217,7.214638,80.598026,3,1,A5,AA-Other,False,True,False
263179584,7.241126,80.593358,3,1,A5,AA-Other,False,True,False
1855322535,7.255015,80.58959,3,1,A5,AA-Other,False,True,False
268931354,6.885118,79.86683,3,1,A4,AA-Other,False,True,False
1792664495,6.884991,79.867007,3,1,A4,AA-Other,False,True,False
3742192428,6.888089,79.864247,4,1,A4,AA-Other,False,True,False
269202453,6.911868,79.864477,3,1,A0,AA-Other,False,True,False
3355393382,6.9118,79.864664,3,1,A0,AA-Other,False,True,False
269202456,6.91164,79.864666,3,1,A0,AA-Other,False,True,False
3355393361,6.911596,79.86463,3,1,A0,AA-Other,False,True,False
6524681178,6.911464,79.856309,3,1,A4,AA-Other,False,True,False
275517851,6.905166,79.905698,3,1,A0,AA-Other,False,True,False
663702778,6.903944,79.906832,3,1,A0,AA-Other,False,True,False
292783948,7.200907,79.853314,3,1,A3,AA-Other,False,True,False
403881177,7.205506,79.851177,4,1,A3,AA-Other,False,True,False
308865192,7.979087,79.83329,3,1,A3,AA-Other,False,True,False
1731568828,7.764948,79.828859,3,1,A3,AA-Other,False,True,False
1731470195,7.980907,79.833597,3,1,A3,AA-Other,False,True,False
309033793,6.946793,80.214986,3,1,A4,AA-Other,False,True,False
3510278658,6.952221,80.212581,3,1,A4,AA-Other,False,True,False
3090078667,6.853357,80.26161,3,1,A4,AA-Other,False,True,False
3081634094,6.029926,80.241612,3,1,A2,AA-Other,False,True,False
310860950,6.685328,80.396078,3,2,A4;A8,AA-AA,True,True,False
3937837818,6.705202,80.38509,3,1,A4,AA-Other,False,True,False
5303300108,6.684363,80.396713,3,1,A4,AA-Other,False,True,False
1797858594,6.731728,80.27735,3,1,A8,AA-Other,False,True,False
310863031,6.583227,80.573172,3,1,A18,AA-Other,False,True,False
2152800310,6.583367,80.573141,3,1,A18,AA-Other,False,True,False
311128308,6.429705,79.999598,3,1,A2,AA-Other,False,True,False
1094458277,6.418923,80.002517,3,1,A2,AA-Other,False,True,False
1138480331,6.429825,79.999635,3,1,A2,AA-Other,False,True,False
313407297,7.253072,79.853639,3,1,A3,AA-Other,False,True,False
1478609150,7.253661,79.854847,3,1,A3,AA-Other,False,True,False
7786917078,7.135784,80.089554,4,1,A1,AA-Other,False,True,False
324966462,7.135859,80.089517,3,1,A1,AA-Other,False,True,False
324969585,7.109221,80.048747,3,1,A1,AA-Other,False,True,False
7621971271,7.115771,80.055698,3,1,A1,AA-Other,False,True,False
324988637,6.978225,79.927387,4,1,A1,AA-Other,False,True,False
3864419806,6.978178,79.927346,4,1,A1,AA-Other,False,True,False
324988797,6.977972,79.927138,3,1,A1,AA-Other,False,True,False
3478551526,6.976708,79.925804,3,1,A1,AA-Other,False,True,False
324994643,6.975689,79.924641,4,1,A1,AA-Other,False,True,False
844679704,6.97675,79.925754,3,1,A1,AA-Other,False,True,False
324997495,6.966849,79.899849,4,1,A1,AA-Other,False,True,False
621175136,6.957377,79.889726,3,1,A1,AA-Other,False,True,False
324997506,6.95574,79.887733,3,1,A1,AA-Other,False,True,False
3431855628,6.955732,79.884039,3,1,A1,AA-Other,False,True,False
324998173,6.956038,79.882944,3,1,A1,AA-Other,False,True,False
2499137348,6.956498,79.882738,3,1,A1,AA-Other,False,True,False
325000016,6.957427,79.88965,4,1,A1,AA-Other,False,True,False
4476504845,6.9669,79.899754,3,1,A1,AA-Other,False,True,False
325003402,6.9606,79.881112,3,1,A3,AA-Other,False,True,False
1924772358,6.96006,79.88107,4,1,A3,AA-Other,False,True,False
325009601,6.956998,79.882522,3,1,A3,AA-Other,False,True,False
3431855608,6.956689,79.882853,4,1,A3,AA-Other,False,True,False
325011481,6.963759,79.881712,4,1,A3,AA-Other,False,True,False
3664895156,6.96076,79.881128,3,1,A3,AA-Other,False,True,False
374112182,5.952618,80.535072,3,1,A24,AA-Other,False,True,False
1231840826,5.954818,80.533444,3,1,A24,AA-Other,False,True,False
403875118,6.908245,79.898965,4,1,A0,AA-Other,False,True,False
2064203704,7.214265,79.847174,4,1,A3,AA-Other,False,True,False
403899731,7.02177,79.899553,3,1,A3,AA-Other,False,True,False
403899740,6.990665,79.893185,4,1,A3,AA-Other,False,True,False
8112505448,7.015404,79.898343,3,1,A3,AA-Other,False,True,False
403899785,6.98125,79.888054,4,1,A3,AA-Other,False,True,False
3577871618,6.985667,79.889075,3,1,A3,AA-Other,False,True,False
445260233,7.059953,80.25984,3,1,A21,AA-Other,False,True,False
2087261005,7.072763,80.269014,3,1,A21,AA-Other,False,True,False
5153458215,7.04596,80.25379,3,1,A21,AA-Other,False,True,False
445969634,7.252045,80.435213,3,1,A1,AA-Other,False,True,False
3591964802,7.252078,80.435347,3,1,A1,AA-Other,False,True,False
570766494,7.25252,80.377078,3,1,A1,AA-Other,False,True,False
445970143,7.250499,80.362919,3,1,A1,AA-Other,False,True,False
4929241610,7.25078,80.367834,3,1,A1,AA-Other,False,True,False
3219914093,7.25493,80.35391,3,1,A1,AA-Other,False,True,False
562824120,7.858377,80.639391,3,1,A6,AA-Other,False,True,False
7765135906,7.762797,80.573935,3,1,A6,AA-Other,False,True,False
6218784868,7.861014,80.641899,3,1,A6,AA-Other,False,True,False
562824290,7.750256,80.56305,3,1,A6,AA-Other,False,True,False
2093608214,7.756201,80.567973,3,1,A6,AA-Other,False,True,False
566553126,7.944299,80.629244,3,1,A9,AA-Other,False,True,False
7927504084,7.947339,80.628553,3,1,A9,AA-Other,False,True,False
566569982,8.321221,80.382335,3,1,A12,AA-Other,False,True,False
1181921887,8.32122,80.382,3,1,A12,AA-Other,False,True,False
5364431661,8.320194,80.392883,3,1,A12,AA-Other,False,True,False
566574620,8.341625,80.411734,3,1,A12,AA-Other,False,True,False
1981468985,8.335291,80.411006,3,1,A12,AA-Other,False,True,False
5785122163,8.342314,80.411876,3,1,A12,AA-Other,False,True,False
3518437204,8.164915,80.536835,3,1,A9,AA-Other,False,True,False
567011739,8.130774,80.56153,3,1,A9,AA-Other,False,True,False
8014319683,8.127337,80.562747,4,2,A11;A9,AA-AA,True,True,False
567011837,8.092188,80.629386,3,1,A11,AA-Other,False,True,False
6540075346,8.089691,80.637775,3,1,A11,AA-Other,False,True,False
570765602,7.322519,80.622878,3,1,A10,AA-Other,False,True,False
3088508767,7.321903,80.624392,3,1,A10,AA-Other,False,True,False
3088508746,7.321851,80.624419,4,1,A10,AA-Other,False,True,False
570765771,7.327799,80.577971,3,1,A10,AA-Other,False,True,False
2131510192,7.331298,80.571024,3,1,A10,AA-Other,False,True,False
4929241606,7.250824,80.368325,3,1,A1,AA-Other,False,True,False
598168274,6.768248,80.958492,3,1,A16,AA-Other,False,True,False
603240427,6.763807,80.913127,3,2,A16;A4,AA-AA,True,True,False
598168296,6.7689,80.959997,3,1,A16,AA-Other,False,True,False
2646312392,6.789009,80.970184,3,1,A16,AA-Other,False,True,False
599347546,6.809813,79.882947,4,1,A2,AA-Other,False,True,False
7085525496,6.812723,79.880845,3,1,A2,AA-Other,False,True,False
602759879,8.336848,80.406344,3,1,A12,AA-Other,False,True,False
1146218640,8.33512,80.410581,3,1,A12,AA-Other,False,True,False
4137359440,8.332315,80.403262,3,1,A12,AA-Other,False,True,False
602759923,8.039828,80.598326,3,1,A9,AA-Other,False,True,False
5302260374,8.039879,80.598278,3,1,A9,AA-Other,False,True,False
3157384370,6.743534,81.018165,3,1,A4,AA-Other,False,True,False
1712466837,6.767411,80.847306,3,1,A4,AA-Other,False,True,False
603247200,5.973746,80.429341,3,1,A2,AA-Other,False,True,False
1397128195,5.973715,80.429562,3,1,A2,AA-Other,False,True,False
1397090864,5.973684,80.428191,3,1,A2,AA-Other,False,True,False
610951677,6.16363,81.162676,3,1,A2,AA-Other,False,True,False
5144316608,6.154959,81.148846,3,1,A2,AA-Other,False,True,False
3674777304,6.192465,81.184166,3,1,A2,AA-Other,False,True,False
610955288,6.434991,81.130872,3,1,A2,AA-Other,False,True,False
10132667231,6.434831,81.130877,3,1,A2,AA-Other,False,True,False
610970078,6.255407,81.227095,3,1,A2,AA-Other,False,True,False
13055938742,6.25561,81.227078,3,1,A2,AA-Other,False,True,False
3677422292,6.21154,81.204271,3,1,A2,AA-Other,False,True,False
615737752,7.999733,80.27134,3,1,A28,AA-Other,False,True,False
2093611694,8.151093,80.294577,3,1,A28,AA-Other,False,True,False
2638058811,7.995881,80.270799,3,1,A28,AA-Other,False,True,False
617806916,7.486847,80.36613,3,1,A10,AA-Other,False,True,False
5245953970,7.486781,80.366589,3,1,A10,AA-Other,False,True,False
9513937134,7.487006,80.365332,5,1,A10,AA-Other,False,True,False
617806943,7.488805,80.362096,4,1,A10,AA-Other,False,True,False
5248343448,7.487222,80.364731,3,1,A10,AA-Other,False,True,False
3167641878,7.195687,80.153182,3,1,A1,AA-Other,False,True,False
617967898,7.229818,80.201567,3,1,A1,AA-Other,False,True,False
1427371978,7.226387,80.199136,3,1,A1,AA-Other,False,True,False
617967952,7.241352,80.211272,3,2,A1;A6,AA-AA,True,True,False
5764078202,7.242053,80.211633,3,1,A6,AA-Other,False,True,False
7087535778,7.241308,80.211446,3,2,A1;A6,AA-AA,True,True,False
617968149,7.250859,80.332131,3,2,A1;A19,AA-AA,True,True,False
13811688265,7.23533,80.310239,3,1,A1,AA-Other,False,True,False
4929242043,7.251396,80.334998,3,1,A1,AA-Other,False,True,False
3851353586,7.282882,80.324716,3,1,A19,AA-Other,False,True,False
618027759,6.912061,79.850941,3,1,A0,AA-Other,False,True,False
1963939812,6.912229,79.851458,4,1,A0,AA-Other,False,True,False
618096975,6.898955,79.860342,3,1,A4,AA-Other,False,True,False
620382516,6.903211,79.858611,3,1,A4,AA-Other,False,True,False
618273393,6.879391,79.859822,4,1,A2,AA-Other,False,True,False
3617768739,6.886231,79.857802,3,1,A2,AA-Other,False,True,False
9565952986,6.878286,79.860185,3,1,A2,AA-Other,False,True,False
618514963,6.910428,79.887889,3,1,A0,AA-Other,False,True,False
10219043311,6.910736,79.887521,3,1,A0,AA-Other,False,True,False
618514969,6.908558,79.895302,4,1,A0,AA-Other,False,True,False
4692166486,6.908283,79.894681,3,1,A0,AA-Other,False,True,False
618528183,6.909148,79.896233,5,1,A0,AA-Other,False,True,False
2122125311,6.908625,79.89541,4,1,A0,AA-Other,False,True,False
618604210,8.030379,79.828958,3,1,A10,AA-Other,False,True,False
1400433848,8.030225,79.830792,3,1,A10,AA-Other,False,True,False
618605190,8.030444,79.853876,3,1,A12,AA-Other,False,True,False
4140943332,8.03039,79.853709,3,1,A12,AA-Other,False,True,False
619152165,6.903888,79.906778,4,1,A0,AA-Other,False,True,False
1429213457,6.905082,79.90564,4,1,A0,AA-Other,False,True,False
619152185,6.905983,79.904514,3,1,A0,AA-Other,False,True,False
1912464464,6.908093,79.899033,3,1,A0,AA-Other,False,True,False
619195381,6.881769,79.869884,3,1,A4,AA-Other,False,True,False
4011680781,6.881386,79.870062,3,1,A4,AA-Other,False,True,False
619195388,6.881768,79.869607,3,1,A4,AA-Other,False,True,False
4011682730,6.882212,79.869528,3,1,A4,AA-Other,False,True,False
619224223,6.940053,79.878341,3,1,A1,AA-Other,False,True,False
1863416593,6.940053,79.878213,4,1,A1,AA-Other,False,True,False
619224226,6.940168,79.878216,4,1,A1,AA-Other,False,True,False
1863416599,6.940167,79.878338,3,1,A1,AA-Other,False,True,False
12373680251,6.943379,79.878212,3,1,A1,AA-Other,False,True,False
619227137,6.93451,79.865816,3,1,A1,AA-Other,False,True,False
6407621053,6.934542,79.866125,4,1,A1,AA-Other,False,True,False
619883043,6.851684,80.032727,4,1,A4,AA-Other,False,True,False
619905141,7.066645,80.012222,3,1,A1,AA-Other,False,True,False
4790000816,7.06669,80.012246,3,1,A1,AA-Other,False,True,False
5565782276,6.847854,79.92572,3,1,A4,AA-Other,False,True,False
9924565830,6.9034,79.858553,3,1,A4,AA-Other,False,True,False
620384473,6.915994,79.84823,4,1,A2,AA-Other,False,True,False
7085654863,6.914604,79.848666,3,1,A2,AA-Other,False,True,False
620529017,7.091863,79.888446,4,1,A3,AA-Other,False,True,False
4152530090,6.956005,79.888214,3,1,A1,AA-Other,False,True,False
634172980,9.129259,80.446796,3,2,A34;A9,AA-AA,True,True,False
1146591926,9.130006,80.446421,3,1,A9,AA-Other,False,True,False
6538140529,8.965121,80.525526,3,1,A9,AA-Other,False,True,False
6286620951,9.153593,80.649019,3,1,A34,AA-Other,False,True,False
635079773,6.901544,79.852912,3,1,A2,AA-Other,False,True,False
3822124809,6.903736,79.852196,3,1,A2,AA-Other,False,True,False
635111100,6.899256,79.860774,3,1,A4,AA-Other,False,True,False
3808874254,6.89762,79.860116,4,1,A4,AA-Other,False,True,False
635117662,6.911239,79.87744,4,1,A0,AA-Other,False,True,False
635164747,6.862331,79.863774,3,1,A2,AA-Other,False,True,False
7085690885,6.870752,79.862025,3,1,A2,AA-Other,False,True,False
910154883,6.8464,79.948503,4,1,A4,AA-Other,False,True,False
635166169,6.908445,79.893093,3,1,A0,AA-Other,False,True,False
4692166467,6.90851,79.894605,3,1,A0,AA-Other,False,True,False
635795993,6.906915,79.851103,3,1,A2,AA-Other,False,True,False
2925773146,6.91081,79.849845,3,1,A2,AA-Other,False,True,False
635855735,6.869787,79.888192,4,1,A4,AA-Other,False,True,False
3354661040,6.869953,79.887793,3,1,A4,AA-Other,False,True,False
635855755,6.869922,79.888322,4,1,A4,AA-Other,False,True,False
635857021,6.869824,79.888584,3,1,A4,AA-Other,False,True,False
635857018,6.869667,79.888532,3,1,A4,AA-Other,False,True,False
635857020,6.870101,79.887853,3,1,A4,AA-Other,False,True,False
4582456543,6.869178,79.890003,4,1,A4,AA-Other,False,True,False
637009411,7.091884,79.993957,3,1,A33,AA-Other,False,True,False
4068148608,7.09217,79.993046,3,1,A33,AA-Other,False,True,False
5315988825,7.091609,79.994694,3,1,A33,AA-Other,False,True,False
637763018,7.101328,79.910678,3,1,A33,AA-Other,False,True,False
638969238,7.101272,79.910364,3,1,A33,AA-Other,False,True,False
667529248,7.091707,79.968874,3,1,A33,AA-Other,False,True,False
639266144,7.291262,79.852548,3,1,A3,AA-Other,False,True,False
3658420115,7.272608,79.863907,3,1,A3,AA-Other,False,True,False
3658467162,7.34603,79.839899,3,1,A3,AA-Other,False,True,False
6006772899,6.845224,79.9298,3,1,A4,AA-Other,False,True,False
645126091,6.978232,79.927277,3,1,A1,AA-Other,False,True,False
3864419811,6.978281,79.927321,3,1,A1,AA-Other,False,True,False
651637344,7.084894,79.893417,3,1,A33,AA-Other,False,True,False
1278169498,7.084803,79.893217,4,1,A33,AA-Other,False,True,False
7291030424,7.088295,79.89897,3,1,A33,AA-Other,False,True,False
651637359,7.084746,79.893093,3,1,A33,AA-Other,False,True,False
1278086605,7.081248,79.891203,3,1,A33,AA-Other,False,True,False
651747031,6.771567,79.885428,3,1,A2,AA-Other,False,True,False
3448778695,6.77937,79.883128,3,1,A2,AA-Other,False,True,False
2339320507,6.727044,79.905358,3,1,A2,AA-Other,False,True,False
652378597,6.714115,79.907514,3,1,A2,AA-Other,False,True,False
2339365431,6.720854,79.907377,3,1,A2,AA-Other,False,True,False
652384089,6.788103,79.885169,4,1,A2,AA-Other,False,True,False
1425700952,6.787945,79.885116,4,1,A2,AA-Other,False,True,False
652533088,6.911002,79.8816,4,1,A0,AA-Other,False,True,False
3150421800,6.911237,79.877535,4,1,A0,AA-Other,False,True,False
658424660,7.034867,79.990667,4,1,A1,AA-Other,False,True,False
2028303947,7.02709,79.98083,3,1,A1,AA-Other,False,True,False
661806557,6.84948,79.865956,3,1,A2,AA-Other,False,True,False
1249801969,6.853096,79.865758,3,1,A2,AA-Other,False,True,False
662848124,6.909376,79.896134,4,1,A0,AA-Other,False,True,False
3574703794,6.909482,79.896765,3,1,A0,AA-Other,False,True,False
4817216282,6.903517,79.909655,3,1,A0,AA-Other,False,True,False
665214512,6.911433,79.849602,3,2,A0;A2,AA-AA,True,True,False
665214513,6.91178,79.850089,4,2,A0;A2,AA-AA,True,True,False
4515020730,6.914118,79.848739,3,1,A2,AA-Other,False,True,False
665240022,6.927458,79.849649,4,1,A4,AA-Other,False,True,False
255040405,6.931985,79.846809,3,1,A4,AA-Other,False,True,False
2339326612,6.726637,79.905283,3,1,A2,AA-Other,False,True,False
665685929,6.779757,79.883117,5,1,A2,AA-Other,False,True,False
1418994146,6.779806,79.88305,3,1,A2,AA-Other,False,True,False
6266463975,6.779609,79.883205,3,1,A2,AA-Other,False,True,False
665686664,6.944901,79.878404,3,1,A1,AA-Other,False,True,False
666881493,6.915967,79.848146,3,1,A2,AA-Other,False,True,False
4515020715,6.918737,79.847172,3,1,A2,AA-Other,False,True,False
667426156,7.12612,80.070626,3,1,A1,AA-Other,False,True,False
667536145,7.092109,79.970919,3,1,A33,AA-Other,False,True,False
3289420458,7.09278,79.989979,3,1,A33,AA-Other,False,True,False
678334663,6.897381,79.859768,3,1,A4,AA-Other,False,True,False
678334730,6.897593,79.859867,3,1,A4,AA-Other,False,True,False
678334679,6.897152,79.859956,3,1,A4,AA-Other,False,True,False
678335411,6.896744,79.859923,3,1,A4,AA-Other,False,True,False
678334696,6.897076,79.85977,4,1,A4,AA-Other,False,True,False
678334722,6.897461,79.860061,4,1,A4,AA-Other,False,True,False
678334735,6.897663,79.859903,3,1,A4,AA-Other,False,True,False
3742192393,6.892317,79.862299,3,1,A4,AA-Other,False,True,False
13425538963,6.896899,79.859847,3,1,A4,AA-Other,False,True,False
733573148,6.975626,79.924702,3,1,A1,AA-Other,False,True,False
6535741179,6.968467,79.910777,3,1,A1,AA-Other,False,True,False
843513352,7.091148,79.996304,3,1,A33,AA-Other,False,True,False
5315988823,7.091521,79.994835,3,1,A33,AA-Other,False,True,False
843513354,7.091076,79.998107,3,1,A33,AA-Other,False,True,False
3891382236,7.091094,79.997469,3,1,A33,AA-Other,False,True,False
847851002,9.65963,80.160805,3,1,A9,AA-Other,False,True,False
847869821,9.659073,80.163404,3,1,A9,AA-Other,False,True,False
847851217,9.671215,80.096949,3,1,A9,AA-Other,False,True,False
847851287,9.662308,80.081961,3,1,A9,AA-Other,False,True,False
4136824664,9.662059,80.081689,4,2,A32;A9,AA-AA,True,True,False
4136868892,9.659153,80.163658,3,1,A9,AA-Other,False,True,False
849189814,9.681832,80.22115,4,1,A9,AA-Other,False,True,False
1141723502,9.581982,80.365816,3,1,A9,AA-Other,False,True,False
1148495443,9.677732,80.19639,3,1,A9,AA-Other,False,True,False
849238535,9.662778,80.062322,3,1,A9,AA-Other,False,True,False
1148494612,9.662078,80.081126,3,1,A9,AA-Other,False,True,False
2152817015,9.657759,80.025059,3,1,A9,AA-Other,False,True,False
849241788,9.660602,80.011652,3,1,A9,AA-Other,False,True,False
5445976497,9.664725,80.009716,3,1,A9,AA-Other,False,True,False
901009262,8.587338,81.215257,3,1,A6,AA-Other,False,True,False
4062727240,8.587106,81.215358,3,1,A6,AA-Other,False,True,False
901010009,8.350946,80.984571,3,1,A6,AA-Other,False,True,False
7071757658,8.149093,80.837363,3,1,A6,AA-Other,False,True,False
4336068793,8.366473,81.003044,3,1,A6,AA-Other,False,True,False
904233218,8.567524,81.231744,3,1,A6,AA-Other,False,True,False
1242787976,8.574707,81.226501,3,1,A6,AA-Other,False,True,False
904233239,7.885523,80.652077,3,1,A6,AA-Other,False,True,False
5202667325,7.928959,80.686857,3,1,A6,AA-Other,False,True,False
7599684152,7.885072,80.651668,3,2,A6;A9,AA-AA,True,True,False
904233493,8.581219,81.18943,3,1,A15,AA-Other,False,True,False
6537569534,8.5817,81.189168,3,2,A15;A6,AA-AA,True,True,False
7051044596,8.501356,81.191823,3,1,A15,AA-Other,False,True,False
904233581,7.493942,80.375225,4,1,A6,AA-Other,False,True,False
3064571973,7.492827,80.366841,4,1,A6,AA-Other,False,True,False
13682136255,6.841672,79.964346,3,1,A4,AA-Other,False,True,False
912268077,6.665621,80.431593,3,1,A4,AA-Other,False,True,False
4851065489,6.623671,80.542844,3,1,A4,AA-Other,False,True,False
1694691223,6.682145,80.409801,3,1,A4,AA-Other,False,True,False
937249756,7.281662,80.666144,3,1,A26,AA-Other,False,True,False
2382076784,7.281311,80.666321,3,1,A26,AA-Other,False,True,False
4177584096,7.281451,80.66643,3,1,A26,AA-Other,False,True,False
2382152045,7.2943,80.650003,3,1,A26,AA-Other,False,True,False
937250000,7.28157,80.670853,3,1,A26,AA-Other,False,True,False
2382076798,7.281408,80.666698,3,1,A26,AA-Other,False,True,False
2334261008,7.299184,80.73469,3,1,A26,AA-Other,False,True,False
970058024,5.945333,80.548819,3,1,A2,AA-Other,False,True,False
12328410054,5.944945,80.548892,4,1,A2,AA-Other,False,True,False
974346527,6.9066,81.558921,3,1,A4,AA-Other,False,True,False
1809828943,6.928808,81.359255,3,1,A4,AA-Other,False,True,False
6695208837,6.906732,81.559254,3,1,A4,AA-Other,False,True,False
1028522566,8.305399,80.448846,3,1,A13,AA-Other,False,True,False
1028522781,8.307717,80.47305,3,1,A13,AA-Other,False,True,False
1028522572,8.309835,80.42309,3,1,A13,AA-Other,False,True,False
1181921828,8.322901,80.416076,3,1,A13,AA-Other,False,True,False
3518418196,8.274289,80.49989,3,1,A13,AA-Other,False,True,False
1039403582,6.903355,79.910283,3,1,A0,AA-Other,False,True,False
3502106859,6.903301,79.907376,3,1,A0,AA-Other,False,True,False
1039412973,6.903319,79.910703,4,1,A0,AA-Other,False,True,False
1668906602,6.903328,79.910624,4,1,A0,AA-Other,False,True,False
1039421894,6.903384,79.910634,4,1,A0,AA-Other,False,True,False
1637717826,6.338512,80.02898,3,1,A2,AA-Other,False,True,False
3351203885,6.746419,81.193478,3,1,A4,AA-Other,False,True,False
1138324553,6.585421,79.960575,3,1,A2,AA-Other,False,True,False
1138325594,6.578664,79.962626,3,1,A2,AA-Other,False,True,False
1667080259,6.594047,79.959085,3,1,A2,AA-Other,False,True,False
7103760769,6.608372,79.952666,4,1,A2,AA-Other,False,True,False
10130181943,6.577606,79.963012,4,1,A2,AA-Other,False,True,False
1614298412,6.43034,79.999534,3,1,A2,AA-Other,False,True,False
1139248145,5.993739,80.307603,3,1,A2,AA-Other,False,True,False
7094563039,5.993724,80.307724,3,1,A2,AA-Other,False,True,False
1674485421,6.028388,80.243207,3,1,A2,AA-Other,False,True,False
1642975181,9.438046,80.407626,3,1,A9,AA-Other,False,True,False
2835617079,8.335098,80.410863,4,1,A12,AA-Other,False,True,False
1147026886,7.65624,81.740901,3,1,A4,AA-Other,False,True,False
1880354575,7.517431,81.787151,3,1,A4,AA-Other,False,True,False
1883639101,7.661943,81.740424,3,1,A4,AA-Other,False,True,False
1147030351,7.672213,81.733975,3,1,A4,AA-Other,False,True,False
2145571047,6.938233,80.993915,3,1,A5,AA-Other,False,True,False
4136824665,9.662098,80.081465,3,2,A32;A9,AA-AA,True,True,False
1862815989,6.918239,80.098665,3,1,A4,AA-Other,False,True,False
1181395615,5.974402,80.435461,3,1,A2,AA-Other,False,True,False
3279700855,5.974232,80.438144,3,1,A2,AA-Other,False,True,False
1397099240,5.973791,80.432812,3,1,A2,AA-Other,False,True,False
1401472757,8.324067,80.414093,3,1,A13,AA-Other,False,True,False
3215382447,6.989024,80.494261,3,1,A7,AA-Other,False,True,False
11765244590,6.726109,80.033887,3,1,A8,AA-Other,False,True,False
1231840374,5.99928,80.519579,3,1,A24,AA-Other,False,True,False
1812292194,6.009469,80.517544,4,1,A24,AA-Other,False,True,False
3621305202,5.997291,80.519229,3,1,A24,AA-Other,False,True,False
1231840774,5.958534,80.529994,3,1,A24,AA-Other,False,True,False
12625589426,5.970849,80.520457,3,1,A24,AA-Other,False,True,False
1231840785,5.957476,80.530865,3,1,A24,AA-Other,False,True,False
1235750064,6.910483,79.888007,3,1,A0,AA-Other,False,True,False
1235750071,6.910872,79.887489,3,1,A0,AA-Other,False,True,False
1428448780,6.910735,79.887772,6,1,A0,AA-Other,False,True,False
1235814824,8.366649,81.003282,3,1,A6,AA-Other,False,True,False
2094947243,8.448462,81.057976,3,1,A6,AA-Other,False,True,False
1239435066,7.619476,80.246502,3,1,A10,AA-Other,False,True,False
2902101196,7.619627,80.246228,4,1,A10,AA-Other,False,True,False
1247060927,7.615686,80.249159,3,1,A10,AA-Other,False,True,False
1239435069,7.619892,80.24593,4,1,A10,AA-Other,False,True,False
2186928769,7.620061,80.245849,3,1,A10,AA-Other,False,True,False
1239436241,7.55189,80.302431,3,1,A10,AA-Other,False,True,False
1239436268,7.582436,80.280332,3,1,A10,AA-Other,False,True,False
3066364711,7.522634,80.32963,3,1,A10,AA-Other,False,True,False
1239489670,7.335148,80.300249,3,1,A19,AA-Other,False,True,False
3174892783,7.335389,80.300183,4,2,A19;A6,AA-AA,True,True,False
1239489675,7.334825,80.300324,3,1,A19,AA-Other,False,True,False
5319762817,7.334169,80.300157,3,1,A19,AA-Other,False,True,False
1239489695,7.335151,80.300395,3,1,A19,AA-Other,False,True,False
1239489717,7.335436,80.300262,4,2,A19;A6,AA-AA,True,True,False
1239568660,7.656036,80.221169,3,1,A28,AA-Other,False,True,False
6511383104,7.655731,80.221035,3,1,A28,AA-Other,False,True,False
1239651798,7.821804,80.249958,4,1,A28,AA-Other,False,True,False
1239725256,7.920857,80.239384,3,1,A28,AA-Other,False,True,False
2638058713,7.993992,80.269467,3,1,A28,AA-Other,False,True,False
1241520208,8.000537,80.924476,3,1,A11,AA-Other,False,True,False
2285202897,8.039304,80.905625,3,1,A11,AA-Other,False,True,False
1241527366,7.920714,81.042118,3,1,A11,AA-Other,False,True,False
9322671515,7.920974,81.041846,3,1,A11,AA-Other,False,True,False
2304485540,7.905759,81.12581,3,1,A11,AA-Other,False,True,False
1241527372,7.932301,81.031736,3,1,A11,AA-Other,False,True,False
9394230354,7.935456,81.02738,3,1,A11,AA-Other,False,True,False
1242694031,8.587214,81.206514,3,2,A12;A6,AA-AA,True,True,False
4139418521,8.587268,81.206204,3,2,A12;A6,AA-AA,True,True,False
4139420762,8.587347,81.214732,3,1,A6,AA-Other,False,True,False
1242695993,8.606612,81.178688,3,1,A12,AA-Other,False,True,False
3805434522,8.587504,81.206283,3,1,A12,AA-Other,False,True,False
1242700513,8.613748,81.174342,3,1,A12,AA-Other,False,True,False
1242703950,8.617962,81.162739,3,1,A12,AA-Other,False,True,False
2093935801,8.59926,80.923129,3,1,A12,AA-Other,False,True,False
1242715443,8.564315,81.159946,3,1,A6,AA-Other,False,True,False
1242786013,8.500273,81.094674,3,1,A6,AA-Other,False,True,False
1242795111,8.577276,81.224688,3,1,A6,AA-Other,False,True,False
1242795099,8.580088,81.223504,3,1,A6,AA-Other,False,True,False
13929460688,8.580258,81.223398,3,1,A6,AA-Other,False,True,False
1242795139,8.58174,81.222097,3,1,A6,AA-Other,False,True,False
4139440649,8.580579,81.223168,3,1,A6,AA-Other,False,True,False
1245043305,9.632342,80.148381,3,1,A32,AA-Other,False,True,False
4136824661,9.661908,80.081922,3,1,A32,AA-Other,False,True,False
4137314888,9.504385,80.212027,3,1,A32,AA-Other,False,True,False
3774582589,6.849483,79.866038,3,1,A2,AA-Other,False,True,False
1249855906,6.809861,79.883026,4,1,A2,AA-Other,False,True,False
1268335758,7.2055,79.851271,4,1,A3,AA-Other,False,True,False
2155584783,7.20088,79.853413,4,1,A3,AA-Other,False,True,False
1269994723,7.192592,79.857141,3,1,A3,AA-Other,False,True,False
4087054265,7.198369,79.854536,3,1,A3,AA-Other,False,True,False
1274137040,6.911226,79.849672,3,1,A2,AA-Other,False,True,False
1278003886,6.79743,79.888472,3,1,A2,AA-Other,False,True,False
1278003887,6.788162,79.885018,3,1,A2,AA-Other,False,True,False
2361900638,6.795038,79.887774,3,1,A2,AA-Other,False,True,False
1278079600,6.911644,79.864386,3,1,A0,AA-Other,False,True,False
3164356590,6.911851,79.864441,3,1,A0,AA-Other,False,True,False
1280044911,6.911745,79.858662,3,1,A0,AA-Other,False,True,False
1278079633,6.911618,79.864403,3,1,A0,AA-Other,False,True,False
1278079635,6.912019,79.858136,3,1,A0,AA-Other,False,True,False
1278086414,7.081734,79.890889,4,1,A3,AA-Other,False,True,False
2507098828,7.081829,79.890908,4,1,A3,AA-Other,False,True,False
2155580115,7.080854,79.890786,3,2,A3;A33,AA-AA,True,True,False
1307336317,6.911737,79.858184,3,1,A0,AA-Other,False,True,False
1280044917,6.911836,79.857678,3,1,A0,AA-Other,False,True,False
6524681177,6.911894,79.856566,3,2,A0;A4,AA-AA,True,True,False
1280869010,6.932483,79.846142,3,1,A4,AA-Other,False,True,False
665241266,6.93259,79.845966,4,1,A4,AA-Other,False,True,False
1280869013,6.932894,79.846176,4,1,A4,AA-Other,False,True,False
1282529649,5.988533,80.323848,3,1,A2,AA-Other,False,True,False
5352929666,5.988445,80.324,3,1,A2,AA-Other,False,True,False
6277534245,6.911678,79.858155,3,1,A0,AA-Other,False,True,False
1307348559,6.911089,79.881758,4,1,A0,AA-Other,False,True,False
2131864641,6.911075,79.882049,3,1,A0,AA-Other,False,True,False
1331893829,6.971267,80.76704,3,1,A5,AA-Other,False,True,False
3820002302,6.971699,80.766844,3,1,A5,AA-Other,False,True,False
3815809876,6.967776,80.767569,3,1,A5,AA-Other,False,True,False
2035811614,6.97174,80.766972,3,1,A5,AA-Other,False,True,False
1428650220,6.097527,80.884747,3,1,A2,AA-Other,False,True,False
1346379037,6.911666,79.858014,3,1,A0,AA-Other,False,True,False
1364655117,5.962978,80.409663,3,1,A2,AA-Other,False,True,False
1640240442,5.964984,80.391081,3,1,A2,AA-Other,False,True,False
1397140981,5.963262,80.409749,3,1,A2,AA-Other,False,True,False
3935855296,5.968791,80.422123,3,1,A2,AA-Other,False,True,False
1397147766,5.968495,80.41586,3,1,A2,AA-Other,False,True,False
3935855297,5.968838,80.42193,3,1,A2,AA-Other,False,True,False
5169879074,8.030183,79.831097,3,1,A10,AA-Other,False,True,False
1400433849,8.030226,79.831487,3,1,A12,AA-Other,False,True,False
5169879054,8.030122,79.831224,3,1,A12,AA-Other,False,True,False
1400433850,8.030731,79.853453,3,1,A12,AA-Other,False,True,False
4140943341,8.030545,79.853809,4,1,A12,AA-Other,False,True,False
1401456407,8.307447,80.326105,3,1,A12,AA-Other,False,True,False
1401456461,8.326774,80.359768,3,1,A12,AA-Other,False,True,False
2093612570,8.283674,80.262399,3,1,A12,AA-Other,False,True,False
7185588314,8.327259,80.360514,3,1,A12,AA-Other,False,True,False
1401472808,8.324204,80.413878,3,1,A13,AA-Other,False,True,False
12118609956,8.326451,80.410708,3,1,A13,AA-Other,False,True,False
1401472937,8.326696,80.410245,3,1,A13,AA-Other,False,True,False
12118609958,8.326964,80.409969,3,1,A13,AA-Other,False,True,False
1401472941,8.326696,80.410515,3,1,A13,AA-Other,False,True,False
1401473045,8.328676,80.407405,3,1,A13,AA-Other,False,True,False
11743149450,8.328839,80.407292,3,1,A13,AA-Other,False,True,False
1401473049,8.328671,80.407688,3,1,A13,AA-Other,False,True,False
11572133444,8.328419,80.407902,3,1,A13,AA-Other,False,True,False
1401473103,8.331535,80.402769,3,1,A12,AA-Other,False,True,False
1401473132,8.331875,80.402882,3,1,A12,AA-Other,False,True,False
13567087001,8.321369,80.395134,3,1,A12,AA-Other,False,True,False
1425700953,6.788,79.884953,3,1,A2,AA-Other,False,True,False
1420351659,6.442182,79.992523,3,1,A2,AA-Other,False,True,False
1420351935,6.45895,79.986996,3,1,A2,AA-Other,False,True,False
2083533106,6.476741,79.982948,3,1,A2,AA-Other,False,True,False
3448778696,6.78036,79.883414,3,1,A2,AA-Other,False,True,False
1427371818,7.2051,80.174078,3,1,A1,AA-Other,False,True,False
1427371952,7.224032,80.194524,3,1,A1,AA-Other,False,True,False
3699494976,6.110028,80.931975,3,1,A2,AA-Other,False,True,False
1428665347,6.213844,80.944329,3,1,A18,AA-Other,False,True,False
1985676796,6.253384,80.913274,3,1,A18,AA-Other,False,True,False
3699457435,6.199152,80.945129,3,1,A18,AA-Other,False,True,False
6947814997,6.905157,79.90555,3,1,A0,AA-Other,False,True,False
1429213459,6.908504,79.898645,3,1,A0,AA-Other,False,True,False
1446610177,6.714477,79.98904,4,1,A8,AA-Other,False,True,False
2079215806,6.706804,79.937219,3,1,A8,AA-Other,False,True,False
1453000665,9.314066,80.697783,3,1,A35,AA-Other,False,True,False
4136994000,9.313861,80.696709,3,1,A35,AA-Other,False,True,False
1453000766,9.316223,80.70596,3,1,A35,AA-Other,False,True,False
5217538839,9.262575,80.811265,3,2,A34;A35,AA-AA,True,True,False
1457319623,9.223624,80.788888,3,1,A34,AA-Other,False,True,False
6281782186,9.23207,80.805216,3,1,A34,AA-Other,False,True,False
3679319579,9.154131,80.650038,3,1,A34,AA-Other,False,True,False
3849049823,7.081037,79.890751,3,1,A3,AA-Other,False,True,False
1475786189,6.972209,79.885857,3,1,A3,AA-Other,False,True,False
4693290695,7.266298,79.860404,3,1,A3,AA-Other,False,True,False
1506183874,6.032912,80.214919,4,1,A2,AA-Other,False,True,False
3377393479,6.032655,80.216678,3,1,A2,AA-Other,False,True,False
1535398426,7.500049,80.348554,3,1,A10,AA-Other,False,True,False
3064572227,7.490034,80.359705,3,1,A10,AA-Other,False,True,False
3066364582,7.517814,80.333711,3,1,A10,AA-Other,False,True,False
1535398451,7.476914,80.376832,3,1,A10,AA-Other,False,True,False
4067964375,7.478357,80.374147,3,1,A10,AA-Other,False,True,False
4067967894,7.47377,80.390458,3,1,A10,AA-Other,False,True,False
1541715354,7.715317,81.6983,4,1,A15,AA-Other,False,True,False
2382030363,7.717926,81.698891,3,1,A15,AA-Other,False,True,False
1545169133,7.250719,81.854407,3,1,A4,AA-Other,False,True,False
3316015809,7.331085,81.846953,3,1,A4,AA-Other,False,True,False
3302172264,7.233337,81.851665,3,1,A4,AA-Other,False,True,False
1571011417,7.092734,79.990235,3,1,A33,AA-Other,False,True,False
1599036622,5.966833,80.453116,3,1,A2,AA-Other,False,True,False
3279700971,5.973749,80.439039,3,1,A2,AA-Other,False,True,False
6542960916,5.963722,80.456251,3,1,A2,AA-Other,False,True,False
1617989288,6.278414,80.040258,3,1,A2,AA-Other,False,True,False
1779605042,6.313753,80.035123,3,1,A2,AA-Other,False,True,False
1636603514,6.037926,80.250808,3,1,A17,AA-Other,False,True,False
6492863077,6.037818,80.250401,3,1,A17,AA-Other,False,True,False
3365313019,5.965078,80.390989,3,1,A2,AA-Other,False,True,False
7042347620,9.43655,80.407655,3,2,A35;A9,AA-AA,True,True,False
1650097492,5.944643,80.550332,3,1,A2,AA-Other,False,True,False
4885745120,5.944602,80.549931,4,1,A2,AA-Other,False,True,False
1692793167,7.867437,80.650707,3,1,A9,AA-Other,False,True,False
1651774095,7.864842,80.644226,3,1,A6,AA-Other,False,True,False
6218784870,7.865998,80.645042,3,1,A6,AA-Other,False,True,False
7103753926,6.608252,79.952671,3,1,A2,AA-Other,False,True,False
3081634069,6.029552,80.241845,3,1,A2,AA-Other,False,True,False
1674509938,5.966015,80.382544,3,1,A2,AA-Other,False,True,False
10575124012,5.965588,80.383516,3,1,A2,AA-Other,False,True,False
1675667180,7.729732,81.677396,4,1,A15,AA-Other,False,True,False
1899261664,7.72851,81.684132,3,1,A15,AA-Other,False,True,False
13743364556,7.784987,81.591193,3,2,A15;A5,AA-AA,True,True,False
1676479570,6.87863,79.871646,3,1,A4,AA-Other,False,True,False
6277491043,6.87853,79.872032,3,1,A4,AA-Other,False,True,False
1681115626,7.727309,81.685646,3,1,A15,AA-Other,False,True,False
6495299632,7.727096,81.685881,3,1,A15,AA-Other,False,True,False
1683151514,6.875491,79.86094,4,1,A2,AA-Other,False,True,False
1683151517,6.875558,79.860917,3,1,A2,AA-Other,False,True,False
1683151516,6.875518,79.861028,4,1,A2,AA-Other,False,True,False
7085684184,6.870771,79.862101,3,1,A2,AA-Other,False,True,False
9565952987,6.878261,79.860119,3,1,A2,AA-Other,False,True,False
1684344771,7.292199,81.672288,4,1,A27,AA-Other,False,True,False
1684401699,7.2937,81.672183,3,1,A27,AA-Other,False,True,False
2082247583,7.291275,81.672436,3,1,A27,AA-Other,False,True,False
1684401661,7.296468,81.672021,3,1,A27,AA-Other,False,True,False
2082247570,7.301417,81.670538,3,1,A27,AA-Other,False,True,False
1684534472,7.292694,81.685559,3,1,A31,AA-Other,False,True,False
11715824051,7.292155,81.683168,3,1,A31,AA-Other,False,True,False
1684534495,7.291701,81.680485,3,1,A31,AA-Other,False,True,False
2082247577,7.291167,81.678364,3,1,A31,AA-Other,False,True,False
1684534497,7.292505,81.687057,3,1,A25,AA-Other,False,True,False
1685409301,7.265409,81.695605,3,1,A25,AA-Other,False,True,False
11715824039,7.292599,81.68699,3,1,A25,AA-Other,False,True,False
1684534499,7.29405,81.692658,3,1,A31,AA-Other,False,True,False
1792802761,7.331081,81.742322,3,1,A31,AA-Other,False,True,False
11715824054,7.292723,81.68743,3,1,A31,AA-Other,False,True,False
1684534503,7.291838,81.68189,3,1,A31,AA-Other,False,True,False
1691633509,7.291813,81.681757,3,1,A31,AA-Other,False,True,False
1684534515,7.292745,81.687055,4,2,A25;A31,AA-AA,True,True,False
13876145708,7.292634,81.687058,3,1,A25,AA-Other,False,True,False
11715824040,7.292754,81.687002,4,2,A25;A31,AA-AA,True,True,False
1685409092,7.246158,81.707646,3,1,A25,AA-Other,False,True,False
1979513531,7.252061,81.707928,3,1,A25,AA-Other,False,True,False
13901998344,7.235268,81.702585,3,1,A25,AA-Other,False,True,False
1685488386,7.227841,81.67304,3,1,A25,AA-Other,False,True,False
1877385011,7.129221,81.570395,3,1,A25,AA-Other,False,True,False
1685598193,8.53363,80.496038,3,1,A9,AA-Other,False,True,False
1981159934,8.553426,80.485874,3,1,A9,AA-Other,False,True,False
1732790481,8.45629,80.511031,3,1,A9,AA-Other,False,True,False
1685802576,8.444256,81.263606,3,1,A15,AA-Other,False,True,False
7051044595,8.50115,81.191811,3,1,A15,AA-Other,False,True,False
13914032191,8.444239,81.263759,3,1,A15,AA-Other,False,True,False
1685803214,8.325564,81.300808,3,1,A15,AA-Other,False,True,False
9394245013,8.325665,81.300641,4,1,A15,AA-Other,False,True,False
3377492839,8.315799,81.319513,3,1,A15,AA-Other,False,True,False
4911274821,7.871942,80.650991,3,1,A9,AA-Other,False,True,False
1694691156,6.682203,80.401018,3,1,A4,AA-Other,False,True,False
5300884107,6.680458,80.402248,3,1,A4,AA-Other,False,True,False
1694695673,6.680277,80.407319,3,1,A4,AA-Other,False,True,False
5299485480,6.679506,80.405227,3,1,A4,AA-Other,False,True,False
1708349295,6.648372,80.701215,3,1,A4,AA-Other,False,True,False
1828234049,6.6505,80.699166,3,1,A4,AA-Other,False,True,False
1708349377,6.647736,80.701263,3,1,A4,AA-Other,False,True,False
1708349356,6.653354,80.698245,3,1,A4,AA-Other,False,True,False
4891891444,6.653286,80.698218,3,1,A4,AA-Other,False,True,False
1708362766,6.653654,80.69835,3,1,A4,AA-Other,False,True,False
1708349359,6.653106,80.698135,3,1,A4,AA-Other,False,True,False
1828217445,6.652302,80.697902,3,1,A4,AA-Other,False,True,False
1708349370,6.647187,80.701398,3,1,A4,AA-Other,False,True,False
4891891342,6.647404,80.701284,3,1,A4,AA-Other,False,True,False
4851094548,6.606276,80.611103,3,1,A4,AA-Other,False,True,False
6228139618,6.647556,80.701338,3,1,A4,AA-Other,False,True,False
1708362825,6.656089,80.699264,3,1,A4,AA-Other,False,True,False
2077442148,6.668529,80.716475,3,1,A4,AA-Other,False,True,False
1709997728,6.719646,80.785679,3,1,A4,AA-Other,False,True,False
1709997745,6.719666,80.785883,3,1,A4,AA-Other,False,True,False
1712467077,6.76694,80.84677,3,1,A4,AA-Other,False,True,False
1720491739,6.760291,81.247046,4,1,A4,AA-Other,False,True,False
2401225758,6.80775,81.294509,3,1,A4,AA-Other,False,True,False
1720902666,6.202636,81.196581,3,1,A2,AA-Other,False,True,False
1722823167,6.807354,81.297848,3,1,A4,AA-Other,False,True,False
1809805397,6.854211,81.338475,3,2,A22;A4,AA-AA,True,True,False
1723290054,6.410874,80.796384,3,1,A18,AA-Other,False,True,False
3145257097,6.410731,80.796574,3,1,A18,AA-Other,False,True,False
4045295806,6.48045,80.702287,3,1,A18,AA-Other,False,True,False
1723700615,6.715236,80.385173,3,1,A4,AA-Other,False,True,False
1750944667,6.705758,80.38514,3,1,A4,AA-Other,False,True,False
3937818079,6.7155,80.384866,3,1,A4,AA-Other,False,True,False
1725053695,7.09031,81.825266,3,1,A4,AA-Other,False,True,False
2231309667,7.216594,81.852179,3,1,A4,AA-Other,False,True,False
4067142493,6.878183,81.828979,3,1,A4,AA-Other,False,True,False
1725061738,7.922938,81.513765,3,1,A15,AA-Other,False,True,False
3899387299,7.916053,81.520739,3,1,A15,AA-Other,False,True,False
6685478667,7.945233,81.506743,3,1,A15,AA-Other,False,True,False
1725061816,7.946047,81.52176,3,1,A15,AA-Other,False,True,False
9567743870,7.945347,81.507254,3,1,A15,AA-Other,False,True,False
1725061828,7.946596,81.522271,3,1,A15,AA-Other,False,True,False
3813344287,7.4243,80.616627,3,1,A9,AA-Other,False,True,False
1728748120,8.75425,80.49812,4,1,A9,AA-Other,False,True,False
3753591917,8.754674,80.498351,3,1,A9,AA-Other,False,True,False
1728748206,8.756067,80.501216,3,1,A29,AA-Other,False,True,False
5156577888,8.640862,80.669765,3,1,A29,AA-Other,False,True,False
3753591216,8.758955,80.500266,3,1,A29,AA-Other,False,True,False
1728838958,8.761376,80.498631,3,2,A30;A9,AA-AA,True,True,False
7085505934,8.761249,80.498768,3,2,A30;A9,AA-AA,True,True,False
6538140524,8.964809,80.525455,3,1,A9,AA-Other,False,True,False
1728838995,8.761218,80.498069,3,1,A30,AA-Other,False,True,False
1729992697,8.762965,80.489135,3,1,A30,AA-Other,False,True,False
6661265112,8.762077,80.459344,3,1,A30,AA-Other,False,True,False
12620876473,8.027838,79.8298,3,1,A3,AA-Other,False,True,False
1731470200,8.025942,79.847014,3,1,A10,AA-Other,False,True,False
4140985755,8.025912,79.847188,3,1,A10,AA-Other,False,True,False
4140985756,8.029848,79.831418,3,1,A10,AA-Other,False,True,False
3649870415,7.628532,79.822589,3,1,A3,AA-Other,False,True,False
1732626393,8.868216,80.01523,3,1,A14,AA-Other,False,True,False
1732626412,8.834387,80.050819,3,1,A14,AA-Other,False,True,False
6250328435,8.936618,79.923736,3,1,A14,AA-Other,False,True,False
1971685346,8.77194,80.152282,3,1,A14,AA-Other,False,True,False
1732642149,8.749919,80.183496,3,2,A14;A30,AA-AA,True,True,False
2085159352,8.622586,80.340686,3,1,A14,AA-Other,False,True,False
1732649294,8.6122,80.360345,3,1,A14,AA-Other,False,True,False
1981159938,8.553615,80.485246,3,1,A14,AA-Other,False,True,False
1886079221,8.441616,80.506476,3,2,A20;A9,AA-AA,True,True,False
1735981103,9.436373,80.407658,3,2,A35;A9,AA-AA,True,True,False
7042347624,9.436367,80.40793,3,1,A35,AA-Other,False,True,False
7042347632,9.436304,80.407659,3,2,A35;A9,AA-AA,True,True,False
1737618827,6.623221,80.543197,3,1,A18,AA-Other,False,True,False
4851072866,6.623388,80.543115,3,1,A18,AA-Other,False,True,False
1740742111,8.550102,80.832647,3,2,A12;A29,AA-AA,True,True,False
5576657112,8.549289,80.831806,3,1,A12,AA-Other,False,True,False
3492721845,8.625369,80.701488,3,1,A29,AA-Other,False,True,False
1744448774,6.255775,81.227061,3,1,A2,AA-Other,False,True,False
13689191650,6.297848,81.236812,3,1,A2,AA-Other,False,True,False
1745895523,5.928286,80.589433,3,1,A2,AA-Other,False,True,False
1813587322,5.962138,80.655974,3,1,A2,AA-Other,False,True,False
1750869639,6.534034,80.593143,3,2,A17;A18,AA-AA,True,True,False
1780055690,6.475484,80.609966,3,1,A17,AA-Other,False,True,False
1751015081,6.572153,80.573789,3,1,A18,AA-Other,False,True,False
3937837967,6.705506,80.384932,3,1,A4,AA-Other,False,True,False
2152800360,6.582981,80.573333,3,1,A18,AA-Other,False,True,False
1751020481,6.717905,80.383656,3,1,A4,AA-Other,False,True,False
3937818139,6.716033,80.384906,3,1,A4,AA-Other,False,True,False
2149942832,6.744869,80.379086,3,1,A4,AA-Other,False,True,False
1780055679,6.475205,80.609676,3,1,A17,AA-Other,False,True,False
2017404189,6.438615,80.635538,3,1,A17,AA-Other,False,True,False
1783942571,7.340242,80.994761,3,1,A26,AA-Other,False,True,False
4814119812,7.340226,80.994503,4,1,A26,AA-Other,False,True,False
1783942945,7.359782,81.057806,3,1,A26,AA-Other,False,True,False
10130033784,7.3852,81.073918,3,1,A26,AA-Other,False,True,False
1783974992,7.383205,81.228194,3,2,A26;A5,AA-AA,True,True,False
10016226413,7.383154,81.228134,3,2,A26;A5,AA-AA,True,True,False
10016226406,7.383448,81.228424,3,1,A5,AA-Other,False,True,False
1791337297,6.854541,81.338323,3,1,A22,AA-Other,False,True,False
1979375863,6.889912,81.298339,3,1,A22,AA-Other,False,True,False
1945675344,6.854383,81.338564,3,2,A22;A4,AA-AA,True,True,False
2902881148,7.365151,81.789023,3,1,A31,AA-Other,False,True,False
1792802797,7.370189,81.812141,3,1,A31,AA-Other,False,True,False
1792802798,7.362136,81.803981,3,1,A31,AA-Other,False,True,False
3316122472,7.376874,81.838561,3,1,A31,AA-Other,False,True,False
12761661747,7.362027,81.803669,3,1,A31,AA-Other,False,True,False
1795321756,6.707858,79.908386,3,1,A2,AA-Other,False,True,False
4663255502,6.710489,79.907456,3,1,A2,AA-Other,False,True,False
1795321763,6.704554,79.909547,3,1,A2,AA-Other,False,True,False
1795321908,6.701964,79.91078,3,1,A2,AA-Other,False,True,False
1795321973,6.687568,79.918331,3,1,A2,AA-Other,False,True,False
2340037600,6.691257,79.916587,3,1,A2,AA-Other,False,True,False
1795322023,6.697772,79.913135,3,1,A2,AA-Other,False,True,False
2079240023,6.69857,79.912881,3,1,A2,AA-Other,False,True,False
1795322086,6.694238,79.91472,3,1,A2,AA-Other,False,True,False
2347147693,6.694366,79.914677,4,1,A2,AA-Other,False,True,False
2079537942,6.743879,80.176735,3,1,A8,AA-Other,False,True,False
1796922874,6.738416,80.183735,3,1,A8,AA-Other,False,True,False
5264919265,6.73982,80.273725,3,1,A8,AA-Other,False,True,False
1797964180,6.953222,80.212372,3,2,A4;A7,AA-AA,True,True,False
1803663804,6.953947,80.211186,3,1,A4,AA-Other,False,True,False
3491135824,6.953077,80.212563,3,1,A7,AA-Other,False,True,False
1797964206,6.954101,80.210447,3,1,A4,AA-Other,False,True,False
2141873197,6.933472,80.188013,3,1,A4,AA-Other,False,True,False
1807810047,7.784909,81.590777,4,1,A5,AA-Other,False,True,False
4959610635,7.54591,81.377528,3,2,A27;A5,AA-AA,True,True,False
1809637851,7.324836,80.625802,4,1,A9,AA-Other,False,True,False
3804182781,7.325249,80.626158,4,1,A9,AA-Other,False,True,False
1809637872,7.324708,80.6257,4,1,A9,AA-Other,False,True,False
1809805271,6.347619,81.19641,3,1,A2,AA-Other,False,True,False
2404061091,6.361169,81.181062,3,1,A2,AA-Other,False,True,False
3674901134,6.346344,81.197787,3,1,A2,AA-Other,False,True,False
1809805500,6.871946,81.350079,3,1,A4,AA-Other,False,True,False
2418603897,6.872643,81.350514,3,1,A4,AA-Other,False,True,False
3622789896,6.924593,81.353348,3,1,A4,AA-Other,False,True,False
3279650334,5.964576,80.691641,3,1,A2,AA-Other,False,True,False
1818583225,6.110028,80.932039,3,1,A2,AA-Other,False,True,False
1985676681,6.113641,80.991506,3,2,A18;A2,AA-AA,True,True,False
1822627568,6.577584,79.962858,3,1,A2,AA-Other,False,True,False
4891890160,6.652203,80.697964,3,1,A4,AA-Other,False,True,False
1830490073,7.163024,80.572852,3,1,A5,AA-Other,False,True,False
5273425373,7.166652,80.572612,3,1,A5,AA-Other,False,True,False
4142250033,7.161858,80.573537,3,1,A5,AA-Other,False,True,False
1834981477,7.068186,80.685793,3,1,A5,AA-Other,False,True,False
3254670926,7.057647,80.697677,3,1,A5,AA-Other,False,True,False
1840750860,6.991134,79.939418,4,1,A1,AA-Other,False,True,False
2966142458,7.001698,79.950867,3,1,A1,AA-Other,False,True,False
1841475983,6.028264,80.794777,3,1,A2,AA-Other,False,True,False
3960797183,6.028473,80.794716,3,1,A2,AA-Other,False,True,False
1847947584,7.272492,79.86393,3,1,A3,AA-Other,False,True,False
13625281401,7.256584,80.588816,3,1,A5,AA-Other,False,True,False
1856812802,7.292759,80.240513,3,1,A6,AA-Other,False,True,False
6209749472,7.294033,80.240591,3,1,A6,AA-Other,False,True,False
2083007739,7.292576,80.240484,3,1,A6,AA-Other,False,True,False
1862815981,6.91836,80.098745,3,1,A4,AA-Other,False,True,False
1863416592,6.935144,79.871651,4,1,A1,AA-Other,False,True,False
3307476616,6.934287,79.866089,3,1,A1,AA-Other,False,True,False
1863416596,6.935226,79.871649,3,1,A1,AA-Other,False,True,False
1863456297,6.934954,79.853766,3,1,A1,AA-Other,False,True,False
3073676023,6.93425,79.855372,3,1,A1,AA-Other,False,True,False
3693930754,7.032961,81.531789,3,1,A25,AA-Other,False,True,False
1879056247,7.415278,81.825623,3,1,A4,AA-Other,False,True,False
2661675127,7.41524,81.82565,3,1,A4,AA-Other,False,True,False
2661675134,7.417336,81.824132,3,1,A4,AA-Other,False,True,False
1879056356,7.412768,81.827195,3,1,A4,AA-Other,False,True,False
3320202231,7.413287,81.826936,3,1,A4,AA-Other,False,True,False
3316122451,7.377188,81.838799,3,1,A4,AA-Other,False,True,False
1880354577,7.513959,81.787992,3,1,A4,AA-Other,False,True,False
1880414150,8.392376,81.293424,3,1,A15,AA-Other,False,True,False
7100451968,8.444031,81.263778,3,1,A15,AA-Other,False,True,False
9428150314,8.325792,81.300485,3,1,A15,AA-Other,False,True,False
1880627764,8.358256,80.510904,4,1,A12,AA-Other,False,True,False
8032417732,8.358374,80.511421,3,1,A12,AA-Other,False,True,False
2833604332,8.357516,80.498402,3,1,A12,AA-Other,False,True,False
1880627813,8.356627,80.510664,3,1,A9,AA-Other,False,True,False
8032417735,8.358223,80.511799,3,1,A9,AA-Other,False,True,False
3518417590,8.274489,80.500223,3,1,A9,AA-Other,False,True,False
1880627815,8.359727,80.511454,3,1,A9,AA-Other,False,True,False
2093935800,8.427131,80.503054,3,1,A9,AA-Other,False,True,False
8032417734,8.358694,80.511679,3,1,A9,AA-Other,False,True,False
1881982667,8.640586,80.670344,3,1,A29,AA-Other,False,True,False
5156577885,8.640793,80.669908,3,1,A29,AA-Other,False,True,False
7262802916,7.672174,81.733926,3,1,A4,AA-Other,False,True,False
13749558430,8.441418,80.506412,4,2,A20;A9,AA-AA,True,True,False
1886079226,8.441316,80.506007,3,1,A20,AA-Other,False,True,False
13749558417,8.441434,80.506172,3,1,A20,AA-Other,False,True,False
1886464452,8.988136,80.045271,3,1,A32,AA-Other,False,True,False
2093613917,9.188831,80.126553,3,1,A32,AA-Other,False,True,False
2079870063,8.950267,79.967208,3,1,A32,AA-Other,False,True,False
1889362399,7.534486,79.820799,3,1,A3,AA-Other,False,True,False
3649878436,7.576103,79.79597,3,1,A3,AA-Other,False,True,False
1889362430,7.48305,79.826104,3,1,A3,AA-Other,False,True,False
2842889275,7.470303,79.828588,3,1,A3,AA-Other,False,True,False
1895649423,7.87676,81.540931,3,1,A15,AA-Other,False,True,False
2565428392,7.907992,81.533974,3,1,A15,AA-Other,False,True,False
1895831908,7.785172,81.590952,3,1,A15,AA-Other,False,True,False
4212767857,7.785088,81.591057,3,2,A15;A5,AA-AA,True,True,False
1908190206,6.932346,79.84639,3,1,A4,AA-Other,False,True,False
3354483657,6.909218,79.896822,3,1,A0,AA-Other,False,True,False
3664895152,6.960526,79.880814,3,1,A3,AA-Other,False,True,False
1945604950,6.983712,81.067087,3,1,A5,AA-Other,False,True,False
1945605121,6.931346,81.140519,3,1,A5,AA-Other,False,True,False
3298069926,6.984695,81.060421,3,1,A5,AA-Other,False,True,False
13872342556,6.935743,81.160121,3,1,A5,AA-Other,False,True,False
1945644699,6.935622,81.160214,3,1,A5,AA-Other,False,True,False
3527283166,6.939648,81.175411,3,2,A22;A5,AA-AA,True,True,False
1971623281,8.354531,80.442824,3,1,A12,AA-Other,False,True,False
2833604333,8.357516,80.497407,3,1,A12,AA-Other,False,True,False
5055655471,8.355966,80.41827,3,1,A12,AA-Other,False,True,False
1974694446,7.339325,80.989904,3,1,A26,AA-Other,False,True,False
1974698432,7.339047,80.989121,3,1,A26,AA-Other,False,True,False
3822754793,7.340105,80.992316,3,1,A26,AA-Other,False,True,False
1974698353,7.340295,80.994505,3,1,A26,AA-Other,False,True,False
1974698416,7.338587,80.987855,3,1,A26,AA-Other,False,True,False
10065277058,7.336853,80.98323,3,1,A26,AA-Other,False,True,False
1976110894,7.780831,80.104778,3,1,A10,AA-Other,False,True,False
13700965134,7.750383,80.115651,3,1,A10,AA-Other,False,True,False
4913504514,7.80839,80.076525,3,1,A10,AA-Other,False,True,False
1979346418,7.160784,81.225431,3,1,A5,AA-Other,False,True,False
2401185742,7.200778,81.238209,3,1,A5,AA-Other,False,True,False
2398925514,7.155367,81.224055,3,1,A5,AA-Other,False,True,False
6685173555,6.890054,81.296219,3,1,A22,AA-Other,False,True,False
1979513536,7.2279,81.673236,3,1,A25,AA-Other,False,True,False
1980552009,7.349207,80.615292,3,1,A9,AA-Other,False,True,False
1980566512,7.234683,80.262506,3,1,A1,AA-Other,False,True,False
1980566518,7.234707,80.262604,3,1,A1,AA-Other,False,True,False
13811688268,7.235412,80.310051,3,1,A1,AA-Other,False,True,False
1981147403,7.88513,80.651621,4,2,A6;A9,AA-AA,True,True,False
7927509189,7.941783,80.630079,3,1,A9,AA-Other,False,True,False
1981147409,8.042247,80.596123,3,1,A9,AA-Other,False,True,False
3518425514,8.040939,80.59708,3,1,A9,AA-Other,False,True,False
4137378450,8.553629,80.485686,3,1,A9,AA-Other,False,True,False
4137378456,8.55373,80.485606,3,1,A14,AA-Other,False,True,False
1981159944,8.554117,80.485521,3,1,A9,AA-Other,False,True,False
4137378462,8.553841,80.485692,3,1,A9,AA-Other,False,True,False
7085697362,8.750756,80.496927,3,1,A9,AA-Other,False,True,False
1981183266,8.76103,80.49901,3,1,A9,AA-Other,False,True,False
2407760102,8.7598,80.499946,3,1,A9,AA-Other,False,True,False
2835617074,8.335051,80.410957,4,1,A12,AA-Other,False,True,False
4838849617,6.12262,81.023863,3,1,A2,AA-Other,False,True,False
3147021776,6.332653,80.855506,3,1,A18,AA-Other,False,True,False
1986887586,6.122629,81.025116,3,1,A2,AA-Other,False,True,False
8726439508,6.120491,81.06636,3,1,A2,AA-Other,False,True,False
1990178209,8.276143,80.240149,3,1,A12,AA-Other,False,True,False
2093612506,8.238706,80.144478,3,1,A12,AA-Other,False,True,False
2001999485,7.531156,81.356083,3,1,A5,AA-Other,False,True,False
2011981296,6.955391,81.031488,3,2,A16;A5,AA-AA,True,True,False
5190957525,6.95633,81.031993,3,1,A5,AA-Other,False,True,False
10166776387,6.929274,81.041589,3,1,A16,AA-Other,False,True,False
2015265415,7.072766,80.269546,3,1,A21,AA-Other,False,True,False
6509327434,7.072886,80.269222,3,1,A21,AA-Other,False,True,False
3514826047,7.082731,80.302407,3,1,A21,AA-Other,False,True,False
2015265450,7.023275,80.261278,3,1,A7,AA-Other,False,True,False
2021573972,7.010036,80.262042,3,1,A7,AA-Other,False,True,False
3217150039,7.023536,80.261333,3,1,A7,AA-Other,False,True,False
4267522204,6.336958,80.558938,3,1,A17,AA-Other,False,True,False
2087260972,6.971279,80.265238,3,1,A7,AA-Other,False,True,False
2024988651,7.49489,80.378206,3,1,A6,AA-Other,False,True,False
3172043469,7.494048,80.376017,3,1,A6,AA-Other,False,True,False
2025020177,7.547868,80.449803,3,1,A6,AA-Other,False,True,False
2093606919,7.561399,80.459032,3,1,A6,AA-Other,False,True,False
2552014491,6.820274,80.985056,3,1,A16,AA-Other,False,True,False
2026114935,6.90493,80.911799,3,1,A5,AA-Other,False,True,False
2028303897,7.027139,79.980774,3,1,A1,AA-Other,False,True,False
4787694002,7.034923,79.990603,3,1,A1,AA-Other,False,True,False
3600553588,7.011667,79.966702,3,1,A1,AA-Other,False,True,False
2034206073,6.887752,79.86445,3,1,A4,AA-Other,False,True,False
3820002325,6.971772,80.766795,3,1,A5,AA-Other,False,True,False
3820002304,6.971869,80.766859,3,1,A5,AA-Other,False,True,False
2051320917,7.984959,80.720659,3,1,A6,AA-Other,False,True,False
2732633603,7.929433,80.687194,3,1,A6,AA-Other,False,True,False
4397554917,8.039794,80.755382,3,1,A6,AA-Other,False,True,False
2055564960,7.351645,80.95028,3,1,A26,AA-Other,False,True,False
10065277052,7.336808,80.983044,3,1,A26,AA-Other,False,True,False
3203303832,7.278725,80.81007,3,1,A26,AA-Other,False,True,False
2057045370,6.990817,81.054316,3,1,A5,AA-Other,False,True,False
8736765754,6.989844,81.056922,4,1,A5,AA-Other,False,True,False
2057046125,6.988799,81.049137,3,1,A5,AA-Other,False,True,False
2155634710,7.219375,79.845358,4,1,A3,AA-Other,False,True,False
2066330708,6.911317,79.877443,4,1,A0,AA-Other,False,True,False
3150421787,6.911316,79.877536,4,1,A0,AA-Other,False,True,False
7030921398,6.839461,79.976469,3,1,A4,AA-Other,False,True,False
2068162900,6.839581,79.976085,3,1,A4,AA-Other,False,True,False
7030921386,6.839592,79.976403,3,1,A4,AA-Other,False,True,False
2074229848,7.267664,80.576232,3,1,A1,AA-Other,False,True,False
2907684935,7.267536,80.575924,3,1,A1,AA-Other,False,True,False
2078328569,7.265438,80.584078,3,1,A1,AA-Other,False,True,False
2078322240,7.294086,80.649867,3,1,A26,AA-Other,False,True,False
13676334893,7.290996,80.647158,3,1,A26,AA-Other,False,True,False
8605932100,7.294224,80.649976,4,1,A26,AA-Other,False,True,False
2910325921,7.2643,80.586744,3,1,A1,AA-Other,False,True,False
2078972805,7.721618,81.702846,3,1,A4,AA-Other,False,True,False
2078949382,7.720376,81.701205,3,1,A4,AA-Other,False,True,False
2079053667,7.714294,81.697762,3,1,A15,AA-Other,False,True,False
2079053698,7.712449,81.699281,3,1,A15,AA-Other,False,True,False
2364192267,7.713915,81.698068,3,1,A15,AA-Other,False,True,False
2339285633,6.712387,79.908363,3,1,A8,AA-Other,False,True,False
12109482771,6.664006,79.930517,3,1,A2,AA-Other,False,True,False
2340036296,6.69951,79.912582,3,1,A2,AA-Other,False,True,False
2079240044,6.695784,79.913904,3,1,A2,AA-Other,False,True,False
2079870056,8.945224,79.9235,3,1,A14,AA-Other,False,True,False
6250328436,8.936754,79.923653,3,1,A14,AA-Other,False,True,False
2079870057,8.945694,79.923496,3,1,A14,AA-Other,False,True,False
4137190998,8.976879,79.914066,3,1,A14,AA-Other,False,True,False
3492878507,8.945119,79.923952,3,1,A32,AA-Other,False,True,False
2082215258,7.719946,81.701077,3,1,A4,AA-Other,False,True,False
2382030373,7.718023,81.699012,3,1,A4,AA-Other,False,True,False
2646389088,7.333249,81.65669,3,1,A27,AA-Other,False,True,False
2082247572,7.291106,81.672489,3,1,A31,AA-Other,False,True,False
2082247579,7.291268,81.672295,3,1,A27,AA-Other,False,True,False
3662474355,7.466011,80.623476,4,1,A9,AA-Other,False,True,False
10130181979,6.559237,79.969222,3,1,A2,AA-Other,False,True,False
5841721869,7.072985,80.269119,3,1,A21,AA-Other,False,True,False
2093608215,7.75958,80.571028,4,1,A6,AA-Other,False,True,False
3522149875,7.759712,80.571142,4,1,A6,AA-Other,False,True,False
2093610826,8.057604,79.961275,3,1,A12,AA-Other,False,True,False
2959495457,8.136779,80.043709,3,1,A12,AA-Other,False,True,False
2840975728,8.160957,80.299831,3,1,A28,AA-Other,False,True,False
2093612347,8.209755,80.107278,3,1,A12,AA-Other,False,True,False
2093612778,8.467625,80.73477,3,1,A12,AA-Other,False,True,False
3204549182,8.477538,80.746002,3,1,A12,AA-Other,False,True,False
3204562797,8.426406,80.688161,3,1,A12,AA-Other,False,True,False
4137314869,9.503818,80.211968,3,1,A32,AA-Other,False,True,False
2093935572,8.362102,80.522637,3,1,A12,AA-Other,False,True,False
8032417733,8.358513,80.511994,3,1,A12,AA-Other,False,True,False
13749558419,8.4412,80.506347,3,1,A9,AA-Other,False,True,False
2094554407,8.215073,80.33973,3,1,A28,AA-Other,False,True,False
2837518575,8.236198,80.350621,3,1,A28,AA-Other,False,True,False
2840975747,8.161587,80.300328,3,1,A28,AA-Other,False,True,False
2105382093,6.93339,79.85641,3,1,A1,AA-Other,False,True,False
5372968715,6.933767,79.846893,3,2,A1;A4,AA-AA,True,True,False
2105405964,6.933471,79.856482,3,1,A1,AA-Other,False,True,False
3937903239,6.931984,79.85897,3,1,A1,AA-Other,False,True,False
3343547728,7.338845,80.557549,3,1,A10,AA-Other,False,True,False
2145113802,7.248826,80.343609,3,1,A21,AA-Other,False,True,False
3794035028,7.252924,80.343195,4,2,A1;A21,AA-AA,True,True,False
3219914005,7.248547,80.343733,3,1,A21,AA-Other,False,True,False
2145113863,7.207284,80.36325,3,1,A21,AA-Other,False,True,False
3221200523,7.21158,80.361565,3,1,A21,AA-Other,False,True,False
3221213836,7.174131,80.361924,3,1,A21,AA-Other,False,True,False
2145219371,6.90704,81.559373,3,1,A25,AA-Other,False,True,False
6685195536,6.906771,81.559396,3,1,A25,AA-Other,False,True,False
8421010098,6.77697,80.366349,3,1,A4,AA-Other,False,True,False
2152800248,6.583156,80.573314,3,1,A18,AA-Other,False,True,False
2152800385,6.583283,80.573259,3,1,A18,AA-Other,False,True,False
2152921941,6.583124,80.57324,3,1,A18,AA-Other,False,True,False
2155579750,7.131182,79.876262,4,1,A3,AA-Other,False,True,False
2155634707,7.091864,79.88852,3,1,A3,AA-Other,False,True,False
2155579905,7.02176,79.899638,4,1,A3,AA-Other,False,True,False
3851226779,7.015368,79.898415,3,1,A3,AA-Other,False,True,False
2155580074,7.079299,79.890706,3,1,A3,AA-Other,False,True,False
12509374263,7.051767,79.896692,3,1,A3,AA-Other,False,True,False
2155580113,7.047762,79.897122,4,1,A3,AA-Other,False,True,False
2155580125,7.08137,79.890895,3,1,A3,AA-Other,False,True,False
3849049820,7.081141,79.890842,4,2,A3;A33,AA-AA,True,True,False
2155580131,7.086592,79.89049,3,1,A3,AA-Other,False,True,False
2684604208,7.0818,79.890977,3,1,A3,AA-Other,False,True,False
4087054250,7.198562,79.85453,3,1,A3,AA-Other,False,True,False
2155584793,7.192615,79.857209,4,1,A3,AA-Other,False,True,False
2506028803,7.157362,79.871109,3,1,A3,AA-Other,False,True,False
2155584797,7.219348,79.845446,3,1,A3,AA-Other,False,True,False
2155584835,7.214303,79.847247,4,1,A3,AA-Other,False,True,False
2155634701,6.985652,79.889133,4,1,A3,AA-Other,False,True,False
4426787286,6.981259,79.88813,3,1,A3,AA-Other,False,True,False
2155634708,7.086984,79.890377,3,1,A3,AA-Other,False,True,False
13684572987,7.086873,79.890411,4,1,A3,AA-Other,False,True,False
5804555891,7.219483,79.845392,4,1,A3,AA-Other,False,True,False
2155666096,7.198523,79.854543,3,1,A3,AA-Other,False,True,False
2155672282,6.290936,80.546578,3,1,A17,AA-Other,False,True,False
2155827812,6.295428,80.542738,3,1,A17,AA-Other,False,True,False
3203084587,6.279225,80.546972,3,1,A17,AA-Other,False,True,False
2155827775,6.2601,80.492288,3,1,A17,AA-Other,False,True,False
3211908158,6.201054,80.474104,3,1,A17,AA-Other,False,True,False
2190965493,6.100484,80.477547,4,1,A17,AA-Other,False,True,False
1239435091,7.619976,80.246013,3,1,A10,AA-Other,False,True,False
6511383114,7.655319,80.221054,3,1,A10,AA-Other,False,True,False
2190932692,6.196302,80.468726,3,1,A17,AA-Other,False,True,False
3445493696,6.103546,80.476055,3,1,A17,AA-Other,False,True,False
2190965800,6.101437,80.47688,3,1,A17,AA-Other,False,True,False
7103763194,7.216833,81.851798,3,1,A4,AA-Other,False,True,False
2247695870,6.87829,79.876477,4,1,A4,AA-Other,False,True,False
2247695871,6.878192,79.876778,3,1,A4,AA-Other,False,True,False
2279244474,7.942227,81.013248,3,1,A11,AA-Other,False,True,False
9394230350,7.940831,81.018016,3,1,A11,AA-Other,False,True,False
7024993693,7.942511,81.01072,3,1,A11,AA-Other,False,True,False
2288824399,7.939601,81.000249,3,1,A11,AA-Other,False,True,False
6685478661,7.945317,81.506625,3,1,A11,AA-Other,False,True,False
2340032516,6.684644,79.919872,3,1,A2,AA-Other,False,True,False
2337932210,7.250131,80.443008,3,1,A1,AA-Other,False,True,False
3226211756,7.251768,80.445891,3,1,A1,AA-Other,False,True,False
3224668762,7.25175,80.435535,3,1,A1,AA-Other,False,True,False
2338839291,7.252187,80.446842,3,1,A1,AA-Other,False,True,False
3718488871,7.251197,80.449881,3,1,A1,AA-Other,False,True,False
2339285632,6.714121,79.907588,3,1,A2,AA-Other,False,True,False
2339297860,6.712438,79.907538,4,2,A2;A8,AA-AA,True,True,False
2339297862,6.712324,79.907542,4,2,A2;A8,AA-AA,True,True,False
7037793029,6.710658,79.907509,3,1,A2,AA-Other,False,True,False
2339297865,6.712432,79.907426,4,1,A2,AA-Other,False,True,False
2339297871,6.722955,79.907147,3,1,A2,AA-Other,False,True,False
2339297873,6.712313,79.907436,4,1,A2,AA-Other,False,True,False
2339297877,6.725099,79.906654,3,1,A2,AA-Other,False,True,False
2339297881,6.72296,79.907231,3,1,A2,AA-Other,False,True,False
2339365433,6.72086,79.907446,3,1,A2,AA-Other,False,True,False
2339326606,6.726723,79.905369,3,1,A2,AA-Other,False,True,False
2339326610,6.726758,79.905294,3,1,A2,AA-Other,False,True,False
2339326619,6.726684,79.905374,3,1,A2,AA-Other,False,True,False
2340032514,6.695812,79.913965,4,1,A2,AA-Other,False,True,False
2340032515,6.707871,79.908462,3,1,A2,AA-Other,False,True,False
2340032521,6.704593,79.90961,3,1,A2,AA-Other,False,True,False
2340037594,6.686677,79.918813,3,1,A2,AA-Other,False,True,False
2340032539,6.702012,79.910846,3,1,A2,AA-Other,False,True,False
2340032526,6.687575,79.918382,3,1,A2,AA-Other,False,True,False
2340037602,6.686711,79.918875,3,1,A2,AA-Other,False,True,False
2340032530,6.698592,79.912952,3,1,A2,AA-Other,False,True,False
2340037601,6.697791,79.9132,3,1,A2,AA-Other,False,True,False
2340036297,6.699526,79.912631,3,1,A2,AA-Other,False,True,False
2340037597,6.694265,79.914764,3,1,A2,AA-Other,False,True,False
2340037598,6.691287,79.916648,3,1,A2,AA-Other,False,True,False
2362937346,7.437798,80.338315,3,1,A6,AA-Other,False,True,False
3785620361,7.395507,80.321703,3,1,A6,AA-Other,False,True,False
3064600110,7.473104,80.35168,3,1,A6,AA-Other,False,True,False
2079053722,7.714071,81.697745,3,1,A15,AA-Other,False,True,False
2364192275,7.714167,81.697869,3,1,A15,AA-Other,False,True,False
2366743826,7.272274,79.864056,3,1,A3,AA-Other,False,True,False
4693290694,7.266227,79.860435,4,1,A3,AA-Other,False,True,False
2375441056,7.253628,79.854868,4,1,A3,AA-Other,False,True,False
6688367855,7.253036,79.853697,3,1,A3,AA-Other,False,True,False
2382030370,7.717956,81.698988,3,1,A15,AA-Other,False,True,False
9427844828,7.715286,81.698374,4,1,A15,AA-Other,False,True,False
2382030398,7.71811,81.698944,3,1,A4,AA-Other,False,True,False
2078949358,7.720318,81.701057,3,1,A4,AA-Other,False,True,False
2382076796,7.28129,80.666501,3,1,A26,AA-Other,False,True,False
5286754885,7.154992,81.223921,3,1,A5,AA-Other,False,True,False
2398934524,7.112818,81.211368,3,1,A5,AA-Other,False,True,False
4837295492,7.135066,81.218834,3,1,A5,AA-Other,False,True,False
2400768904,6.895616,81.23636,3,1,A22,AA-Other,False,True,False
10016226414,7.383068,81.228,3,1,A5,AA-Other,False,True,False
2544591508,6.36123,81.181006,3,1,A2,AA-Other,False,True,False
2407608224,7.093108,80.004321,3,1,A33,AA-Other,False,True,False
8933799511,7.091867,80.000365,3,1,A33,AA-Other,False,True,False
6266383660,8.759589,80.500089,3,1,A9,AA-Other,False,True,False
2418603889,6.873071,81.350552,3,1,A4,AA-Other,False,True,False
11169238186,6.872887,81.350669,3,1,A4,AA-Other,False,True,False
4071257599,6.872809,81.35058,3,1,A4,AA-Other,False,True,False
2499038749,6.838646,79.979823,3,1,A4,AA-Other,False,True,False
2499283524,6.9721,79.885869,4,1,A3,AA-Other,False,True,False
5216483982,6.971797,79.885618,3,1,A3,AA-Other,False,True,False
2499283525,6.972152,79.885808,3,1,A3,AA-Other,False,True,False
2499287720,6.967856,79.901503,4,1,A1,AA-Other,False,True,False
3780516724,6.96794,79.901555,3,1,A1,AA-Other,False,True,False
2505983167,6.955744,79.883989,4,1,A1,AA-Other,False,True,False
2509007852,7.15709,79.871197,4,1,A3,AA-Other,False,True,False
2507098804,7.081708,79.890958,3,1,A3,AA-Other,False,True,False
7037741108,7.086823,79.890345,3,1,A3,AA-Other,False,True,False
2508106197,7.155891,79.871547,3,1,A3,AA-Other,False,True,False
3805872959,7.139648,79.874782,3,1,A3,AA-Other,False,True,False
3268563915,7.156376,79.871408,4,1,A3,AA-Other,False,True,False
2523753994,6.789333,80.970359,3,1,A16,AA-Other,False,True,False
2558293072,7.308686,80.637276,3,1,A9,AA-Other,False,True,False
6509196188,7.308246,80.637224,4,1,A9,AA-Other,False,True,False
6685474060,7.908204,81.533812,3,1,A15,AA-Other,False,True,False
2568176828,5.976349,80.518525,3,1,A24,AA-Other,False,True,False
2568176881,5.976228,80.518545,3,1,A24,AA-Other,False,True,False
2568176862,5.97596,80.518458,3,1,A24,AA-Other,False,True,False
3398081271,5.976218,80.518437,4,1,A24,AA-Other,False,True,False
12625589425,5.970874,80.520513,3,1,A24,AA-Other,False,True,False
7409403107,8.977721,79.913535,3,1,A14,AA-Other,False,True,False
2608995079,6.938035,80.661434,3,1,A7,AA-Other,False,True,False
2828629366,6.93824,80.661468,3,1,A7,AA-Other,False,True,False
2638058705,7.995456,80.270175,3,1,A28,AA-Other,False,True,False
8279649724,7.995647,80.270397,3,1,A28,AA-Other,False,True,False
4396503415,7.995592,80.270575,3,1,A28,AA-Other,False,True,False
3649840867,7.363096,81.635868,3,1,A27,AA-Other,False,True,False
2662800973,7.712382,81.710225,3,1,A4,AA-Other,False,True,False
13740014576,7.712439,81.710224,3,1,A4,AA-Other,False,True,False
2722759262,5.97685,80.51835,3,1,A24,AA-Other,False,True,False
13367298684,5.995286,80.519468,3,1,A24,AA-Other,False,True,False
2731988159,7.873928,80.650875,3,1,A6,AA-Other,False,True,False
4903819699,7.872989,80.650265,3,1,A6,AA-Other,False,True,False
2731988170,7.873827,80.651153,3,1,A9,AA-Other,False,True,False
6289622879,7.874077,80.651088,4,2,A6;A9,AA-AA,True,True,False
2731988196,7.87435,80.651057,3,1,A9,AA-Other,False,True,False
2731988214,7.874181,80.651252,3,1,A9,AA-Other,False,True,False
4911274820,7.871937,80.651066,3,1,A9,AA-Other,False,True,False
2731988222,7.874116,80.65117,3,1,A6,AA-Other,False,True,False
2822277593,7.939713,81.000795,3,1,A11,AA-Other,False,True,False
2823998635,7.089599,80.035866,3,1,A1,AA-Other,False,True,False
2854966358,7.09847,80.041466,3,1,A1,AA-Other,False,True,False
2833604324,8.35747,80.497898,3,1,A12,AA-Other,False,True,False
2833604323,8.357468,80.498014,3,1,A12,AA-Other,False,True,False
2833604339,8.357584,80.4979,3,1,A12,AA-Other,False,True,False
2833604338,8.357582,80.498016,3,1,A12,AA-Other,False,True,False
2833604877,8.411911,80.456933,3,1,A20,AA-Other,False,True,False
2833834344,8.355572,80.417982,3,1,A12,AA-Other,False,True,False
5055655450,8.355802,80.417941,3,1,A12,AA-Other,False,True,False
2833834360,8.35613,80.416829,3,1,A20,AA-Other,False,True,False
4137371245,8.355725,80.416834,4,1,A20,AA-Other,False,True,False
2835617071,8.334967,80.410807,4,1,A12,AA-Other,False,True,False
9041600946,8.23649,80.350734,3,1,A28,AA-Other,False,True,False
2837518594,8.236786,80.350973,3,1,A28,AA-Other,False,True,False
9041600940,8.236527,80.350883,3,1,A28,AA-Other,False,True,False
13564710647,8.320641,80.381314,3,1,A28,AA-Other,False,True,False
12815082889,8.161248,80.299969,3,1,A28,AA-Other,False,True,False
12815082884,8.161298,80.300158,3,1,A28,AA-Other,False,True,False
3658572657,7.41315,79.830876,3,1,A3,AA-Other,False,True,False
3270476305,7.10571,80.04457,3,1,A1,AA-Other,False,True,False
2902109603,7.61971,80.246293,3,1,A10,AA-Other,False,True,False
2902109607,7.619696,80.246122,3,1,A10,AA-Other,False,True,False
3204336190,7.619815,80.245998,4,1,A10,AA-Other,False,True,False
12761661750,7.362071,81.802634,3,1,A31,AA-Other,False,True,False
2907674340,7.267286,80.571508,3,1,A1,AA-Other,False,True,False
3226356899,7.265211,80.556544,3,1,A1,AA-Other,False,True,False
13625464816,7.265159,80.589068,3,1,A1,AA-Other,False,True,False
2920465482,7.376724,81.838905,3,1,A4,AA-Other,False,True,False
9406713271,7.376896,81.838787,3,1,A4,AA-Other,False,True,False
2966142356,6.991056,79.939415,3,1,A1,AA-Other,False,True,False
3816390084,6.978388,79.927534,3,1,A1,AA-Other,False,True,False
2966142456,7.001634,79.950909,4,1,A1,AA-Other,False,True,False
2966142462,7.001855,79.951146,3,1,A1,AA-Other,False,True,False
5559025503,7.00193,79.951312,4,1,A1,AA-Other,False,True,False
2966142464,7.001996,79.951466,4,1,A1,AA-Other,False,True,False
2966142468,7.002073,79.951688,3,1,A1,AA-Other,False,True,False
2966142485,7.002786,79.953551,4,1,A1,AA-Other,False,True,False
2966142476,7.002692,79.953553,3,1,A1,AA-Other,False,True,False
3345071368,7.001921,79.951501,3,1,A1,AA-Other,False,True,False
13662447481,7.002872,79.955699,3,1,A1,AA-Other,False,True,False
2966142501,7.003275,79.956497,3,1,A1,AA-Other,False,True,False
4784496254,7.00307,79.956334,6,1,A1,AA-Other,False,True,False
3021911951,7.298421,80.637017,4,1,A9,AA-Other,False,True,False
3218446414,7.306634,80.634554,4,1,A9,AA-Other,False,True,False
3033937986,7.266208,80.596125,3,1,A1,AA-Other,False,True,False
3810784671,7.267864,80.596816,3,1,A1,AA-Other,False,True,False
3064234194,7.37046,80.527814,3,1,A10,AA-Other,False,True,False
4394543338,7.37075,80.527641,3,1,A10,AA-Other,False,True,False
5239569079,7.343663,80.550324,3,1,A10,AA-Other,False,True,False
3064234503,7.432846,80.446494,3,1,A10,AA-Other,False,True,False
3064234504,7.432959,80.446281,3,1,A10,AA-Other,False,True,False
3586058707,7.37242,80.52599,3,1,A10,AA-Other,False,True,False
4905293870,7.488494,80.365557,4,1,A6,AA-Other,False,True,False
3064571979,7.486331,80.366905,3,1,A10,AA-Other,False,True,False
4067964377,7.478433,80.374004,3,1,A10,AA-Other,False,True,False
617806911,7.486646,80.366661,3,1,A10,AA-Other,False,True,False
9562328827,7.481617,80.360673,3,1,A6,AA-Other,False,True,False
4577768759,6.934214,79.855532,3,1,A1,AA-Other,False,True,False
3078591002,6.968524,79.910731,3,1,A1,AA-Other,False,True,False
6266871671,6.029604,80.241793,3,1,A2,AA-Other,False,True,False
3081634071,6.02938,80.242166,3,1,A2,AA-Other,False,True,False
3081634077,6.02961,80.241913,4,1,A2,AA-Other,False,True,False
3081634087,6.029666,80.24186,4,1,A2,AA-Other,False,True,False
3088508684,7.325174,80.626224,3,1,A9,AA-Other,False,True,False
3088508692,7.324819,80.625867,3,1,A9,AA-Other,False,True,False
3088508691,7.324716,80.625787,3,1,A9,AA-Other,False,True,False
7037556016,7.322549,80.625021,3,1,A9,AA-Other,False,True,False
3088508709,7.322305,80.624861,4,2,A10;A9,AA-AA,True,True,False
3088516296,7.322207,80.624772,3,1,A10,AA-Other,False,True,False
3088508720,7.322347,80.624795,3,2,A10;A9,AA-AA,True,True,False
3088508729,7.322392,80.624828,3,1,A9,AA-Other,False,True,False
3088508732,7.321947,80.624467,3,1,A10,AA-Other,False,True,False
3088508750,7.321894,80.624498,4,1,A10,AA-Other,False,True,False
3090559903,6.850908,80.264163,3,1,A4,AA-Other,False,True,False
3090460074,6.111107,80.124813,3,1,A2,AA-Other,False,True,False
8421010097,6.777088,80.366268,3,1,A4,AA-Other,False,True,False
3491138212,6.952533,80.213184,3,1,A7,AA-Other,False,True,False
3109024823,6.841251,79.965142,4,1,A4,AA-Other,False,True,False
5969036508,6.841355,79.96484,3,1,A4,AA-Other,False,True,False
3109068245,7.915573,81.521597,3,1,A15,AA-Other,False,True,False
3899387302,7.915743,81.521118,3,1,A15,AA-Other,False,True,False
3899387303,7.915853,81.521185,3,1,A15,AA-Other,False,True,False
6685474058,7.9084,81.533576,3,1,A15,AA-Other,False,True,False
3120470733,7.132348,80.32759,3,1,A21,AA-Other,False,True,False
3514813026,7.10503,80.335886,3,1,A21,AA-Other,False,True,False
3763282547,7.155532,80.368209,3,1,A21,AA-Other,False,True,False
3129331583,7.02349,80.261457,3,1,A7,AA-Other,False,True,False
3136299955,6.931944,79.846944,3,1,A4,AA-Other,False,True,False
259648440,6.927695,79.8498,3,1,A4,AA-Other,False,True,False
3136385191,6.934009,79.846439,3,2,A1;A4,AA-AA,True,True,False
3141171382,6.933962,79.84685,4,1,A1,AA-Other,False,True,False
3136385193,6.933526,79.846652,3,1,A4,AA-Other,False,True,False
3136385196,6.934036,79.847128,3,1,A1,AA-Other,False,True,False
3155986410,6.336686,80.845845,3,1,A18,AA-Other,False,True,False
10131009918,6.332904,80.855318,3,1,A18,AA-Other,False,True,False
3147058584,6.333951,80.854108,3,1,A18,AA-Other,False,True,False
3147058592,6.334072,80.853913,3,1,A18,AA-Other,False,True,False
3147058586,6.334179,80.853758,3,1,A18,AA-Other,False,True,False
3169826275,7.14918,80.58022,3,1,A5,AA-Other,False,True,False
4142250035,7.161725,80.573635,3,1,A5,AA-Other,False,True,False
3170533571,7.322348,80.624892,4,1,A9,AA-Other,False,True,False
6227950806,7.335273,80.300008,3,1,A6,AA-Other,False,True,False
3199600250,7.101239,79.910338,3,1,A33,AA-Other,False,True,False
3204336187,7.619908,80.246096,3,1,A10,AA-Other,False,True,False
2902101194,7.619796,80.246216,3,1,A10,AA-Other,False,True,False
3557522184,8.541812,80.823648,3,1,A12,AA-Other,False,True,False
3206095333,7.063978,80.011199,3,1,A1,AA-Other,False,True,False
4789587325,7.052423,80.004281,3,1,A1,AA-Other,False,True,False
3215585621,6.986899,80.444861,3,1,A7,AA-Other,False,True,False
3216973603,7.028901,80.294976,3,1,A7,AA-Other,False,True,False
3216973606,7.029014,80.294962,3,1,A7,AA-Other,False,True,False
3217149379,7.023448,80.261818,3,1,A7,AA-Other,False,True,False
3129331580,7.023505,80.261492,3,1,A7,AA-Other,False,True,False
3217150024,7.023639,80.261316,3,1,A21,AA-Other,False,True,False
3217150036,7.023624,80.261545,3,1,A7,AA-Other,False,True,False
3217232039,7.072974,80.2693,3,1,A21,AA-Other,False,True,False
4019244695,7.306904,80.634571,4,1,A9,AA-Other,False,True,False
3219884852,7.252995,80.343186,3,1,A1,AA-Other,False,True,False
3803143155,7.253512,80.348138,3,1,A1,AA-Other,False,True,False
3224489753,7.252824,80.342263,3,1,A1,AA-Other,False,True,False
3219885863,7.248339,80.343713,3,1,A21,AA-Other,False,True,False
4929241947,7.248221,80.343574,3,1,A21,AA-Other,False,True,False
3219914004,7.248522,80.34364,3,1,A21,AA-Other,False,True,False
4929241573,7.248708,80.343598,3,1,A21,AA-Other,False,True,False
3794028977,7.254567,80.352836,3,1,A1,AA-Other,False,True,False
3219994344,7.252174,80.339674,3,1,A1,AA-Other,False,True,False
4929242050,7.251408,80.335132,3,1,A1,AA-Other,False,True,False
3220121962,7.252744,80.341604,3,1,A1,AA-Other,False,True,False
3796385433,7.252766,80.342274,3,1,A1,AA-Other,False,True,False
3220016719,7.230864,80.350679,3,1,A21,AA-Other,False,True,False
3220025120,7.230559,80.350535,3,1,A21,AA-Other,False,True,False
4929241586,7.247822,80.343227,5,1,A21,AA-Other,False,True,False
3224468484,7.335621,80.300448,3,1,A6,AA-Other,False,True,False
3224468489,7.336914,80.301432,3,1,A6,AA-Other,False,True,False
3739999316,7.360669,80.307143,3,1,A6,AA-Other,False,True,False
3226275220,7.256992,80.518984,4,1,A1,AA-Other,False,True,False
3237492320,7.265554,80.552042,3,1,A1,AA-Other,False,True,False
3718488870,7.250956,80.450594,3,1,A1,AA-Other,False,True,False
3237492327,7.265649,80.552221,3,1,A1,AA-Other,False,True,False
3237363036,8.759459,80.499991,4,2,A29;A9,AA-AA,True,True,False
3237363045,8.75946,80.50015,3,2,A29;A9,AA-AA,True,True,False
4137095171,8.759301,80.500075,4,2,A29;A9,AA-AA,True,True,False
3237363047,8.759045,80.499942,3,1,A9,AA-Other,False,True,False
3252971709,7.081201,79.89107,3,1,A33,AA-Other,False,True,False
3268563914,7.156319,79.871281,3,1,A3,AA-Other,False,True,False
3268563916,7.157068,79.87105,3,1,A3,AA-Other,False,True,False
3271092634,7.229627,81.850749,4,1,A4,AA-Other,False,True,False
13695573497,5.974198,80.438227,3,1,A2,AA-Other,False,True,False
13695595627,5.973798,80.438322,3,1,A2,AA-Other,False,True,False
3289420399,7.092839,79.990381,3,1,A33,AA-Other,False,True,False
3797644308,7.092756,79.990642,3,1,A33,AA-Other,False,True,False
3289420454,7.092828,79.990238,3,1,A33,AA-Other,False,True,False
3302140237,7.21843,81.849664,3,1,A4,AA-Other,False,True,False
7103763200,7.221151,81.849912,3,1,A4,AA-Other,False,True,False
3302140241,7.218391,81.849764,3,1,A4,AA-Other,False,True,False
7103763193,7.216868,81.851822,3,1,A4,AA-Other,False,True,False
11765584301,7.229623,81.850794,3,1,A4,AA-Other,False,True,False
3316122459,7.376988,81.838837,3,1,A4,AA-Other,False,True,False
3316122455,7.376992,81.838751,3,1,A4,AA-Other,False,True,False
3316122462,7.37695,81.838849,3,1,A4,AA-Other,False,True,False
3316122466,7.376911,81.838753,3,1,A31,AA-Other,False,True,False
3316122454,7.376969,81.838737,3,1,A31,AA-Other,False,True,False
3336273920,8.043108,80.595821,3,1,A9,AA-Other,False,True,False
4914548524,8.093109,80.574388,3,1,A9,AA-Other,False,True,False
3336273922,8.04261,80.59597,3,1,A9,AA-Other,False,True,False
3340914298,6.927643,79.849896,3,1,A4,AA-Other,False,True,False
6537213315,6.927435,79.850295,3,1,A4,AA-Other,False,True,False
3345071370,7.001856,79.95135,3,1,A1,AA-Other,False,True,False
3350595478,7.291236,81.672478,3,1,A31,AA-Other,False,True,False
11715848170,7.291245,81.678353,4,1,A31,AA-Other,False,True,False
3355393375,6.911769,79.864678,3,1,A0,AA-Other,False,True,False
10682149765,6.91164,79.866911,3,1,A0,AA-Other,False,True,False
3364860604,5.948299,80.547909,3,1,A2,AA-Other,False,True,False
3364864049,5.948239,80.534931,3,1,A24,AA-Other,False,True,False
3410002327,5.94803,80.534923,4,1,A24,AA-Other,False,True,False
3364883416,5.948019,80.534892,4,1,A24,AA-Other,False,True,False
3815814909,6.967591,80.767568,3,1,A5,AA-Other,False,True,False
3398081272,5.976336,80.518429,4,1,A24,AA-Other,False,True,False
5771476347,5.97663,80.5184,3,1,A24,AA-Other,False,True,False
3403175022,6.955869,79.888018,5,1,A1,AA-Other,False,True,False
3422963193,7.290926,80.646996,3,1,A26,AA-Other,False,True,False
5375634189,7.288009,80.64725,3,1,A26,AA-Other,False,True,False
3431855593,6.955927,79.884079,3,1,A1,AA-Other,False,True,False
4621924226,6.95594,79.887974,3,1,A1,AA-Other,False,True,False
3431855654,6.956582,79.882931,3,1,A1,AA-Other,False,True,False
3431855630,6.955939,79.884018,3,1,A1,AA-Other,False,True,False
3431908601,6.972147,79.885917,4,1,A3,AA-Other,False,True,False
3474422106,9.662146,80.08162,3,2,A32;A9,AA-AA,True,True,False
3478101817,7.265873,80.596267,4,1,A1,AA-Other,False,True,False
3491135822,6.952964,80.212406,3,1,A4,AA-Other,False,True,False
5153486366,7.104056,80.335644,3,1,A21,AA-Other,False,True,False
3518418201,8.274186,80.500235,3,1,A9,AA-Other,False,True,False
3518418193,8.274076,80.500232,3,1,A9,AA-Other,False,True,False
3518418194,8.273746,80.500205,3,1,A9,AA-Other,False,True,False
3518418208,8.274041,80.500106,3,1,A9,AA-Other,False,True,False
3518418214,8.274223,80.5001,3,1,A13,AA-Other,False,True,False
3518418199,8.274232,80.500122,3,1,A9,AA-Other,False,True,False
3518418203,8.274099,80.500052,3,1,A13,AA-Other,False,True,False
3518425501,8.040808,80.597192,3,1,A9,AA-Other,False,True,False
5302260394,8.039941,80.598338,4,1,A9,AA-Other,False,True,False
3518425508,8.040872,80.596959,3,1,A9,AA-Other,False,True,False
7035050524,8.042221,80.596069,3,1,A9,AA-Other,False,True,False
3538149112,6.934315,79.865589,3,1,A1,AA-Other,False,True,False
619227153,6.933926,79.865974,3,1,A1,AA-Other,False,True,False
3538150718,6.932288,79.860376,3,1,A1,AA-Other,False,True,False
3538180787,6.932321,79.860481,4,1,A1,AA-Other,False,True,False
10268955041,6.932362,79.860645,3,1,A1,AA-Other,False,True,False
3556443371,6.932094,79.860738,4,1,A1,AA-Other,False,True,False
3799736775,6.931916,79.858961,3,1,A1,AA-Other,False,True,False
3556443375,6.932395,79.860944,3,1,A1,AA-Other,False,True,False
3557474363,8.039895,80.755354,3,1,A11,AA-Other,False,True,False
6540075345,8.089601,80.637998,3,1,A11,AA-Other,False,True,False
3575249194,7.481855,80.360892,4,1,A6,AA-Other,False,True,False
5248343532,7.481993,80.361017,3,1,A6,AA-Other,False,True,False
3871146838,7.166792,80.572435,4,1,A5,AA-Other,False,True,False
3594147916,5.944702,80.549885,3,1,A2,AA-Other,False,True,False
3697151657,5.944693,80.549952,3,1,A2,AA-Other,False,True,False
13663348779,7.011092,79.966389,4,1,A1,AA-Other,False,True,False
3600557544,7.002944,79.956234,3,1,A1,AA-Other,False,True,False
3618872658,7.271313,80.605372,3,1,A1,AA-Other,False,True,False
3780823908,7.271508,80.605407,3,1,A1,AA-Other,False,True,False
3645486728,7.439779,80.631744,3,1,A9,AA-Other,False,True,False
13367298677,5.996656,80.51934,3,1,A24,AA-Other,False,True,False
3637344649,6.152999,81.144711,3,1,A2,AA-Other,False,True,False
6248011188,6.153575,81.145849,3,1,A2,AA-Other,False,True,False
5289221658,7.379302,81.626625,3,1,A27,AA-Other,False,True,False
3649864139,7.576574,79.795816,4,1,A3,AA-Other,False,True,False
3649864144,7.576522,79.79561,3,1,A3,AA-Other,False,True,False
3649876602,7.576707,79.79537,3,1,A3,AA-Other,False,True,False
3649873087,7.578236,79.79435,3,1,A3,AA-Other,False,True,False
3649874915,7.577706,79.794387,4,1,A3,AA-Other,False,True,False
3649874902,7.577698,79.794258,3,1,A3,AA-Other,False,True,False
3649874906,7.577642,79.794265,3,1,A3,AA-Other,False,True,False
3649876603,7.576874,79.795363,3,1,A3,AA-Other,False,True,False
3649876604,7.576738,79.795315,3,1,A3,AA-Other,False,True,False
3649878435,7.576836,79.795471,3,1,A3,AA-Other,False,True,False
3649864133,7.576721,79.79572,3,1,A3,AA-Other,False,True,False
3649878439,7.576492,79.795653,3,1,A3,AA-Other,False,True,False
6695505199,7.272513,79.863976,4,1,A3,AA-Other,False,True,False
3658467161,7.346179,79.839839,3,1,A3,AA-Other,False,True,False
3658572654,7.412999,79.830886,3,1,A3,AA-Other,False,True,False
3662474376,7.465996,80.62337,4,1,A9,AA-Other,False,True,False
3664895173,6.9609,79.880878,3,1,A3,AA-Other,False,True,False
4426797157,6.963766,79.881639,3,1,A3,AA-Other,False,True,False
6286620946,9.154018,80.649896,3,1,A34,AA-Other,False,True,False
3697145064,5.944612,80.549862,4,1,A2,AA-Other,False,True,False
13695148146,5.944794,80.54879,3,1,A2,AA-Other,False,True,False
3718488874,7.251136,80.450005,3,1,A1,AA-Other,False,True,False
3730047332,6.906798,81.559661,3,1,A4,AA-Other,False,True,False
6685195539,6.90663,81.559407,3,1,A4,AA-Other,False,True,False
4067142483,6.878097,81.828906,3,1,A4,AA-Other,False,True,False
3737231765,7.123349,80.067147,3,1,A1,AA-Other,False,True,False
3742213227,6.89199,79.862554,3,1,A4,AA-Other,False,True,False
3742220438,6.890331,79.863723,3,1,A4,AA-Other,False,True,False
3742213226,6.891961,79.862466,4,1,A4,AA-Other,False,True,False
3742220440,6.890438,79.863778,4,1,A4,AA-Other,False,True,False
3742220437,6.89035,79.863801,4,1,A4,AA-Other,False,True,False
6277459304,6.88811,79.864331,4,1,A4,AA-Other,False,True,False
3742220439,6.890421,79.8637,3,1,A4,AA-Other,False,True,False
6266383668,8.759151,80.500154,3,1,A29,AA-Other,False,True,False
7085697358,8.754207,80.49826,4,1,A9,AA-Other,False,True,False
3770168315,7.090838,79.991998,3,1,A33,AA-Other,False,True,False
3799742997,7.091005,79.991598,3,1,A33,AA-Other,False,True,False
3770168316,7.090956,79.992175,3,1,A33,AA-Other,False,True,False
3780516705,6.967602,79.90132,3,1,A1,AA-Other,False,True,False
5197144868,6.967909,79.901623,3,1,A1,AA-Other,False,True,False
3781723165,6.934293,79.845036,3,1,A1,AA-Other,False,True,False
3803143156,7.253462,80.348144,3,1,A1,AA-Other,False,True,False
3797644263,7.092296,79.992303,3,1,A33,AA-Other,False,True,False
3797730069,7.091167,79.991688,4,1,A33,AA-Other,False,True,False
3797644275,7.092415,79.99225,3,1,A33,AA-Other,False,True,False
3289420390,7.092718,79.990382,3,1,A33,AA-Other,False,True,False
3799780749,7.091218,79.999476,3,1,A33,AA-Other,False,True,False
8933799512,7.091441,79.999809,3,1,A33,AA-Other,False,True,False
3799780753,7.090988,79.999357,3,1,A33,AA-Other,False,True,False
5139375451,7.266134,80.596441,4,1,A1,AA-Other,False,True,False
3822164769,6.87558,79.861008,4,1,A2,AA-Other,False,True,False
4814119777,7.340206,80.992892,4,1,A26,AA-Other,False,True,False
3825207097,6.931924,79.842193,3,1,A2,AA-Other,False,True,False
3355420037,6.934666,79.842766,3,1,A2,AA-Other,False,True,False
3836856289,7.383178,81.227773,3,1,A26,AA-Other,False,True,False
13431444645,7.38327,81.22802,3,1,A26,AA-Other,False,True,False
6540645130,6.990623,79.893253,3,1,A3,AA-Other,False,True,False
5319765722,7.329658,80.304102,3,1,A19,AA-Other,False,True,False
3871134706,7.166836,80.572346,3,1,A5,AA-Other,False,True,False
3899387301,7.915795,81.521032,3,1,A15,AA-Other,False,True,False
13907822736,7.915904,81.521096,3,1,A15,AA-Other,False,True,False
3927772236,7.072885,80.269201,3,1,A21,AA-Other,False,True,False
3937818066,6.715607,80.384988,3,1,A4,AA-Other,False,True,False
3937818093,6.715657,80.384813,3,1,A4,AA-Other,False,True,False
3937818064,6.715635,80.38498,3,1,A4,AA-Other,False,True,False
3937837841,6.705405,80.384809,3,1,A4,AA-Other,False,True,False
3937837843,6.70549,80.384934,3,1,A4,AA-Other,False,True,False
3937837959,6.705573,80.384844,3,1,A4,AA-Other,False,True,False
3945809610,6.841702,79.964625,3,1,A4,AA-Other,False,True,False
6292190587,6.841572,79.964893,3,1,A4,AA-Other,False,True,False
3960797187,6.028503,80.794843,3,1,A2,AA-Other,False,True,False
3964896717,6.910986,79.882053,3,1,A0,AA-Other,False,True,False
3983328377,7.2719,80.605874,3,1,A1,AA-Other,False,True,False
3983328743,7.271554,80.60561,3,1,A1,AA-Other,False,True,False
13671477050,7.293147,80.63317,3,1,A1,AA-Other,False,True,False
3983329767,7.271641,80.605507,3,1,A1,AA-Other,False,True,False
4004620069,7.293161,80.635143,3,1,A1,AA-Other,False,True,False
4004630079,7.293086,80.63531,3,1,A1,AA-Other,False,True,False
4004620076,7.293139,80.634927,3,1,A1,AA-Other,False,True,False
6324979463,7.293272,80.634742,3,1,A1,AA-Other,False,True,False
4004621090,7.293264,80.633433,3,1,A1,AA-Other,False,True,False
11367587826,7.293239,80.633374,3,1,A1,AA-Other,False,True,False
13615512124,7.293324,80.633608,3,1,A1,AA-Other,False,True,False
8936981953,7.293084,80.635983,3,1,A1,AA-Other,False,True,False
6260211179,6.881637,79.869795,3,1,A4,AA-Other,False,True,False
619195378,6.881868,79.869837,3,1,A4,AA-Other,False,True,False
4019244692,7.307013,80.634597,3,1,A9,AA-Other,False,True,False
8865864661,7.308231,80.637128,3,1,A9,AA-Other,False,True,False
4019244724,7.307042,80.634767,3,1,A9,AA-Other,False,True,False
4062722950,8.587237,81.215179,3,1,A6,AA-Other,False,True,False
4071257597,6.872773,81.350638,3,1,A4,AA-Other,False,True,False
4087054248,7.198719,79.854363,3,1,A3,AA-Other,False,True,False
4087054259,7.198519,79.85446,4,1,A3,AA-Other,False,True,False
6275242615,7.198576,79.854433,4,1,A3,AA-Other,False,True,False
4108748752,6.924352,80.606283,3,1,A7,AA-Other,False,True,False
5252242470,6.898145,80.592587,3,1,A7,AA-Other,False,True,False
4136824662,9.661981,80.081524,4,2,A32;A9,AA-AA,True,True,False
6538060317,9.313886,80.696435,4,1,A35,AA-Other,False,True,False
4136994005,9.313951,80.696461,3,1,A35,AA-Other,False,True,False
4136994008,9.31479,80.694085,3,1,A35,AA-Other,False,True,False
7042347643,9.436334,80.408012,3,1,A35,AA-Other,False,True,False
6545546146,9.313655,80.696229,4,1,A35,AA-Other,False,True,False
6266383664,8.759125,80.499988,3,1,A9,AA-Other,False,True,False
4137184213,8.977269,79.913686,3,1,A14,AA-Other,False,True,False
1661614342,8.977151,79.913756,3,1,A14,AA-Other,False,True,False
4137190999,8.977233,79.913819,3,1,A14,AA-Other,False,True,False
4137314878,9.504071,80.212155,3,1,A32,AA-Other,False,True,False
4137314871,9.503973,80.212238,3,1,A32,AA-Other,False,True,False
4137314881,9.504116,80.212163,3,1,A32,AA-Other,False,True,False
4137314887,9.50418,80.212263,3,1,A32,AA-Other,False,True,False
4137349471,8.320803,80.381545,3,1,A28,AA-Other,False,True,False
4137349478,8.320851,80.381474,4,2,A12;A28,AA-AA,True,True,False
13564710682,8.320998,80.381265,3,1,A12,AA-Other,False,True,False
4137349486,8.320941,80.381563,3,1,A12,AA-Other,False,True,False
4137353395,8.321251,80.381898,3,1,A12,AA-Other,False,True,False
4137349488,8.321198,80.381946,3,1,A12,AA-Other,False,True,False
4137349479,8.320861,80.381625,3,1,A12,AA-Other,False,True,False
4137353396,8.321285,80.382009,4,1,A12,AA-Other,False,True,False
4137359438,8.331577,80.403453,3,1,A13,AA-Other,False,True,False
1401473107,8.331782,80.403056,3,1,A13,AA-Other,False,True,False
8795417511,8.331964,80.403114,3,1,A12,AA-Other,False,True,False
5055655462,8.355911,80.417935,3,1,A20,AA-Other,False,True,False
4137378452,8.553648,80.485649,3,1,A14,AA-Other,False,True,False
4137378455,8.553698,80.485823,3,1,A9,AA-Other,False,True,False
4137378458,8.553769,80.485612,3,1,A9,AA-Other,False,True,False
6537569535,8.581856,81.18929,3,2,A15;A6,AA-AA,True,True,False
4062722959,8.587412,81.215111,3,1,A6,AA-Other,False,True,False
13929460698,8.580431,81.2234,3,1,A6,AA-Other,False,True,False
4139586563,8.327356,80.361091,3,1,A12,AA-Other,False,True,False
7185616200,8.32735,80.361196,3,1,A12,AA-Other,False,True,False
4140943337,8.030474,79.853643,4,1,A12,AA-Other,False,True,False
6509597375,7.992857,79.897487,3,1,A10,AA-Other,False,True,False
5169879067,8.030011,79.831139,3,1,A10,AA-Other,False,True,False
4147052689,6.989764,79.892563,3,1,A3,AA-Other,False,True,False
4152511797,6.990017,79.892808,3,1,A3,AA-Other,False,True,False
4177584094,7.281437,80.666471,3,1,A26,AA-Other,False,True,False
4197383649,6.91166,79.858123,3,1,A0,AA-Other,False,True,False
4231244458,7.101375,79.910352,3,1,A33,AA-Other,False,True,False
4365280289,6.830492,80.988894,3,1,A16,AA-Other,False,True,False
13850088952,6.830597,80.989235,3,1,A16,AA-Other,False,True,False
4365280295,6.830372,80.98881,3,1,A16,AA-Other,False,True,False
4388603896,6.95658,79.882698,3,1,A3,AA-Other,False,True,False
4406211219,8.161274,80.299967,3,1,A28,AA-Other,False,True,False
12815082893,8.161367,80.300054,3,1,A28,AA-Other,False,True,False
5216483990,6.972552,79.886275,3,1,A3,AA-Other,False,True,False
669218019,6.920939,79.846478,3,1,A2,AA-Other,False,True,False
7085654864,6.914579,79.848592,3,1,A2,AA-Other,False,True,False
4515020731,6.914136,79.848815,3,1,A2,AA-Other,False,True,False
4548513547,7.490378,80.365124,3,1,A6,AA-Other,False,True,False
4944052746,7.49288,80.366784,3,1,A6,AA-Other,False,True,False
4585299247,7.064004,80.011123,4,1,A1,AA-Other,False,True,False
7037793024,6.710654,79.907438,3,1,A2,AA-Other,False,True,False
6230792100,6.908746,79.895168,3,1,A0,AA-Other,False,True,False
7625469738,6.908345,79.893112,3,1,A0,AA-Other,False,True,False
6695505185,7.27245,79.863943,3,1,A3,AA-Other,False,True,False
4784496253,7.003224,79.956355,3,1,A1,AA-Other,False,True,False
6536506696,7.009449,79.965403,3,1,A1,AA-Other,False,True,False
4785723709,7.009419,79.965472,3,1,A1,AA-Other,False,True,False
4785723991,7.010825,79.966227,3,1,A1,AA-Other,False,True,False
4785724017,7.011034,79.966354,4,1,A1,AA-Other,False,True,False
4789587324,7.052459,80.004228,3,1,A1,AA-Other,False,True,False
4789942110,7.073283,80.016256,3,1,A1,AA-Other,False,True,False
5316468079,7.073206,80.016171,3,1,A1,AA-Other,False,True,False
4790000815,7.066471,80.012241,3,1,A1,AA-Other,False,True,False
6536495262,7.068717,80.01314,3,1,A1,AA-Other,False,True,False
4790001153,7.066652,80.012323,4,1,A1,AA-Other,False,True,False
5316437634,7.066608,80.0123,4,1,A1,AA-Other,False,True,False
4790019632,7.07334,80.0162,4,1,A1,AA-Other,False,True,False
4790030895,7.073636,80.016556,3,1,A1,AA-Other,False,True,False
4790019634,7.07327,80.016123,4,1,A1,AA-Other,False,True,False
4790030893,7.073585,80.016608,4,1,A1,AA-Other,False,True,False
4790030894,7.073705,80.016637,3,1,A1,AA-Other,False,True,False
4963408994,7.085983,80.033362,4,2,A1;A33,AA-AA,True,True,False
4790030896,7.073652,80.016689,4,1,A1,AA-Other,False,True,False
4807150323,7.877648,80.011018,3,1,A10,AA-Other,False,True,False
4807150339,7.877327,80.011249,3,1,A10,AA-Other,False,True,False
4807150337,7.877636,80.010852,3,1,A10,AA-Other,False,True,False
4807150338,7.877962,80.010618,3,1,A10,AA-Other,False,True,False
4807150328,7.877725,80.01093,4,1,A10,AA-Other,False,True,False
6509597376,7.992727,79.897623,3,1,A10,AA-Other,False,True,False
4807150333,7.877561,80.010926,4,1,A10,AA-Other,False,True,False
4814119737,7.340235,80.993991,3,1,A26,AA-Other,False,True,False
4814119780,7.340038,80.99301,4,1,A26,AA-Other,False,True,False
4814119747,7.340196,80.993019,4,1,A26,AA-Other,False,True,False
4814119803,7.340313,80.993995,4,1,A26,AA-Other,False,True,False
4814119752,7.340054,80.992871,4,1,A26,AA-Other,False,True,False
4814119802,7.340312,80.994084,4,1,A26,AA-Other,False,True,False
4814119811,7.340237,80.994088,3,1,A26,AA-Other,False,True,False
4851065488,6.623333,80.543383,3,1,A4,AA-Other,False,True,False
4851072864,6.623403,80.543188,3,1,A4,AA-Other,False,True,False
4851065502,6.62349,80.543157,3,1,A4,AA-Other,False,True,False
4851065496,6.62341,80.543094,3,1,A4,AA-Other,False,True,False
4851066124,6.623393,80.543178,3,1,A18,AA-Other,False,True,False
4851072874,6.623462,80.543193,3,1,A4,AA-Other,False,True,False
4881181012,7.698719,81.718192,3,1,A4,AA-Other,False,True,False
6495594259,7.683717,81.727014,3,1,A4,AA-Other,False,True,False
4903819698,7.873027,80.650196,3,1,A6,AA-Other,False,True,False
2731988138,7.874265,80.651004,3,1,A6,AA-Other,False,True,False
4903819843,7.86594,80.64513,3,1,A6,AA-Other,False,True,False
4903819840,7.864792,80.644294,4,1,A6,AA-Other,False,True,False
6218784867,7.860957,80.641969,3,1,A6,AA-Other,False,True,False
4944055432,7.487313,80.365143,3,1,A6,AA-Other,False,True,False
8014344204,8.126079,80.56312,3,1,A9,AA-Other,False,True,False
4929241911,7.248056,80.343256,4,1,A21,AA-Other,False,True,False
5237485234,7.2508,80.36813,3,1,A1,AA-Other,False,True,False
5237485233,7.250794,80.368069,3,1,A1,AA-Other,False,True,False
4929241932,7.248034,80.343197,4,1,A21,AA-Other,False,True,False
4944052730,7.494,80.375222,3,1,A6,AA-Other,False,True,False
9513937138,7.487109,80.365072,4,2,A10;A6,AA-AA,True,True,False
4944055507,7.48716,80.364719,3,1,A10,AA-Other,False,True,False
5248343437,7.488771,80.36202,4,1,A10,AA-Other,False,True,False
4944055508,7.487073,80.364967,4,2,A10;A6,AA-AA,True,True,False
4944055634,7.487134,80.364992,4,2,A10;A6,AA-AA,True,True,False
9568699369,7.487341,80.365072,3,1,A6,AA-Other,False,True,False
4963408990,7.086632,80.03246,3,1,A33,AA-Other,False,True,False
4963408992,7.086046,80.033431,4,2,A1;A33,AA-AA,True,True,False
4973240985,6.830686,80.989423,3,1,A16,AA-Other,False,True,False
5055655447,8.355823,80.417918,3,1,A20,AA-Other,False,True,False
8953454696,8.355651,80.416813,4,1,A20,AA-Other,False,True,False
5055655457,8.355921,80.418014,3,1,A12,AA-Other,False,True,False
5055655461,8.355813,80.41804,3,1,A12,AA-Other,False,True,False
5055655453,8.355839,80.418053,3,1,A12,AA-Other,False,True,False
5140888508,7.248124,80.343196,4,1,A21,AA-Other,False,True,False
3219914003,7.248384,80.343625,3,1,A21,AA-Other,False,True,False
5142136907,6.155039,81.148794,4,1,A2,AA-Other,False,True,False
5142136908,6.155003,81.14873,4,1,A2,AA-Other,False,True,False
5144316609,6.154924,81.148779,3,1,A2,AA-Other,False,True,False
6248011187,6.153512,81.145899,3,1,A2,AA-Other,False,True,False
5169879060,8.030186,79.831167,3,1,A12,AA-Other,False,True,False
5169879064,8.03007,79.831221,3,1,A10,AA-Other,False,True,False
5169879070,8.030063,79.831053,3,1,A10,AA-Other,False,True,False
5197144862,6.967766,79.902329,3,1,A1,AA-Other,False,True,False
5197144866,6.967826,79.901562,4,1,A1,AA-Other,False,True,False
6225766462,6.967299,79.901146,3,1,A1,AA-Other,False,True,False
5212489397,5.952619,80.535191,4,1,A24,AA-Other,False,True,False
5212489400,5.957534,80.530917,4,1,A24,AA-Other,False,True,False
5212490356,5.954874,80.533495,3,1,A24,AA-Other,False,True,False
5212490345,5.958578,80.530052,3,1,A24,AA-Other,False,True,False
6281776284,9.232151,80.805339,3,1,A34,AA-Other,False,True,False
5234940057,6.032509,80.216716,3,1,A2,AA-Other,False,True,False
12126721597,6.032811,80.214993,3,1,A2,AA-Other,False,True,False
5245953959,7.486682,80.36658,3,1,A10,AA-Other,False,True,False
5245953965,7.486743,80.366727,3,1,A10,AA-Other,False,True,False
5248343520,7.486814,80.364863,3,1,A6,AA-Other,False,True,False
3871146840,7.166695,80.57239,4,1,A5,AA-Other,False,True,False
5280287630,7.011124,79.966321,3,1,A1,AA-Other,False,True,False
5280287631,7.011067,79.966287,3,1,A1,AA-Other,False,True,False
5300890594,6.680343,80.402412,3,1,A4,AA-Other,False,True,False
5302260364,8.035156,80.599689,3,1,A9,AA-Other,False,True,False
3518425520,8.040696,80.597063,3,1,A9,AA-Other,False,True,False
5302260378,8.035185,80.599794,3,1,A9,AA-Other,False,True,False
5302260404,8.03478,80.599845,3,1,A9,AA-Other,False,True,False
5302260392,8.03989,80.598383,4,1,A9,AA-Other,False,True,False
5315984604,7.091212,79.996309,3,1,A33,AA-Other,False,True,False
5315984610,7.091163,79.997473,3,1,A33,AA-Other,False,True,False
5315984609,7.091144,79.99811,3,1,A33,AA-Other,False,True,False
3799780754,7.09109,79.999312,3,1,A33,AA-Other,False,True,False
5315988834,7.091594,79.994863,3,1,A33,AA-Other,False,True,False
5316437630,7.066887,80.012436,3,1,A1,AA-Other,False,True,False
6536495259,7.072446,80.015345,3,1,A1,AA-Other,False,True,False
6227950832,7.333692,80.299949,3,1,A19,AA-Other,False,True,False
6227950822,7.329796,80.303633,4,1,A19,AA-Other,False,True,False
5320836383,7.486794,80.364934,3,1,A6,AA-Other,False,True,False
9562328822,7.481949,80.361088,3,1,A6,AA-Other,False,True,False
5342371002,7.329874,80.303636,4,1,A19,AA-Other,False,True,False
5353821700,7.329847,80.303832,3,1,A19,AA-Other,False,True,False
5353842347,7.334873,80.29941,3,1,A6,AA-Other,False,True,False
5353863009,7.335478,80.300175,4,1,A6,AA-Other,False,True,False
13572508097,8.320807,80.394523,3,1,A12,AA-Other,False,True,False
7098642099,9.665038,80.009318,3,1,A9,AA-Other,False,True,False
9676457521,6.847313,79.926397,3,1,A4,AA-Other,False,True,False
5804555894,7.219455,79.845479,3,1,A3,AA-Other,False,True,False
3914008960,6.841472,79.964518,3,1,A4,AA-Other,False,True,False
5969063938,6.839343,79.969967,3,1,A4,AA-Other,False,True,False
9676457522,6.847004,79.926854,3,1,A4,AA-Other,False,True,False
6227950792,7.333498,80.299846,3,1,A19,AA-Other,False,True,False
6227950833,7.33362,80.29991,3,1,A19,AA-Other,False,True,False
6227950826,7.329766,80.30337,3,1,A19,AA-Other,False,True,False
6227950824,7.32987,80.303607,4,1,A19,AA-Other,False,True,False
6228139620,6.647426,80.701381,3,1,A4,AA-Other,False,True,False
6228139621,6.647536,80.701261,3,1,A4,AA-Other,False,True,False
6248011210,6.152874,81.144693,4,1,A2,AA-Other,False,True,False
6258386252,6.923204,79.852371,3,1,A4,AA-Other,False,True,False
6258386253,6.922958,79.852455,4,1,A4,AA-Other,False,True,False
6272317584,5.97386,80.438316,5,1,A2,AA-Other,False,True,False
13695573498,5.974112,80.438217,3,1,A2,AA-Other,False,True,False
13695595606,5.973793,80.438986,3,1,A2,AA-Other,False,True,False
6276892160,7.086831,79.890424,4,1,A3,AA-Other,False,True,False
6286620938,9.153809,80.649513,3,1,A34,AA-Other,False,True,False
2731988118,7.874158,80.651034,3,1,A9,AA-Other,False,True,False
6291947089,8.320848,80.394566,3,1,A12,AA-Other,False,True,False
6292190472,6.841185,79.965313,3,1,A4,AA-Other,False,True,False
6294143289,6.872856,81.350578,3,1,A4,AA-Other,False,True,False
6294563995,9.665143,80.009412,3,1,A9,AA-Other,False,True,False
4004620083,7.293221,80.63498,3,1,A1,AA-Other,False,True,False
6388461497,6.847517,79.86599,3,1,A2,AA-Other,False,True,False
6475692032,6.032568,80.217222,3,1,A2,AA-Other,False,True,False
7030628001,6.846308,79.948492,3,1,A4,AA-Other,False,True,False
13682136254,6.84148,79.96444,3,1,A4,AA-Other,False,True,False
6492867598,6.037783,80.250111,4,1,A17,AA-Other,False,True,False
6492867585,6.037771,80.249798,3,1,A17,AA-Other,False,True,False
13698912444,6.037841,80.249797,3,1,A17,AA-Other,False,True,False
13698912446,6.037774,80.249994,4,1,A17,AA-Other,False,True,False
6492867599,6.037879,80.250113,4,1,A17,AA-Other,False,True,False
13698912417,6.037911,80.25039,3,1,A17,AA-Other,False,True,False
6495299701,7.720434,81.695894,3,1,A15,AA-Other,False,True,False
6495299637,7.726996,81.685937,3,1,A15,AA-Other,False,True,False
6495299644,7.727041,81.685861,4,1,A15,AA-Other,False,True,False
6495299640,7.7271,81.685762,3,1,A15,AA-Other,False,True,False
6495299700,7.720356,81.695885,3,1,A15,AA-Other,False,True,False
6495343855,7.719986,81.696622,4,1,A15,AA-Other,False,True,False
6495299702,7.7199,81.696598,3,1,A15,AA-Other,False,True,False
6495343851,7.718028,81.698819,3,1,A15,AA-Other,False,True,False
6495343850,7.718112,81.69889,3,1,A15,AA-Other,False,True,False
6495360806,7.720462,81.701158,3,1,A4,AA-Other,False,True,False
2078972802,7.721711,81.702776,4,1,A4,AA-Other,False,True,False
6495360843,7.720307,81.701161,3,1,A4,AA-Other,False,True,False
6495398254,7.717262,81.71014,3,1,A4,AA-Other,False,True,False
6495398255,7.716036,81.710502,3,1,A4,AA-Other,False,True,False
13740014577,7.712395,81.710344,3,1,A4,AA-Other,False,True,False
6495398267,7.720397,81.705312,3,1,A4,AA-Other,False,True,False
6495398268,7.720369,81.705291,4,1,A4,AA-Other,False,True,False
6495398199,7.721629,81.702908,3,1,A4,AA-Other,False,True,False
6495398269,7.720304,81.705379,3,1,A4,AA-Other,False,True,False
6495398273,7.72173,81.702947,3,1,A4,AA-Other,False,True,False
6495594238,7.93967,81.000436,3,1,A11,AA-Other,False,True,False
7262773170,7.672911,81.73349,3,1,A4,AA-Other,False,True,False
6495594260,7.683689,81.726962,3,1,A4,AA-Other,False,True,False
6495621993,7.69868,81.718118,3,1,A4,AA-Other,False,True,False
6495621995,7.704112,81.714925,3,1,A4,AA-Other,False,True,False
6495621994,7.704145,81.714985,3,1,A4,AA-Other,False,True,False
4712510859,7.712291,81.710239,3,1,A4,AA-Other,False,True,False
8865864660,7.308192,80.6372,4,1,A9,AA-Other,False,True,False
6509196189,7.308082,80.637129,3,1,A9,AA-Other,False,True,False
6509196200,7.307425,80.636417,3,1,A9,AA-Other,False,True,False
6509727157,7.717942,80.146337,3,1,A10,AA-Other,False,True,False
6509727158,7.717753,80.146486,3,1,A10,AA-Other,False,True,False
6511383113,7.656079,80.220686,3,1,A10,AA-Other,False,True,False
6511383094,7.655668,80.221021,3,1,A10,AA-Other,False,True,False
6511383096,7.655726,80.220853,3,1,A10,AA-Other,False,True,False
6511383095,7.655803,80.220915,3,1,A10,AA-Other,False,True,False
6511383112,7.655638,80.2209,3,1,A10,AA-Other,False,True,False
6511383115,7.655808,80.220939,3,1,A28,AA-Other,False,True,False
6524681176,6.911925,79.855848,4,2,A0;A4,AA-AA,True,True,False
9628046175,6.911911,79.856155,3,2,A0;A4,AA-AA,True,True,False
6536495261,7.068694,80.013204,3,1,A1,AA-Other,False,True,False
6536495260,7.072512,80.015286,3,1,A1,AA-Other,False,True,False
10268958222,6.923346,79.852323,3,1,A4,AA-Other,False,True,False
6538060310,9.313578,80.696192,3,1,A35,AA-Other,False,True,False
6538060311,9.313744,80.696365,3,1,A35,AA-Other,False,True,False
6545546148,9.313628,80.696306,3,1,A35,AA-Other,False,True,False
7034868585,9.313903,80.696354,3,1,A35,AA-Other,False,True,False
6545241018,6.02863,80.794765,3,1,A2,AA-Other,False,True,False
6685420675,7.717237,81.710096,3,1,A4,AA-Other,False,True,False
6685474007,7.908253,81.533893,3,1,A15,AA-Other,False,True,False
13904633852,7.908335,81.533774,3,1,A15,AA-Other,False,True,False
5906022857,7.908248,81.533753,3,1,A15,AA-Other,False,True,False
6685478660,7.945374,81.506805,3,1,A15,AA-Other,False,True,False
6695208838,6.906621,81.559285,3,1,A4,AA-Other,False,True,False
6695208839,6.906755,81.559413,3,1,A4,AA-Other,False,True,False
6695208840,6.906774,81.559289,3,1,A25,AA-Other,False,True,False
6695505187,7.272452,79.864002,4,1,A3,AA-Other,False,True,False
6721753073,7.086008,80.03349,4,1,A1,AA-Other,False,True,False
6721810540,7.085943,80.033424,4,1,A1,AA-Other,False,True,False
7030628002,6.846327,79.948362,3,1,A4,AA-Other,False,True,False
7030921385,6.839571,79.976514,3,1,A4,AA-Other,False,True,False
7030921401,6.839467,79.9764,3,1,A4,AA-Other,False,True,False
7030921451,6.839294,79.969963,3,1,A4,AA-Other,False,True,False
7035050523,8.042601,80.595919,3,1,A9,AA-Other,False,True,False
7037556017,7.322286,80.625011,3,1,A9,AA-Other,False,True,False
13684572988,7.086866,79.890332,3,1,A3,AA-Other,False,True,False
7037743601,6.878207,79.876475,4,1,A4,AA-Other,False,True,False
7037743630,6.878224,79.876388,4,1,A4,AA-Other,False,True,False
7037743638,6.878495,79.872749,4,1,A4,AA-Other,False,True,False
7037743641,6.878464,79.872585,3,1,A4,AA-Other,False,True,False
7037743640,6.878445,79.87204,4,1,A4,AA-Other,False,True,False
7042347623,9.436156,80.407662,3,2,A35;A9,AA-AA,True,True,False
7042347625,9.436304,80.407936,3,1,A35,AA-Other,False,True,False
13942702875,8.039927,80.75546,3,1,A6,AA-Other,False,True,False
7081602426,6.923661,79.845562,3,1,A2,AA-Other,False,True,False
191794675,6.921154,79.846501,3,1,A2,AA-Other,False,True,False
8944102122,6.929564,79.842669,3,1,A2,AA-Other,False,True,False
10603977996,6.830482,79.867766,3,1,A2,AA-Other,False,True,False
7085505932,8.761166,80.498344,3,1,A30,AA-Other,False,True,False
7085506299,6.812881,79.880864,4,1,A2,AA-Other,False,True,False
7085525494,6.812788,79.880938,4,1,A2,AA-Other,False,True,False
7085697356,8.753163,80.497832,3,1,A9,AA-Other,False,True,False
7085697357,8.753193,80.497756,3,1,A9,AA-Other,False,True,False
13914032195,8.444154,81.263852,4,1,A15,AA-Other,False,True,False
13914032183,8.444164,81.263725,3,1,A15,AA-Other,False,True,False
7103753925,6.608279,79.952719,4,1,A2,AA-Other,False,True,False
3302140243,7.218345,81.849734,3,1,A4,AA-Other,False,True,False
7103763199,7.221151,81.849938,3,1,A4,AA-Other,False,True,False
3302140240,7.218432,81.84975,3,1,A4,AA-Other,False,True,False
13564859299,8.327016,80.362336,3,1,A12,AA-Other,False,True,False
7227878082,7.308282,80.637152,3,1,A9,AA-Other,False,True,False
3088508758,7.322213,80.624955,3,1,A9,AA-Other,False,True,False
7262773169,7.672885,81.733436,3,1,A4,AA-Other,False,True,False
4231244456,7.101243,79.910207,3,1,A33,AA-Other,False,True,False
4137198917,8.97729,79.913778,3,1,A14,AA-Other,False,True,False
2731988210,7.874258,80.651267,3,1,A9,AA-Other,False,True,False
13083883262,7.118534,80.059661,4,1,A1,AA-Other,False,True,False
7621971279,7.115725,80.055752,3,1,A1,AA-Other,False,True,False
7621986814,7.10913,80.048722,3,1,A1,AA-Other,False,True,False
7621986858,7.105667,80.044637,3,1,A1,AA-Other,False,True,False
7621986929,7.08956,80.035931,3,1,A1,AA-Other,False,True,False
6495594239,7.939704,81.000349,3,1,A11,AA-Other,False,True,False
7765114184,7.756141,80.567997,4,1,A6,AA-Other,False,True,False
12488644097,7.759657,80.571205,3,1,A6,AA-Other,False,True,False
7786924226,7.126059,80.070689,4,1,A1,AA-Other,False,True,False
7786924237,7.123281,80.067189,3,1,A1,AA-Other,False,True,False
7786924250,7.11847,80.059707,3,1,A1,AA-Other,False,True,False
7927504077,7.944254,80.629182,4,1,A9,AA-Other,False,True,False
8014319682,8.127311,80.562666,3,2,A11;A9,AA-AA,True,True,False
8032417737,8.358495,80.511664,4,2,A12;A9,AA-AA,True,True,False
8032417743,8.358426,80.511792,4,2,A12;A9,AA-AA,True,True,False
8032417746,8.358516,80.511777,4,2,A12;A9,AA-AA,True,True,False
8032417740,8.358395,80.511704,4,2,A12;A9,AA-AA,True,True,False
8082580144,6.561304,79.968993,4,1,A2,AA-Other,False,True,False
10130181954,6.561137,79.969028,4,1,A2,AA-Other,False,True,False
8279646115,7.995541,80.270447,3,1,A28,AA-Other,False,True,False
8279649718,7.995713,80.270515,3,1,A28,AA-Other,False,True,False
8726439509,6.120439,81.066498,3,1,A2,AA-Other,False,True,False
8770467948,8.587279,81.21508,3,1,A6,AA-Other,False,True,False
8795417507,8.331772,80.402994,3,1,A12,AA-Other,False,True,False
8795417512,8.331937,80.403127,3,1,A13,AA-Other,False,True,False
3592104628,7.091132,79.999574,4,1,A33,AA-Other,False,True,False
12564186527,6.931286,79.842096,3,1,A2,AA-Other,False,True,False
9041600943,8.236585,80.35079,3,1,A28,AA-Other,False,True,False
9041600949,8.236436,80.350826,3,1,A28,AA-Other,False,True,False
9201280517,7.293041,80.635105,4,1,A1,AA-Other,False,True,False
9394230349,7.940729,81.017982,3,1,A11,AA-Other,False,True,False
9429896951,7.935764,81.025896,3,1,A11,AA-Other,False,True,False
9407052257,7.271435,80.605489,3,1,A1,AA-Other,False,True,False
2079053659,7.71425,81.697847,3,1,A15,AA-Other,False,True,False
9429896955,7.935875,81.025428,3,1,A11,AA-Other,False,True,False
9468271507,6.931617,79.842119,3,1,A2,AA-Other,False,True,False
9513937129,7.481809,80.360847,4,1,A6,AA-Other,False,True,False
9513937130,7.481769,80.360919,4,1,A6,AA-Other,False,True,False
9562328826,7.481576,80.360745,3,1,A6,AA-Other,False,True,False
9568699375,7.487044,80.365047,4,2,A10;A6,AA-AA,True,True,False
9562328834,7.48182,80.360963,4,1,A6,AA-Other,False,True,False
9396246082,7.945281,81.506806,3,1,A15,AA-Other,False,True,False
9577055310,6.847132,79.926654,3,1,A4,AA-Other,False,True,False
9577055313,6.847207,79.926548,3,1,A4,AA-Other,False,True,False
10130181953,6.56197,79.968714,3,1,A2,AA-Other,False,True,False
9795422576,5.945009,80.548702,3,1,A2,AA-Other,False,True,False
250131881,5.948259,80.547861,4,1,A2,AA-Other,False,True,False
13673393240,6.90536,79.858494,3,1,A4,AA-Other,False,True,False
13431444639,7.383207,81.227921,3,1,A26,AA-Other,False,True,False
10130181940,6.571483,79.965174,3,1,A2,AA-Other,False,True,False
10130181950,6.565468,79.967694,3,1,A2,AA-Other,False,True,False
10130181941,6.571451,79.965096,3,1,A2,AA-Other,False,True,False
10130181952,6.561994,79.968803,3,1,A2,AA-Other,False,True,False
10130181951,6.565442,79.967612,3,1,A2,AA-Other,False,True,False
11542234718,5.965915,80.382544,3,1,A2,AA-Other,False,True,False
10603977925,6.819526,79.873684,4,1,A2,AA-Other,False,True,False
3884338673,6.98474,81.060301,3,1,A5,AA-Other,False,True,False
10682149766,6.911638,79.866972,3,1,A0,AA-Other,False,True,False
10682149772,6.911558,79.866905,4,1,A0,AA-Other,False,True,False
12741337236,6.878168,79.876635,3,1,A4,AA-Other,False,True,False
1401473006,8.328553,80.407621,3,1,A13,AA-Other,False,True,False
11715824035,7.292818,81.687044,4,2,A25;A31,AA-AA,True,True,False
13876145704,7.292781,81.686697,3,1,A31,AA-Other,False,True,False
11715824044,7.291894,81.68175,4,1,A31,AA-Other,False,True,False
11715824064,7.291916,81.681872,4,1,A31,AA-Other,False,True,False
11715824052,7.292242,81.683148,3,1,A31,AA-Other,False,True,False
11715824059,7.292771,81.685544,4,1,A31,AA-Other,False,True,False
13876145712,7.292719,81.687191,3,1,A31,AA-Other,False,True,False
11715824066,7.29178,81.680472,3,1,A31,AA-Other,False,True,False
1401473074,8.328812,80.407484,3,1,A13,AA-Other,False,True,False
1401472905,8.326573,80.410431,3,1,A13,AA-Other,False,True,False
1401472976,8.32682,80.410328,3,1,A13,AA-Other,False,True,False
12126721593,6.032846,80.214868,3,1,A2,AA-Other,False,True,False
12488644096,7.759505,80.571063,3,1,A6,AA-Other,False,True,False
13686682350,8.02992,79.828719,3,1,A3,AA-Other,False,True,False
12761661746,7.362033,81.803535,3,1,A31,AA-Other,False,True,False
12761661748,7.362108,81.803672,3,1,A31,AA-Other,False,True,False
12761661737,7.362113,81.803538,3,1,A31,AA-Other,False,True,False
12815082888,8.161281,80.300162,3,1,A28,AA-Other,False,True,False
12815082885,8.161367,80.300073,3,1,A28,AA-Other,False,True,False
12815082886,8.161175,80.300052,3,1,A28,AA-Other,False,True,False
12815082887,8.161174,80.300074,3,1,A28,AA-Other,False,True,False
13367298678,5.996025,80.519418,3,1,A24,AA-Other,False,True,False
4137349482,8.320939,80.381518,3,1,A12,AA-Other,False,True,False
13567087012,8.320912,80.394728,3,1,A12,AA-Other,False,True,False
13567087010,8.332023,80.403011,3,1,A12,AA-Other,False,True,False
13567087034,8.320802,80.394614,4,1,A12,AA-Other,False,True,False
13567087026,8.320652,80.394463,3,1,A12,AA-Other,False,True,False
13567087027,8.32076,80.39457,4,1,A12,AA-Other,False,True,False
13577179092,8.355706,80.416755,4,1,A20,AA-Other,False,True,False
13577179096,8.355842,80.416697,3,1,A20,AA-Other,False,True,False
13656692423,6.934677,79.842876,3,1,A2,AA-Other,False,True,False
669217870,6.931591,79.842313,3,1,A2,AA-Other,False,True,False
13673393243,6.905577,79.858543,3,1,A4,AA-Other,False,True,False
13686682347,8.030155,79.828697,3,1,A3,AA-Other,False,True,False
13686682367,8.030162,79.828602,3,1,A3,AA-Other,False,True,False
13686682355,8.030322,79.828725,3,1,A10,AA-Other,False,True,False
13686682358,8.030242,79.828757,3,1,A10,AA-Other,False,True,False
13698912445,6.037868,80.249995,4,1,A17,AA-Other,False,True,False
13740014575,7.712307,81.710353,3,1,A4,AA-Other,False,True,False
13749558428,8.44136,80.506192,3,1,A20,AA-Other,False,True,False
13929460693,8.58029,81.223507,3,1,A6,AA-Other,False,True,False
13929460695,8.580344,81.223338,3,1,A6,AA-Other,False,True,False
