source,target,distance_m,hops
258029156,44265234,151161.78618780346,51
258029156,603240642,151097.3296771507,50
258029156,49364356,120821.1473348347,46
258029156,59947552,219152.87235237157,108
258029156,3390634865,67456.69335508735,26
258029156,98554769,235375.0166834166,105
258029156,5693657962,6307.497132841753,21
258029156,310860950,116728.10883026359,71
258029156,8014319683,106798.79081252676,56
258029156,603240427,118380.71551597933,36
258029156,617967952,50003.39159383551,41
258029156,7087535778,49983.49466613782,40
258029156,617968149,32870.053912460986,35
258029156,634172980,226848.24679790085,92
258029156,665214512,110168.81766405892,139
258029156,665214513,110096.65061561491,138
258029156,4136824664,314018.15372598375,107
258029156,7599684152,77864.45222572015,40
258029156,6537569534,178417.49366015993,55
258029156,4136824665,314046.49277749454,108
258029156,3174892783,43539.233751161446,44
258029156,1239489717,43546.46814994044,44
258029156,1242694031,180789.40887833806,58
258029156,4139418521,180754.6691497463,57
258029156,2155580115,97181.47853142257,78
258029156,6524681177,109548.70172695463,135
258029156,5217538839,254144.96540700397,95
258029156,7042347620,261605.13168633735,99
258029156,13743364556,175660.16069928624,52
258029156,1684534515,194724.4306155794,69
258029156,11715824040,194718.53925240104,68
258029156,1809805397,159785.30546618265,60
258029156,1728838958,181675.52149311244,89
258029156,7085505934,181654.95040882623,88
258029156,1732642149,199339.6208734386,80
258029156,1886079221,144422.57481600702,71
258029156,1735981103,261585.54173790867,98
258029156,7042347632,261577.8767804713,97
258029156,1740742111,164536.0513342662,56
258029156,1750869639,149210.1993776872,89
258029156,1783974992,109457.2808553904,48
258029156,10016226413,109449.07148076098,48
258029156,1945675344,159777.06207424533,60
258029156,1797964180,79259.87652300688,61
258029156,4959610635,135484.28691540833,50
258029156,1985676681,208975.97132953678,54
258029156,13749558430,144399.54252425488,70
258029156,4212767857,175650.5331013862,52
258029156,3527283166,143005.6658611966,47
258029156,1981147403,77872.6119451408,41
258029156,2011981296,115661.7100438891,37
258029156,5372968715,107907.74325293773,136
258029156,3794035028,31607.810654682064,29
258029156,3849049820,97159.74572459595,79
258029156,2339297860,132882.1390950821,179
258029156,2339297862,132894.67859356894,180
258029156,6289622879,76543.96759009511,39
258029156,3088508709,9189.742676867041,15
258029156,3088508720,9192.96893599701,15
258029156,3136385191,107926.38595418012,136
258029156,3237363036,181408.71598432114,85
258029156,3237363045,181413.96082333216,87
258029156,4137095171,181394.4675707097,86
258029156,3474422106,314030.41900723154,108
258029156,4136824662,314032.0369576024,107
258029156,4137349478,142560.16886478144,92
258029156,6537569535,178439.28990016633,56
258029156,4963408994,79380.32931625187,60
258029156,9513937138,41539.83865674142,25
258029156,4944055508,41550.07057559106,26
258029156,4944055634,41549.10540955012,26
258029156,4963408992,79369.96360724486,59
258029156,6524681176,109614.14781329091,134
258029156,9628046175,109580.09659424532,133
258029156,7042347623,261561.51649514385,96
258029156,8014319682,106798.8605464577,56
258029156,8032417737,135035.46314090048,68
258029156,8032417743,135047.79176797834,69
258029156,8032417746,135049.94961368918,69
258029156,8032417740,135036.6754656741,68
258029156,9568699375,41540.64339569618,25
258029156,11715824035,194716.43496217,66
44265234,258029156,151161.78618780334,51
44265234,603240642,241.97802826677886,2
44265234,49364356,30340.638852968717,5
44265234,59947552,174797.27535806742,54
44265234,3390634865,83705.09283271608,25
44265234,98554769,142071.8169178757,43
44265234,5693657962,157469.2833206451,72
44265234,310860950,117434.53845918557,37
44265234,8014319683,223987.28337607204,81
44265234,603240427,35602.680143220205,4
44265234,617967952,195709.61467830936,77
44265234,7087535778,195689.71775061166,76
44265234,617968149,178576.27699693482,71
44265234,634172980,344036.739361446,117
44265234,665214512,200659.97867833092,118
44265234,665214513,200587.8116298869,117
44265234,4136824664,431206.64628952893,132
44265234,7599684152,195052.94478926537,65
44265234,6537569534,276413.24067827134,51
44265234,4136824665,431234.9853410397,133
44265234,3174892783,189245.45683563527,80
44265234,1239489717,189252.69123441426,80
44265234,1242694031,278773.5958522133,53
44265234,4139418521,278738.8561236215,52
44265234,2155580115,212847.36943061207,102
44265234,6524681177,199844.2488966106,110
44265234,5217538839,371333.4579705491,120
44265234,7042347620,378793.62424988253,124
44265234,13743364556,160529.97783854426,22
44265234,1684534515,118396.21255457915,25
44265234,11715824040,118400.94424888598,25
44265234,1809805397,32024.57470633927,6
44265234,1728838958,298864.01405665756,114
44265234,7085505934,298843.44297237135,113
44265234,1732642149,316528.1134369839,105
44265234,1886079221,261611.06737955232,96
44265234,1735981103,378774.03430145385,123
44265234,7042347632,378766.3693440165,122
44265234,1740742111,281724.5438978115,81
44265234,1750869639,102648.51577479414,30
44265234,1783974992,94317.70491202465,17
44265234,10016226413,94308.96324140324,16
44265234,1945675344,32045.959303147545,7
44265234,1797964180,158517.06390221432,55
44265234,4959610635,120354.10405466636,20
44265234,1985676681,95180.10450851903,19
44265234,13749558430,261588.03508780018,95
44265234,4212767857,160520.3502406442,22
44265234,3527283166,42124.26248877455,4
44265234,1981147403,195061.10450868602,66
44265234,2011981296,43771.77031576764,8
44265234,5372968715,202012.27972818268,103
44265234,3794035028,177314.0337391559,65
44265234,3849049820,212825.63662378548,103
44265234,2339297860,184857.92415357384,54
44265234,2339297862,184858.0172979697,54
44265234,6289622879,193732.46015364034,64
44265234,3088508709,160351.52886467037,66
44265234,3088508720,160354.75512380034,66
44265234,3136385191,202068.841194913,110
44265234,3237363036,298597.2085478663,110
44265234,3237363045,298602.4533868773,112
44265234,4137095171,298582.9601342549,111
44265234,3474422106,431218.9115707767,133
44265234,4136824662,431220.5295211476,132
44265234,4137349478,259748.66142832677,117
44265234,6537569535,276423.47687404155,51
44265234,4963408994,194691.60276586172,68
44265234,9513937138,191996.5011988974,73
44265234,4944055508,192006.73311774703,74
44265234,4944055634,192005.7679517061,74
44265234,4963408992,194690.44248768254,68
44265234,6524681176,199923.6895640421,112
44265234,9628046175,199889.63834499652,111
44265234,7042347623,378750.009058689,121
44265234,8014319682,223987.353110003,81
44265234,8032417737,252223.95570444578,93
44265234,8032417743,252236.28433152364,94
44265234,8032417746,252238.44217723448,94
44265234,8032417740,252225.1680292194,93
44265234,9568699375,191997.30593785216,73
44265234,11715824035,118404.33652421791,26
603240642,258029156,151097.3296771506,50
603240642,44265234,241.97802826677886,2
603240642,49364356,30276.182342315973,4
603240642,59947552,174871.8874982898,54
603240642,3390634865,83640.63632206332,24
603240642,98554769,142146.4290580981,43
603240642,5693657962,157404.82680999237,71
603240642,310860950,117192.56043091879,35
603240642,8014319683,223922.82686541928,80
603240642,603240427,35360.70211495343,2
603240642,617967952,195645.1581676566,76
603240642,7087535778,195625.2612399589,75
603240642,617968149,178511.82048628206,70
603240642,634172980,343972.2828507932,116
603240642,665214512,200418.00065006415,116
603240642,665214513,200345.83360162014,115
603240642,4136824664,431142.18977887614,131
603240642,7599684152,194988.4882786126,64
603240642,6537569534,276655.21870653814,53
603240642,4136824665,431170.52883038693,132
603240642,3174892783,189181.0003249825,79
603240642,1239489717,189188.2347237615,79
603240642,1242694031,279015.5738804801,55
603240642,4139418521,278980.8341518883,54
603240642,2155580115,212605.3914023453,100
603240642,6524681177,199602.27086834382,108
603240642,5217538839,371269.00145989633,119
603240642,7042347620,378729.16773922974,123
603240642,13743364556,160771.95586681104,24
603240642,1684534515,118638.19058284593,27
603240642,11715824040,118642.92227715276,27
603240642,1809805397,32266.55273460605,8
603240642,1728838958,298799.55754600477,113
603240642,7085505934,298778.98646171857,112
603240642,1732642149,316463.6569263311,104
603240642,1886079221,261546.61086889956,95
603240642,1735981103,378709.57779080106,122
603240642,7042347632,378701.9128333637,121
603240642,1740742111,281660.08738715877,80
603240642,1750869639,102406.53774652736,28
603240642,1783974992,94559.68294029143,19
603240642,10016226413,94550.94126967002,18
603240642,1945675344,32287.937331414327,9
603240642,1797964180,158275.08587394754,53
603240642,4959610635,120596.08208293314,22
603240642,1985676681,95254.71664874139,19
603240642,13749558430,261523.57857714742,94
603240642,4212767857,160762.328268911,24
603240642,3527283166,42366.24051704133,6
603240642,1981147403,194996.64799803327,65
603240642,2011981296,43707.31380511489,7
603240642,5372968715,201770.3016999159,101
603240642,3794035028,177249.57722850313,64
603240642,3849049820,212583.6585955187,101
603240642,2339297860,184615.94612530703,52
603240642,2339297862,184616.0392697029,52
603240642,6289622879,193668.00364298758,63
603240642,3088508709,160287.07235401764,65
603240642,3088508720,160290.2986131476,65
603240642,3136385191,201826.86316664622,108
603240642,3237363036,298532.75203721353,109
603240642,3237363045,298537.9968762245,111
603240642,4137095171,298518.5036236021,110
603240642,3474422106,431154.45506012393,132
603240642,4136824662,431156.0730104948,131
603240642,4137349478,259684.204917674,116
603240642,6537569535,276665.45490230835,53
603240642,4963408994,194449.62473759495,66
603240642,9513937138,191932.04468824467,72
603240642,4944055508,191942.2766070943,73
603240642,4944055634,191941.31144105337,73
603240642,4963408992,194448.46445941576,66
603240642,6524681176,199681.71153577534,110
603240642,9628046175,199647.66031672974,109
603240642,7042347623,378685.5525480362,120
603240642,8014319682,223922.89659935024,80
603240642,8032417737,252159.49919379302,92
603240642,8032417743,252171.82782087088,93
603240642,8032417746,252173.98566658172,93
603240642,8032417740,252160.71151856665,92
603240642,9568699375,191932.84942719943,72
603240642,11715824035,118646.31455248469,28
49364356,258029156,120821.14733483474,46
49364356,44265234,30340.63885296872,5
49364356,603240642,30276.182342315973,4
49364356,59947552,205137.9142110362,59
49364356,3390634865,53364.453979747355,20
49364356,98554769,172412.45577084448,48
49364356,5693657962,127128.64446767647,67
49364356,310860950,106744.26595737715,47
49364356,8014319683,193646.64452310328,76
49364356,603240427,24912.40764141176,14
49364356,617967952,165368.97582534066,72
49364356,7087535778,165349.07889764296,71
49364356,617968149,148235.63814396612,66
49364356,634172980,313696.1005084773,112
49364356,665214512,189969.70617652248,128
49364356,665214513,189897.53912807847,127
49364356,4136824664,400866.00743656023,127
49364356,7599684152,164712.30593629662,60
49364356,6537569534,258811.30953464287,63
49364356,4136824665,400894.346488071,128
49364356,3174892783,158904.81798266657,75
49364356,1239489717,158912.05238144557,75
49364356,1242694031,261183.224752821,66
49364356,4139418521,261148.48502422925,65
49364356,2155580115,202157.09692880366,112
49364356,6524681177,189153.97639480216,120
49364356,5217538839,340992.8191175804,115
49364356,7042347620,348452.98539691383,119
49364356,13743364556,162529.6704818053,28
49364356,1684534515,148736.85140754783,30
49364356,11715824040,148741.58310185466,30
49364356,1809805397,62365.213559307995,11
49364356,1728838958,268523.37520368886,109
49364356,7085505934,268502.80411940266,108
49364356,1732642149,286187.47458401514,100
49364356,1886079221,231270.42852658356,91
49364356,1735981103,348433.39544848516,118
49364356,7042347632,348425.7304910478,117
49364356,1740742111,251383.9050448427,76
49364356,1750869639,91958.24327298572,40
49364356,1783974992,96326.7906379095,24
49364356,10016226413,96318.58126328007,24
49364356,1945675344,62386.59815611627,12
49364356,1797964180,147826.7914004059,65
49364356,4959610635,122353.79669792742,26
49364356,1985676681,125520.74336148772,24
49364356,13749558430,231247.39623483142,90
49364356,4212767857,162520.04288390526,28
49364356,3527283166,36317.36512768454,6
49364356,1981147403,164720.46565571727,61
49364356,2011981296,13431.131462798923,3
49364356,5372968715,191322.00722637423,113
49364356,3794035028,146973.3948861872,60
49364356,3849049820,202135.36412197707,113
49364356,2339297860,174167.65165176537,64
49364356,2339297862,174167.74479616122,64
49364356,6289622879,163391.82130067158,59
49364356,3088508709,130010.89001170178,61
49364356,3088508720,130014.11627083174,61
49364356,3136385191,191378.56869310455,120
49364356,3237363036,268256.5696948976,105
49364356,3237363045,268261.8145339086,107
49364356,4137095171,268242.3212812862,106
49364356,3474422106,400878.272717808,128
49364356,4136824662,400879.8906681789,127
49364356,4137349478,229408.02257535802,112
49364356,6537569535,258833.10577464927,64
49364356,4963408994,184001.3302640533,78
49364356,9513937138,161655.86234592876,68
49364356,4944055508,161666.0942647784,69
49364356,4944055634,161665.12909873747,69
49364356,4963408992,184000.16998587412,78
49364356,6524681176,189233.41706223367,122
49364356,9628046175,189199.36584318808,121
49364356,7042347623,348409.3702057203,116
49364356,8014319682,193646.71425703424,76
49364356,8032417737,221883.31685147702,88
49364356,8032417743,221895.64547855488,89
49364356,8032417746,221897.80332426573,89
49364356,8032417740,221884.52917625065,88
49364356,9568699375,161656.66708488352,68
49364356,11715824035,148744.9753771866,31
59947552,258029156,219152.8723523716,108
59947552,44265234,174797.2753580674,54
59947552,603240642,174871.88749828975,54
59947552,49364356,205137.9142110361,59
59947552,3390634865,246804.43540043538,72
59947552,98554769,32725.458440191695,11
59947552,5693657962,225460.36948521336,129
59947552,310860950,140582.10936688626,40
59947552,8014319683,295860.7990453854,270
59947552,603240427,195880.41323954338,62
59947552,617967952,175203.63820254008,211
59947552,7087535778,175223.53513023778,212
59947552,617968149,186282.81843991062,73
59947552,634172980,409867.72993987,302
59947552,665214512,116390.43843272665,124
59947552,665214513,116444.58804522465,123
59947552,4136824664,466234.1742155817,242
59947552,7599684152,266941.13952752657,258
59947552,6537569534,367487.2113676765,270
59947552,4136824665,466262.51326709246,243
59947552,3174892783,190656.62519812424,218
59947552,1239489717,190666.8714895333,219
59947552,1242694031,369859.1265858546,273
59947552,4139418521,369824.38685726287,272
59947552,2155580115,137357.82253378135,173
59947552,6524681177,116902.62370124702,132
59947552,5217538839,437164.44854897313,305
59947552,7042347620,444624.61482830654,309
59947552,13743364556,335019.6455650886,75
59947552,1684534515,292885.88028112333,78
59947552,11715824040,292890.6119754302,78
59947552,1809805397,206514.2424328836,59
59947552,1728838958,364695.00463508157,299
59947552,7085505934,364674.43355079537,298
59947552,1732642149,373494.62543220434,232
59947552,1886079221,327442.05795797636,281
59947552,1735981103,444605.02487987786,308
59947552,7042347632,444597.3599224405,307
59947552,1740742111,353598.059567125,270
59947552,1750869639,142126.37599893947,26
59947552,1783974992,268807.37263856904,70
59947552,10016226413,268798.6309679476,69
59947552,1945675344,206535.62702969185,60
59947552,1797964180,139892.9958293647,47
59947552,4959610635,294843.77178121073,73
59947552,1985676681,102097.36403507044,48
59947552,13749558430,327426.47589753265,281
59947552,4212767857,335010.01796718856,75
59947552,3527283166,216613.93021531886,57
59947552,1981147403,266934.62017799955,255
59947552,2011981296,218569.04567383503,62
59947552,5372968715,119393.44934063025,141
59947552,3794035028,187547.25307570535,78
59947552,3849049820,137390.1863090488,174
59947552,2339297860,92327.98467727577,73
59947552,2339297862,92315.44517878893,72
59947552,6289622879,265608.2943467633,254
59947552,3088508709,228342.61502923863,123
59947552,3088508720,228345.8412883686,123
59947552,3136385191,119422.86364231588,141
59947552,3237363036,364428.19912629033,295
59947552,3237363045,364433.4439653013,297
59947552,4137095171,364413.9507126789,296
59947552,3474422106,466246.43949682947,243
59947552,4136824662,466248.05744720035,242
59947552,4137349478,306314.123008324,249
59947552,6537569535,367509.0076076829,271
59947552,4963408994,145826.70048012378,192
59947552,9513937138,209473.63337687432,232
59947552,4944055508,209458.13013471762,231
59947552,4944055634,209465.43468155907,232
59947552,4963408992,145837.06618913077,193
59947552,6524681176,116914.3216137339,132
59947552,9628046175,116948.01314963294,133
59947552,7042347623,444580.999637113,306
59947552,8014319682,295860.8687793163,270
59947552,8032417737,323267.3533119087,282
59947552,8032417743,323279.6819389866,283
59947552,8032417746,323281.83978469745,283
59947552,8032417740,323268.5656366823,282
59947552,9568699375,209465.95996185034,231
59947552,11715824035,292894.0042507621,79
3390634865,258029156,67456.69335508737,26
3390634865,44265234,83705.09283271608,25
3390634865,603240642,83640.63632206332,24
3390634865,49364356,53364.45397974735,20
3390634865,59947552,246804.43540043544,72
3390634865,98554769,214078.97696024372,61
3390634865,5693657962,73764.1904879291,47
3390634865,310860950,132755.88047685733,43
3390634865,8014319683,174255.48416761414,82
3390634865,603240427,50924.02216089197,10
3390634865,617967952,112004.5218455933,52
3390634865,7087535778,111984.62491789562,51
3390634865,617968149,94871.1841642188,46
3390634865,634172980,294304.9401529883,118
3390634865,665214512,156358.43246133314,93
3390634865,665214513,156286.26541288913,92
3390634865,4136824664,381474.84708107123,133
3390634865,7599684152,145321.14558080747,66
3390634865,6537569534,245874.18701524727,81
3390634865,4136824665,381503.186132582,134
3390634865,3174892783,105540.36400291925,55
3390634865,1239489717,105547.59840169824,55
3390634865,1242694031,248246.1022334254,84
3390634865,4139418521,248211.36250483364,83
3390634865,2155580115,151375.26147333533,68
3390634865,6524681177,155738.31652422887,89
3390634865,5217538839,321601.6587620914,121
3390634865,7042347620,329061.82504142483,125
3390634865,13743364556,181687.8163140787,25
3390634865,1684534515,187780.89751390522,40
3390634865,11715824040,187775.00615072687,39
3390634865,1809805397,110087.12470781223,30
3390634865,1728838958,249132.21484819983,115
3390634865,7085505934,249111.64376391363,114
3390634865,1732642149,266796.314228526,106
3390634865,1886079221,211879.26817109442,97
3390634865,1735981103,329042.23509299615,124
3390634865,7042347632,329034.5701355588,123
3390634865,1740742111,231992.74468935354,82
3390634865,1750869639,117969.8577924659,36
3390634865,1783974992,115484.93647018286,21
3390634865,10016226413,115476.72709555343,21
3390634865,1945675344,110078.88131587493,30
3390634865,1797964180,109012.91971370498,33
3390634865,4959610635,141511.9425302008,23
3390634865,1985676681,174076.48307553187,36
3390634865,13749558430,211856.23587934228,96
3390634865,4212767857,181678.18871617864,25
3390634865,3527283166,76657.2654474495,25
3390634865,1981147403,145329.30530022812,67
3390634865,2011981296,48205.01668880177,11
3390634865,5372968715,155927.36150842745,91
3390634865,3794035028,93608.94090643986,40
3390634865,3849049820,151353.52866650873,69
3390634865,2339297860,168004.71240597614,91
3390634865,2339297862,168017.251904463,92
3390634865,6289622879,144000.66094518243,65
3390634865,3088508709,76646.4360319544,41
3390634865,3088508720,76649.66229108437,41
3390634865,3136385191,155946.00420966983,91
3390634865,3237363036,248865.40933940854,111
3390634865,3237363045,248870.65417841956,113
3390634865,4137095171,248851.1609257971,112
3390634865,3474422106,381487.112362319,134
3390634865,4136824662,381488.7303126899,133
3390634865,4137349478,210016.86221986887,118
3390634865,6537569535,245895.98325525367,82
3390634865,4963408994,133219.49480858498,34
3390634865,9513937138,108291.40836618136,48
3390634865,4944055508,108301.640285031,49
3390634865,4944055634,108300.67511899007,49
3390634865,4963408992,133218.3345304058,34
3390634865,6524681176,155803.7626105651,88
3390634865,9628046175,155769.71139151952,87
3390634865,7042347623,329018.2098502313,122
3390634865,8014319682,174255.5539015451,82
3390634865,8032417737,202492.15649598787,94
3390634865,8032417743,202504.48512306574,95
3390634865,8032417746,202506.64296877658,95
3390634865,8032417740,202493.3688207615,94
3390634865,9568699375,108292.21310513612,48
3390634865,11715824035,187783.40451195554,40
98554769,258029156,235375.01668341653,105
98554769,44265234,142071.81691787572,43
98554769,603240642,142146.4290580981,43
98554769,49364356,172412.45577084445,48
98554769,59947552,32725.458440191687,11
98554769,3390634865,214078.9769602437,61
98554769,5693657962,241682.5138162583,126
98554769,310860950,141883.00810617144,33
98554769,8014319683,316084.6817989941,130
98554769,603240427,163154.9547993517,51
98554769,617967952,195427.5209561488,71
98554769,7087535778,195447.4178838465,72
98554769,617968149,202504.96277095555,70
98554769,634172980,432485.9790193467,170
98554769,665214512,146368.54881909283,116
98554769,665214513,146422.69843159083,115
98554769,4136824664,496212.2846019478,234
98554769,7599684152,287165.02228113526,118
98554769,6537569534,387711.0941212852,130
98554769,4136824665,496240.6236534586,235
98554769,3174892783,210880.50795173296,78
98554769,1239489717,210890.75424314203,79
98554769,1242694031,390083.0093394633,133
98554769,4139418521,390048.26961087156,132
98554769,2155580115,167335.93292014746,165
98554769,6524681177,146880.73408761318,124
98554769,5217538839,459782.6976284498,173
98554769,7042347620,467242.86390778323,177
98554769,13743364556,302294.18712489697,64
98554769,1684534515,260160.42184093178,67
98554769,11715824040,260165.1535352386,67
98554769,1809805397,173788.78399269193,48
98554769,1728838958,387313.25371455826,167
98554769,7085505934,387292.68263027206,166
98554769,1732642149,403472.7358185705,224
98554769,1886079221,350060.30703745305,149
98554769,1735981103,467223.27395935456,176
98554769,7042347632,467215.6090019172,175
98554769,1740742111,373821.9423207336,130
98554769,1750869639,109400.91755874777,15
98554769,1783974992,236081.91419837734,59
98554769,10016226413,236073.17252775593,58
98554769,1945675344,173810.1685895002,49
98554769,1797964180,156115.14016040962,44
98554769,4959610635,262118.31334101906,62
98554769,1985676681,69371.9055948787,37
98554769,13749558430,350044.72497700935,149
98554769,4212767857,302284.5595269969,64
98554769,3527283166,183888.4717751272,46
98554769,1981147403,287158.50293160824,115
98554769,2011981296,185843.58723364337,51
98554769,5372968715,149371.55972699643,133
98554769,3794035028,203769.39740675027,75
98554769,3849049820,167368.2966954149,166
98554769,2339297860,122306.09506364184,65
98554769,2339297862,122293.555565155,64
98554769,6289622879,285832.177100372,114
98554769,3088508709,244564.75936028355,120
98554769,3088508720,244567.98561941352,120
98554769,3136385191,149400.97402868207,133
98554769,3237363036,387046.448205767,163
98554769,3237363045,387051.693044778,165
98554769,4137095171,387032.1997921556,164
98554769,3474422106,496224.5498831956,235
98554769,4136824662,496226.1678335665,234
98554769,4137349478,328932.3720878007,117
98554769,6537569535,387732.8903612916,131
98554769,4963408994,175804.81086648998,184
98554769,9513937138,229697.51613048304,92
98554769,4944055508,229682.01288832634,91
98554769,4944055634,229689.3174351678,92
98554769,4963408992,175815.17657549697,185
98554769,6524681176,146892.43200010006,124
98554769,9628046175,146926.1235359991,125
98554769,7042347623,467199.2487165897,174
98554769,8014319682,316084.751532925,130
98554769,8032417737,344321.3541273679,142
98554769,8032417743,344333.68275444576,143
98554769,8032417746,344335.84060015663,143
98554769,8032417740,344322.5664521415,142
98554769,9568699375,229689.84271545906,91
98554769,11715824035,260168.54581057056,68
5693657962,258029156,6307.497132841753,21
5693657962,44265234,157469.2833206452,72
5693657962,603240642,157404.82680999243,71
5693657962,49364356,127128.64446767644,67
5693657962,59947552,225460.36948521333,129
5693657962,3390634865,73764.1904879291,47
5693657962,98554769,241682.51381625832,126
5693657962,310860950,123035.60596310535,92
5693657962,8014319683,101916.41093827596,51
5693657962,603240427,124688.21264882106,57
5693657962,617967952,56310.88872667727,62
5693657962,7087535778,56290.99179897958,61
5693657962,617968149,39177.551045302745,56
5693657962,634172980,221965.86692365006,87
5693657962,665214512,116476.31479690068,160
5693657962,665214513,116404.14774845667,159
5693657962,4136824664,309135.77385173296,102
5693657962,7599684152,72982.07235146935,35
5693657962,6537569534,173535.11378590914,50
5693657962,4136824665,309164.11290324375,103
5693657962,3174892783,49846.730884003206,65
5693657962,1239489717,49853.9652827822,65
5693657962,1242694031,175907.02900408726,53
5693657962,4139418521,175872.2892754955,52
5693657962,2155580115,103488.97566426433,99
5693657962,6524681177,115856.1988597964,156
5693657962,5217538839,249262.58553275318,90
5693657962,7042347620,256722.75181208656,94
5693657962,13743364556,169648.32437455773,38
5693657962,1684534515,188712.5942908509,55
5693657962,11715824040,188706.70292767254,54
5693657962,1809805397,153773.46914145414,46
5693657962,1728838958,176793.14161886164,84
5693657962,7085505934,176772.57053457544,83
5693657962,1732642149,194457.2409991878,75
5693657962,1886079221,139540.19494175623,66
5693657962,1735981103,256703.16186365788,93
5693657962,7042347632,256695.4969062205,92
5693657962,1740742111,159653.6714600154,51
5693657962,1750869639,155517.69651052897,110
5693657962,1783974992,103445.44453066192,34
5693657962,10016226413,103437.23515603249,34
5693657962,1945675344,153765.22574951683,46
5693657962,1797964180,85567.37365584864,82
5693657962,4959610635,129472.45059067984,36
5693657962,1985676681,215283.4684623785,75
5693657962,13749558430,139517.1626500041,65
5693657962,4212767857,169638.69677665769,38
5693657962,3527283166,136993.82953646808,33
5693657962,1981147403,72990.23207089001,36
5693657962,2011981296,120836.79064882721,31
5693657962,5372968715,114215.24038577949,157
5693657962,3794035028,37915.307787523816,50
5693657962,3849049820,103467.24285743771,100
5693657962,2339297860,139189.63622792385,200
5693657962,2339297862,139202.1757264107,201
5693657962,6289622879,71661.58771584432,34
5693657962,3088508709,4316.089252158644,8
5693657962,3088508720,4324.711332172271,9
5693657962,3136385191,114233.88308702188,157
5693657962,3237363036,176526.33611007035,80
5693657962,3237363045,176531.58094908137,82
5693657962,4137095171,176512.0876964589,81
5693657962,3474422106,309148.03913298075,103
5693657962,4136824662,309149.65708335163,102
5693657962,4137349478,137677.78899053065,87
5693657962,6537569535,173556.91002591554,51
5693657962,4963408994,85687.82644909363,81
5693657962,9513937138,41950.95651983756,32
5693657962,4944055508,41961.1884386872,33
5693657962,4944055634,41960.22327264625,33
5693657962,4963408992,85677.46074008662,80
5693657962,6524681176,115921.64494613267,155
5693657962,9628046175,115887.59372708708,154
5693657962,7042347623,256679.13662089306,91
5693657962,8014319682,101916.4806722069,51
5693657962,8032417737,130153.08326664969,63
5693657962,8032417743,130165.41189372758,64
5693657962,8032417746,130167.5697394384,64
5693657962,8032417740,130154.29559142333,63
5693657962,9568699375,41951.761258792314,32
5693657962,11715824035,188704.5986374415,52
310860950,258029156,116728.10883026358,71
310860950,44265234,117434.53845918557,37
310860950,603240642,117192.56043091879,35
310860950,49364356,106744.26595737715,47
310860950,59947552,140582.10936688632,40
310860950,3390634865,132755.88047685736,43
310860950,98554769,141883.00810617144,33
310860950,5693657962,123035.6059631053,92
310860950,8014319683,200815.2818305962,99
310860950,603240427,81831.85831596538,33
310860950,617967952,80574.63692094997,29
310860950,7087535778,80594.53384864765,30
310860950,617968149,83858.05491780258,36
310860950,634172980,320673.521842772,125
310860950,665214512,83225.44021914538,81
310860950,665214513,83153.27317070137,80
310860950,4136824664,407843.42877085495,140
310860950,7599684152,171895.62231273716,87
310860950,6537569534,272441.6941528872,99
310860950,4136824665,407871.76782236574,141
310860950,3174892783,95626.5490017546,49
310860950,1239489717,95633.78340053359,49
310860950,1242694031,274813.60937106534,102
310860950,4139418521,274778.8696424736,101
310860950,2155580115,95412.83097142659,65
310860950,6524681177,82409.71043742508,73
310860950,5217538839,347970.24045187514,128
310860950,7042347620,355430.40673120855,132
310860950,13743364556,269273.9364391825,75
310860950,1684534515,235830.7510137647,62
310860950,11715824040,235835.48270807153,62
310860950,1809805397,149459.11316552485,43
310860950,1728838958,275500.7965379836,122
310860950,7085505934,275480.2254536974,121
310860950,1732642149,293164.89591830986,113
310860950,1886079221,238247.84986087828,104
310860950,1735981103,355410.8167827799,131
310860950,7042347632,355403.1518253425,130
310860950,1740742111,258552.54235233561,99
310860950,1750869639,32482.090547423664,18
310860950,1783974992,203071.05659528665,71
310860950,10016226413,203062.84722065725,71
310860950,1945675344,149480.4977623331,44
310860950,1797964180,41082.525443028775,18
310860950,4959610635,229098.0626553046,73
310860950,1985676681,104357.27499395917,31
310860950,13749558430,238232.26780043455,104
310860950,4212767857,269264.30884128244,75
310860950,3527283166,143061.6310850617,53
310860950,1981147403,171889.1029632102,84
310860950,2011981296,120175.39742017607,50
310860950,5372968715,84577.74126899712,66
310860950,3794035028,85122.4895535973,41
310860950,3849049820,95391.09816459997,66
310860950,2339297860,67423.38569438823,17
310860950,2339297862,67423.4788387841,17
310860950,6289622879,170562.7771319739,83
310860950,3088508709,125917.85150713062,86
310860950,3088508720,125921.07776626058,86
310860950,3136385191,84634.30273572744,73
310860950,3237363036,275233.99102919234,118
310860950,3237363045,275239.23586820334,120
310860950,4137095171,275219.7426155809,119
310860950,3474422106,407855.69405210274,141
310860950,4136824662,407857.3120024736,140
310860950,4137349478,217119.91491122602,72
310860950,6537569535,272463.4903928936,100
310860950,4963408994,77257.06430667626,31
310860950,9513937138,114428.11616208495,61
310860950,4944055508,114412.61291992827,60
310860950,4944055634,114419.91746676974,61
310860950,4963408992,77255.90402849707,31
310860950,6524681176,82489.15110485659,75
310860950,9628046175,82455.099885811,74
310860950,7042347623,355386.791540015,129
310860950,8014319682,200815.35156452717,99
310860950,8032417737,229051.95415896995,111
310860950,8032417743,229064.2827860478,112
310860950,8032417746,229066.44063175865,112
310860950,8032417740,229053.16648374358,111
310860950,9568699375,114420.44274706097,60
310860950,11715824035,235838.87498340348,63
8014319683,258029156,106798.7908125267,56
8014319683,44265234,223987.28337607195,81
8014319683,603240642,223922.8268654192,80
8014319683,49364356,193646.64452310323,76
8014319683,59947552,295860.79904538544,270
8014319683,3390634865,174255.48416761408,82
8014319683,98554769,316084.6817989941,130
8014319683,5693657962,101916.41093827588,51
8014319683,310860950,200815.28183059616,99
8014319683,603240427,218559.05216451496,90
8014319683,617967952,120657.16084284527,59
8014319683,7087535778,120655.0071963038,59
8014319683,617968149,116957.22691279353,63
8014319683,634172980,120049.78546888681,36
8014319683,665214512,180822.58691306866,157
8014319683,665214513,180750.41986462465,156
8014319683,4136824664,207219.6923969697,51
8014319683,7599684152,28934.338586806603,16
8014319683,6537569534,104592.24909972234,13
8014319683,4136824665,207248.0314484805,52
8014319683,3174892783,105204.17384726118,52
8014319683,1239489717,105193.92755585212,51
8014319683,1242694031,106964.16431790047,16
8014319683,4139418521,106929.42458930872,15
8014319683,2155580115,161694.83457752614,91
8014319683,6524681177,180202.4709759644,153
8014319683,5217538839,147346.5040779899,39
8014319683,7042347620,154806.6703573233,43
8014319683,13743364556,149457.78867570782,42
8014319683,1684534515,203068.51657261894,48
8014319683,11715824040,203062.6252094406,47
8014319683,1809805397,201813.82979793826,75
8014319683,1728838958,74877.06016409838,33
8014319683,7085505934,74856.48907981218,32
8014319683,1732642149,92541.15954442453,24
8014319683,1886079221,37624.11348699298,15
8014319683,1735981103,154787.08040889463,42
8014319683,7042347632,154779.41545145726,41
8014319683,1740742111,70023.71279330613,8
8014319683,1750869639,233297.3723780198,117
8014319683,1783974992,141948.1598553219,47
8014319683,10016226413,141939.9504806925,47
8014319683,1945675344,201805.58640600095,75
8014319683,1797964180,163347.04952333943,89
8014319683,4959610635,143828.37287244792,29
8014319683,1985676681,305172.55682455533,130
8014319683,13749558430,37601.08119524083,14
8014319683,4212767857,149439.05253026632,41
8014319683,3527283166,196372.5519479452,75
8014319683,1981147403,28926.178867385952,15
8014319683,2011981296,180215.5130603043,73
8014319683,5372968715,178561.51250194744,154
8014319683,3794035028,117129.53359229979,66
8014319683,3849049820,161673.10177069955,92
8014319683,2339297860,203535.90834409185,197
8014319683,2339297862,203548.4478425787,198
8014319683,6289622879,30265.76724435318,19
8014319683,3088508709,97614.05893142776,42
8014319683,3088508720,97605.82187652969,41
8014319683,3136385191,178580.15520318982,154
8014319683,3237363036,74610.2546553071,29
8014319683,3237363045,74615.4994943181,31
8014319683,4137095171,74596.00624169565,30
8014319683,3474422106,207231.95767821747,52
8014319683,4136824662,207233.57562858838,51
8014319683,4137349478,35761.707535767455,36
8014319683,6537569535,104614.04533972873,14
8014319683,4963408994,150034.0985652616,78
8014319683,9513937138,86387.16566851117,38
8014319683,4944055508,86403.73696816133,40
8014319683,4944055634,86396.43242131987,39
8014319683,4963408992,150023.73285625462,77
8014319683,6524681176,180267.91706230064,152
8014319683,9628046175,180233.86584325504,151
8014319683,7042347623,154763.0551661298,40
8014319683,8014319682,9.406376905386974,1
8014319683,8032417737,28237.001811886454,12
8014319683,8032417743,28249.330438964334,13
8014319683,8032417746,28251.48828467517,13
8014319683,8032417740,28238.21413666009,12
8014319683,9568699375,86394.83908353515,39
8014319683,11715824035,203060.52091920955,45
603240427,258029156,118380.71551597936,36
603240427,44265234,35602.680143220205,4
603240427,603240642,35360.70211495343,2
603240427,49364356,24912.407641411763,14
603240427,59947552,195880.41323954344,62
603240427,3390634865,50924.022160891975,10
603240427,98554769,163154.95479935172,51
603240427,5693657962,124688.21264882109,57
603240427,310860950,81831.85831596536,33
603240427,8014319683,218559.05216451507,90
603240427,617967952,162406.49523691533,62
603240427,7087535778,162426.39216461303,63
603240427,617968149,145795.20632511075,56
603240427,634172980,338608.50814988906,126
603240427,665214512,165057.29853511072,114
603240427,665214513,164985.1314866667,113
603240427,4136824664,425778.415077972,141
603240427,7599684152,189624.7135777084,74
603240427,6537569534,283723.71717605466,77
603240427,4136824665,425806.7541294828,142
603240427,3174892783,156464.3861638112,65
603240427,1239489717,156471.6205625902,65
603240427,1242694031,286095.6323942328,80
603240427,4139418521,286060.89266564103,79
603240427,2155580115,177244.6892873919,98
603240427,6524681177,164241.5687533904,106
603240427,5217538839,365905.2267589922,129
603240427,7042347620,373365.3930383256,133
603240427,13743364556,187442.0781232171,42
603240427,1684534515,153998.89269779934,29
603240427,11715824040,154003.62439210617,29
603240427,1809805397,67627.25484955948,10
603240427,1728838958,293435.7828451006,123
603240427,7085505934,293415.2117608144,122
603240427,1732642149,311099.88222542696,114
603240427,1886079221,256182.83616799535,105
603240427,1735981103,373345.8030898969,132
603240427,7042347632,373338.13813245954,131
603240427,1740742111,276296.31268625456,90
603240427,1750869639,67045.83563157398,26
603240427,1783974992,121239.19827932127,38
603240427,10016226413,121230.98890469184,38
603240427,1945675344,67648.63944636776,11
603240427,1797964180,122914.38375899412,51
603240427,4959610635,147266.2043393392,40
603240427,1985676681,123152.46091463984,26
603240427,13749558430,256159.8038762432,104
603240427,4212767857,187432.45052531705,42
603240427,3527283166,61229.7727690963,20
603240427,1981147403,189632.87329712906,75
603240427,2011981296,38343.53910421068,17
603240427,5372968715,166409.59958496247,99
603240427,3794035028,144532.96306733182,50
603240427,3849049820,177222.9564805653,99
603240427,2339297860,149255.2440103536,50
603240427,2339297862,149255.33715474946,50
603240427,6289622879,188304.22894208337,73
603240427,3088508709,127570.4581928464,51
603240427,3088508720,127573.68445197637,51
603240427,3136385191,166466.1610516928,106
603240427,3237363036,293168.9773363094,119
603240427,3237363045,293174.2221753204,121
603240427,4137095171,293154.72892269795,120
603240427,3474422106,425790.6803592198,142
603240427,4136824662,425792.29830959067,141
603240427,4137349478,254320.4302167698,126
603240427,6537569535,283745.51341606106,78
603240427,4963408994,159088.92262264155,64
603240427,9513937138,159215.4305270734,58
603240427,4944055508,159225.66244592302,59
603240427,4944055634,159224.6972798821,59
603240427,4963408992,159087.76234446236,64
603240427,6524681176,164321.0094208219,108
603240427,9628046175,164286.95820177632,107
603240427,7042347623,373321.77784713206,130
603240427,8014319682,218559.12189844603,90
603240427,8032417737,246795.7244928888,102
603240427,8032417743,246808.05311996667,103
603240427,8032417746,246810.2109656775,103
603240427,8032417740,246796.93681766244,102
603240427,9568699375,159216.23526602815,58
603240427,11715824035,154007.01666743812,30
617967952,258029156,50003.391593835506,41
617967952,44265234,195709.6146783094,77
617967952,603240642,195645.15816765663,76
617967952,49364356,165368.97582534066,72
617967952,59947552,175203.6382025402,211
617967952,3390634865,112004.5218455933,52
617967952,98554769,195427.52095614883,71
617967952,5693657962,56310.88872667726,62
617967952,310860950,80574.63692094997,29
617967952,8014319683,120657.16084284532,59
617967952,603240427,162406.49523691536,62
617967952,7087535778,19.896927697693,1
617967952,617968149,17133.337681374524,6
617967952,634172980,240386.17003479894,98
617967952,665214512,60165.426070223366,98
617967952,665214513,60093.259021779355,97
617967952,4136824664,327556.0769628819,113
617967952,7599684152,91737.50132498638,47
617967952,6537569534,192283.5731651363,59
617967952,4136824665,327584.4160143927,114
617967952,3174892783,15452.98699558411,7
617967952,1239489717,15463.23328699317,8
617967952,1242694031,194655.48838331443,62
617967952,4139418521,194620.74865472267,61
617967952,2155580115,47178.08693758708,37
617967952,6524681177,59545.310133119085,94
617967952,5217538839,267682.8886439021,101
617967952,7042347620,275143.0549232355,105
617967952,13743364556,225663.5522931218,93
617967952,1684534515,244727.82220941494,110
617967952,11715824040,244721.9308462366,109
617967952,1809805397,209788.69706001817,101
617967952,1728838958,195213.44473001052,95
617967952,7085505934,195192.87364572432,94
617967952,1732642149,212877.5441103367,86
617967952,1886079221,157960.4980529051,77
617967952,1735981103,275123.4649748068,104
617967952,7042347632,275115.80001736945,103
617967952,1740742111,178394.42136458476,59
617967952,1750869639,113056.72746837363,47
617967952,1783974992,159460.67244922594,89
617967952,10016226413,159452.46307459654,89
617967952,1945675344,209780.45366808085,101
617967952,1797964180,43106.40461369328,19
617967952,4959610635,185487.67850924388,91
617967952,1985676681,184931.91191490923,60
617967952,13749558430,157944.91599246138,77
617967952,4212767857,225653.92469522174,93
617967952,3527283166,188661.78729304278,77
617967952,1981147403,91730.98197545936,44
617967952,2011981296,160209.53853439505,63
617967952,5372968715,57904.35165910217,95
617967952,3794035028,18397.772317169256,11
617967952,3849049820,47156.35413076046,38
617967952,2339297860,82878.74750124653,138
617967952,2339297862,82891.28699973338,139
617967952,6289622879,90404.65614422309,43
617967952,3088508709,59193.13427070255,56
617967952,3088508720,59196.36052983253,56
617967952,3136385191,57922.994360344564,95
617967952,3237363036,194946.63922121923,91
617967952,3237363045,194951.88406023025,93
617967952,4137095171,194932.3908076078,92
617967952,3474422106,327568.3422441297,114
617967952,4136824662,327569.96019450057,113
617967952,4137349478,136832.56310325285,45
617967952,6537569535,192305.3694051427,60
617967952,4963408994,29376.93772241635,19
617967952,9513937138,34269.99517433414,21
617967952,4944055508,34254.491932177436,20
617967952,4944055634,34261.7964790189,21
617967952,4963408992,29366.57201340935,18
617967952,6524681176,59610.75621945533,93
617967952,9628046175,59576.70500040975,92
617967952,7042347623,275099.43973204197,102
617967952,8014319682,120657.23057677626,59
617967952,8032417737,148893.83317121904,71
617967952,8032417743,148906.1617982969,72
617967952,8032417746,148908.31964400774,72
617967952,8032417740,148895.04549599267,71
617967952,9568699375,34262.32175931015,20
617967952,11715824035,244719.82655600554,107
7087535778,258029156,49983.49466613781,40
7087535778,44265234,195689.7177506117,76
7087535778,603240642,195625.26123995893,75
7087535778,49364356,165349.07889764296,71
7087535778,59947552,175223.5351302379,212
7087535778,3390634865,111984.62491789562,51
7087535778,98554769,195447.41788384653,72
7087535778,5693657962,56290.991798979565,61
7087535778,310860950,80594.53384864765,30
7087535778,8014319683,120655.00719630382,59
7087535778,603240427,162426.39216461306,63
7087535778,617967952,19.896927697693,1
7087535778,617968149,17113.44075367683,5
7087535778,634172980,240384.01638825747,98
7087535778,665214512,60185.32299792106,99
7087535778,665214513,60113.15594947705,98
7087535778,4136824664,327553.9233163404,113
7087535778,7599684152,91735.34767844489,47
7087535778,6537569534,192281.4195185948,59
7087535778,4136824665,327582.2623678512,114
7087535778,3174892783,15450.833349042632,7
7087535778,1239489717,15461.079640451693,8
7087535778,1242694031,194653.33473677293,62
7087535778,4139418521,194618.59500818118,61
7087535778,2155580115,47197.98386528477,38
7087535778,6524681177,59565.20706081678,95
7087535778,5217538839,267680.7349973606,101
7087535778,7042347620,275140.901276694,105
7087535778,13743364556,225643.65536542409,92
7087535778,1684534515,244707.92528171724,109
7087535778,11715824040,244702.0339185389,108
7087535778,1809805397,209768.80013232047,100
7087535778,1728838958,195211.29108346906,95
7087535778,7085505934,195190.71999918285,94
7087535778,1732642149,212875.39046379522,86
7087535778,1886079221,157958.34440636364,77
7087535778,1735981103,275121.31132826535,104
7087535778,7042347632,275113.646370828,103
7087535778,1740742111,178392.26771804327,59
7087535778,1750869639,113076.62439607132,48
7087535778,1783974992,159440.77552152824,88
7087535778,10016226413,159432.56614689884,88
7087535778,1945675344,209760.55674038315,100
7087535778,1797964180,43126.301541390974,20
7087535778,4959610635,185467.78158154618,90
7087535778,1985676681,184951.80884260693,61
7087535778,13749558430,157942.7623459199,77
7087535778,4212767857,225634.02776752404,92
7087535778,3527283166,188641.89036534508,76
7087535778,1981147403,91728.82832891787,44
7087535778,2011981296,160189.64160669735,62
7087535778,5372968715,57924.24858679986,96
7087535778,3794035028,18377.875389471563,10
7087535778,3849049820,47176.25105845815,39
7087535778,2339297860,82898.64442894423,139
7087535778,2339297862,82911.18392743108,140
7087535778,6289622879,90402.50249768159,43
7087535778,3088508709,59173.237343004854,55
7087535778,3088508720,59176.463602134834,55
7087535778,3136385191,57942.89128804226,96
7087535778,3237363036,194944.48557467776,91
7087535778,3237363045,194949.73041368878,93
7087535778,4137095171,194930.23716106632,92
7087535778,3474422106,327566.1885975882,114
7087535778,4136824662,327567.8065479591,113
7087535778,4137349478,136830.40945671138,45
7087535778,6537569535,192303.2157586012,60
7087535778,4963408994,29396.834650114044,20
7087535778,9513937138,34267.841527792654,21
7087535778,4944055508,34252.33828563596,20
7087535778,4944055634,34259.642832477424,21
7087535778,4963408992,29386.468941107043,19
7087535778,6524681176,59630.653147153025,94
7087535778,9628046175,59596.60192810744,93
7087535778,7042347623,275097.2860855005,102
7087535778,8014319682,120655.07693023476,59
7087535778,8032417737,148891.67952467754,71
7087535778,8032417743,148904.0081517554,72
7087535778,8032417746,148906.16599746625,72
7087535778,8032417740,148892.89184945117,71
7087535778,9568699375,34260.16811276867,20
7087535778,11715824035,244699.92962830784,106
617968149,258029156,32870.053912460986,35
617968149,44265234,178576.27699693484,71
617968149,603240642,178511.8204862821,70
617968149,49364356,148235.63814396612,66
617968149,59947552,186282.8184399106,73
617968149,3390634865,94871.1841642188,46
617968149,98554769,202504.9627709556,70
617968149,5693657962,39177.55104530274,56
617968149,310860950,83858.0549178026,36
617968149,8014319683,116957.22691279354,63
617968149,603240427,145795.20632511078,56
617968149,617967952,17133.337681374524,6
617968149,7087535778,17113.44075367683,5
617968149,634172980,237006.68289816764,99
617968149,665214512,77298.7637515979,104
617968149,665214513,77226.59670315389,103
617968149,4136824664,324176.58982625057,114
617968149,7599684152,88037.56739493461,51
617968149,6537569534,188583.63923508453,63
617968149,4136824665,324204.92887776135,115
617968149,3174892783,11768.49408395201,13
617968149,1239489717,11775.728482731005,13
617968149,1242694031,190955.55445326265,66
617968149,4139418521,190920.8147246709,65
617968149,2155580115,64311.424618961595,43
617968149,6524681177,76678.64781449361,100
617968149,5217538839,264303.40150727076,102
617968149,7042347620,271763.56778660417,106
617968149,13743364556,208530.21461174724,87
617968149,1684534515,227594.48452804037,104
617968149,11715824040,227588.59316486202,103
617968149,1809805397,192655.35937864362,95
617968149,1728838958,191833.95759337922,96
617968149,7085505934,191813.38650909302,95
617968149,1732642149,209498.0569737054,87
617968149,1886079221,154581.0109162738,78
617968149,1735981103,271743.9778381755,105
617968149,7042347632,271736.3128807381,104
617968149,1740742111,174694.487434533,63
617968149,1750869639,116340.14546522626,54
617968149,1783974992,142327.3347678514,83
617968149,10016226413,142319.125393222,83
617968149,1945675344,192647.1159867063,95
617968149,1797964180,46389.82261054592,26
617968149,4959610635,168354.34082786934,85
617968149,1985676681,188215.32991176183,67
617968149,13749558430,154557.97862452167,77
617968149,4212767857,208520.5870138472,87
617968149,3527283166,171528.44961166827,71
617968149,1981147403,88031.04804540759,48
617968149,2011981296,143076.20085302053,57
617968149,5372968715,75037.6893404767,101
617968149,3794035028,1264.4346357947286,5
617968149,3849049820,64289.69181213497,44
617968149,2339297860,100012.08518262109,144
617968149,2339297862,100024.62468110793,145
617968149,6289622879,86704.72221417131,47
617968149,3088508709,42059.79658932803,50
617968149,3088508720,42063.02284845801,50
617968149,3136385191,75056.3320417191,101
617968149,3237363036,191567.15208458793,92
617968149,3237363045,191572.39692359895,94
617968149,4137095171,191552.9036709765,93
617968149,3474422106,324188.85510749836,115
617968149,4136824662,324190.47305786924,114
617968149,4137349478,135098.03528802044,53
617968149,6537569535,188605.43547509093,64
617968149,4963408994,46510.27540379088,25
617968149,9513937138,30570.061244282373,25
617968149,4944055508,30554.558002125683,24
617968149,4944055634,30561.862548967143,25
617968149,4963408992,46499.90969478388,24
617968149,6524681176,76744.09390082989,99
617968149,9628046175,76710.0426817843,98
617968149,7042347623,271719.95259541064,103
617968149,8014319682,116957.29664672448,63
617968149,8032417737,145193.89924116727,75
617968149,8032417743,145206.22786824513,76
617968149,8032417746,145208.38571395597,76
617968149,8032417740,145195.1115659409,75
617968149,9568699375,30562.387829258387,24
617968149,11715824035,227586.48887463097,101
634172980,258029156,226848.24679790088,92
634172980,44265234,344036.73936144606,117
634172980,603240642,343972.28285079333,116
634172980,49364356,313696.10050847736,112
634172980,59947552,409867.72993986995,302
634172980,3390634865,294304.9401529881,118
634172980,98554769,432485.9790193467,170
634172980,5693657962,221965.8669236501,87
634172980,310860950,320673.5218427719,125
634172980,8014319683,120049.7854688868,36
634172980,603240427,338608.50814988924,126
634172980,617967952,240386.17003479897,98
634172980,7087535778,240384.0163882575,98
634172980,617968149,237006.68289816767,99
634172980,665214512,294633.9791204254,184
634172980,665214513,294561.8120719814,183
634172980,4136824664,87169.90692808291,15
634172980,7599684152,148983.79457218072,52
634172980,6537569534,141482.01567841295,24
634172980,4136824665,87198.2459795937,16
634172980,3174892783,225253.62983263537,88
634172980,1239489717,225243.3835412263,87
634172980,1242694031,139157.07390780415,22
634172980,4139418521,139144.84018882658,22
634172980,2155580115,272509.9074060887,129
634172980,6524681177,294013.8631833212,180
634172980,5217538839,47375.22427278407,6
634172980,7042347620,34756.884888436514,7
634172980,13743364556,257399.10789495026,54
634172980,1684534515,323118.3020415055,84
634172980,11715824040,323112.4106783272,83
634172980,1809805397,321863.2857833123,111
634172980,1728838958,45172.72530478843,3
634172980,7085505934,45193.29638907464,4
634172980,1732642149,80783.24609500817,7
634172980,1886079221,82425.67198189384,21
634172980,1735981103,34737.29494000783,6
634172980,7042347632,34729.62998257045,5
634172980,1740742111,91579.75690208582,16
634172980,1750869639,353155.6123901956,143
634172980,1783974992,261997.61584069597,83
634172980,10016226413,261989.40646606658,83
634172980,1945675344,321855.04239137494,111
634172980,1797964180,281516.2909225532,118
634172980,4959610635,263878.1583413346,65
634172980,1985676681,425030.79683673114,156
634172980,13749558430,82448.704273646,22
634172980,4212767857,257380.37174950875,53
634172980,3527283166,316422.0079333192,111
634172980,1981147403,148975.63485276006,51
634172980,2011981296,300264.9690456784,109
634172980,5372968715,292200.3104777561,175
634172980,3794035028,237178.98957767393,102
634172980,3849049820,272488.17459926207,130
634172980,2339297860,317542.83923857653,229
634172980,2339297862,317555.3787370634,230
634172980,6289622879,150315.2232297273,55
634172980,3088508709,217663.51491680194,78
634172980,3088508720,217655.2778619039,77
634172980,3136385191,292218.9531789985,175
634172980,3237363036,45439.530813579724,7
634172980,3237363045,45445.43680575026,8
634172980,4137095171,45459.30699039921,8
634172980,3474422106,87182.17220933067,16
634172980,4136824662,87183.7901597016,15
634172980,4137349478,103561.52502354111,54
634172980,6537569535,141460.21943840655,23
634172980,4963408994,266229.63434740837,116
634172980,9513937138,206436.6216538853,74
634172980,4944055508,206453.19295353544,76
634172980,4944055634,206445.888406694,75
634172980,4963408992,266219.26863840135,115
634172980,6524681176,294079.30926965736,179
634172980,9628046175,294045.25805061177,178
634172980,7042347623,34713.269697242984,4
634172980,8014319682,120049.38625144314,36
634172980,8032417737,91864.65080226408,27
634172980,8032417743,91875.93864372582,28
634172980,8032417746,91865.01586155655,27
634172980,8032417740,91878.03833510783,28
634172980,9568699375,206444.29506890927,75
634172980,11715824035,323110.30638809624,81
665214512,258029156,110168.8176640589,139
665214512,44265234,200659.97867833098,118
665214512,603240642,200418.0006500642,116
665214512,49364356,189969.7061765225,128
665214512,59947552,116390.43843272666,124
665214512,3390634865,156358.43246133314,93
665214512,98554769,146368.5488190927,116
665214512,5693657962,116476.31479690062,160
665214512,310860950,83225.44021914538,81
665214512,8014319683,180822.58691306872,157
665214512,603240427,165057.29853511078,114
665214512,617967952,60165.42607022338,98
665214512,7087535778,60185.322997921074,99
665214512,617968149,77298.7637515979,104
665214512,634172980,294633.9791204254,184
665214512,665214513,72.16704844401258,1
665214512,4136824664,351000.4233961371,124
665214512,7599684152,151902.9273952097,145
665214512,6537569534,252448.99923535966,157
665214512,4136824665,351028.76244764787,125
665214512,3174892783,75618.41306580749,105
665214512,1239489717,75628.65935721654,106
665214512,1242694031,254820.9144535378,160
665214512,4139418521,254786.17472494603,159
665214512,2155580115,22124.071714336707,55
665214512,6524681177,815.7297817203068,8
665214512,5217538839,321930.69772952853,187
665214512,7042347620,329390.86400886194,191
665214512,13743364556,285828.97836334514,191
665214512,1684534515,304893.2482796381,208
665214512,11715824040,304887.3569164598,207
665214512,1809805397,232684.55338467026,124
665214512,1728838958,249461.25381563697,181
665214512,7085505934,249440.68273135077,180
665214512,1732642149,258260.87461275983,114
665214512,1886079221,212208.30713853156,163
665214512,1735981103,329371.27406043326,190
665214512,7042347632,329363.6091029959,189
665214512,1740742111,238559.84743480812,157
665214512,1750869639,115707.53076656905,99
665214512,1783974992,219626.0985194493,187
665214512,10016226413,219617.8891448199,187
665214512,1945675344,232705.93798147852,125
665214512,1797964180,47345.51274762818,60
665214512,4959610635,245653.10457946724,189
665214512,1985676681,187582.71521310465,112
665214512,13749558430,212192.72507808782,163
665214512,4212767857,285819.3507654451,191
665214512,3527283166,226287.07130420706,134
665214512,1981147403,151896.4080456827,142
665214512,2011981296,203400.83763932143,131
665214512,5372968715,3003.010907903573,17
665214512,3794035028,78563.19838739262,109
665214512,3849049820,22156.43548960416,56
665214512,2339297860,24065.547731432984,51
665214512,2339297862,24078.087229919838,52
665214512,6289622879,150570.08221444645,141
665214512,3088508709,119358.56034092593,154
665214512,3088508720,119361.7866000559,154
665214512,3136385191,3032.4252095892098,17
665214512,3237363036,249194.44830684568,177
665214512,3237363045,249199.6931458567,179
665214512,4137095171,249180.19989323424,178
665214512,3474422106,351012.68867738487,125
665214512,4136824662,351014.30662775575,124
665214512,4137349478,191080.3721888793,131
665214512,6537569535,252470.79547536606,158
665214512,4963408994,30788.488347807033,79
665214512,9513937138,94435.4212445575,119
665214512,4944055508,94419.91800240082,118
665214512,4944055634,94427.22254924229,119
665214512,4963408992,30798.854056814034,80
665214512,6524681176,736.2891142888,6
665214512,9628046175,770.3403333343878,7
665214512,7042347623,329347.2488176684,188
665214512,8014319682,180822.65664699968,157
665214512,8032417737,208033.60249246377,164
665214512,8032417743,208045.93111954164,165
665214512,8032417746,208048.08896525248,165
665214512,8032417740,208034.8148172374,164
665214512,9568699375,94427.74782953352,118
665214512,11715824035,304885.25262622884,205
665214513,258029156,110096.65061561488,138
665214513,44265234,200587.81162988697,117
665214513,603240642,200345.8336016202,115
665214513,49364356,189897.5391280785,127
665214513,59947552,116444.58804522466,123
665214513,3390634865,156286.26541288913,92
665214513,98554769,146422.69843159072,115
665214513,5693657962,116404.14774845661,159
665214513,310860950,83153.27317070137,80
665214513,8014319683,180750.41986462474,156
665214513,603240427,164985.13148666677,113
665214513,617967952,60093.25902177937,97
665214513,7087535778,60113.15594947706,98
665214513,617968149,77226.59670315389,103
665214513,634172980,294561.8120719814,183
665214513,665214512,72.16704844401258,1
665214513,4136824664,350928.25634769304,123
665214513,7599684152,151830.7603467657,144
665214513,6537569534,252376.83218691568,156
665214513,4136824665,350956.5953992038,124
665214513,3174892783,75546.24601736348,104
665214513,1239489717,75556.49230877253,105
665214513,1242694031,254748.7474050938,159
665214513,4139418521,254714.00767650205,158
665214513,2155580115,22051.904665892693,54
665214513,6524681177,743.5627332762942,7
665214513,5217538839,321858.5306810845,186
665214513,7042347620,329318.6969604179,190
665214513,13743364556,285756.8113149011,190
665214513,1684534515,304821.08123119414,207
665214513,11715824040,304815.1898680158,206
665214513,1809805397,232612.38633622625,123
665214513,1728838958,249389.08676719293,180
665214513,7085505934,249368.51568290673,179
665214513,1732642149,258188.7075643158,113
665214513,1886079221,212136.14009008752,162
665214513,1735981103,329299.1070119892,189
665214513,7042347632,329291.44205455185,188
665214513,1740742111,238487.68038636414,156
665214513,1750869639,115635.36371812504,98
665214513,1783974992,219553.9314710053,186
665214513,10016226413,219545.7220963759,186
665214513,1945675344,232633.7709330345,124
665214513,1797964180,47273.34569918417,59
665214513,4959610635,245580.93753102323,188
665214513,1985676681,187510.5481646606,111
665214513,13749558430,212120.55802964378,162
665214513,4212767857,285747.18371700105,190
665214513,3527283166,226214.90425576305,133
665214513,1981147403,151824.24099723872,141
665214513,2011981296,203328.67059087742,130
665214513,5372968715,3017.6855797661538,17
665214513,3794035028,78491.03133894861,108
665214513,3849049820,22084.268441160144,55
665214513,2339297860,24119.697343930995,50
665214513,2339297862,24132.23684241785,51
665214513,6289622879,150497.91516600244,140
665214513,3088508709,119286.39329248192,153
665214513,3088508720,119289.61955161189,153
665214513,3136385191,3047.0998814517907,17
665214513,3237363036,249122.28125840164,176
665214513,3237363045,249127.52609741266,178
665214513,4137095171,249108.0328447902,177
665214513,3474422106,350940.5216289408,124
665214513,4136824662,350942.1395793117,123
665214513,4137349478,191008.20514043525,130
665214513,6537569535,252398.62842692208,157
665214513,4963408994,30716.32129936302,78
665214513,9513937138,94363.25419611348,118
665214513,4944055508,94347.75095395681,117
665214513,4944055634,94355.05550079828,118
665214513,4963408992,30726.68700837002,79
665214513,6524681176,664.1220658447874,5
665214513,9628046175,698.1732848903752,6
665214513,7042347623,329275.0817692244,187
665214513,8014319682,180750.4895985557,156
665214513,8032417737,207961.43544401973,163
665214513,8032417743,207973.7640710976,164
665214513,8032417746,207975.92191680844,164
665214513,8032417740,207962.64776879337,163
665214513,9568699375,94355.5807810895,117
665214513,11715824035,304813.08557778486,204
4136824664,258029156,314018.1537259839,107
4136824664,44265234,431206.6462895291,132
4136824664,603240642,431142.1897788764,131
4136824664,49364356,400866.0074365604,127
4136824664,59947552,466234.1742155815,242
4136824664,3390634865,381474.8470810713,133
4136824664,98554769,496212.28460194764,234
4136824664,5693657962,309135.77385173325,102
4136824664,310860950,407843.4287708547,140
4136824664,8014319683,207219.69239696974,51
4136824664,603240427,425778.4150779723,141
4136824664,617967952,327556.0769628818,113
4136824664,7087535778,327553.9233163403,113
4136824664,617968149,324176.5898262506,114
4136824664,634172980,87169.90692808293,15
4136824664,665214512,351000.42339613696,124
4136824664,665214513,350928.2563476929,123
4136824664,7599684152,236153.7015002637,67
4136824664,6537569534,228651.92260649588,39
4136824664,4136824665,30.060684348762024,2
4136824664,3174892783,312423.5367607183,103
4136824664,1239489717,312413.29046930926,102
4136824664,1242694031,226326.98083588708,37
4136824664,4139418521,226314.7471169095,37
4136824664,2155580115,328876.35168180027,69
4136824664,6524681177,350380.30745903275,120
4136824664,5217538839,105353.17445055424,18
4136824664,7042347620,52413.02203964641,8
4136824664,13743364556,344569.0148230333,69
4136824664,1684534515,410288.20896958845,99
4136824664,11715824040,410282.3176064101,98
4136824664,1809805397,409033.19271139527,126
4136824664,1728838958,132342.63223287134,18
4136824664,7085505934,132363.20331715755,19
4136824664,1732642149,128202.59368577362,14
4136824664,1886079221,169595.57890997676,36
4136824664,1735981103,52432.61198807509,9
4136824664,7042347632,52440.27694551247,10
4136824664,1740742111,178749.66383016875,31
4136824664,1750869639,440325.5193182784,158
4136824664,1783974992,349167.522768779,98
4136824664,10016226413,349159.31339414953,98
4136824664,1945675344,409024.9493194579,126
4136824664,1797964180,368686.1978506362,133
4136824664,4959610635,351048.06526941754,80
4136824664,1985676681,512200.70376481395,171
4136824664,13749558430,169618.6112017289,37
4136824664,4212767857,344550.2786775918,68
4136824664,3527283166,403591.91486140224,126
4136824664,1981147403,236145.54178084305,66
4136824664,2011981296,387434.87597376143,124
4136824664,5372968715,348566.7547534676,115
4136824664,3794035028,324348.89650575694,117
4136824664,3849049820,328843.9879065328,68
4136824664,2339297860,373909.2835142881,169
4136824664,2339297862,373921.8230127749,170
4136824664,6289622879,237485.1301578103,70
4136824664,3088508709,304833.4218448849,93
4136824664,3088508720,304825.1847899869,92
4136824664,3136385191,348585.39745471004,115
4136824664,3237363036,132609.43774166264,22
4136824664,3237363045,132615.34373383317,23
4136824664,4137095171,132629.21391848213,23
4136824664,3474422106,12.265281247766945,1
4136824664,4136824662,20.14691358517821,1
4136824664,4137349478,190731.43195162405,69
4136824664,6537569535,228630.12636648948,38
4136824664,4963408994,342314.6529887296,87
4136824664,9513937138,293606.5285819683,89
4136824664,4944055508,293623.09988161846,91
4136824664,4944055634,293615.795334777,90
4136824664,4963408992,342316.9857103565,87
4136824664,6524681176,350445.7535453689,119
4136824664,9628046175,350411.7023263233,118
4136824664,7042347623,52456.63723083994,11
4136824664,8014319682,207219.29317952608,51
4136824664,8032417737,179034.557730347,42
4136824664,8032417743,179045.84557180875,43
4136824664,8032417746,179034.92278963947,42
4136824664,8032417740,179047.94526319075,43
4136824664,9568699375,293614.2019969923,90
4136824664,11715824035,410280.2133161792,96
7599684152,258029156,77864.45222572013,40
7599684152,44265234,195052.94478926537,65
7599684152,603240642,194988.4882786126,64
7599684152,49364356,164712.30593629665,60
7599684152,59947552,266941.1395275267,258
7599684152,3390634865,145321.1455808075,66
7599684152,98554769,287165.02228113514,118
7599684152,5693657962,72982.07235146931,35
7599684152,310860950,171895.62231273728,87
7599684152,8014319683,28934.338586806603,16
7599684152,603240427,189624.71357770837,74
7599684152,617967952,91737.50132498636,47
7599684152,7087535778,91735.34767844489,47
7599684152,617968149,88037.56739493461,51
7599684152,634172980,148983.79457218072,52
7599684152,665214512,151902.92739520982,145
7599684152,665214513,151830.7603467658,144
7599684152,4136824664,236153.70150026362,67
7599684152,6537569534,100553.0414344398,15
7599684152,4136824665,236182.0405517744,68
7599684152,3174892783,76284.51432940226,40
7599684152,1239489717,76274.2680379932,39
7599684152,1242694031,102924.95665261794,18
7599684152,4139418521,102890.21692402619,17
7599684152,2155580115,132775.17505966718,79
7599684152,6524681177,151282.81145810554,141
7599684152,5217538839,176280.5131812838,55
7599684152,7042347620,183740.67946061722,59
7599684152,13743364556,145393.40168699584,42
7599684152,1684534515,198280.97102870428,52
7599684152,11715824040,198275.07966552593,51
7599684152,1809805397,172879.4912111317,59
7599684152,1728838958,103811.06926739227,49
7599684152,7085505934,103790.49818310607,48
7599684152,1732642149,121475.16864771844,40
7599684152,1886079221,66558.12259028689,31
7599684152,1735981103,183721.08951218854,58
7599684152,7042347632,183713.42455475117,57
7599684152,1740742111,86671.59910854604,16
7599684152,1750869639,204377.71286016091,105
7599684152,1783974992,113013.82126851531,31
7599684152,10016226413,113005.61189388589,31
7599684152,1945675344,172871.2478191944,59
7599684152,1797964180,134427.39000548053,77
7599684152,4959610635,139040.82732853325,33
7599684152,1985676681,276252.8973066964,118
7599684152,13749558430,66535.09029853473,30
7599684152,4212767857,145374.66554155434,41
7599684152,3527283166,167438.21336113862,59
7599684152,1981147403,8.159719420650056,1
7599684152,2011981296,151281.17447349773,57
7599684152,5372968715,149641.8529840886,142
7599684152,3794035028,88209.87407444087,54
7599684152,3849049820,132753.44225284058,80
7599684152,2339297860,174616.248826233,185
7599684152,2339297862,174628.78832471985,186
7599684152,6289622879,1332.845180763279,4
7599684152,3088508709,68679.7203446212,26
7599684152,3088508720,68671.48328972312,25
7599684152,3136385191,149660.49568533097,142
7599684152,3237363036,103544.263758601,45
7599684152,3237363045,103549.50859761199,47
7599684152,4137095171,103530.01534498954,46
7599684152,3474422106,236165.96678151138,68
7599684152,4136824662,236167.5847318823,67
7599684152,4137349478,64695.71663906137,52
7599684152,6537569535,100574.8376744462,16
7599684152,4963408994,121114.43904740272,66
7599684152,9513937138,57467.50615065224,26
7599684152,4944055508,57484.0774503024,28
7599684152,4944055634,57476.77290346094,27
7599684152,4963408992,121104.07333839571,65
7599684152,6524681176,151348.2575444418,140
7599684152,9628046175,151314.2063253962,139
7599684152,7042347623,183697.06426942372,56
7599684152,8014319682,28934.408320737548,16
7599684152,8032417737,57171.01091518036,28
7599684152,8032417743,57183.33954225824,29
7599684152,8032417746,57185.49738796908,29
7599684152,8032417740,57172.22323995399,28
7599684152,9568699375,57475.179565676226,27
7599684152,11715824035,198272.9753752949,49
6537569534,258029156,178417.49366016,55
6537569534,44265234,276413.2406782714,51
6537569534,603240642,276655.21870653814,53
6537569534,49364356,258811.30953464287,63
6537569534,59947552,367487.2113676763,270
6537569534,3390634865,245874.18701524724,81
6537569534,98554769,387711.09412128513,130
6537569534,5693657962,173535.1137859092,50
6537569534,310860950,272441.69415288704,99
6537569534,8014319683,104592.24909972235,13
6537569534,603240427,283723.7171760547,77
6537569534,617967952,192283.57316513642,59
6537569534,7087535778,192281.41951859495,59
6537569534,617968149,188583.63923508456,63
6537569534,634172980,141482.01567841298,24
6537569534,665214512,252448.99923535978,157
6537569534,665214513,252376.83218691577,156
6537569534,4136824664,228651.92260649588,39
6537569534,7599684152,100553.04143443982,15
6537569534,4136824665,228680.26165800667,40
6537569534,3174892783,176830.58616955226,52
6537569534,1239489717,176820.3398781432,51
6537569534,1242694031,2371.9152181781383,3
6537569534,4139418521,2337.175489586389,2
6537569534,2155580115,233321.24689981717,91
6537569534,6524681177,251828.8832982555,153
6537569534,5217538839,149489.3432899026,23
6537569534,7042347620,176238.90056684948,31
6537569534,13743364556,115928.65226077357,31
6537569534,1684534515,194655.5311674588,64
6537569534,11715824040,194661.42253063715,65
6537569534,1809805397,248777.14228633544,47
6537569534,1728838958,96309.29037362454,21
6537569534,7085505934,96288.71928933833,20
6537569534,1732642149,131902.7234818653,24
6537569534,1886079221,92348.03655694055,14
6537569534,1735981103,176219.3106184208,30
6537569534,7042347632,176211.64566098343,29
6537569534,1740742111,49902.25877632715,8
6537569534,1750869639,304923.7847003107,117
6537569534,1783974992,182095.5357662467,34
6537569534,10016226413,182104.2774368681,35
6537569534,1945675344,248768.89889439812,47
6537569534,1797964180,234973.4618456305,89
6537569534,4959610635,156059.13662360498,31
6537569534,1985676681,366334.73041379673,101
6537569534,13749558430,92371.06884869271,15
6537569534,4212767857,115909.91611533206,30
6537569534,3527283166,244122.1397191762,43
6537569534,1981147403,100552.59118967697,15
6537569534,2011981296,245380.17807184395,60
6537569534,5372968715,250187.92482423855,154
6537569534,3794035028,188755.94591459082,66
6537569534,3849049820,233299.51409299058,92
6537569534,2339297860,275162.3206663829,197
6537569534,2339297862,275174.86016486975,198
6537569534,6289622879,101885.88661520311,19
6537569534,3088508709,169232.76177906105,41
6537569534,3088508720,169224.524724163,40
6537569534,3136385191,250206.56752548093,154
6537569534,3237363036,96042.6791599916,18
6537569534,3237363045,96036.57887266272,16
6537569534,4137095171,96022.90298317211,17
6537569534,3474422106,228664.18788774364,40
6537569534,4136824662,228665.80583811455,39
6537569534,4137349478,109231.89781200206,51
6537569534,6537569535,21.796240006405963,1
6537569534,4963408994,221660.51088755272,78
6537569534,9513937138,158013.57799080218,38
6537569534,4944055508,158030.14929045233,40
6537569534,4944055634,158022.84474361088,39
6537569534,4963408992,221650.14517854573,77
6537569534,6524681176,251894.32938459175,152
6537569534,9628046175,251860.27816554616,151
6537569534,7042347623,176195.28537565598,28
6537569534,8014319682,104601.65547662774,14
6537569534,8032417737,92272.67530636372,17
6537569534,8032417743,92258.42078934467,16
6537569534,8032417746,92258.188833575,16
6537569534,8032417740,92269.53709164892,17
6537569534,9568699375,158021.25140582616,39
6537569534,11715824035,194657.90280165462,63
4136824665,258029156,314046.4927774947,108
4136824665,44265234,431234.9853410399,133
4136824665,603240642,431170.52883038716,132
4136824665,49364356,400894.3464880712,128
4136824665,59947552,466262.5132670923,243
4136824665,3390634865,381503.1861325821,134
4136824665,98554769,496240.62365345843,235
4136824665,5693657962,309164.11290324404,103
4136824665,310860950,407871.7678223655,141
4136824665,8014319683,207248.03144848053,52
4136824665,603240427,425806.7541294831,142
4136824665,617967952,327584.41601439257,114
4136824665,7087535778,327582.2623678511,114
4136824665,617968149,324204.9288777614,115
4136824665,634172980,87198.24597959372,16
4136824665,665214512,351028.76244764775,125
4136824665,665214513,350956.5953992037,124
4136824665,4136824664,30.060684348762024,2
4136824665,7599684152,236182.0405517745,68
4136824665,6537569534,228680.26165800667,40
4136824665,3174892783,312451.8758122291,104
4136824665,1239489717,312441.62952082005,103
4136824665,1242694031,226355.31988739787,38
4136824665,4139418521,226343.0861684203,38
4136824665,2155580115,328904.69073331106,70
4136824665,6524681177,350408.64651054353,121
4136824665,5217538839,105381.51350206503,19
4136824665,7042347620,52441.361091157196,9
4136824665,13743364556,344597.3538745441,70
4136824665,1684534515,410316.54802109924,100
4136824665,11715824040,410310.6566579209,99
4136824665,1809805397,409061.53176290606,127
4136824665,1728838958,132370.97128438213,19
4136824665,7085505934,132391.54236866834,20
4136824665,1732642149,128230.93273728441,15
4136824665,1886079221,169623.91796148755,37
4136824665,1735981103,52460.95103958588,10
4136824665,7042347632,52468.61599702326,11
4136824665,1740742111,178778.00288167954,32
4136824665,1750869639,440353.8583697892,159
4136824665,1783974992,349195.8618202898,99
4136824665,10016226413,349187.6524456603,99
4136824665,1945675344,409053.2883709687,127
4136824665,1797964180,368714.536902147,134
4136824665,4959610635,351076.4043209283,81
4136824665,1985676681,512229.04281632474,172
4136824665,13749558430,169646.9502532397,38
4136824665,4212767857,344578.6177291026,69
4136824665,3527283166,403620.25391291303,127
4136824665,1981147403,236173.88083235384,67
4136824665,2011981296,387463.2150252722,125
4136824665,5372968715,348595.0938049784,116
4136824665,3794035028,324377.23555726773,118
4136824665,3849049820,328872.3269580436,69
4136824665,2339297860,373937.62256579887,170
4136824665,2339297862,373950.1620642857,171
4136824665,6289622879,237513.46920932108,71
4136824665,3088508709,304861.7608963957,94
4136824665,3088508720,304853.52384149766,93
4136824665,3136385191,348613.7365062208,116
4136824665,3237363036,132637.77679317343,23
4136824665,3237363045,132643.68278534396,24
4136824665,4137095171,132657.55296999292,24
4136824665,3474422106,17.79540310099508,1
4136824665,4136824662,14.455819892106447,1
4136824665,4137349478,190759.77100313484,70
4136824665,6537569535,228658.46541800027,39
4136824665,4963408994,342342.9920402404,88
4136824665,9513937138,293634.86763347907,90
4136824665,4944055508,293651.43893312925,92
4136824665,4944055634,293644.13438628777,91
4136824665,4963408992,342345.3247618673,88
4136824665,6524681176,350474.0925968797,120
4136824665,9628046175,350440.0413778341,119
4136824665,7042347623,52484.976282350726,12
4136824665,8014319682,207247.63223103687,52
4136824665,8032417737,179062.8967818578,43
4136824665,8032417743,179074.18462331954,44
4136824665,8032417746,179063.26184115026,43
4136824665,8032417740,179076.28431470154,44
4136824665,9568699375,293642.5410485031,91
4136824665,11715824035,410308.55236768996,97
3174892783,258029156,43539.233751161446,44
3174892783,44265234,189245.45683563533,80
3174892783,603240642,189181.00032498257,79
3174892783,49364356,158904.8179826666,75
3174892783,59947552,190656.62519812433,218
3174892783,3390634865,105540.36400291925,55
3174892783,98554769,210880.50795173293,78
3174892783,5693657962,49846.7308840032,65
3174892783,310860950,95626.54900175461,49
3174892783,8014319683,105204.17384726122,52
3174892783,603240427,156464.38616381123,65
3174892783,617967952,15452.986995584111,7
3174892783,7087535778,15450.833349042634,7
3174892783,617968149,11768.49408395201,13
3174892783,634172980,225253.6298326353,88
3174892783,665214512,75618.41306580747,105
3174892783,665214513,75546.24601736346,104
3174892783,4136824664,312423.5367607182,103
3174892783,7599684152,76284.51432940229,40
3174892783,6537569534,176830.5861695522,52
3174892783,4136824665,312451.875812229,104
3174892783,1239489717,10.246291409061303,1
3174892783,1242694031,179202.50138773033,55
3174892783,4139418521,179167.76165913857,54
3174892783,2155580115,62631.07393317118,44
3174892783,6524681177,74998.29712870318,101
3174892783,5217538839,252550.34844173843,91
3174892783,7042347620,260010.5147210718,95
3174892783,13743364556,219199.39445044773,96
3174892783,1684534515,238263.66436674088,113
3174892783,11715824040,238257.77300356253,112
3174892783,1809805397,203324.53921734408,104
3174892783,1728838958,180080.9045278469,85
3174892783,7085505934,180060.3334435607,84
3174892783,1732642149,197745.00390817306,76
3174892783,1886079221,142827.95785074148,67
3174892783,1735981103,259990.92477264313,94
3174892783,7042347632,259983.25981520576,93
3174892783,1740742111,162941.43436900066,52
3174892783,1750869639,128108.63954917828,67
3174892783,1783974992,152996.51460655188,92
3174892783,10016226413,152988.30523192248,92
3174892783,1945675344,203316.29582540676,104
3174892783,1797964180,58158.316694497924,39
3174892783,4959610635,179023.52066656982,94
3174892783,1985676681,199983.82399571387,80
3174892783,13749558430,142804.92555898934,66
3174892783,4212767857,219189.76685254768,96
3174892783,3527283166,182197.62945036872,80
3174892783,1981147403,76277.99497987526,37
3174892783,2011981296,153745.380691721,66
3174892783,5372968715,73357.33865468627,102
3174892783,3794035028,11940.800763458281,16
3174892783,3849049820,62609.34112634456,45
3174892783,2339297860,98331.73449683066,145
3174892783,2339297862,98344.2739953175,146
3174892783,6289622879,74951.66914863899,36
3174892783,3088508709,52728.97642802849,59
3174892783,3088508720,52732.20268715847,59
3174892783,3136385191,73375.98135592867,102
3174892783,3237363036,179814.0990190556,81
3174892783,3237363045,179819.34385806663,83
3174892783,4137095171,179799.85060544417,82
3174892783,3474422106,312435.802041966,104
3174892783,4136824662,312437.4199923369,103
3174892783,4137349478,123344.98222248812,42
3174892783,6537569535,176852.3824095586,53
3174892783,4963408994,44829.92471800047,26
3174892783,9513937138,18817.008178750024,14
3174892783,4944055508,18801.504936593334,13
3174892783,4944055634,18808.809483434794,14
3174892783,4963408992,44819.55900899346,25
3174892783,6524681176,75063.74321503946,100
3174892783,9628046175,75029.69199599387,99
3174892783,7042347623,259966.8995298783,92
3174892783,8014319682,105204.24358119216,52
3174892783,8032417737,133440.84617563494,64
3174892783,8032417743,133453.1748027128,65
3174892783,8032417746,133455.33264842365,65
3174892783,8032417740,133442.05850040857,64
3174892783,9568699375,18809.334763726038,13
3174892783,11715824035,238255.66871333148,110
1239489717,258029156,43546.46814994044,44
1239489717,44265234,189252.69123441432,80
1239489717,603240642,189188.23472376156,79
1239489717,49364356,158912.0523814456,75
1239489717,59947552,190666.8714895334,219
1239489717,3390634865,105547.59840169824,55
1239489717,98554769,210890.754243142,79
1239489717,5693657962,49853.96528278219,65
1239489717,310860950,95633.7834005336,49
1239489717,8014319683,105193.92755585216,51
1239489717,603240427,156471.62056259022,65
1239489717,617967952,15463.233286993172,8
1239489717,7087535778,15461.079640451695,8
1239489717,617968149,11775.728482731005,13
1239489717,634172980,225243.38354122624,87
1239489717,665214512,75628.65935721654,106
1239489717,665214513,75556.49230877253,105
1239489717,4136824664,312413.29046930914,102
1239489717,7599684152,76274.26803799323,39
1239489717,6537569534,176820.33987814316,51
1239489717,4136824665,312441.62952081993,103
1239489717,3174892783,10.246291409061303,1
1239489717,1242694031,179192.25509632129,54
1239489717,4139418521,179157.51536772953,53
1239489717,2155580115,62641.32022458024,45
1239489717,6524681177,75008.54342011226,102
1239489717,5217538839,252540.10215032936,90
1239489717,7042347620,260000.26842966274,94
1239489717,13743364556,219206.62884922672,96
1239489717,1684534515,238270.89876551987,113
1239489717,11715824040,238265.00740234152,112
1239489717,1809805397,203331.77361612307,104
1239489717,1728838958,180070.65823643783,84
1239489717,7085505934,180050.08715215162,83
1239489717,1732642149,197734.757616764,75
1239489717,1886079221,142817.7115593324,66
1239489717,1735981103,259980.67848123406,93
1239489717,7042347632,259973.0135237967,92
1239489717,1740742111,162931.18807759162,51
1239489717,1750869639,128115.87394795727,67
1239489717,1783974992,153003.74900533087,92
1239489717,10016226413,152995.53963070147,92
1239489717,1945675344,203323.53022418576,104
1239489717,1797964180,58165.55109327692,39
1239489717,4959610635,179030.7550653488,94
1239489717,1985676681,199991.05839449287,80
1239489717,13749558430,142794.67926758027,65
1239489717,4212767857,219197.00125132667,96
1239489717,3527283166,182204.86384914772,80
1239489717,1981147403,76267.7486884662,36
1239489717,2011981296,153752.61509049998,66
1239489717,5372968715,73367.58494609535,103
1239489717,3794035028,11948.035162237275,16
1239489717,3849049820,62619.58741775362,46
1239489717,2339297860,98341.98078823973,146
1239489717,2339297862,98354.52028672658,147
1239489717,6289622879,74941.42285722993,35
1239489717,3088508709,52736.21082680748,59
1239489717,3088508720,52739.43708593746,59
1239489717,3136385191,73386.22764733774,103
1239489717,3237363036,179803.85272764653,80
1239489717,3237363045,179809.09756665755,82
1239489717,4137095171,179789.6043140351,81
1239489717,3474422106,312425.55575055693,103
1239489717,4136824662,312427.1737009278,102
1239489717,4137349478,123334.73593107905,41
1239489717,6537569535,176842.13611814956,52
1239489717,4963408994,44840.17100940953,27
1239489717,9513937138,18806.761887340963,13
1239489717,4944055508,18791.258645184273,12
1239489717,4944055634,18798.563192025733,13
1239489717,4963408992,44829.80530040253,26
1239489717,6524681176,75073.98950644853,101
1239489717,9628046175,75039.93828740294,100
1239489717,7042347623,259956.65323846924,91
1239489717,8014319682,105193.9972897831,51
1239489717,8032417737,133430.59988422587,63
1239489717,8032417743,133442.92851130373,64
1239489717,8032417746,133445.08635701457,64
1239489717,8032417740,133431.8122089995,63
1239489717,9568699375,18799.088472316977,12
1239489717,11715824035,238262.90311211048,110
1242694031,258029156,180789.40887833812,58
1242694031,44265234,278773.59585221333,53
1242694031,603240642,279015.5738804801,55
1242694031,49364356,261183.224752821,66
1242694031,59947552,369859.12658585445,273
1242694031,3390634865,248246.10223342536,84
1242694031,98554769,390083.00933946326,133
1242694031,5693657962,175907.02900408732,53
1242694031,310860950,274813.6093710651,102
1242694031,8014319683,106964.1643179005,16
1242694031,603240427,286095.63239423285,80
1242694031,617967952,194655.48838331454,62
1242694031,7087535778,194653.33473677307,62
1242694031,617968149,190955.55445326268,66
1242694031,634172980,139157.07390780415,22
1242694031,665214512,254820.9144535379,160
1242694031,665214513,254748.7474050939,159
1242694031,4136824664,226326.98083588705,37
1242694031,7599684152,102924.95665261794,18
1242694031,6537569534,2371.9152181781383,3
1242694031,4136824665,226355.31988739784,38
1242694031,3174892783,179202.5013877304,55
1242694031,1239489717,179192.2550963213,54
1242694031,4139418521,34.73972859174893,1
1242694031,2155580115,235693.1621179953,94
1242694031,6524681177,254200.79851643363,156
1242694031,5217538839,147117.42807172445,20
1242694031,7042347620,173913.95879624065,29
1242694031,13743364556,118289.00743471547,33
1242694031,1684534515,197015.88634140074,66
1242694031,11715824040,197021.7777045791,67
1242694031,1809805397,251137.49746027734,49
1242694031,1728838958,93984.34860301571,19
1242694031,7085505934,93963.7775187295,18
1242694031,1732642149,129577.78171125647,22
1242694031,1886079221,90023.09478633173,12
1242694031,1735981103,173894.36884781197,28
1242694031,7042347632,173886.7038903746,27
1242694031,1740742111,47577.31700571832,6
1242694031,1750869639,307295.69991848874,120
1242694031,1783974992,184455.8909401886,36
1242694031,10016226413,184464.63261081002,37
1242694031,1945675344,251129.25406834003,49
1242694031,1797964180,237345.3770638086,92
1242694031,4959610635,158419.49179754689,33
1242694031,1985676681,368695.08558773866,103
1242694031,13749558430,90046.12707808388,13
1242694031,4212767857,118270.27128927397,32
1242694031,3527283166,246482.4948931181,45
1242694031,1981147403,102924.5064078551,18
1242694031,2011981296,247752.09329002208,63
1242694031,5372968715,252559.84004241668,157
1242694031,3794035028,191127.86113276894,69
1242694031,3849049820,235671.4293111687,95
1242694031,2339297860,277534.235884561,200
1242694031,2339297862,277546.7753830479,201
1242694031,6289622879,104257.80183338124,22
1242694031,3088508709,171604.67699723918,44
1242694031,3088508720,171596.43994234112,43
1242694031,3136385191,252578.48274365906,157
1242694031,3237363036,93717.73738938278,16
1242694031,3237363045,93711.6371020539,14
1242694031,4137095171,93697.96121256328,15
1242694031,3474422106,226339.2461171348,38
1242694031,4136824662,226340.86406750572,37
1242694031,4137349478,106906.95604139323,49
1242694031,6537569535,2350.118978171732,2
1242694031,4963408994,224032.42610573085,81
1242694031,9513937138,160385.4932089803,41
1242694031,4944055508,160402.06450863046,43
1242694031,4944055634,160394.759961789,42
1242694031,4963408992,224022.06039672386,80
1242694031,6524681176,254266.24460276988,155
1242694031,9628046175,254232.19338372428,154
1242694031,7042347623,173870.34360504715,26
1242694031,8014319682,106973.5706948059,17
1242694031,8032417737,89947.73353575489,15
1242694031,8032417743,89933.47901873584,14
1242694031,8032417746,89933.24706296617,14
1242694031,8032417740,89944.59532104009,15
1242694031,9568699375,160393.16662400428,42
1242694031,11715824035,197018.25797559656,65
4139418521,258029156,180754.66914974636,57
4139418521,44265234,278738.8561236216,52
4139418521,603240642,278980.8341518883,54
4139418521,49364356,261148.48502422925,65
4139418521,59947552,369824.3868572627,272
4139418521,3390634865,248211.3625048336,83
4139418521,98554769,390048.2696108715,132
4139418521,5693657962,175872.28927549557,52
4139418521,310860950,274778.86964247335,101
4139418521,8014319683,106929.42458930875,15
4139418521,603240427,286060.8926656411,79
4139418521,617967952,194620.7486547228,61
4139418521,7087535778,194618.59500818132,61
4139418521,617968149,190920.81472467093,65
4139418521,634172980,139144.84018882658,22
4139418521,665214512,254786.17472494615,159
4139418521,665214513,254714.00767650214,158
4139418521,4136824664,226314.74711690948,37
4139418521,7599684152,102890.21692402619,17
4139418521,6537569534,2337.175489586389,2
4139418521,4136824665,226343.08616842027,38
4139418521,3174892783,179167.76165913863,54
4139418521,1239489717,179157.51536772956,53
4139418521,1242694031,34.73972859174893,1
4139418521,2155580115,235658.42238940354,93
4139418521,6524681177,254166.05878784187,155
4139418521,5217538839,147152.1678003162,21
4139418521,7042347620,173901.72507726308,29
4139418521,13743364556,118254.26770612372,32
4139418521,1684534515,196981.14661280898,65
4139418521,11715824040,196987.03797598733,66
4139418521,1809805397,251102.7577316856,48
4139418521,1728838958,93972.11488403814,19
4139418521,7085505934,93951.54379975193,18
4139418521,1732642149,129565.5479922789,22
4139418521,1886079221,90010.86106735416,12
4139418521,1735981103,173882.1351288344,28
4139418521,7042347632,173874.47017139703,27
4139418521,1740742111,47565.08328674076,6
4139418521,1750869639,307260.960189897,119
4139418521,1783974992,184421.15121159685,35
4139418521,10016226413,184429.89288221826,36
4139418521,1945675344,251094.51433974828,48
4139418521,1797964180,237310.63733521686,91
4139418521,4959610635,158384.75206895513,32
4139418521,1985676681,368660.3458591469,102
4139418521,13749558430,90033.89335910631,13
4139418521,4212767857,118235.53156068221,31
4139418521,3527283166,246447.75516452634,44
4139418521,1981147403,102889.76667926334,17
4139418521,2011981296,247717.35356143033,62
4139418521,5372968715,252525.10031382492,156
4139418521,3794035028,191093.1214041772,68
4139418521,3849049820,235636.68958257695,94
4139418521,2339297860,277499.4961559693,199
4139418521,2339297862,277512.0356544561,200
4139418521,6289622879,104223.06210478948,21
4139418521,3088508709,171569.93726864742,43
4139418521,3088508720,171561.70021374937,42
4139418521,3136385191,252543.7430150673,156
4139418521,3237363036,93705.5036704052,16
4139418521,3237363045,93699.40338307632,14
4139418521,4137095171,93685.72749358571,15
4139418521,3474422106,226327.01239815724,38
4139418521,4136824662,226328.63034852815,37
4139418521,4137349478,106894.72232241566,49
4139418521,6537569535,2315.379249579983,1
4139418521,4963408994,223997.6863771391,80
4139418521,9513937138,160350.75348038855,40
4139418521,4944055508,160367.3247800387,42
4139418521,4944055634,160360.02023319725,41
4139418521,4963408992,223987.3206681321,79
4139418521,6524681176,254231.50487417812,154
4139418521,9628046175,254197.45365513253,153
4139418521,7042347623,173858.10988606958,26
4139418521,8014319682,106938.83096621414,16
4139418521,8032417737,89935.49981677732,15
4139418521,8032417743,89921.24529975827,14
4139418521,8032417746,89921.0133439886,14
4139418521,8032417740,89932.36160206252,15
4139418521,9568699375,160358.42689541253,41
4139418521,11715824035,196983.5182470048,64
2155580115,258029156,97181.47853142257,78
2155580115,44265234,212847.36943061213,102
2155580115,603240642,212605.39140234535,100
2155580115,49364356,202157.09692880366,112
2155580115,59947552,137357.82253378135,173
2155580115,3390634865,151375.2614733353,68
2155580115,98554769,167335.93292014746,165
2155580115,5693657962,103488.9756642643,99
2155580115,310860950,95412.83097142658,65
2155580115,8014319683,161694.83457752614,91
2155580115,603240427,177244.68928739193,98
2155580115,617967952,47178.086937587075,37
2155580115,7087535778,47197.98386528477,38
2155580115,617968149,64311.424618961595,43
2155580115,634172980,272509.9074060887,129
2155580115,665214512,22124.071714336704,55
2155580115,665214513,22051.904665892693,54
2155580115,4136824664,328876.3516818003,69
2155580115,7599684152,132775.17505966712,79
2155580115,6537569534,233321.24689981708,91
2155580115,4136824665,328904.6907333111,70
2155580115,3174892783,62631.07393317118,44
2155580115,1239489717,62641.320224580246,45
2155580115,1242694031,235693.1621179952,94
2155580115,4139418521,235658.42238940345,93
2155580115,6524681177,21503.955777232422,51
2155580115,5217538839,299806.6260151919,132
2155580115,7042347620,307266.79229452525,136
2155580115,13743364556,272841.6392307088,130
2155580115,1684534515,291905.9091470018,147
2155580115,11715824040,291900.0177838235,146
2155580115,1809805397,244871.9441369514,108
2155580115,1728838958,227337.18210130028,126
2155580115,7085505934,227316.61101701407,125
2155580115,1732642149,236136.80289842308,59
2155580115,1886079221,190084.23542419486,108
2155580115,1735981103,307247.2023460966,135
2155580115,7042347632,307239.5373886592,134
2155580115,1740742111,219432.09509926554,91
2155580115,1750869639,127894.92151885024,83
2155580115,1783974992,206638.75938681298,126
2155580115,10016226413,206630.55001218358,126
2155580115,1945675344,244893.32873375967,109
2155580115,1797964180,54499.49241450415,50
2155580115,4959610635,232665.76544683092,128
2155580115,1985676681,199770.10596538582,96
2155580115,13749558430,190068.65336375113,108
2155580115,4212767857,272832.0116328088,130
2155580115,3527283166,228032.5269207848,93
2155580115,1981147403,132768.65571014013,76
2155580115,2011981296,199580.27816213705,79
2155580115,5372968715,19690.403071667286,46
2155580115,3794035028,65575.85925475632,48
2155580115,3849049820,32.363775267452105,1
2155580115,2339297860,45032.931832487724,100
2155580115,2339297862,45045.47133097458,101
2155580115,6289622879,131442.32987890387,75
2155580115,3088508709,106371.22120828961,93
2155580115,3088508720,106374.44746741958,93
2155580115,3136385191,19709.045772909685,46
2155580115,3237363036,227070.37659250898,122
2155580115,3237363045,227075.62143152,124
2155580115,4137095171,227056.12817889755,123
2155580115,3474422106,328888.6169630481,70
2155580115,4136824662,328890.234913419,69
2155580115,4137349478,168956.3004745426,76
2155580115,6537569535,233343.04313982348,92
2155580115,4963408994,18155.766664750343,34
2155580115,9513937138,75652.40271597753,57
2155580115,4944055508,75640.27452852901,55
2155580115,4944055634,75643.13596316882,56
2155580115,4963408992,18158.09938637723,34
2155580115,6524681176,21569.401863568677,50
2155580115,9628046175,21535.35064452309,49
2155580115,7042347623,307223.1771033317,133
2155580115,8014319682,161694.9043114571,91
2155580115,8032417737,185909.53077812708,109
2155580115,8032417743,185921.85940520494,110
2155580115,8032417746,185924.0172509158,110
2155580115,8032417740,185910.7431029007,109
2155580115,9568699375,75649.70170842389,56
2155580115,11715824035,291897.9134935925,144
6524681177,258029156,109548.7017269546,135
6524681177,44265234,199844.2488966107,110
6524681177,603240642,199602.2708683439,108
6524681177,49364356,189153.97639480222,120
6524681177,59947552,116902.62370124705,132
6524681177,3390634865,155738.31652422884,89
6524681177,98554769,146880.73408761312,124
6524681177,5693657962,115856.19885979634,156
6524681177,310860950,82409.71043742508,73
6524681177,8014319683,180202.47097596445,153
6524681177,603240427,164241.5687533905,106
6524681177,617967952,59545.31013311909,94
6524681177,7087535778,59565.207060816785,95
6524681177,617968149,76678.64781449361,100
6524681177,634172980,294013.86318332114,180
6524681177,665214512,815.7297817203068,8
6524681177,665214513,743.5627332762942,7
6524681177,4136824664,350380.3074590328,120
6524681177,7599684152,151282.8114581054,141
6524681177,6537569534,251828.8832982554,153
6524681177,4136824665,350408.6465105436,121
6524681177,3174892783,74998.2971287032,101
6524681177,1239489717,75008.54342011226,102
6524681177,1242694031,254200.7985164335,156
6524681177,4139418521,254166.05878784176,155
6524681177,2155580115,21503.955777232426,51
6524681177,5217538839,321310.58179242426,183
6524681177,7042347620,328770.74807175767,187
6524681177,13743364556,285208.86242624087,187
6524681177,1684534515,304273.13234253385,204
6524681177,11715824040,304267.2409793555,203
6524681177,1809805397,231868.82360294997,116
6524681177,1728838958,248841.1378785327,177
6524681177,7085505934,248820.5667942465,176
6524681177,1732642149,257640.75867565555,110
6524681177,1886079221,211588.19120142728,159
6524681177,1735981103,328751.158123329,186
6524681177,7042347632,328743.4931658916,185
6524681177,1740742111,237939.73149770385,153
6524681177,1750869639,114891.80098484874,91
6524681177,1783974992,219005.98258234502,183
6524681177,10016226413,218997.77320771563,183
6524681177,1945675344,231890.20819975823,117
6524681177,1797964180,46725.3968105239,56
6524681177,4959610635,245032.98864236297,185
6524681177,1985676681,186766.98543138432,104
6524681177,13749558430,211572.60914098355,159
6524681177,4212767857,285199.2348283408,187
6524681177,3527283166,225471.34152248676,126
6524681177,1981147403,151276.29210857843,138
6524681177,2011981296,202585.10785760114,123
6524681177,5372968715,2881.186701726104,17
6524681177,3794035028,77943.08245028833,105
6524681177,3849049820,21536.319552499877,52
6524681177,2339297860,24577.73299995338,59
6524681177,2339297862,24590.272498440234,60
6524681177,6289622879,149949.96627734214,137
6524681177,3088508709,118738.44440382165,150
6524681177,3088508720,118741.67066295161,150
6524681177,3136385191,2910.6010034117407,17
6524681177,3237363036,248574.3323697414,173
6524681177,3237363045,248579.57720875242,175
6524681177,4137095171,248560.08395612997,174
6524681177,3474422106,350392.5727402806,121
6524681177,4136824662,350394.1906906515,120
6524681177,4137349478,190460.25625177502,127
6524681177,6537569535,251850.6795382618,154
6524681177,4963408994,30168.372410702752,75
6524681177,9513937138,93815.3053074532,115
6524681177,4944055508,93799.80206529654,114
6524681177,4944055634,93807.106612138,115
6524681177,4963408992,30178.738119709753,76
6524681177,6524681176,79.44066743150694,2
6524681177,9628046175,45.38944838591913,1
6524681177,7042347623,328727.13288056414,184
6524681177,8014319682,180202.5407098954,153
6524681177,8032417737,207413.4865553595,160
6524681177,8032417743,207425.81518243736,161
6524681177,8032417746,207427.9730281482,161
6524681177,8032417740,207414.69888013313,160
6524681177,9568699375,93807.63189242923,114
6524681177,11715824035,304265.13668912457,201
5217538839,258029156,254144.96540700403,95
5217538839,44265234,371333.45797054924,120
5217538839,603240642,371269.0014598965,119
5217538839,49364356,340992.81911758054,115
5217538839,59947552,437164.4485489732,305
5217538839,3390634865,321601.65876209136,121
5217538839,98554769,459782.69762845006,173
5217538839,5693657962,249262.58553275323,90
5217538839,310860950,347970.2404518751,128
5217538839,8014319683,147346.5040779899,39
5217538839,603240427,365905.2267589924,129
5217538839,617967952,267682.8886439021,101
5217538839,7087535778,267680.7349973606,101
5217538839,617968149,264303.4015072708,102
5217538839,634172980,47375.22427278407,6
5217538839,665214512,321930.69772952865,187
5217538839,665214513,321858.5306810846,186
5217538839,4136824664,105353.17445055423,18
5217538839,7599684152,176280.51318128387,55
5217538839,6537569534,149489.3432899026,23
5217538839,4136824665,105381.51350206502,19
5217538839,3174892783,252550.34844173855,91
5217538839,1239489717,252540.10215032948,90
5217538839,1242694031,147117.42807172448,20
5217538839,4139418521,147152.16780031624,21
5217538839,2155580115,299806.62601519196,132
5217538839,6524681177,321310.58179242443,183
5217538839,7042347620,52940.15241090783,10
5217538839,13743364556,265406.4355064399,53
5217538839,1684534515,344133.3144131253,86
5217538839,11715824040,344139.2057763036,87
5217538839,1809805397,349160.0043924154,114
5217538839,1728838958,72469.44391389155,6
5217538839,7085505934,72490.01499817775,7
5217538839,1732642149,108079.96470411129,10
5217538839,1886079221,109722.39059099693,24
5217538839,1735981103,52931.90288051581,10
5217538839,7042347632,52931.75374165118,10
5217538839,1740742111,114680.73621608251,12
5217538839,1750869639,380452.3309992987,146
5217538839,1783974992,289294.3344497992,86
5217538839,10016226413,289286.1250751697,86
5217538839,1945675344,349151.76100047806,114
5217538839,1797964180,308813.0095316565,121
5217538839,4959610635,291174.8769504377,68
5217538839,1985676681,452327.51544583426,159
5217538839,13749558430,109745.42288274909,25
5217538839,4212767857,265387.6993609984,52
5217538839,3527283166,343718.7265424224,114
5217538839,1981147403,176272.3534618632,54
5217538839,2011981296,327561.68765478156,112
5217538839,5372968715,319497.0290868593,178
5217538839,3794035028,264475.70818677713,105
5217538839,3849049820,299784.8932083653,133
5217538839,2339297860,344839.55784767977,232
5217538839,2339297862,344852.0973461666,233
5217538839,6289622879,177611.94183883048,58
5217538839,3088508709,244960.2335259051,81
5217538839,3088508720,244951.99647100703,80
5217538839,3136385191,319515.6717881017,178
5217538839,3237363036,72736.24942268283,10
5217538839,3237363045,72742.15541485336,11
5217538839,4137095171,72756.02559950232,11
5217538839,3474422106,105365.43973180199,19
5217538839,4136824662,105367.05768217292,18
5217538839,4137349478,130858.2436326442,57
5217538839,6537569535,149467.5470498962,22
5217538839,4963408994,293526.3529565115,119
5217538839,9513937138,233733.34026298847,77
5217538839,4944055508,233749.91156263862,79
5217538839,4944055634,233742.60701579717,78
5217538839,4963408992,293515.98724750447,118
5217538839,6524681176,321376.0278787606,182
5217538839,9628046175,321341.976659715,181
5217538839,7042347623,52936.26926375397,10
5217538839,8014319682,147346.10486054624,39
5217538839,8032417737,119161.36941136717,30
5217538839,8032417743,119172.65725282891,31
5217538839,8032417746,119161.73447065963,30
5217538839,8032417740,119174.75694421092,31
5217538839,9568699375,233741.01367801244,78
5217538839,11715824035,344135.68604732107,85
7042347620,258029156,261605.13168633744,99
7042347620,44265234,378793.62424988265,124
7042347620,603240642,378729.1677392299,123
7042347620,49364356,348452.98539691395,119
7042347620,59947552,444624.6148283066,309
7042347620,3390634865,329061.8250414248,125
7042347620,98554769,467242.86390778347,177
7042347620,5693657962,256722.75181208664,94
7042347620,310860950,355430.40673120844,132
7042347620,8014319683,154806.6703573233,43
7042347620,603240427,373365.3930383258,133
7042347620,617967952,275143.0549232355,105
7042347620,7087535778,275140.901276694,105
7042347620,617968149,271763.5677866043,106
7042347620,634172980,34756.88488843652,7
7042347620,665214512,329390.86400886206,191
7042347620,665214513,329318.696960418,190
7042347620,4136824664,52413.02203964641,8
7042347620,7599684152,183740.67946061728,59
7042347620,6537569534,176238.90056684945,31
7042347620,4136824665,52441.3610911572,9
7042347620,3174892783,260010.51472107196,95
7042347620,1239489717,260000.2684296629,94
7042347620,1242694031,173913.95879624065,29
7042347620,4139418521,173901.72507726308,29
7042347620,2155580115,307266.79229452537,136
7042347620,6524681177,328770.74807175784,187
7042347620,5217538839,52940.15241090784,10
7042347620,13743364556,292155.9927833868,61
7042347620,1684534515,357875.18692994205,91
7042347620,11715824040,357869.2955667637,90
7042347620,1809805397,356620.1706717488,118
7042347620,1728838958,79929.61019322494,10
7042347620,7085505934,79950.18127751115,11
7042347620,1732642149,115540.13098344469,14
7042347620,1886079221,117182.55687033034,28
7042347620,1735981103,19.58994842868601,1
7042347620,7042347632,27.254905866064384,2
7042347620,1740742111,126336.6417905223,23
7042347620,1750869639,387912.49727863213,150
7042347620,1783974992,296754.50072913256,90
7042347620,10016226413,296746.2913545031,90
7042347620,1945675344,356611.92727981147,118
7042347620,1797964180,316273.1758109899,125
7042347620,4959610635,298635.04322977114,72
7042347620,1985676681,459787.68172516767,163
7042347620,13749558430,117205.5891620825,29
7042347620,4212767857,292137.2566379453,60
7042347620,3527283166,351178.8928217558,118
7042347620,1981147403,183732.51974119662,58
7042347620,2011981296,335021.853934115,116
7042347620,5372968715,326957.1953661927,182
7042347620,3794035028,271935.8744661106,109
7042347620,3849049820,307245.0594876987,137
7042347620,2339297860,352299.7241270132,236
7042347620,2339297862,352312.2636255,237
7042347620,6289622879,185072.1081181639,62
7042347620,3088508709,252420.3998052385,85
7042347620,3088508720,252412.16275034045,84
7042347620,3136385191,326975.83806743514,182
7042347620,3237363036,80196.41570201622,14
7042347620,3237363045,80202.32169418676,15
7042347620,4137095171,80216.19187883571,15
7042347620,3474422106,52425.287320894175,9
7042347620,4136824662,52426.905271265096,8
7042347620,4137349478,138318.40991197762,61
7042347620,6537569535,176217.10432684305,30
7042347620,4963408994,300986.5192358449,123
7042347620,9513937138,241193.50654232188,81
7042347620,4944055508,241210.07784197203,83
7042347620,4944055634,241202.77329513058,82
7042347620,4963408992,300976.1535268379,122
7042347620,6524681176,328836.194158094,186
7042347620,9628046175,328802.1429390484,185
7042347620,7042347623,43.61519119352801,3
7042347620,8014319682,154806.27113987965,43
7042347620,8032417737,126621.53569070058,34
7042347620,8032417743,126632.82353216232,35
7042347620,8032417746,126621.90074999304,34
7042347620,8032417740,126634.92322354433,35
7042347620,9568699375,241201.17995734586,82
7042347620,11715824035,357867.1912765328,88
13743364556,258029156,175660.1606992862,52
13743364556,44265234,160529.97783854426,22
13743364556,603240642,160771.95586681104,24
13743364556,49364356,162529.6704818053,28
13743364556,59947552,335019.64556508843,75
13743364556,3390634865,181687.8163140787,25
13743364556,98554769,302294.1871248968,64
13743364556,5693657962,169648.32437455773,38
13743364556,310860950,269273.9364391824,75
13743364556,8014319683,149457.78867570776,42
13743364556,603240427,187442.07812321704,42
13743364556,617967952,225663.55229312173,93
13743364556,7087535778,225643.65536542403,92
13743364556,617968149,208530.2146117472,87
13743364556,634172980,257399.10789495026,54
13743364556,665214512,285828.97836334497,191
13743364556,665214513,285756.81131490093,190
13743364556,4136824664,344569.0148230332,69
13743364556,7599684152,145393.40168699578,42
13743364556,6537569534,115928.65226077351,31
13743364556,4136824665,344597.353874544,70
13743364556,3174892783,219199.39445044764,96
13743364556,1239489717,219206.62884922663,96
13743364556,1242694031,118289.00743471544,33
13743364556,4139418521,118254.26770612369,32
13743364556,2155580115,272841.6392307087,130
13743364556,6524681177,285208.86242624075,187
13743364556,5217538839,265406.43550643994,53
13743364556,7042347620,292155.9927833868,61
13743364556,1684534515,78726.87890668522,33
13743364556,11715824040,78732.77026986357,34
13743364556,1809805397,132893.87944660828,18
13743364556,1728838958,212226.38259016184,51
13743364556,7085505934,212205.81150587564,50
13743364556,1732642149,241998.94822013233,66
13743364556,1886079221,187081.90216270075,57
13743364556,1735981103,292136.4028349581,60
13743364556,7042347632,292128.73787752073,59
13743364556,1740742111,165819.35099286443,38
13743364556,1750869639,254487.913754791,68
13743364556,1783974992,66212.2729265196,5
13743364556,10016226413,66221.01459714101,6
13743364556,1945675344,132885.63605467096,18
13743364556,1797964180,254920.03722229312,113
13743364556,4959610635,40175.87378387789,2
13743364556,1985676681,250451.4675740697,72
13743364556,13749558430,187058.8698709486,56
13743364556,4212767857,18.736145441507475,1
13743364556,3527283166,128238.87687944909,14
13743364556,1981147403,145392.95144223294,42
13743364556,2011981296,149098.5390190064,25
13743364556,5372968715,283567.90395222366,188
13743364556,3794035028,207267.97135396826,81
13743364556,3849049820,272819.90642388206,131
13743364556,2339297860,308542.2997943682,231
13743364556,2339297862,308554.83929285506,232
13743364556,6289622879,146726.24686775904,46
13743364556,3088508709,168599.77380402797,35
13743364556,3088508720,168603.565279821,35
13743364556,3136385191,283586.54665346607,188
13743364556,3237363036,211959.77137652886,48
13743364556,3237363045,211953.6710892,46
13743364556,4137095171,211939.99519970937,47
13743364556,3474422106,344581.280104281,70
13743364556,4136824662,344582.89805465186,69
13743364556,4137349478,185219.4962114752,78
13743364556,6537569535,115938.8884565437,31
13743364556,4963408994,255040.49001553803,112
13743364556,9513937138,202853.93824335816,65
13743364556,4944055508,202870.50954300832,67
13743364556,4944055634,202863.20499616687,66
13743364556,4963408992,255030.12430653104,111
13743364556,6524681176,285274.3085125769,186
13743364556,9628046175,285240.2572935313,185
13743364556,7042347623,292112.37759219325,58
13743364556,8014319682,149467.19505261315,43
13743364556,8032417737,177694.7904875942,54
13743364556,8032417743,177707.11911467207,55
13743364556,8032417746,177709.2769603829,55
13743364556,8032417740,177696.00281236783,54
13743364556,9568699375,202861.61165838214,66
13743364556,11715824035,78729.25054088105,32
1684534515,258029156,194724.43061557927,69
1684534515,44265234,118396.21255457912,25
1684534515,603240642,118638.1905828459,27
1684534515,49364356,148736.85140754783,30
1684534515,59947552,292885.88028112345,78
1684534515,3390634865,187780.89751390516,40
1684534515,98554769,260160.42184093184,67
1684534515,5693657962,188712.5942908508,55
1684534515,310860950,235830.75101376465,62
1684534515,8014319683,203068.5165726188,48
1684534515,603240427,153998.8926977993,29
1684534515,617967952,244727.8222094148,110
1684534515,7087535778,244707.9252817171,109
1684534515,617968149,227594.48452804025,104
1684534515,634172980,323118.3020415055,84
1684534515,665214512,304893.248279638,208
1684534515,665214513,304821.08123119397,207
1684534515,4136824664,410288.20896958845,99
1684534515,7599684152,198280.97102870414,52
1684534515,6537569534,194655.5311674588,64
1684534515,4136824665,410316.54802109924,100
1684534515,3174892783,238263.6643667407,113
1684534515,1239489717,238270.8987655197,113
1684534515,1242694031,197015.8863414007,66
1684534515,4139418521,196981.14661280895,65
1684534515,2155580115,291905.90914700186,147
1684534515,6524681177,304273.1323425338,204
1684534515,5217538839,344133.3144131252,86
1684534515,7042347620,357875.18692994205,91
1684534515,13743364556,78726.87890668522,33
1684534515,11715824040,5.891363178344634,1
1684534515,1809805397,86371.63784823984,19
1684534515,1728838958,277945.5767367171,81
1684534515,7085505934,277925.0056524309,80
1684534515,1732642149,295609.67611704336,72
1684534515,1886079221,240692.63005961178,63
1684534515,1735981103,357855.5969815134,90
1684534515,7042347632,357847.932024076,89
1684534515,1740742111,244546.2298995497,71
1684534515,1750869639,221044.72832937326,55
1684534515,1783974992,85276.54284281266,22
1684534515,10016226413,85285.28451343408,23
1684534515,1945675344,86350.25325143157,18
1684534515,1797964180,273984.3071385861,130
1684534515,4959610635,59240.143700170964,19
1684534515,1985676681,208317.70229010453,75
1684534515,13749558430,240669.59776785964,62
1684534515,4212767857,78745.61505212673,34
1684534515,3527283166,113949.72107954604,23
1684534515,1981147403,198289.1307481248,53
1684534515,2011981296,142401.96983819376,37
1684534515,5372968715,302632.1738685167,205
1684534515,3794035028,226332.24127026132,98
1684534515,3849049820,291884.1763401752,148
1684534515,2339297860,303254.1367081529,79
1684534515,2339297862,303254.22985254874,79
1684534515,6289622879,196960.4863930791,51
1684534515,3088508709,187664.04372032103,52
1684534515,3088508720,187667.83519611406,52
1684534515,3136385191,302650.8165697591,205
1684534515,3237363036,277678.77122792584,77
1684534515,3237363045,277684.01606693683,79
1684534515,4137095171,277664.5228143144,78
1684534515,3474422106,410300.47425083624,100
1684534515,4136824662,410302.0922012071,99
1684534515,4137349478,238830.22410838623,84
1684534515,6537569535,194665.76736322898,64
1684534515,4963408994,274104.75993183104,129
1684534515,9513937138,225301.42745662597,75
1684534515,4944055508,225311.6593754756,76
1684534515,4944055634,225310.69420943467,76
1684534515,4963408992,274094.394222824,128
1684534515,6524681176,304338.57842886995,203
1684534515,9628046175,304304.52720982436,202
1684534515,7042347623,357831.5717387485,88
1684534515,8014319682,203077.9229495242,49
1684534515,8032417737,231305.51838450524,60
1684534515,8032417743,231317.8470115831,61
1684534515,8032417746,231320.00485729394,61
1684534515,8032417740,231306.73070927887,60
1684534515,9568699375,225302.23219558073,75
1684534515,11715824035,8.123969638769971,1
11715824040,258029156,194718.53925240095,68
11715824040,44265234,118400.94424888598,25
11715824040,603240642,118642.92227715276,27
11715824040,49364356,148741.5831018547,30
11715824040,59947552,292890.61197543034,78
11715824040,3390634865,187775.00615072684,39
11715824040,98554769,260165.1535352387,67
11715824040,5693657962,188706.70292767248,54
11715824040,310860950,235835.4827080715,62
11715824040,8014319683,203062.62520944048,47
11715824040,603240427,154003.62439210617,29
11715824040,617967952,244721.93084623647,109
11715824040,7087535778,244702.03391853877,108
11715824040,617968149,227588.59316486193,103
11715824040,634172980,323112.4106783272,83
11715824040,665214512,304887.3569164597,207
11715824040,665214513,304815.18986801564,206
11715824040,4136824664,410282.3176064101,98
11715824040,7599684152,198275.07966552582,51
11715824040,6537569534,194661.42253063712,65
11715824040,4136824665,410310.6566579209,99
11715824040,3174892783,238257.77300356238,112
11715824040,1239489717,238265.00740234138,112
11715824040,1242694031,197021.77770457903,67
11715824040,4139418521,196987.03797598727,66
11715824040,2155580115,291900.01778382354,146
11715824040,6524681177,304267.24097935547,203
11715824040,5217538839,344139.20577630354,87
11715824040,7042347620,357869.2955667637,90
11715824040,13743364556,78732.77026986357,34
11715824040,1684534515,5.891363178344634,1
11715824040,1809805397,86376.3695425467,19
11715824040,1728838958,277939.68537353876,80
11715824040,7085505934,277919.11428925255,79
11715824040,1732642149,295603.78475386504,71
11715824040,1886079221,240686.73869643346,62
11715824040,1735981103,357849.70561833505,89
11715824040,7042347632,357842.0406608977,88
11715824040,1740742111,244552.12126272803,72
11715824040,1750869639,221049.46002368012,55
11715824040,1783974992,85270.65147963433,21
11715824040,10016226413,85279.39315025574,22
11715824040,1945675344,86354.98494573843,18
11715824040,1797964180,273978.4157754078,129
11715824040,4959610635,59234.25233699262,18
11715824040,1985676681,208322.4339844114,75
11715824040,13749558430,240663.70640468132,61
11715824040,4212767857,78751.50641530508,35
11715824040,3527283166,113943.8297163677,22
11715824040,1981147403,198283.23938494647,52
11715824040,2011981296,142396.07847501544,36
11715824040,5372968715,302626.2825053384,204
11715824040,3794035028,226326.349907083,97
11715824040,3849049820,291878.2849769969,147
11715824040,2339297860,303258.8684024597,79
11715824040,2339297862,303258.9615468556,79
11715824040,6289622879,196954.59502990078,50
11715824040,3088508709,187658.1523571427,51
11715824040,3088508720,187661.94383293574,51
11715824040,3136385191,302644.9252065808,204
11715824040,3237363036,277672.8798647475,76
11715824040,3237363045,277678.1247037585,78
11715824040,4137095171,277658.6314511361,77
11715824040,3474422106,410294.5828876579,99
11715824040,4136824662,410296.2008380288,98
11715824040,4137349478,238824.3327452079,83
11715824040,6537569535,194671.6587264073,65
11715824040,4963408994,274098.8685686527,128
11715824040,9513937138,225295.53609344765,74
11715824040,4944055508,225305.76801229728,75
11715824040,4944055634,225304.80284625635,75
11715824040,4963408992,274088.5028596457,127
11715824040,6524681176,304332.6870656916,202
11715824040,9628046175,304298.63584664604,201
11715824040,7042347623,357825.6803755702,87
11715824040,8014319682,203072.03158634587,48
11715824040,8032417737,231299.62702132692,59
11715824040,8032417743,231311.95564840478,60
11715824040,8032417746,231314.11349411562,60
11715824040,8032417740,231300.83934610055,59
11715824040,9568699375,225296.3408324024,74
11715824040,11715824035,8.39836122867366,1
1809805397,258029156,159785.30546618262,60
1809805397,44265234,32024.57470633927,6
1809805397,603240642,32266.55273460605,8
1809805397,49364356,62365.213559307995,11
1809805397,59947552,206514.24243288368,59
1809805397,3390634865,110087.1247078122,30
1809805397,98554769,173788.78399269196,48
1809805397,5693657962,153773.46914145414,46
1809805397,310860950,149459.11316552488,43
1809805397,8014319683,201813.82979793832,75
1809805397,603240427,67627.25484955947,10
1809805397,617967952,209788.69706001814,101
1809805397,7087535778,209768.80013232044,100
1809805397,617968149,192655.3593786436,95
1809805397,634172980,321863.28578331234,111
1809805397,665214512,232684.55338467023,124
1809805397,665214513,232612.38633622622,123
1809805397,4136824664,409033.19271139527,126
1809805397,7599684152,172879.49121113165,59
1809805397,6537569534,248777.1422863353,47
1809805397,4136824665,409061.53176290606,127
1809805397,3174892783,203324.53921734405,104
1809805397,1239489717,203331.77361612304,104
1809805397,1242694031,251137.4974602772,49
1809805397,4139418521,251102.75773168544,48
1809805397,2155580115,244871.94413695147,108
1809805397,6524681177,231868.8236029499,116
1809805397,5217538839,349160.00439241546,114
1809805397,7042347620,356620.17067174887,118
1809805397,13743364556,132893.87944660828,18
1809805397,1684534515,86371.63784823986,19
1809805397,11715824040,86376.36954254669,19
1809805397,1728838958,276690.5604785239,108
1809805397,7085505934,276669.9893942377,107
1809805397,1732642149,294354.6598588502,99
1809805397,1886079221,239437.6138014186,90
1809805397,1735981103,356600.5807233202,117
1809805397,7042347632,356592.9157658828,116
1809805397,1740742111,259551.09031967772,75
1809805397,1750869639,134673.09048113343,36
1809805397,1783974992,66681.60652008868,13
1809805397,10016226413,66672.86484946727,12
1809805397,1945675344,21.384596808274992,1
1809805397,1797964180,190541.6386085537,61
1809805397,4959610635,92718.00566273039,16
1809805397,1985676681,121946.06444186477,56
1809805397,13749558430,239414.58150966646,89
1809805397,4212767857,132884.25184870823,18
1809805397,3527283166,33429.85926036272,5
1809805397,1981147403,172887.6509305523,60
1809805397,2011981296,61882.108019010455,19
1809805397,5372968715,234036.85443452199,109
1809805397,3794035028,191393.11612086467,89
1809805397,3849049820,244850.21133012488,109
1809805397,2339297860,216882.49885991312,60
1809805397,2339297862,216882.59200430897,60
1809805397,6289622879,171559.00657550662,58
1809805397,3088508709,152724.91857092438,43
1809805397,3088508720,152728.7100467174,43
1809805397,3136385191,234093.4159012523,116
1809805397,3237363036,276423.75496973266,104
1809805397,3237363045,276428.99980874365,106
1809805397,4137095171,276409.5065561212,105
1809805397,3474422106,409045.45799264306,127
1809805397,4136824662,409047.07594301394,126
1809805397,4137349478,237575.20785019305,111
1809805397,6537569535,248787.37848210547,47
1809805397,4963408994,226716.17747220112,74
1809805397,9513937138,190362.3023072293,66
1809805397,4944055508,190372.53422607895,67
1809805397,4944055634,190371.56906003802,67
1809805397,4963408992,226715.01719402193,74
1809805397,6524681176,231948.26427038142,118
1809805397,9628046175,231914.21305133583,117
1809805397,7042347623,356576.55548055534,115
1809805397,8014319682,201813.89953186928,75
1809805397,8032417737,230050.50212631206,87
1809805397,8032417743,230062.83075338992,88
1809805397,8032417746,230064.98859910076,88
1809805397,8032417740,230051.7144510857,87
1809805397,9568699375,190363.10704618407,66
1809805397,11715824035,86379.76181787862,20
1728838958,258029156,181675.52149311246,89
1728838958,44265234,298864.0140566576,114
1728838958,603240642,298799.5575460049,113
1728838958,49364356,268523.3752036889,109
1728838958,59947552,364695.0046350815,299
1728838958,3390634865,249132.21484819974,115
1728838958,98554769,387313.2537145584,167
1728838958,5693657962,176793.14161886167,84
1728838958,310860950,275500.7965379835,122
1728838958,8014319683,74877.0601640984,33
1728838958,603240427,293435.7828451008,123
1728838958,617967952,195213.44473001058,95
1728838958,7087535778,195211.2910834691,95
1728838958,617968149,191833.95759337922,96
1728838958,634172980,45172.72530478843,3
1728838958,665214512,249461.25381563712,181
1728838958,665214513,249389.0867671931,180
1728838958,4136824664,132342.63223287137,18
1728838958,7599684152,103811.06926739229,49
1728838958,6537569534,96309.29037362455,21
1728838958,4136824665,132370.97128438216,19
1728838958,3174892783,180080.90452784693,85
1728838958,1239489717,180070.65823643786,84
1728838958,1242694031,93984.34860301572,19
1728838958,4139418521,93972.11488403816,19
1728838958,2155580115,227337.18210130036,126
1728838958,6524681177,248841.13787853284,177
1728838958,5217538839,72469.44391389155,6
1728838958,7042347620,79929.61019322494,10
1728838958,13743364556,212226.3825901619,51
1728838958,1684534515,277945.57673671714,81
1728838958,11715824040,277939.6853735388,80
1728838958,1809805397,276690.56047852396,108
1728838958,7085505934,20.571084286209057,1
1728838958,1732642149,35610.52079021974,4
1728838958,1886079221,37252.94667710541,18
1728838958,1735981103,79910.02024479625,9
1728838958,7042347632,79902.35528735888,8
1728838958,1740742111,46407.0315972974,13
1728838958,1750869639,307982.88708540716,140
1728838958,1783974992,216824.8905359076,80
1728838958,10016226413,216816.6811612782,80
1728838958,1945675344,276682.3170865866,108
1728838958,1797964180,236343.56561776486,115
1728838958,4959610635,218705.43303654625,62
1728838958,1985676681,379858.0715319427,153
1728838958,13749558430,37275.978968857555,19
1728838958,4212767857,212207.6464447204,50
1728838958,3527283166,271249.2826285308,108
1728838958,1981147403,103802.90954797163,48
1728838958,2011981296,255092.24374088997,106
1728838958,5372968715,247027.58517296758,172
1728838958,3794035028,192006.26427288548,99
1728838958,3849049820,227315.44929447377,127
1728838958,2339297860,272370.1139337881,226
1728838958,2339297862,272382.65343227494,227
1728838958,6289622879,105142.49792493886,52
1728838958,3088508709,172490.78961201353,75
1728838958,3088508720,172482.55255711547,74
1728838958,3136385191,247046.22787420996,172
1728838958,3237363036,266.8055087912926,4
1728838958,3237363045,272.7115009618256,5
1728838958,4137095171,286.5816856107758,5
1728838958,3474422106,132354.89751411913,19
1728838958,4136824662,132356.51546449005,18
1728838958,4137349478,58388.7997187527,51
1728838958,6537569535,96287.49413361815,20
1728838958,4963408994,221056.90904261998,113
1728838958,9513937138,161263.89634909685,71
1728838958,4944055508,161280.467648747,73
1728838958,4944055634,161273.16310190555,72
1728838958,4963408992,221046.543333613,112
1728838958,6524681176,248906.5839648691,176
1728838958,9628046175,248872.5327458235,175
1728838958,7042347623,79885.99500203141,7
1728838958,8014319682,74876.66094665474,33
1728838958,8032417737,46691.925497475655,24
1728838958,8032417743,46703.2133389374,25
1728838958,8032417746,46692.29055676812,24
1728838958,8032417740,46705.31303031941,25
1728838958,9568699375,161271.56976412082,72
1728838958,11715824035,277937.58108330786,78
7085505934,258029156,181654.95040882626,88
7085505934,44265234,298843.4429723714,113
7085505934,603240642,298778.9864617187,112
7085505934,49364356,268502.8041194027,108
7085505934,59947552,364674.4335507953,298
7085505934,3390634865,249111.64376391354,114
7085505934,98554769,387292.6826302722,166
7085505934,5693657962,176772.57053457547,83
7085505934,310860950,275480.2254536973,121
7085505934,8014319683,74856.48907981219,32
7085505934,603240427,293415.2117608146,122
7085505934,617967952,195192.87364572438,94
7085505934,7087535778,195190.7199991829,94
7085505934,617968149,191813.38650909302,95
7085505934,634172980,45193.29638907463,4
7085505934,665214512,249440.6827313509,180
7085505934,665214513,249368.5156829069,179
7085505934,4136824664,132363.20331715757,19
7085505934,7599684152,103790.49818310609,48
7085505934,6537569534,96288.71928933833,20
7085505934,4136824665,132391.54236866836,20
7085505934,3174892783,180060.33344356072,84
7085505934,1239489717,180050.08715215165,83
7085505934,1242694031,93963.7775187295,18
7085505934,4139418521,93951.54379975195,18
7085505934,2155580115,227316.61101701416,125
7085505934,6524681177,248820.56679424664,176
7085505934,5217538839,72490.01499817775,7
7085505934,7042347620,79950.18127751115,11
7085505934,13743364556,212205.81150587567,50
7085505934,1684534515,277925.00565243093,80
7085505934,11715824040,277919.1142892526,79
7085505934,1809805397,276669.98939423775,107
7085505934,1728838958,20.571084286209057,1
7085505934,1732642149,35624.932015333325,5
7085505934,1886079221,37232.3755928192,17
7085505934,1735981103,79930.59132908245,10
7085505934,7042347632,79922.92637164508,9
7085505934,1740742111,46386.46051301119,12
7085505934,1750869639,307962.31600112095,139
7085505934,1783974992,216804.31945162138,79
7085505934,10016226413,216796.110076992,79
7085505934,1945675344,276661.7460023004,107
7085505934,1797964180,236322.99453347866,114
7085505934,4959610635,218684.86195226005,61
7085505934,1985676681,379837.5004476565,152
7085505934,13749558430,37255.407884571345,18
7085505934,4212767857,212187.07536043416,49
7085505934,3527283166,271228.7115442446,107
7085505934,1981147403,103782.33846368543,47
7085505934,2011981296,255071.67265660377,105
7085505934,5372968715,247007.01408868138,171
7085505934,3794035028,191985.69318859928,98
7085505934,3849049820,227294.87821018757,126
7085505934,2339297860,272349.5428495019,225
7085505934,2339297862,272362.08234798873,226
7085505934,6289622879,105121.92684065265,51
7085505934,3088508709,172470.21852772732,74
7085505934,3088508720,172461.98147282927,73
7085505934,3136385191,247025.65678992376,171
7085505934,3237363036,246.23442450508355,3
7085505934,3237363045,252.14041667561656,4
7085505934,4137095171,266.0106013245668,4
7085505934,3474422106,132375.46859840534,20
7085505934,4136824662,132377.08654877625,19
7085505934,4137349478,58368.22863446649,50
7085505934,6537569535,96266.92304933193,19
7085505934,4963408994,221036.33795833378,112
7085505934,9513937138,161243.32526481064,70
7085505934,4944055508,161259.8965644608,72
7085505934,4944055634,161252.59201761935,71
7085505934,4963408992,221025.9722493268,111
7085505934,6524681176,248886.0128805829,175
7085505934,9628046175,248851.9616615373,174
7085505934,7042347623,79906.56608631762,8
7085505934,8014319682,74856.08986236854,32
7085505934,8032417737,46671.354413189445,23
7085505934,8032417743,46682.64225465119,24
7085505934,8032417746,46671.71947248191,23
7085505934,8032417740,46684.7419460332,24
7085505934,9568699375,161250.99867983462,71
7085505934,11715824035,277917.00999902165,77
1732642149,258029156,199339.6208734386,80
1732642149,44265234,316528.1134369837,105
1732642149,603240642,316463.656926331,104
1732642149,49364356,286187.474584015,100
1732642149,59947552,373494.6254322041,232
1732642149,3390634865,266796.31422852585,106
1732642149,98554769,403472.73581857025,224
1732642149,5693657962,194457.2409991878,75
1732642149,310860950,293164.8959183097,113
1732642149,8014319683,92541.15954442453,24
1732642149,603240427,311099.8822254269,114
1732642149,617967952,212877.54411033672,86
1732642149,7087535778,212875.39046379525,86
1732642149,617968149,209498.0569737054,87
1732642149,634172980,80783.24609500816,7
1732642149,665214512,258260.87461275974,114
1732642149,665214513,258188.70756431573,113
1732642149,4136824664,128202.59368577362,14
1732642149,7599684152,121475.16864771843,40
1732642149,6537569534,131902.72348186525,24
1732642149,4136824665,128230.93273728441,15
1732642149,3174892783,197745.0039081731,76
1732642149,1239489717,197734.75761676402,75
1732642149,1242694031,129577.78171125644,22
1732642149,4139418521,129565.54799227888,22
1732642149,2155580115,236136.802898423,59
1732642149,6524681177,257640.75867565547,110
1732642149,5217538839,108079.96470411129,10
1732642149,7042347620,115540.13098344467,14
1732642149,13743364556,241998.94822013227,66
1732642149,1684534515,295609.67611704324,72
1732642149,11715824040,295603.7847538649,71
1732642149,1809805397,294354.65985885,99
1732642149,1728838958,35610.52079021974,4
1732642149,7085505934,35624.932015333325,5
1732642149,1886079221,54917.046057431566,9
1732642149,1735981103,115520.54103501598,13
1732642149,7042347632,115512.8760775786,12
1732642149,1740742111,82000.46470553812,16
1732642149,1750869639,325646.9864657334,131
1732642149,1783974992,234488.9899162337,71
1732642149,10016226413,234480.7805416043,71
1732642149,1945675344,294346.41646691266,99
1732642149,1797964180,254007.66499809103,106
1732642149,4959610635,236369.53241687236,53
1732642149,1985676681,397522.1709122689,144
1732642149,13749558430,54940.078349183714,10
1732642149,4212767857,241980.21207469076,65
1732642149,3527283166,288913.38200885686,99
1732642149,1981147403,121467.00892829777,39
1732642149,2011981296,272756.34312121605,97
1732642149,5372968715,255827.2059700902,105
1732642149,3794035028,209670.36365321165,90
1732642149,3849049820,236104.43912315555,58
1732642149,2339297860,281169.7347309107,159
1732642149,2339297862,281182.27422939753,160
1732642149,6289622879,122806.597305265,43
1732642149,3088508709,190154.88899233966,66
1732642149,3088508720,190146.6519374416,65
1732642149,3136385191,255845.84867133258,105
1732642149,3237363036,35860.238617032024,7
1732642149,3237363045,35866.14460920256,8
1732642149,4137095171,35880.01479385151,8
1732642149,3474422106,128214.85896702138,15
1732642149,4136824662,128216.47691739231,14
1732642149,4137349478,76052.89909907883,42
1732642149,6537569535,131880.92724185885,23
1732642149,4963408994,238721.00842294615,104
1732642149,9513937138,178927.995729423,62
1732642149,4944055508,178944.56702907317,64
1732642149,4944055634,178937.26248223172,63
1732642149,4963408992,238710.64271393916,103
1732642149,6524681176,257706.2047619917,109
1732642149,9628046175,257672.15354294612,108
1732642149,7042347623,115496.51579225114,11
1732642149,8014319682,92540.76032698088,24
1732642149,8032417737,64356.024877801814,15
1732642149,8032417743,64367.31271926356,16
1732642149,8032417746,64356.38993709428,15
1732642149,8032417740,64369.41241064557,16
1732642149,9568699375,178935.669144447,63
1732642149,11715824035,295601.68046363397,69
1886079221,258029156,144422.57481600702,71
1886079221,44265234,261611.06737955223,96
1886079221,603240642,261546.61086889947,95
1886079221,49364356,231270.4285265835,91
1886079221,59947552,327442.05795797624,281
1886079221,3390634865,211879.2681710943,97
1886079221,98554769,350060.30703745293,149
1886079221,5693657962,139540.19494175623,66
1886079221,310860950,238247.84986087825,104
1886079221,8014319683,37624.11348699298,15
1886079221,603240427,256182.83616799524,105
1886079221,617967952,157960.49805290508,77
1886079221,7087535778,157958.3444063636,77
1886079221,617968149,154581.01091627375,78
1886079221,634172980,82425.67198189383,21
1886079221,665214512,212208.3071385316,163
1886079221,665214513,212136.1400900876,162
1886079221,4136824664,169595.57890997676,36
1886079221,7599684152,66558.12259028688,31
1886079221,6537569534,92348.03655694054,14
1886079221,4136824665,169623.91796148755,37
1886079221,3174892783,142827.95785074146,67
1886079221,1239489717,142817.71155933238,66
1886079221,1242694031,90023.09478633171,12
1886079221,4139418521,90010.86106735416,12
1886079221,2155580115,190084.23542419486,108
1886079221,6524681177,211588.19120142734,159
1886079221,5217538839,109722.39059099696,24
1886079221,7042347620,117182.55687033034,28
1886079221,13743364556,187081.90216270078,57
1886079221,1684534515,240692.6300596119,63
1886079221,11715824040,240686.73869643355,62
1886079221,1809805397,239437.61380141854,90
1886079221,1728838958,37252.946677105414,18
1886079221,7085505934,37232.375592819204,17
1886079221,1732642149,54917.046057431566,9
1886079221,1735981103,117162.96692190165,27
1886079221,7042347632,117155.30196446428,26
1886079221,1740742111,42445.777780613396,6
1886079221,1750869639,270729.9404083019,122
1886079221,1783974992,179571.94385880217,62
1886079221,10016226413,179563.73448417278,62
1886079221,1945675344,239429.37040948123,90
1886079221,1797964180,199090.61894065936,97
1886079221,4959610635,181452.48635944087,44
1886079221,1985676681,342605.1248548374,135
1886079221,13749558430,23.03229175214957,1
1886079221,4212767857,187063.16601725927,56
1886079221,3527283166,233996.33595142548,90
1886079221,1981147403,66549.96287086622,30
1886079221,2011981296,217839.2970637846,88
1886079221,5372968715,209774.63849586208,154
1886079221,3794035028,154753.31759578,81
1886079221,3849049820,190062.50261736827,109
1886079221,2339297860,235117.1672566826,208
1886079221,2339297862,235129.70675516943,209
1886079221,6289622879,67889.55124783344,34
1886079221,3088508709,135237.84293490808,57
1886079221,3088508720,135229.60588001003,56
1886079221,3136385191,209793.28119710446,154
1886079221,3237363036,36986.14116831412,14
1886079221,3237363045,36991.38600732513,16
1886079221,4137095171,36971.89275470268,15
1886079221,3474422106,169607.84419122452,37
1886079221,4136824662,169609.46214159543,36
1886079221,4137349478,21135.853041647282,33
1886079221,6537569535,92326.24031693414,13
1886079221,4963408994,183803.96236551448,95
1886079221,9513937138,124010.94967199142,53
1886079221,4944055508,124027.52097164158,55
1886079221,4944055634,124020.21642480012,54
1886079221,4963408992,183793.5966565075,94
1886079221,6524681176,211653.6372877636,158
1886079221,9628046175,211619.586068718,157
1886079221,7042347623,117138.94167913681,25
1886079221,8014319682,37623.71426954933,15
1886079221,8032417737,9438.978820370246,6
1886079221,8032417743,9450.26666183199,7
1886079221,8032417746,9439.343879662716,6
1886079221,8032417740,9452.366353214,7
1886079221,9568699375,124018.6230870154,54
1886079221,11715824035,240684.6344062025,60
1735981103,258029156,261585.54173790876,98
1735981103,44265234,378774.03430145397,123
1735981103,603240642,378709.57779080124,122
1735981103,49364356,348433.3954484853,118
1735981103,59947552,444605.0248798779,308
1735981103,3390634865,329042.2350929961,124
1735981103,98554769,467223.2739593548,176
1735981103,5693657962,256703.16186365797,93
1735981103,310860950,355410.81678277976,131
1735981103,8014319683,154787.08040889463,42
1735981103,603240427,373345.80308989715,132
1735981103,617967952,275123.4649748068,104
1735981103,7087535778,275121.31132826535,104
1735981103,617968149,271743.9778381756,105
1735981103,634172980,34737.294940007836,6
1735981103,665214512,329371.2740604334,190
1735981103,665214513,329299.10701198934,189
1735981103,4136824664,52432.61198807509,9
1735981103,7599684152,183721.0895121886,58
1735981103,6537569534,176219.31061842077,30
1735981103,4136824665,52460.95103958589,10
1735981103,3174892783,259990.92477264328,94
1735981103,1239489717,259980.6784812342,93
1735981103,1242694031,173894.36884781197,28
1735981103,4139418521,173882.1351288344,28
1735981103,2155580115,307247.2023460967,135
1735981103,6524681177,328751.15812332917,186
1735981103,5217538839,52931.902880515816,10
1735981103,7042347620,19.58994842868601,1
1735981103,13743364556,292136.4028349581,60
1735981103,1684534515,357855.5969815134,90
1735981103,11715824040,357849.70561833505,89
1735981103,1809805397,356600.58072332013,117
1735981103,1728838958,79910.02024479627,9
1735981103,7085505934,79930.59132908247,10
1735981103,1732642149,115520.54103501601,13
1735981103,1886079221,117162.96692190167,27
1735981103,7042347632,7.664957437378372,1
1735981103,1740742111,126317.05184209363,22
1735981103,1750869639,387892.90733020345,149
1735981103,1783974992,296734.9107807039,89
1735981103,10016226413,296726.7014060744,89
1735981103,1945675344,356592.3373313828,117
1735981103,1797964180,316253.58586256125,124
1735981103,4959610635,298615.45328134246,71
1735981103,1985676681,459768.091776739,162
1735981103,13749558430,117185.99921365382,28
1735981103,4212767857,292117.6666895166,59
1735981103,3527283166,351159.3028733271,117
1735981103,1981147403,183712.92979276794,57
1735981103,2011981296,335002.2639856863,115
1735981103,5372968715,326937.60541776405,181
1735981103,3794035028,271916.2845176819,108
1735981103,3849049820,307225.46953927004,136
1735981103,2339297860,352280.1341785845,235
1735981103,2339297862,352292.67367707135,236
1735981103,6289622879,185052.5181697352,61
1735981103,3088508709,252400.80985680982,84
1735981103,3088508720,252392.57280191177,83
1735981103,3136385191,326956.24811900646,181
1735981103,3237363036,80176.82575358755,13
1735981103,3237363045,80182.73174575808,14
1735981103,4137095171,80196.60193040704,14
1735981103,3474422106,52444.87726932286,10
1735981103,4136824662,52446.49521969378,9
1735981103,4137349478,138298.81996354894,60
1735981103,6537569535,176197.51437841437,29
1735981103,4963408994,300966.9292874162,122
1735981103,9513937138,241173.9165938932,80
1735981103,4944055508,241190.48789354335,82
1735981103,4944055634,241183.1833467019,81
1735981103,4963408992,300956.5635784092,121
1735981103,6524681176,328816.6042096653,185
1735981103,9628046175,328782.55299061973,184
1735981103,7042347623,24.025242764842,2
1735981103,8014319682,154786.68119145097,42
1735981103,8032417737,126601.9457422719,33
1735981103,8032417743,126613.23358373364,34
1735981103,8032417746,126602.31080156437,33
1735981103,8032417740,126615.33327511566,34
1735981103,9568699375,241181.59000891718,81
1735981103,11715824035,357847.6013281041,87
7042347632,258029156,261577.87678047136,97
7042347632,44265234,378766.36934401654,122
7042347632,603240642,378701.9128333638,121
7042347632,49364356,348425.73049104784,117
7042347632,59947552,444597.3599224405,307
7042347632,3390634865,329034.57013555866,123
7042347632,98554769,467215.60900191736,175
7042347632,5693657962,256695.49690622056,92
7042347632,310860950,355403.1518253423,130
7042347632,8014319683,154779.41545145723,41
7042347632,603240427,373338.1381324597,131
7042347632,617967952,275115.8000173694,103
7042347632,7087535778,275113.6463708279,103
7042347632,617968149,271736.3128807382,104
7042347632,634172980,34729.629982570455,5
7042347632,665214512,329363.60910299595,189
7042347632,665214513,329291.4420545519,188
7042347632,4136824664,52440.27694551247,10
7042347632,7599684152,183713.4245547512,57
7042347632,6537569534,176211.6456609834,29
7042347632,4136824665,52468.61599702327,11
7042347632,3174892783,259983.25981520585,93
7042347632,1239489717,259973.01352379678,92
7042347632,1242694031,173886.7038903746,27
7042347632,4139418521,173874.47017139703,27
7042347632,2155580115,307239.53738865926,134
7042347632,6524681177,328743.49316589173,185
7042347632,5217538839,52931.753741651184,10
7042347632,7042347620,27.254905866064384,2
7042347632,13743364556,292128.7378775208,59
7042347632,1684534515,357847.93202407594,89
7042347632,11715824040,357842.0406608976,88
7042347632,1809805397,356592.9157658827,116
7042347632,1728838958,79902.35528735888,8
7042347632,7085505934,79922.92637164508,9
7042347632,1732642149,115512.87607757862,12
7042347632,1886079221,117155.30196446426,26
7042347632,1735981103,7.664957437378372,1
7042347632,1740742111,126309.38688465625,21
7042347632,1750869639,387885.242372766,148
7042347632,1783974992,296727.2458232665,88
7042347632,10016226413,296719.036448637,88
7042347632,1945675344,356584.67237394536,116
7042347632,1797964180,316245.9209051238,123
7042347632,4959610635,298607.788323905,70
7042347632,1985676681,459760.42681930156,161
7042347632,13749558430,117178.33425621642,27
7042347632,4212767857,292110.0017320793,58
7042347632,3527283166,351151.6379158897,116
7042347632,1981147403,183705.26483533054,56
7042347632,2011981296,334994.59902824886,114
7042347632,5372968715,326929.9404603266,180
7042347632,3794035028,271908.6195602445,107
7042347632,3849049820,307217.8045818326,135
7042347632,2339297860,352272.46922114707,234
7042347632,2339297862,352285.0087196339,235
7042347632,6289622879,185044.85321229778,60
7042347632,3088508709,252393.14489937242,83
7042347632,3088508720,252384.90784447436,82
7042347632,3136385191,326948.583161569,180
7042347632,3237363036,80169.16079615016,12
7042347632,3237363045,80175.06678832069,13
7042347632,4137095171,80188.93697296965,13
7042347632,3474422106,52452.54222676024,11
7042347632,4136824662,52454.16017713116,10
7042347632,4137349478,138291.15500611154,59
7042347632,6537569535,176189.849420977,28
7042347632,4963408994,300959.2643299788,121
7042347632,9513937138,241166.25163645577,79
7042347632,4944055508,241182.82293610592,81
7042347632,4944055634,241175.51838926447,80
7042347632,4963408992,300948.89862097177,120
7042347632,6524681176,328808.9392522279,184
7042347632,9628046175,328774.8880331823,183
7042347632,7042347623,16.36028532746363,1
7042347632,8014319682,154779.01623401357,41
7042347632,8032417737,126594.2807848345,32
7042347632,8032417743,126605.56862629624,33
7042347632,8032417746,126594.64584412696,32
7042347632,8032417740,126607.66831767825,33
7042347632,9568699375,241173.92505147975,80
7042347632,11715824035,357839.93637066666,86
1740742111,258029156,164536.05133426623,56
1740742111,44265234,281724.5438978113,81
1740742111,603240642,281660.0873871586,80
1740742111,49364356,251383.90504484266,76
1740742111,59947552,353598.05956712493,270
1740742111,3390634865,231992.7446893535,82
1740742111,98554769,373821.9423207336,130
1740742111,5693657962,159653.67146001544,51
1740742111,310860950,258552.54235233564,99
1740742111,8014319683,70023.71279330614,8
1740742111,603240427,276296.3126862544,90
1740742111,617967952,178394.42136458485,59
1740742111,7087535778,178392.26771804338,59
1740742111,617968149,174694.487434533,63
1740742111,634172980,91579.75690208582,16
1740742111,665214512,238559.8474348082,157
1740742111,665214513,238487.6803863642,156
1740742111,4136824664,178749.66383016875,31
1740742111,7599684152,86671.59910854606,16
1740742111,6537569534,49902.25877632715,8
1740742111,4136824665,178778.00288167954,32
1740742111,3174892783,162941.4343690007,52
1740742111,1239489717,162931.18807759162,51
1740742111,1242694031,47577.31700571832,6
1740742111,4139418521,47565.08328674076,6
1740742111,2155580115,219432.0950992656,91
1740742111,6524681177,237939.73149770394,153
1740742111,5217538839,114680.73621608253,12
1740742111,7042347620,126336.64179052234,23
1740742111,13743364556,165819.35099286443,38
1740742111,1684534515,244546.22989954968,71
1740742111,11715824040,244552.12126272803,72
1740742111,1809805397,259551.09031967772,75
1740742111,1728838958,46407.0315972974,13
1740742111,7085505934,46386.46051301119,12
1740742111,1732642149,82000.46470553814,16
1740742111,1886079221,42445.777780613396,6
1740742111,1735981103,126317.05184209364,22
1740742111,7042347632,126309.38688465627,21
1740742111,1750869639,291034.6328997592,117
1740742111,1783974992,199685.42037706135,47
1740742111,10016226413,199677.21100243196,47
1740742111,1945675344,259542.8469277404,75
1740742111,1797964180,221084.31004507892,89
1740742111,4959610635,194454.99004112615,32
1740742111,1985676681,362909.81734629476,130
1740742111,13749558430,42468.810072365544,7
1740742111,4212767857,165800.61484742293,37
1740742111,3527283166,254109.81246968464,75
1740742111,1981147403,86663.4393891254,15
1740742111,2011981296,237952.77358204374,73
1740742111,5372968715,236298.77302368698,154
1740742111,3794035028,174866.79411403925,66
1740742111,3849049820,219410.362292439,92
1740742111,2339297860,261273.1688658314,197
1740742111,2339297862,261285.70836431824,198
1740742111,6289622879,88003.02776609262,19
1740742111,3088508709,155351.3194531673,42
1740742111,3088508720,155343.08239826924,41
1740742111,3136385191,236317.41572492936,154
1740742111,3237363036,46140.42038366444,10
1740742111,3237363045,46134.32009633557,8
1740742111,4137095171,46120.644206844954,9
1740742111,3474422106,178761.9291114165,32
1740742111,4136824662,178763.54706178742,31
1740742111,4137349478,59329.63903567496,43
1740742111,6537569535,49880.462536320745,7
1740742111,4963408994,207771.35908700115,78
1740742111,9513937138,144124.4261902506,38
1740742111,4944055508,144140.99748990076,40
1740742111,4944055634,144133.69294305932,39
1740742111,4963408992,207760.99337799416,77
1740742111,6524681176,238005.17758404018,152
1740742111,9628046175,237971.1263649946,151
1740742111,7042347623,126293.0265993288,20
1740742111,8014319682,70033.11917021153,9
1740742111,8032417737,42370.416530036564,9
1740742111,8032417743,42356.16201301752,8
1740742111,8032417746,42355.930057247846,8
1740742111,8032417740,42367.27831532177,9
1740742111,9568699375,144132.0996052746,39
1740742111,11715824035,244548.6015337455,70
1750869639,258029156,149210.19937768733,89
1750869639,44265234,102648.51577479416,30
1750869639,603240642,102406.53774652738,28
1750869639,49364356,91958.24327298572,40
1750869639,59947552,142126.37599893945,26
1750869639,3390634865,117969.85779246593,36
1750869639,98554769,109400.91755874775,15
1750869639,5693657962,155517.6965105291,110
1750869639,310860950,32482.090547423664,18
1750869639,8014319683,233297.37237801997,117
1750869639,603240427,67045.83563157395,26
1750869639,617967952,113056.72746837366,47
1750869639,7087535778,113076.62439607135,48
1750869639,617968149,116340.14546522629,54
1750869639,634172980,353155.6123901956,143
1750869639,665214512,115707.53076656903,99
1750869639,665214513,115635.36371812502,98
1750869639,4136824664,440325.51931827853,158
1750869639,7599684152,204377.71286016094,105
1750869639,6537569534,304923.7847003109,117
1750869639,4136824665,440353.8583697893,159
1750869639,3174892783,128108.6395491783,67
1750869639,1239489717,128115.8739479573,67
1750869639,1242694031,307295.69991848903,120
1750869639,4139418521,307260.9601898973,119
1750869639,2155580115,127894.92151885027,83
1750869639,6524681177,114891.80098484873,91
1750869639,5217538839,380452.3309992987,146
1750869639,7042347620,387912.49727863213,150
1750869639,13743364556,254487.91375479108,68
1750869639,1684534515,221044.7283293733,55
1750869639,11715824040,221049.46002368012,55
1750869639,1809805397,134673.09048113343,36
1750869639,1728838958,307982.88708540716,140
1750869639,7085505934,307962.31600112095,139
1750869639,1732642149,325646.9864657335,131
1750869639,1886079221,270729.94040830195,122
1750869639,1735981103,387892.90733020345,149
1750869639,7042347632,387885.2423727661,148
1750869639,1740742111,291034.63289975945,117
1750869639,1783974992,188285.03391089523,64
1750869639,10016226413,188276.82453626583,64
1750869639,1945675344,134694.4750779417,37
1750869639,1797964180,73564.61599045244,36
1750869639,4959610635,214312.03997091317,66
1750869639,1985676681,71875.18444653554,13
1750869639,13749558430,270714.35834785824,122
1750869639,4212767857,254478.28615689103,68
1750869639,3527283166,128275.60840067029,46
1750869639,1981147403,204371.19351063395,102
1750869639,2011981296,105389.37473578464,43
1750869639,5372968715,117059.83181642077,84
1750869639,3794035028,117604.58010102101,59
1750869639,3849049820,127873.18871202365,84
1750869639,2339297860,99905.47624181189,35
1750869639,2339297862,99905.56938620776,35
1750869639,6289622879,203044.8676793977,101
1750869639,3088508709,158399.94205455435,104
1750869639,3088508720,158403.16831368432,104
1750869639,3136385191,117116.39328315109,91
1750869639,3237363036,307716.0815766159,136
1750869639,3237363045,307721.3264156269,138
1750869639,4137095171,307701.8331630045,137
1750869639,3474422106,440337.7845995263,159
1750869639,4136824662,440339.4025498972,158
1750869639,4137349478,249602.0054586497,90
1750869639,6537569535,304945.5809403173,118
1750869639,4963408994,109739.15485409994,49
1750869639,9513937138,146910.2067095087,79
1750869639,4944055508,146894.703467352,78
1750869639,4944055634,146902.00801419344,79
1750869639,4963408992,109737.99457592075,49
1750869639,6524681176,114971.24165228024,93
1750869639,9628046175,114937.19043323465,92
1750869639,7042347623,387868.8820874386,147
1750869639,8014319682,233297.44211195092,117
1750869639,8032417737,261534.0447063937,129
1750869639,8032417743,261546.37333347157,130
1750869639,8032417746,261548.5311791824,130
1750869639,8032417740,261535.25703116733,129
1750869639,9568699375,146902.53329448472,78
1750869639,11715824035,221052.85229901207,56
1783974992,258029156,109457.28085539042,48
1783974992,44265234,94317.70491202465,17
1783974992,603240642,94559.68294029143,19
1783974992,49364356,96326.79063790951,24
1783974992,59947552,268807.37263856904,70
1783974992,3390634865,115484.93647018286,21
1783974992,98554769,236081.91419837737,59
1783974992,5693657962,103445.44453066195,34
1783974992,310860950,203071.0565952866,71
1783974992,8014319683,141948.15985532195,47
1783974992,603240427,121239.19827932128,38
1783974992,617967952,159460.6724492259,89
1783974992,7087535778,159440.7755215282,88
1783974992,617968149,142327.33476785137,83
1783974992,634172980,261997.61584069606,83
1783974992,665214512,219626.09851944927,187
1783974992,665214513,219553.93147100526,186
1783974992,4136824664,349167.522768779,98
1783974992,7599684152,113013.82126851533,31
1783974992,6537569534,182095.53576624667,34
1783974992,4136824665,349195.8618202898,99
1783974992,3174892783,152996.51460655182,92
1783974992,1239489717,153003.7490053308,92
1783974992,1242694031,184455.89094018858,36
1783974992,4139418521,184421.15121159682,35
1783974992,2155580115,206638.75938681295,126
1783974992,6524681177,219005.982582345,183
1783974992,5217538839,289294.33444979927,86
1783974992,7042347620,296754.5007291326,90
1783974992,13743364556,66212.2729265196,5
1783974992,1684534515,85276.54284281268,22
1783974992,11715824040,85270.65147963433,21
1783974992,1809805397,66681.60652008867,13
1783974992,1728838958,216824.89053590765,80
1783974992,7085505934,216804.31945162144,79
1783974992,1732642149,234488.9899162338,71
1783974992,1886079221,179571.94385880223,62
1783974992,1735981103,296734.91078070394,89
1783974992,7042347632,296727.24582326657,88
1783974992,1740742111,199685.42037706135,47
1783974992,1750869639,188285.0339108952,64
1783974992,10016226413,8.741670621414244,1
1783974992,1945675344,66673.36312815137,13
1783974992,1797964180,188717.1573783973,109
1783974992,4959610635,26036.39914264171,3
1783974992,1985676681,184239.1946475501,67
1783974992,13749558430,179548.9115670501,61
1783974992,4212767857,66202.64532861958,5
1783974992,3527283166,62026.60395292948,9
1783974992,1981147403,113021.98098793598,32
1783974992,2011981296,82895.65917511059,21
1783974992,5372968715,217365.02410832804,184
1783974992,3794035028,141065.09151007244,77
1783974992,3849049820,206617.02657998636,127
1783974992,2339297860,242339.41995047245,227
1783974992,2339297862,242351.9594489593,228
1783974992,6289622879,111693.33663289029,30
1783974992,3088508709,102396.8939601322,31
1783974992,3088508720,102400.6854359252,31
1783974992,3136385191,217383.66680957042,184
1783974992,3237363036,216558.08502711635,76
1783974992,3237363045,216563.32986612737,78
1783974992,4137095171,216543.83661350491,77
1783974992,3474422106,349179.7880500268,99
1783974992,4136824662,349181.4060003977,98
1783974992,4137349478,177709.53790757668,83
1783974992,6537569535,182105.77196201685,34
1783974992,4963408994,188837.6101716422,108
1783974992,9513937138,140034.27769643712,54
1783974992,4944055508,140044.50961528675,55
1783974992,4944055634,140043.54444924582,55
1783974992,4963408992,188827.24446263522,107
1783974992,6524681176,219071.42866868124,182
1783974992,9628046175,219037.37744963565,181
1783974992,7042347623,296710.8855379391,87
1783974992,8014319682,141948.2295892529,47
1783974992,8032417737,170184.8321836957,59
1783974992,8032417743,170197.16081077355,60
1783974992,8032417746,170199.3186564844,60
1783974992,8032417740,170186.04450846932,59
1783974992,9568699375,140035.08243539187,54
1783974992,11715824035,85268.54718940331,19
10016226413,258029156,109449.07148076096,48
10016226413,44265234,94308.96324140324,16
10016226413,603240642,94550.94126967002,18
10016226413,49364356,96318.58126328007,24
10016226413,59947552,268798.63096794765,69
10016226413,3390634865,115476.72709555342,21
10016226413,98554769,236073.17252775596,58
10016226413,5693657962,103437.23515603249,34
10016226413,310860950,203062.84722065716,71
10016226413,8014319683,141939.95048069253,47
10016226413,603240427,121230.98890469184,38
10016226413,617967952,159452.46307459645,89
10016226413,7087535778,159432.56614689875,88
10016226413,617968149,142319.1253932219,83
10016226413,634172980,261989.40646606663,83
10016226413,665214512,219617.8891448198,187
10016226413,665214513,219545.7220963758,186
10016226413,4136824664,349159.3133941496,98
10016226413,7599684152,113005.61189388589,31
10016226413,6537569534,182104.2774368681,35
10016226413,4136824665,349187.6524456604,99
10016226413,3174892783,152988.30523192236,92
10016226413,1239489717,152995.53963070136,92
10016226413,1242694031,184464.63261081002,37
10016226413,4139418521,184429.89288221826,36
10016226413,2155580115,206630.5500121835,126
10016226413,6524681177,218997.77320771554,183
10016226413,5217538839,289286.12507516984,86
10016226413,7042347620,296746.2913545032,90
10016226413,13743364556,66221.01459714101,6
10016226413,1684534515,85285.28451343409,23
10016226413,11715824040,85279.39315025574,22
10016226413,1809805397,66672.86484946725,12
10016226413,1728838958,216816.68116127822,80
10016226413,7085505934,216796.11007699202,79
10016226413,1732642149,234480.78054160438,71
10016226413,1886079221,179563.7344841728,62
10016226413,1735981103,296726.7014060745,89
10016226413,7042347632,296719.03644863714,88
10016226413,1740742111,199677.21100243193,47
10016226413,1750869639,188276.82453626578,64
10016226413,1783974992,8.741670621414244,1
10016226413,1945675344,66664.62145752995,12
10016226413,1797964180,188708.94800376784,109
10016226413,4959610635,26045.140813263122,4
10016226413,1985676681,184230.45297692867,66
10016226413,13749558430,179540.70219242066,61
10016226413,4212767857,66211.38699924099,6
10016226413,3527283166,62017.862282308066,8
10016226413,1981147403,113013.77161330654,32
10016226413,2011981296,82887.44980048115,21
10016226413,5372968715,217356.8147336986,184
10016226413,3794035028,141056.88213544298,77
10016226413,3849049820,206608.8172053569,127
10016226413,2339297860,242331.210575843,227
10016226413,2339297862,242343.75007432984,228
10016226413,6289622879,111685.12725826085,30
10016226413,3088508709,102388.68458550275,31
10016226413,3088508720,102392.47606129575,31
10016226413,3136385191,217375.45743494097,184
10016226413,3237363036,216549.87565248692,76
10016226413,3237363045,216555.12049149795,78
10016226413,4137095171,216535.6272388755,77
10016226413,3474422106,349171.5786753974,99
10016226413,4136824662,349173.19662576827,98
10016226413,4137349478,177701.32853294726,83
10016226413,6537569535,182114.5136326383,35
10016226413,4963408994,188829.40079701276,108
10016226413,9513937138,140026.06832180766,54
10016226413,4944055508,140036.3002406573,55
10016226413,4944055634,140035.33507461636,55
10016226413,4963408992,188819.03508800577,107
10016226413,6524681176,219063.21929405179,182
10016226413,9628046175,219029.1680750062,181
10016226413,7042347623,296702.67616330966,87
10016226413,8014319682,141940.02021462348,47
10016226413,8032417737,170176.62280906626,59
10016226413,8032417743,170188.95143614413,60
10016226413,8032417746,170191.10928185497,60
10016226413,8032417740,170177.8351338399,59
10016226413,9568699375,140026.87306076242,54
10016226413,11715824035,85277.28886002472,20
1945675344,258029156,159777.0620742453,60
1945675344,44265234,32045.959303147545,7
1945675344,603240642,32287.937331414327,9
1945675344,49364356,62386.59815611627,12
1945675344,59947552,206535.62702969197,60
1945675344,3390634865,110078.88131587491,30
1945675344,98554769,173810.16858950024,49
1945675344,5693657962,153765.22574951683,46
1945675344,310860950,149480.4977623331,44
1945675344,8014319683,201805.586406001,75
1945675344,603240427,67648.63944636774,11
1945675344,617967952,209780.45366808082,101
1945675344,7087535778,209760.55674038312,100
1945675344,617968149,192647.11598670628,95
1945675344,634172980,321855.04239137506,111
1945675344,665214512,232705.93798147846,125
1945675344,665214513,232633.77093303445,124
1945675344,4136824664,409024.949319458,126
1945675344,7599684152,172871.24781919434,59
1945675344,6537569534,248768.898894398,47
1945675344,4136824665,409053.2883709688,127
1945675344,3174892783,203316.29582540673,104
1945675344,1239489717,203323.53022418573,104
1945675344,1242694031,251129.2540683399,49
1945675344,4139418521,251094.51433974816,48
1945675344,2155580115,244893.3287337597,109
1945675344,6524681177,231890.20819975814,117
1945675344,5217538839,349151.7610004782,114
1945675344,7042347620,356611.9272798116,118
1945675344,13743364556,132885.63605467096,18
1945675344,1684534515,86350.25325143158,18
1945675344,11715824040,86354.98494573841,18
1945675344,1809805397,21.384596808274992,1
1945675344,1728838958,276682.3170865866,108
1945675344,7085505934,276661.7460023004,107
1945675344,1732642149,294346.4164669129,99
1945675344,1886079221,239429.3704094813,90
1945675344,1735981103,356592.3373313829,117
1945675344,7042347632,356584.67237394553,116
1945675344,1740742111,259542.8469277404,75
1945675344,1750869639,134694.47507794166,37
1945675344,1783974992,66673.36312815137,13
1945675344,10016226413,66664.62145752995,12
1945675344,1797964180,190563.02320536194,62
1945675344,4959610635,92709.76227079307,16
1945675344,1985676681,121967.44903867303,57
1945675344,13749558430,239406.33811772914,89
1945675344,4212767857,132876.0084567709,18
1945675344,3527283166,33421.61586842542,5
1945675344,1981147403,172879.407538615,60
1945675344,2011981296,61873.864627073155,19
1945675344,5372968715,234058.23903133022,110
1945675344,3794035028,191384.87272892735,89
1945675344,3849049820,244871.5959269331,110
1945675344,2339297860,216903.88345672135,61
1945675344,2339297862,216903.9766011172,61
1945675344,6289622879,171550.7631835693,58
1945675344,3088508709,152716.67517898706,43
1945675344,3088508720,152720.4666547801,43
1945675344,3136385191,234114.80049806053,117
1945675344,3237363036,276415.5115777954,104
1945675344,3237363045,276420.75641680637,106
1945675344,4137095171,276401.26316418394,105
1945675344,3474422106,409037.2146007058,127
1945675344,4136824662,409038.83255107666,126
1945675344,4137349478,237566.96445825574,111
1945675344,6537569535,248779.1350901682,47
1945675344,4963408994,226737.56206900935,75
1945675344,9513937138,190354.058915292,66
1945675344,4944055508,190364.29083414163,67
1945675344,4944055634,190363.3256681007,67
1945675344,4963408992,226736.40179083016,75
1945675344,6524681176,231969.64886718965,119
1945675344,9628046175,231935.59764814406,118
1945675344,7042347623,356568.31208861805,115
1945675344,8014319682,201805.65613993196,75
1945675344,8032417737,230042.25873437474,87
1945675344,8032417743,230054.5873614526,88
1945675344,8032417746,230056.74520716345,88
1945675344,8032417740,230043.47105914837,87
1945675344,9568699375,190354.86365424676,66
1945675344,11715824035,86358.37722107035,19
1797964180,258029156,79259.8765230069,61
1797964180,44265234,158517.06390221437,55
1797964180,603240642,158275.0858739476,53
1797964180,49364356,147826.79140040587,65
1797964180,59947552,139892.9958293647,47
1797964180,3390634865,109012.91971370496,33
1797964180,98554769,156115.14016040965,44
1797964180,5693657962,85567.37365584863,82
1797964180,310860950,41082.525443028775,18
1797964180,8014319683,163347.0495233395,89
1797964180,603240427,122914.38375899415,51
1797964180,617967952,43106.40461369328,19
1797964180,7087535778,43126.301541390974,20
1797964180,617968149,46389.82261054591,26
1797964180,634172980,281516.2909225532,118
1797964180,665214512,47345.51274762817,60
1797964180,665214513,47273.34569918416,59
1797964180,4136824664,368686.19785063615,133
1797964180,7599684152,134427.39000548044,77
1797964180,6537569534,234973.46184563043,89
1797964180,4136824665,368714.53690214694,134
1797964180,3174892783,58158.31669449792,39
1797964180,1239489717,58165.55109327691,39
1797964180,1242694031,237345.37706380856,92
1797964180,4139418521,237310.6373352168,91
1797964180,2155580115,54499.492414504166,50
1797964180,6524681177,46725.39681052389,56
1797964180,5217538839,308813.0095316564,121
1797964180,7042347620,316273.17581098975,125
1797964180,13743364556,254920.03722229315,113
1797964180,1684534515,273984.3071385861,130
1797964180,11715824040,273978.4157754078,129
1797964180,1809805397,190541.63860855365,61
1797964180,1728838958,236343.56561776478,115
1797964180,7085505934,236322.99453347857,114
1797964180,1732642149,254007.66499809094,106
1797964180,1886079221,199090.61894065936,97
1797964180,1735981103,316253.58586256107,124
1797964180,7042347632,316245.9209051237,123
1797964180,1740742111,221084.3100450789,89
1797964180,1750869639,73564.61599045244,36
1797964180,1783974992,188717.1573783973,109
1797964180,10016226413,188708.9480037679,109
1797964180,1945675344,190563.0232053619,62
1797964180,4959610635,214744.16343841524,111
1797964180,1985676681,145439.800436988,49
1797964180,13749558430,199075.03688021563,97
1797964180,4212767857,254910.4096243931,113
1797964180,3527283166,184144.15652809042,71
1797964180,1981147403,134420.87065595348,74
1797964180,2011981296,157217.9364025067,44
1797964180,5372968715,46914.441794722465,58
1797964180,3794035028,47654.25724634064,31
1797964180,3849049820,54477.759607677544,51
1797964180,2339297860,58991.79269227121,58
1797964180,2339297862,59004.33219075806,59
1797964180,6289622879,133094.5448247172,73
1797964180,3088508709,88449.61919987394,76
1797964180,3088508720,88452.8454590039,76
1797964180,3136385191,46933.08449596486,58
1797964180,3237363036,236076.76010897348,111
1797964180,3237363045,236082.0049479845,113
1797964180,4137095171,236062.51169536205,112
1797964180,3474422106,368698.46313188394,134
1797964180,4136824662,368700.0810822548,133
1797964180,4137349478,177962.6839910071,65
1797964180,6537569535,234995.25808563683,90
1797964180,4963408994,36343.72574975381,16
1797964180,9513937138,76959.88385482827,51
1797964180,4944055508,76944.3806126716,50
1797964180,4944055634,76951.68515951306,51
1797964180,4963408992,36342.56547157463,16
1797964180,6524681176,46790.84289686014,55
1797964180,9628046175,46756.79167781455,54
1797964180,7042347623,316229.5606197962,122
1797964180,8014319682,163347.11925727045,89
1797964180,8032417737,191583.72185171323,101
1797964180,8032417743,191596.0504787911,102
1797964180,8032417746,191598.20832450193,102
1797964180,8032417740,191584.93417648686,101
1797964180,9568699375,76952.21043980429,50
1797964180,11715824035,273976.31148517685,127
4959610635,258029156,135484.28691540836,50
4959610635,44265234,120354.10405466637,20
4959610635,603240642,120596.08208293315,22
4959610635,49364356,122353.79669792744,26
4959610635,59947552,294843.77178121073,73
4959610635,3390634865,141511.9425302008,23
4959610635,98554769,262118.3133410191,62
4959610635,5693657962,129472.45059067986,36
4959610635,310860950,229098.06265530453,73
4959610635,8014319683,143828.37287244786,29
4959610635,603240427,147266.2043393392,40
4959610635,617967952,185487.67850924388,91
4959610635,7087535778,185467.78158154618,90
4959610635,617968149,168354.34082786934,85
4959610635,634172980,263878.15834133467,65
4959610635,665214512,245653.10457946724,189
4959610635,665214513,245580.93753102323,188
4959610635,4136824664,351048.0652694176,80
4959610635,7599684152,139040.82732853323,33
4959610635,6537569534,156059.13662360492,31
4959610635,4136824665,351076.4043209284,81
4959610635,3174892783,179023.5206665698,94
4959610635,1239489717,179030.75506534879,94
4959610635,1242694031,158419.49179754683,33
4959610635,4139418521,158384.75206895507,32
4959610635,2155580115,232665.76544683092,128
4959610635,6524681177,245032.98864236297,185
4959610635,5217538839,291174.87695043784,68
4959610635,7042347620,298635.0432297712,72
4959610635,13743364556,40175.87378387789,2
4959610635,1684534515,59240.14370017097,19
4959610635,11715824040,59234.25233699263,18
4959610635,1809805397,92718.00566273039,16
4959610635,1728838958,218705.43303654625,62
4959610635,7085505934,218684.86195226005,61
4959610635,1732642149,236369.53241687242,53
4959610635,1886079221,181452.48635944084,44
4959610635,1735981103,298615.4532813425,71
4959610635,7042347632,298607.78832390514,70
4959610635,1740742111,194454.99004112612,32
4959610635,1750869639,214312.03997091315,66
4959610635,1783974992,26036.39914264171,3
4959610635,10016226413,26045.140813263122,4
4959610635,1945675344,92709.76227079309,16
4959610635,1797964180,214744.16343841527,111
4959610635,1985676681,210275.59379019178,70
4959610635,13749558430,181429.4540676887,43
4959610635,4212767857,40166.24618597786,2
4959610635,3527283166,88063.0030955712,12
4959610635,1981147403,139048.98704795388,34
4959610635,2011981296,108922.66523512852,23
4959610635,5372968715,243392.030168346,186
4959610635,3794035028,167092.0975700904,79
4959610635,3849049820,232644.03264000433,129
4959610635,2339297860,268366.4260104904,229
4959610635,2339297862,268378.96550897724,230
4959610635,6289622879,137720.3426929082,32
4959610635,3088508709,128423.90002015012,33
4959610635,3088508720,128427.69149594312,33
4959610635,3136385191,243410.6728695884,186
4959610635,3237363036,218438.62752775496,58
4959610635,3237363045,218443.87236676598,60
4959610635,4137095171,218424.37911414352,59
4959610635,3474422106,351060.3305506654,81
4959610635,4136824662,351061.94850103627,80
4959610635,4137349478,179590.0804082153,65
4959610635,6537569535,156069.3728193751,31
4959610635,4963408994,214864.61623166018,110
4959610635,9513937138,166061.28375645503,56
4959610635,4944055508,166071.51567530466,57
4959610635,4944055634,166070.55050926373,57
4959610635,4963408992,214854.2505226532,109
4959610635,6524681176,245098.4347286992,184
4959610635,9628046175,245064.38350965362,183
4959610635,7042347623,298591.42803857767,69
4959610635,8014319682,143837.77924935325,30
4959610635,8032417737,172065.3746843343,41
4959610635,8032417743,172077.70331141216,42
4959610635,8032417746,172079.861157123,42
4959610635,8032417740,172066.58700910793,41
4959610635,9568699375,166062.0884954098,56
4959610635,11715824035,59232.14804676162,16
1985676681,258029156,208975.9713295366,54
1985676681,44265234,95180.10450851901,19
1985676681,603240642,95254.71664874139,19
1985676681,49364356,125520.74336148774,24
1985676681,59947552,102097.36403507041,48
1985676681,3390634865,174076.48307553187,36
1985676681,98554769,69371.90559487871,37
1985676681,5693657962,215283.46846237837,75
1985676681,310860950,104357.27499395919,31
1985676681,8014319683,305172.5568245553,130
1985676681,603240427,123152.46091463986,26
1985676681,617967952,184931.91191490917,60
1985676681,7087535778,184951.80884260687,61
1985676681,617968149,188215.3299117618,67
1985676681,634172980,425030.79683673114,156
1985676681,665214512,187582.71521310453,112
1985676681,665214513,187510.54816466052,111
1985676681,4136824664,512200.70376481407,171
1985676681,7599684152,276252.89730669645,118
1985676681,6537569534,366334.73041379696,101
1985676681,4136824665,512229.04281632486,172
1985676681,3174892783,199983.82399571378,80
1985676681,1239489717,199991.05839449278,80
1985676681,1242694031,368695.0855877389,103
1985676681,4139418521,368660.34585914714,102
1985676681,2155580115,199770.1059653857,96
1985676681,6524681177,186766.9854313842,104
1985676681,5217538839,452327.51544583426,159
1985676681,7042347620,459787.68172516767,163
1985676681,13743364556,250451.46757406983,72
1985676681,1684534515,208317.70229010461,75
1985676681,11715824040,208322.43398441144,75
1985676681,1809805397,121946.06444186477,56
1985676681,1728838958,379858.0715319427,153
1985676681,7085505934,379837.5004476565,152
1985676681,1732642149,397522.17091226904,144
1985676681,1886079221,342605.1248548375,135
1985676681,1735981103,459768.091776739,162
1985676681,7042347632,459760.4268193016,161
1985676681,1740742111,362909.8173462948,130
1985676681,1750869639,71875.18444653552,13
1985676681,1783974992,184239.1946475502,67
1985676681,10016226413,184230.4529769288,66
1985676681,1945675344,121967.44903867305,57
1985676681,1797964180,145439.80043698795,49
1985676681,4959610635,210275.59379019192,70
1985676681,13749558430,342589.5427943938,135
1985676681,4212767857,250441.83997616978,72
1985676681,3527283166,136996.75936577047,22
1985676681,1981147403,276246.37795716943,115
1985676681,2011981296,138951.87482428667,27
1985676681,5372968715,188935.01626295628,97
1985676681,3794035028,189479.76454755652,72
1985676681,3849049820,199748.37315855912,97
1985676681,2339297860,171780.66068834745,48
1985676681,2339297862,171780.7538327433,48
1985676681,6289622879,274920.0521259332,114
1985676681,3088508709,218165.71400640364,69
1985676681,3088508720,218168.9402655336,69
1985676681,3136385191,188991.5777296866,104
1985676681,3237363036,379591.26602315146,149
1985676681,3237363045,379596.51086216245,151
1985676681,4137095171,379577.01760954,150
1985676681,3474422106,512212.96904606186,172
1985676681,4136824662,512214.58699643274,171
1985676681,4137349478,321477.18990518514,103
1985676681,6537569535,366344.9666095672,101
1985676681,4963408994,181614.33930063536,62
1985676681,9513937138,218785.39115604418,92
1985676681,4944055508,218769.88791388748,91
1985676681,4944055634,218777.19246072893,92
1985676681,4963408992,181613.17902245617,62
1985676681,6524681176,186846.42609881572,106
1985676681,9628046175,186812.37487977013,105
1985676681,7042347623,459744.06653397414,160
1985676681,8014319682,305172.6265584862,130
1985676681,8032417737,333409.2291529291,142
1985676681,8032417743,333421.55778000696,143
1985676681,8032417746,333423.7156257178,143
1985676681,8032417740,333410.4414777027,142
1985676681,9568699375,218777.7177410202,91
1985676681,11715824035,208325.8262597434,76
13749558430,258029156,144399.54252425485,70
13749558430,44265234,261588.03508780006,95
13749558430,603240642,261523.5785771473,94
13749558430,49364356,231247.39623483134,90
13749558430,59947552,327426.47589753254,281
13749558430,3390634865,211856.23587934213,96
13749558430,98554769,350044.72497700923,149
13749558430,5693657962,139517.16265000406,65
13749558430,310860950,238232.26780043455,104
13749558430,8014319683,37601.08119524083,14
13749558430,603240427,256159.80387624307,104
13749558430,617967952,157944.91599246135,77
13749558430,7087535778,157942.76234591988,77
13749558430,617968149,154557.9786245216,77
13749558430,634172980,82448.70427364598,22
13749558430,665214512,212192.7250780879,163
13749558430,665214513,212120.5580296439,162
13749558430,4136824664,169618.6112017289,37
13749558430,7599684152,66535.09029853472,30
13749558430,6537569534,92371.0688486927,15
13749558430,4136824665,169646.9502532397,38
13749558430,3174892783,142804.92555898931,66
13749558430,1239489717,142794.67926758024,65
13749558430,1242694031,90046.12707808387,13
13749558430,4139418521,90033.89335910631,13
13749558430,2155580115,190068.65336375116,108
13749558430,6524681177,211572.60914098364,159
13749558430,5217538839,109745.4228827491,25
13749558430,7042347620,117205.5891620825,29
13749558430,13743364556,187058.86987094863,56
13749558430,1684534515,240669.59776785978,62
13749558430,11715824040,240663.70640468143,61
13749558430,1809805397,239414.58150966637,89
13749558430,1728838958,37275.97896885756,19
13749558430,7085505934,37255.40788457135,18
13749558430,1732642149,54940.07834918371,10
13749558430,1886079221,23.03229175214957,1
13749558430,1735981103,117185.9992136538,28
13749558430,7042347632,117178.33425621643,27
13749558430,1740742111,42468.81007236555,7
13749558430,1750869639,270714.3583478582,122
13749558430,1783974992,179548.91156705,61
13749558430,10016226413,179540.7021924206,61
13749558430,1945675344,239406.33811772906,89
13749558430,1797964180,199075.03688021566,97
13749558430,4959610635,181429.45406768873,43
13749558430,1985676681,342589.5427943937,135
13749558430,4212767857,187040.13372550713,55
13749558430,3527283166,233973.3036596733,89
13749558430,1981147403,66526.93057911407,29
13749558430,2011981296,217816.26477203242,87
13749558430,5372968715,209759.05643541837,154
13749558430,3794035028,154730.28530402787,80
13749558430,3849049820,190046.92055692457,109
13749558430,2339297860,235101.58519623888,208
13749558430,2339297862,235114.12469472573,209
13749558430,6289622879,67866.51895608129,33
13749558430,3088508709,135214.8106431559,56
13749558430,3088508720,135206.57358825786,55
13749558430,3136385191,209777.69913666075,154
13749558430,3237363036,37009.17346006627,15
13749558430,3237363045,37014.418299077275,17
13749558430,4137095171,36994.92504645483,16
13749558430,3474422106,169630.87648297666,38
13749558430,4136824662,169632.49443334757,37
13749558430,4137349478,21120.270981203532,33
13749558430,6537569535,92349.2726086863,14
13749558430,4963408994,183788.38030507078,95
13749558430,9513937138,123987.91738023928,52
13749558430,4944055508,124004.48867988944,54
13749558430,4944055634,123997.18413304798,53
13749558430,4963408992,183778.0145960638,94
13749558430,6524681176,211638.05522731988,158
13749558430,9628046175,211604.0040082743,157
13749558430,7042347623,117161.97397088897,26
13749558430,8014319682,37600.68197779718,14
13749558430,8032417737,9415.946528618097,5
13749558430,8032417743,9427.234370079841,6
13749558430,8032417746,9416.311587910566,5
13749558430,8032417740,9429.33406146185,6
13749558430,9568699375,123995.59079526326,53
13749558430,11715824035,240661.6021144504,59
4212767857,258029156,175650.5331013862,52
4212767857,44265234,160520.35024064424,22
4212767857,603240642,160762.32826891102,24
4212767857,49364356,162520.0428839053,28
4212767857,59947552,335010.01796718844,75
4212767857,3390634865,181678.18871617864,25
4212767857,98554769,302284.5595269968,64
4212767857,5693657962,169638.6967766577,38
4212767857,310860950,269264.3088412824,75
4212767857,8014319683,149439.05253026626,41
4212767857,603240427,187432.45052531702,42
4212767857,617967952,225653.9246952217,93
4212767857,7087535778,225634.027767524,92
4212767857,617968149,208520.58701384717,87
4212767857,634172980,257380.37174950875,53
4212767857,665214512,285819.350765445,191
4212767857,665214513,285747.18371700094,190
4212767857,4136824664,344550.2786775917,68
4212767857,7599684152,145374.66554155428,41
4212767857,6537569534,115909.916115332,30
4212767857,4136824665,344578.6177291025,69
4212767857,3174892783,219189.76685254762,96
4212767857,1239489717,219197.0012513266,96
4212767857,1242694031,118270.27128927394,32
4212767857,4139418521,118235.53156068218,31
4212767857,2155580115,272832.0116328087,130
4212767857,6524681177,285199.23482834076,187
4212767857,5217538839,265387.69936099846,52
4212767857,7042347620,292137.2566379453,60
4212767857,13743364556,18.736145441507475,1
4212767857,1684534515,78745.61505212673,34
4212767857,11715824040,78751.50641530508,35
4212767857,1809805397,132884.25184870826,18
4212767857,1728838958,212207.64644472033,50
4212767857,7085505934,212187.07536043413,49
4212767857,1732642149,241980.21207469082,65
4212767857,1886079221,187063.16601725924,56
4212767857,1735981103,292117.6666895166,59
4212767857,7042347632,292110.00173207925,58
4212767857,1740742111,165800.61484742293,37
4212767857,1750869639,254478.28615689097,68
4212767857,1783974992,66202.64532861956,5
4212767857,10016226413,66211.38699924097,6
4212767857,1945675344,132876.00845677094,18
4212767857,1797964180,254910.4096243931,113
4212767857,4959610635,40166.24618597786,2
4212767857,1985676681,250441.83997616966,72
4212767857,13749558430,187040.1337255071,55
4212767857,3527283166,128229.24928154906,14
4212767857,1981147403,145374.21529679143,41
4212767857,2011981296,149088.91142110637,25
4212767857,5372968715,283558.27635432367,188
4212767857,3794035028,207258.34375606824,81
4212767857,3849049820,272810.27882598207,131
4212767857,2339297860,308532.6721964682,231
4212767857,2339297862,308545.21169495507,232
4212767857,6289622879,146707.51072231753,45
4212767857,3088508709,168590.14620612795,35
4212767857,3088508720,168593.93768192097,35
4212767857,3136385191,283576.9190555661,188
4212767857,3237363036,211941.03523108736,47
4212767857,3237363045,211934.9349437585,45
4212767857,4137095171,211921.25905426787,46
4212767857,3474422106,344562.5439588395,69
4212767857,4136824662,344564.1619092104,68
4212767857,4137349478,185200.7600660337,77
4212767857,6537569535,115920.1523111022,30
4212767857,4963408994,255030.862417638,112
4212767857,9513937138,202835.20209791668,64
4212767857,4944055508,202851.77339756684,66
4212767857,4944055634,202844.4688507254,65
4212767857,4963408992,255020.49670863102,111
4212767857,6524681176,285264.6809146769,186
4212767857,9628046175,285230.62969563133,185
4212767857,7042347623,292093.6414467518,57
4212767857,8014319682,149448.45890717165,42
4212767857,8032417737,177676.0543421527,53
4212767857,8032417743,177688.38296923056,54
4212767857,8032417746,177690.5408149414,54
4212767857,8032417740,177677.26666692633,53
4212767857,9568699375,202842.87551294066,65
4212767857,11715824035,78747.98668632256,33
3527283166,258029156,143005.6658611965,47
3527283166,44265234,42124.262488774555,4
3527283166,603240642,42366.24051704133,6
3527283166,49364356,36317.36512768455,6
3527283166,59947552,216613.93021531898,57
3527283166,3390634865,76657.2654474495,25
3527283166,98554769,183888.47177512725,46
3527283166,5693657962,136993.82953646802,33
3527283166,310860950,143061.63108506167,53
3527283166,8014319683,196372.55194794523,75
3527283166,603240427,61229.772769096315,20
3527283166,617967952,188661.7872930428,77
3527283166,7087535778,188641.8903653451,76
3527283166,617968149,171528.44961166827,71
3527283166,634172980,316422.00793331926,111
3527283166,665214512,226287.07130420703,134
3527283166,665214513,226214.90425576302,133
3527283166,4136824664,403591.9148614022,126
3527283166,7599684152,167438.21336113857,59
3527283166,6537569534,244122.1397191761,43
3527283166,4136824665,403620.253912913,127
3527283166,3174892783,182197.62945036872,80
3527283166,1239489717,182204.86384914772,80
3527283166,1242694031,246482.494893118,45
3527283166,4139418521,246447.75516452626,44
3527283166,2155580115,228032.5269207848,93
3527283166,6524681177,225471.3415224867,126
3527283166,5217538839,343718.7265424224,114
3527283166,7042347620,351178.8928217558,118
3527283166,13743364556,128238.87687944908,14
3527283166,1684534515,113949.72107954604,23
3527283166,11715824040,113943.82971636769,22
3527283166,1809805397,33429.85926036272,5
3527283166,1728838958,271249.2826285308,108
3527283166,7085505934,271228.7115442446,107
3527283166,1732642149,288913.3820088571,99
3527283166,1886079221,233996.3359514255,90
3527283166,1735981103,351159.3028733271,117
3527283166,7042347632,351151.63791588973,116
3527283166,1740742111,254109.81246968464,75
3527283166,1750869639,128275.60840067024,46
3527283166,1783974992,62026.60395292948,9
3527283166,10016226413,62017.862282308066,8
3527283166,1945675344,33421.61586842542,5
3527283166,1797964180,184144.1565280905,71
3527283166,4959610635,88063.00309557118,12
3527283166,1985676681,136996.7593657705,22
3527283166,13749558430,233973.30365967337,89
3527283166,4212767857,128229.24928154906,14
3527283166,1981147403,167446.37308055922,60
3527283166,2011981296,28452.248758647744,14
3527283166,5372968715,227639.37235405878,119
3527283166,3794035028,170266.20635388934,65
3527283166,3849049820,228010.7941139582,94
3527283166,2339297860,210485.0167794499,70
3527283166,2339297862,210485.10992384577,70
3527283166,6289622879,166117.72872551353,58
3527283166,3088508709,139362.39941453887,36
3527283166,3088508720,139371.0214945525,37
3527283166,3136385191,227695.9338207891,126
3527283166,3237363036,270982.4771197396,104
3527283166,3237363045,270987.72195875057,106
3527283166,4137095171,270968.22870612814,105
3527283166,3474422106,403604.18014265,127
3527283166,4136824662,403605.79809302086,126
3527283166,4137349478,232133.93000019997,111
3527283166,6537569535,244132.3759149463,43
3527283166,4963408994,209876.76025603444,59
3527283166,9513937138,177000.8882836969,60
3527283166,4944055508,177011.12020254653,61
3527283166,4944055634,177010.1550365056,61
3527283166,4963408992,209875.59997785525,59
3527283166,6524681176,225550.78218991822,128
3527283166,9628046175,225516.73097087262,127
3527283166,7042347623,351135.27763056225,115
3527283166,8014319682,196372.6216818762,75
3527283166,8032417737,224609.22427631897,87
3527283166,8032417743,224621.55290339683,88
3527283166,8032417746,224623.71074910767,88
3527283166,8032417740,224610.4366010926,87
3527283166,9568699375,177001.69302265166,60
3527283166,11715824035,113952.22807759636,23
1981147403,258029156,77872.61194514077,41
1981147403,44265234,195061.10450868602,66
1981147403,603240642,194996.64799803327,65
1981147403,49364356,164720.4656557173,61
1981147403,59947552,266934.62017799966,255
1981147403,3390634865,145329.30530022815,67
1981147403,98554769,287158.5029316081,115
1981147403,5693657962,72990.23207088995,36
1981147403,310860950,171889.10296321026,84
1981147403,8014319683,28926.178867385956,15
1981147403,603240427,189632.87329712903,75
1981147403,617967952,91730.98197545935,44
1981147403,7087535778,91728.82832891788,44
1981147403,617968149,88031.0480454076,48
1981147403,634172980,148975.63485276006,51
1981147403,665214512,151896.4080456828,142
1981147403,665214513,151824.24099723878,141
1981147403,4136824664,236145.54178084296,66
1981147403,7599684152,8.159719420650056,1
1981147403,6537569534,100552.59118967695,15
1981147403,4136824665,236173.88083235375,67
1981147403,3174892783,76277.99497987525,37
1981147403,1239489717,76267.74868846619,36
1981147403,1242694031,102924.5064078551,18
1981147403,4139418521,102889.76667926334,17
1981147403,2155580115,132768.65571014018,76
1981147403,6524681177,151276.29210857852,138
1981147403,5217538839,176272.35346186315,54
1981147403,7042347620,183732.51974119656,58
1981147403,13743364556,145392.951442233,42
1981147403,1684534515,198289.13074812494,53
1981147403,11715824040,198283.2393849466,52
1981147403,1809805397,172887.65093055237,60
1981147403,1728838958,103802.90954797162,48
1981147403,7085505934,103782.33846368542,47
1981147403,1732642149,121467.00892829779,39
1981147403,1886079221,66549.96287086623,30
1981147403,1735981103,183712.92979276789,57
1981147403,7042347632,183705.2648353305,56
1981147403,1740742111,86663.43938912539,15
1981147403,1750869639,204371.1935106339,102
1981147403,1783974992,113021.98098793597,32
1981147403,10016226413,113013.77161330654,32
1981147403,1945675344,172879.40753861505,60
1981147403,1797964180,134420.87065595353,74
1981147403,4959610635,139048.9870479539,34
1981147403,1985676681,276246.3779571694,115
1981147403,13749558430,66526.93057911408,29
1981147403,4212767857,145374.2152967915,41
1981147403,3527283166,167446.37308055928,60
1981147403,2011981296,151289.33419291838,58
1981147403,5372968715,149635.33363456157,139
1981147403,3794035028,88203.35472491386,51
1981147403,3849049820,132746.9229033136,77
1981147403,2339297860,174609.72947670598,182
1981147403,2339297862,174622.26897519283,183
1981147403,6289622879,1339.5883769672325,4
1981147403,3088508709,68687.88006404183,27
1981147403,3088508720,68679.64300914377,26
1981147403,3136385191,149653.97633580395,139
1981147403,3237363036,103536.10403918034,44
1981147403,3237363045,103541.34887819133,46
1981147403,4137095171,103521.85562556889,45
1981147403,3474422106,236157.80706209072,67
1981147403,4136824662,236159.42501246164,66
1981147403,4137349478,64687.55691964072,51
1981147403,6537569535,100574.38742968335,16
1981147403,4963408994,121107.91969787571,63
1981147403,9513937138,57460.98680112523,23
1981147403,4944055508,57477.55810077539,25
1981147403,4944055634,57470.25355393393,24
1981147403,4963408992,121097.5539888687,62
1981147403,6524681176,151341.73819491477,137
1981147403,9628046175,151307.68697586918,136
1981147403,7042347623,183688.90455000306,55
1981147403,8014319682,28926.2486013169,15
1981147403,8032417737,57162.851195759715,27
1981147403,8032417743,57175.17982283759,28
1981147403,8032417746,57177.33766854843,28
1981147403,8032417740,57164.063520533346,27
1981147403,9568699375,57468.66021614922,24
1981147403,11715824035,198281.13509471554,50
2011981296,258029156,115661.71004388915,37
2011981296,44265234,43771.77031576764,8
2011981296,603240642,43707.31380511489,7
2011981296,49364356,13431.131462798921,3
2011981296,59947552,218569.04567383515,62
2011981296,3390634865,48205.01668880177,11
2011981296,98554769,185843.58723364343,51
2011981296,5693657962,120836.79064882721,31
2011981296,310860950,120175.39742017604,50
2011981296,8014319683,180215.51306030434,73
2011981296,603240427,38343.53910421068,17
2011981296,617967952,160209.53853439508,63
2011981296,7087535778,160189.64160669738,62
2011981296,617968149,143076.20085302053,57
2011981296,634172980,300264.9690456785,109
2011981296,665214512,203400.8376393214,131
2011981296,665214513,203328.6705908774,130
2011981296,4136824664,387434.87597376143,124
2011981296,7599684152,151281.17447349767,57
2011981296,6537569534,245380.17807184395,60
2011981296,4136824665,387463.2150252722,125
2011981296,3174892783,153745.380691721,66
2011981296,1239489717,153752.61509049998,66
2011981296,1242694031,247752.09329002208,63
2011981296,4139418521,247717.35356143033,62
2011981296,2155580115,199580.27816213702,79
2011981296,6524681177,202585.10785760108,123
2011981296,5217538839,327561.6876547816,112
2011981296,7042347620,335021.85393411503,116
2011981296,13743364556,149098.5390190064,25
2011981296,1684534515,142401.96983819385,37
2011981296,11715824040,142396.0784750155,36
2011981296,1809805397,61882.10801901046,19
2011981296,1728838958,255092.24374089003,106
2011981296,7085505934,255071.67265660383,105
2011981296,1732642149,272756.3431212162,97
2011981296,1886079221,217839.29706378462,88
2011981296,1735981103,335002.26398568635,115
2011981296,7042347632,334994.599028249,114
2011981296,1740742111,237952.77358204374,73
2011981296,1750869639,105389.37473578462,43
2011981296,1783974992,82895.65917511057,21
2011981296,10016226413,82887.44980048115,21
2011981296,1945675344,61873.86462707316,19
2011981296,1797964180,157217.93640250675,44
2011981296,4959610635,108922.6652351285,23
2011981296,1985676681,138951.87482428664,27
2011981296,13749558430,217816.26477203247,87
2011981296,4212767857,149088.91142110634,25
2011981296,3527283166,28452.248758647744,14
2011981296,1981147403,151289.33419291832,58
2011981296,5372968715,204132.37819722923,102
2011981296,3794035028,141813.9575952416,51
2011981296,3849049820,199558.54535531043,80
2011981296,2339297860,187598.78311456428,67
2011981296,2339297862,187598.87625896014,67
2011981296,6289622879,149960.68983787263,56
2011981296,3088508709,123205.36052689806,34
2011981296,3088508720,123213.98260691168,35
2011981296,3136385191,204151.02089847162,102
2011981296,3237363036,254825.43823209874,102
2011981296,3237363045,254830.68307110976,104
2011981296,4137095171,254811.1898184873,103
2011981296,3474422106,387447.1412550092,125
2011981296,4136824662,387448.7592053801,124
2011981296,4137349478,215976.89111255907,109
2011981296,6537569535,245401.97431185035,61
2011981296,4963408994,181424.51149738667,45
2011981296,9513937138,156496.42505498318,59
2011981296,4944055508,156506.6569738328,60
2011981296,4944055634,156505.69180779188,60
2011981296,4963408992,181423.35121920748,45
2011981296,6524681176,202664.5485250326,125
2011981296,9628046175,202630.497305987,124
2011981296,7042347623,334978.2387429215,113
2011981296,8014319682,180215.5827942353,73
2011981296,8032417737,208452.18538867807,85
2011981296,8032417743,208464.51401575594,86
2011981296,8032417746,208466.67186146678,86
2011981296,8032417740,208453.3977134517,85
2011981296,9568699375,156497.22979393794,59
2011981296,11715824035,142404.47683624417,37
5372968715,258029156,107907.74325293767,136
5372968715,44265234,202012.2797281827,103
5372968715,603240642,201770.30169991593,101
5372968715,49364356,191322.00722637423,113
5372968715,59947552,119393.44934063022,141
5372968715,3390634865,155927.36150842742,91
5372968715,98554769,149371.5597269963,133
5372968715,5693657962,114215.2403857794,157
5372968715,310860950,84577.74126899711,66
5372968715,8014319683,178561.51250194752,154
5372968715,603240427,166409.5995849625,99
5372968715,617967952,57904.35165910217,95
5372968715,7087535778,57924.24858679986,96
5372968715,617968149,75037.68934047667,101
5372968715,634172980,292200.31047775596,175
5372968715,665214512,3003.010907903572,17
5372968715,665214513,3017.6855797661533,17
5372968715,4136824664,348566.7547534676,115
5372968715,7599684152,149641.85298408847,142
5372968715,6537569534,250187.92482423846,154
5372968715,4136824665,348595.0938049784,116
5372968715,3174892783,73357.33865468627,102
5372968715,1239489717,73367.58494609533,103
5372968715,1242694031,252559.8400424166,157
5372968715,4139418521,252525.10031382483,156
5372968715,2155580115,19690.40307166729,46
5372968715,6524681177,2881.1867017261034,17
5372968715,5217538839,319497.0290868591,178
5372968715,7042347620,326957.1953661925,182
5372968715,13743364556,283567.9039522239,188
5372968715,1684534515,302632.1738685169,205
5372968715,11715824040,302626.2825053386,204
5372968715,1809805397,234036.85443452199,109
5372968715,1728838958,247027.58517296752,172
5372968715,7085505934,247007.01408868132,171
5372968715,1732642149,255827.20597009038,105
5372968715,1886079221,209774.6384958621,154
5372968715,1735981103,326937.6054177638,181
5372968715,7042347632,326929.94046032644,180
5372968715,1740742111,236298.77302368692,154
5372968715,1750869639,117059.83181642077,84
5372968715,1783974992,217365.02410832807,184
5372968715,10016226413,217356.81473369867,184
5372968715,1945675344,234058.23903133025,110
5372968715,1797964180,46914.44179472246,58
5372968715,4959610635,243392.030168346,186
5372968715,1985676681,188935.01626295634,97
5372968715,13749558430,209759.05643541837,154
5372968715,4212767857,283558.27635432384,188
5372968715,3527283166,227639.37235405878,119
5372968715,1981147403,149635.3336345615,139
5372968715,2011981296,204132.37819722918,102
5372968715,3794035028,76302.1239762714,106
5372968715,3849049820,19722.76684693474,47
5372968715,2339297860,27068.558639336552,68
5372968715,2339297862,27081.098137823406,69
5372968715,6289622879,148309.00780332522,138
5372968715,3088508709,117097.48592980471,151
5372968715,3088508720,117100.71218893467,151
5372968715,3136385191,73.54458534453818,2
5372968715,3237363036,246760.77966417623,168
5372968715,3237363045,246766.02450318725,170
5372968715,4137095171,246746.5312505648,169
5372968715,3474422106,348579.0200347154,116
5372968715,4136824662,348580.6379850863,115
5372968715,4137349478,188646.70354620984,122
5372968715,6537569535,250209.72106424486,155
5372968715,4963408994,28527.41393668582,76
5372968715,9513937138,92174.34683343628,116
5372968715,4944055508,92158.84359127961,115
5372968715,4944055634,92166.14813812108,116
5372968715,4963408992,28537.779645692823,77
5372968715,6524681176,2869.8484723857723,17
5372968715,9628046175,2835.7972533401844,16
5372968715,7042347623,326913.58017499896,179
5372968715,8014319682,178561.58223587848,154
5372968715,8032417737,205599.93384979432,155
5372968715,8032417743,205612.2624768722,156
5372968715,8032417746,205614.42032258303,156
5372968715,8032417740,205601.14617456796,155
5372968715,9568699375,92166.6734184123,115
5372968715,11715824035,302624.17821510765,202
3794035028,258029156,31607.810654682056,29
3794035028,44265234,177314.03373915592,65
3794035028,603240642,177249.57722850316,64
3794035028,49364356,146973.3948861872,60
3794035028,59947552,187547.25307570532,78
3794035028,3390634865,93608.94090643986,40
3794035028,98554769,203769.39740675033,75
3794035028,5693657962,37915.30778752381,50
3794035028,310860950,85122.48955359733,41
3794035028,8014319683,117129.53359229983,66
3794035028,603240427,144532.96306733185,50
3794035028,617967952,18397.772317169252,11
3794035028,7087535778,18377.87538947156,10
3794035028,617968149,1264.4346357947288,5
3794035028,634172980,237178.98957767393,102
3794035028,665214512,78563.19838739262,109
3794035028,665214513,78491.03133894861,108
3794035028,4136824664,324348.8965057569,117
3794035028,7599684152,88209.8740744409,54
3794035028,6537569534,188755.94591459082,66
3794035028,4136824665,324377.2355572677,118
3794035028,3174892783,11940.80076345828,16
3794035028,1239489717,11948.035162237275,16
3794035028,1242694031,191127.86113276894,69
3794035028,4139418521,191093.1214041772,68
3794035028,2155580115,65575.85925475633,48
3794035028,6524681177,77943.08245028833,105
3794035028,5217538839,264475.7081867771,105
3794035028,7042347620,271935.8744661105,109
3794035028,13743364556,207267.9713539683,81
3794035028,1684534515,226332.24127026144,98
3794035028,11715824040,226326.3499070831,97
3794035028,1809805397,191393.1161208647,89
3794035028,1728838958,192006.2642728855,99
3794035028,7085505934,191985.6931885993,98
3794035028,1732642149,209670.36365321168,90
3794035028,1886079221,154753.3175957801,81
3794035028,1735981103,271916.2845176818,108
3794035028,7042347632,271908.61956024443,107
3794035028,1740742111,174866.79411403928,66
3794035028,1750869639,117604.580101021,59
3794035028,1783974992,141065.09151007247,77
3794035028,10016226413,141056.88213544307,77
3794035028,1945675344,191384.87272892738,89
3794035028,1797964180,47654.25724634065,31
3794035028,4959610635,167092.0975700904,79
3794035028,1985676681,189479.7645475566,72
3794035028,13749558430,154730.28530402796,80
3794035028,4212767857,207258.34375606827,81
3794035028,3527283166,170266.20635388934,65
3794035028,1981147403,88203.35472491388,51
3794035028,2011981296,141813.9575952416,51
3794035028,5372968715,76302.12397627142,106
3794035028,3849049820,65554.12644792971,49
3794035028,2339297860,101276.5198184158,149
3794035028,2339297862,101289.05931690265,150
3794035028,6289622879,86877.0288936776,50
3794035028,3088508709,40797.5533315491,44
3794035028,3088508720,40800.77959067908,44
3794035028,3136385191,76320.76667751382,106
3794035028,3237363036,191739.45876409422,95
3794035028,3237363045,191744.70360310524,97
3794035028,4137095171,191725.21035048278,96
3794035028,3474422106,324361.1617870047,118
3794035028,4136824662,324362.77973737556,117
3794035028,4137349478,135270.3419675267,56
3794035028,6537569535,188777.74215459722,67
3794035028,4963408994,47774.71003958562,30
3794035028,9513937138,30742.367923788643,28
3794035028,4944055508,30726.864681631952,27
3794035028,4944055634,30734.169228473413,28
3794035028,4963408992,47764.34433057861,29
3794035028,6524681176,78008.52853662461,104
3794035028,9628046175,77974.47731757902,103
3794035028,7042347623,271892.25927491696,106
3794035028,8014319682,117129.60332623078,66
3794035028,8032417737,145366.20592067356,78
3794035028,8032417743,145378.53454775142,79
3794035028,8032417746,145380.69239346226,79
3794035028,8032417740,145367.4182454472,78
3794035028,9568699375,30734.694508764656,27
3794035028,11715824035,226324.24561685204,95
3849049820,258029156,97159.74572459595,79
3849049820,44265234,212825.6366237855,103
3849049820,603240642,212583.65859551873,101
3849049820,49364356,202135.36412197704,113
3849049820,59947552,137390.18630904882,174
3849049820,3390634865,151353.52866650868,69
3849049820,98554769,167368.2966954149,166
3849049820,5693657962,103467.24285743768,100
3849049820,310860950,95391.09816459996,66
3849049820,8014319683,161673.10177069955,92
3849049820,603240427,177222.9564805653,99
3849049820,617967952,47156.354130760454,38
3849049820,7087535778,47176.25105845815,39
3849049820,617968149,64289.69181213497,44
3849049820,634172980,272488.1745992621,130
3849049820,665214512,22156.435489604155,56
3849049820,665214513,22084.268441160144,55
3849049820,4136824664,328843.9879065329,68
3849049820,7599684152,132753.4422528405,80
3849049820,6537569534,233299.5140929905,92
3849049820,4136824665,328872.3269580437,69
3849049820,3174892783,62609.34112634456,45
3849049820,1239489717,62619.587417753624,46
3849049820,1242694031,235671.4293111686,95
3849049820,4139418521,235636.68958257686,94
3849049820,2155580115,32.363775267452105,1
3849049820,6524681177,21536.319552499874,52
3849049820,5217538839,299784.8932083653,133
3849049820,7042347620,307245.05948769866,137
3849049820,13743364556,272819.9064238822,131
3849049820,1684534515,291884.1763401752,148
3849049820,11715824040,291878.2849769969,147
3849049820,1809805397,244850.2113301248,109
3849049820,1728838958,227315.44929447368,127
3849049820,7085505934,227294.87821018748,126
3849049820,1732642149,236104.43912315564,58
3849049820,1886079221,190062.50261736827,109
3849049820,1735981103,307225.46953927,136
3849049820,7042347632,307217.8045818326,135
3849049820,1740742111,219410.36229243895,92
3849049820,1750869639,127873.18871202362,84
3849049820,1783974992,206617.02657998636,127
3849049820,10016226413,206608.81720535696,127
3849049820,1945675344,244871.59592693305,110
3849049820,1797964180,54477.75960767753,51
3849049820,4959610635,232644.0326400043,129
3849049820,1985676681,199748.37315855923,97
3849049820,13749558430,190046.92055692454,109
3849049820,4212767857,272810.2788259821,131
3849049820,3527283166,228010.79411395817,94
3849049820,1981147403,132746.92290331353,77
3849049820,2011981296,199558.54535531043,80
3849049820,5372968715,19722.766846934737,47
3849049820,3794035028,65554.1264479297,49
3849049820,2339297860,45065.29560775517,101
3849049820,2339297862,45077.835106242026,102
3849049820,6289622879,131420.59707207725,76
3849049820,3088508709,106349.488401463,94
3849049820,3088508720,106352.71466059296,94
3849049820,3136385191,19741.409548177136,47
3849049820,3237363036,227048.6437856824,123
3849049820,3237363045,227053.8886246934,125
3849049820,4137095171,227034.39537207095,124
3849049820,3474422106,328856.2531877807,69
3849049820,4136824662,328857.87113815156,68
3849049820,4137349478,168934.567667716,77
3849049820,6537569535,233321.3103329969,93
3849049820,4963408994,18134.03385792372,35
3849049820,9513937138,75630.6699091509,58
3849049820,4944055508,75618.5417217024,56
3849049820,4944055634,75621.4031563422,57
3849049820,4963408992,18136.36657955061,35
3849049820,6524681176,21601.76563883613,51
3849049820,9628046175,21567.71441979054,50
3849049820,7042347623,307201.4442965051,134
3849049820,8014319682,161673.1715046305,92
3849049820,8032417737,185887.7979713005,110
3849049820,8032417743,185900.12659837835,111
3849049820,8032417746,185902.2844440892,111
3849049820,8032417740,185889.01029607412,110
3849049820,9568699375,75627.96890159727,57
3849049820,11715824035,291876.18068676593,145
2339297860,258029156,132882.13909508212,179
2339297860,44265234,184857.92415357384,54
2339297860,603240642,184615.94612530706,52
2339297860,49364356,174167.65165176537,64
2339297860,59947552,92327.98467727582,73
2339297860,3390634865,168004.7124059761,91
2339297860,98554769,122306.09506364186,65
2339297860,5693657962,139189.63622792388,200
2339297860,310860950,67423.38569438823,17
2339297860,8014319683,203535.90834409196,197
2339297860,603240427,149255.24401035364,50
2339297860,617967952,82878.74750124659,138
2339297860,7087535778,82898.64442894427,139
2339297860,617968149,100012.0851826211,144
2339297860,634172980,317542.8392385763,229
2339297860,665214512,24065.547731432984,51
2339297860,665214513,24119.69734393099,50
2339297860,4136824664,373909.28351428814,169
2339297860,7599684152,174616.24882623294,185
2339297860,6537569534,275162.32066638296,197
2339297860,4136824665,373937.6225657989,170
2339297860,3174892783,98331.73449683069,145
2339297860,1239489717,98341.98078823974,146
2339297860,1242694031,277534.2358845611,200
2339297860,4139418521,277499.49615596933,199
2339297860,2155580115,45032.93183248771,100
2339297860,6524681177,24577.732999953383,59
2339297860,5217538839,344839.5578476794,232
2339297860,7042347620,352299.7241270128,236
2339297860,13743364556,308542.29979436833,231
2339297860,1684534515,303254.13670815283,79
2339297860,11715824040,303258.8684024597,79
2339297860,1809805397,216882.49885991312,60
2339297860,1728838958,272370.11393378786,226
2339297860,7085505934,272349.54284950165,225
2339297860,1732642149,281169.7347309108,159
2339297860,1886079221,235117.16725668256,208
2339297860,1735981103,352280.13417858415,235
2339297860,7042347632,352272.4692211468,234
2339297860,1740742111,261273.16886583137,197
2339297860,1750869639,99905.47624181189,35
2339297860,1783974992,242339.41995047254,227
2339297860,10016226413,242331.21057584314,227
2339297860,1945675344,216903.88345672138,61
2339297860,1797964180,58991.792692271185,58
2339297860,4959610635,268366.42601049045,229
2339297860,1985676681,171780.6606883475,48
2339297860,13749558430,235101.58519623883,208
2339297860,4212767857,308532.6721964683,231
2339297860,3527283166,210485.0167794499,70
2339297860,1981147403,174609.72947670595,182
2339297860,2011981296,187598.78311456428,67
2339297860,5372968715,27068.558639336563,68
2339297860,3794035028,101276.51981841582,149
2339297860,3849049820,45065.295607755164,101
2339297860,2339297862,12.539498486853624,1
2339297860,6289622879,173283.4036454697,181
2339297860,3088508709,142071.88177194915,194
2339297860,3088508720,142075.10803107911,194
2339297860,3136385191,27097.9729410222,68
2339297860,3237363036,272103.3084249966,222
2339297860,3237363045,272108.5532640076,224
2339297860,4137095171,272089.0600113852,223
2339297860,3474422106,373921.5487955359,170
2339297860,4136824662,373923.1667459068,169
2339297860,4137349478,213989.2323070303,176
2339297860,6537569535,275184.11690638936,198
2339297860,4963408994,53501.80977883022,119
2339297860,9513937138,117148.7426755807,159
2339297860,4944055508,117133.23943342402,158
2339297860,4944055634,117140.54398026549,159
2339297860,4963408992,53512.17548783722,120
2339297860,6524681176,24589.43091244026,59
2339297860,9628046175,24623.1224483393,60
2339297860,7042347623,352256.1089358193,233
2339297860,8014319682,203535.97807802292,197
2339297860,8032417737,230942.46261061478,209
2339297860,8032417743,230954.79123769264,210
2339297860,8032417746,230956.94908340348,210
2339297860,8032417740,230943.6749353884,209
2339297860,9568699375,117141.06926055672,158
2339297860,11715824035,303262.2606777916,80
2339297862,258029156,132894.67859356897,180
2339297862,44265234,184858.0172979697,54
2339297862,603240642,184616.03926970292,52
2339297862,49364356,174167.74479616122,64
2339297862,59947552,92315.44517878897,72
2339297862,3390634865,168017.25190446296,92
2339297862,98554769,122293.55556515501,64
2339297862,5693657962,139202.17572641073,201
2339297862,310860950,67423.47883878408,17
2339297862,8014319683,203548.4478425788,198
2339297862,603240427,149255.3371547495,50
2339297862,617967952,82891.28699973343,139
2339297862,7087535778,82911.18392743112,140
2339297862,617968149,100024.62468110795,145
2339297862,634172980,317555.37873706315,230
2339297862,665214512,24078.087229919834,52
2339297862,665214513,24132.236842417842,51
2339297862,4136824664,373921.823012775,170
2339297862,7599684152,174628.7883247198,186
2339297862,6537569534,275174.8601648698,198
2339297862,4136824665,373950.1620642858,171
2339297862,3174892783,98344.27399531753,146
2339297862,1239489717,98354.52028672659,147
2339297862,1242694031,277546.77538304793,201
2339297862,4139418521,277512.0356544562,200
2339297862,2155580115,45045.47133097456,101
2339297862,6524681177,24590.27249844023,60
2339297862,5217538839,344852.09734616627,233
2339297862,7042347620,352312.2636254997,237
2339297862,13743364556,308554.8392928552,232
2339297862,1684534515,303254.2298525487,79
2339297862,11715824040,303258.9615468556,79
2339297862,1809805397,216882.59200430897,60
2339297862,1728838958,272382.6534322747,227
2339297862,7085505934,272362.0823479885,226
2339297862,1732642149,281182.27422939765,160
2339297862,1886079221,235129.7067551694,209
2339297862,1735981103,352292.673677071,236
2339297862,7042347632,352285.0087196336,235
2339297862,1740742111,261285.7083643182,198
2339297862,1750869639,99905.56938620775,35
2339297862,1783974992,242351.9594489594,228
2339297862,10016226413,242343.75007433,228
2339297862,1945675344,216903.97660111723,61
2339297862,1797964180,59004.33219075803,59
2339297862,4959610635,268378.9655089773,230
2339297862,1985676681,171780.75383274336,48
2339297862,13749558430,235114.12469472567,209
2339297862,4212767857,308545.2116949551,232
2339297862,3527283166,210485.10992384577,70
2339297862,1981147403,174622.2689751928,183
2339297862,2011981296,187598.87625896014,67
2339297862,5372968715,27081.098137823414,69
2339297862,3794035028,101289.05931690267,150
2339297862,3849049820,45077.83510624201,102
2339297862,2339297860,12.539498486853624,1
2339297862,6289622879,173295.94314395654,182
2339297862,3088508709,142084.421270436,195
2339297862,3088508720,142087.64752956596,195
2339297862,3136385191,27110.51243950905,69
2339297862,3237363036,272115.84792348347,223
2339297862,3237363045,272121.09276249446,225
2339297862,4137095171,272101.59950987203,224
2339297862,3474422106,373934.0882940228,171
2339297862,4136824662,373935.70624439366,170
2339297862,4137349478,214001.77180551714,177
2339297862,6537569535,275196.6564048762,199
2339297862,4963408994,53514.34927731707,120
2339297862,9513937138,117161.28217406754,160
2339297862,4944055508,117145.77893191087,159
2339297862,4944055634,117153.08347875233,160
2339297862,4963408992,53524.71498632408,121
2339297862,6524681176,24601.970410927108,60
2339297862,9628046175,24635.66194682615,61
2339297862,7042347623,352268.64843430615,234
2339297862,8014319682,203548.51757650977,198
2339297862,8032417737,230955.00210910162,210
2339297862,8032417743,230967.3307361795,211
2339297862,8032417746,230969.48858189033,211
2339297862,8032417740,230956.21443387526,210
2339297862,9568699375,117153.60875904356,159
2339297862,11715824035,303262.35382218746,80
6289622879,258029156,76543.96759009511,39
6289622879,44265234,193732.46015364034,64
6289622879,603240642,193668.00364298758,63
6289622879,49364356,163391.8213006716,59
6289622879,59947552,265608.2943467634,254
6289622879,3390634865,144000.6609451825,65
6289622879,98554769,285832.17710037186,114
6289622879,5693657962,71661.58771584429,34
6289622879,310860950,170562.777131974,83
6289622879,8014319683,30265.767244353185,19
6289622879,603240427,188304.22894208334,73
6289622879,617967952,90404.65614422307,43
6289622879,7087535778,90402.5024976816,43
6289622879,617968149,86704.72221417133,47
6289622879,634172980,150315.2232297273,55
6289622879,665214512,150570.08221444653,141
6289622879,665214513,150497.91516600252,140
6289622879,4136824664,237485.1301578102,70
6289622879,7599684152,1332.845180763279,4
6289622879,6537569534,101885.88661520308,19
6289622879,4136824665,237513.469209321,71
6289622879,3174892783,74951.66914863898,36
6289622879,1239489717,74941.42285722992,35
6289622879,1242694031,104257.80183338122,22
6289622879,4139418521,104223.06210478947,21
6289622879,2155580115,131442.32987890387,75
6289622879,6524681177,149949.96627734226,137
6289622879,5217538839,177611.9418388304,58
6289622879,7042347620,185072.1081181638,62
6289622879,13743364556,146726.24686775912,46
6289622879,1684534515,196960.48639307925,51
6289622879,11715824040,196954.5950299009,50
6289622879,1809805397,171559.00657550668,58
6289622879,1728838958,105142.49792493886,52
6289622879,7085505934,105121.92684065265,51
6289622879,1732642149,122806.59730526502,43
6289622879,1886079221,67889.55124783346,34
6289622879,1735981103,185052.51816973512,61
6289622879,7042347632,185044.85321229775,60
6289622879,1740742111,88003.02776609262,19
6289622879,1750869639,203044.86767939763,101
6289622879,1783974992,111693.33663289028,30
6289622879,10016226413,111685.12725826085,30
6289622879,1945675344,171550.76318356936,58
6289622879,1797964180,133094.54482471725,73
6289622879,4959610635,137720.34269290822,32
6289622879,1985676681,274920.0521259332,114
6289622879,13749558430,67866.5189560813,33
6289622879,4212767857,146707.51072231762,45
6289622879,3527283166,166117.7287255136,58
6289622879,1981147403,1339.5883769672325,4
6289622879,2011981296,149960.6898378727,56
6289622879,5372968715,148309.0078033253,138
6289622879,3794035028,86877.02889367759,50
6289622879,3849049820,131420.59707207727,76
6289622879,2339297860,173283.40364546972,181
6289622879,2339297862,173295.94314395657,182
6289622879,3088508709,67359.23570899617,25
6289622879,3088508720,67350.9986540981,24
6289622879,3136385191,148327.6505045677,138
6289622879,3237363036,104875.69241614758,48
6289622879,3237363045,104880.93725515857,50
6289622879,4137095171,104861.44400253613,49
6289622879,3474422106,237497.39543905796,71
6289622879,4136824662,237499.01338942887,70
6289622879,4137349478,66027.14529660792,55
6289622879,6537569535,101907.68285520948,20
6289622879,4963408994,119781.59386663944,62
6289622879,9513937138,56134.66096988896,22
6289622879,4944055508,56151.23226953912,24
6289622879,4944055634,56143.927722697656,23
6289622879,4963408992,119771.22815763243,61
6289622879,6524681176,150015.4123636785,136
6289622879,9628046175,149981.36114463292,135
6289622879,7042347623,185028.4929269703,59
6289622879,8014319682,30265.83697828413,19
6289622879,8032417737,58502.439572726944,31
6289622879,8032417743,58514.76819980482,32
6289622879,8032417746,58516.92604551566,32
6289622879,8032417740,58503.651897500575,31
6289622879,9568699375,56142.334384912945,23
6289622879,11715824035,196952.49073966985,48
3088508709,258029156,9189.742676867038,15
3088508709,44265234,160351.52886467046,66
3088508709,603240642,160287.0723540177,65
3088508709,49364356,130010.89001170173,61
3088508709,59947552,228342.61502923863,123
3088508709,3390634865,76646.43603195438,41
3088508709,98554769,244564.75936028364,120
3088508709,5693657962,4316.089252158643,8
3088508709,310860950,125917.85150713065,86
3088508709,8014319683,97614.05893142782,42
3088508709,603240427,127570.45819284636,51
3088508709,617967952,59193.134270702554,56
3088508709,7087535778,59173.23734300486,55
3088508709,617968149,42059.79658932803,50
3088508709,634172980,217663.5149168019,78
3088508709,665214512,119358.56034092596,154
3088508709,665214513,119286.39329248195,153
3088508709,4136824664,304833.4218448848,93
3088508709,7599684152,68679.72034462121,26
3088508709,6537569534,169232.761779061,41
3088508709,4136824665,304861.7608963956,94
3088508709,3174892783,52728.97642802849,59
3088508709,1239489717,52736.21082680748,59
3088508709,1242694031,171604.67699723912,44
3088508709,4139418521,171569.93726864737,43
3088508709,2155580115,106371.22120828961,93
3088508709,6524681177,118738.44440382168,150
3088508709,5217538839,244960.23352590503,81
3088508709,7042347620,252420.3998052384,85
3088508709,13743364556,168599.77380402802,35
3088508709,1684534515,187664.04372032118,52
3088508709,11715824040,187658.15235714283,51
3088508709,1809805397,152724.9185709244,43
3088508709,1728838958,172490.7896120135,75
3088508709,7085505934,172470.2185277273,74
3088508709,1732642149,190154.88899233966,66
3088508709,1886079221,135237.84293490808,57
3088508709,1735981103,252400.80985680973,84
3088508709,7042347632,252393.14489937236,83
3088508709,1740742111,155351.31945316726,42
3088508709,1750869639,158399.94205455427,104
3088508709,1783974992,102396.89396013219,31
3088508709,10016226413,102388.68458550276,31
3088508709,1945675344,152716.6751789871,43
3088508709,1797964180,88449.61919987394,76
3088508709,4959610635,128423.90002015012,33
3088508709,1985676681,218165.71400640378,69
3088508709,13749558430,135214.81064315594,56
3088508709,4212767857,168590.14620612797,35
3088508709,3527283166,139362.39941453896,36
3088508709,1981147403,68687.88006404186,27
3088508709,2011981296,123205.36052689806,34
3088508709,5372968715,117097.48592980477,151
3088508709,3794035028,40797.5533315491,44
3088508709,3849049820,106349.488401463,94
3088508709,2339297860,142071.88177194915,194
3088508709,2339297862,142084.421270436,195
3088508709,6289622879,67359.23570899617,25
3088508709,3088508720,8.62208001362723,1
3088508709,3136385191,117116.12863104716,151
3088508709,3237363036,172223.9841032222,71
3088508709,3237363045,172229.22894223323,73
3088508709,4137095171,172209.73568961077,72
3088508709,3474422106,304845.6871261326,94
3088508709,4136824662,304847.3050765035,93
3088508709,4137349478,133375.4369836825,78
3088508709,6537569535,169254.5580190674,42
3088508709,4963408994,88570.07199311891,75
3088508709,9513937138,37642.214340525534,24
3088508709,4944055508,37652.446259375174,25
3088508709,4944055634,37651.48109333423,25
3088508709,4963408992,88559.7062841119,74
3088508709,6524681176,118803.89049015795,149
3088508709,9628046175,118769.83927111236,148
3088508709,7042347623,252376.7846140449,82
3088508709,8014319682,97614.12866535876,42
3088508709,8032417737,125850.73125980154,54
3088508709,8032417743,125863.05988687943,55
3088508709,8032417746,125865.21773259026,55
3088508709,8032417740,125851.94358457519,54
3088508709,9568699375,37643.01907948029,24
3088508709,11715824035,187656.04806691178,49
3088508720,258029156,9192.96893599701,15
3088508720,44265234,160354.75512380042,66
3088508720,603240642,160290.29861314766,65
3088508720,49364356,130014.1162708317,61
3088508720,59947552,228345.8412883686,123
3088508720,3390634865,76649.66229108436,41
3088508720,98554769,244567.98561941358,120
3088508720,5693657962,4324.711332172271,9
3088508720,310860950,125921.07776626061,86
3088508720,8014319683,97605.82187652975,41
3088508720,603240427,127573.68445197633,51
3088508720,617967952,59196.36052983252,56
3088508720,7087535778,59176.46360213483,55
3088508720,617968149,42063.022848458,50
3088508720,634172980,217655.27786190383,77
3088508720,665214512,119361.78660005593,154
3088508720,665214513,119289.61955161192,153
3088508720,4136824664,304825.18478998676,92
3088508720,7599684152,68671.48328972314,25
3088508720,6537569534,169224.52472416294,40
3088508720,4136824665,304853.52384149755,93
3088508720,3174892783,52732.20268715846,59
3088508720,1239489717,52739.437085937454,59
3088508720,1242694031,171596.43994234107,43
3088508720,4139418521,171561.7002137493,42
3088508720,2155580115,106374.44746741958,93
3088508720,6524681177,118741.67066295164,150
3088508720,5217538839,244951.99647100695,80
3088508720,7042347620,252412.16275034033,84
3088508720,13743364556,168603.56527982102,35
3088508720,1684534515,187667.83519611417,52
3088508720,11715824040,187661.94383293582,51
3088508720,1809805397,152728.7100467174,43
3088508720,1728838958,172482.5525571154,74
3088508720,7085505934,172461.9814728292,73
3088508720,1732642149,190146.65193744158,65
3088508720,1886079221,135229.60588001,56
3088508720,1735981103,252392.57280191165,83
3088508720,7042347632,252384.90784447428,82
3088508720,1740742111,155343.08239826918,41
3088508720,1750869639,158403.16831368423,104
3088508720,1783974992,102400.68543592519,31
3088508720,10016226413,102392.47606129576,31
3088508720,1945675344,152720.4666547801,43
3088508720,1797964180,88452.8454590039,76
3088508720,4959610635,128427.69149594312,33
3088508720,1985676681,218168.94026553378,69
3088508720,13749558430,135206.57358825786,55
3088508720,4212767857,168593.93768192097,35
3088508720,3527283166,139371.02149455258,37
3088508720,1981147403,68679.6430091438,26
3088508720,2011981296,123213.98260691168,35
3088508720,5372968715,117100.71218893473,151
3088508720,3794035028,40800.77959067907,44
3088508720,3849049820,106352.71466059296,94
3088508720,2339297860,142075.10803107914,194
3088508720,2339297862,142087.647529566,195
3088508720,6289622879,67350.9986540981,24
3088508720,3088508709,8.62208001362723,1
3088508720,3136385191,117119.35489017713,151
3088508720,3237363036,172215.74704832412,70
3088508720,3237363045,172220.99188733514,72
3088508720,4137095171,172201.49863471268,71
3088508720,3474422106,304837.45007123455,93
3088508720,4136824662,304839.06802160543,92
3088508720,4137349478,133367.19992878445,77
3088508720,6537569535,169246.32096416934,41
3088508720,4963408994,88573.29825224887,75
3088508720,9513937138,37633.59226051191,23
3088508720,4944055508,37643.82417936155,24
3088508720,4944055634,37642.85901332061,24
3088508720,4963408992,88562.93254324187,74
3088508720,6524681176,118807.11674928792,149
3088508720,9628046175,118773.06553024233,148
3088508720,7042347623,252368.54755914683,81
3088508720,8014319682,97605.89161046069,41
3088508720,8032417737,125842.49420490347,53
3088508720,8032417743,125854.82283198136,54
3088508720,8032417746,125856.98067769219,54
3088508720,8032417740,125843.70652967712,53
3088508720,9568699375,37634.39699946667,23
3088508720,11715824035,187659.83954270478,49
3136385191,258029156,107926.38595418006,136
3136385191,44265234,202068.84119491302,110
3136385191,603240642,201826.86316664625,108
3136385191,49364356,191378.56869310455,120
3136385191,59947552,119422.86364231586,141
3136385191,3390634865,155946.0042096698,91
3136385191,98554769,149400.97402868193,133
3136385191,5693657962,114233.8830870218,157
3136385191,310860950,84634.30273572743,73
3136385191,8014319683,178580.15520318993,154
3136385191,603240427,166466.16105169282,106
3136385191,617967952,57922.994360344564,95
3136385191,7087535778,57942.89128804226,96
3136385191,617968149,75056.33204171907,101
3136385191,634172980,292218.9531789984,175
3136385191,665214512,3032.425209589209,17
3136385191,665214513,3047.09988145179,17
3136385191,4136824664,348585.39745471004,115
3136385191,7599684152,149660.49568533088,142
3136385191,6537569534,250206.56752548087,154
3136385191,4136824665,348613.7365062208,116
3136385191,3174892783,73375.98135592867,102
3136385191,1239489717,73386.22764733773,103
3136385191,1242694031,252578.482743659,157
3136385191,4139418521,252543.74301506724,156
3136385191,2155580115,19709.045772909685,46
3136385191,6524681177,2910.6010034117403,17
3136385191,5217538839,319515.6717881015,178
3136385191,7042347620,326975.8380674349,182
3136385191,13743364556,283586.5466534663,188
3136385191,1684534515,302650.81656975934,205
3136385191,11715824040,302644.925206581,204
3136385191,1809805397,234093.4159012523,116
3136385191,1728838958,247046.22787420993,172
3136385191,7085505934,247025.65678992373,171
3136385191,1732642149,255845.8486713328,105
3136385191,1886079221,209793.28119710452,154
3136385191,1735981103,326956.2481190062,181
3136385191,7042347632,326948.58316156885,180
3136385191,1740742111,236317.41572492933,154
3136385191,1750869639,117116.39328315109,91
3136385191,1783974992,217383.66680957048,184
3136385191,10016226413,217375.45743494108,184
3136385191,1945675344,234114.80049806056,117
3136385191,1797964180,46933.08449596485,58
3136385191,4959610635,243410.67286958842,186
3136385191,1985676681,188991.57772968666,104
3136385191,13749558430,209777.69913666078,154
3136385191,4212767857,283576.91905556625,188
3136385191,3527283166,227695.9338207891,126
3136385191,1981147403,149653.97633580392,139
3136385191,2011981296,204151.02089847156,102
3136385191,5372968715,73.54458534453818,2
3136385191,3794035028,76320.76667751379,106
3136385191,3849049820,19741.409548177136,47
3136385191,2339297860,27097.972941022188,68
3136385191,2339297862,27110.512439509042,69
3136385191,6289622879,148327.65050456763,138
3136385191,3088508709,117116.1286310471,151
3136385191,3088508720,117119.35489017707,151
3136385191,3237363036,246779.42236541864,168
3136385191,3237363045,246784.66720442966,170
3136385191,4137095171,246765.1739518072,169
3136385191,3474422106,348597.6627359578,116
3136385191,4136824662,348599.2806863287,115
3136385191,4137349478,188665.34624745225,122
3136385191,6537569535,250228.36376548727,155
3136385191,4963408994,28546.056637928217,76
3136385191,9513937138,92192.98953467868,116
3136385191,4944055508,92177.48629252201,115
3136385191,4944055634,92184.79083936347,116
3136385191,4963408992,28556.42234693522,77
3136385191,6524681176,2899.2627740714092,17
3136385191,9628046175,2865.2115550258213,16
3136385191,7042347623,326932.2228762414,179
3136385191,8014319682,178580.2249371209,154
3136385191,8032417737,205618.57655103673,155
3136385191,8032417743,205630.9051781146,156
3136385191,8032417746,205633.06302382544,156
3136385191,8032417740,205619.78887581037,155
3136385191,9568699375,92185.3161196547,115
3136385191,11715824035,302642.82091635006,202
3237363036,258029156,181408.71598432117,85
3237363036,44265234,298597.2085478663,110
3237363036,603240642,298532.7520372136,109
3237363036,49364356,268256.5696948976,105
3237363036,59947552,364428.1991262902,295
3237363036,3390634865,248865.40933940845,111
3237363036,98554769,387046.4482057671,163
3237363036,5693657962,176526.33611007038,80
3237363036,310860950,275233.9910291922,118
3237363036,8014319683,74610.2546553071,29
3237363036,603240427,293168.9773363095,119
3237363036,617967952,194946.6392212193,91
3237363036,7087535778,194944.48557467782,91
3237363036,617968149,191567.15208458793,92
3237363036,634172980,45439.530813579724,7
3237363036,665214512,249194.44830684582,177
3237363036,665214513,249122.2812584018,176
3237363036,4136824664,132609.43774166267,22
3237363036,7599684152,103544.263758601,45
3237363036,6537569534,96042.67915999157,18
3237363036,4136824665,132637.77679317346,23
3237363036,3174892783,179814.09901905563,81
3237363036,1239489717,179803.85272764656,80
3237363036,1242694031,93717.73738938275,16
3237363036,4139418521,93705.50367040519,16
3237363036,2155580115,227070.37659250907,122
3237363036,6524681177,248574.33236974155,173
3237363036,5217538839,72736.24942268284,10
3237363036,7042347620,80196.41570201624,14
3237363036,13743364556,211959.77137652892,48
3237363036,1684534515,277678.77122792584,77
3237363036,11715824040,277672.8798647475,76
3237363036,1809805397,276423.75496973266,104
3237363036,1728838958,266.8055087912926,4
3237363036,7085505934,246.23442450508355,3
3237363036,1732642149,35860.23861703203,7
3237363036,1886079221,36986.14116831411,14
3237363036,1735981103,80176.82575358755,13
3237363036,7042347632,80169.16079615017,12
3237363036,1740742111,46140.42038366444,10
3237363036,1750869639,307716.0815766159,136
3237363036,1783974992,216558.0850271163,76
3237363036,10016226413,216549.8756524869,76
3237363036,1945675344,276415.5115777953,104
3237363036,1797964180,236076.76010897357,111
3237363036,4959610635,218438.62752775496,58
3237363036,1985676681,379591.26602315146,149
3237363036,13749558430,37009.17346006626,15
3237363036,4212767857,211941.03523108742,47
3237363036,3527283166,270982.4771197395,104
3237363036,1981147403,103536.10403918034,44
3237363036,2011981296,254825.43823209868,102
3237363036,5372968715,246760.77966417628,168
3237363036,3794035028,191739.4587640942,95
3237363036,3849049820,227048.64378568248,123
3237363036,2339297860,272103.3084249968,222
3237363036,2339297862,272115.84792348364,223
3237363036,6289622879,104875.69241614756,48
3237363036,3088508709,172223.98410322223,71
3237363036,3088508720,172215.74704832418,70
3237363036,3136385191,246779.42236541866,168
3237363036,3237363045,33.80808040394561,2
3237363036,4137095171,19.77617681948325,1
3237363036,3474422106,132621.70302291043,23
3237363036,4136824662,132623.32097328134,22
3237363036,4137349478,58121.994209961405,47
3237363036,6537569535,96020.88291998518,17
3237363036,4963408994,220790.1035338287,109
3237363036,9513937138,160997.09084030555,67
3237363036,4944055508,161013.6621399557,69
3237363036,4944055634,161006.35759311425,68
3237363036,4963408992,220779.7378248217,108
3237363036,6524681176,248639.7784560778,172
3237363036,9628046175,248605.7272370322,171
3237363036,7042347623,80152.80051082271,11
3237363036,8014319682,74609.85543786344,29
3237363036,8032417737,46425.11998868436,20
3237363036,8032417743,46436.407830146105,21
3237363036,8032417746,46425.48504797683,20
3237363036,8032417740,46438.50752152812,21
3237363036,9568699375,161004.76425532953,68
3237363036,11715824035,277670.77557451656,74
3237363045,258029156,181413.96082333216,87
3237363045,44265234,298602.4533868773,112
3237363045,603240642,298537.9968762246,111
3237363045,49364356,268261.8145339086,107
3237363045,59947552,364433.4439653012,297
3237363045,3390634865,248870.65417841944,113
3237363045,98554769,387051.6930447781,165
3237363045,5693657962,176531.58094908137,82
3237363045,310860950,275239.2358682032,120
3237363045,8014319683,74615.49949431811,31
3237363045,603240427,293174.2221753205,121
3237363045,617967952,194951.88406023028,93
3237363045,7087535778,194949.7304136888,93
3237363045,617968149,191572.39692359898,94
3237363045,634172980,45445.43680575025,8
3237363045,665214512,249199.6931458568,179
3237363045,665214513,249127.5260974128,178
3237363045,4136824664,132615.3437338332,23
3237363045,7599684152,103549.508597612,47
3237363045,6537569534,96036.57887266272,16
3237363045,4136824665,132643.682785344,24
3237363045,3174892783,179819.34385806668,83
3237363045,1239489717,179809.0975666576,82
3237363045,1242694031,93711.6371020539,14
3237363045,4139418521,93699.40338307634,14
3237363045,2155580115,227075.62143152006,124
3237363045,6524681177,248579.57720875254,175
3237363045,5217538839,72742.15541485338,11
3237363045,7042347620,80202.32169418677,15
3237363045,13743364556,211953.67108920007,46
3237363045,1684534515,277684.0160669369,79
3237363045,11715824040,277678.12470375857,78
3237363045,1809805397,276428.99980874365,106
3237363045,1728838958,272.7115009618256,5
3237363045,7085505934,252.14041667561656,4
3237363045,1732642149,35866.144609202565,8
3237363045,1886079221,36991.38600732512,16
3237363045,1735981103,80182.73174575808,14
3237363045,7042347632,80175.0667883207,13
3237363045,1740742111,46134.32009633558,8
3237363045,1750869639,307721.3264156269,138
3237363045,1783974992,216563.3298661273,78
3237363045,10016226413,216555.1204914979,78
3237363045,1945675344,276420.7564168063,106
3237363045,1797964180,236082.00494798456,113
3237363045,4959610635,218443.872366766,60
3237363045,1985676681,379596.51086216245,151
3237363045,13749558430,37014.41829907727,17
3237363045,4212767857,211934.93494375856,45
3237363045,3527283166,270987.7219587505,106
3237363045,1981147403,103541.34887819135,46
3237363045,2011981296,254830.68307110967,104
3237363045,5372968715,246766.02450318728,170
3237363045,3794035028,191744.70360310524,97
3237363045,3849049820,227053.88862469347,125
3237363045,2339297860,272108.5532640078,224
3237363045,2339297862,272121.09276249463,225
3237363045,6289622879,104880.93725515857,50
3237363045,3088508709,172229.22894223323,73
3237363045,3088508720,172220.99188733517,72
3237363045,3136385191,246784.66720442966,170
3237363045,3237363036,33.80808040394561,2
3237363045,4137095171,19.49325262244644,1
3237363045,3474422106,132627.60901508096,24
3237363045,4136824662,132629.22696545188,23
3237363045,4137349478,58127.23904897241,49
3237363045,6537569535,96014.78263265632,15
3237363045,4963408994,220795.34837283968,111
3237363045,9513937138,161002.3356793166,69
3237363045,4944055508,161018.90697896676,71
3237363045,4944055634,161011.6024321253,70
3237363045,4963408992,220784.9826638327,110
3237363045,6524681176,248645.0232950888,174
3237363045,9628046175,248610.9720760432,173
3237363045,7042347623,80158.70650299324,12
3237363045,8014319682,74615.10027687445,31
3237363045,8032417737,46430.36482769537,22
3237363045,8032417743,46441.65266915711,23
3237363045,8032417746,46430.729886987836,22
3237363045,8032417740,46443.752360539125,23
3237363045,9568699375,161010.00909434058,70
3237363045,11715824035,277676.0204135276,76
4137095171,258029156,181394.46757070973,86
4137095171,44265234,298582.9601342549,111
4137095171,603240642,298518.50362360216,110
4137095171,49364356,268242.3212812862,106
4137095171,59947552,364413.9507126788,296
4137095171,3390634865,248851.160925797,112
4137095171,98554769,387032.19979215565,164
4137095171,5693657962,176512.08769645894,81
4137095171,310860950,275219.7426155808,119
4137095171,8014319683,74596.00624169566,30
4137095171,603240427,293154.72892269806,120
4137095171,617967952,194932.39080760785,92
4137095171,7087535778,194930.23716106638,92
4137095171,617968149,191552.9036709765,93
4137095171,634172980,45459.3069903992,8
4137095171,665214512,249180.19989323438,178
4137095171,665214513,249108.03284479037,177
4137095171,4136824664,132629.21391848213,23
4137095171,7599684152,103530.01534498956,46
4137095171,6537569534,96022.9029831721,17
4137095171,4136824665,132657.55296999292,24
4137095171,3174892783,179799.8506054442,82
4137095171,1239489717,179789.60431403512,81
4137095171,1242694031,93697.96121256327,15
4137095171,4139418521,93685.72749358571,15
4137095171,2155580115,227056.12817889763,123
4137095171,6524681177,248560.0839561301,174
4137095171,5217538839,72756.02559950232,11
4137095171,7042347620,80216.19187883571,15
4137095171,13743364556,211939.99519970943,47
4137095171,1684534515,277664.5228143144,78
4137095171,11715824040,277658.6314511361,77
4137095171,1809805397,276409.5065561212,105
4137095171,1728838958,286.5816856107758,5
4137095171,7085505934,266.0106013245668,4
4137095171,1732642149,35880.014793851515,8
4137095171,1886079221,36971.89275470267,15
4137095171,1735981103,80196.60193040702,14
4137095171,7042347632,80188.93697296965,13
4137095171,1740742111,46120.644206844954,9
4137095171,1750869639,307701.8331630045,137
4137095171,1783974992,216543.83661350486,77
4137095171,10016226413,216535.62723887546,77
4137095171,1945675344,276401.2631641839,105
4137095171,1797964180,236062.51169536213,112
4137095171,4959610635,218424.37911414352,59
4137095171,1985676681,379577.01760954,150
4137095171,13749558430,36994.92504645482,16
4137095171,4212767857,211921.25905426792,46
4137095171,3527283166,270968.2287061281,105
4137095171,1981147403,103521.8556255689,45
4137095171,2011981296,254811.18981848724,103
4137095171,5372968715,246746.53125056485,169
4137095171,3794035028,191725.21035048275,96
4137095171,3849049820,227034.39537207104,124
4137095171,2339297860,272089.06001138536,223
4137095171,2339297862,272101.5995098722,224
4137095171,6289622879,104861.44400253613,49
4137095171,3088508709,172209.7356896108,72
4137095171,3088508720,172201.49863471274,71
4137095171,3136385191,246765.17395180723,169
4137095171,3237363036,19.77617681948325,1
4137095171,3237363045,19.49325262244644,1
4137095171,3474422106,132641.4791997299,24
4137095171,4136824662,132643.0971501008,23
4137095171,4137349478,58107.74579634996,48
4137095171,6537569535,96001.1067431657,16
4137095171,4963408994,220775.85512021725,110
4137095171,9513937138,160982.84242669411,68
4137095171,4944055508,160999.41372634427,70
4137095171,4944055634,160992.10917950282,69
4137095171,4963408992,220765.48941121026,109
4137095171,6524681176,248625.53004246636,173
4137095171,9628046175,248591.47882342077,172
4137095171,7042347623,80172.57668764218,12
4137095171,8014319682,74595.607024252,30
4137095171,8032417737,46410.87157507292,21
4137095171,8032417743,46422.15941653466,22
4137095171,8032417746,46411.236634365385,21
4137095171,8032417740,46424.259107916674,22
4137095171,9568699375,160990.5158417181,69
4137095171,11715824035,277656.5271609051,75
3474422106,258029156,314030.4190072316,108
3474422106,44265234,431218.9115707769,133
3474422106,603240642,431154.45506012416,132
3474422106,49364356,400878.2727178082,128
3474422106,59947552,466246.4394968293,243
3474422106,3390634865,381487.11236231896,134
3474422106,98554769,496224.54988319543,235
3474422106,5693657962,309148.0391329809,103
3474422106,310860950,407855.6940521025,141
3474422106,8014319683,207231.9576782175,52
3474422106,603240427,425790.6803592201,142
3474422106,617967952,327568.34224412957,114
3474422106,7087535778,327566.1885975881,114
3474422106,617968149,324188.8551074984,115
3474422106,634172980,87182.17220933069,16
3474422106,665214512,351012.68867738475,125
3474422106,665214513,350940.5216289407,124
3474422106,4136824664,12.265281247766945,1
3474422106,7599684152,236165.96678151147,68
3474422106,6537569534,228664.18788774364,40
3474422106,4136824665,17.79540310099508,1
3474422106,3174892783,312435.8020419661,104
3474422106,1239489717,312425.55575055705,103
3474422106,1242694031,226339.24611713484,38
3474422106,4139418521,226327.01239815727,38
3474422106,2155580115,328888.61696304806,70
3474422106,6524681177,350392.57274028054,121
3474422106,5217538839,105365.43973180202,19
3474422106,7042347620,52425.287320894175,9
3474422106,13743364556,344581.280104281,70
3474422106,1684534515,410300.4742508361,100
3474422106,11715824040,410294.5828876578,99
3474422106,1809805397,409045.45799264306,127
3474422106,1728838958,132354.8975141191,19
3474422106,7085505934,132375.4685984053,20
3474422106,1732642149,128214.85896702141,15
3474422106,1886079221,169607.84419122452,37
3474422106,1735981103,52444.87726932286,10
3474422106,7042347632,52452.54222676024,11
3474422106,1740742111,178761.9291114165,32
3474422106,1750869639,440337.7845995262,159
3474422106,1783974992,349179.7880500268,99
3474422106,10016226413,349171.5786753973,99
3474422106,1945675344,409037.2146007057,127
3474422106,1797964180,368698.463131884,134
3474422106,4959610635,351060.3305506652,81
3474422106,1985676681,512212.96904606174,172
3474422106,13749558430,169630.87648297666,38
3474422106,4212767857,344562.5439588395,69
3474422106,3527283166,403604.18014265003,127
3474422106,1981147403,236157.8070620908,67
3474422106,2011981296,387447.1412550092,125
3474422106,5372968715,348579.0200347154,116
3474422106,3794035028,324361.16178700473,118
3474422106,3849049820,328856.2531877806,69
3474422106,2339297860,373921.54879553587,170
3474422106,2339297862,373934.0882940227,171
3474422106,6289622879,237497.39543905808,71
3474422106,3088508709,304845.6871261326,94
3474422106,3088508720,304837.45007123455,93
3474422106,3136385191,348597.6627359578,116
3474422106,3237363036,132621.7030229104,23
3474422106,3237363045,132627.60901508093,24
3474422106,4137095171,132641.4791997299,24
3474422106,4136824662,32.25122299310153,2
3474422106,4137349478,190743.6972328718,70
3474422106,6537569535,228642.39164773724,39
3474422106,4963408994,342326.9182699774,88
3474422106,9513937138,293618.79386321607,90
3474422106,4944055508,293635.36516286625,92
3474422106,4944055634,293628.06061602477,91
3474422106,4963408992,342329.2509916043,88
3474422106,6524681176,350458.0188266167,120
3474422106,9628046175,350423.9676075711,119
3474422106,7042347623,52468.902512087705,12
3474422106,8014319682,207231.55846077384,52
3474422106,8032417737,179046.82301159477,43
3474422106,8032417743,179058.1108530565,44
3474422106,8032417746,179047.18807088723,43
3474422106,8032417740,179060.2105444385,44
3474422106,9568699375,293626.4672782401,91
3474422106,11715824035,410292.47859742685,97
4136824662,258029156,314032.0369576026,107
4136824662,44265234,431220.5295211478,132
4136824662,603240642,431156.07301049505,131
4136824662,49364356,400879.8906681791,127
4136824662,59947552,466248.0574472002,242
4136824662,3390634865,381488.73031268996,133
4136824662,98554769,496226.1678335663,234
4136824662,5693657962,309149.6570833519,102
4136824662,310860950,407857.3120024734,140
4136824662,8014319683,207233.5756285884,51
4136824662,603240427,425792.29830959096,141
4136824662,617967952,327569.96019450045,113
4136824662,7087535778,327567.806547959,113
4136824662,617968149,324190.4730578693,114
4136824662,634172980,87183.7901597016,15
4136824662,665214512,351014.30662775564,124
4136824662,665214513,350942.1395793116,123
4136824662,4136824664,20.14691358517821,1
4136824662,7599684152,236167.58473188238,67
4136824662,6537569534,228665.80583811455,39
4136824662,4136824665,14.455819892106447,1
4136824662,3174892783,312437.419992337,103
4136824662,1239489717,312427.17370092793,102
4136824662,1242694031,226340.86406750575,37
4136824662,4139418521,226328.63034852818,37
4136824662,2155580115,328890.23491341894,69
4136824662,6524681177,350394.1906906514,120
4136824662,5217538839,105367.05768217293,18
4136824662,7042347620,52426.90527126509,8
4136824662,13743364556,344582.898054652,69
4136824662,1684534515,410302.0922012071,99
4136824662,11715824040,410296.2008380288,98
4136824662,1809805397,409047.07594301394,126
4136824662,1728838958,132356.51546449002,18
4136824662,7085505934,132377.08654877622,19
4136824662,1732642149,128216.47691739233,14
4136824662,1886079221,169609.46214159543,36
4136824662,1735981103,52446.495219693774,9
4136824662,7042347632,52454.160177131154,10
4136824662,1740742111,178763.54706178742,31
4136824662,1750869639,440339.4025498971,158
4136824662,1783974992,349181.4060003977,98
4136824662,10016226413,349173.1966257682,98
4136824662,1945675344,409038.8325510766,126
4136824662,1797964180,368700.0810822549,133
4136824662,4959610635,351061.9485010362,80
4136824662,1985676681,512214.5869964326,171
4136824662,13749558430,169632.49443334757,37
4136824662,4212767857,344564.1619092105,68
4136824662,3527283166,403605.7980930209,126
4136824662,1981147403,236159.42501246172,66
4136824662,2011981296,387448.7592053801,124
4136824662,5372968715,348580.6379850863,115
4136824662,3794035028,324362.7797373756,117
4136824662,3849049820,328857.8711381515,68
4136824662,2339297860,373923.16674590675,169
4136824662,2339297862,373935.7062443936,170
4136824662,6289622879,237499.01338942896,70
4136824662,3088508709,304847.3050765036,93
4136824662,3088508720,304839.06802160555,92
4136824662,3136385191,348599.2806863287,115
4136824662,3237363036,132623.3209732813,22
4136824662,3237363045,132629.22696545185,23
4136824662,4137095171,132643.0971501008,23
4136824662,3474422106,32.25122299310153,2
4136824662,4137349478,190745.31518324272,69
4136824662,6537569535,228644.00959810815,38
4136824662,4963408994,342328.53622034827,87
4136824662,9513937138,293620.41181358695,89
4136824662,4944055508,293636.98311323713,91
4136824662,4944055634,293629.67856639565,90
4136824662,4963408992,342330.8689419752,87
4136824662,6524681176,350459.6367769876,119
4136824662,9628046175,350425.585557942,118
4136824662,7042347623,52470.52046245862,11
4136824662,8014319682,207233.17641114476,51
4136824662,8032417737,179048.44096196568,42
4136824662,8032417743,179059.72880342742,43
4136824662,8032417746,179048.80602125815,42
4136824662,8032417740,179061.82849480942,43
4136824662,9568699375,293628.08522861096,90
4136824662,11715824035,410294.09654779785,96
4137349478,258029156,142560.16886478144,92
4137349478,44265234,259748.66142832668,117
4137349478,603240642,259684.20491767392,116
4137349478,49364356,229408.02257535796,112
4137349478,59947552,306314.1230083239,249
4137349478,3390634865,210016.8622198687,118
4137349478,98554769,328932.3720878007,117
4137349478,5693657962,137677.78899053065,87
4137349478,310860950,217119.91491122602,72
4137349478,8014319683,35761.70753576745,36
4137349478,603240427,254320.4302167697,126
4137349478,617967952,136832.56310325282,45
4137349478,7087535778,136830.40945671135,45
4137349478,617968149,135098.03528802042,53
4137349478,634172980,103561.52502354112,54
4137349478,665214512,191080.37218887935,131
4137349478,665214513,191008.20514043534,130
4137349478,4136824664,190731.43195162402,69
4137349478,7599684152,64695.71663906134,52
4137349478,6537569534,109231.89781200209,51
4137349478,4136824665,190759.7710031348,70
4137349478,3174892783,123344.98222248806,42
4137349478,1239489717,123334.735931079,41
4137349478,1242694031,106906.95604139326,49
4137349478,4139418521,106894.7223224157,49
4137349478,2155580115,168956.3004745426,76
4137349478,6524681177,190460.25625177508,127
4137349478,5217538839,130858.24363264425,57
4137349478,7042347620,138318.40991197762,61
4137349478,13743364556,185219.49621147526,78
4137349478,1684534515,238830.2241083864,84
4137349478,11715824040,238824.33274520806,83
4137349478,1809805397,237575.207850193,111
4137349478,1728838958,58388.7997187527,51
4137349478,7085505934,58368.22863446649,50
4137349478,1732642149,76052.89909907884,42
4137349478,1886079221,21135.853041647282,33
4137349478,1735981103,138298.81996354894,60
4137349478,7042347632,138291.15500611157,59
4137349478,1740742111,59329.63903567495,43
4137349478,1750869639,249602.00545864966,90
4137349478,1783974992,177709.53790757663,83
4137349478,10016226413,177701.32853294723,83
4137349478,1945675344,237566.96445825568,111
4137349478,1797964180,177962.68399100713,65
4137349478,4959610635,179590.08040821535,65
4137349478,1985676681,321477.1899051852,103
4137349478,13749558430,21120.270981203532,33
4137349478,4212767857,185200.76006603375,77
4137349478,3527283166,232133.93000019994,111
4137349478,1981147403,64687.556919640694,51
4137349478,2011981296,215976.89111255904,109
4137349478,5372968715,188646.7035462098,122
4137349478,3794035028,135270.34196752668,56
4137349478,3849049820,168934.567667716,77
4137349478,2339297860,213989.23230703032,176
4137349478,2339297862,214001.77180551717,177
4137349478,6289622879,66027.14529660792,55
4137349478,3088508709,133375.4369836825,78
4137349478,3088508720,133367.19992878445,77
4137349478,3136385191,188665.3462474522,122
4137349478,3237363036,58121.994209961405,47
4137349478,3237363045,58127.23904897241,49
4137349478,4137095171,58107.74579634997,48
4137349478,3474422106,190743.69723287178,70
4137349478,4136824662,190745.3151832427,69
4137349478,6537569535,109210.10157199569,50
4137349478,4963408994,162676.02741586225,63
4137349478,9513937138,104527.97404373805,28
4137349478,4944055508,104544.54534338822,30
4137349478,4944055634,104537.24079654676,29
4137349478,4963408992,162665.66170685526,62
4137349478,6524681176,190525.70233811132,126
4137349478,9628046175,190491.65111906573,125
4137349478,7042347623,138274.79472078412,58
4137349478,8014319682,35761.3083183238,36
4137349478,8032417737,16961.148395579545,34
4137349478,8032417743,16973.477022657426,35
4137349478,8032417746,16975.634868368263,35
4137349478,8032417740,16962.360720353183,34
4137349478,9568699375,104535.64745876203,29
4137349478,11715824035,238822.228454977,81
6537569535,258029156,178439.2899001664,56
6537569535,44265234,276423.4768740416,51
6537569535,603240642,276665.45490230835,53
6537569535,49364356,258833.10577464927,64
6537569535,59947552,367509.0076076827,271
6537569535,3390634865,245895.98325525364,82
6537569535,98554769,387732.89036129153,131
6537569535,5693657962,173556.9100259156,51
6537569535,310860950,272463.49039289344,100
6537569535,8014319683,104614.04533972875,14
6537569535,603240427,283745.5134160611,78
6537569535,617967952,192305.36940514282,60
6537569535,7087535778,192303.21575860135,60
6537569535,617968149,188605.43547509096,64
6537569535,634172980,141460.21943840655,23
6537569535,665214512,252470.79547536618,158
6537569535,665214513,252398.62842692217,157
6537569535,4136824664,228630.12636648945,38
6537569535,7599684152,100574.83767444621,16
6537569535,6537569534,21.796240006405963,1
6537569535,4136824665,228658.46541800024,39
6537569535,3174892783,176852.38240955866,53
6537569535,1239489717,176842.1361181496,52
6537569535,1242694031,2350.118978171732,2
6537569535,4139418521,2315.379249579983,1
6537569535,2155580115,233343.04313982357,92
6537569535,6524681177,251850.6795382619,154
6537569535,5217538839,149467.5470498962,22
6537569535,7042347620,176217.10432684305,30
6537569535,13743364556,115938.88845654375,31
6537569535,1684534515,194665.76736322895,64
6537569535,11715824040,194671.6587264073,65
6537569535,1809805397,248787.37848210562,47
6537569535,1728838958,96287.49413361811,20
6537569535,7085505934,96266.9230493319,19
6537569535,1732642149,131880.92724185888,23
6537569535,1886079221,92326.24031693413,13
6537569535,1735981103,176197.51437841437,29
6537569535,7042347632,176189.849420977,28
6537569535,1740742111,49880.46253632074,7
6537569535,1750869639,304945.58094031713,118
6537569535,1783974992,182105.77196201688,34
6537569535,10016226413,182114.5136326383,35
6537569535,1945675344,248779.1350901683,47
6537569535,1797964180,234995.2580856369,90
6537569535,4959610635,156069.37281937516,31
6537569535,1985676681,366344.96660956694,101
6537569535,13749558430,92349.27260868628,14
6537569535,4212767857,115920.15231110224,30
6537569535,3527283166,244132.37591494637,43
6537569535,1981147403,100574.38742968337,16
6537569535,2011981296,245401.97431185035,61
6537569535,5372968715,250209.72106424495,155
6537569535,3794035028,188777.74215459722,67
6537569535,3849049820,233321.31033299697,93
6537569535,2339297860,275184.1169063893,198
6537569535,2339297862,275196.65640487615,199
6537569535,6289622879,101907.68285520951,20
6537569535,3088508709,169254.55801906745,42
6537569535,3088508720,169246.3209641694,41
6537569535,3136385191,250228.36376548733,155
6537569535,3237363036,96020.88291998518,17
6537569535,3237363045,96014.7826326563,15
6537569535,4137095171,96001.10674316568,16
6537569535,3474422106,228642.3916477372,39
6537569535,4136824662,228644.00959810812,38
6537569535,4137349478,109210.10157199565,50
6537569535,4963408994,221682.30712755912,79
6537569535,9513937138,158035.37423080858,39
6537569535,4944055508,158051.94553045873,41
6537569535,4944055634,158044.64098361728,40
6537569535,4963408992,221671.94141855213,78
6537569535,6524681176,251916.12562459815,153
6537569535,9628046175,251882.07440555256,152
6537569535,7042347623,176173.48913564955,27
6537569535,8014319682,104623.45171663414,15
6537569535,8032417737,92250.8790663573,16
6537569535,8032417743,92236.62454933826,15
6537569535,8032417746,92236.39259356858,15
6537569535,8032417740,92247.7408516425,16
6537569535,9568699375,158043.04764583256,40
6537569535,11715824035,194668.13899742477,63
4963408994,258029156,79380.32931625187,60
4963408994,44265234,194691.60276586184,68
4963408994,603240642,194449.62473759506,66
4963408994,49364356,184001.33026405337,78
4963408994,59947552,145826.70048012384,192
4963408994,3390634865,133219.49480858495,34
4963408994,98554769,175804.81086648998,184
4963408994,5693657962,85687.8264490936,81
4963408994,310860950,77257.06430667623,31
4963408994,8014319683,150034.09856526167,78
4963408994,603240427,159088.92262264164,64
4963408994,617967952,29376.937722416355,19
4963408994,7087535778,29396.834650114048,20
4963408994,617968149,46510.275403790874,25
4963408994,634172980,266229.6343474084,116
4963408994,665214512,30788.488347807055,79
4963408994,665214513,30716.321299363044,78
4963408994,4136824664,342314.6529887297,87
4963408994,7599684152,121114.43904740269,66
4963408994,6537569534,221660.51088755263,78
4963408994,4136824665,342342.9920402405,88
4963408994,3174892783,44829.92471800046,26
4963408994,1239489717,44840.171009409525,27
4963408994,1242694031,224032.42610573076,81
4963408994,4139418521,223997.686377139,80
4963408994,2155580115,18155.766664750347,34
4963408994,6524681177,30168.372410702774,75
4963408994,5217538839,293526.3529565116,119
4963408994,7042347620,300986.51923584496,123
4963408994,13743364556,255040.49001553812,112
4963408994,1684534515,274104.7599318311,129
4963408994,11715824040,274098.8685686528,128
4963408994,1809805397,226716.17747220112,74
4963408994,1728838958,221056.90904261998,113
4963408994,7085505934,221036.33795833378,112
4963408994,1732642149,238721.00842294615,104
4963408994,1886079221,183803.96236551457,95
4963408994,1735981103,300966.9292874163,122
4963408994,7042347632,300959.2643299789,121
4963408994,1740742111,207771.35908700107,78
4963408994,1750869639,109739.15485409989,49
4963408994,1783974992,188837.61017164227,108
4963408994,10016226413,188829.40079701287,108
4963408994,1945675344,226737.56206900938,75
4963408994,1797964180,36343.72574975381,16
4963408994,4959610635,214864.6162316602,110
4963408994,1985676681,181614.33930063547,62
4963408994,13749558430,183788.38030507084,95
4963408994,4212767857,255030.86241763807,112
4963408994,3527283166,209876.76025603444,59
4963408994,1981147403,121107.91969787567,63
4963408994,2011981296,181424.5114973867,45
4963408994,5372968715,28527.41393668583,76
4963408994,3794035028,47774.7100395856,30
4963408994,3849049820,18134.033857923725,35
4963408994,2339297860,53501.80977883023,119
4963408994,2339297862,53514.34927731709,120
4963408994,6289622879,119781.59386663939,62
4963408994,3088508709,88570.07199311891,75
4963408994,3088508720,88573.29825224887,75
4963408994,3136385191,28546.056637928228,76
4963408994,3237363036,220790.1035338287,109
4963408994,3237363045,220795.3483728397,111
4963408994,4137095171,220775.85512021725,110
4963408994,3474422106,342326.9182699775,88
4963408994,4136824662,342328.5362203484,87
4963408994,4137349478,162676.0274158623,63
4963408994,6537569535,221682.30712755903,79
4963408994,9513937138,63646.93289675048,40
4963408994,4944055508,63631.42965459378,39
4963408994,4944055634,63638.73420143525,40
4963408994,4963408992,10.36570900700113,1
4963408994,6524681176,30233.81849703903,74
4963408994,9628046175,30199.76727799344,73
4963408994,7042347623,300942.9040446514,120
4963408994,8014319682,150034.16829919262,78
4963408994,8032417737,178270.7708936354,90
4963408994,8032417743,178283.09952071327,91
4963408994,8032417746,178285.2573664241,91
4963408994,8032417740,178271.98321840903,90
4963408994,9568699375,63639.25948172649,39
4963408994,11715824035,274096.7642784218,126
9513937138,258029156,41539.83865674141,25
9513937138,44265234,191996.50119889743,73
9513937138,603240642,191932.04468824467,72
9513937138,49364356,161655.8623459287,68
9513937138,59947552,209473.63337687438,232
9513937138,3390634865,108291.40836618135,48
9513937138,98554769,229697.51613048292,92
9513937138,5693657962,41950.95651983755,32
9513937138,310860950,114428.11616208497,61
9513937138,8014319683,86387.1656685112,38
9513937138,603240427,159215.43052707333,58
9513937138,617967952,34269.995174334144,21
9513937138,7087535778,34267.84152779267,21
9513937138,617968149,30570.061244282373,25
9513937138,634172980,206436.62165388523,74
9513937138,665214512,94435.42124455755,119
9513937138,665214513,94363.25419611354,118
9513937138,4136824664,293606.52858196816,89
9513937138,7599684152,57467.50615065224,26
9513937138,6537569534,158013.57799080218,38
9513937138,4136824665,293634.86763347895,90
9513937138,3174892783,18817.008178750028,14
9513937138,1239489717,18806.761887340966,13
9513937138,1242694031,160385.4932089803,41
9513937138,4139418521,160350.75348038855,40
9513937138,2155580115,75652.40271597753,57
9513937138,6524681177,93815.30530745327,115
9513937138,5217538839,233733.34026298835,77
9513937138,7042347620,241193.50654232173,81
9513937138,13743364556,202853.9382433582,65
9513937138,1684534515,225301.42745662606,75
9513937138,11715824040,225295.5360934477,74
9513937138,1809805397,190362.3023072293,66
9513937138,1728838958,161263.89634909682,71
9513937138,7085505934,161243.3252648106,70
9513937138,1732642149,178927.99572942298,62
9513937138,1886079221,124010.94967199143,53
9513937138,1735981103,241173.91659389305,80
9513937138,7042347632,241166.25163645568,79
9513937138,1740742111,144124.42619025064,38
9513937138,1750869639,146910.2067095086,79
9513937138,1783974992,140034.2776964371,54
9513937138,10016226413,140026.0683218077,54
9513937138,1945675344,190354.058915292,66
9513937138,1797964180,76959.88385482827,51
9513937138,4959610635,166061.28375645503,56
9513937138,1985676681,218785.39115604418,92
9513937138,13749558430,123987.91738023928,52
9513937138,4212767857,202835.20209791668,64
9513937138,3527283166,177000.888283697,60
9513937138,1981147403,57460.98680112523,23
9513937138,2011981296,156496.4250549831,59
9513937138,5372968715,92174.34683343636,116
9513937138,3794035028,30742.367923788643,28
9513937138,3849049820,75630.6699091509,58
9513937138,2339297860,117148.74267558074,159
9513937138,2339297862,117161.28217406759,160
9513937138,6289622879,56134.660969888966,22
9513937138,3088508709,37642.21434052553,24
9513937138,3088508720,37633.5922605119,23
9513937138,3136385191,92192.98953467875,116
9513937138,3237363036,160997.09084030552,67
9513937138,3237363045,161002.33567931654,69
9513937138,4137095171,160982.8424266941,68
9513937138,3474422106,293618.79386321595,90
9513937138,4136824662,293620.41181358683,89
9513937138,4137349478,104527.97404373807,28
9513937138,6537569535,158035.37423080858,39
9513937138,4963408994,63646.932896750506,40
9513937138,4944055508,16.571299650159602,2
9513937138,4944055634,9.26675280869925,1
9513937138,4963408992,63636.5671877435,39
9513937138,6524681176,93880.75139378954,114
9513937138,9628046175,93846.70017474395,113
9513937138,7042347623,241149.89135112823,78
9513937138,8014319682,86387.23540244214,38
9513937138,8032417737,114623.83799688492,50
9513937138,8032417743,114636.16662396281,51
9513937138,8032417746,114638.32446967364,51
9513937138,8032417740,114625.05032165856,50
9513937138,9568699375,7.673415023986255,1
9513937138,11715824035,225293.43180321666,72
4944055508,258029156,41550.07057559105,26
4944055508,44265234,192006.73311774706,74
4944055508,603240642,191942.2766070943,73
4944055508,49364356,161666.09426477834,69
4944055508,59947552,209458.1301347177,231
4944055508,3390634865,108301.640285031,49
4944055508,98554769,229682.01288832628,91
4944055508,5693657962,41961.18843868719,33
4944055508,310860950,114412.61291992829,60
4944055508,8014319683,86403.73696816136,40
4944055508,603240427,159225.66244592296,59
4944055508,617967952,34254.49193217745,20
4944055508,7087535778,34252.338285635975,20
4944055508,617968149,30554.55800212568,24
4944055508,634172980,206453.1929535354,76
4944055508,665214512,94419.91800240087,118
4944055508,665214513,94347.75095395686,117
4944055508,4136824664,293623.09988161834,91
4944055508,7599684152,57484.07745030241,28
4944055508,6537569534,158030.14929045236,40
4944055508,4136824665,293651.43893312913,92
4944055508,3174892783,18801.504936593334,13
4944055508,1239489717,18791.258645184273,12
4944055508,1242694031,160402.0645086305,43
4944055508,4139418521,160367.32478003873,42
4944055508,2155580115,75640.27452852901,55
4944055508,6524681177,93799.80206529658,114
4944055508,5217538839,233749.91156263853,79
4944055508,7042347620,241210.0778419719,83
4944055508,13743364556,202870.50954300837,67
4944055508,1684534515,225311.6593754757,76
4944055508,11715824040,225305.76801229734,75
4944055508,1809805397,190372.53422607895,67
4944055508,1728838958,161280.467648747,73
4944055508,7085505934,161259.8965644608,72
4944055508,1732642149,178944.56702907317,64
4944055508,1886079221,124027.5209716416,55
4944055508,1735981103,241190.48789354324,82
4944055508,7042347632,241182.82293610586,81
4944055508,1740742111,144140.99748990082,40
4944055508,1750869639,146894.7034673519,78
4944055508,1783974992,140044.50961528672,55
4944055508,10016226413,140036.30024065732,55
4944055508,1945675344,190364.29083414163,67
4944055508,1797964180,76944.38061267158,50
4944055508,4959610635,166071.51567530466,57
4944055508,1985676681,218769.88791388748,91
4944055508,13749558430,124004.48867988944,54
4944055508,4212767857,202851.77339756687,66
4944055508,3527283166,177011.12020254665,61
4944055508,1981147403,57477.5581007754,25
4944055508,2011981296,156506.65697383272,60
4944055508,5372968715,92158.84359127967,115
4944055508,3794035028,30726.86468163195,27
4944055508,3849049820,75618.5417217024,56
4944055508,2339297860,117133.23943342405,158
4944055508,2339297862,117145.7789319109,159
4944055508,6289622879,56151.232269539134,24
4944055508,3088508709,37652.44625937517,25
4944055508,3088508720,37643.82417936154,24
4944055508,3136385191,92177.48629252207,115
4944055508,3237363036,161013.6621399557,69
4944055508,3237363045,161018.90697896673,71
4944055508,4137095171,160999.41372634427,70
4944055508,3474422106,293635.36516286613,92
4944055508,4136824662,293636.983113237,91
4944055508,4137349478,104544.54534338825,30
4944055508,6537569535,158051.94553045876,41
4944055508,4963408994,63631.42965459382,39
4944055508,9513937138,16.571299650159602,2
4944055508,4944055634,7.304546841460351,1
4944055508,4963408992,63621.063945586815,38
4944055508,6524681176,93865.24815163286,113
4944055508,9628046175,93831.19693258726,112
4944055508,7042347623,241166.4626507784,80
4944055508,8014319682,86403.8067020923,40
4944055508,8032417737,114640.40929653509,52
4944055508,8032417743,114652.73792361298,53
4944055508,8032417746,114654.8957693238,53
4944055508,8032417740,114641.62162130873,52
4944055508,9568699375,9.42717989488264,1
4944055508,11715824035,225303.6637220663,73
4944055634,258029156,41549.10540955012,26
4944055634,44265234,192005.76795170613,74
4944055634,603240642,191941.31144105337,73
4944055634,49364356,161665.1290987374,69
4944055634,59947552,209465.43468155916,232
4944055634,3390634865,108300.67511899005,49
4944055634,98554769,229689.3174351677,92
4944055634,5693657962,41960.22327264625,33
4944055634,310860950,114419.91746676975,61
4944055634,8014319683,86396.4324213199,39
4944055634,603240427,159224.69727988204,59
4944055634,617967952,34261.79647901891,21
4944055634,7087535778,34259.64283247743,21
4944055634,617968149,30561.862548967143,25
4944055634,634172980,206445.88840669394,75
4944055634,665214512,94427.22254924232,119
4944055634,665214513,94355.0555007983,118
4944055634,4136824664,293615.79533477686,90
4944055634,7599684152,57476.772903460944,27
4944055634,6537569534,158022.84474361088,39
4944055634,4136824665,293644.13438628765,91
4944055634,3174892783,18808.809483434794,14
4944055634,1239489717,18798.563192025733,13
4944055634,1242694031,160394.759961789,42
4944055634,4139418521,160360.02023319725,41
4944055634,2155580115,75643.13596316884,56
4944055634,6524681177,93807.10661213803,115
4944055634,5217538839,233742.60701579705,78
4944055634,7042347620,241202.77329513044,82
4944055634,13743364556,202863.2049961669,66
4944055634,1684534515,225310.69420943476,76
4944055634,11715824040,225304.8028462564,75
4944055634,1809805397,190371.56906003802,67
4944055634,1728838958,161273.16310190552,72
4944055634,7085505934,161252.59201761932,71
4944055634,1732642149,178937.2624822317,63
4944055634,1886079221,124020.21642480014,54
4944055634,1735981103,241183.18334670176,81
4944055634,7042347632,241175.51838926438,80
4944055634,1740742111,144133.69294305934,39
4944055634,1750869639,146902.0080141934,79
4944055634,1783974992,140043.5444492458,55
4944055634,10016226413,140035.3350746164,55
4944055634,1945675344,190363.3256681007,67
4944055634,1797964180,76951.68515951304,51
4944055634,4959610635,166070.55050926373,57
4944055634,1985676681,218777.19246072895,92
4944055634,13749558430,123997.18413304798,53
4944055634,4212767857,202844.4688507254,65
4944055634,3527283166,177010.1550365057,61
4944055634,1981147403,57470.25355393394,24
4944055634,2011981296,156505.6918077918,60
4944055634,5372968715,92166.14813812112,116
4944055634,3794035028,30734.169228473413,28
4944055634,3849049820,75621.40315634222,57
4944055634,2339297860,117140.5439802655,159
4944055634,2339297862,117153.08347875235,160
4944055634,6289622879,56143.92772269767,23
4944055634,3088508709,37651.48109333423,25
4944055634,3088508720,37642.8590133206,24
4944055634,3136385191,92184.79083936352,116
4944055634,3237363036,161006.35759311423,68
4944055634,3237363045,161011.60243212525,70
4944055634,4137095171,160992.1091795028,69
4944055634,3474422106,293628.06061602465,91
4944055634,4136824662,293629.67856639554,90
4944055634,4137349478,104537.24079654677,29
4944055634,6537569535,158044.64098361728,40
4944055634,4963408994,63638.73420143527,40
4944055634,9513937138,9.26675280869925,1
4944055634,4944055508,7.304546841460351,1
4944055634,4963408992,63628.368492428264,39
4944055634,6524681176,93872.5526984743,114
4944055634,9628046175,93838.50147942871,113
4944055634,7042347623,241159.15810393693,79
4944055634,8014319682,86396.50215525084,39
4944055634,8032417737,114633.10474969362,51
4944055634,8032417743,114645.43337677151,52
4944055634,8032417746,114647.59122248234,52
4944055634,8032417740,114634.31707446727,51
4944055634,9568699375,16.731726736342992,2
4944055634,11715824035,225302.69855602537,73
4963408992,258029156,79369.96360724486,59
4963408992,44265234,194690.44248768265,68
4963408992,603240642,194448.46445941587,66
4963408992,49364356,184000.16998587418,78
4963408992,59947552,145837.06618913083,193
4963408992,3390634865,133218.33453040573,34
4963408992,98554769,175815.17657549694,185
4963408992,5693657962,85677.4607400866,80
4963408992,310860950,77255.90402849705,31
4963408992,8014319683,150023.73285625465,77
4963408992,603240427,159087.76234446245,64
4963408992,617967952,29366.572013409354,18
4963408992,7087535778,29386.468941107047,19
4963408992,617968149,46499.90969478388,24
4963408992,634172980,266219.2686384014,115
4963408992,665214512,30798.854056814052,80
4963408992,665214513,30726.68700837004,79
4963408992,4136824664,342316.98571035656,87
4963408992,7599684152,121104.0733383957,65
4963408992,6537569534,221650.14517854564,77
4963408992,4136824665,342345.32476186735,88
4963408992,3174892783,44819.55900899346,25
4963408992,1239489717,44829.80530040253,26
4963408992,1242694031,224022.06039672377,80
4963408992,4139418521,223987.32066813202,79
4963408992,2155580115,18158.099386377235,34
4963408992,6524681177,30178.73811970977,76
4963408992,5217538839,293515.9872475046,118
4963408992,7042347620,300976.15352683794,122
4963408992,13743364556,255030.12430653113,111
4963408992,1684534515,274094.39422282414,128
4963408992,11715824040,274088.5028596458,127
4963408992,1809805397,226715.01719402193,74
4963408992,1728838958,221046.54333361296,112
4963408992,7085505934,221025.97224932676,111
4963408992,1732642149,238710.64271393913,103
4963408992,1886079221,183793.59665650755,94
4963408992,1735981103,300956.56357840926,121
4963408992,7042347632,300948.8986209719,120
4963408992,1740742111,207760.99337799405,77
4963408992,1750869639,109737.99457592072,49
4963408992,1783974992,188827.24446263528,107
4963408992,10016226413,188819.03508800588,107
4963408992,1945675344,226736.4017908302,75
4963408992,1797964180,36342.56547157463,16
4963408992,4959610635,214854.25052265322,109
4963408992,1985676681,181613.17902245632,62
4963408992,13749558430,183778.01459606382,94
4963408992,4212767857,255020.49670863108,111
4963408992,3527283166,209875.59997785522,59
4963408992,1981147403,121097.55398886868,62
4963408992,2011981296,181423.35121920748,45
4963408992,5372968715,28537.779645692826,77
4963408992,3794035028,47764.344330578606,29
4963408992,3849049820,18136.366579550613,35
4963408992,2339297860,53512.17548783723,120
4963408992,2339297862,53524.714986324085,121
4963408992,6289622879,119771.2281576324,61
4963408992,3088508709,88559.7062841119,74
4963408992,3088508720,88562.93254324187,74
4963408992,3136385191,28556.422346935226,77
4963408992,3237363036,220779.73782482167,108
4963408992,3237363045,220784.9826638327,110
4963408992,4137095171,220765.48941121023,109
4963408992,3474422106,342329.25099160435,88
4963408992,4136824662,342330.86894197523,87
4963408992,4137349478,162665.6617068553,62
4963408992,6537569535,221671.94141855204,78
4963408992,4963408994,10.36570900700113,1
4963408992,9513937138,63636.56718774349,39
4963408992,4944055508,63621.06394558679,38
4963408992,4944055634,63628.36849242826,39
4963408992,6524681176,30244.184206046026,75
4963408992,9628046175,30210.132987000437,74
4963408992,7042347623,300932.5383356444,119
4963408992,8014319682,150023.8025901856,77
4963408992,8032417737,178260.40518462838,89
4963408992,8032417743,178272.73381170625,90
4963408992,8032417746,178274.8916574171,90
4963408992,8032417740,178261.617509402,89
4963408992,9568699375,63628.8937727195,38
4963408992,11715824035,274086.39856941486,125
6524681176,258029156,109614.14781329085,134
6524681176,44265234,199923.6895640422,112
6524681176,603240642,199681.71153577542,110
6524681176,49364356,189233.41706223373,122
6524681176,59947552,116914.32161373393,132
6524681176,3390634865,155803.76261056509,88
6524681176,98554769,146892.4320001,124
6524681176,5693657962,115921.64494613258,155
6524681176,310860950,82489.15110485659,75
6524681176,8014319683,180267.91706230066,152
6524681176,603240427,164321.009420822,108
6524681176,617967952,59610.75621945534,93
6524681176,7087535778,59630.65314715303,94
6524681176,617968149,76744.09390082986,99
6524681176,634172980,294079.30926965736,179
6524681176,665214512,736.2891142888,6
6524681176,665214513,664.1220658447874,5
6524681176,4136824664,350445.753545369,119
6524681176,7599684152,151348.25754444164,140
6524681176,6537569534,251894.3293845916,152
6524681176,4136824665,350474.0925968798,120
6524681176,3174892783,75063.74321503945,100
6524681176,1239489717,75073.9895064485,101
6524681176,1242694031,254266.24460276973,155
6524681176,4139418521,254231.50487417798,154
6524681176,2155580115,21569.401863568673,50
6524681176,6524681177,79.44066743150694,2
6524681176,5217538839,321376.0278787605,182
6524681176,7042347620,328836.1941580939,186
6524681176,13743364556,285274.3085125771,186
6524681176,1684534515,304338.5784288701,203
6524681176,11715824040,304332.6870656918,202
6524681176,1809805397,231948.26427038148,118
6524681176,1728838958,248906.5839648689,176
6524681176,7085505934,248886.0128805827,175
6524681176,1732642149,257706.20476199177,109
6524681176,1886079221,211653.6372877635,158
6524681176,1735981103,328816.6042096652,185
6524681176,7042347632,328808.93925222784,184
6524681176,1740742111,238005.17758404007,152
6524681176,1750869639,114971.24165228025,93
6524681176,1783974992,219071.42866868127,182
6524681176,10016226413,219063.21929405187,182
6524681176,1945675344,231969.64886718974,119
6524681176,1797964180,46790.842896860144,55
6524681176,4959610635,245098.4347286992,184
6524681176,1985676681,186846.42609881583,106
6524681176,13749558430,211638.05522731977,158
6524681176,4212767857,285264.68091467704,186
6524681176,3527283166,225550.78218991827,128
6524681176,1981147403,151341.73819491465,137
6524681176,2011981296,202664.54852503265,125
6524681176,5372968715,2869.8484723857723,17
6524681176,3794035028,78008.52853662458,104
6524681176,3849049820,21601.765638836125,51
6524681176,2339297860,24589.430912440253,59
6524681176,2339297862,24601.970410927108,60
6524681176,6289622879,150015.4123636784,136
6524681176,3088508709,118803.8904901579,149
6524681176,3088508720,118807.11674928786,149
6524681176,3136385191,2899.2627740714092,17
6524681176,3237363036,248639.77845607762,172
6524681176,3237363045,248645.02329508864,174
6524681176,4137095171,248625.53004246618,173
6524681176,3474422106,350458.0188266168,120
6524681176,4136824662,350459.6367769877,119
6524681176,4137349478,190525.70233811124,126
6524681176,6537569535,251916.125624598,153
6524681176,4963408994,30233.818497039,74
6524681176,9513937138,93880.75139378945,114
6524681176,4944055508,93865.24815163278,113
6524681176,4944055634,93872.55269847425,114
6524681176,4963408992,30244.184206046,75
6524681176,9628046175,34.0512190455878,1
6524681176,7042347623,328792.57896690036,183
6524681176,8014319682,180267.98679623162,152
6524681176,8032417737,207478.93264169572,159
6524681176,8032417743,207491.26126877358,160
6524681176,8032417746,207493.41911448442,160
6524681176,8032417740,207480.14496646935,159
6524681176,9568699375,93873.07797876548,113
6524681176,11715824035,304330.58277546085,200
9628046175,258029156,109580.09659424527,133
9628046175,44265234,199889.6383449966,111
9628046175,603240642,199647.66031672983,109
9628046175,49364356,189199.36584318813,121
9628046175,59947552,116948.01314963297,133
9628046175,3390634865,155769.71139151952,87
9628046175,98554769,146926.12353599904,125
9628046175,5693657962,115887.593727087,154
9628046175,310860950,82455.099885811,74
9628046175,8014319683,180233.86584325513,151
9628046175,603240427,164286.9582017764,107
9628046175,617967952,59576.70500040976,92
9628046175,7087535778,59596.601928107455,93
9628046175,617968149,76710.04268178428,98
9628046175,634172980,294045.25805061177,178
9628046175,665214512,770.3403333343877,7
9628046175,665214513,698.173284890375,6
9628046175,4136824664,350411.70232632343,118
9628046175,7599684152,151314.20632539608,139
9628046175,6537569534,251860.27816554607,151
9628046175,4136824665,350440.0413778342,119
9628046175,3174892783,75029.69199599387,99
9628046175,1239489717,75039.93828740293,100
9628046175,1242694031,254232.1933837242,154
9628046175,4139418521,254197.45365513244,153
9628046175,2155580115,21535.35064452309,49
9628046175,6524681177,45.38944838591913,1
9628046175,5217538839,321341.9766597149,181
9628046175,7042347620,328802.1429390483,185
9628046175,13743364556,285240.2572935315,185
9628046175,1684534515,304304.52720982453,202
9628046175,11715824040,304298.6358466462,201
9628046175,1809805397,231914.2130513359,117
9628046175,1728838958,248872.53274582332,175
9628046175,7085505934,248851.96166153712,174
9628046175,1732642149,257672.15354294618,108
9628046175,1886079221,211619.5860687179,157
9628046175,1735981103,328782.5529906196,184
9628046175,7042347632,328774.88803318224,183
9628046175,1740742111,237971.12636499453,151
9628046175,1750869639,114937.19043323466,92
9628046175,1783974992,219037.37744963568,181
9628046175,10016226413,219029.16807500628,181
9628046175,1945675344,231935.59764814415,118
9628046175,1797964180,46756.79167781456,54
9628046175,4959610635,245064.38350965362,183
9628046175,1985676681,186812.37487977024,105
9628046175,13749558430,211604.00400827418,157
9628046175,4212767857,285230.62969563145,185
9628046175,3527283166,225516.73097087268,127
9628046175,1981147403,151307.68697586912,136
9628046175,2011981296,202630.49730598705,124
9628046175,5372968715,2835.797253340185,16
9628046175,3794035028,77974.477317579,103
9628046175,3849049820,21567.71441979054,50
9628046175,2339297860,24623.122448339298,60
9628046175,2339297862,24635.661946826152,61
9628046175,6289622879,149981.36114463283,135
9628046175,3088508709,118769.83927111232,148
9628046175,3088508720,118773.06553024228,148
9628046175,3136385191,2865.211555025822,16
9628046175,3237363036,248605.72723703203,171
9628046175,3237363045,248610.97207604305,173
9628046175,4137095171,248591.4788234206,172
9628046175,3474422106,350423.9676075712,119
9628046175,4136824662,350425.5855579421,118
9628046175,4137349478,190491.65111906565,125
9628046175,6537569535,251882.07440555247,152
9628046175,4963408994,30199.76727799341,73
9628046175,9513937138,93846.70017474388,113
9628046175,4944055508,93831.1969325872,112
9628046175,4944055634,93838.50147942867,113
9628046175,4963408992,30210.132987000412,74
9628046175,6524681176,34.0512190455878,1
9628046175,7042347623,328758.52774785477,182
9628046175,8014319682,180233.9355771861,151
9628046175,8032417737,207444.88142265013,158
9628046175,8032417743,207457.210049728,159
9628046175,8032417746,207459.36789543883,159
9628046175,8032417740,207446.09374742376,158
9628046175,9568699375,93839.0267597199,112
9628046175,11715824035,304296.53155641526,199
7042347623,258029156,261561.5164951439,96
7042347623,44265234,378750.0090586891,121
7042347623,603240642,378685.5525480364,120
7042347623,49364356,348409.3702057204,116
7042347623,59947552,444580.99963711307,306
7042347623,3390634865,329018.20985023124,122
7042347623,98554769,467199.24871658994,174
7042347623,5693657962,256679.1366208931,91
7042347623,310860950,355386.7915400149,129
7042347623,8014319683,154763.05516612978,40
7042347623,603240427,373321.7778471323,130
7042347623,617967952,275099.43973204197,102
7042347623,7087535778,275097.2860855005,102
7042347623,617968149,271719.95259541075,103
7042347623,634172980,34713.26969724299,4
7042347623,665214512,329347.24881766853,188
7042347623,665214513,329275.0817692245,187
7042347623,4136824664,52456.63723083994,11
7042347623,7599684152,183697.06426942375,56
7042347623,6537569534,176195.28537565592,28
7042347623,4136824665,52484.97628235073,12
7042347623,3174892783,259966.89952987843,92
7042347623,1239489717,259956.65323846936,91
7042347623,1242694031,173870.34360504712,26
7042347623,4139418521,173858.10988606955,26
7042347623,2155580115,307223.17710333184,133
7042347623,6524681177,328727.1328805643,184
7042347623,5217538839,52936.26926375398,10
7042347623,7042347620,43.61519119352801,3
7042347623,13743364556,292112.37759219325,58
7042347623,1684534515,357831.5717387485,88
7042347623,11715824040,357825.6803755702,87
7042347623,1809805397,356576.5554805553,115
7042347623,1728838958,79885.99500203141,7
7042347623,7085505934,79906.56608631762,8
7042347623,1732642149,115496.51579225116,11
7042347623,1886079221,117138.94167913681,25
7042347623,1735981103,24.025242764842,2
7042347623,7042347632,16.36028532746363,1
7042347623,1740742111,126293.02659932878,20
7042347623,1750869639,387868.8820874386,147
7042347623,1783974992,296710.88553793903,87
7042347623,10016226413,296702.67616330954,87
7042347623,1945675344,356568.31208861794,115
7042347623,1797964180,316229.5606197964,122
7042347623,4959610635,298591.4280385776,69
7042347623,1985676681,459744.06653397414,160
7042347623,13749558430,117161.97397088897,26
7042347623,4212767857,292093.6414467518,57
7042347623,3527283166,351135.27763056225,115
7042347623,1981147403,183688.9045500031,55
7042347623,2011981296,334978.23874292144,113
7042347623,5372968715,326913.5801749992,179
7042347623,3794035028,271892.2592749171,106
7042347623,3849049820,307201.4442965052,134
7042347623,2339297860,352256.10893581965,233
7042347623,2339297862,352268.6484343065,234
7042347623,6289622879,185028.49292697036,59
7042347623,3088508709,252376.78461404497,82
7042347623,3088508720,252368.54755914691,81
7042347623,3136385191,326932.2228762416,179
7042347623,3237363036,80152.8005108227,11
7042347623,3237363045,80158.70650299323,12
7042347623,4137095171,80172.57668764218,12
7042347623,3474422106,52468.902512087705,12
7042347623,4136824662,52470.520462458626,11
7042347623,4137349478,138274.7947207841,58
7042347623,6537569535,176173.48913564952,27
7042347623,4963408994,300942.90404465137,120
7042347623,9513937138,241149.89135112835,78
7042347623,4944055508,241166.4626507785,80
7042347623,4944055634,241159.15810393705,79
7042347623,4963408992,300932.53833564435,119
7042347623,6524681176,328792.5789669005,183
7042347623,9628046175,328758.5277478549,182
7042347623,8014319682,154762.65594868612,40
7042347623,8032417737,126577.92049950705,31
7042347623,8032417743,126589.20834096879,32
7042347623,8032417746,126578.28555879951,31
7042347623,8032417740,126591.3080323508,32
7042347623,9568699375,241157.56476615233,79
7042347623,11715824035,357823.57608533924,85
8014319682,258029156,106798.86054645764,56
8014319682,44265234,223987.3531100029,81
8014319682,603240642,223922.89659935015,80
8014319682,49364356,193646.71425703418,76
8014319682,59947552,295860.86877931637,270
8014319682,3390634865,174255.553901545,82
8014319682,98554769,316084.75153292506,130
8014319682,5693657962,101916.48067220682,51
8014319682,310860950,200815.35156452714,99
8014319682,8014319683,9.406376905386974,1
8014319682,603240427,218559.1218984459,90
8014319682,617967952,120657.23057677622,59
8014319682,7087535778,120655.07693023475,59
8014319682,617968149,116957.29664672447,63
8014319682,634172980,120049.38625144318,36
8014319682,665214512,180822.65664699962,157
8014319682,665214513,180750.4895985556,156
8014319682,4136824664,207219.29317952608,51
8014319682,7599684152,28934.408320737548,16
8014319682,6537569534,104601.65547662771,14
8014319682,4136824665,207247.63223103687,52
8014319682,3174892783,105204.24358119212,52
8014319682,1239489717,105193.99728978306,51
8014319682,1242694031,106973.57069480585,17
8014319682,4139418521,106938.8309662141,16
8014319682,2155580115,161694.90431145707,91
8014319682,6524681177,180202.54070989534,153
8014319682,5217538839,147346.10486054627,39
8014319682,7042347620,154806.27113987968,43
8014319682,13743364556,149467.19505261318,43
8014319682,1684534515,203077.92294952433,49
8014319682,11715824040,203072.03158634598,48
8014319682,1809805397,201813.8995318692,75
8014319682,1728838958,74876.66094665474,33
8014319682,7085505934,74856.08986236854,32
8014319682,1732642149,92540.7603269809,24
8014319682,1886079221,37623.71426954933,15
8014319682,1735981103,154786.681191451,42
8014319682,7042347632,154779.01623401363,41
8014319682,1740742111,70033.11917021152,9
8014319682,1750869639,233297.44211195078,117
8014319682,1783974992,141948.22958925282,47
8014319682,10016226413,141940.02021462342,47
8014319682,1945675344,201805.65613993187,75
8014319682,1797964180,163347.1192572704,89
8014319682,4959610635,143837.7792493533,30
8014319682,1985676681,305172.6265584863,130
8014319682,13749558430,37600.68197779718,14
8014319682,4212767857,149448.45890717168,42
8014319682,3527283166,196372.62168187616,75
8014319682,1981147403,28926.248601316896,15
8014319682,2011981296,180215.58279423526,73
8014319682,5372968715,178561.5822358784,154
8014319682,3794035028,117129.60332623073,66
8014319682,3849049820,161673.17150463047,92
8014319682,2339297860,203535.9780780228,197
8014319682,2339297862,203548.51757650965,198
8014319682,6289622879,30265.836978284126,19
8014319682,3088508709,97614.1286653587,42
8014319682,3088508720,97605.89161046063,41
8014319682,3136385191,178580.22493712077,154
8014319682,3237363036,74609.85543786346,29
8014319682,3237363045,74615.10027687445,31
8014319682,4137095171,74595.607024252,30
8014319682,3474422106,207231.55846077384,52
8014319682,4136824662,207233.17641114476,51
8014319682,4137349478,35761.308318323805,36
8014319682,6537569535,104623.45171663411,15
8014319682,4963408994,150034.16829919256,78
8014319682,9513937138,86387.23540244211,38
8014319682,4944055508,86403.80670209228,40
8014319682,4944055634,86396.50215525081,39
8014319682,4963408992,150023.80259018557,77
8014319682,6524681176,180267.9867962316,152
8014319682,9628046175,180233.935577186,151
8014319682,7042347623,154762.65594868618,40
8014319682,8032417737,28236.602594442804,12
8014319682,8032417743,28248.931221520685,13
8014319682,8032417746,28251.08906723152,13
8014319682,8032417740,28237.814919216442,12
8014319682,9568699375,86394.90881746609,39
8014319682,11715824035,203069.92729611494,46
8032417737,258029156,135035.46314090045,68
8032417737,44265234,252223.95570444566,93
8032417737,603240642,252159.4991937929,92
8032417737,49364356,221883.31685147693,88
8032417737,59947552,323267.3533119085,282
8032417737,3390634865,202492.15649598773,94
8032417737,98554769,344321.3541273679,142
8032417737,5693657962,130153.08326664963,63
8032417737,310860950,229051.95415896992,111
8032417737,8014319683,28237.001811886457,12
8032417737,603240427,246795.72449288866,102
8032417737,617967952,148893.8331712191,71
8032417737,7087535778,148891.67952467763,71
8032417737,617968149,145193.89924116724,75
8032417737,634172980,91864.6508022641,27
8032417737,665214512,208033.60249246386,164
8032417737,665214513,207961.43544401985,163
8032417737,4136824664,179034.55773034703,42
8032417737,7599684152,57171.01091518035,28
8032417737,6537569534,92272.6753063637,17
8032417737,4136824665,179062.89678185782,43
8032417737,3174892783,133440.84617563494,64
8032417737,1239489717,133430.59988422587,63
8032417737,1242694031,89947.73353575487,15
8032417737,4139418521,89935.49981677732,15
8032417737,2155580115,185909.5307781271,109
8032417737,6524681177,207413.4865553596,160
8032417737,5217538839,119161.36941136721,30
8032417737,7042347620,126621.53569070062,34
8032417737,13743364556,177694.79048759426,54
8032417737,1684534515,231305.51838450538,60
8032417737,11715824040,231299.62702132703,59
8032417737,1809805397,230050.502126312,87
8032417737,1728838958,46691.92549747566,24
8032417737,7085505934,46671.35441318945,23
8032417737,1732642149,64356.02487780181,15
8032417737,1886079221,9438.978820370246,6
8032417737,1735981103,126601.94574227193,33
8032417737,7042347632,126594.28078483455,32
8032417737,1740742111,42370.41653003656,9
8032417737,1750869639,261534.04470639356,129
8032417737,1783974992,170184.83218369563,59
8032417737,10016226413,170176.62280906623,59
8032417737,1945675344,230042.25873437469,87
8032417737,1797964180,191583.72185171317,101
8032417737,4959610635,172065.37468433435,41
8032417737,1985676681,333409.2291529291,142
8032417737,13749558430,9415.946528618097,5
8032417737,4212767857,177676.05434215275,53
8032417737,3527283166,224609.2242763189,87
8032417737,1981147403,57162.8511957597,27
8032417737,2011981296,208452.18538867802,85
8032417737,5372968715,205599.93384979432,155
8032417737,3794035028,145366.2059206735,78
8032417737,3849049820,185887.79797130052,110
8032417737,2339297860,230942.46261061484,209
8032417737,2339297862,230955.00210910168,210
8032417737,6289622879,58502.43957272694,31
8032417737,3088508709,125850.73125980151,54
8032417737,3088508720,125842.49420490344,53
8032417737,3136385191,205618.5765510367,155
8032417737,3237363036,46425.11998868437,20
8032417737,3237363045,46430.364827695375,22
8032417737,4137095171,46410.87157507293,21
8032417737,3474422106,179046.8230115948,43
8032417737,4136824662,179048.4409619657,42
8032417737,4137349478,16961.148395579537,34
8032417737,6537569535,92250.8790663573,16
8032417737,4963408994,178270.7708936354,90
8032417737,9513937138,114623.8379968849,50
8032417737,4944055508,114640.40929653507,52
8032417737,4944055634,114633.10474969361,51
8032417737,4963408992,178260.4051846284,89
8032417737,6524681176,207478.93264169584,159
8032417737,9628046175,207444.88142265024,158
8032417737,7042347623,126577.92049950709,31
8032417737,8014319682,28236.602594442807,12
8032417737,8032417743,24.503835147997176,2
8032417737,8032417746,14.486472788716505,1
8032417737,8032417740,13.387532843753712,1
8032417737,9568699375,114631.51141190888,51
8032417737,11715824035,231297.522731096,57
8032417743,258029156,135047.79176797834,69
8032417743,44265234,252236.28433152352,94
8032417743,603240642,252171.82782087076,93
8032417743,49364356,221895.6454785548,89
8032417743,59947552,323279.6819389864,283
8032417743,3390634865,202504.4851230656,95
8032417743,98554769,344333.68275444576,143
8032417743,5693657962,130165.4118937275,64
8032417743,310860950,229064.28278604778,112
8032417743,8014319683,28249.330438964334,13
8032417743,603240427,246808.05311996653,103
8032417743,617967952,148906.16179829696,72
8032417743,7087535778,148904.0081517555,72
8032417743,617968149,145206.2278682451,76
8032417743,634172980,91875.93864372585,28
8032417743,665214512,208045.93111954178,165
8032417743,665214513,207973.76407109777,164
8032417743,4136824664,179045.84557180878,43
8032417743,7599684152,57183.339542258225,29
8032417743,6537569534,92258.42078934466,16
8032417743,4136824665,179074.18462331957,44
8032417743,3174892783,133453.1748027128,65
8032417743,1239489717,133442.92851130373,64
8032417743,1242694031,89933.47901873583,14
8032417743,4139418521,89921.24529975827,14
8032417743,2155580115,185921.85940520503,110
8032417743,6524681177,207425.8151824375,161
8032417743,5217538839,119172.65725282895,31
8032417743,7042347620,126632.82353216237,35
8032417743,13743364556,177707.11911467212,55
8032417743,1684534515,231317.84701158325,61
8032417743,11715824040,231311.9556484049,60
8032417743,1809805397,230062.83075338986,88
8032417743,1728838958,46703.21333893741,25
8032417743,7085505934,46682.6422546512,24
8032417743,1732642149,64367.31271926355,16
8032417743,1886079221,9450.26666183199,7
8032417743,1735981103,126613.23358373367,34
8032417743,7042347632,126605.5686262963,33
8032417743,1740742111,42356.16201301752,8
8032417743,1750869639,261546.37333347142,130
8032417743,1783974992,170197.1608107735,60
8032417743,10016226413,170188.9514361441,60
8032417743,1945675344,230054.58736145255,88
8032417743,1797964180,191596.05047879103,102
8032417743,4959610635,172077.70331141222,42
8032417743,1985676681,333421.55778000696,143
8032417743,13749558430,9427.234370079841,6
8032417743,4212767857,177688.38296923062,54
8032417743,3527283166,224621.55290339678,88
8032417743,1981147403,57175.17982283758,28
8032417743,2011981296,208464.51401575588,86
8032417743,5372968715,205612.26247687225,156
8032417743,3794035028,145378.53454775136,79
8032417743,3849049820,185900.12659837844,111
8032417743,2339297860,230954.79123769276,210
8032417743,2339297862,230967.3307361796,211
8032417743,6289622879,58514.768199804814,32
8032417743,3088508709,125863.05988687939,55
8032417743,3088508720,125854.82283198132,54
8032417743,3136385191,205630.90517811463,156
8032417743,3237363036,46436.40783014611,21
8032417743,3237363045,46441.65266915712,23
8032417743,4137095171,46422.159416534676,22
8032417743,3474422106,179058.11085305654,44
8032417743,4136824662,179059.72880342745,43
8032417743,4137349478,16973.47702265742,35
8032417743,6537569535,92236.62454933826,15
8032417743,4963408994,178283.09952071327,91
8032417743,9513937138,114636.16662396277,51
8032417743,4944055508,114652.73792361293,53
8032417743,4944055634,114645.43337677147,52
8032417743,4963408992,178272.73381170628,90
8032417743,6524681176,207491.26126877376,160
8032417743,9628046175,207457.21004972816,159
8032417743,7042347623,126589.20834096883,32
8032417743,8014319682,28248.931221520685,13
8032417743,8032417737,24.503835147997176,2
8032417743,8032417746,10.92278216927568,1
8032417743,8032417740,11.116302304243463,1
8032417743,9568699375,114643.84003898675,52
8032417743,11715824035,231309.85135817385,58
8032417746,258029156,135049.94961368918,69
8032417746,44265234,252238.4421772344,94
8032417746,603240642,252173.98566658163,93
8032417746,49364356,221897.80332426567,89
8032417746,59947552,323281.8397846972,283
8032417746,3390634865,202506.64296877646,95
8032417746,98554769,344335.8406001566,143
8032417746,5693657962,130167.56973943835,64
8032417746,310860950,229066.4406317586,112
8032417746,8014319683,28251.488284675175,13
8032417746,603240427,246810.2109656774,103
8032417746,617967952,148908.3196440078,72
8032417746,7087535778,148906.16599746633,72
8032417746,617968149,145208.38571395594,76
8032417746,634172980,91865.01586155657,27
8032417746,665214512,208048.0889652526,165
8032417746,665214513,207975.92191680858,164
8032417746,4136824664,179034.9227896395,42
8032417746,7599684152,57185.497387969066,29
8032417746,6537569534,92258.18883357498,16
8032417746,4136824665,179063.2618411503,43
8032417746,3174892783,133455.33264842365,65
8032417746,1239489717,133445.08635701457,64
8032417746,1242694031,89933.24706296615,14
8032417746,4139418521,89921.0133439886,14
8032417746,2155580115,185924.01725091584,110
8032417746,6524681177,207427.97302814832,161
8032417746,5217538839,119161.73447065968,30
8032417746,7042347620,126621.90074999309,34
8032417746,13743364556,177709.27696038297,55
8032417746,1684534515,231320.00485729412,61
8032417746,11715824040,231314.11349411577,60
8032417746,1809805397,230064.9885991007,88
8032417746,1728838958,46692.29055676813,24
8032417746,7085505934,46671.71947248192,23
8032417746,1732642149,64356.389937094275,15
8032417746,1886079221,9439.343879662716,6
8032417746,1735981103,126602.3108015644,33
8032417746,7042347632,126594.64584412702,32
8032417746,1740742111,42355.93005724784,8
8032417746,1750869639,261548.53117918223,130
8032417746,1783974992,170199.31865648433,60
8032417746,10016226413,170191.10928185494,60
8032417746,1945675344,230056.7452071634,88
8032417746,1797964180,191598.20832450187,102
8032417746,4959610635,172079.8611571231,42
8032417746,1985676681,333423.71562571777,143
8032417746,13749558430,9416.311587910566,5
8032417746,4212767857,177690.54081494146,54
8032417746,3527283166,224623.71074910765,88
8032417746,1981147403,57177.33766854842,28
8032417746,2011981296,208466.67186146675,86
8032417746,5372968715,205614.42032258306,156
8032417746,3794035028,145380.6923934622,79
8032417746,3849049820,185902.28444408925,111
8032417746,2339297860,230956.94908340357,210
8032417746,2339297862,230969.48858189041,211
8032417746,6289622879,58516.926045515655,32
8032417746,3088508709,125865.21773259023,55
8032417746,3088508720,125856.98067769216,54
8032417746,3136385191,205633.06302382544,156
8032417746,3237363036,46425.485047976836,20
8032417746,3237363045,46430.72988698784,22
8032417746,4137095171,46411.2366343654,21
8032417746,3474422106,179047.18807088726,43
8032417746,4136824662,179048.80602125818,42
8032417746,4137349478,16975.634868368255,35
8032417746,6537569535,92236.39259356858,15
8032417746,4963408994,178285.2573664241,91
8032417746,9513937138,114638.32446967361,51
8032417746,4944055508,114654.89576932378,53
8032417746,4944055634,114647.59122248231,52
8032417746,4963408992,178274.89165741712,90
8032417746,6524681176,207493.41911448457,160
8032417746,9628046175,207459.36789543898,159
8032417746,7042347623,126578.28555879956,31
8032417746,8014319682,28251.089067231525,13
8032417746,8032417737,14.486472788716505,1
8032417746,8032417743,10.92278216927568,1
8032417746,8032417740,22.039084473519143,2
8032417746,9568699375,114645.99788469759,52
8032417746,11715824035,231312.00920388472,58
8032417740,258029156,135036.6754656741,68
8032417740,44265234,252225.16802921932,93
8032417740,603240642,252160.71151856656,92
8032417740,49364356,221884.5291762506,88
8032417740,59947552,323268.56563668215,282
8032417740,3390634865,202493.3688207614,94
8032417740,98554769,344322.5664521415,142
8032417740,5693657962,130154.29559142327,63
8032417740,310860950,229053.16648374352,111
8032417740,8014319683,28238.214136660095,12
8032417740,603240427,246796.93681766232,102
8032417740,617967952,148895.04549599273,71
8032417740,7087535778,148892.89184945126,71
8032417740,617968149,145195.11156594087,75
8032417740,634172980,91878.03833510785,28
8032417740,665214512,208034.81481723752,164
8032417740,665214513,207962.6477687935,163
8032417740,4136824664,179047.94526319078,43
8032417740,7599684152,57172.223239953986,28
8032417740,6537569534,92269.53709164892,17
8032417740,4136824665,179076.28431470157,44
8032417740,3174892783,133442.05850040857,64
8032417740,1239489717,133431.8122089995,63
8032417740,1242694031,89944.59532104009,15
8032417740,4139418521,89932.36160206253,15
8032417740,2155580115,185910.74310290077,109
8032417740,6524681177,207414.69888013325,160
8032417740,5217538839,119174.75694421095,31
8032417740,7042347620,126634.92322354436,35
8032417740,13743364556,177696.0028123679,54
8032417740,1684534515,231306.73070927904,60
8032417740,11715824040,231300.8393461007,59
8032417740,1809805397,230051.71445108563,87
8032417740,1728838958,46705.31303031941,25
8032417740,7085505934,46684.7419460332,24
8032417740,1732642149,64369.41241064556,16
8032417740,1886079221,9452.366353214,7
8032417740,1735981103,126615.33327511567,34
8032417740,7042347632,126607.6683176783,33
8032417740,1740742111,42367.27831532177,9
8032417740,1750869639,261535.25703116716,129
8032417740,1783974992,170186.04450846926,59
8032417740,10016226413,170177.83513383986,59
8032417740,1945675344,230043.47105914832,87
8032417740,1797964180,191584.9341764868,101
8032417740,4959610635,172066.58700910799,41
8032417740,1985676681,333410.4414777027,142
8032417740,13749558430,9429.33406146185,6
8032417740,4212767857,177677.26666692639,53
8032417740,3527283166,224610.43660109257,87
8032417740,1981147403,57164.06352053334,27
8032417740,2011981296,208453.39771345168,85
8032417740,5372968715,205601.14617456798,155
8032417740,3794035028,145367.41824544713,78
8032417740,3849049820,185889.01029607418,110
8032417740,2339297860,230943.6749353885,209
8032417740,2339297862,230956.21443387534,210
8032417740,6289622879,58503.651897500575,31
8032417740,3088508709,125851.94358457516,54
8032417740,3088508720,125843.70652967709,53
8032417740,3136385191,205619.78887581037,155
8032417740,3237363036,46438.50752152812,21
8032417740,3237363045,46443.752360539125,23
8032417740,4137095171,46424.25910791668,22
8032417740,3474422106,179060.21054443854,44
8032417740,4136824662,179061.82849480945,43
8032417740,4137349478,16962.360720353176,34
8032417740,6537569535,92247.74085164252,16
8032417740,4963408994,178271.98321840903,90
8032417740,9513937138,114625.05032165853,50
8032417740,4944055508,114641.6216213087,52
8032417740,4944055634,114634.31707446724,51
8032417740,4963408992,178261.61750940204,89
8032417740,6524681176,207480.1449664695,159
8032417740,9628046175,207446.0937474239,158
8032417740,7042347623,126591.30803235083,32
8032417740,8014319682,28237.814919216446,12
8032417740,8032417737,13.387532843753712,1
8032417740,8032417743,11.116302304243463,1
8032417740,8032417746,22.039084473519143,2
8032417740,9568699375,114632.72373668251,51
8032417740,11715824035,231298.73505586965,57
9568699375,258029156,41540.64339569617,25
9568699375,44265234,191997.3059378522,73
9568699375,603240642,191932.84942719943,72
9568699375,49364356,161656.66708488346,68
9568699375,59947552,209465.9599618504,231
9568699375,3390634865,108292.2131051361,48
9568699375,98554769,229689.84271545897,91
9568699375,5693657962,41951.76125879231,32
9568699375,310860950,114420.442747061,60
9568699375,8014319683,86394.83908353519,39
9568699375,603240427,159216.2352660281,58
9568699375,617967952,34262.32175931016,20
9568699375,7087535778,34260.16811276868,20
9568699375,617968149,30562.387829258387,24
9568699375,634172980,206444.29506890924,75
9568699375,665214512,94427.74782953357,118
9568699375,665214513,94355.58078108956,117
9568699375,4136824664,293614.20199699217,90
9568699375,7599684152,57475.17956567623,27
9568699375,6537569534,158021.2514058262,39
9568699375,4136824665,293642.54104850296,91
9568699375,3174892783,18809.33476372604,13
9568699375,1239489717,18799.08847231698,12
9568699375,1242694031,160393.1666240043,42
9568699375,4139418521,160358.42689541256,41
9568699375,2155580115,75649.7017084239,56
9568699375,6524681177,93807.63189242929,114
9568699375,5217538839,233741.01367801236,78
9568699375,7042347620,241201.17995734574,82
9568699375,13743364556,202861.6116583822,66
9568699375,1684534515,225302.23219558081,75
9568699375,11715824040,225296.34083240246,74
9568699375,1809805397,190363.10704618407,66
9568699375,1728838958,161271.56976412082,72
9568699375,7085505934,161250.99867983462,71
9568699375,1732642149,178935.669144447,63
9568699375,1886079221,124018.62308701542,54
9568699375,1735981103,241181.59000891706,81
9568699375,7042347632,241173.9250514797,80
9568699375,1740742111,144132.09960527465,39
9568699375,1750869639,146902.5332944846,78
9568699375,1783974992,140035.08243539184,54
9568699375,10016226413,140026.87306076245,54
9568699375,1945675344,190354.86365424676,66
9568699375,1797964180,76952.21043980429,50
9568699375,4959610635,166062.0884954098,56
9568699375,1985676681,218777.71774102017,91
9568699375,13749558430,123995.59079526327,53
9568699375,4212767857,202842.8755129407,65
9568699375,3527283166,177001.69302265174,60
9568699375,1981147403,57468.66021614923,24
9568699375,2011981296,156497.22979393785,59
9568699375,5372968715,92166.67341841238,115
9568699375,3794035028,30734.694508764656,27
9568699375,3849049820,75627.96890159728,57
9568699375,2339297860,117141.06926055676,158
9568699375,2339297862,117153.60875904361,159
9568699375,6289622879,56142.33438491296,23
9568699375,3088508709,37643.019079480284,24
9568699375,3088508720,37634.396999466655,23
9568699375,3136385191,92185.31611965477,115
9568699375,3237363036,161004.76425532953,68
9568699375,3237363045,161010.00909434055,70
9568699375,4137095171,160990.5158417181,69
9568699375,3474422106,293626.46727823996,91
9568699375,4136824662,293628.08522861084,90
9568699375,4137349478,104535.64745876208,29
9568699375,6537569535,158043.0476458326,40
9568699375,4963408994,63639.25948172653,39
9568699375,9513937138,7.673415023986255,1
9568699375,4944055508,9.42717989488264,1
9568699375,4944055634,16.731726736342992,2
9568699375,4963408992,63628.89377271952,38
9568699375,6524681176,93873.07797876556,113
9568699375,9628046175,93839.02675971997,112
9568699375,7042347623,241157.56476615224,79
9568699375,8014319682,86394.90881746613,39
9568699375,8032417737,114631.51141190891,51
9568699375,8032417743,114643.8400389868,52
9568699375,8032417746,114645.99788469763,52
9568699375,8032417740,114632.72373668256,51
9568699375,11715824035,225294.23654217142,72
11715824035,258029156,194716.43496216994,66
11715824035,44265234,118404.3365242179,26
11715824035,603240642,118646.31455248468,28
11715824035,49364356,148744.9753771866,31
11715824035,59947552,292894.0042507622,79
11715824035,3390634865,187783.4045119555,40
11715824035,98554769,260168.54581057062,68
11715824035,5693657962,188704.59863744146,52
11715824035,310860950,235838.87498340342,63
11715824035,8014319683,203060.52091920946,45
11715824035,603240427,154007.0166674381,30
11715824035,617967952,244719.82655600546,107
11715824035,7087535778,244699.92962830776,106
11715824035,617968149,227586.48887463092,101
11715824035,634172980,323110.3063880962,81
11715824035,665214512,304885.25262622867,205
11715824035,665214513,304813.08557778463,204
11715824035,4136824664,410280.2133161791,96
11715824035,7599684152,198272.9753752948,49
11715824035,6537569534,194657.90280165465,63
11715824035,4136824665,410308.5523676899,97
11715824035,3174892783,238255.66871333137,110
11715824035,1239489717,238262.90311211036,110
11715824035,1242694031,197018.25797559656,65
11715824035,4139418521,196983.5182470048,64
11715824035,2155580115,291897.9134935925,144
11715824035,6524681177,304265.13668912445,201
11715824035,5217538839,344135.68604732107,85
11715824035,7042347620,357867.1912765327,88
11715824035,13743364556,78729.25054088107,32
11715824035,1684534515,8.123969638769971,1
11715824035,11715824040,8.39836122867366,1
11715824035,1809805397,86379.76181787862,20
11715824035,1728838958,277937.58108330774,78
11715824035,7085505934,277917.00999902154,77
11715824035,1732642149,295601.680463634,69
11715824035,1886079221,240684.63440620244,60
11715824035,1735981103,357847.60132810404,87
11715824035,7042347632,357839.93637066666,86
11715824035,1740742111,244548.60153374556,70
11715824035,1750869639,221052.85229901204,56
11715824035,1783974992,85268.54718940333,19
11715824035,10016226413,85277.28886002474,20
11715824035,1945675344,86358.37722107035,19
11715824035,1797964180,273976.3114851768,127
11715824035,4959610635,59232.14804676162,16
11715824035,1985676681,208325.8262597433,76
11715824035,13749558430,240661.6021144503,59
11715824035,4212767857,78747.98668632258,33
11715824035,3527283166,113952.22807759637,23
11715824035,1981147403,198281.13509471546,50
11715824035,2011981296,142404.4768362441,37
11715824035,5372968715,302624.17821510736,202
11715824035,3794035028,226324.245616852,95
11715824035,3849049820,291876.1806867659,145
11715824035,2339297860,303262.26067779167,80
11715824035,2339297862,303262.3538221875,80
11715824035,6289622879,196952.49073966977,48
11715824035,3088508709,187656.0480669117,49
11715824035,3088508720,187659.83954270472,49
11715824035,3136385191,302642.82091634977,202
11715824035,3237363036,277670.7755745165,74
11715824035,3237363045,277676.0204135275,76
11715824035,4137095171,277656.52716090507,75
11715824035,3474422106,410292.4785974269,97
11715824035,4136824662,410294.0965477978,96
11715824035,4137349478,238822.2284549769,81
11715824035,6537569535,194668.13899742483,63
11715824035,4963408994,274096.7642784217,126
11715824035,9513937138,225293.43180321663,72
11715824035,4944055508,225303.66372206627,73
11715824035,4944055634,225302.69855602534,73
11715824035,4963408992,274086.3985694147,125
11715824035,6524681176,304330.5827754606,200
11715824035,9628046175,304296.531556415,199
11715824035,7042347623,357823.5760853392,85
11715824035,8014319682,203069.92729611485,46
11715824035,8032417737,231297.5227310959,57
11715824035,8032417743,231309.85135817376,58
11715824035,8032417746,231312.0092038846,58
11715824035,8032417740,231298.73505586953,57
11715824035,9568699375,225294.2365421714,72
