junction_id,latitude,longitude,reachable_nodes,average_distance,maximum_distance
33389255,5.973052,80.361972,4117,193277.6,517550.47
1233269778,5.981115,80.340288,4117,192063.16,514936.21
11542234727,5.96545,80.379443,4117,194289.96,519689.24
33389341,5.942888,80.568388,4117,205409.88,545083.89
250131773,5.945222,80.565417,4117,205055.35,544652.63
33389417,5.928262,80.587898,4117,206543.16,548034.86
13709350352,5.928169,80.589219,4117,206591.54,548182.0
33389466,5.984559,80.724883,4117,208267.99,567590.92
1750306782,5.999459,80.740972,4117,207666.1,565769.37
250131591,5.964551,80.694546,4117,206555.32,562766.03
35436490,7.265772,80.592541,4117,132451.35,349356.54
258029156,7.264124,80.592942,4117,132472.53,349164.23
7094700078,7.265819,80.592385,4117,132449.33,349374.64
44265232,6.728308,81.102857,4117,184348.06,466780.99
2610876638,6.518642,81.127026,4117,188229.63,491718.55
44265234,6.732073,81.101954,4117,184160.8,466352.72
13739751298,6.732062,81.101888,4117,184157.36,466345.33
1135398600,6.732854,81.106916,4117,184551.83,466908.57
44265239,6.735286,81.099451,4117,184200.59,465879.35
603240642,6.731658,81.099805,4117,184078.15,466288.27
6658588595,6.873016,81.049115,4117,177143.28,439181.71
44534497,6.032754,80.217485,4117,183731.95,498616.75
138713209,6.032452,80.217359,4117,183737.12,498601.06
44534546,6.032962,80.217665,4117,183737.92,498647.15
47822231,6.037348,80.228239,4117,184070.36,499972.83
8703211017,6.034104,80.235252,4117,184469.24,500833.88
47824936,6.03757,80.227257,4117,184050.76,499861.4
49364006,6.874294,81.046791,4117,176953.33,438817.29
49364356,6.873478,81.031248,4117,175422.46,436012.08
2145042656,6.899254,81.058098,4117,177781.15,431081.35
49368092,6.894038,80.87,4117,169708.05,434574.2
2078611991,6.905803,80.909761,4117,172329.41,440601.02
3682574805,6.916861,80.831304,4117,167090.01,426764.44
49368243,6.906296,80.914051,4117,172659.73,441359.89
1147075948,6.93709,80.990966,4117,176327.11,430918.4
2026114937,6.90394,80.912574,4117,172432.02,441008.47
49371992,6.976945,80.762255,4117,162785.71,414365.16
77682693,6.973199,80.765422,4117,162591.09,414973.61
3584750699,6.979142,80.758368,4117,162961.42,413813.08
49378902,7.134396,80.597819,4117,142697.58,368716.94
3217407684,7.132264,80.588592,4117,141486.63,367323.54
1834922625,7.0968,80.645875,4117,151365.81,380954.48
50366409,7.146537,80.097002,4117,115747.46,378371.56
617823296,7.168521,80.12413,4117,115674.27,374210.8
324965926,7.143901,80.095598,4117,115670.64,378707.5
324965995,7.143891,80.095669,4117,115669.96,378702.52
50415021,6.72506,79.906574,4117,130460.1,407636.03
665685894,6.726415,79.905424,4117,130380.87,407439.15
50415165,6.629178,79.943101,4117,136661.73,419216.73
12109482770,6.663844,79.930592,4117,134698.5,415062.6
1138325237,6.609891,79.951682,4117,138324.79,421569.36
50415206,6.561112,79.968943,4117,142148.52,427361.48
9634869050,6.561284,79.968901,4117,142136.45,427341.87
50422936,6.797428,79.888573,4117,126075.36,398667.86
2361900649,6.794989,79.887871,4117,126279.79,398950.58
54398901,6.055758,80.181158,4117,181848.59,493546.65
1781355217,6.063348,80.1755,4117,181367.8,492480.7
7095171150,6.038272,80.205637,4117,183436.02,497115.1
59947552,6.032158,80.239635,4117,184723.96,501380.25
6492867596,6.037767,80.249368,4117,185418.57,502684.69
309913698,6.030876,80.240754,4117,184887.72,501568.75
60654455,5.960561,80.456307,4117,198048.41,529867.99
1231879141,5.941081,80.494351,4117,200758.33,535986.29
1675705732,5.962758,80.456278,4117,197932.78,529624.93
60797056,6.86242,79.863849,4117,123308.67,390642.2
60797372,6.861148,79.864128,4117,123363.84,390786.33
1249801968,6.85307,79.86582,4117,123621.88,391699.54
60797439,6.847521,79.866065,4117,123966.67,392314.51
10603977997,6.830512,79.867838,4117,124848.87,394220.64
60797607,6.608353,79.952617,4117,138461.91,421768.67
60797926,6.071555,80.163101,4117,180612.75,490807.34
3090456359,6.110708,80.125148,4117,177375.49,484375.9
60798009,6.812814,79.880774,4117,125534.24,396708.11
7085495071,6.819486,79.873616,4117,125234.99,395615.55
61802472,6.943806,79.878178,4117,120076.74,380480.74
1431441533,6.949523,79.878457,4117,120045.62,379846.68
61802550,6.950346,79.878467,4117,120022.06,379755.65
253022456,6.950641,79.878606,4117,120043.84,379719.19
77368738,6.032655,80.216831,4117,183716.15,498534.41
3379676395,6.032557,80.217201,4117,183724.5,498578.47
77379011,6.032906,80.796545,4117,202671.2,556938.94
1340667695,6.097108,80.875941,4117,198916.04,550932.57
3960868163,6.032746,80.79646,4117,202669.55,556943.45
77379074,6.02867,80.794891,4117,202878.23,557440.42
3960797189,6.028537,80.794853,4117,202888.67,557455.7
77381284,6.830251,80.988599,4117,173785.18,444404.96
4365280299,6.830461,80.988745,4117,173788.75,444389.79
2026106458,6.829302,80.987565,4117,173787.9,444560.89
2035811429,6.971921,80.766708,4117,162544.47,415175.88
77684317,6.959873,80.770946,4117,162311.55,416831.57
3390636008,6.959213,80.771989,4117,162380.84,416969.84
3390634865,6.960735,80.769262,4117,162220.81,416620.92
77844809,6.829735,80.993331,4117,173989.2,443860.8
91030247,6.931298,79.84231,4117,122399.62,384346.28
7153699537,6.929543,79.842754,4117,122443.72,384548.72
98554099,6.035714,80.389067,4117,190720.95,519325.82
98554144,6.042467,80.410069,4117,191973.37,521877.13
252541774,6.03497,80.315637,4117,188952.14,510887.6
98554769,6.090296,80.476194,4117,194881.08,531358.36
2164965693,6.091127,80.476524,4117,194792.85,531259.12
1231840453,6.02431,80.495657,4117,200108.08,536916.95
102737773,6.021975,80.796185,4117,203684.18,558339.9
102737884,6.022295,80.795859,4117,203638.59,558289.35
3256396052,6.021658,80.79635,4117,203720.16,558379.79
102737846,6.022712,80.795597,4117,203589.15,558234.51
3592218007,6.025618,80.794273,4117,203194.49,557802.02
127658294,6.911448,79.870944,4117,121294.44,384795.57
248608270,6.9116,79.86715,4117,121538.03,385208.5
4798976659,6.911314,79.876272,4117,120834.03,384206.48
127658312,6.890439,79.856536,4117,122688.68,387869.72
191792898,6.893812,79.855404,4117,122581.87,387476.23
127659606,6.958552,80.221885,4117,119056.25,402305.08
191856851,6.964714,80.263796,4117,119826.29,398540.44
3095525776,6.952377,80.213381,4117,119074.9,403686.58
127660871,6.878667,79.874506,4117,121993.56,387786.18
2247695861,6.878304,79.876349,4117,121966.39,387775.5
127660889,6.877495,79.879466,4117,122094.65,388098.88
10771363400,6.873967,79.881828,4117,122191.08,388579.76
129605583,6.720228,80.055796,4117,127294.38,417777.81
1212770520,6.726098,80.033969,4117,127796.71,415147.31
256663997,6.718127,80.058681,4117,127501.52,418177.02
129607626,6.854796,80.089391,4117,121020.8,408214.73
1723172770,6.858475,80.091102,4117,120842.58,407749.96
1697583102,6.854361,80.08905,4117,121037.59,408276.25
129610044,6.903139,80.087447,4117,119691.57,402552.11
1150403364,6.911323,80.09367,4117,119776.5,403019.48
1697437102,6.859088,80.091374,4117,120822.34,407672.57
129615686,6.841196,80.003114,4117,123334.55,402456.26
2068162856,6.837921,79.98511,4117,123870.14,400412.55
1430578050,6.844638,80.015473,4117,123052.53,404069.18
129615826,6.844796,79.930892,4117,123647.28,394995.88
635164975,6.846425,79.94838,4117,123170.63,396124.48
642867474,6.844962,79.930285,4117,123610.95,394925.79
129615869,6.851894,79.919736,4117,123644.37,393525.22
619918508,6.849,79.92448,4117,123475.41,394141.37
619956323,6.857754,79.908513,4117,123207.2,392081.75
129615924,6.862979,79.901438,4117,122751.05,391089.12
9959089698,6.865023,79.896774,4117,122593.98,390570.36
2071116345,6.85787,79.908414,4117,123201.17,392064.93
129615942,6.86512,79.896572,4117,122583.35,390545.57
651260245,6.865236,79.896292,4117,122577.37,390512.12
130019052,6.92097,79.846569,4117,122627.88,385602.29
4515020714,6.91877,79.847264,4117,122713.43,385857.48
130445177,6.240919,80.053581,4117,167272.46,466736.29
130445309,6.238873,80.054128,4117,167399.25,466971.83
130445589,6.229533,80.054273,4117,168309.3,468010.78
248048875,6.183389,80.072123,4117,171815.53,473852.52
130462216,5.946267,80.530242,4117,202408.84,540188.92
138713219,6.032408,80.217174,4117,183730.01,498574.54
5234940056,6.032512,80.2168,4117,183721.44,498530.49
666903979,6.895429,79.854876,4117,122520.3,387288.08
191794735,6.921106,79.846401,4117,122627.48,385584.88
7081602427,6.923633,79.845489,4117,122608.67,385287.66
191799826,6.912016,79.852016,4117,122283.89,385926.8
6272039662,6.91206,79.851657,4117,122281.82,385928.84
191816795,6.906006,79.859,4117,122034.19,385916.46
269351942,6.909092,79.857454,4117,122149.69,385880.11
8169922827,6.971153,80.265256,4117,119959.74,397672.36
198601066,7.02397,80.261265,4117,119921.12,391615.37
3217150026,7.023713,80.261472,4117,119930.61,391652.03
5153458214,7.045755,80.253827,4117,119841.23,388762.08
198851718,6.14049,80.09974,4117,174995.54,479801.54
3090460083,6.111305,80.124407,4117,177322.88,484267.67
206594633,6.878591,79.872732,4117,122099.45,387984.03
206596162,7.047746,79.897047,4117,121587.93,367937.88
1475773455,7.051814,79.8966,4117,121586.63,367466.91
206597309,7.131169,79.876188,4117,123086.17,358145.34
3805872958,7.139639,79.874716,4117,123866.37,357194.58
245519497,6.716991,80.06153,4117,127684.84,418532.83
1446610199,6.716933,80.061755,4117,127699.8,418558.55
245519498,6.716824,80.062962,4117,127793.0,418692.72
253718899,6.717448,80.066074,4117,128014.07,419064.42
247139123,6.958809,80.522017,4117,139861.28,396716.14
247139339,6.931211,80.551429,4117,142836.82,402035.57
1190507161,6.963023,80.518039,4117,139453.48,396013.08
5252242488,6.898034,80.592531,4117,146579.61,410034.35
247140202,6.947529,80.630008,4117,150778.61,408722.6
4108748760,6.925229,80.608955,4117,149402.87,410336.41
4507913122,6.939583,80.660292,4117,154922.71,414478.06
247140495,6.930383,80.717922,4117,162457.31,425471.96
247140995,6.937477,80.738372,4117,163129.94,423657.75
3517327762,6.927115,80.686959,4117,157873.83,418698.55
247141016,6.940939,80.74424,4117,163188.45,422781.98
3390658487,6.949311,80.773767,4117,162569.86,418269.72
10682149773,6.911558,79.866968,4117,121542.94,385196.53
3279650333,5.964547,80.691781,4117,206567.46,562433.3
2155946168,5.946855,80.556644,4117,204273.13,543421.02
250731003,6.909465,79.896874,4117,121317.99,385969.83
13399644563,6.90866,79.898432,4117,121355.72,386164.43
2434214580,6.037616,80.304472,4117,188322.73,509552.04
253022446,6.943845,79.878294,4117,120069.76,380480.62
4422642586,6.943432,79.878319,4117,120086.58,380526.42
324997824,6.955601,79.882897,4117,120031.35,378993.51
253022458,6.950953,79.87903,4117,120044.52,379836.26
1431441535,6.949989,79.878606,4117,120019.84,379798.73
253022461,6.955558,79.883004,4117,120008.8,379163.69
1796922853,6.743897,80.176348,4117,127086.81,425819.41
5693657962,7.293033,80.637749,4117,135057.7,344281.85
258025225,8.032095,80.772584,4117,170915.18,335114.21
3213759120,8.063832,80.8984,4117,183467.38,349799.99
258025517,7.857886,80.652269,4117,153747.7,310608.95
1651774036,7.86042,80.6522,4117,153607.71,310328.66
258049598,7.707253,80.653586,4117,158196.46,307788.39
258029159,7.260362,80.592677,4117,132757.71,349589.05
258029175,7.264192,80.59396,4117,132521.77,349051.49
2078331482,7.257836,80.590662,4117,132780.41,350035.14
3033937981,7.266131,80.596094,4117,132630.82,348714.1
258030081,6.873733,79.881906,4117,122195.07,388607.09
10771363401,6.873946,79.881765,4117,122195.17,388587.05
4582456531,6.870435,79.887024,4117,122276.8,389286.98
258049265,7.409225,80.609506,4117,142939.25,328636.06
258049267,7.410153,80.609492,4117,143004.32,328523.32
3616502607,7.35703,80.617506,4117,138647.8,335621.81
1727358941,7.423959,80.610607,4117,144485.65,325852.29
258049379,7.465742,80.623776,4117,147570.57,320381.14
3662474367,7.465916,80.623432,4117,147537.5,320344.71
3620006922,7.449395,80.631013,4117,147340.37,322473.68
2083007820,7.466215,80.623293,4117,147542.45,320306.01
1980552001,7.480923,80.623403,4117,148253.46,318647.09
258049453,7.530715,80.625866,4117,147835.94,313058.28
3710121977,7.694751,80.652109,4117,157623.55,306333.92
258053453,6.908812,79.895278,4117,121316.11,385896.61
6230885416,6.909331,79.896049,4117,121298.87,385900.43
258523315,7.954539,80.999038,4117,194260.84,349146.22
258523345,7.94556,80.999961,4117,194760.67,350128.68
1241520120,7.998768,80.925384,4117,188440.84,345829.93
7734473410,7.941364,81.000278,4117,194990.08,349795.76
258523358,7.941359,81.000205,4117,194992.2,349795.78
259648460,6.915216,79.855985,4117,122232.52,385690.02
6258386258,6.92253,79.852573,4117,122339.47,385267.01
3164393649,6.912922,79.855691,4117,121983.22,385433.76
263155120,7.18726,80.58945,4117,137137.98,358396.58
3591084262,7.166994,80.572465,4117,137384.23,362111.83
263155217,7.214638,80.598026,4117,135882.03,354918.72
263179584,7.241126,80.593358,4117,133909.18,351904.69
1855322535,7.255015,80.58959,4117,132880.14,350549.15
268931354,6.885118,79.86683,4117,122301.45,387782.96
1792664495,6.884991,79.867007,4117,122279.15,387758.88
3742192428,6.888089,79.864247,4117,122277.56,387534.4
269202453,6.911868,79.864477,4117,121496.67,384933.66
3355393382,6.9118,79.864664,4117,121486.56,384929.79
269202456,6.91164,79.864666,4117,121492.74,384948.3
3355393361,6.911596,79.86463,4117,121496.1,384954.61
6524681178,6.911464,79.856309,4117,122000.91,385588.77
275517851,6.905166,79.905698,4117,121493.43,387069.19
663702778,6.903944,79.906832,4117,121543.4,387253.42
292783948,7.200907,79.853314,4117,126361.92,349934.59
403881177,7.205506,79.851177,4117,126266.83,349373.8
308865192,7.979087,79.83329,4117,173709.42,352493.25
1731568828,7.764948,79.828859,4117,159106.49,343386.19
1731470195,7.980907,79.833597,4117,173735.95,352289.16
309033793,6.946793,80.214986,4117,119560.27,404439.89
3510278658,6.952221,80.212581,4117,119095.88,403776.61
3090078667,6.853357,80.26161,4117,124981.57,415114.18
3081634094,6.029926,80.241612,4117,184953.99,501710.66
310860950,6.685328,80.396078,4117,136615.27,442989.5
3937837818,6.705202,80.38509,4117,136707.73,440098.89
5303300108,6.684363,80.396713,4117,136675.21,443117.64
1797858594,6.731728,80.27735,4117,129762.57,431108.91
310863031,6.583227,80.573172,4117,147985.04,468655.15
2152800310,6.583367,80.573141,4117,147978.1,468639.22
311128308,6.429705,79.999598,4117,151748.53,442885.63
1094458277,6.418923,80.002517,4117,152877.86,444423.75
1138480331,6.429825,79.999635,4117,151740.78,442871.82
313407297,7.253072,79.853639,4117,128017.16,343485.93
1478609150,7.253661,79.854847,4117,127982.33,343336.83
7786917078,7.135784,80.089554,4117,115915.85,379889.48
324966462,7.135859,80.089517,4117,115915.71,379886.34
324969585,7.109221,80.048747,4117,116962.82,380670.8
7621971271,7.115771,80.055698,4117,116728.67,379567.51
324988637,6.978225,79.927387,4117,119333.1,379277.29
3864419806,6.978178,79.927346,4117,119333.58,379270.34
324988797,6.977972,79.927138,4117,119336.3,379238.03
3478551526,6.976708,79.925804,4117,119373.43,379034.78
324994643,6.975689,79.924641,4117,119407.31,378857.36
844679704,6.97675,79.925754,4117,119376.34,379027.46
324997495,6.966849,79.899849,4117,119817.16,379133.32
621175136,6.957377,79.889726,4117,120078.59,379191.77
324997506,6.95574,79.887733,4117,120100.72,379467.7
3431855628,6.955732,79.884039,4117,119998.64,379056.87
324998173,6.956038,79.882944,4117,120028.43,378944.24
2499137348,6.956498,79.882738,4117,120025.13,378888.43
325000016,6.957427,79.88965,4117,120082.85,379181.69
4476504845,6.9669,79.899754,4117,119824.02,379127.7
325003402,6.9606,79.881112,4117,120285.53,378391.82
1924772358,6.96006,79.88107,4117,120262.26,378452.85
325009601,6.956998,79.882522,4117,120058.78,378827.56
3431855608,6.956689,79.882853,4117,120039.58,378877.85
325011481,6.963759,79.881712,4117,120318.82,378034.24
3664895156,6.96076,79.881128,4117,120296.41,378373.44
374112182,5.952618,80.535072,4117,202833.18,541255.53
1231840826,5.954818,80.533444,4117,203132.03,541560.98
403875118,6.908245,79.898965,4117,121373.32,386239.1
2064203704,7.214265,79.847174,4117,126404.52,348308.96
403899731,7.02177,79.899553,4117,121146.98,370914.26
403899740,6.990665,79.893185,4117,120617.7,374617.28
8112505448,7.015404,79.898343,4117,121193.68,371643.6
403899785,6.98125,79.888054,4117,120745.39,375844.22
3577871618,6.985667,79.889075,4117,120734.49,375336.27
445260233,7.059953,80.25984,4117,120188.8,386941.65
2087261005,7.072763,80.269014,4117,120766.82,385358.77
5153458215,7.04596,80.25379,4117,119842.22,388739.06
445969634,7.252045,80.435213,4117,127929.04,368950.33
3591964802,7.252078,80.435347,4117,127933.56,368935.1
570766494,7.25252,80.377078,4117,123569.25,362599.1
445970143,7.250499,80.362919,4117,122766.99,361833.06
4929241610,7.25078,80.367834,4117,123095.41,362378.67
3219914093,7.25493,80.35391,4117,122080.32,360705.94
562824120,7.858377,80.639391,4117,153003.59,308411.44
7765135906,7.762797,80.573935,4117,147585.61,295407.67
6218784868,7.861014,80.641899,4117,153084.47,308816.61
562824290,7.750256,80.56305,4117,146873.34,293559.16
2093608214,7.756201,80.567973,4117,147106.67,294417.69
566553126,7.944299,80.629244,4117,159758.47,318949.94
7927504084,7.947339,80.628553,4117,160012.66,319295.34
566569982,8.321221,80.382335,4117,187999.03,354874.92
1181921887,8.32122,80.382,4117,187986.99,354837.99
5364431661,8.320194,80.392883,4117,188370.6,356043.44
566574620,8.341625,80.411734,4117,190169.99,359550.78
1981468985,8.335291,80.411006,4117,189706.74,359030.3
5785122163,8.342314,80.411876,4117,190132.43,359472.17
3518437204,8.164915,80.536835,4117,178018.79,346111.98
567011739,8.130774,80.56153,4117,174253.22,341243.64
8014319683,8.127337,80.562747,4117,173932.65,340840.63
567011837,8.092188,80.629386,4117,171424.45,337253.84
6540075346,8.089691,80.637775,4117,172228.55,338245.01
570765602,7.322519,80.622878,4117,135928.96,340233.09
3088508767,7.321903,80.624392,4117,135768.18,340038.04
3088508746,7.321851,80.624419,4117,135765.52,340044.57
570765771,7.327799,80.577971,4117,136987.11,345873.46
2131510192,7.331298,80.571024,4117,136639.43,346411.7
4929241606,7.250824,80.368325,4117,123128.0,362433.09
598168274,6.768248,80.958492,4117,170967.2,454651.62
603240427,6.763807,80.913127,4117,169572.37,460924.49
598168296,6.7689,80.959997,4117,171090.49,454443.43
2646312392,6.789009,80.970184,4117,172685.46,451595.3
599347546,6.809813,79.882947,4117,125616.5,397118.09
7085525496,6.812723,79.880845,4117,125537.13,396720.89
602759879,8.336848,80.406344,4117,189476.89,358468.23
1146218640,8.33512,80.410581,4117,189670.92,358972.64
4137359440,8.332315,80.403262,4117,188973.34,357857.82
602759923,8.039828,80.598326,4117,166531.74,330280.07
5302260374,8.039879,80.598278,4117,166536.58,330287.83
3157384370,6.743534,81.018165,4117,180432.57,476658.46
1712466837,6.767411,80.847306,4117,168610.91,470378.08
603247200,5.973746,80.429341,4117,196227.82,526212.08
1397128195,5.973715,80.429562,4117,196238.82,526236.79
1397090864,5.973684,80.428191,4117,196157.67,526082.35
610951677,6.16363,81.162676,4117,206860.25,539281.86
5144316608,6.154959,81.148846,4117,206277.89,541094.6
3674777304,6.192465,81.184166,4117,208102.04,535163.34
610955288,6.434991,81.130872,4117,185809.17,501123.29
10132667231,6.434831,81.130877,4117,185813.82,501140.97
610970078,6.255407,81.227095,4117,205735.75,526016.93
13055938742,6.25561,81.227078,4117,205721.97,526002.52
3677422292,6.21154,81.204271,4117,208997.24,532057.42
615737752,7.999733,80.27134,4117,164712.23,317379.09
2093611694,8.151093,80.294577,4117,174552.54,332744.86
2638058811,7.995881,80.270799,4117,164509.69,316944.33
617806916,7.486847,80.36613,4117,126998.04,328860.08
5245953970,7.486781,80.366589,4117,127016.39,328816.19
9513937134,7.487006,80.365332,4117,126938.36,328770.24
617806943,7.488805,80.362096,4117,127143.74,328787.67
5248343448,7.487222,80.364731,4117,126950.29,328792.24
3167641878,7.195687,80.153182,4117,116914.2,371477.2
617967898,7.229818,80.201567,4117,117175.25,364535.58
1427371978,7.226387,80.199136,4117,117138.43,365000.52
617967952,7.241352,80.211272,4117,117497.58,362702.15
5764078202,7.242053,80.211633,4117,117542.52,362614.49
7087535778,7.241308,80.211446,4117,117504.92,362700.0
617968149,7.250859,80.332131,4117,120838.98,359322.67
13811688265,7.23533,80.310239,4117,120109.56,363675.12
4929242043,7.251396,80.334998,4117,121040.39,359663.03
3851353586,7.282882,80.324716,4117,122929.07,354921.98
618027759,6.912061,79.850941,4117,122320.85,385975.05
1963939812,6.912229,79.851458,4117,122283.86,385914.74
618096975,6.898955,79.860342,4117,122199.32,386566.42
620382516,6.903211,79.858611,4117,122199.28,386252.23
618273393,6.879391,79.859822,4117,123031.7,389064.61
3617768739,6.886231,79.857802,4117,122781.86,388275.8
9565952986,6.878286,79.860185,4117,123056.12,389195.01
618514963,6.910428,79.887889,4117,121132.96,385014.19
10219043311,6.910736,79.887521,4117,121120.18,385005.42
618514969,6.908558,79.895302,4117,121315.33,385908.02
4692166486,6.908283,79.894681,4117,121312.75,385839.96
618528183,6.909148,79.896233,4117,121303.28,385929.1
2122125311,6.908625,79.89541,4117,121320.56,385921.9
618604210,8.030379,79.828958,4117,177309.7,353895.11
1400433848,8.030225,79.830792,4117,177352.6,353688.32
618605190,8.030444,79.853876,4117,178250.83,352687.41
4140943332,8.03039,79.853709,4117,178235.8,352668.02
619152165,6.903888,79.906778,4117,121546.68,387262.01
1429213457,6.905082,79.90564,4117,121497.22,387080.48
619152185,6.905983,79.904514,4117,121473.43,386924.95
1912464464,6.908093,79.899033,4117,121381.07,386270.49
619195381,6.881769,79.869884,4117,122401.25,388238.8
4011680781,6.881386,79.870062,4117,122421.23,388285.6
619195388,6.881768,79.869607,4117,122396.11,388225.45
4011682730,6.882212,79.869528,4117,122384.72,388175.38
619224223,6.940053,79.878341,4117,120185.12,380900.3
1863416593,6.940053,79.878213,4117,120190.6,380896.12
619224226,6.940168,79.878216,4117,120188.46,380883.45
1863416599,6.940167,79.878338,4117,120182.99,380887.72
12373680251,6.943379,79.878212,4117,120095.66,380528.12
619227137,6.93451,79.865816,4117,120925.69,382289.24
6407621053,6.934542,79.866125,4117,120894.36,382266.78
619883043,6.851684,80.032727,4117,122355.91,403866.76
619905141,7.066645,80.012222,4117,117360.89,376979.09
4790000816,7.06669,80.012246,4117,117358.7,376973.39
5565782276,6.847854,79.92572,4117,123425.07,394328.23
9924565830,6.9034,79.858553,4117,122193.06,386230.34
620384473,6.915994,79.84823,4117,122734.42,386182.63
7085654863,6.914604,79.848666,4117,122728.29,386343.75
620529017,7.091863,79.888446,4117,121956.11,362751.91
4152530090,6.956005,79.888214,4117,120086.7,379418.11
634172980,9.129259,80.446796,4117,274661.12,458320.5
1146591926,9.130006,80.446421,4117,274745.53,458412.83
6538140529,8.965121,80.525526,4117,254958.86,436913.15
6286620951,9.153593,80.649019,4117,297708.65,481702.92
635079773,6.901544,79.852912,4117,122619.76,386892.74
3822124809,6.903736,79.852196,4117,122577.89,386729.57
635111100,6.899256,79.860774,4117,122173.91,386497.49
3808874254,6.89762,79.860116,4117,122112.08,386646.48
635117662,6.911239,79.87744,4117,120715.34,384085.37
635164747,6.862331,79.863774,4117,123317.86,390655.09
7085690885,6.870752,79.862025,4117,123300.45,389951.05
910154883,6.8464,79.948503,4117,123166.93,396138.45
635166169,6.908445,79.893093,4117,121289.84,385646.3
4692166467,6.90851,79.894605,4117,121305.11,385814.94
635795993,6.906915,79.851103,4117,122638.07,386622.63
2925773146,6.91081,79.849845,4117,122463.27,386202.53
635855735,6.869787,79.888192,4117,122295.03,389438.08
3354661040,6.869953,79.887793,4117,122290.07,389390.39
635855755,6.869922,79.888322,4117,122298.12,389441.82
635857021,6.869824,79.888584,4117,122317.63,389472.71
635857018,6.869667,79.888532,4117,122319.47,389477.98
635857020,6.870101,79.887853,4117,122290.16,389386.29
4582456543,6.869178,79.890003,4117,122416.2,389644.95
637009411,7.091884,79.993957,4117,118844.33,372659.94
4068148608,7.09217,79.993046,4117,118856.99,372554.41
5315988825,7.091609,79.994694,4117,118833.47,372746.77
637763018,7.101328,79.910678,4117,120970.07,366393.24
638969238,7.101272,79.910364,4117,120952.45,366368.84
667529248,7.091707,79.968874,4117,119387.14,372491.59
639266144,7.291262,79.852548,4117,130357.19,338370.12
3658420115,7.272608,79.863907,4117,128907.28,340899.17
3658467162,7.34603,79.839899,4117,135024.34,340524.57
6006772899,6.845224,79.9298,4117,123587.58,394865.65
645126091,6.978232,79.927277,4117,119336.94,379262.47
3864419811,6.978281,79.927321,4117,119336.45,379269.72
651637344,7.084894,79.893417,4117,121205.41,363775.13
1278169498,7.084803,79.893217,4117,121208.79,363770.16
7291030424,7.088295,79.89897,4117,121144.21,364505.68
651637359,7.084746,79.893093,4117,121211.59,363775.83
1278086605,7.081248,79.891203,4117,121299.66,364008.22
651747031,6.771567,79.885428,4117,127979.35,401680.55
3448778695,6.77937,79.883128,4117,127505.42,400768.28
2339320507,6.727044,79.905358,4117,130401.82,407440.82
652378597,6.714115,79.907514,4117,130953.33,408860.85
2339365431,6.720854,79.907377,4117,130651.94,408112.39
652384089,6.788103,79.885169,4117,126797.47,399768.67
1425700952,6.787945,79.885116,4117,126807.09,399789.09
652533088,6.911002,79.8816,4117,120937.78,384541.16
3150421800,6.911237,79.877535,4117,120709.15,384089.67
658424660,7.034867,79.990667,4117,118610.35,381474.54
2028303947,7.02709,79.98083,4117,118964.84,381853.32
661806557,6.84948,79.865956,4117,123818.79,392100.88
1249801969,6.853096,79.865758,4117,123628.02,391700.09
662848124,6.909376,79.896134,4117,121298.42,385902.09
3574703794,6.909482,79.896765,4117,121316.67,385957.61
4817216282,6.903517,79.909655,4117,121557.0,387608.61
665214512,6.911433,79.849602,4117,122438.65,386146.5
665214513,6.91178,79.850089,4117,122387.72,386074.33
4515020730,6.914118,79.848739,4117,122702.6,386403.87
665240022,6.927458,79.849649,4117,122256.18,384580.12
255040405,6.931985,79.846809,4117,122147.19,383978.31
2339326612,6.726637,79.905283,4117,130369.08,407410.07
665685929,6.779757,79.883117,4117,127477.4,400728.48
1418994146,6.779806,79.88305,4117,127476.82,400721.85
6266463975,6.779609,79.883205,4117,127485.55,400740.45
665686664,6.944901,79.878404,4117,120050.36,380362.67
666881493,6.915967,79.848146,4117,122739.15,386189.12
4515020715,6.918737,79.847172,4117,122718.19,385864.34
667426156,7.12612,80.070626,4117,116488.52,380509.89
667536145,7.092109,79.970919,4117,119327.64,372260.51
3289420458,7.09278,79.989979,4117,118918.42,372104.56
678334663,6.897381,79.859768,4117,122135.81,386709.45
678334730,6.897593,79.859867,4117,122129.02,386683.54
678334679,6.897152,79.859956,4117,122120.65,386692.84
678335411,6.896744,79.859923,4117,122140.32,386738.28
678334696,6.897076,79.85977,4117,122129.8,386715.17
678334722,6.897461,79.860061,4117,122111.18,386656.49
678334735,6.897663,79.859903,4117,122126.68,386674.72
3742192393,6.892317,79.862299,4117,122306.23,387301.83
13425538963,6.896899,79.859847,4117,122140.28,386736.44
733573148,6.975626,79.924702,4117,119404.84,378866.96
6535741179,6.968467,79.910777,4117,119966.26,379962.66
843513352,7.091148,79.996304,4117,118793.28,372939.36
5315988823,7.091521,79.994835,4117,118833.54,372771.17
843513354,7.091076,79.998107,4117,118675.91,373138.69
3891382236,7.091094,79.997469,4117,118717.52,373068.14
847851002,9.65963,80.160805,4117,338600.5,526634.12
847869821,9.659073,80.163404,4117,338320.43,526340.43
847851217,9.671215,80.096949,4117,345172.47,533851.2
847851287,9.662308,80.081961,4117,344156.29,532485.43
4136824664,9.662059,80.081689,4117,344116.89,532444.85
4136868892,9.659153,80.163658,4117,338306.89,526311.15
849189814,9.681832,80.22115,4117,337688.05,524351.08
1141723502,9.581982,80.365816,4117,324597.75,511653.31
1148495443,9.677732,80.19639,4117,338030.78,524893.63
849238535,9.662778,80.062322,4117,346270.32,534657.49
1148494612,9.662078,80.081126,4117,344174.51,532503.87
2152817015,9.657759,80.025059,4117,350579.99,539073.4
849241788,9.660602,80.011652,4117,352070.1,540627.07
5445976497,9.664725,80.009716,4117,352581.26,541159.09
901009262,8.587338,81.215257,4117,235817.3,415856.71
4062727240,8.587106,81.215358,4117,235828.7,415868.17
901010009,8.350946,80.984571,4117,206587.88,376483.53
7071757658,8.149093,80.837363,4117,181474.79,348099.63
4336068793,8.366473,81.003044,4117,209214.31,379835.86
904233218,8.567524,81.231744,4117,238741.47,418798.63
1242787976,8.574707,81.226501,4117,237734.73,417789.59
904233239,7.885523,80.652077,4117,154654.88,311981.3
5202667325,7.928959,80.686857,4117,159912.68,318335.39
7599684152,7.885072,80.651668,4117,154601.99,311920.97
904233493,8.581219,81.18943,4117,233100.93,412529.05
6537569534,8.5817,81.189168,4117,233056.76,412467.04
7051044596,8.501356,81.191823,4117,232085.45,406744.81
904233581,7.493942,80.375225,4117,127798.47,326938.7
3064571973,7.492827,80.366841,4117,127306.71,328065.42
13682136255,6.841672,79.964346,4117,122642.92,397995.46
912268077,6.665621,80.431593,4117,138775.71,448030.99
4851065489,6.623671,80.542844,4117,145339.59,462540.56
1694691223,6.682145,80.409801,4117,137477.88,444828.03
937249756,7.281662,80.666144,4117,138719.24,347975.2
2382076784,7.281311,80.666321,4117,138753.98,348018.68
4177584096,7.281451,80.66643,4117,138749.06,348014.49
2382152045,7.2943,80.650003,4117,136885.88,345549.55
937250000,7.28157,80.670853,4117,139083.01,347810.19
2382076798,7.281408,80.666698,4117,138772.48,348044.73
2334261008,7.299184,80.73469,4117,144738.77,347853.49
970058024,5.945333,80.548819,4117,203503.23,542538.36
12328410054,5.944945,80.548892,4117,203544.01,542582.07
974346527,6.9066,81.558921,4117,223460.08,464855.2
1809828943,6.928808,81.359255,4117,199583.9,437953.82
6695208837,6.906732,81.559254,4117,223493.5,464894.9
1028522566,8.305399,80.448846,4117,191800.55,364456.2
1028522781,8.307717,80.47305,4117,191687.64,364179.2
1028522572,8.309835,80.42309,4117,190478.49,361184.47
1181921828,8.322901,80.416076,4117,189658.88,359474.37
3518418196,8.274289,80.49989,4117,188112.93,359435.49
1039403582,6.903355,79.910283,4117,121551.43,387694.49
3502106859,6.903301,79.907376,4117,121561.88,387354.57
1039412973,6.903319,79.910703,4117,121546.82,387728.63
1668906602,6.903328,79.910624,4117,121548.32,387724.42
1039421894,6.903384,79.910634,4117,121548.79,387718.11
1637717826,6.338512,80.02898,4117,159627.25,454171.28
3351203885,6.746419,81.193478,4117,189703.36,461523.89
1138324553,6.585421,79.960575,4117,140371.21,424510.32
1138325594,6.578664,79.962626,4117,140869.5,425293.18
1667080259,6.594047,79.959085,4117,139686.76,423525.27
7103760769,6.608372,79.952666,4117,138463.85,421770.52
10130181943,6.577606,79.963012,4117,140947.17,425418.19
1614298412,6.43034,79.999534,4117,151711.32,442812.82
1139248145,5.993739,80.307603,4117,190197.16,511011.4
7094563039,5.993724,80.307724,4117,190203.65,511024.96
1674485421,6.028388,80.243207,4117,185158.61,501957.17
1642975181,9.438046,80.407626,4117,307109.43,493242.92
2835617079,8.335098,80.410863,4117,189684.8,359003.77
1147026886,7.65624,81.740901,4117,253338.17,403391.78
1880354575,7.517431,81.787151,4117,261536.52,420881.54
1883639101,7.661943,81.740424,4117,253000.38,402754.02
1147030351,7.672213,81.733975,4117,252249.27,401407.91
2145571047,6.938233,80.993915,4117,176418.16,430445.91
4136824665,9.662098,80.081465,4117,344144.46,532473.19
1862815989,6.918239,80.098665,4117,120150.13,404033.79
1181395615,5.974402,80.435461,4117,196508.15,526914.47
3279700855,5.974232,80.438144,4117,196758.16,527210.3
1397099240,5.973791,80.432812,4117,196372.52,526610.34
1401472757,8.324067,80.414093,4117,189536.64,359220.71
3215382447,6.989024,80.494261,4117,136275.33,390907.25
11765244590,6.726109,80.033887,4117,127801.72,415149.01
1231840374,5.99928,80.519579,4117,202426.79,541293.85
1812292194,6.009469,80.517544,4117,201237.81,540039.77
3621305202,5.997291,80.519229,4117,202639.36,541519.04
1231840774,5.958534,80.529994,4117,203483.49,542122.63
12625589426,5.970849,80.520457,4117,204417.08,544029.74
1231840785,5.957476,80.530865,4117,203337.95,541970.86
1235750064,6.910483,79.888007,4117,121123.77,385013.52
1235750071,6.910872,79.887489,4117,121108.82,384983.4
1428448780,6.910735,79.887772,4117,121101.52,384977.62
1235814824,8.366649,81.003282,4117,209240.69,379868.58
2094947243,8.448462,81.057976,4117,218443.38,390839.85
1239435066,7.619476,80.246502,4117,137334.33,311360.47
2902101196,7.619627,80.246228,4117,137320.55,311328.22
1247060927,7.615686,80.249159,4117,137543.29,311872.54
1239435069,7.619892,80.24593,4117,137327.87,311281.86
2186928769,7.620061,80.245849,4117,137342.85,311261.14
1239436241,7.55189,80.302431,4117,133866.81,321116.43
1239436268,7.582436,80.280332,4117,135223.63,316921.92
3066364711,7.522634,80.32963,4117,130982.7,325549.14
1239489670,7.335148,80.300249,4117,121673.9,347597.89
3174892783,7.335389,80.300183,4117,121673.06,347569.61
1239489675,7.334825,80.300324,4117,121683.6,347619.96
5319762817,7.334169,80.300157,4117,121710.43,347695.06
1239489695,7.335151,80.300395,4117,121687.34,347583.01
1239489717,7.335436,80.300262,4117,121677.44,347559.37
1239568660,7.656036,80.221169,4117,140968.05,306378.49
6511383104,7.655731,80.221035,4117,140939.53,306415.83
1239651798,7.821804,80.249958,4117,153086.4,305597.03
1239725256,7.920857,80.239384,4117,160085.68,317052.49
2638058713,7.993992,80.269467,4117,164385.83,316677.07
1241520208,8.000537,80.924476,4117,188343.28,345965.8
2285202897,8.039304,80.905625,4117,185333.94,348329.87
1241527366,7.920714,81.042118,4117,197754.05,349934.5
9322671515,7.920974,81.041846,4117,197734.45,349976.04
2304485540,7.905759,81.12581,4117,202394.03,348924.86
1241527372,7.932301,81.031736,4117,196936.05,349048.25
9394230354,7.935456,81.02738,4117,196628.21,349693.05
1242694031,8.587214,81.206514,4117,234828.64,414838.96
4139418521,8.587268,81.206204,4117,234797.47,414804.22
4139420762,8.587347,81.214732,4117,235754.28,415792.15
1242695993,8.606612,81.178688,4117,234139.95,413813.82
3805434522,8.587504,81.206283,4117,234819.32,414832.9
1242700513,8.613748,81.174342,4117,234856.16,414773.32
1242703950,8.617962,81.162739,4117,235983.46,416253.74
2093935801,8.59926,80.923129,4117,230973.37,410360.91
1242715443,8.564315,81.159946,4117,230610.78,408639.15
1242786013,8.500273,81.094674,4117,223312.51,397869.91
1242795111,8.577276,81.224688,4117,237378.17,417430.67
1242795099,8.580088,81.223504,4117,237038.39,417089.7
13929460688,8.580258,81.223398,4117,237016.37,417067.59
1242795139,8.58174,81.222097,4117,236799.66,416848.9
4139440649,8.580579,81.223168,4117,236972.42,417023.31
1245043305,9.632342,80.148381,4117,336289.84,524291.13
4136824661,9.661908,80.081922,4117,344086.98,532413.42
4137314888,9.504385,80.212027,4117,318970.02,506036.7
3774582589,6.849483,79.866038,4117,123811.67,392097.49
1249855906,6.809861,79.883026,4117,125611.37,397111.53
1268335758,7.2055,79.851271,4117,126261.51,349370.2
2155584783,7.20088,79.853413,4117,126357.0,349933.24
1269994723,7.192592,79.857141,4117,126337.36,350946.91
4087054265,7.198369,79.854536,4117,126413.79,350246.13
1274137040,6.911226,79.849672,4117,122451.03,386170.64
1278003886,6.79743,79.888472,4117,126078.27,398667.02
1278003887,6.788162,79.885018,4117,126800.43,399763.5
2361900638,6.795038,79.887774,4117,126278.67,398944.06
1278079600,6.911644,79.864386,4117,121509.53,384963.97
3164356590,6.911851,79.864441,4117,121498.99,384938.01
1280044911,6.911745,79.858662,4117,121917.7,385448.93
1278079633,6.911618,79.864403,4117,121510.2,384967.44
1278079635,6.912019,79.858136,4117,121882.14,385364.28
1278086414,7.081734,79.890889,4117,121356.73,363927.34
2507098828,7.081829,79.890908,4117,121365.48,363916.55
2155580115,7.080854,79.890786,4117,121310.93,364022.43
1307336317,6.911737,79.858184,4117,121890.89,385396.09
1280044917,6.911836,79.857678,4117,121909.67,385403.24
6524681177,6.911894,79.856566,4117,121969.51,385526.38
1280869010,6.932483,79.846142,4117,122114.79,383902.32
665241266,6.93259,79.845966,4117,122108.69,383879.53
1280869013,6.932894,79.846176,4117,122096.49,383838.57
1282529649,5.988533,80.323848,4117,191117.69,512918.31
5352929666,5.988445,80.324,4117,191126.85,512937.71
6277534245,6.911678,79.858155,4117,121894.56,385403.62
1307348559,6.911089,79.881758,4117,120941.85,384549.19
2131864641,6.911075,79.882049,4117,120956.65,384581.31
1331893829,6.971267,80.76704,4117,162527.87,415257.65
3820002302,6.971699,80.766844,4117,162537.63,415204.99
3815809876,6.967776,80.767569,4117,162423.61,415649.85
2035811614,6.97174,80.766972,4117,162541.13,415218.05
1428650220,6.097527,80.884747,4117,198168.52,549929.46
1346379037,6.911666,79.858014,4117,121908.31,385419.82
1364655117,5.962978,80.409663,4117,195784.81,523303.6
1640240442,5.964984,80.391081,4117,194907.2,521027.72
1397140981,5.963262,80.409749,4117,195795.08,523337.0
3935855296,5.968791,80.422123,4117,196082.64,525050.41
1397147766,5.968495,80.41586,4117,195991.38,524286.57
3935855297,5.968838,80.42193,4117,196075.8,525028.4
5169879074,8.030183,79.831097,4117,177363.21,353663.36
1400433849,8.030226,79.831487,4117,177394.77,353676.86
5169879054,8.030122,79.831224,4117,177366.92,353645.66
1400433850,8.030731,79.853453,4117,178228.38,352700.77
4140943341,8.030545,79.853809,4117,178243.21,352685.79
1401456407,8.307447,80.326105,4117,192153.99,357932.18
1401456461,8.326774,80.359768,4117,190318.85,357286.39
2093612570,8.283674,80.262399,4117,188296.27,350229.55
7185588314,8.327259,80.360514,4117,190230.14,357194.46
1401472808,8.324204,80.413878,4117,189516.13,359178.12
12118609956,8.326451,80.410708,4117,189309.96,358749.43
1401472937,8.326696,80.410245,4117,189280.09,358687.18
12118609958,8.326964,80.409969,4117,189259.79,358644.81
1401472941,8.326696,80.410515,4117,189294.47,358716.4
1401473045,8.328676,80.407405,4117,189117.45,358328.76
11743149450,8.328839,80.407292,4117,189137.4,358350.69
1401473049,8.328671,80.407688,4117,189119.85,358346.95
11572133444,8.328419,80.407902,4117,189126.06,358365.93
1401473103,8.331535,80.402769,4117,188911.38,357750.86
1401473132,8.331875,80.402882,4117,188928.74,357790.48
13567087001,8.321369,80.395134,4117,188482.62,356336.73
1425700953,6.788,79.884953,4117,126811.03,399785.25
1420351659,6.442182,79.992523,4117,151015.16,441289.24
1420351935,6.45895,79.986996,4117,149986.16,439128.53
2083533106,6.476741,79.982948,4117,148998.97,437078.54
3448778696,6.78036,79.883414,4117,127424.09,400654.23
1427371818,7.2051,80.174078,4117,117263.14,368716.63
1427371952,7.224032,80.194524,4117,117230.55,365583.44
3699494976,6.110028,80.931975,4117,198862.16,550546.66
1428665347,6.213844,80.944329,4117,186459.5,534114.44
1985676796,6.253384,80.913274,4117,182423.75,528522.97
3699457435,6.199152,80.945129,4117,187764.03,535812.12
6947814997,6.905157,79.90555,4117,121495.85,387072.46
1429213459,6.908504,79.898645,4117,121362.54,386193.56
1446610177,6.714477,79.98904,4117,129636.31,412741.31
2079215806,6.706804,79.937219,4117,132765.65,412542.43
1453000665,9.314066,80.697783,4117,313196.95,499454.26
4136994000,9.313861,80.696709,4117,313308.25,499574.57
1453000766,9.316223,80.70596,4117,312337.32,498524.87
5217538839,9.262575,80.811265,4117,300109.23,485617.22
1457319623,9.223624,80.788888,4117,295235.51,479570.77
6281782186,9.23207,80.805216,4117,296927.61,481675.77
3679319579,9.154131,80.650038,4117,297834.1,481830.4
3849049823,7.081037,79.890751,4117,121316.67,364005.62
1475786189,6.972209,79.885857,4117,120255.25,376987.91
4693290695,7.266298,79.860404,4117,128577.48,341753.48
1506183874,6.032912,80.214919,4117,183680.85,498315.47
3377393479,6.032655,80.216678,4117,183712.76,498514.94
1535398426,7.500049,80.348554,4117,128570.15,328809.99
3064572227,7.490034,80.359705,4117,127399.51,329084.98
3066364582,7.517814,80.333711,4117,130465.44,326246.92
1535398451,7.476914,80.376832,4117,127553.12,329162.39
4067964375,7.478357,80.374147,4117,127330.91,328825.46
4067967894,7.47377,80.390458,4117,128614.45,330881.31
1541715354,7.715317,81.6983,4117,247105.51,394453.11
2382030363,7.717926,81.698891,4117,246826.26,394169.95
1545169133,7.250719,81.854407,4117,261253.98,452985.03
3316015809,7.331085,81.846953,4117,259131.7,443700.34
3302172264,7.233337,81.851665,4117,261769.55,454946.73
1571011417,7.092734,79.990235,4117,118907.19,372086.42
1599036622,5.966833,80.453116,4117,197644.26,529020.27
3279700971,5.973749,80.439039,4117,196803.38,527266.73
6542960916,5.963722,80.456251,4117,197889.81,529528.7
1617989288,6.278414,80.040258,4117,164249.58,461466.6
1779605042,6.313753,80.035123,4117,161694.94,457218.92
1636603514,6.037926,80.250808,4117,185499.39,502845.34
6492863077,6.037818,80.250401,4117,185474.36,502799.37
3365313019,5.965078,80.390989,4117,194900.46,521013.03
7042347620,9.43655,80.407655,4117,306957.69,493077.38
1650097492,5.944643,80.550332,4117,203692.03,542746.11
4885745120,5.944602,80.549931,4117,203659.51,542713.92
1692793167,7.867437,80.650707,4117,154106.72,311129.59
1651774095,7.864842,80.644226,4117,153180.49,309314.31
6218784870,7.865998,80.645042,4117,153275.59,309470.84
7103753926,6.608252,79.952671,4117,138470.68,421781.34
3081634069,6.029552,80.241845,4117,184983.25,501759.14
1674509938,5.966015,80.382544,4117,194455.25,520044.42
10575124012,5.965588,80.383516,4117,194508.23,520160.86
1675667180,7.729732,81.677396,4117,244289.19,391331.93
1899261664,7.72851,81.684132,4117,244971.43,392098.51
13743364556,7.784987,81.591193,4117,233956.22,379715.09
1676479570,6.87863,79.871646,4117,122211.15,388105.96
6277491043,6.87853,79.872032,4117,122171.33,388061.88
1681115626,7.727309,81.685646,4117,245163.92,392313.98
6495299632,7.727096,81.685881,4117,245195.42,392349.19
1683151514,6.875491,79.86094,4117,123039.44,389413.53
1683151517,6.875558,79.860917,4117,123046.33,389420.98
1683151516,6.875518,79.861028,4117,123031.22,389403.35
7085684184,6.870771,79.862101,4117,123293.37,389942.33
9565952987,6.878261,79.860119,4117,123057.52,389194.12
1684344771,7.292199,81.672288,4117,243084.02,443684.89
1684401699,7.2937,81.672183,4117,243055.03,443518.48
2082247583,7.291275,81.672436,4117,243102.51,443788.75
1684401661,7.296468,81.672021,4117,242990.0,443211.79
2082247570,7.301417,81.670538,4117,242864.65,442636.93
1684534472,7.292694,81.685559,4117,243450.64,445267.98
11715824051,7.292155,81.683168,4117,243390.03,444997.36
1684534495,7.291701,81.680485,4117,243321.89,444696.4
2082247577,7.291167,81.678364,4117,243265.08,444454.83
1684534497,7.292505,81.687057,4117,243492.23,445446.58
1685409301,7.265409,81.695605,4117,244508.89,448752.6
11715824039,7.292599,81.68699,4117,243488.84,445433.23
1684534499,7.29405,81.692658,4117,243780.81,445582.69
1792802761,7.331081,81.742322,4117,249455.29,450548.66
11715824054,7.292723,81.68743,4117,243522.43,445470.54
1684534503,7.291838,81.68189,4117,243356.68,444851.89
1691633509,7.291813,81.681757,4117,243353.64,444837.56
1684534515,7.292745,81.687055,4117,243492.23,445434.28
13876145708,7.292634,81.687058,4117,243495.95,445446.63
11715824040,7.292754,81.687002,4117,243490.54,445428.39
1685409092,7.246158,81.707646,4117,245240.32,451477.76
1979513531,7.252061,81.707928,4117,245133.53,450790.95
13901998344,7.235268,81.702585,4117,245446.81,453120.86
1685488386,7.227841,81.67304,4117,245361.08,455791.86
1877385011,7.129221,81.570395,4117,235640.78,474567.48
1685598193,8.53363,80.496038,4117,210040.51,386829.5
1981159934,8.553426,80.485874,4117,212232.97,389299.72
1732790481,8.45629,80.511031,4117,202051.44,377599.35
1685802576,8.444256,81.263606,4117,239098.29,404948.58
7051044595,8.50115,81.191811,4117,232084.25,406722.01
13914032191,8.444239,81.263759,4117,239110.72,404965.52
1685803214,8.325564,81.300808,4117,233387.44,393622.73
9394245013,8.325665,81.300641,4117,233386.77,393644.33
3377492839,8.315799,81.319513,4117,234605.09,394505.3
4911274821,7.871942,80.650991,4117,153923.58,310807.85
1694691156,6.682203,80.401018,4117,136937.02,443676.24
5300884107,6.680458,80.402248,4117,137058.76,443912.3
1694695673,6.680277,80.407319,4117,137309.62,444470.07
5299485480,6.679506,80.405227,4117,137224.39,444265.09
1708349295,6.648372,80.701215,4117,154943.55,473473.71
1828234049,6.6505,80.699166,4117,155068.14,473122.91
1708349377,6.647736,80.701263,4117,154939.76,473544.58
1708349356,6.653354,80.698245,4117,155199.02,472750.34
4891891444,6.653286,80.698218,4117,155196.16,472758.46
1708362766,6.653654,80.69835,4117,155211.12,472715.16
1708349359,6.653106,80.698135,4117,155188.46,472780.35
1828217445,6.652302,80.697902,4117,155155.43,472874.3
1708349370,6.647187,80.701398,4117,154927.66,473610.7
4891891342,6.647404,80.701284,4117,154931.0,473584.23
4851094548,6.606276,80.611103,4117,149426.05,470843.93
6228139618,6.647556,80.701338,4117,154932.06,473566.21
1708362825,6.656089,80.699264,4117,155315.42,472419.43
2077442148,6.668529,80.716475,4117,156370.23,469125.93
1709997728,6.719646,80.785679,4117,165689.97,481795.66
1709997745,6.719666,80.785883,4117,165700.69,481771.63
1712467077,6.76694,80.84677,4117,168596.47,470483.1
1720491739,6.760291,81.247046,4117,191992.41,455348.88
2401225758,6.80775,81.294509,4117,194033.83,447347.36
1720902666,6.202636,81.196581,4117,208639.59,533363.72
1722823167,6.807354,81.297848,4117,194411.97,447760.73
1809805397,6.854211,81.338475,4117,196921.96,444179.27
1723290054,6.410874,80.796384,4117,167239.31,505490.34
3145257097,6.410731,80.796574,4117,167255.05,505516.63
4045295806,6.48045,80.702287,4117,159370.85,490167.11
1723700615,6.715236,80.385173,4117,136614.19,438790.85
1750944667,6.705758,80.38514,4117,136705.92,440024.69
3937818079,6.7155,80.384866,4117,136617.36,438761.55
1725053695,7.09031,81.825266,4117,269875.7,473771.54
2231309667,7.216594,81.852179,4117,261440.84,456951.52
4067142493,6.878183,81.828979,4117,253446.95,498336.43
1725061738,7.922938,81.513765,4117,233707.91,372155.91
3899387299,7.916053,81.520739,4117,234009.18,373242.26
6685478667,7.945233,81.506743,4117,232934.84,373577.36
1725061816,7.946047,81.52176,4117,234373.59,375237.54
9567743870,7.945347,81.507254,4117,232985.94,373636.37
1725061828,7.946596,81.522271,4117,234452.08,375328.05
3813344287,7.4243,80.616627,4117,145077.1,326406.39
1728748120,8.75425,80.49812,4117,232159.96,412267.32
3753591917,8.754674,80.498351,4117,232208.07,412320.74
1728748206,8.756067,80.501216,4117,232486.67,412678.08
5156577888,8.640862,80.669765,4117,233655.85,414795.54
3753591216,8.758955,80.500266,4117,232677.37,412889.23
1728838958,8.761376,80.498631,4117,232910.89,413147.77
7085505934,8.761249,80.498768,4117,232892.31,413127.2
6538140524,8.964809,80.525455,4117,254925.85,436877.7
1728838995,8.761218,80.498069,4117,232958.9,413196.78
1729992697,8.762965,80.489135,4117,233649.73,413876.16
6661265112,8.762077,80.459344,4117,236847.76,417165.88
12620876473,8.027838,79.8298,4117,177268.34,354220.68
1731470200,8.025942,79.847014,4117,177457.2,351801.11
4140985755,8.025912,79.847188,4117,177457.3,351781.72
4140985756,8.029848,79.831418,4117,177369.72,353607.07
3649870415,7.628532,79.822589,4117,152111.01,345330.61
1732626393,8.868216,80.01523,4117,253261.06,431048.88
1732626412,8.834387,80.050819,4117,247653.96,424983.01
6250328435,8.936618,79.923736,4117,260056.57,434806.56
1971685346,8.77194,80.152282,4117,248223.6,426053.98
1732642149,8.749919,80.183496,4117,247482.62,425774.37
2085159352,8.622586,80.340686,4117,229281.76,407665.4
1732649294,8.6122,80.360345,4117,227103.47,405165.0
1981159938,8.553615,80.485246,4117,212307.43,389379.27
1886079221,8.441616,80.506476,4117,200599.88,375894.83
1735981103,9.436373,80.407658,4117,306939.83,493057.79
7042347624,9.436367,80.40793,4117,306968.45,493087.34
7042347632,9.436304,80.407659,4117,306932.87,493050.13
1737618827,6.623221,80.543197,4117,145367.27,462605.77
4851072866,6.623388,80.543115,4117,145355.09,462584.46
1740742111,8.550102,80.832647,4117,221038.8,398577.89
5576657112,8.549289,80.831806,4117,220943.17,398448.81
3492721845,8.625369,80.701488,4117,230812.95,411622.54
1744448774,6.255775,81.227061,4117,205718.36,526020.94
13689191650,6.297848,81.236812,4117,202573.43,521708.39
1745895523,5.928286,80.589433,4117,206600.53,548209.23
1813587322,5.962138,80.655974,4117,206832.68,558086.2
1750869639,6.534034,80.593143,4117,152758.39,475471.59
1780055690,6.475484,80.609966,4117,162942.08,487802.61
1751015081,6.572153,80.573789,4117,148932.4,469985.49
3937837967,6.705506,80.384932,4117,136706.78,440060.86
2152800360,6.582981,80.573333,4117,148005.8,468689.21
1751020481,6.717905,80.383656,4117,136571.12,438442.66
3937818139,6.716033,80.384906,4117,136602.62,438696.73
2149942832,6.744869,80.379086,4117,135759.75,434864.39
1780055679,6.475205,80.609676,4117,162973.66,487847.05
2017404189,6.438615,80.635538,4117,173611.44,505430.65
1783942571,7.340242,80.994761,4117,169436.02,364127.07
4814119812,7.340226,80.994503,4117,169413.34,364105.86
1783942945,7.359782,81.057806,4117,174572.69,369822.39
10130033784,7.3852,81.073918,4117,176414.5,366495.41
1783974992,7.383205,81.228194,4117,185883.13,384313.6
10016226413,7.383154,81.228134,4117,185876.26,384305.39
10016226406,7.383448,81.228424,4117,185906.98,384341.17
1791337297,6.854541,81.338323,4117,196929.18,444138.37
1979375863,6.889912,81.298339,4117,195724.17,437279.84
1945675344,6.854383,81.338564,4117,196929.71,444171.02
2902881148,7.365151,81.789023,4117,254531.09,444688.09
1792802797,7.370189,81.812141,4117,256131.82,441528.63
1792802798,7.362136,81.803981,4117,255271.35,442989.07
3316122472,7.376874,81.838561,4117,257006.7,438506.06
12761661747,7.362027,81.803669,4117,255250.08,443025.53
1795321756,6.707858,79.908386,4117,131405.44,409571.51
4663255502,6.710489,79.907456,4117,131182.1,409262.54
1795321763,6.704554,79.909547,4117,131685.92,409959.74
1795321908,6.701964,79.91078,4117,131865.8,410277.45
1795321973,6.687568,79.918331,4117,132910.3,412097.33
2340037600,6.691257,79.916587,4117,132580.16,411645.78
1795322023,6.697772,79.913135,4117,132078.05,410824.84
2079240023,6.69857,79.912881,4117,132047.91,410732.23
1795322086,6.694238,79.91472,4117,132296.0,411256.59
2347147693,6.694366,79.914677,4117,132285.12,411241.67
2079537942,6.743879,80.176735,4117,127051.25,425776.53
1796922874,6.738416,80.183735,4117,127524.32,426807.03
5264919265,6.73982,80.273725,4117,129075.92,430011.29
1797964180,6.953222,80.212372,4117,119101.33,403832.27
1803663804,6.953947,80.211186,4117,119148.4,403986.76
3491135824,6.953077,80.212563,4117,119096.33,403805.7
1797964206,6.954101,80.210447,4117,119173.29,404070.67
2141873197,6.933472,80.188013,4117,120264.83,407912.87
1807810047,7.784909,81.590777,4117,233925.93,379716.67
4959610635,7.54591,81.377528,4117,204782.43,386194.14
1809637851,7.324836,80.625802,4117,135936.89,339671.52
3804182781,7.325249,80.626158,4117,135966.41,339611.11
1809637872,7.324708,80.6257,4117,135928.2,339689.59
1809805271,6.347619,81.19641,4117,197340.77,514267.23
2404061091,6.361169,81.181062,4117,195542.26,511910.04
3674901134,6.346344,81.197787,4117,197508.47,514486.29
1809805500,6.871946,81.350079,4117,198058.5,443733.67
2418603897,6.872643,81.350514,4117,198074.33,443642.9
3622789896,6.924593,81.353348,4117,198846.16,437139.31
3279650334,5.964576,80.691641,4117,206560.58,562417.45
1818583225,6.110028,80.932039,4117,198862.45,550547.28
1985676681,6.113641,80.991506,4117,196488.27,547346.78
1822627568,6.577584,79.962858,4117,140946.73,425415.67
4891890160,6.652203,80.697964,4117,155150.88,472887.27
1830490073,7.163024,80.572852,4117,137590.77,362733.61
5273425373,7.166652,80.572612,4117,137393.09,362160.28
4142250033,7.161858,80.573537,4117,137723.86,362883.11
1834981477,7.068186,80.685793,4117,155362.58,390365.14
3254670926,7.057647,80.697677,4117,156177.1,393022.72
1840750860,6.991134,79.939418,4117,119387.92,379174.33
2966142458,7.001698,79.950867,4117,118763.36,377301.04
1841475983,6.028264,80.794777,4117,202914.43,557487.03
3960797183,6.028473,80.794716,4117,202900.84,557475.89
1847947584,7.272492,79.86393,4117,128897.38,340912.14
13625281401,7.256584,80.588816,4117,132710.95,350294.55
1856812802,7.292759,80.240513,4117,119875.26,355628.49
6209749472,7.294033,80.240591,4117,119945.07,355486.19
2083007739,7.292576,80.240484,4117,119873.18,355649.19
1862815981,6.91836,80.098745,4117,120156.04,404049.82
1863416592,6.935144,79.871651,4117,120832.22,381852.67
3307476616,6.934287,79.866089,4117,120895.25,382295.26
1863416596,6.935226,79.871649,4117,120830.64,381843.57
1863456297,6.934954,79.853766,4117,121716.94,383058.54
3073676023,6.93425,79.855372,4117,121756.16,383253.47
3693930754,7.032961,81.531789,4117,225618.99,462886.05
1879056247,7.415278,81.825623,4117,255688.16,433907.69
2661675127,7.41524,81.82565,4117,255689.88,433912.8
2661675134,7.417336,81.824132,4117,255714.4,433626.7
1879056356,7.412768,81.827195,4117,255732.32,434235.97
3320202231,7.413287,81.826936,4117,255718.41,434171.38
3316122451,7.377188,81.838799,4117,256993.56,438458.47
1880354577,7.513959,81.787992,4117,261702.16,421306.68
1880414150,8.392376,81.293424,4117,240506.65,402695.69
7100451968,8.444031,81.263778,4117,239115.89,404974.59
9428150314,8.325792,81.300485,4117,233396.71,393666.58
1880627764,8.358256,80.510904,4117,194873.8,368988.76
8032417732,8.358374,80.511421,4117,194926.06,369047.25
2833604332,8.357516,80.498402,4117,195068.77,369156.17
1880627813,8.356627,80.510664,4117,194838.26,368806.35
8032417735,8.358223,80.511799,4117,194973.81,369098.6
3518417590,8.274489,80.500223,4117,188122.16,359446.71
1880627815,8.359727,80.511454,4117,195026.15,369164.55
2093935800,8.427131,80.503054,4117,200902.85,376428.2
8032417734,8.358694,80.511679,4117,194970.67,369099.46
1881982667,8.640586,80.670344,4117,233696.98,414848.37
5156577885,8.640793,80.669908,4117,233654.22,414795.22
7262802916,7.672174,81.733926,4117,252246.68,401405.8
13749558430,8.441418,80.506412,4117,200584.74,375879.24
1886079226,8.441316,80.506007,4117,200566.88,375833.26
13749558417,8.441434,80.506172,4117,200580.67,375855.64
1886464452,8.988136,80.045271,4117,267357.4,446306.72
2093613917,9.188831,80.126553,4117,290566.4,472217.82
2079870063,8.950267,79.967208,4117,264769.79,441015.12
1889362399,7.534486,79.820799,4117,144556.24,337958.78
3649878436,7.576103,79.79597,4117,147421.54,338489.72
1889362430,7.48305,79.826104,4117,140163.85,331913.96
2842889275,7.470303,79.828588,4117,139951.72,333504.21
1895649423,7.87676,81.540931,4117,235412.79,372554.62
2565428392,7.907992,81.533974,4117,234485.67,372320.8
1895831908,7.785172,81.590952,4117,233941.79,379681.52
4212767857,7.785088,81.591057,4117,233946.02,379696.35
1908190206,6.932346,79.84639,4117,122126.38,383933.73
3354483657,6.909218,79.896822,4117,121325.81,385995.21
3664895152,6.960526,79.880814,4117,120284.61,378426.87
1945604950,6.983712,81.067087,4117,180810.33,418126.15
1945605121,6.931346,81.140519,4117,187907.69,432805.09
3298069926,6.984695,81.060421,4117,180004.92,417228.51
13872342556,6.935743,81.160121,4117,189529.46,436145.57
1945644699,6.935622,81.160214,4117,189537.49,436162.44
3527283166,6.939648,81.175411,4117,191551.24,438737.99
1971623281,8.354531,80.442824,4117,191977.28,364061.3
2833604333,8.357516,80.497407,4117,195064.5,369044.72
5055655471,8.355966,80.41827,4117,190815.6,361290.75
1974694446,7.339325,80.989904,4117,169218.96,364447.87
1974698432,7.339047,80.989121,4117,169199.87,364539.59
3822754793,7.340105,80.992316,4117,169280.08,364167.43
1974698353,7.340295,80.994505,4117,169412.77,364098.21
1974698416,7.338587,80.987855,4117,169163.81,364688.31
10065277058,7.336853,80.98323,4117,169124.66,365233.98
1976110894,7.780831,80.104778,4117,154032.82,311784.95
13700965134,7.750383,80.115651,4117,150728.65,308153.48
4913504514,7.80839,80.076525,4117,157841.16,316370.14
1979346418,7.160784,81.225431,4117,188510.73,403536.86
2401185742,7.200778,81.238209,4117,192114.62,405549.16
2398925514,7.155367,81.224055,4117,188759.97,404159.2
6685173555,6.890054,81.296219,4117,195690.6,437515.42
1979513536,7.2279,81.673236,4117,245374.11,455790.52
1980552009,7.349207,80.615292,4117,137964.17,336637.02
1980566512,7.234683,80.262506,4117,119024.17,363414.84
1980566518,7.234707,80.262604,4117,119026.4,363426.06
13811688268,7.235412,80.310051,4117,120110.99,363697.73
1981147403,7.88513,80.651621,4117,154598.69,311914.45
7927509189,7.941783,80.630079,4117,159543.92,318656.71
1981147409,8.042247,80.596123,4117,166812.13,330651.87
3518425514,8.040939,80.59708,4117,166667.48,330472.52
4137378450,8.553629,80.485686,4117,212260.15,389330.19
4137378456,8.55373,80.485606,4117,212273.61,389345.25
1981159944,8.554117,80.485521,4117,212313.95,389389.38
4137378462,8.553841,80.485692,4117,212283.63,389356.19
7085697362,8.750756,80.496927,4117,231847.53,411858.5
1981183266,8.76103,80.49901,4117,232859.79,413091.18
2407760102,8.7598,80.499946,4117,232705.19,412918.97
2835617074,8.335051,80.410957,4117,189693.6,359017.25
4838849617,6.12262,81.023863,4117,198957.77,551229.68
3147021776,6.332653,80.855506,4117,173313.92,516973.12
1986887586,6.122629,81.025116,4117,199044.71,551368.35
8726439508,6.120491,81.06636,4117,201665.1,552919.05
1990178209,8.276143,80.240149,4117,190683.45,352832.13
2093612506,8.238706,80.144478,4117,189028.93,346718.8
2001999485,7.531156,81.356083,4117,202314.02,383274.09
2011981296,6.955391,81.031488,4117,177219.22,422580.95
5190957525,6.95633,81.031993,4117,177270.27,422462.07
10166776387,6.929274,81.041589,4117,177673.52,426219.15
2015265415,7.072766,80.269546,4117,120804.68,385353.36
6509327434,7.072886,80.269222,4117,120773.4,385331.78
3514826047,7.082731,80.302407,4117,124743.52,389719.06
2015265450,7.023275,80.261278,4117,119923.44,391694.9
2021573972,7.010036,80.262042,4117,120037.41,393305.33
3217150039,7.023536,80.261333,4117,119921.71,391664.5
4267522204,6.336958,80.558938,4117,191600.66,538033.83
2087260972,6.971279,80.265238,4117,119961.89,397658.22
2024988651,7.49489,80.378206,4117,128018.19,326590.36
3172043469,7.494048,80.376017,4117,127854.41,326850.07
2025020177,7.547868,80.449803,4117,134430.67,316284.01
2093606919,7.561399,80.459032,4117,135327.76,314472.04
2552014491,6.820274,80.985056,4117,173744.42,446095.33
2026114935,6.90493,80.911799,4117,172392.31,440850.98
2028303897,7.027139,79.980774,4117,118964.25,381848.17
4787694002,7.034923,79.990603,4117,118610.47,381468.38
3600553588,7.011667,79.966702,4117,119198.19,379468.48
2034206073,6.887752,79.86445,4117,122295.65,387567.12
3820002325,6.971772,80.766795,4117,162539.27,415194.97
3820002304,6.971869,80.766859,4117,162545.8,415194.07
2051320917,7.984959,80.720659,4117,164834.59,325569.99
2732633603,7.929433,80.687194,4117,159964.91,318399.6
4397554917,8.039794,80.755382,4117,168954.18,332847.12
2055564960,7.351645,80.95028,4117,167653.21,362774.39
10065277052,7.336808,80.983044,4117,169123.13,365255.11
3203303832,7.278725,80.81007,4117,156627.83,365197.21
2057045370,6.990817,81.054316,4117,179208.19,416744.94
8736765754,6.989844,81.056922,4117,179292.22,416433.35
2057046125,6.988799,81.049137,4117,179020.67,417426.75
2155634710,7.219375,79.845358,4117,126841.23,347699.86
2066330708,6.911317,79.877443,4117,120711.88,384076.74
3150421787,6.911316,79.877536,4117,120705.71,384080.96
7030921398,6.839461,79.976469,4117,123533.61,399411.29
2068162900,6.839581,79.976085,4117,123508.36,399374.09
7030921386,6.839592,79.976403,4117,123529.2,399409.28
2074229848,7.267664,80.576232,4117,132247.75,351454.59
2907684935,7.267536,80.575924,4117,132248.25,351491.42
2078328569,7.265438,80.584078,4117,132215.69,350397.24
2078322240,7.294086,80.649867,4117,136867.81,345538.84
13676334893,7.290996,80.647158,4117,136732.74,346001.47
8605932100,7.294224,80.649976,4117,136879.97,345544.9
2910325921,7.2643,80.586744,4117,132255.79,350066.0
2078972805,7.721618,81.702846,4117,247355.89,394755.35
2078949382,7.720376,81.701205,4117,247148.25,394527.08
2079053667,7.714294,81.697762,4117,247232.9,394581.22
2079053698,7.712449,81.699281,4117,247554.82,394904.2
2364192267,7.713915,81.698068,4117,247286.67,394635.93
2339285633,6.712387,79.908363,4117,131091.88,409147.19
12109482771,6.664006,79.930517,4117,134688.17,415042.81
2340036296,6.69951,79.912582,4117,132005.97,410623.06
2079240044,6.695784,79.913904,4117,132155.35,411061.06
2079870056,8.945224,79.9235,4117,261037.8,435867.96
6250328436,8.936754,79.923653,4117,260070.64,434820.67
2079870057,8.945694,79.923496,4117,261089.25,435920.19
4137190998,8.976879,79.914066,4117,264714.96,439555.61
3492878507,8.945119,79.923952,4117,261085.1,435919.0
2082215258,7.719946,81.701077,4117,247109.66,394484.1
2382030373,7.718023,81.699012,4117,246827.31,394171.99
2646389088,7.333249,81.65669,4117,241836.34,438506.79
2082247572,7.291106,81.672489,4117,243109.9,443810.33
2082247579,7.291268,81.672295,4117,243107.43,443788.12
3662474355,7.466011,80.623476,4117,147540.46,320336.38
10130181979,6.559237,79.969222,4117,142314.27,427572.26
5841721869,7.072985,80.269119,4117,120774.14,385332.91
2093608215,7.75958,80.571028,4117,147343.6,294929.97
3522149875,7.759712,80.571142,4117,147352.78,294949.21
2093610826,8.057604,79.961275,4117,187978.4,349443.79
2959495457,8.136779,80.043709,4117,184204.07,347941.69
2840975728,8.160957,80.299831,4117,175095.08,333983.64
2093612347,8.209755,80.107278,4117,189108.91,347132.69
2093612778,8.467625,80.73477,4117,210098.95,384288.35
3204549182,8.477538,80.746002,4117,211475.64,385967.53
3204562797,8.426406,80.688161,4117,213670.02,390168.94
4137314869,9.503818,80.211968,4117,318939.84,505963.71
2093935572,8.362102,80.522637,4117,196185.61,370369.25
8032417733,8.358513,80.511994,4117,194986.07,369114.13
13749558419,8.4412,80.506347,4117,200578.31,375879.03
2094554407,8.215073,80.33973,4117,180061.4,341681.09
2837518575,8.236198,80.350621,4117,180901.47,344323.99
2840975747,8.161587,80.300328,4117,175149.4,334076.38
2105382093,6.93339,79.85641,4117,121736.95,383419.28
5372968715,6.933767,79.846893,4117,122071.31,383712.83
2105405964,6.933471,79.856482,4117,121731.9,383407.23
3937903239,6.931984,79.85897,4117,121410.78,383112.86
3343547728,7.338845,80.557549,4117,137075.39,344675.44
2145113802,7.248826,80.343609,4117,121724.15,359961.09
3794035028,7.252924,80.343195,4117,121341.32,359494.97
3219914005,7.248547,80.343733,4117,121711.73,359995.26
2145113863,7.207284,80.36325,4117,125547.26,365755.7
3221200523,7.21158,80.361565,4117,125334.01,365123.61
3221213836,7.174131,80.361924,4117,126589.23,369867.88
2145219371,6.90704,81.559373,4117,223524.78,464931.86
6685195536,6.906771,81.559396,4117,223510.06,464913.48
8421010098,6.77697,80.366349,4117,134329.68,430895.29
2152800248,6.583156,80.573314,4117,147993.35,468671.57
2152800385,6.583283,80.573259,4117,147984.1,468655.22
2152921941,6.583124,80.57324,4117,147993.38,468670.37
2155579750,7.131182,79.876262,4117,123080.41,358139.22
2155634707,7.091864,79.88852,4117,121949.85,362747.65
2155579905,7.02176,79.899638,4117,121141.84,370908.29
3851226779,7.015368,79.898415,4117,121188.7,371639.96
2155580074,7.079299,79.890706,4117,121353.17,364196.67
12509374263,7.051767,79.896692,4117,121577.47,367463.32
2155580113,7.047762,79.897122,4117,121582.77,367929.31
2155580125,7.08137,79.890895,4117,121317.7,363964.1
3849049820,7.081141,79.890842,4117,121308.8,363990.06
2155580131,7.086592,79.89049,4117,121447.1,363374.95
2684604208,7.0818,79.890977,4117,121358.12,363915.63
4087054250,7.198562,79.85453,4117,126404.66,350217.84
2155584793,7.192615,79.857209,4117,126332.36,350939.18
2506028803,7.157362,79.871109,4117,124191.67,355186.29
2155584797,7.219348,79.845446,4117,126832.94,347696.23
2155584835,7.214303,79.847247,4117,126399.96,348299.88
2155634701,6.985652,79.889133,4117,120729.71,375331.41
4426787286,6.981259,79.88813,4117,120740.26,375836.0
2155634708,7.086984,79.890377,4117,121462.82,363329.85
13684572987,7.086873,79.890411,4117,121454.73,363342.66
5804555891,7.219483,79.845392,4117,126850.19,347687.31
2155666096,7.198523,79.854543,4117,126405.43,350222.35
2155672282,6.290936,80.546578,4117,188493.2,529394.51
2155827812,6.295428,80.542738,4117,188797.4,530223.09
3203084587,6.279225,80.546972,4117,187756.66,527967.88
2155827775,6.2601,80.492288,4117,183912.35,520131.94
3211908158,6.201054,80.474104,4117,190552.63,529118.87
2190965493,6.100484,80.477547,4117,193793.75,530158.07
1239435091,7.619976,80.246013,4117,137335.54,311281.52
6511383114,7.655319,80.221054,4117,140905.8,306461.88
2190932692,6.196302,80.468726,4117,189945.42,528120.56
3445493696,6.103546,80.476055,4117,193875.49,530124.63
2190965800,6.101437,80.47688,4117,193739.36,530028.65
7103763194,7.216833,81.851798,4117,261391.55,456906.04
2247695870,6.87829,79.876477,4117,121961.37,387768.39
2247695871,6.878192,79.876778,4117,121969.33,387791.55
2279244474,7.942227,81.013248,4117,195788.84,349308.0
9394230350,7.940831,81.018016,4117,196051.25,349400.11
7024993693,7.942511,81.01072,4117,195654.6,349588.83
2288824399,7.939601,81.000249,4117,195091.02,349990.85
6685478661,7.945317,81.506625,4117,232930.66,373595.26
2340032516,6.684644,79.919872,4117,133178.27,412463.47
2337932210,7.250131,80.443008,4117,128215.6,368392.84
3226211756,7.251768,80.445891,4117,128281.96,368010.54
3224668762,7.25175,80.435535,4117,127958.75,368977.01
2338839291,7.252187,80.446842,4117,128306.24,367895.77
3718488871,7.251197,80.449881,4117,128451.09,367540.71
2339285632,6.714121,79.907588,4117,130957.03,408869.03
2339297860,6.712438,79.907538,4117,131031.66,409055.36
2339297862,6.712324,79.907542,4117,131038.75,409067.9
7037793029,6.710658,79.907509,4117,131172.41,409252.11
2339297865,6.712432,79.907426,4117,131028.86,409047.57
2339297871,6.722955,79.907147,4117,130557.68,407878.62
2339297873,6.712313,79.907436,4117,131036.22,409060.74
2339297877,6.725099,79.906654,4117,130466.04,407645.81
2339297881,6.72296,79.907231,4117,130562.32,407887.93
2339365433,6.72086,79.907446,4117,130655.43,408119.97
2339326606,6.726723,79.905369,4117,130375.05,407417.99
2339326610,6.726758,79.905294,4117,130371.0,407408.04
2339326619,6.726684,79.905374,4117,130376.79,407422.29
2340032514,6.695812,79.913965,4117,132156.8,411065.96
2340032515,6.707871,79.908462,4117,131408.79,409579.1
2340032521,6.704593,79.90961,4117,131687.51,409964.18
2340037594,6.686677,79.918813,4117,132992.2,412209.29
2340032539,6.702012,79.910846,4117,131867.7,410281.16
2340032526,6.687575,79.918382,4117,132912.16,412099.78
2340037602,6.686711,79.918875,4117,132992.67,412209.84
2340032530,6.698592,79.912952,4117,132049.86,410738.08
2340037601,6.697791,79.9132,4117,132080.04,410830.81
2340036297,6.699526,79.912631,4117,132008.67,410628.83
2340037597,6.694265,79.914764,4117,132295.96,411256.44
2340037598,6.691287,79.916648,4117,132580.79,411646.54
2362937346,7.437798,80.338315,4117,125957.02,335234.87
3785620361,7.395507,80.321703,4117,124548.55,340344.19
3064600110,7.473104,80.35168,4117,126573.94,330930.36
2079053722,7.714071,81.697745,4117,247269.99,394619.25
2364192275,7.714167,81.697869,4117,247251.13,394600.34
2366743826,7.272274,79.864056,4117,128884.12,340939.99
4693290694,7.266227,79.860435,4117,128570.43,341762.07
2375441056,7.253628,79.854868,4117,127978.6,343341.08
6688367855,7.253036,79.853697,4117,128010.28,343486.29
2382030370,7.717956,81.698988,4117,246835.25,394180.02
9427844828,7.715286,81.698374,4117,247113.55,394462.03
2382030398,7.71811,81.698944,4117,246815.24,394159.0
2078949358,7.720318,81.701057,4117,247128.72,394505.49
2382076796,7.28129,80.666501,4117,138768.23,348037.84
5286754885,7.154992,81.223921,4117,188780.43,404203.25
2398934524,7.112818,81.211368,4117,191769.96,409498.06
4837295492,7.135066,81.218834,4117,190611.18,406511.45
2400768904,6.895616,81.23636,4117,197730.09,447460.07
10016226414,7.383068,81.228,4117,185869.27,384298.17
2544591508,6.36123,81.181006,4117,195534.51,511900.94
2407608224,7.093108,80.004321,4117,118376.25,373883.05
8933799511,7.091867,80.000365,4117,118594.77,373418.98
6266383660,8.759589,80.500089,4117,232687.09,412898.96
2418603889,6.873071,81.350552,4117,198083.08,443593.38
11169238186,6.872887,81.350669,4117,198086.3,443618.45
4071257599,6.872809,81.35058,4117,198077.87,443622.7
2499038749,6.838646,79.979823,4117,123724.99,399804.58
2499283524,6.9721,79.885869,4117,120248.62,376996.6
5216483982,6.971797,79.885618,4117,120254.34,377040.1
2499283525,6.972152,79.885808,4117,120255.2,376996.26
2499287720,6.967856,79.901503,4117,119820.64,378899.6
3780516724,6.96794,79.901555,4117,119820.55,378888.69
2505983167,6.955744,79.883989,4117,119997.13,379051.2
2509007852,7.15709,79.871197,4117,124172.43,355217.87
2507098804,7.081708,79.890958,4117,121349.44,363926.0
7037741108,7.086823,79.890345,4117,121458.27,363352.5
2508106197,7.155891,79.871547,4117,124155.86,355355.98
3805872959,7.139648,79.874782,4117,123861.0,357188.74
3268563915,7.156376,79.871408,4117,124157.24,355300.23
2523753994,6.789333,80.970359,4117,172700.98,451553.47
2558293072,7.308686,80.637276,4117,135564.41,342158.82
6509196188,7.308246,80.637224,4117,135539.53,342207.96
6685474060,7.908204,81.533812,4117,234477.38,372350.98
2568176828,5.976349,80.518525,4117,204408.13,543949.77
2568176881,5.976228,80.518545,4117,204413.09,543963.32
2568176862,5.97596,80.518458,4117,204424.94,543989.23
3398081271,5.976218,80.518437,4117,204414.43,543960.61
12625589425,5.970874,80.520513,4117,204415.77,544032.22
7409403107,8.977721,79.913535,4117,264825.19,439665.97
2608995079,6.938035,80.661434,4117,155174.05,414834.43
2828629366,6.93824,80.661468,4117,155157.73,414811.41
2638058705,7.995456,80.270175,4117,164470.06,316859.02
8279649724,7.995647,80.270397,4117,164485.07,316891.38
4396503415,7.995592,80.270575,4117,164493.57,316907.32
3649840867,7.363096,81.635868,4117,239857.56,433577.52
2662800973,7.712382,81.710225,4117,248711.25,396243.56
13740014576,7.712439,81.710224,4117,248705.44,396237.34
2722759262,5.97685,80.51835,4117,204386.28,543889.89
13367298684,5.995286,80.519468,4117,202850.62,541744.19
2731988159,7.873928,80.650875,4117,153786.82,310559.37
4903819699,7.872989,80.650265,4117,153762.6,310435.61
2731988170,7.873827,80.651153,4117,153802.04,310598.6
6289622879,7.874077,80.651088,4117,153796.15,310588.12
2731988196,7.87435,80.651057,4117,153809.86,310609.7
2731988214,7.874181,80.651252,4117,153807.07,310610.01
4911274820,7.871937,80.651066,4117,153926.59,310816.09
2731988222,7.874116,80.65117,4117,153802.42,310598.14
2822277593,7.939713,81.000795,4117,195102.86,350030.62
2823998635,7.089599,80.035866,4117,117009.78,377946.44
2854966358,7.09847,80.041466,4117,117092.81,379130.81
2833604324,8.35747,80.497898,4117,195066.55,369099.03
2833604323,8.357468,80.498014,4117,195067.09,369113.04
2833604339,8.357584,80.4979,4117,195066.83,369099.55
2833604338,8.357582,80.498016,4117,195067.37,369113.57
2833604877,8.411911,80.456933,4117,197868.76,369523.29
2833834344,8.355572,80.417982,4117,190793.55,361231.02
5055655450,8.355802,80.417941,4117,190804.06,361257.43
2833834360,8.35613,80.416829,4117,190956.53,361439.1
4137371245,8.355725,80.416834,4117,190916.73,361393.81
2835617071,8.334967,80.410807,4117,189681.36,359002.8
9041600946,8.23649,80.350734,4117,180911.8,344358.58
2837518594,8.236786,80.350973,4117,180939.37,344402.08
9041600940,8.236527,80.350883,4117,180915.63,344371.75
13564710647,8.320641,80.381314,4117,187955.32,354737.41
12815082889,8.161248,80.299969,4117,175111.58,334019.42
12815082884,8.161298,80.300158,4117,175120.31,334039.12
3658572657,7.41315,79.830876,4117,137476.47,334663.55
3270476305,7.10571,80.04457,4117,117028.8,380083.13
2902109603,7.61971,80.246293,4117,137327.42,311325.83
2902109607,7.619696,80.246122,4117,137326.34,311312.79
3204336190,7.619815,80.245998,4117,137328.84,311293.81
12761661750,7.362071,81.802634,4117,255244.42,443141.03
2907674340,7.267286,80.571508,4117,132255.63,351992.91
3226356899,7.265211,80.556544,4117,132257.88,353778.19
13625464816,7.265159,80.589068,4117,132361.85,349756.67
2920465482,7.376724,81.838905,4117,257028.09,438512.55
9406713271,7.376896,81.838787,4117,257008.71,438494.97
2966142356,6.991056,79.939415,4117,119388.29,379183.01
3816390084,6.978388,79.927534,4117,119334.51,379301.51
2966142456,7.001634,79.950909,4117,118763.27,377309.44
2966142462,7.001855,79.951146,4117,118761.33,377265.62
5559025503,7.00193,79.951312,4117,118762.3,377268.25
2966142464,7.001996,79.951466,4117,118764.61,377286.87
2966142468,7.002073,79.951688,4117,118767.07,377302.65
2966142485,7.002786,79.953551,4117,118795.6,377523.23
2966142476,7.002692,79.953553,4117,118796.1,377533.62
3345071368,7.001921,79.951501,4117,118764.61,377295.6
13662447481,7.002872,79.955699,4117,118878.72,377761.43
2966142501,7.003275,79.956497,4117,118915.12,377865.31
4784496254,7.00307,79.956334,4117,118904.63,377835.59
3021911951,7.298421,80.637017,4117,135304.02,343572.79
3218446414,7.306634,80.634554,4117,135444.26,342577.3
3033937986,7.266208,80.596125,4117,132633.48,348704.99
3810784671,7.267864,80.596816,4117,132692.69,348502.82
3064234194,7.37046,80.527814,4117,136163.89,349691.77
4394543338,7.37075,80.527641,4117,136162.53,349729.06
5239569079,7.343663,80.550324,4117,136936.24,345658.15
3064234503,7.432846,80.446494,4117,131276.75,339109.4
3064234504,7.432959,80.446281,4117,131267.12,339136.06
3586058707,7.37242,80.52599,4117,136061.28,350009.86
4905293870,7.488494,80.365557,4117,127015.82,328588.67
3064571979,7.486331,80.366905,4117,127053.26,328878.21
4067964377,7.478433,80.374004,4117,127330.96,328828.18
617806911,7.486646,80.366661,4117,127024.5,328838.25
9562328827,7.481617,80.360673,4117,126678.02,329540.92
4577768759,6.934214,79.855532,4117,121757.33,383271.55
3078591002,6.968524,79.910731,4117,119968.58,379954.51
6266871671,6.029604,80.241793,4117,184979.33,501751.03
3081634071,6.02938,80.242166,4117,185010.28,501796.81
3081634077,6.02961,80.241913,4117,184980.87,501758.97
3081634087,6.029666,80.24186,4117,184976.72,501750.39
3088508684,7.325174,80.626224,4117,135963.97,339622.08
3088508692,7.324819,80.625867,4117,135936.92,339677.99
3088508691,7.324716,80.625787,4117,135929.94,339692.46
7037556016,7.322549,80.625021,4117,135807.49,339947.79
3088508709,7.322305,80.624861,4117,135792.46,339979.5
3088516296,7.322207,80.624772,4117,135786.22,339994.13
3088508720,7.322347,80.624795,4117,135793.03,339971.26
3088508729,7.322392,80.624828,4117,135795.78,339965.02
3088508732,7.321947,80.624467,4117,135768.66,340028.42
3088508750,7.321894,80.624498,4117,135765.87,340035.2
3090559903,6.850908,80.264163,4117,125139.71,415505.44
3090460074,6.111107,80.124813,4117,177345.54,484317.68
8421010097,6.777088,80.366268,4117,134320.6,430879.38
3491138212,6.952533,80.213184,4117,119080.32,403714.46
3109024823,6.841251,79.965142,4117,122660.44,398100.33
5969036508,6.841355,79.96484,4117,122655.51,398065.05
3109068245,7.915573,81.521597,4117,234039.61,373352.13
3899387302,7.915743,81.521118,4117,234024.82,373297.28
3899387303,7.915853,81.521185,4117,234024.35,373297.17
6685474058,7.9084,81.533576,4117,234468.01,372385.29
3120470733,7.132348,80.32759,4117,126237.39,381074.42
3514813026,7.10503,80.335886,4117,125871.83,384562.3
3763282547,7.155532,80.368209,4117,127205.84,372273.16
3129331583,7.02349,80.261457,4117,119929.25,391679.99
3136299955,6.931944,79.846944,4117,122140.89,383986.36
259648440,6.927695,79.8498,4117,122244.64,384569.53
3136385191,6.934009,79.846439,4117,122099.09,383731.47
3141171382,6.933962,79.84685,4117,122064.09,383685.38
3136385193,6.933526,79.846652,4117,122086.5,383751.14
3136385196,6.934036,79.847128,4117,122061.92,383677.69
3155986410,6.336686,80.845845,4117,172705.73,515789.73
10131009918,6.332904,80.855318,4117,173284.2,516938.37
3147058584,6.333951,80.854108,4117,173151.34,516760.08
3147058592,6.334072,80.853913,4117,173137.35,516734.63
3147058586,6.334179,80.853758,4117,173127.38,516713.84
3169826275,7.14918,80.58022,4117,139297.9,364819.02
4142250035,7.161725,80.573635,4117,137740.12,362901.36
3170533571,7.322348,80.624892,4117,135795.06,339973.61
6227950806,7.335273,80.300008,4117,121669.11,347592.73
3199600250,7.101239,79.910338,4117,120953.61,366373.43
3204336187,7.619908,80.246096,4117,137337.77,311294.19
2902101194,7.619796,80.246216,4117,137335.69,311312.31
3557522184,8.541812,80.823648,4117,220025.62,397225.83
3206095333,7.063978,80.011199,4117,117516.65,377299.51
4789587325,7.052423,80.004281,4117,118251.91,378891.0
3215585621,6.986899,80.444861,4117,136619.53,400683.02
3216973603,7.028901,80.294976,4117,124648.27,396994.22
3216973606,7.029014,80.294962,4117,124639.14,396981.65
3217149379,7.023448,80.261818,4117,119957.96,391702.78
3129331580,7.023505,80.261492,4117,119931.33,391680.56
3217150024,7.023639,80.261316,4117,119921.73,391652.52
3217150036,7.023624,80.261545,4117,119930.81,391665.35
3217232039,7.072974,80.2693,4117,120776.98,385317.63
4019244695,7.306904,80.634571,4117,135434.55,342552.57
3219884852,7.252995,80.343186,4117,121340.06,359489.0
3803143155,7.253512,80.348138,4117,121674.6,360039.05
3224489753,7.252824,80.342263,4117,121278.6,359385.24
3219885863,7.248339,80.343713,4117,121706.4,360023.77
4929241947,7.248221,80.343574,4117,121703.4,360043.93
3219914004,7.248522,80.34364,4117,121707.65,359995.74
4929241573,7.248708,80.343598,4117,121719.28,359974.26
3794028977,7.254567,80.352836,4117,122000.86,360575.29
3219994344,7.252174,80.339674,4117,121204.27,359535.88
4929242050,7.251408,80.335132,4117,121049.16,359677.81
3220121962,7.252744,80.341604,4117,121235.24,359311.89
3796385433,7.252766,80.342274,4117,121280.2,359391.76
3220016719,7.230864,80.350679,4117,123891.61,362315.08
3220025120,7.230559,80.350535,4117,123852.89,362275.82
4929241586,7.247822,80.343227,4117,121706.66,360101.65
3224468484,7.335621,80.300448,4117,121688.6,347530.43
3224468489,7.336914,80.301432,4117,121792.23,347332.73
3739999316,7.360669,80.307143,4117,123097.0,344564.48
3226275220,7.256992,80.518984,4117,131430.77,358335.14
3237492320,7.265554,80.552042,4117,132251.11,354310.98
3718488870,7.250956,80.450594,4117,128464.78,367457.28
3237492327,7.265649,80.552221,4117,132251.39,354288.5
3237363036,8.759459,80.499991,4117,232671.09,412880.97
3237363045,8.75946,80.50015,4117,232675.6,412886.21
4137095171,8.759301,80.500075,4117,232658.22,412866.72
3237363047,8.759045,80.499942,4117,232632.22,412834.81
3252971709,7.081201,79.89107,4117,121304.85,363992.6
3268563914,7.156319,79.871281,4117,124165.66,355309.36
3268563916,7.157068,79.87105,4117,124182.74,355222.73
3271092634,7.229627,81.850749,4117,261506.49,455369.98
13695573497,5.974198,80.438227,4117,196766.45,527220.24
13695595627,5.973798,80.438322,4117,196771.4,527186.91
3289420399,7.092839,79.990381,4117,118908.6,372074.96
3797644308,7.092756,79.990642,4117,118929.99,372105.2
3289420454,7.092828,79.990238,4117,118911.15,372075.44
3302140237,7.21843,81.849664,4117,261112.86,456614.62
7103763200,7.221151,81.849912,4117,261302.16,456312.07
3302140241,7.218391,81.849764,4117,261113.99,456618.3
7103763193,7.216868,81.851822,4117,261394.48,456901.34
11765584301,7.229623,81.850794,4117,261510.31,455369.09
3316122459,7.376988,81.838837,4117,257004.01,438481.81
3316122455,7.376992,81.838751,4117,256999.61,438480.8
3316122462,7.37695,81.838849,4117,257006.86,438486.32
3316122466,7.376911,81.838753,4117,257004.6,438490.79
3316122454,7.376969,81.838737,4117,257000.44,438483.89
3336273920,8.043108,80.595821,4117,166893.9,330753.03
4914548524,8.093109,80.574388,4117,171407.16,336843.45
3336273922,8.04261,80.59597,4117,166847.46,330695.46
3340914298,6.927643,79.849896,4117,122250.45,384581.85
6537213315,6.927435,79.850295,4117,122273.88,384631.73
3345071370,7.001856,79.95135,4117,118762.26,377277.48
3350595478,7.291236,81.672478,4117,243104.18,443795.16
11715848170,7.291245,81.678353,4117,243263.12,444446.03
3355393375,6.911769,79.864678,4117,121487.24,384933.56
10682149765,6.91164,79.866911,4117,121544.29,385180.92
3364860604,5.948299,80.547909,4117,203190.66,542179.72
3364864049,5.948239,80.534931,4117,202611.04,540766.01
3410002327,5.94803,80.534923,4117,202595.39,540742.76
3364883416,5.948019,80.534892,4117,202594.16,540739.16
3815814909,6.967591,80.767568,4117,162416.39,415679.11
3398081272,5.976336,80.518429,4117,204409.65,543947.53
5771476347,5.97663,80.5184,4117,204397.74,543914.85
3403175022,6.955869,79.888018,4117,120091.05,379439.68
3422963193,7.290926,80.646996,4117,136744.93,346021.02
5375634189,7.288009,80.64725,4117,136332.27,346182.14
3431855593,6.955927,79.884079,4117,120009.83,379048.81
4621924226,6.95594,79.887974,4117,120095.37,379430.54
3431855654,6.956582,79.882931,4117,120035.96,378892.81
3431855630,6.955939,79.884018,4117,120008.88,379041.74
3431908601,6.972147,79.885917,4117,120248.39,376989.23
3474422106,9.662146,80.08162,4117,344128.75,532457.11
3478101817,7.265873,80.596267,4117,132635.22,348738.95
3491135822,6.952964,80.212406,4117,119105.23,403828.66
5153486366,7.104056,80.335644,4117,125845.19,384673.92
3518418201,8.274186,80.500235,4117,188095.08,359413.01
3518418193,8.274076,80.500232,4117,188086.11,359400.15
3518418194,8.273746,80.500205,4117,188059.29,359363.27
3518418208,8.274041,80.500106,4117,188083.82,359397.72
3518418214,8.274223,80.5001,4117,188101.98,359422.71
3518418199,8.274232,80.500122,4117,188104.21,359425.36
3518418203,8.274099,80.500052,4117,188090.05,359406.72
3518425501,8.040808,80.597192,4117,166652.42,330451.85
5302260394,8.039941,80.598338,4117,166539.16,330292.87
3518425508,8.040872,80.596959,4117,166671.41,330476.75
7035050524,8.042221,80.596069,4117,166815.2,330655.37
3538149112,6.934315,79.865589,4117,120932.11,382322.36
619227153,6.933926,79.865974,4117,120901.95,382337.65
3538150718,6.932288,79.860376,4117,121250.77,382949.31
3538180787,6.932321,79.860481,4117,121238.81,382937.11
10268955041,6.932362,79.860645,4117,121237.96,382918.47
3556443371,6.932094,79.860738,4117,121219.07,382932.66
3799736775,6.931916,79.858961,4117,121411.63,383120.48
3556443375,6.932395,79.860944,4117,121216.65,382885.04
3557474363,8.039895,80.755354,4117,168962.97,332859.71
6540075345,8.089601,80.637998,4117,172250.35,338271.52
3575249194,7.481855,80.360892,4117,126684.15,329505.21
5248343532,7.481993,80.361017,4117,126695.97,329484.64
3871146838,7.166792,80.572435,4117,137378.03,362134.6
3594147916,5.944702,80.549885,4117,203643.92,542696.17
3697151657,5.944693,80.549952,4117,203650.45,542703.62
13663348779,7.011092,79.966389,4117,119203.96,379395.95
3600557544,7.002944,79.956234,4117,118901.6,377833.64
3618872658,7.271313,80.605372,4117,133036.63,347326.98
3780823908,7.271508,80.605407,4117,133044.69,347305.02
3645486728,7.439779,80.631744,4117,146638.86,323574.98
13367298677,5.996656,80.51934,4117,202707.24,541591.0
3637344649,6.152999,81.144711,4117,206108.24,541601.39
6248011188,6.153575,81.145849,4117,206155.21,541457.41
5289221658,7.379302,81.626625,4117,238987.19,431006.33
3649864139,7.576574,79.795816,4117,147434.5,338434.88
3649864144,7.576522,79.79561,4117,147444.75,338463.39
3649876602,7.576707,79.79537,4117,147469.13,338496.75
3649873087,7.578236,79.79435,4117,147628.39,338693.64
3649874915,7.577706,79.794387,4117,147585.07,338634.65
3649874902,7.577698,79.794258,4117,147588.92,338653.07
3649874906,7.577642,79.794265,4117,147586.82,338657.27
3649876603,7.576874,79.795363,4117,147479.7,338490.9
3649876604,7.576738,79.795315,4117,147474.31,338503.82
3649878435,7.576836,79.795471,4117,147470.14,338477.25
3649864133,7.576721,79.79572,4117,147447.95,338446.9
3649878439,7.576492,79.795653,4117,147440.47,338457.53
6695505199,7.272513,79.863976,4117,128898.02,340912.12
3658467161,7.346179,79.839839,4117,135036.76,340542.37
3658572654,7.412999,79.830886,4117,137469.12,334663.0
3662474376,7.465996,80.62337,4117,147531.89,320331.99
3664895173,6.9609,79.880878,4117,120312.01,378373.75
4426797157,6.963766,79.881639,4117,120323.2,378039.12
6286620946,9.154018,80.649896,4117,297814.59,481810.58
3697145064,5.944612,80.549862,4117,203652.95,542706.4
13695148146,5.944794,80.54879,4117,203557.44,542593.99
3718488874,7.251136,80.450005,4117,128457.43,367525.37
3730047332,6.906798,81.559661,4117,223540.42,464943.92
6685195539,6.90663,81.559407,4117,223508.61,464910.42
4067142483,6.878097,81.828906,4117,253435.62,498322.44
3737231765,7.123349,80.067147,4117,116547.53,380014.33
3742213227,6.89199,79.862554,4117,122320.58,387348.32
3742220438,6.890331,79.863723,4117,122208.52,387279.73
3742213226,6.891961,79.862466,4117,122318.48,387345.72
3742220440,6.890438,79.863778,4117,122208.54,387273.85
3742220437,6.89035,79.863801,4117,122203.38,387270.82
6277459304,6.88811,79.864331,4117,122272.5,387525.39
3742220439,6.890421,79.8637,4117,122213.64,387282.64
6266383668,8.759151,80.500154,4117,232655.77,412864.27
7085697358,8.754207,80.49826,4117,232159.78,412268.14
3770168315,7.090838,79.991998,4117,118887.75,372395.18
3799742997,7.091005,79.991598,4117,118892.63,372347.25
3770168316,7.090956,79.992175,4117,118875.66,372388.96
3780516705,6.967602,79.90132,4117,119822.89,378934.68
5197144868,6.967909,79.901623,4117,119815.88,378896.92
3781723165,6.934293,79.845036,4117,122195.54,383818.65
3803143156,7.253462,80.348144,4117,121675.8,360044.71
3797644263,7.092296,79.992303,4117,118940.78,372241.41
3797730069,7.091167,79.991688,4117,118881.67,372330.37
3797644275,7.092415,79.99225,4117,118943.82,372232.64
3289420390,7.092718,79.990382,4117,118903.58,372089.64
3799780749,7.091218,79.999476,4117,118583.03,373297.32
8933799512,7.091441,79.999809,4117,118583.52,373341.58
3799780753,7.090988,79.999357,4117,118597.93,373277.17
5139375451,7.266134,80.596441,4117,132645.55,348703.45
3822164769,6.87558,79.861008,4117,123037.93,389410.64
4814119777,7.340206,80.992892,4117,169290.11,364102.69
3825207097,6.931924,79.842193,4117,122436.35,384353.09
3355420037,6.934666,79.842766,4117,122393.0,384043.14
3836856289,7.383178,81.227773,4117,185851.07,384262.95
13431444645,7.38327,81.22802,4117,185872.31,384292.16
6540645130,6.990623,79.893253,4117,120612.05,374614.27
5319765722,7.329658,80.304102,4117,121990.55,348487.07
3871134706,7.166836,80.572346,4117,137378.02,362133.85
3899387301,7.915795,81.521032,4117,234021.52,373285.35
13907822736,7.915904,81.521096,4117,234020.94,373284.89
3927772236,7.072885,80.269201,4117,120772.84,385334.05
3937818066,6.715607,80.384988,4117,136608.48,438744.69
3937818093,6.715657,80.384813,4117,136614.69,438739.81
3937818064,6.715635,80.38498,4117,136608.08,438741.47
3937837841,6.705405,80.384809,4117,136718.03,440082.51
3937837843,6.70549,80.384934,4117,136706.82,440062.61
3937837959,6.705573,80.384844,4117,136714.4,440063.26
3945809610,6.841702,79.964625,4117,122635.16,398034.33
6292190587,6.841572,79.964893,4117,122647.06,398067.93
3960797187,6.028503,80.794843,4117,202892.36,557459.64
3964896717,6.910986,79.882053,4117,120962.47,384591.26
3983328377,7.2719,80.605874,4117,133098.89,347345.38
3983328743,7.271554,80.60561,4117,133055.2,347311.94
13671477050,7.293147,80.63317,4117,134763.39,344235.78
3983329767,7.271641,80.605507,4117,133054.83,347295.74
4004620069,7.293161,80.635143,4117,134923.66,344390.0
4004630079,7.293086,80.63531,4117,134932.99,344369.81
4004620076,7.293139,80.634927,4117,134902.64,344367.98
6324979463,7.293272,80.634742,4117,134883.25,344342.67
4004621090,7.293264,80.633433,4117,134774.6,344213.59
11367587826,7.293239,80.633374,4117,134772.14,344218.72
13615512124,7.293324,80.633608,4117,134785.64,344215.09
8936981953,7.293084,80.635983,4117,134957.85,344295.51
6260211179,6.881637,79.869795,4117,122405.94,388255.23
619195378,6.881868,79.869837,4117,122398.94,388226.43
4019244692,7.307013,80.634597,4117,135442.01,342547.44
8865864661,7.308231,80.637128,4117,135537.51,342223.13
4019244724,7.307042,80.634767,4117,135443.05,342526.03
4062722950,8.587237,81.215179,4117,235804.62,415843.74
4071257597,6.872773,81.350638,4117,198081.37,443630.79
4087054248,7.198719,79.854363,4117,126406.86,350202.85
4087054259,7.198519,79.85446,4117,126410.58,350227.48
6275242615,7.198576,79.854433,4117,126409.83,350220.49
4108748752,6.924352,80.606283,4117,149258.42,410387.24
5252242470,6.898145,80.592587,4117,146586.83,410049.74
4136824662,9.661981,80.081524,4117,344130.48,532458.73
6538060317,9.313886,80.696435,4117,313336.5,499604.83
4136994005,9.313951,80.696461,4117,313333.56,499601.48
4136994008,9.31479,80.694085,4117,313615.3,499905.3
7042347643,9.436334,80.408012,4117,306959.6,493077.68
6545546146,9.313655,80.696229,4117,313367.12,499638.1
6266383664,8.759125,80.499988,4117,232640.32,412845.08
4137184213,8.977269,79.913686,4117,264779.8,439620.57
1661614342,8.977151,79.913756,4117,264760.53,439601.28
4137190999,8.977233,79.913819,4117,264762.54,439603.29
4137314878,9.504071,80.212155,4117,318944.9,505998.37
4137314871,9.503973,80.212238,4117,318938.66,505997.9
4137314881,9.504116,80.212163,4117,318944.68,506003.39
4137314887,9.50418,80.212263,4117,318944.46,506017.17
4137349471,8.320803,80.381545,4117,187965.04,354768.74
4137349478,8.320851,80.381474,4117,187967.05,354766.89
13564710682,8.320998,80.381265,4117,187992.22,354795.11
4137349486,8.320941,80.381563,4117,187972.91,354783.0
4137353395,8.321251,80.381898,4117,187988.93,354833.36
4137349488,8.321198,80.381946,4117,187984.86,354831.18
4137349479,8.320861,80.381625,4117,187968.55,354779.85
4137353396,8.321285,80.382009,4117,187991.72,354845.48
4137359438,8.331577,80.403453,4117,188947.15,357843.06
1401473107,8.331782,80.403056,4117,188924.63,357793.92
8795417511,8.331964,80.403114,4117,188940.02,357817.88
5055655462,8.355911,80.417935,4117,190810.82,361271.03
4137378452,8.553648,80.485649,4117,212264.27,389334.81
4137378455,8.553698,80.485823,4117,212260.36,389330.26
4137378458,8.553769,80.485612,4117,212277.58,389349.64
6537569535,8.581856,81.18929,4117,233071.51,412488.84
4062722959,8.587412,81.215111,4117,235796.24,415835.23
13929460698,8.580431,81.2234,4117,237002.54,417053.69
4139586563,8.327356,80.361091,4117,190169.33,357129.57
7185616200,8.32735,80.361196,4117,190158.26,357118.01
4140943337,8.030474,79.853643,4117,178228.55,352665.43
6509597375,7.992857,79.897487,4117,174050.32,344992.63
5169879067,8.030011,79.831139,4117,177362.15,353642.65
4147052689,6.989764,79.892563,4117,120566.06,374736.57
4152511797,6.990017,79.892808,4117,120567.04,374697.37
4177584094,7.281437,80.666471,4117,138752.68,348019.33
4197383649,6.91166,79.858123,4117,121898.35,385407.69
4231244458,7.101375,79.910352,4117,120951.81,366356.74
4365280289,6.830492,80.988894,4117,173791.27,444368.1
13850088952,6.830597,80.989235,4117,173807.08,444328.59
4365280295,6.830372,80.98881,4117,173787.16,444378.04
4388603896,6.95658,79.882698,4117,120031.28,378878.07
4406211219,8.161274,80.299967,4117,175113.73,334022.2
12815082893,8.161367,80.300054,4117,175122.31,334037.42
5216483990,6.972552,79.886275,4117,120275.43,376929.36
669218019,6.920939,79.846478,4117,122633.23,385608.98
7085654864,6.914579,79.848592,4117,122733.28,386350.36
4515020731,6.914136,79.848815,4117,122697.27,386398.08
4548513547,7.490378,80.365124,4117,127129.05,328408.74
4944052746,7.49288,80.366784,4117,127313.19,328073.27
4585299247,7.064004,80.011123,4117,117517.58,377295.44
7037793024,6.710654,79.907438,4117,131168.82,409244.19
6230792100,6.908746,79.895168,4117,121310.81,385882.41
7625469738,6.908345,79.893112,4117,121296.74,385662.54
6695505185,7.27245,79.863943,4117,128894.72,340917.13
4784496253,7.003224,79.956355,4117,118907.82,377844.99
6536506696,7.009449,79.965403,4117,119174.47,379176.21
4785723709,7.009419,79.965472,4117,119176.83,379184.48
4785723991,7.010825,79.966227,4117,119205.55,379361.47
4785724017,7.011034,79.966354,4117,119204.55,379388.56
4789587324,7.052459,80.004228,4117,118251.03,378883.94
4789942110,7.073283,80.016256,4117,117129.19,376123.79
5316468079,7.073206,80.016171,4117,117130.97,376122.86
4790000815,7.066471,80.012241,4117,117367.02,377000.65
6536495262,7.068717,80.01314,4117,117293.61,376728.36
4790001153,7.066652,80.012323,4117,117358.08,376978.63
5316437634,7.066608,80.0123,4117,117360.21,376984.16
4790019632,7.07334,80.0162,4117,117128.77,376114.97
4790030895,7.073636,80.016556,4117,117127.13,376166.22
4790019634,7.07327,80.016123,4117,117130.39,376114.01
4790030893,7.073585,80.016608,4117,117127.44,376174.25
4790030894,7.073705,80.016637,4117,117126.78,376177.89
4963408994,7.085983,80.033362,4117,116884.39,377460.73
4790030896,7.073652,80.016689,4117,117127.09,376185.88
4807150323,7.877648,80.011018,4117,161224.48,327054.39
4807150339,7.877327,80.011249,4117,161227.32,327010.64
4807150337,7.877636,80.010852,4117,161226.15,327067.24
4807150338,7.877962,80.010618,4117,161264.33,327111.59
4807150328,7.877725,80.01093,4117,161230.18,327068.62
6509597376,7.992727,79.897623,4117,174043.52,344971.87
4807150333,7.877561,80.010926,4117,161220.69,327054.7
4814119737,7.340235,80.993991,4117,169365.86,364060.01
4814119780,7.340038,80.99301,4117,169295.96,364120.67
4814119747,7.340196,80.993019,4117,169297.91,364100.82
4814119803,7.340313,80.993995,4117,169365.42,364051.37
4814119752,7.340054,80.992871,4117,169287.32,364121.92
4814119802,7.340312,80.994084,4117,169372.47,364051.69
4814119811,7.340237,80.994088,4117,169373.45,364060.05
4851065488,6.623333,80.543383,4117,145372.41,462611.29
4851072864,6.623403,80.543188,4117,145359.14,462592.59
4851065502,6.62349,80.543157,4117,145354.46,462580.63
4851065496,6.62341,80.543094,4117,145353.97,462581.15
4851066124,6.623393,80.543178,4117,145358.6,462591.85
4851072874,6.623462,80.543193,4117,145356.2,462585.8
4881181012,7.698719,81.718192,4117,250274.84,397997.4
6495594259,7.683717,81.727014,4117,251391.03,399921.01
4903819698,7.873027,80.650196,4117,153762.38,310434.78
2731988138,7.874265,80.651004,4117,153802.93,310598.3
4903819843,7.86594,80.64513,4117,153275.56,309471.04
4903819840,7.864792,80.644294,4117,153180.01,309313.98
6218784867,7.860957,80.641969,4117,153083.9,308815.72
4944055432,7.487313,80.365143,4117,126942.03,328728.72
8014344204,8.126079,80.56312,4117,173842.93,340695.5
4929241911,7.248056,80.343256,4117,121696.33,360078.11
5237485234,7.2508,80.36813,4117,123114.94,362411.44
5237485233,7.250794,80.368069,4117,123110.81,362404.58
4929241932,7.248034,80.343197,4117,121693.68,360077.98
4944052730,7.494,80.375222,4117,127802.84,326938.13
9513937138,7.487109,80.365072,4117,126929.11,328752.6
4944055507,7.48716,80.364719,4117,126938.47,328798.15
5248343437,7.488771,80.36202,4117,127140.88,328796.83
4944055508,7.487073,80.364967,4117,126924.39,328769.18
4944055634,7.487134,80.364992,4117,126926.95,328761.87
9568699369,7.487341,80.365072,4117,126946.02,328763.73
4963408990,7.086632,80.03246,4117,116979.51,377337.68
4963408992,7.086046,80.033431,4117,116884.36,377463.06
4973240985,6.830686,80.989423,4117,173818.55,444313.07
5055655447,8.355823,80.417918,4117,190806.93,361260.77
8953454696,8.355651,80.416813,4117,190914.05,361385.29
5055655457,8.355921,80.418014,4117,190810.4,361273.31
5055655461,8.355813,80.41804,4117,190802.88,361259.52
5055655453,8.355839,80.418053,4117,190803.89,361262.69
5140888508,7.248124,80.343196,4117,121692.33,360067.97
3219914003,7.248384,80.343625,4117,121700.57,360012.44
5142136907,6.155039,81.148794,4117,206273.87,541093.31
5142136908,6.155003,81.14873,4117,206271.2,541101.54
5144316609,6.154924,81.148779,4117,206275.16,541103.03
6248011187,6.153512,81.145899,4117,206159.49,541457.99
5169879060,8.030186,79.831167,4117,177364.86,353655.48
5169879064,8.03007,79.831221,4117,177368.12,353639.79
5169879070,8.030063,79.831053,4117,177359.68,353654.45
5197144862,6.967766,79.902329,4117,119824.41,378992.97
5197144866,6.967826,79.901562,4117,119816.02,378906.9
6225766462,6.967299,79.901146,4117,119811.65,378981.4
5212489397,5.952619,80.535191,4117,202829.41,541256.18
5212489400,5.957534,80.530917,4117,203341.05,541979.41
5212490356,5.954874,80.533495,4117,203136.17,541569.34
5212490345,5.958578,80.530052,4117,203482.74,542129.63
6281776284,9.232151,80.805339,4117,296941.33,481691.96
5234940057,6.032509,80.216716,4117,183719.81,498520.9
12126721597,6.032811,80.214993,4117,183688.73,498326.46
5245953959,7.486682,80.36658,4117,127017.66,328827.95
5245953965,7.486743,80.366727,4117,127028.27,328827.42
5248343520,7.486814,80.364863,4117,126920.66,328800.0
3871146840,7.166695,80.57239,4117,137374.82,362147.2
5280287630,7.011124,79.966321,4117,119203.08,379387.86
5280287631,7.011067,79.966287,4117,119203.67,379380.51
5300890594,6.680343,80.402412,4117,137069.78,443935.78
5302260364,8.035156,80.599689,4117,166244.94,329741.41
3518425520,8.040696,80.597063,4117,166652.2,330450.56
5302260378,8.035185,80.599794,4117,166244.89,329741.59
5302260404,8.03478,80.599845,4117,166220.24,329696.35
5302260392,8.03989,80.598383,4117,166534.52,330285.36
5315984604,7.091212,79.996309,4117,118792.76,372938.94
5315984610,7.091163,79.997473,4117,118716.8,373067.65
5315984609,7.091144,79.99811,4117,118675.29,373138.05
3799780754,7.09109,79.999312,4117,118596.51,373271.14
5315988834,7.091594,79.994863,4117,118831.12,372772.98
5316437630,7.066887,80.012436,4117,117349.05,376949.79
6536495259,7.072446,80.015345,4117,117164.3,376247.14
6227950832,7.333692,80.299949,4117,121735.35,347752.59
6227950822,7.329796,80.303633,4117,121976.38,348439.78
5320836383,7.486794,80.364934,4117,126922.9,328790.66
9562328822,7.481949,80.361088,4117,126695.71,329477.49
5342371002,7.329874,80.303636,4117,121974.08,348434.39
5353821700,7.329847,80.303832,4117,121977.72,348450.38
5353842347,7.334873,80.29941,4117,121669.98,347672.36
5353863009,7.335478,80.300175,4117,121678.37,347567.39
13572508097,8.320807,80.394523,4117,188435.15,356245.0
7098642099,9.665038,80.009318,4117,352635.18,541214.89
9676457521,6.847313,79.926397,4117,123445.47,394424.06
5804555894,7.219455,79.845479,4117,126841.85,347683.83
3914008960,6.841472,79.964518,4117,122641.93,398026.75
5969063938,6.839343,79.969967,4117,123061.1,398686.63
9676457522,6.847004,79.926854,4117,123469.59,394485.06
6227950792,7.333498,80.299846,4117,121751.4,347776.88
6227950833,7.33362,80.29991,4117,121739.85,347761.72
6227950826,7.329766,80.30337,4117,121999.6,348460.08
6227950824,7.32987,80.303607,4117,121972.94,348431.13
6228139620,6.647426,80.701381,4117,154928.89,473584.23
6228139621,6.647536,80.701261,4117,154933.67,473566.79
6248011210,6.152874,81.144693,4117,206113.58,541610.51
6258386252,6.923204,79.852371,4117,122318.11,385189.15
6258386253,6.922958,79.852455,4117,122313.82,385217.96
6272317584,5.97386,80.438316,4117,196769.13,527188.19
13695573498,5.974112,80.438217,4117,196759.31,527194.61
13695595606,5.973793,80.438986,4117,196801.45,527263.2
6276892160,7.086831,79.890424,4117,121451.85,363347.58
6286620938,9.153809,80.649513,4117,297767.31,481762.54
2731988118,7.874158,80.651034,4117,153803.07,310598.84
6291947089,8.320848,80.394566,4117,188438.54,356251.57
6292190472,6.841185,79.965313,4117,122671.48,398120.56
6294143289,6.872856,81.350578,4117,198078.81,443617.35
6294563995,9.665143,80.009412,4117,352636.48,541216.54
4004620083,7.293221,80.63498,4117,134905.68,344369.99
6388461497,6.847517,79.86599,4117,123970.84,392317.98
6475692032,6.032568,80.217222,4117,183725.01,498581.13
7030628001,6.846308,79.948492,4117,123170.58,396148.7
13682136254,6.84148,79.96444,4117,122646.11,398018.07
6492867598,6.037783,80.250111,4117,185456.81,502767.06
6492867585,6.037771,80.249798,4117,185440.68,502732.35
13698912444,6.037841,80.249797,4117,185441.23,502732.97
13698912446,6.037774,80.249994,4117,185450.73,502754.06
6492867599,6.037879,80.250113,4117,185457.58,502768.21
13698912417,6.037911,80.25039,4117,185474.49,502799.08
6495299701,7.720434,81.695894,4117,246432.98,393733.43
6495299637,7.726996,81.685937,4117,245208.44,392362.95
6495299644,7.727041,81.685861,4117,245199.42,392353.12
6495299640,7.7271,81.685762,4117,245188.0,392340.36
6495299700,7.720356,81.695885,4117,246439.79,393740.26
6495343855,7.719986,81.696622,4117,246517.72,393827.99
6495299702,7.7199,81.696598,4117,246523.86,393834.09
6495343851,7.718028,81.698819,4117,246812.21,394154.91
6495343850,7.718112,81.69889,4117,246809.9,394153.06
6495360806,7.720462,81.701158,4117,247155.06,394533.71
2078972802,7.721711,81.702776,4117,247362.26,394761.4
6495360843,7.720307,81.701161,4117,247139.76,394517.71
6495398254,7.717262,81.71014,4117,248220.21,395704.47
6495398255,7.716036,81.710502,4117,248350.23,395846.84
13740014577,7.712395,81.710344,4117,248718.73,396251.2
6495398267,7.720397,81.705312,4117,247636.77,395064.23
6495398268,7.720369,81.705291,4117,247632.98,395060.4
6495398199,7.721629,81.702908,4117,247362.38,394762.49
6495398269,7.720304,81.705379,4117,247643.97,395072.51
6495398273,7.72173,81.702947,4117,247374.88,394775.39
6495594238,7.93967,81.000436,4117,195083.56,349990.52
7262773170,7.672911,81.73349,4117,252195.07,401314.0
6495594260,7.683689,81.726962,4117,251387.73,399917.67
6495621993,7.69868,81.718118,4117,250271.37,397993.75
6495621995,7.704112,81.714925,4117,249676.59,397297.29
6495621994,7.704145,81.714985,4117,249680.02,397300.76
4712510859,7.712291,81.710239,4117,248721.56,396254.57
8865864660,7.308192,80.6372,4117,135536.83,342214.47
6509196189,7.308082,80.637129,4117,135531.77,342229.0
6509196200,7.307425,80.636417,4117,135498.32,342336.76
6509727157,7.717942,80.146337,4117,147554.08,303047.05
6509727158,7.717753,80.146486,4117,147544.29,303020.51
6511383113,7.656079,80.220686,4117,140984.6,306456.62
6511383094,7.655668,80.221021,4117,140934.22,306423.12
6511383096,7.655726,80.220853,4117,140944.71,306428.54
6511383095,7.655803,80.220915,4117,140953.29,306417.0
6511383112,7.655638,80.2209,4117,140936.0,306438.12
6511383115,7.655808,80.220939,4117,140951.73,306414.35
6524681176,6.911925,79.855848,4117,122022.56,385591.83
9628046175,6.911911,79.856155,4117,122005.57,385557.78
6536495261,7.068694,80.013204,4117,117292.9,376732.74
6536495260,7.072512,80.015286,4117,117164.07,376238.93
10268958222,6.923346,79.852323,4117,122317.15,385172.59
6538060310,9.313578,80.696192,4117,313376.21,499647.52
6538060311,9.313744,80.696365,4117,313345.36,499614.64
6545546148,9.313628,80.696306,4117,313358.73,499629.06
7034868585,9.313903,80.696354,4117,313344.95,499613.94
6545241018,6.02863,80.794765,4117,202884.33,557454.99
6685420675,7.717237,81.710096,4117,248214.8,395698.9
6685474007,7.908253,81.533893,4117,234484.22,372351.48
13904633852,7.908335,81.533774,4117,234477.33,372369.98
5906022857,7.908248,81.533753,4117,234475.07,372359.41
6685478660,7.945374,81.506805,4117,232947.03,373597.03
6695208838,6.906621,81.559285,4117,223495.35,464895.76
6695208839,6.906755,81.559413,4117,223512.65,464916.07
6695208840,6.906774,81.559289,4117,223498.61,464900.95
6695505187,7.272452,79.864002,4117,128893.7,340919.47
6721753073,7.086008,80.03349,4117,116884.24,377470.85
6721810540,7.085943,80.033424,4117,116884.25,377468.86
7030628002,6.846327,79.948362,4117,123174.7,396135.49
7030921385,6.839571,79.976514,4117,123536.0,399422.78
7030921401,6.839467,79.9764,4117,123529.32,399403.64
7030921451,6.839294,79.969963,4117,123061.49,398681.26
7035050523,8.042601,80.595919,4117,166851.66,330700.63
7037556017,7.322286,80.625011,4117,135806.05,339977.01
13684572988,7.086866,79.890332,4117,121461.14,363347.56
7037743601,6.878207,79.876475,4117,121963.48,387777.59
7037743630,6.878224,79.876388,4117,121968.54,387785.38
7037743638,6.878495,79.872749,4117,122102.2,387994.87
7037743641,6.878464,79.872585,4117,122119.15,388013.23
7037743640,6.878445,79.87204,4117,122173.78,388071.32
7042347623,9.436156,80.407662,4117,306918.06,493033.77
7042347625,9.436304,80.407936,4117,306951.48,493068.66
13942702875,8.039927,80.75546,4117,168974.28,332873.21
7081602426,6.923661,79.845562,4117,122602.98,385278.97
191794675,6.921154,79.846501,4117,122620.9,385575.15
8944102122,6.929564,79.842669,4117,122451.24,384558.29
10603977996,6.830482,79.867766,4117,124853.74,394226.69
7085505932,8.761166,80.498344,4117,232930.25,413166.0
7085506299,6.812881,79.880864,4117,125528.92,396700.47
7085525494,6.812788,79.880938,4117,125531.88,396713.57
7085697356,8.753163,80.497832,4117,232064.44,412143.19
7085697357,8.753193,80.497756,4117,232065.21,412143.53
13914032195,8.444154,81.263852,4117,239118.16,404979.36
13914032183,8.444164,81.263725,4117,239107.33,404965.31
7103753925,6.608279,79.952719,4117,138472.06,421782.39
3302140243,7.218345,81.849734,4117,261110.03,456624.66
7103763199,7.221151,81.849938,4117,261304.3,456311.16
3302140240,7.218432,81.84975,4117,261117.07,456613.38
13564859299,8.327016,80.362336,4117,190055.73,356986.7
7227878082,7.308282,80.637152,4117,135540.09,342216.88
3088508758,7.322213,80.624955,4117,135800.05,339994.1
7262773169,7.672885,81.733436,4117,252191.58,401310.32
4231244456,7.101243,79.910207,4117,120954.13,366374.51
4137198917,8.97729,79.913778,4117,264770.53,439611.3
2731988210,7.874258,80.651267,4117,153812.41,310618.79
13083883262,7.118534,80.059661,4117,116608.6,379029.73
7621971279,7.115725,80.055752,4117,116730.22,379573.91
7621986814,7.10913,80.048722,4117,116965.2,380681.26
7621986858,7.105667,80.044637,4117,117028.89,380091.17
7621986929,7.08956,80.035931,4117,117009.98,377954.82
6495594239,7.939704,81.000349,4117,195078.47,349979.93
7765114184,7.756141,80.567997,4117,147104.1,294413.28
12488644097,7.759657,80.571205,4117,147351.75,294947.83
7786924226,7.126059,80.070689,4117,116488.74,380519.52
7786924237,7.123281,80.067189,4117,116548.26,380022.94
7786924250,7.11847,80.059707,4117,116610.21,379038.39
7927504077,7.944254,80.629182,4117,159756.76,318947.32
8014319682,8.127311,80.562666,4117,173933.5,340840.7
8032417737,8.358495,80.511664,4117,194951.4,369077.3
8032417743,8.358426,80.511792,4117,194963.15,369089.63
8032417746,8.358516,80.511777,4117,194964.49,369091.79
8032417740,8.358395,80.511704,4117,194953.24,369078.51
8082580144,6.561304,79.968993,4117,142135.57,427342.82
10130181954,6.561137,79.969028,4117,142147.24,427361.63
8279646115,7.995541,80.270447,4117,164485.7,316890.37
8279649718,7.995713,80.270515,4117,164492.73,316907.88
8726439509,6.120439,81.066498,4117,201676.37,552917.16
8770467948,8.587279,81.21508,4117,235792.39,415831.27
8795417507,8.331772,80.402994,4117,188922.45,357786.93
8795417512,8.331937,80.403127,4117,188937.3,357814.54
3592104628,7.091132,79.999574,4117,118580.01,373312.36
12564186527,6.931286,79.842096,4117,122418.29,384371.29
9041600943,8.236585,80.35079,4117,180919.82,344372.11
9041600949,8.236436,80.350826,4117,180907.96,344358.69
9201280517,7.293041,80.635105,4117,134925.55,344392.97
9394230349,7.940729,81.017982,4117,196051.37,349399.73
9429896951,7.935764,81.025896,4117,196548.52,349861.24
9407052257,7.271435,80.605489,4117,133044.22,347317.68
2079053659,7.71425,81.697847,4117,247241.51,394590.7
9429896955,7.935875,81.025428,4117,196523.15,349914.26
9468271507,6.931617,79.842119,4117,122428.68,384370.15
9513937129,7.481809,80.360847,4117,126681.75,329512.37
9513937130,7.481769,80.360919,4117,126683.41,329504.76
9562328826,7.481576,80.360745,4117,126680.01,329533.47
9568699375,7.487044,80.365047,4117,126926.41,328760.28
9562328834,7.48182,80.360963,4117,126685.93,329497.28
9396246082,7.945281,81.506806,4117,232942.69,373586.44
9577055310,6.847132,79.926654,4117,123456.97,394458.88
9577055313,6.847207,79.926548,4117,123451.59,394444.46
10130181953,6.56197,79.968714,4117,142098.89,427263.23
9795422576,5.945009,80.548702,4117,203526.73,542559.32
250131881,5.948259,80.547861,4117,203187.02,542172.84
13673393240,6.90536,79.858494,4117,122082.82,386011.17
13431444639,7.383207,81.227921,4117,185859.76,384279.73
10130181940,6.571483,79.965174,4117,141429.71,426137.53
10130181950,6.565468,79.967694,4117,141876.89,426860.23
10130181941,6.571451,79.965096,4117,141430.93,426138.44
10130181952,6.561994,79.968803,4117,142097.76,427263.64
10130181951,6.565442,79.967612,4117,141877.63,426860.38
11542234718,5.965915,80.382544,4117,194455.37,520046.66
10603977925,6.819526,79.873684,4117,125229.82,395608.39
3884338673,6.98474,81.060301,4117,179991.12,417213.12
10682149766,6.911638,79.866972,4117,121542.28,385187.73
10682149772,6.911558,79.866905,4117,121545.02,385190.02
12741337236,6.878168,79.876635,4117,121972.57,387795.77
1401473006,8.328553,80.407621,4117,189110.77,358331.64
11715824035,7.292818,81.687044,4117,243490.56,445426.29
13876145704,7.292781,81.686697,4117,243478.76,445394.51
11715824044,7.291894,81.68175,4117,243351.82,444829.34
11715824064,7.291916,81.681872,4117,243354.93,444843.02
11715824052,7.292242,81.683148,4117,243388.37,444988.52
11715824059,7.292771,81.685544,4117,243449.13,445259.48
13876145712,7.292719,81.687191,4117,243502.45,445449.61
11715824066,7.29178,81.680472,4117,243319.94,444687.54
1401473074,8.328812,80.407484,4117,189127.93,358346.55
1401472905,8.326573,80.410431,4117,189293.99,358716.16
1401472976,8.32682,80.410328,4117,189280.57,358687.41
12126721593,6.032846,80.214868,4117,183682.77,498312.13
12488644096,7.759505,80.571063,4117,147340.72,294924.8
13686682350,8.02992,79.828719,4117,177299.4,353960.72
12761661746,7.362033,81.803535,4117,255243.61,443043.22
12761661748,7.362108,81.803672,4117,255252.73,443023.32
12761661737,7.362113,81.803538,4117,255246.25,443040.94
12815082888,8.161281,80.300162,4117,175118.9,334037.29
12815082885,8.161367,80.300073,4117,175123.15,334039.61
12815082886,8.161175,80.300052,4117,175108.14,334017.95
12815082887,8.161174,80.300074,4117,175109.09,334020.4
13367298678,5.996025,80.519418,4117,202773.57,541661.32
4137349482,8.320939,80.381518,4117,187971.34,354778.06
13567087012,8.320912,80.394728,4117,188453.33,356276.44
13567087010,8.332023,80.403011,4117,188941.66,357815.16
13567087034,8.320802,80.394614,4117,188441.51,356259.01
13567087026,8.320652,80.394463,4117,188430.14,356235.89
13567087027,8.32076,80.39457,4117,188438.11,356252.36
13577179092,8.355706,80.416755,4117,190919.74,361394.07
13577179096,8.355842,80.416697,4117,190934.62,361411.11
13656692423,6.934677,79.842876,4117,122388.86,384041.69
669217870,6.931591,79.842313,4117,122409.77,384347.44
13673393243,6.905577,79.858543,4117,122069.97,385986.02
13686682347,8.030155,79.828697,4117,177302.84,353934.38
13686682367,8.030162,79.828602,4117,177308.66,353945.28
13686682355,8.030322,79.828725,4117,177309.36,353921.67
13686682358,8.030242,79.828757,4117,177304.58,353922.15
13698912445,6.037868,80.249995,4117,185451.42,502755.09
13740014575,7.712307,81.710353,4117,248728.53,396261.67
13749558428,8.44136,80.506192,4117,200571.55,375854.16
13929460693,8.58029,81.223507,4117,237028.27,417079.57
13929460695,8.580344,81.223338,4117,237004.21,417055.36
31363877,6.057753,80.217612,4117,183530.88,498566.49
50392728,6.045263,80.223014,4117,184327.69,500089.93
102750385,6.063248,80.215084,4117,183176.84,497971.69
33389197,5.948698,80.547196,4117,203134.0,542120.53
3594319500,5.948761,80.547047,4117,203121.38,542102.65
1650097484,5.943078,80.549944,4117,203836.59,542913.79
13711501216,5.926316,80.588861,4117,206796.88,548372.72
5120237603,7.266104,80.592651,4117,132482.31,349395.25
41607666,6.131726,81.126301,4117,207378.04,545204.05
41607686,6.152355,81.144462,4117,206166.04,541673.32
5144316831,6.1529,81.144578,4117,206108.88,541624.95
44534440,6.03102,80.217129,4117,183882.11,498733.7
54399243,6.030794,80.217134,4117,183907.19,498758.79
47811685,6.07409,80.197886,4117,184295.05,498461.81
50767449,6.059182,80.203604,4117,182914.3,496532.62
82800337,6.091235,80.193316,4117,183485.6,496796.79
47817820,6.038247,80.221025,4117,183968.86,499371.85
1242562192,6.042575,80.22282,4117,184246.82,499920.15
1242562069,6.039026,80.227847,4117,184188.64,500135.19
47824132,6.035447,80.220135,4117,183815.14,499041.16
47824157,6.0359,80.220177,4117,183833.86,499091.51
49365524,6.830721,80.988781,4117,173799.21,444396.9
49365945,6.833327,80.984699,4117,174134.38,444971.42
4365280087,6.830523,80.988859,4117,173790.75,444373.3
10682971402,6.840808,80.985147,4117,175116.67,445956.34
2915447204,6.869239,80.943732,4117,176881.57,450904.98
10110604172,6.82992,80.8931,4117,174152.87,447447.13
1364675869,6.045616,80.22487,4117,184369.5,500299.33
1795375615,6.663091,79.971999,4117,134721.18,419651.24
694987695,6.795094,79.903987,4117,126877.06,400477.41
50760908,6.032977,80.2168,4117,183741.5,498553.45
1235775273,6.032668,80.216819,4117,183715.78,498532.43
5182838447,6.034565,80.217041,4117,183914.56,498731.13
60797984,6.059077,80.203683,4117,182918.84,496532.75
1235775050,6.030948,80.217047,4117,183894.9,498746.5
635164739,6.862867,79.865846,4117,123198.26,390415.94
621950451,6.861589,79.866144,4117,123254.37,390561.23
60797432,6.851321,79.866066,4117,123670.95,391894.98
1533913594,6.85129,79.866366,4117,123677.12,391914.51
598720858,6.840407,79.878619,4117,124678.03,393908.23
1139090033,6.05306,80.208048,4117,183314.71,497368.13
60798033,6.849682,79.877005,4117,123976.17,392784.2
208541195,6.849848,79.879192,4117,123766.29,392537.77
150994801,6.850263,79.872015,4117,123813.16,392296.23
77373725,6.00357,80.717223,4117,205054.14,562582.61
77374718,6.046424,80.73308,4117,200320.63,556471.39
1530689260,5.98521,80.698748,4117,205963.63,564541.31
2909552257,6.042124,80.691648,4117,202039.92,561477.77
3771334922,6.04815,80.733502,4117,200135.39,556272.23
77374761,6.048187,80.733577,4117,200134.29,556265.9
3592199657,6.043186,80.742322,4117,201137.57,557388.64
77682074,6.966753,80.771818,4117,162528.03,416216.0
2637064010,6.967684,80.767675,4117,162421.04,415667.1
2035832311,6.967087,80.772005,4117,162559.29,416258.53
3492736839,6.106432,80.348319,4117,184793.21,510632.3
266478204,5.984079,80.435388,4117,196756.32,527409.72
2993960268,6.022331,80.796153,4117,203669.26,558322.16
102750184,6.065642,80.217694,4117,183282.01,498363.93
1242330004,6.087885,80.21181,4117,183307.83,497547.73
127659819,6.990426,80.217468,4117,119961.09,398582.47
3883403618,7.078484,80.144702,4117,116673.78,385140.65
129606431,6.784369,80.055103,4117,125354.67,413390.97
13149927793,6.78449,80.055325,4117,125348.06,413377.77
1430577735,6.784658,80.05522,4117,125351.03,413356.55
129607365,6.842143,80.09171,4117,121494.2,409831.95
5366204208,6.842491,80.091593,4117,121492.34,409791.27
1697583653,6.854014,80.08938,4117,121045.41,408301.35
1150403426,6.90888,80.08259,4117,119462.89,401679.71
252542077,6.809912,79.995565,4117,125773.87,404491.61
324918527,6.86494,79.995866,4117,122174.36,399498.56
255179552,6.867539,79.910088,4117,123109.43,391782.38
1348104699,6.86654,79.900496,4117,122655.21,390640.94
250734844,6.848623,79.89769,4117,123311.03,392600.96
9959089701,6.864894,79.896474,4117,122590.29,390556.09
275520231,6.869442,79.897924,4117,122515.99,390204.4
129616175,6.873384,79.872993,4117,122298.14,388624.96
10740616731,6.873581,79.872693,4117,122293.85,388604.41
1978809439,6.871419,79.876055,4117,122364.95,388846.41
129616344,6.866201,79.879709,4117,123007.29,390497.02
208541425,6.867038,79.88465,4117,122538.49,389935.3
620401826,6.863179,79.86725,4117,123123.86,390257.05
130346191,6.070689,80.233836,4117,183685.82,500290.4
652615607,6.050555,80.228254,4117,184852.81,501000.68
1093698342,6.077962,80.248645,4117,183629.67,502254.13
1138480058,6.261162,80.059544,4117,166356.03,464904.78
12474497827,5.946438,80.530702,4117,202427.91,540243.21
138713153,6.032672,80.216695,4117,183713.2,498517.62
138714131,6.031126,80.216999,4117,183872.58,498724.15
138714420,6.031296,80.21709,4117,183851.33,498702.86
138714274,6.031081,80.217122,4117,183875.25,498726.83
5182773491,6.03211,80.217288,4117,183758.87,498610.16
191849931,6.97596,80.765525,4117,162717.85,414760.75
2035832247,6.973455,80.771528,4117,162915.8,415604.49
2035763052,6.973937,80.767174,4117,162617.25,415057.64
198485623,6.878165,80.813672,4117,171546.47,431337.97
10108470176,6.815635,80.883939,4117,176471.59,450026.49
198553743,6.971433,80.774463,4117,162775.35,416025.21
4897029032,6.973108,80.771965,4117,162894.14,415669.54
2035845823,6.970336,80.784474,4117,163758.25,417224.78
3249089698,6.141399,80.136767,4117,177277.16,484112.23
206597400,6.848328,79.885464,4117,123575.11,392667.96
2068144084,6.840819,79.901332,4117,123546.21,393567.98
1737436578,6.853486,79.885026,4117,123427.68,392080.28
621909031,6.839802,79.884742,4117,124258.15,393622.22
622293249,6.852222,79.882265,4117,123614.17,392104.34
208541289,6.857138,79.890753,4117,122901.79,391271.05
9075818013,6.856832,79.890741,4117,122909.67,391305.07
1489265551,6.716797,80.061667,4117,127701.49,418559.13
245519512,6.694456,80.075782,4117,129853.1,421512.19
2083588478,6.67945,80.162123,4117,133453.85,435687.84
245519575,6.663456,80.0716,4117,132756.98,425427.63
253718871,6.713627,80.063391,4117,127957.89,418963.85
245519747,6.608409,79.952938,4117,138490.31,421800.87
265731258,6.625681,80.077037,4117,136805.58,430876.35
2689283758,6.958798,80.609398,4117,151072.49,403860.2
247987689,6.172492,80.177829,4117,176116.62,485850.45
3257914816,6.180465,80.191935,4117,177214.41,487960.19
3257848747,6.155122,80.183755,4117,177343.6,488021.58
3257742983,6.174664,80.166535,4117,175355.22,484396.73
1637776242,6.224118,80.113824,4117,170869.93,475343.02
248049055,6.141402,80.136957,4117,177282.3,484133.24
11368215992,6.141192,80.136717,4117,177296.56,484138.7
4408220358,5.976886,80.698753,4117,206146.99,563551.25
1745927593,5.948312,80.569598,4117,205319.38,545274.43
250131908,5.949173,80.54374,4117,202948.03,541732.68
1428670920,5.947937,80.534902,4117,202594.6,540737.18
250730985,6.894151,79.915688,4117,121942.94,388884.63
3379422351,6.892404,79.918712,4117,121892.81,389311.0
250731057,6.873471,79.891386,4117,122323.96,389348.8
635164942,6.872294,79.89027,4117,122350.59,389370.62
3702135218,6.875082,79.89196,4117,122387.41,389366.01
639689279,6.877978,79.890652,4117,122218.87,388829.22
250734529,6.876358,79.935372,4117,122081.9,392383.36
11141684467,6.876031,79.935595,4117,122111.64,392427.18
2071116379,6.857652,79.908338,4117,123214.73,392090.42
3521510213,6.84841,79.897796,4117,123313.31,392619.35
252537325,6.751157,80.021431,4117,128576.25,411984.53
1212770521,6.72836,80.033163,4117,127874.95,414880.92
1212770540,6.75174,80.019318,4117,128562.96,411752.25
252537345,6.780844,79.996265,4117,126913.77,407273.14
256664021,6.769987,80.005158,4117,127617.99,409008.49
252537410,6.833,79.964745,4117,123263.14,399014.4
10170931060,6.829356,79.965444,4117,123540.56,399434.6
665006631,6.803942,79.940621,4117,124779.87,400314.76
6292190479,6.840937,79.965033,4117,122678.01,398117.98
252537800,6.87715,79.89295,4117,122324.33,389111.58
618771179,6.883874,79.901923,4117,122487.07,389504.06
3702142136,6.875905,79.892316,4117,122363.01,389266.23
252537863,6.784453,79.978363,4117,126020.51,405152.95
7062379366,6.783408,79.986212,4117,126401.67,406046.03
252538015,6.872766,79.904886,4117,122955.86,390961.93
11959575861,6.874931,79.901602,4117,122807.58,390520.49
254029970,6.798156,80.043264,4117,126127.14,410877.1
10170931056,6.829173,79.965899,4117,123581.27,399491.05
1131882974,6.944051,79.878615,4117,120062.16,380460.79
253721036,6.849141,79.94836,4117,123138.9,395821.58
11141684469,6.875883,79.93562,4117,122133.85,392434.64
11035177227,6.792744,80.0541,4117,125647.99,412424.36
254033158,6.895204,79.889557,4117,122097.49,387364.75
672817127,6.887012,79.887167,4117,121970.96,387527.55
3340955134,6.907745,79.895627,4117,121364.8,386009.42
254365532,6.794612,79.942349,4117,125156.96,400843.27
1691828074,6.793628,79.944866,4117,125348.58,401142.17
255179558,6.868898,79.911091,4117,123169.87,391979.45
2152938672,6.866111,79.929013,4117,123175.71,393334.56
255179593,6.878934,79.921879,4117,122714.38,391850.59
6514093427,6.884192,79.902531,4117,122504.68,389526.92
3804176571,6.87695,79.92638,4117,122463.63,391918.91
10308315023,6.768566,80.006376,4117,127700.44,409215.46
256664026,6.856541,79.890711,4117,122915.55,391337.4
6260384168,6.856477,79.89095,4117,122928.17,391357.76
1737485408,6.856552,79.890646,4117,122916.82,391337.42
9075842358,6.856257,79.890717,4117,122932.7,391368.81
256823957,6.902215,79.919573,4117,121433.77,388727.52
6719733717,6.902066,79.919635,4117,121444.07,388745.33
3404831124,6.902183,79.919483,4117,121435.7,388717.05
3354710539,6.902286,79.919711,4117,121431.73,388744.76
257673145,6.797293,79.93076,4117,125271.66,399745.7
3498479745,6.79597,79.94038,4117,125067.74,400666.95
3570836882,6.801321,79.923129,4117,125358.44,398761.47
4019531402,6.800999,79.934714,4117,124941.99,399665.44
257673162,6.801726,79.935469,4117,124904.1,399689.89
665006657,6.803896,79.940476,4117,124778.68,400297.95
3498455049,6.801444,79.935193,4117,124902.16,399661.44
257926316,7.286977,80.647817,4117,136219.37,346035.51
1909546344,7.202615,80.663173,4117,150038.5,365458.49
4004597816,7.291249,80.637419,4117,135023.05,344482.49
257927955,7.306365,80.633967,4117,135408.53,342643.37
13671920564,7.299393,80.635291,4117,135145.3,343468.84
2019733995,7.940094,80.727619,4117,163927.53,323296.23
258057404,7.858589,80.680787,4117,156097.29,314049.14
1836349438,7.409676,80.60892,4117,142988.49,328609.28
2093606557,7.548799,80.621806,4117,147802.75,315477.5
568948837,7.707673,80.771541,4117,170728.69,318594.96
896199017,7.940022,80.727422,4117,163912.86,323273.17
5075907972,7.777561,80.81842,4117,166840.2,314672.99
4082665360,8.041531,80.953288,4117,189041.42,349691.73
3237453500,7.214856,80.571039,4117,136424.33,358173.98
445265132,6.604548,80.091996,4117,139075.11,434114.05
1500297617,5.982127,80.446796,4117,197434.99,528722.62
1181395693,5.978189,80.430409,4117,196249.78,526521.04
268931537,6.877261,79.900395,4117,122773.95,390341.84
618771321,6.876314,79.900711,4117,122744.11,390341.61
275517837,6.90332,79.905356,4117,121550.07,387259.13
618771188,6.884244,79.901955,4117,122467.55,389462.92
6947814999,6.904918,79.905393,4117,121498.65,387078.74
4580840142,6.874744,79.900556,4117,122809.93,390509.7
291672423,6.809368,79.938962,4117,125090.32,399872.83
6519129900,6.84424,79.925909,4117,123656.6,394777.38
3803845891,6.805943,79.926484,4117,125158.97,398581.08
310845638,5.953168,80.545992,4117,203243.37,542444.1
1428668275,5.951633,80.546152,4117,203164.53,542273.38
312920246,7.207084,79.840834,4117,126950.56,349426.89
313236260,7.207752,79.837913,4117,127135.72,349451.26
1683204299,7.198705,79.853936,4117,126450.19,350253.83
1147858863,7.208348,79.834808,4117,127408.75,349811.63
313236265,7.210595,79.83938,4117,127013.34,349005.33
639204465,7.211445,79.841284,4117,127052.95,349030.54
313236286,7.210998,79.838568,4117,127085.22,348905.15
4087081915,7.219309,79.844959,4117,126885.72,347739.95
313403915,7.079613,79.85958,4117,123356.16,366384.99
2506020933,7.08229,79.868182,4117,123108.62,365350.51
403899928,7.093991,79.847143,4117,125214.54,364328.83
323506737,6.905668,79.963188,4117,120236.33,391953.34
2620521080,6.904015,79.955185,4117,120318.8,392597.33
617228235,6.909658,79.971155,4117,120274.01,392883.7
619742609,6.874678,79.993299,4117,121910.21,398278.1
674898973,7.153073,80.063667,4117,116954.58,375397.49
617970086,7.125519,80.110804,4117,116839.82,381429.61
324982229,7.002172,79.950907,4117,118791.18,377214.25
1840750859,7.002125,79.951076,4117,118779.73,377233.72
3345071366,7.002149,79.951412,4117,118774.12,377270.95
1645495724,7.002019,79.949284,4117,118938.76,377033.32
324985529,6.977196,79.930305,4117,119526.92,379600.89
621139685,6.977932,79.927654,4117,119354.26,379296.25
637858647,6.975097,79.949457,4117,120793.95,381920.21
3816390091,6.977986,79.927687,4117,119353.02,379319.59
1438094658,6.98478,79.903111,4117,120645.28,376212.64
635895564,6.953134,79.918978,4117,121633.69,382458.23
376763058,5.957544,80.545616,4117,203468.34,542933.65
376774340,6.05282,80.62985,4117,201004.39,552572.03
3634858930,6.068384,80.629216,4117,199497.08,551416.38
1932027734,6.047798,80.628863,4117,201500.42,553162.08
5041222126,6.068783,80.601346,4117,201138.07,548239.11
388268117,6.095598,80.744758,4117,197758.33,550321.44
2605754835,6.085752,80.743244,4117,198639.45,551463.02
4761516411,6.121292,80.744851,4117,195405.43,547339.77
403816151,6.94416,79.878967,4117,120076.17,380477.57
403816178,6.937235,79.89622,4117,120887.49,382640.06
2131864627,6.93285,79.893716,4117,121041.96,383233.9
2760582892,6.936247,79.915269,4117,121420.1,384762.64
403816197,6.935938,79.925652,4117,121141.6,385824.77
13653585411,6.942792,79.923561,4117,121577.3,385018.54
403816206,6.937395,79.94521,4117,120844.93,387611.15
2760582907,6.93592,79.916367,4117,121367.59,384889.46
3166543427,6.921978,79.926812,4117,121439.27,387427.53
403841727,6.909042,80.053903,4117,120398.06,398237.13
1778845290,6.865003,80.023328,4117,121627.86,402017.71
403841840,6.942284,79.961811,4117,121200.2,386632.86
403841847,6.944084,79.954897,4117,121580.11,385841.93
3603503553,6.938872,79.971152,4117,120522.1,387740.37
621150239,6.967339,79.961185,4117,121407.38,383601.47
3491079318,6.968955,79.954432,4117,121248.29,382835.42
403874494,6.946159,79.912906,4117,121843.47,383768.9
2760582902,6.93668,79.915387,4117,121446.28,384812.25
403874820,6.931134,79.883108,4117,120634.68,382417.07
4678368699,6.930973,79.882706,4117,120620.63,382393.34
2131864639,6.932654,79.89044,4117,121009.42,383260.75
403875117,6.909304,79.898421,4117,121385.04,386189.09
635166180,6.90962,79.89707,4117,121338.47,385990.61
5007247077,6.922693,79.91321,4117,121754.3,386386.08
4056840093,6.908824,79.898676,4117,121371.71,386198.06
403875119,6.908644,79.898767,4117,121376.65,386218.69
403881228,7.221916,79.863565,4117,126491.08,350290.47
403881262,7.235844,79.878896,4117,126807.95,351115.44
4316825579,7.223838,79.879715,4117,126428.86,352177.1
403881289,7.248063,79.899349,4117,126532.88,348383.15
403881294,7.250807,79.905405,4117,126384.4,349121.45
403881317,7.260851,79.939365,4117,127405.58,350961.62
617812791,7.230694,79.908774,4117,125174.01,351627.15
1261568353,7.286245,79.985578,4117,125253.32,357305.57
6537339896,6.994605,79.874367,4117,122200.45,376197.82
403899801,6.982958,79.875263,4117,121652.33,377309.33
6537358006,6.982853,79.874698,4117,121654.71,377373.01
403899823,7.027495,79.865662,4117,123586.14,372367.59
403899962,7.047112,79.861976,4117,123553.78,370189.33
2142265829,7.014218,79.867595,4117,123219.69,373851.42
403899879,7.06916,79.8532,4117,123682.48,367193.91
1980566521,7.139472,80.234568,4117,121583.08,376706.55
445260245,7.073259,80.269521,4117,120787.7,385277.51
3927772231,7.072982,80.2693,4117,120777.22,385316.75
2015279496,7.123982,80.287672,4117,122249.48,378777.66
3210113789,6.591443,80.085634,4117,140175.14,435934.28
445265578,6.591696,80.085173,4117,140240.85,436006.9
560221970,6.568706,79.98922,4117,143578.52,429545.66
445270465,6.590705,80.085874,4117,140228.74,436020.19
6294540739,6.523262,80.114475,4117,144121.55,445169.3
560221118,6.542092,80.157664,4117,144659.31,451126.13
6294406153,6.542342,80.157374,4117,144654.42,451083.87
1994843650,6.526588,80.170285,4117,145795.85,453412.04
560221199,6.524767,80.213602,4117,148650.81,458801.58
1994725664,6.532769,80.348522,4117,148885.89,463339.72
3369556773,6.607366,80.236229,4117,142862.65,449027.4
560221964,6.559587,79.977533,4117,142791.9,428315.18
600669265,6.561404,79.981133,4117,142764.06,428318.0
2280537322,6.561267,79.969421,4117,142166.2,427390.56
4059337439,6.565444,79.999682,4117,144424.46,430815.8
562824877,7.481975,80.360607,4117,126695.44,329530.67
9562328833,7.481946,80.360728,4117,126698.42,329516.94
6548196298,7.484186,80.355016,4117,127146.23,329772.89
566569273,7.980098,80.530737,4117,166019.62,324321.31
4158784481,7.995976,80.537789,4117,167279.49,326390.39
3522137041,7.902665,80.523386,4117,160267.79,314883.71
566569620,8.005957,80.510241,4117,168978.34,328074.68
2093610550,8.029829,80.487219,4117,168226.88,327358.8
566569836,8.144123,80.411788,4117,175090.42,335824.63
7034884152,8.236263,80.350961,4117,180917.55,344384.57
2906906430,8.134804,80.431468,4117,173225.85,333335.19
567004309,8.343788,80.4031,4117,189964.04,358701.27
567004704,8.347627,80.402123,4117,190285.74,359140.83
567004605,8.370433,80.400778,4117,192330.84,361713.66
1244985944,8.355279,80.404997,4117,190766.16,360315.63
3305877503,8.371238,80.400505,4117,192424.41,361807.67
5974119999,8.355218,80.404087,4117,190735.0,360208.84
567004763,8.355373,80.404365,4117,190745.0,360244.23
6294506984,8.040197,80.59865,4117,166570.39,330330.24
568948707,7.732379,80.791089,4117,171869.54,320767.71
1896101718,7.706294,80.828739,4117,171202.34,317469.83
3998841948,7.290769,80.60715,4117,134124.07,344658.48
570766414,7.329081,80.408946,4117,128147.47,352874.96
570766423,7.323298,80.396858,4117,127608.38,353712.09
5547928141,7.326612,80.426164,4117,129986.19,355840.35
598167934,6.828932,80.894546,4117,174140.9,447695.2
598168119,6.799137,80.914826,4117,173822.27,452613.48
3666045181,6.841639,80.901703,4117,175684.61,449555.92
3590783632,6.785011,80.932728,4117,173312.09,455911.27
603240958,5.921301,80.589708,4117,207354.28,548951.39
13709350341,5.926711,80.589488,4117,206752.93,548349.89
610929939,6.153563,80.768346,4117,191912.11,542354.1
3633739438,6.25138,80.764425,4117,185206.62,533457.98
3547525265,6.18414,80.793093,4117,188788.6,537774.6
7183361981,6.147763,80.763575,4117,192445.47,543186.21
610944381,6.118727,81.08248,4117,203104.18,552627.47
6247562247,6.121792,81.081674,4117,203263.06,552276.93
610944426,6.28056,80.971911,4117,187241.97,536133.14
610944465,6.301949,81.003249,4117,187176.65,531864.31
610944464,6.300037,81.003157,4117,187378.86,532076.07
6251993878,6.301503,81.003252,4117,187223.66,531913.55
6251962520,6.301967,81.003312,4117,187178.77,531862.26
6251962524,6.317933,80.998202,4117,185725.3,529940.38
610944481,6.174426,81.061023,4117,200240.83,548267.48
6247858277,6.173341,81.061341,4117,200326.46,548392.51
610950712,6.146986,81.127145,4117,205742.42,543824.84
3377484745,6.148253,81.127127,4117,205671.4,543965.04
1720902277,6.146424,81.127124,4117,205773.83,543762.7
610955140,6.431133,81.022503,4117,181695.64,514031.44
610968720,6.259381,81.310215,4117,209413.58,520998.46
912275456,6.227029,81.334127,4117,215794.79,527461.82
1639029741,6.275181,81.291165,4117,206311.64,517894.26
610968963,6.285315,81.278092,4117,204988.13,518248.57
3283385138,6.284661,81.266784,4117,204373.49,519517.42
3276158654,6.285362,81.278519,4117,205011.18,518200.74
3276158651,6.2852,81.278387,4117,205007.66,518223.89
2093610245,8.005875,80.301503,4117,166879.4,319778.39
615737957,8.341059,80.380274,4117,191035.69,359550.36
4099888815,8.344635,80.391659,4117,189713.26,358144.06
1401456469,8.327786,80.361388,4117,190201.61,357171.17
1410578037,8.359071,80.372398,4117,193287.64,361893.13
617190011,6.896612,79.959411,4117,120614.94,393532.11
4755847830,6.893486,79.937625,4117,121777.55,391586.57
971827647,6.90366,79.955225,4117,120330.78,392623.78
3540609796,6.890922,79.964581,4117,120708.27,394383.08
617799602,7.328438,80.023878,4117,127429.1,356138.46
8771443557,7.328413,80.024101,4117,127424.33,356117.32
1261568522,7.321866,79.977256,4117,127294.36,352803.75
617810744,7.281259,80.055351,4117,121778.13,364364.31
6509381798,7.224845,80.019516,4117,119961.84,363982.34
3167605964,7.284373,80.065795,4117,121569.46,363130.61
617810971,7.330012,80.122654,4117,121517.4,354272.27
4600910031,7.339447,80.131258,4117,121746.75,352816.42
2562843827,7.32465,80.123399,4117,121422.85,354967.28
8771443550,7.328226,80.024468,4117,127421.82,356125.79
639129515,7.230737,79.909793,4117,125094.76,351739.82
617816305,7.298005,79.882388,4117,129698.47,341133.67
3432403070,7.29752,79.882214,4117,129648.81,341190.6
3660680255,7.309856,79.890278,4117,131115.34,339538.84
1723172809,7.112257,80.136276,4117,116447.86,380908.26
617823362,7.247451,80.127532,4117,118720.22,364511.47
617823428,7.3135,80.109594,4117,121514.53,357029.63
617823366,7.247458,80.129454,4117,118531.88,364297.04
1662220531,7.246317,80.119476,4117,119499.65,365413.82
1235783744,7.253494,80.172475,4117,120213.21,366335.82
1235697661,7.119769,80.116702,4117,117203.48,382350.09
3340955133,6.907989,79.895747,4117,121357.94,386001.91
618609526,7.49781,80.438148,4117,132333.96,330807.68
5644584039,7.549453,80.491042,4117,137733.35,321539.98
6514093426,6.884117,79.901946,4117,122472.64,389476.99
11959629970,6.876256,79.900738,4117,122742.2,390341.29
619742402,6.933329,79.989959,4117,119538.39,390047.97
619742791,6.888113,79.994935,4117,122027.55,398199.37
2712362971,6.877155,79.98999,4117,121814.5,397821.06
2710652547,6.868527,80.0014,4117,121929.06,399403.05
619742785,6.887332,79.994072,4117,122022.74,398331.45
2712362969,6.877421,79.990066,4117,121816.1,397826.81
8567390725,6.88795,79.994357,4117,122033.51,398272.93
8567390721,6.887909,79.994616,4117,122025.99,398241.29
619880027,6.865652,80.013501,4117,121803.06,400912.82
5366204163,6.842067,80.0917,4117,121497.46,409841.25
619906809,7.03079,80.028842,4117,118225.03,381606.63
6545679857,7.033568,80.091889,4117,119485.79,389170.28
2021648880,6.994514,80.015268,4117,118934.03,386054.98
658424634,7.033618,80.027148,4117,118179.52,381238.06
8951049861,6.848187,79.925874,4117,123419.17,394320.06
2507107528,7.082709,79.868474,4117,123117.58,365293.71
621126052,6.969434,79.954353,4117,121222.02,382781.78
5773844872,6.969604,79.954284,4117,121212.06,382761.38
3491079315,6.968943,79.954892,4117,121281.69,382863.29
621188379,6.907741,79.930392,4117,121106.5,389652.63
5237448596,6.907884,79.930004,4117,121113.43,389606.99
2972494700,6.908424,79.944546,4117,120815.19,391258.9
1737150787,6.832253,79.885589,4117,124868.44,394473.94
622288497,6.876756,79.928136,4117,122333.64,391734.16
10259347399,6.876724,79.928216,4117,122331.84,391743.69
1737436611,6.8539,79.88465,4117,123461.85,392094.53
635165818,6.892494,79.921251,4117,121775.25,389592.45
3379422350,6.892402,79.918771,4117,121891.01,389317.55
6513995679,6.892613,79.92162,4117,121746.21,389590.46
5352135771,6.950323,79.917307,4117,121830.74,382915.26
637009373,7.093252,79.993765,4117,118908.41,372698.0
637834306,7.028912,79.921805,4117,121411.33,372229.79
1285521727,7.028354,79.921927,4117,121358.52,372186.8
970090967,6.981376,79.968271,4117,120282.05,381679.77
637859907,6.986465,79.973905,4117,120256.7,380814.48
638916931,7.156555,80.055225,4117,117532.1,374345.08
3203260988,7.207614,80.057048,4117,120172.39,369986.66
638943128,7.158411,80.031546,4117,118657.16,371654.62
4085806761,7.15481,80.057777,4117,117259.16,374687.71
638921965,7.163373,79.981214,4117,119421.89,365838.24
3645054902,7.163361,79.98132,4117,119416.93,365849.95
638923097,7.169006,79.948482,4117,119996.65,361587.12
667547394,7.195059,79.98459,4117,120084.5,365539.73
638924150,7.169022,79.948123,4117,119973.55,361547.42
638924157,7.169103,79.948135,4117,119974.03,361547.86
638925117,7.169072,79.947698,4117,120002.09,361496.98
638927828,7.16912,79.948019,4117,119975.52,361532.89
638927836,7.169059,79.948001,4117,119975.31,361530.56
638925131,7.170123,79.945433,4117,120253.93,361200.13
1268334826,7.184696,79.908169,4117,123333.86,358449.61
1268334824,7.204647,79.920958,4117,124215.39,355052.55
638927829,7.169333,79.948236,4117,119981.59,361566.55
1431446624,7.169114,79.948129,4117,119974.22,361546.51
1847947621,7.184365,79.963868,4117,120526.01,362957.94
1431446632,7.169139,79.948049,4117,119975.34,361536.75
638927834,7.168786,79.947929,4117,119978.76,361562.02
1431446619,7.169044,79.948006,4117,119975.07,361532.23
1431446617,7.169005,79.948096,4117,119973.71,361543.96
638929070,7.163845,79.946182,4117,120091.11,362142.06
638935065,7.139064,79.976366,4117,119762.08,366590.52
1268334809,7.143011,79.930696,4117,120889.58,363880.88
638935032,7.126291,79.981095,4117,119190.5,368120.5
638936201,7.125974,79.981194,4117,119175.15,368157.29
638936216,7.126,79.981284,4117,119174.98,368158.93
667537356,7.124566,79.975183,4117,119293.59,368276.97
638936200,7.125887,79.980979,4117,119182.99,368182.96
638936206,7.125863,79.981321,4117,119176.35,368177.55
638936208,7.125603,79.981389,4117,119196.04,368206.52
638936220,7.125846,79.981218,4117,119176.31,368173.67
638937223,7.100132,79.991122,4117,119371.14,371252.6
638936212,7.1259,79.981645,4117,119184.79,368200.29
3205978508,7.150384,80.019574,4117,119045.36,373324.24
3799725188,7.092437,79.992368,4117,118948.78,372217.67
3203261039,7.192161,80.038313,4117,120131.33,368637.29
638945897,7.224855,80.024772,4117,120082.27,364561.44
6509381797,7.22453,80.01962,4117,119945.99,363985.34
3645537814,7.226464,80.051678,4117,120223.37,367614.15
638969225,7.101397,79.910225,4117,120952.09,366354.91
4231244463,7.101691,79.910307,4117,120953.4,366321.17
638973604,7.123232,79.923577,4117,120642.27,363739.13
638973609,7.123496,79.924529,4117,120632.0,363848.61
3784064218,7.12379,79.924442,4117,120645.47,363853.59
638976365,7.121522,79.921469,4117,120680.45,363438.51
667536068,7.124479,79.974821,4117,119308.52,368318.09
2375440996,7.123721,79.924588,4117,120646.51,363871.64
638976353,7.12169,79.920947,4117,120722.65,363377.88
4192345640,7.132982,79.888786,4117,122957.33,359541.69
638976368,7.121378,79.921346,4117,120684.33,363433.9
639127236,6.962713,80.009029,4117,120026.59,387350.1
639127239,6.963606,80.009315,4117,120049.37,387463.53
3710297373,6.961549,79.996498,4117,119100.94,385938.4
639127718,6.962404,80.009706,4117,120088.61,387435.83
639127240,6.943374,79.99077,4117,119118.04,388094.05
3517629554,6.961143,79.99593,4117,119064.28,385911.07
5064507626,6.94277,79.989732,4117,119116.63,388229.95
639127532,6.96987,80.001501,4117,119292.84,387019.1
3107607858,6.987266,80.013423,4117,119049.19,386919.89
3206169196,6.96155,79.996136,4117,119066.54,385898.45
639128147,7.209555,79.918146,4117,124306.37,354403.08
639142096,7.204598,79.880762,4117,126278.15,352726.17
639245116,7.208846,79.966728,4117,122097.56,359843.33
639247310,7.231582,79.971329,4117,121926.61,358592.27
1261568415,7.229445,79.988481,4117,121776.95,360501.55
639268374,7.294674,79.880063,4117,129592.57,341586.37
1474800248,7.272727,79.86449,4117,128912.45,340973.74
1474795689,7.297032,79.88188,4117,129635.34,341256.62
639288676,7.153481,80.060188,4117,117013.09,374995.34
3687641055,7.154235,80.05911,4117,117131.01,374848.18
4202427009,7.153661,80.061396,4117,116993.47,375130.35
639297344,7.08436,80.078864,4117,118011.45,383388.16
2823998651,7.085481,80.034072,4117,116938.96,377557.0
639298307,7.070474,80.093362,4117,118763.94,385743.97
3120324420,7.077118,80.121466,4117,118242.44,386692.46
667506531,7.057741,80.097076,4117,119257.59,386372.32
651746985,6.72705,79.900678,4117,130181.36,406919.6
5232614480,6.72715,79.900555,4117,130169.85,406902.05
1418747701,6.727569,79.900473,4117,130143.05,406853.29
652384088,6.787907,79.88545,4117,126814.63,399806.6
5294022980,6.045788,80.225187,4117,184387.25,500339.27
5316437631,7.066494,80.012612,4117,117373.46,377002.37
3498458033,6.797766,79.940877,4117,124947.59,400457.57
3816584562,7.073426,80.016941,4117,117160.6,376215.47
3387391143,7.033789,80.092073,4117,119479.78,389138.41
667524408,7.069306,79.961383,4117,120024.26,373494.22
5559025442,7.005019,79.954235,4117,119006.73,377794.24
6509381795,7.22435,80.019099,4117,119945.26,363967.06
13695751609,6.891746,79.87811,4117,121619.61,386297.1
3240952949,7.18645,80.111789,4117,117205.81,371663.83
4202427002,7.153733,80.062118,4117,116981.72,375210.8
681584663,6.967078,79.871738,4117,121426.78,379298.07
683787618,6.91092,79.889976,4117,121170.26,385176.81
10219043287,6.90971,79.895842,4117,121290.11,385852.45
2558457385,6.801439,79.922009,4117,125395.11,398754.85
773016545,8.351505,80.408378,4117,190661.77,360459.52
2833603895,8.355479,80.415979,4117,190960.72,361412.35
843506679,7.092538,79.995462,4117,118856.22,372894.75
3799756193,7.092472,79.995272,4117,118858.9,372872.46
3681424087,7.091253,79.999227,4117,118604.33,373292.32
847419106,9.739689,79.889823,4117,368871.98,557624.4
1886574479,9.708812,79.866509,4117,373384.63,562138.14
847420598,9.728532,79.948613,4117,361884.53,550611.17
853986268,9.696019,79.942033,4117,361788.57,550455.6
853138091,9.735562,79.952652,4117,361735.0,550469.49
847436961,9.777073,80.129606,4117,353610.47,540551.12
1245033035,9.778822,80.116197,4117,353472.73,540414.05
847437156,9.790557,80.14443,4117,354411.69,540879.3
848594025,9.79661,80.147101,4117,354662.54,541610.13
847439889,9.673937,80.034849,4117,349483.38,538003.56
847467192,9.67419,80.026167,4117,350517.47,539066.3
847467198,9.676093,80.021196,4117,351089.41,539652.91
847467215,9.681664,80.012971,4117,352199.22,540789.13
847468342,9.698195,80.014752,4117,354032.7,542665.58
853156385,9.702772,79.997854,4117,355165.6,543808.49
847468378,9.730439,80.023747,4117,355624.18,544633.4
853155878,9.741832,79.98627,4117,359732.09,548788.76
849238277,9.717457,80.044363,4117,352976.14,541917.95
847468394,9.745055,80.02791,4117,356761.96,545267.54
847469685,9.745487,80.055777,4117,354699.87,542180.48
854024183,9.757738,79.997693,4117,360413.35,548962.28
847469569,9.748276,80.108298,4117,349636.13,536515.04
847483734,9.800029,80.200736,4117,351211.84,537809.2
848553626,9.806568,80.202948,4117,351980.68,538587.24
847851582,9.788419,80.214849,4117,349154.72,535666.01
847836026,9.637992,79.902008,4117,367242.46,555835.9
13304847351,9.691118,79.870272,4117,371717.28,560311.19
854150056,9.689452,80.163024,4117,340140.48,526635.46
848553191,9.77776,80.233646,4117,348390.9,535312.85
848554190,9.806271,80.226198,4117,350664.52,537118.34
847851714,9.774397,80.206089,4117,348270.49,535483.42
847863823,9.770423,80.23405,4117,347528.83,534438.87
847864408,9.79106,80.15829,4117,353733.0,541176.81
1245043260,9.658915,80.163588,4117,338307.47,526338.71
854187070,9.831977,80.201535,4117,354863.27,541507.5
848554341,9.803125,80.241322,4117,351288.19,537817.65
1148495722,9.827795,80.235564,4117,353306.73,539928.09
854186991,9.813967,80.231345,4117,351539.03,538143.81
848593926,9.81672,80.135066,4117,356957.41,543551.5
3804229985,9.816433,80.135192,4117,356954.14,543586.21
1148495382,9.79111,80.156932,4117,353876.09,541325.94
1245037494,9.806956,80.157257,4117,356003.59,543294.17
848594067,9.805875,80.165355,4117,355908.72,542766.52
848610217,9.823412,80.169583,4117,358043.95,544917.84
7569009680,9.823711,80.169467,4117,358078.74,544953.27
848610218,9.823688,80.16963,4117,358074.41,544948.78
4136868890,9.658966,80.163613,4117,338307.47,526332.41
4439545826,9.704517,80.069372,4117,349831.95,538689.63
849241783,9.659909,80.009394,4117,352338.04,540896.33
2052447109,9.657257,80.014527,4117,352977.05,541535.8
853137780,9.753738,79.961601,4117,362797.8,551887.98
5126464949,9.773177,79.969199,4117,363933.64,553106.81
853156367,9.704252,79.997768,4117,355327.89,543972.58
853155767,9.747324,79.972177,4117,361396.75,550476.86
854070754,9.753744,79.983391,4117,361080.06,550226.55
853156231,9.716347,79.997196,4117,356671.44,545343.32
854093516,9.705353,80.018019,4117,354882.2,543539.49
853165390,9.685891,79.999522,4117,354421.58,543028.63
5522105422,9.680353,80.007879,4117,353301.49,541904.42
853165643,9.68193,80.013027,4117,352228.63,540819.19
3803918467,9.684498,80.008096,4117,352839.45,541438.51
854023955,9.753313,79.984382,4117,360962.55,550107.91
5847955549,9.763449,80.029537,4117,358808.83,547339.2
854070627,9.773079,79.971674,4117,363654.64,552826.54
1245033009,9.759916,79.981832,4117,361792.42,550944.91
1245033122,9.779391,79.987872,4117,364010.94,553198.7
871932407,9.583669,79.822054,4117,378994.62,567590.92
891638940,7.161906,80.573909,4117,137764.06,362924.64
1724997103,7.238624,80.601112,4117,135504.68,352260.06
2732633599,7.92897,80.687406,4117,159966.96,318396.13
1235804433,8.347579,81.00835,4117,208964.7,379519.43
904233212,7.481649,80.361222,4117,126698.03,329515.97
9562328819,7.481683,80.361089,4117,126692.64,329525.81
904233272,7.478331,80.374011,4117,127325.07,328840.36
904233235,8.571016,81.236879,4117,239102.44,419167.56
1242786587,8.56863,81.233752,4117,238992.5,419054.16
1242791210,8.576557,81.234572,4117,238435.39,418499.28
904233506,8.583914,81.228828,4117,237780.35,417844.89
10142217471,8.583708,81.228964,4117,237775.87,417840.18
6685553328,8.600421,81.217956,4117,237293.04,417358.44
904233558,8.577587,81.234723,4117,238411.21,418475.78
1172970726,8.580524,81.231336,4117,237993.04,418056.94
4067964376,7.478451,80.37412,4117,127335.27,328813.84
4045751173,6.595892,80.457853,4117,144728.46,458458.15
912273614,6.588429,80.41605,4117,149782.51,464378.18
4045751170,6.595934,80.4577,4117,144741.76,458479.62
8312180939,6.680094,80.400165,4117,137087.87,443861.79
5237438508,6.531305,80.396644,4117,150498.87,465129.92
1164676122,7.302933,80.65852,4117,137941.38,343900.66
2087105380,6.971365,79.97682,4117,120641.27,383344.43
2489067296,6.904041,79.954962,4117,120327.63,392572.49
1028522713,8.369497,80.388043,4117,192999.72,362057.18
1028522856,8.368852,80.387841,4117,192923.09,361980.46
1410579071,8.368403,80.385687,4117,193152.91,362224.95
1030050388,7.258323,80.555861,4117,132933.66,354631.2
3170533458,7.249829,80.562316,4117,133248.14,353978.93
3226291720,7.229317,80.53646,4117,133833.15,359898.2
1093697782,6.220482,80.286155,4117,174142.11,493097.32
1093799320,6.207382,80.337035,4117,178760.6,501294.04
4729747107,6.201583,80.276716,4117,175615.4,495666.32
2607383505,6.244769,80.268903,4117,172197.63,489436.23
1093698207,6.172186,80.285543,4117,177766.98,499644.14
4729747389,6.197948,80.27472,4117,175874.87,496149.24
1093699503,6.134737,80.254426,4117,178566.63,497199.25
1093751318,6.165816,80.205244,4117,178454.28,490390.78
1093762656,6.102343,80.31839,4117,183192.48,506907.82
1093751150,6.154088,80.184512,4117,177484.0,488178.3
1093762481,6.077649,80.275635,4117,185228.29,505522.33
2215855644,6.079541,80.284354,4117,185709.15,506523.19
3269957968,6.061708,80.262165,4117,186779.42,505831.27
1093763092,6.107077,80.334453,4117,184019.63,508949.18
1093762966,6.201761,80.335226,4117,179107.39,501968.19
1093763628,6.107396,80.334993,4117,184019.02,509033.16
4730103455,6.201401,80.303487,4117,177911.73,499260.03
6543091744,6.107089,80.334864,4117,184011.73,508995.18
6543091747,6.107099,80.335,4117,184014.27,509012.55
1093799558,6.340257,80.336621,4117,179426.63,504315.11
5258083979,6.377323,80.360985,4117,173712.25,497250.26
3470538976,6.343172,80.080354,4117,163265.87,458384.1
1124475656,5.976299,80.518025,4117,204444.37,543977.53
1135382428,6.359642,81.03432,4117,188816.4,522867.34
3570607529,6.35678,81.038211,4117,189338.95,523416.93
3470537530,6.27056,80.091243,4117,168672.1,467858.08
3425048815,6.429813,79.99985,4117,151746.92,442880.74
1931363942,6.035262,80.216958,4117,183992.55,498811.16
1638891066,6.273649,80.137041,4117,168905.11,473388.81
1140307744,6.27372,80.13699,4117,168906.76,473388.2
6021413404,6.274375,80.137999,4117,168927.31,473521.6
1146766252,6.480933,80.127062,4117,147544.57,450167.35
4904045485,6.522578,80.114357,4117,144148.6,445249.43
2143415342,6.460775,80.179435,4117,150858.52,457946.35
1969450556,6.47301,80.116206,4117,148265.45,448678.66
3619937663,7.657179,81.739612,4117,253429.51,403463.61
1148495922,9.812336,80.128792,4117,357054.13,544073.67
1245034081,9.79563,80.122504,4117,355438.33,542397.86
1697645957,6.858713,80.174202,4117,124103.86,416039.01
1149576728,6.862604,80.167876,4117,123930.58,415152.41
1862816008,6.918117,80.098954,4117,120179.9,404068.43
1862498820,6.909123,80.083169,4117,119456.63,401754.74
1156533833,7.32764,80.672716,4117,139590.58,339813.22
1156533842,7.328477,80.673569,4117,139656.43,339677.26
1156534074,7.324624,80.648507,4117,138391.1,342641.32
3619696818,7.334241,80.674275,4117,140274.21,338773.76
3616495484,7.328254,80.633407,4117,136682.89,340507.56
1157613973,7.416865,80.68323,4117,152142.1,336993.19
1314754534,7.421072,80.633867,4117,146326.11,325807.21
12794013248,7.454099,80.682627,4117,156988.13,334248.62
3416397811,7.354038,80.682176,4117,142044.79,336148.67
1837478229,7.297827,80.650443,4117,137247.01,344792.65
1181395662,5.975661,80.427636,4117,196058.21,526102.15
1397090861,5.975656,80.427557,4117,196059.54,526093.36
1233271397,5.975843,80.427863,4117,196058.33,526135.29
1181921747,8.32152,80.382206,4117,188025.31,354879.49
6545320376,8.334323,80.392824,4117,188658.19,356748.76
1185558591,6.813044,79.881112,4117,125557.66,396733.35
1186240418,6.891673,80.598409,4117,147339.24,411123.69
1186240445,6.889892,80.598162,4117,147480.74,411326.29
6250183891,6.898179,80.592972,4117,146616.0,410091.47
1186247404,6.868904,80.599958,4117,150087.67,415137.55
3137149149,6.903982,80.528385,4117,147045.13,406398.9
1190546887,6.839329,80.612288,4117,153052.13,419882.41
2686035634,6.913762,80.521176,4117,145926.42,404441.05
3195561861,6.842564,80.606782,4117,153965.43,420798.15
1212770518,6.783483,79.991947,4117,126676.64,406700.64
4996622511,6.781727,79.994733,4117,126829.59,407068.71
3218455285,6.726558,80.033746,4117,127812.84,415090.83
1212770531,6.752782,80.016407,4117,128501.54,411409.86
10308309676,6.753946,80.015544,4117,128452.88,411247.04
1213041863,6.643698,80.179986,4117,136893.54,440297.16
6294406154,6.542349,80.157594,4117,144648.07,451108.3
1213041911,6.645236,80.179742,4117,136764.53,440124.23
5222832228,6.646224,80.179431,4117,136679.11,440009.61
1213041924,6.650562,80.177588,4117,136281.94,439474.26
5222832372,6.651125,80.177473,4117,136235.3,439410.62
1213042254,6.652881,80.176883,4117,136084.2,439204.26
5222832390,6.652102,80.177326,4117,136158.47,439304.7
1796923068,6.679322,80.16352,4117,133578.78,435852.58
1222995418,6.836504,80.572049,4117,157280.48,424785.44
1222995629,6.836882,80.571957,4117,157262.02,424742.17
2686032868,6.84749,80.551735,4117,155568.64,420881.72
1222995635,6.836479,80.571756,4117,157294.39,424791.9
3517300319,6.79029,80.61141,4117,164080.63,432201.09
1223888358,6.669178,79.972542,4117,134259.7,418942.68
1232107044,6.380892,81.314464,4117,204324.25,504898.19
1535505645,6.379244,81.308615,4117,203821.65,504236.49
3683993724,6.380923,81.314767,4117,204331.13,504864.43
1235697388,7.043083,80.131493,4117,117803.52,389737.5
6545679856,7.033585,80.092048,4117,119482.44,389161.17
3883403616,7.078299,80.144229,4117,116665.94,385151.66
2753084556,6.947715,80.094372,4117,119820.18,398949.25
1235697764,7.097742,80.144641,4117,116483.37,382892.61
3120323405,7.097483,80.144685,4117,116482.17,382921.64
1805745150,7.045888,80.253456,4117,119862.17,388776.83
1235775279,6.032422,80.217349,4117,183736.55,498597.58
2562843705,7.271654,80.136825,4117,119295.83,361323.83
1886606136,7.247827,80.131607,4117,118635.23,364311.28
1242694030,8.347463,81.008595,4117,208988.69,379549.52
1235804471,8.34773,81.008545,4117,208989.26,379550.55
1235814874,8.366322,81.003259,4117,209238.34,379865.39
1237974510,7.439276,80.237436,4117,125179.21,335231.95
1237974516,7.449038,80.258097,4117,125940.33,332526.77
6547922849,7.434456,80.217386,4117,124738.15,337700.82
1477408997,7.462759,80.292255,4117,127801.1,335835.99
13442454956,7.57162,80.24889,4117,134210.69,317406.89
1239435107,7.619802,80.245735,4117,137322.17,311305.64
4268469890,7.618727,80.207055,4117,136547.84,315673.91
1239442870,7.412801,80.210391,4117,124314.05,340316.9
5944495992,7.426596,80.213551,4117,124561.06,338690.54
3167653286,7.345552,80.134024,4117,122013.91,352042.98
1239558969,7.295477,80.236624,4117,120295.05,354981.98
1239442924,7.451364,80.191392,4117,127233.24,334584.4
2589251603,7.45342,80.149,4117,131759.48,339313.75
1977816707,7.432681,80.212907,4117,124832.54,337942.65
3066124415,7.53362,80.187574,4117,132624.95,325419.41
1239690924,7.829337,80.301365,4117,157380.04,310363.49
3106294734,7.768623,80.144963,4117,153270.2,311967.85
5052793628,7.829415,80.30173,4117,157402.96,310345.05
1240466580,8.581047,81.227515,4117,237504.56,417563.53
1242786599,8.576948,81.228382,4117,238007.63,418068.54
1241520212,7.998177,80.92448,4117,188458.39,345695.34
1896192506,7.777508,80.818528,4117,166847.6,314657.07
1241600897,6.947747,80.093629,4117,119835.16,398864.4
10093923283,6.947645,80.093965,4117,119821.66,398903.26
1242344698,6.047352,80.248542,4117,186133.16,503291.67
1242395226,6.039935,80.234166,4117,184811.39,501289.78
3658899780,6.050442,80.255682,4117,186520.48,504201.1
12553497562,6.039857,80.234056,4117,184808.07,501287.92
1242562100,6.042772,80.227437,4117,184413.56,500465.14
3619556378,6.045413,80.225216,4117,184385.1,500343.68
9394245015,8.325381,81.300491,4117,233369.52,393665.12
1242700557,8.637222,81.201864,4117,238582.1,418831.09
3221586259,8.681121,81.192737,4117,243980.14,424318.97
1242786017,8.472672,81.144681,4117,228722.61,404821.81
7702374764,8.502184,81.180322,4117,231526.53,406960.0
3804306277,8.567566,81.231873,4117,238758.44,418815.64
1242791243,8.57738,81.234703,4117,238390.53,418454.66
1245021311,9.798181,79.958094,4117,367158.89,556364.0
5126464959,9.773296,79.969298,4117,363921.96,553095.07
1245021317,9.814308,80.012726,4117,365829.95,554460.88
7557813397,9.813498,80.014099,4117,365657.33,554285.64
1245021322,9.80093,80.034362,4117,363066.92,551663.17
1245032999,9.785596,80.033696,4117,361336.41,549909.45
3199620297,9.782484,80.05386,4117,362330.3,550922.56
1245033016,9.780131,79.988142,4117,364096.44,553285.73
1245033118,9.810232,79.997457,4117,367003.91,556202.38
1245033029,9.777567,80.114976,4117,353282.26,540221.2
1245033052,9.762804,80.117738,4117,351574.44,538485.94
1245033104,9.783609,80.078263,4117,357361.98,544421.41
1245763163,9.809784,80.071839,4117,361742.44,548881.92
6896310128,9.79799,80.06475,4117,362961.6,550152.06
1247065794,7.632649,80.305098,4117,141351.39,317666.6
5225962164,7.656623,80.369206,4117,141031.88,309784.7
13236794170,6.832928,79.90631,4117,123915.35,394596.25
1848020009,7.319949,79.976864,4117,127265.39,352911.87
2703675509,7.224617,80.018973,4117,119965.4,363912.07
3205666202,7.321664,79.976494,4117,127311.7,352716.68
1268329299,7.13298,79.888598,4117,122959.42,359520.87
4192345790,7.133357,79.888564,4117,122987.91,359550.05
4192345643,7.132978,79.888416,4117,122961.54,359500.73
2375441004,7.124088,79.924673,4117,120664.37,363896.0
12322046179,7.175264,79.88966,4117,123917.84,358118.57
1285521703,7.028339,79.921739,4117,121357.99,372166.05
2026484605,7.028136,79.923233,4117,121357.21,372329.65
1285521732,7.028131,79.920059,4117,121348.11,371976.92
1370716561,7.027908,79.915535,4117,121295.96,371452.0
1285521745,7.028206,79.921748,4117,121353.6,372164.21
1290251657,7.386902,80.733084,4117,154055.49,350537.96
3619718204,7.339376,80.693332,4117,142748.78,339225.43
1292992471,7.088871,80.00539,4117,118430.32,373993.64
3592104626,7.091026,79.99981,4117,118585.13,373328.95
4790019635,7.074073,80.015405,4117,117216.25,375994.64
1314754545,7.421284,80.633347,4117,146275.83,325742.73
3751644917,6.14303,80.81228,4117,197508.03,548865.71
3935855298,5.968964,80.422119,4117,196077.86,525053.53
13591204530,8.359309,80.372345,4117,193310.03,361920.08
1410578077,8.359691,80.372435,4117,193346.05,361963.04
2835617088,8.359395,80.372456,4117,193318.44,361930.19
1418747698,6.727177,79.900691,4117,130167.84,406906.33
1418747700,6.727281,79.900525,4117,130160.23,406885.63
1418747699,6.727327,79.900628,4117,130155.93,406885.06
1985676777,6.162408,80.89741,4117,192626.93,542560.98
1428650226,6.166846,80.897719,4117,192186.3,542080.79
1428650261,6.167411,80.897424,4117,192121.75,542006.05
1891699904,6.167027,80.897705,4117,192166.79,542058.85
6249854579,6.17008,80.896531,4117,191872.36,541717.82
3364860601,5.948773,80.5472,4117,203134.62,542124.85
1734550178,5.947761,80.534267,4117,202569.06,540664.24
13149927792,6.78495,80.05529,4117,125353.81,413323.29
1432825404,6.526651,81.00116,4117,187908.02,512194.46
2407176254,6.605462,80.798387,4117,165402.08,487378.8
3147073493,6.430259,81.092077,4117,184338.77,506205.6
3577854817,6.989767,79.892921,4117,120559.55,374727.82
3498479727,6.794993,79.940587,4117,125085.52,400712.87
1447394805,6.909277,80.083277,4117,119458.01,401775.57
1862498825,6.909152,80.083434,4117,119460.37,401784.21
10093923287,6.947426,80.093883,4117,119808.54,398919.05
5774134687,8.964992,80.525831,4117,254970.72,436924.2
1466614238,7.353664,79.885894,4117,134711.16,337322.39
3658467160,7.346198,79.840055,4117,135046.94,340550.13
1480051538,7.411754,79.865324,4117,136964.35,330628.62
3432403052,7.297446,79.882077,4117,129645.81,341205.58
6695505186,7.27259,79.864258,4117,128900.17,340951.6
6548047374,7.476837,80.345324,4117,128189.67,331094.03
1848166895,7.43159,79.927628,4117,137377.93,334304.18
3658572653,7.413089,79.831253,4117,137484.94,334621.2
1529199964,6.012664,80.565823,4117,204608.71,550187.69
2165097325,6.03678,80.560787,4117,204237.45,549297.48
3557360283,6.021276,80.588687,4117,204483.11,553334.88
1529240569,5.985588,80.555076,4117,204648.0,546368.75
12856077341,5.966034,80.54785,4117,203844.78,543917.91
4408220362,5.976982,80.698687,4117,206140.8,563552.06
2157080287,5.998589,80.685247,4117,206353.37,565429.78
3167996132,7.484666,80.354493,4117,127196.38,329777.62
3264925450,6.418055,81.324826,4117,205380.29,499352.69
1676682519,7.718471,81.695481,4117,246653.77,393955.73
1877272333,7.228234,81.781092,4117,254098.36,461645.19
1721462757,6.341688,80.07265,4117,164032.02,459246.74
1637776271,6.224796,80.117395,4117,170863.82,475885.44
3655959347,6.256444,80.139181,4117,170075.86,475480.21
7183441660,6.273409,80.136643,4117,168917.36,473336.56
1638915009,6.118736,81.082558,4117,203109.21,552622.23
3594038163,6.11701,81.082691,4117,203025.25,552813.69
1740265426,6.413536,81.332554,4117,205780.79,500437.81
10132102319,6.277449,81.286558,4117,206015.62,518508.65
1639029976,6.285425,81.291432,4117,205736.46,516693.77
13723181257,6.380362,81.315054,4117,204374.01,504929.11
1639380623,6.02436,80.600894,4117,204249.93,554658.22
2605760184,6.037607,80.612407,4117,202353.69,552541.27
2081198517,5.999268,80.606262,4117,205957.23,553865.38
4137314879,9.504114,80.212545,4117,318938.32,506035.64
3345099189,7.00201,79.949248,4117,118942.05,377029.29
3366106297,5.943174,80.549621,4117,203803.54,542876.55
3366095884,5.943101,80.54959,4117,203812.37,542885.79
1660133452,6.038711,80.250176,4117,185533.08,502843.22
3658899782,6.049925,80.256082,4117,186543.58,504252.46
6492863084,6.038052,80.250118,4117,185473.44,502787.39
1660138837,6.063518,80.261536,4117,187015.02,505943.03
1660321886,6.784867,79.975696,4117,126171.08,404849.93
7062380592,6.784442,79.977304,4117,126078.75,405035.81
1661735220,6.891584,79.92248,4117,121798.49,389737.85
2974015161,6.891072,79.928365,4117,121937.06,390412.13
6513995671,6.891886,79.922147,4117,121772.57,389689.9
1668906517,6.875954,79.929227,4117,122304.16,391881.26
3848606598,6.875956,79.934908,4117,122117.11,392423.95
10259347353,6.876651,79.928186,4117,122331.39,391752.42
1668906598,6.903263,79.91135,4117,121544.58,387800.58
1676588936,7.715018,81.702131,4117,247521.98,394911.55
1899261813,7.720236,81.705194,4117,247650.68,395078.59
1676753019,7.733414,81.69852,4117,246679.8,393963.66
8864816866,7.733544,81.698511,4117,246694.19,393978.18
1683151528,6.877311,79.869472,4117,122396.83,388456.55
1676479569,6.881724,79.869613,4117,122397.03,388230.36
4087054249,7.198637,79.854176,4117,126425.29,350226.28
1684345227,7.292144,81.678345,4117,243252.94,444354.31
1684401505,7.294794,81.677122,4117,243197.51,444036.94
1685776786,7.294882,81.677086,4117,243195.85,444026.52
1684401588,7.303481,81.677244,4117,243134.83,443423.29
1684401664,7.297623,81.676393,4117,243127.9,443711.27
1685790901,7.299712,81.683083,4117,243384.14,444492.84
1691633689,7.299088,81.688056,4117,243492.41,444828.52
1685409160,7.240117,81.712795,4117,245565.39,452357.42
1877272293,7.217382,81.746477,4117,250248.13,457202.24
1685488289,7.227976,81.673112,4117,245360.32,455772.73
1881982405,8.532287,80.67644,4117,221245.05,400060.51
1685776727,7.294268,81.681846,4117,243362.73,444663.76
1685776804,7.29755,81.683423,4117,243434.59,444737.56
1685776752,7.29209,81.681809,4117,243368.61,444852.53
1685790906,7.297152,81.685812,4117,243477.5,444973.99
1685790735,7.303564,81.683045,4117,243290.41,444081.32
3350317922,7.303591,81.677295,4117,243132.72,443427.47
1685790789,7.30088,81.686371,4117,243381.38,444556.68
1685790747,7.300547,81.686351,4117,243391.57,444593.86
1691828079,6.790829,79.954,4117,126025.65,402204.25
2151603690,6.708012,80.435528,4117,143852.62,452001.64
1697436973,6.858596,80.091745,4117,120848.68,407741.36
1697582696,6.835725,80.127709,4117,122280.65,412933.71
1697582615,6.828056,80.136908,4117,122504.66,414259.62
8626564846,6.842129,80.091789,4117,121498.43,409841.76
8626564856,6.842867,80.091747,4117,121489.96,409739.06
4891890159,6.648363,80.701878,4117,154966.85,473546.96
2384952875,6.719311,80.785852,4117,165723.59,481811.16
1720491131,6.418266,81.32507,4117,205403.36,499360.53
9635214349,6.41834,81.324861,4117,205385.16,499336.54
1721577214,6.759524,81.247392,4117,192081.68,455442.88
3674900993,6.259647,81.216569,4117,205872.57,526115.7
1721577072,6.753657,81.305542,4117,197355.24,454380.96
9790518649,6.610963,81.269959,4117,206323.26,473540.57
1723290053,6.349116,80.905724,4117,177268.69,523044.02
2090006193,6.389498,80.962827,4117,180420.81,523649.76
3147058589,6.334181,80.854278,4117,173158.67,516771.54
3145257092,6.411094,80.796607,4117,167262.53,505526.03
1723290267,6.413476,80.962799,4117,178587.45,520994.05
2113181192,6.438554,80.888498,4117,174906.1,517001.61
4032560667,7.258082,80.599459,4117,133641.24,349733.01
1877266311,7.218046,81.849592,4117,261085.15,456659.28
1725074556,6.251574,80.764426,4117,185204.16,533453.31
2152922062,6.329152,80.758406,4117,182128.36,527849.52
1725074566,6.251667,80.783792,4117,183666.56,531258.04
1725074569,6.252089,80.783845,4117,183635.45,531211.03
3784921861,6.251703,80.783916,4117,183665.25,531254.38
3633739448,6.251497,80.764524,4117,185193.02,533438.52
3640131695,6.281798,80.820594,4117,178459.6,523986.41
1725074683,6.332414,80.855014,4117,173332.41,517002.37
1727359184,7.465841,80.622847,4117,147516.6,320392.47
4913540652,7.99267,79.897298,4117,174046.73,345008.26
6509645611,7.776152,79.948716,4117,159001.97,329615.68
1731568862,7.776782,79.949047,4117,158947.81,329517.16
6509645609,7.776484,79.949171,4117,158951.25,329552.85
4807150341,7.877377,80.010802,4117,161224.66,327079.29
3227989004,8.751371,79.950651,4117,242484.02,417403.31
1732626427,8.936276,79.923623,4117,260046.4,434766.43
6250326162,8.837308,79.968468,4117,254480.43,430233.75
7168896405,6.825139,79.883584,4117,125326.78,395339.69
7241425511,6.853798,79.884954,4117,123427.34,392059.81
1737436593,6.853857,79.885325,4117,123407.9,392016.62
6260384156,6.856591,79.890348,4117,122929.09,391353.06
7205862641,6.853819,79.885105,4117,123417.17,392041.51
1737485326,6.841154,79.902246,4117,123550.59,393584.31
6519129898,6.844472,79.925774,4117,123636.4,394755.5
3902482152,6.841062,79.902004,4117,123539.56,393576.87
6260384155,6.856587,79.890382,4117,122927.69,391349.31
6260384150,6.856817,79.890677,4117,122910.55,391307.89
13723181260,6.38123,81.314852,4117,204344.41,504829.22
1744563108,5.943206,80.549608,4117,203800.11,542872.68
6673012482,5.928,80.589358,4117,206609.44,548206.23
1812177148,5.963952,80.60177,4117,206610.3,549957.99
1748892859,6.143304,80.812028,4117,197472.8,548821.62
3751644936,6.143292,80.81221,4117,197486.7,548841.87
2605755428,6.144092,80.800073,4117,196218.69,547387.5
1748962227,6.147601,80.763515,4117,192458.45,543205.92
7183361982,6.147556,80.763632,4117,192470.32,543219.76
1748962243,6.14768,80.763446,4117,192456.62,543203.26
1748992310,6.05108,80.734017,4117,200063.13,555935.73
3261661183,6.037412,80.779053,4117,203686.06,559573.8
13728195887,6.07294,80.734105,4117,199359.12,553279.17
3771334945,6.048286,80.733513,4117,200121.34,556250.32
5233976058,6.530863,80.396533,4117,150501.21,465119.21
2076672978,6.319048,80.160308,4117,167763.16,475277.06
1789586195,6.229426,80.257279,4117,173582.12,488980.4
1792701998,6.312202,80.212631,4117,166521.42,477732.85
3211931764,6.298099,80.173317,4117,166961.25,472279.71
2076672992,6.339662,80.223082,4117,163841.81,476244.28
1792754399,6.063282,80.712999,4117,199889.56,557377.71
3234692631,6.073109,80.70359,4117,198453.46,555775.43
3771334938,6.048252,80.733456,4117,200123.54,556257.9
1792755975,6.080082,80.65679,4117,199284.51,555413.24
1792760335,6.083084,80.646941,4117,199367.45,554267.07
2607352523,6.078372,80.663197,4117,199217.47,556150.42
6548218220,6.083511,80.645716,4117,199375.1,554123.15
1792790811,7.323546,81.802126,4117,256517.44,447438.5
1877453757,7.258626,81.749284,4117,249757.88,456093.25
1877424685,7.361879,81.803547,4117,255247.37,443047.61
9754473426,7.37974,81.733154,4117,247653.52,444662.57
12109482772,6.664057,79.93083,4117,134706.46,415077.96
2079537908,6.727649,80.187324,4117,128774.96,428398.81
1796923216,6.716396,80.191486,4117,129849.68,429774.2
3484165078,6.638708,80.312034,4117,141309.89,444829.96
1797964284,6.97133,80.265596,4117,119995.1,397698.24
3104873585,6.927231,80.338587,4117,130884.62,411236.42
1809637722,7.324894,80.625651,4117,135944.23,339689.4
3211942093,7.357135,80.566021,4117,139134.63,341263.74
2418603892,6.872815,81.350914,4117,198106.43,443647.23
2081198513,5.964194,80.602373,4117,206620.3,550029.96
1813587152,5.976037,80.65746,4117,206526.53,557214.67
1813627370,5.99913,80.648278,4117,206803.65,560628.6
13380401234,6.002697,80.671797,4117,206584.12,563624.42
1814571515,6.194545,81.128289,4117,206053.14,539081.85
3169248398,6.159504,81.127328,4117,206041.38,542958.93
1814571587,6.230308,81.129969,4117,203285.66,535121.66
1818583243,6.162557,80.904446,4117,193007.13,542954.37
3699457167,6.166875,80.897753,4117,192184.47,542079.3
3634944563,6.113136,80.931409,4117,198680.95,550196.49
1818609858,5.969843,80.692152,4117,206225.38,562278.6
4408220354,5.976771,80.698511,4117,206146.66,563521.57
7087395001,5.964746,80.69173,4117,206559.47,562438.65
1821073186,6.906621,80.909519,4117,172423.1,440695.7
2408053510,6.92786,80.895001,4117,176337.28,444649.24
1828212116,6.648363,80.701928,4117,154965.47,473550.58
1828212200,6.631676,80.723966,4117,157172.99,476762.06
2407176375,6.607208,80.796264,4117,165169.83,487040.7
1994857493,6.57959,80.707452,4117,164468.15,487412.64
1828217366,6.652126,80.697802,4117,155168.04,472896.71
1831898405,7.148812,80.46488,4117,138498.88,381575.16
4006801962,7.183143,80.454584,4117,134809.06,377291.51
9882336681,7.17389,80.499861,4117,138035.94,375823.53
2686590800,7.052616,80.590254,4117,146750.35,387147.98
4430564637,7.077644,80.644694,4117,152025.3,385372.63
1834958043,7.034359,80.656273,4117,156029.15,399844.31
1834981446,7.059902,80.682572,4117,155797.02,393514.78
2608992327,6.938136,80.6617,4117,155183.01,414839.73
1834981067,7.065206,80.679311,4117,155582.02,392271.95
1834981401,7.065047,80.680092,4117,155648.21,392412.68
3254668917,7.060629,80.683972,4117,155827.57,393463.3
3410071521,7.409764,80.605461,4117,143391.04,329102.58
1836349723,7.381237,80.586674,4117,141368.32,336738.75
5239599858,7.381288,80.586476,4117,141390.62,336761.23
1836349953,7.378673,80.586667,4117,141177.01,337027.41
1837354773,7.291741,80.6351,4117,134890.86,344527.63
3033904482,7.292766,80.635029,4117,134937.19,344412.94
2382152088,7.294153,80.649526,4117,136888.87,345493.83
13444644367,7.307933,80.637633,4117,135557.59,342257.31
3628051370,7.380151,80.036747,4117,131553.49,349992.54
1978072063,7.484922,79.968022,4117,137125.52,333271.5
1855296116,7.295177,80.570769,4117,135185.47,351741.16
1855349523,7.255322,80.581386,4117,132968.17,351574.33
7183582772,7.228124,80.574976,4117,135136.2,356219.65
3758716316,7.254495,80.576721,4117,133144.33,352119.58
1855349632,7.228339,80.574825,4117,135134.18,356248.77
7183582771,7.228006,80.574785,4117,135144.61,356244.52
1856812890,7.292691,80.240859,4117,119882.41,355667.94
1862498818,6.90911,80.083913,4117,119475.84,401828.14
1874159728,6.756744,81.804707,4117,270317.29,515209.06
4067142475,6.878041,81.829023,4117,253451.72,498339.39
3271092569,7.218164,81.849608,4117,261093.32,456646.08
1888945264,7.222032,81.838928,4117,260082.33,457560.79
1877266360,7.223074,81.821847,4117,258563.02,459498.27
3998773392,7.224282,81.827923,4117,259101.48,458811.53
3078464586,7.217287,81.812851,4117,257620.21,460700.66
12761661743,7.362008,81.803556,4117,255243.5,443039.72
1877453566,7.260635,81.725552,4117,247127.66,453074.93
1877453832,7.252131,81.709315,4117,245269.08,450945.54
3315891502,7.276823,81.775552,4117,254042.59,460381.08
1879056278,7.412586,81.776921,4117,252418.31,438403.41
1879094855,7.510844,81.73248,4117,260665.88,424777.67
3268426144,7.39606,81.747423,4117,249584.22,442204.54
1879056339,7.415048,81.823615,4117,255596.76,433886.19
1879056423,7.414467,81.824952,4117,255650.06,434029.6
3320202230,7.413214,81.826816,4117,255714.45,434186.94
1883604788,7.519008,81.766405,4117,263410.49,423612.07
1883604574,7.548736,81.737899,4117,261535.58,420490.9
1880354744,7.514489,81.782322,4117,262124.19,421632.33
4527825395,7.514619,81.782177,4117,262145.65,421653.86
1881982723,8.525717,80.680384,4117,220591.52,399201.99
1881982729,8.647002,80.675995,4117,234628.13,415792.26
6537959751,8.809547,80.799103,4117,257713.47,440739.97
5156577886,8.640903,80.669873,4117,233667.22,414809.45
1882011362,8.753048,81.149327,4117,253081.59,433877.9
1882011622,8.880507,81.038293,4117,266242.93,450808.99
13942360677,8.890783,81.014792,4117,269184.56,454123.3
4527627326,7.569341,81.734384,4117,260588.17,418120.57
1886444803,8.83113,80.772932,4117,261345.32,444658.19
6052926625,8.830825,80.772955,4117,261313.87,444624.38
6538031538,9.09096,80.897854,4117,299121.79,485432.78
1886444856,8.830586,80.773153,4117,261281.54,444589.56
6052926619,8.830738,80.772911,4117,261311.09,444621.05
6537959752,8.809912,80.798952,4117,257750.18,440783.63
1886444971,8.809988,80.799356,4117,257759.07,440796.12
13942360684,8.891562,81.013515,4117,269331.41,454288.66
1886606126,7.248366,80.130331,4117,118547.81,364157.52
1887817267,7.593698,79.907867,4117,144936.22,325514.66
1887817351,7.556419,79.900228,4117,144042.14,329133.22
1976198848,7.598614,79.961946,4117,144099.18,323829.23
3655100675,7.576624,79.796018,4117,147444.82,338411.9
1887817275,7.495838,79.842188,4117,140709.61,329368.42
1889362449,7.533339,79.877246,4117,144106.22,332768.96
3180046129,7.493612,79.905871,4117,140970.54,326220.42
2565428366,7.926729,81.529799,4117,236563.28,374449.6
1896097830,7.777448,80.8185,4117,166850.91,314649.56
2051261091,7.607041,80.823398,4117,174523.89,318123.42
1896204980,7.605934,80.822865,4117,174465.31,318261.39
1909593733,7.197785,80.669872,4117,150904.32,366565.42
2078334820,7.145863,80.78402,4117,160275.54,378213.18
1912538608,6.923587,79.912996,4117,121760.59,386264.06
2091855950,6.932625,79.893695,4117,121055.51,383258.83
5158364156,6.923333,79.913213,4117,121742.75,386301.16
1912538674,6.922612,79.91366,4117,121756.86,386402.38
3301611018,6.922718,79.9135,4117,121747.67,386381.14
1912538681,6.923548,79.913646,4117,121746.22,386361.93
2760582908,6.935677,79.916222,4117,121379.64,384893.85
3301611023,6.92311,79.913471,4117,121737.11,386342.55
1912538707,6.922856,79.913402,4117,121742.37,386357.58
2083191756,6.92301,79.913351,4117,121739.45,386339.66
2150213472,6.03509,80.217099,4117,183975.62,498793.68
1931937742,6.155626,80.697895,4117,196220.92,550027.22
1932028416,6.155497,80.69953,4117,196135.09,549843.32
1932028753,6.146331,80.699017,4117,196859.79,551138.14
2152975776,6.158345,80.698146,4117,196301.39,550214.43
1931937816,6.158325,80.705656,4117,195879.81,549086.77
7183404785,6.147764,80.763203,4117,192481.35,543232.12
3142698207,6.260569,80.744557,4117,186988.64,535963.3
2157074329,6.059209,80.648484,4117,202656.1,556015.13
1932028020,6.04075,80.620166,4117,202301.69,553508.19
1932027779,6.12056,80.68038,4117,198527.73,555134.86
1932027824,6.107406,80.648891,4117,199191.81,557217.84
1932028801,6.085225,80.646187,4117,199317.79,554246.68
2152922533,6.136488,80.61623,4117,201498.2,555061.63
1932028204,6.107366,80.715842,4117,197251.57,551348.75
3234257841,6.095398,80.728969,4117,198834.05,552726.99
6542819606,6.083827,80.645046,4117,199310.78,554051.06
1933502385,6.083169,80.64439,4117,199317.57,553944.03
6548218206,6.083137,80.64444,4117,199318.26,553944.26
5456686498,6.088426,80.626054,4117,200728.92,553667.08
6542819612,6.083812,80.644944,4117,199309.9,554037.89
1933520777,6.078094,80.592538,4117,199748.1,546742.69
2165127439,6.080093,80.581727,4117,199582.81,545393.57
1945674941,6.998224,81.285084,4117,196096.48,423695.21
2055594017,7.030723,81.277693,4117,195480.24,419807.16
3210169158,6.460457,80.105379,4117,150109.38,450770.4
1969450599,6.518571,80.072996,4117,146489.41,441225.75
6294540738,6.522853,80.113911,4117,144162.25,445252.75
2280604896,6.518948,80.071448,4117,146541.47,441049.36
2081238502,8.924756,80.036808,4117,260382.76,438758.17
1974694415,7.330318,80.99257,4117,169696.0,365238.46
1974698402,7.333747,80.993455,4117,169486.73,364840.18
4919739452,7.326828,80.990746,4117,169929.33,365682.4
1974694423,7.336824,80.990814,4117,169342.18,364643.86
1974698405,7.337178,80.992582,4117,169356.95,364443.91
1974698435,7.336561,80.990096,4117,169325.14,364728.25
1974694431,7.338621,80.992575,4117,169292.33,364284.19
4814119764,7.33974,80.992828,4117,169304.72,364156.89
1974698349,7.323094,80.99159,4117,170161.99,366125.98
4918978047,7.325268,80.99052,4117,170021.26,365857.29
1974698431,7.320648,80.995346,4117,170505.36,366634.77
1974698415,7.322775,80.991292,4117,170190.58,366174.74
1974698365,7.335375,80.992777,4117,169462.64,364645.0
1974698374,7.32003,80.992123,4117,170356.25,366495.0
3822724026,7.322156,80.991396,4117,170232.67,366246.53
10086214431,7.319536,80.99039,4117,170439.7,366567.79
1974698404,7.336128,80.988874,4117,169290.98,364871.52
4809569429,7.322566,80.990668,4117,170261.61,366247.47
4900167756,7.321004,80.996673,4117,170641.97,366788.0
1974713604,7.423362,81.058983,4117,179613.09,361760.74
5578290006,7.423511,81.058962,4117,179625.26,361752.27
5578290005,7.423523,81.058767,4117,179634.0,361730.65
1974713646,7.469339,81.015218,4117,179799.23,354593.8
1974713677,7.320193,81.01039,4117,172231.17,368602.57
2055570486,7.283455,81.04313,4117,175271.75,375916.1
1974719542,7.541542,81.034388,4117,186761.72,354118.93
1974719581,7.510758,81.018216,4117,182823.36,349808.1
2018086754,7.507628,81.003378,4117,182730.39,347749.72
1974724222,7.671234,81.041338,4117,199343.13,361738.52
3664816336,7.767637,81.178277,4117,208690.48,347663.54
1975353905,6.207431,80.66707,4117,195786.37,551183.49
3827971307,6.264603,80.691295,4117,189985.8,542391.52
1976165109,7.605525,80.078651,4117,139927.38,322159.71
1976172945,7.547712,80.058262,4117,137671.16,329012.78
3064719459,7.605918,80.10105,4117,140285.41,319669.16
7704618060,7.478042,80.045296,4117,133351.38,336931.26
1976198828,7.470089,80.043947,4117,132719.62,337823.4
7704618073,7.470172,80.043959,4117,132719.77,337814.15
1976198830,7.469331,80.030876,4117,133118.79,339306.38
7704629712,7.469405,80.030863,4117,133119.71,339299.55
7704629738,7.469871,80.02651,4117,133232.23,339844.53
1976198850,7.47243,80.023068,4117,133673.07,339558.75
7704629744,7.470003,80.026448,4117,133244.05,339850.32
1976198852,7.469946,80.026408,4117,133243.77,339858.09
6547922829,7.430683,80.214368,4117,124634.15,338217.03
10083504521,7.179828,81.17064,4117,186166.57,396658.32
1979513513,7.222437,81.561194,4117,235693.8,460724.63
3801712230,7.275936,81.532947,4117,233935.36,455873.87
2910209739,7.520704,80.677095,4117,156481.36,328316.22
1981311694,7.160866,80.55951,4117,137387.58,364018.1
9462668423,7.082429,80.520501,4117,138736.25,378778.27
4142435846,7.159722,80.564882,4117,137362.08,363384.42
3699457165,6.166855,80.897613,4117,192176.28,542068.47
1994703248,6.539544,80.364511,4117,148336.0,461042.63
5233976061,6.531061,80.396416,4117,150478.49,465093.0
3371892591,6.581854,80.800549,4117,169700.47,493392.24
2015265429,7.190077,80.301517,4117,122465.71,369939.87
13811685898,7.234979,80.309977,4117,120126.05,363723.66
3453321762,7.185006,80.320232,4117,124637.36,372245.96
2036185335,6.343222,80.771621,4117,180452.32,525539.52
2017427174,6.301846,80.635341,4117,191323.48,546460.34
3633693455,6.291778,80.637886,4117,191317.46,545249.98
2017536532,6.079941,80.574626,4117,199447.1,544581.04
2078784989,6.081875,80.566533,4117,199159.25,543632.6
2017536573,6.095706,80.582978,4117,200959.95,547284.25
2018057285,7.520075,80.929402,4117,181613.48,337602.95
5030096474,7.519867,80.930152,4117,181597.26,337688.86
2055561737,7.519666,80.929895,4117,181589.42,337673.77
2055561684,7.534059,80.913476,4117,181957.8,334863.66
2520673118,7.522596,80.975909,4117,182263.8,342876.42
2019950765,7.213236,80.754746,4117,153060.24,367161.74
4781584814,7.213168,80.754863,4117,153069.93,367176.64
3201052237,7.24048,80.721906,4117,148380.38,360115.1
2019986609,7.217446,80.785266,4117,157480.12,375590.41
4781602735,7.213249,80.754996,4117,153081.7,367194.67
4877035512,7.144528,80.855916,4117,165184.52,392504.76
2023111966,7.164758,80.571036,4117,137302.63,362407.62
3226286143,7.199588,80.547567,4117,136657.17,363070.19
2024849379,7.675895,80.425011,4117,145408.73,307794.62
4445128968,7.65676,80.369757,4117,141028.44,309791.08
5051771525,7.782728,80.398044,4117,150353.92,295497.13
5225962162,7.656449,80.369687,4117,140988.36,309808.26
3615147754,6.777524,81.043834,4117,185412.54,465161.45
5549855445,7.028221,79.921937,4117,121354.13,372185.18
3345099186,7.001938,79.948857,4117,118977.92,376985.37
2031636377,7.21004,81.013671,4117,171904.92,381414.64
3770695580,7.220917,81.028215,4117,173002.53,379135.43
3773265561,7.194448,81.022168,4117,173072.9,383540.86
2035832241,6.973249,80.771914,4117,162899.65,415652.97
13650405023,6.973238,80.772047,4117,162905.02,415667.68
2035855681,7.020037,80.854158,4117,173442.19,417085.94
2035878922,7.095306,80.862237,4117,172802.46,404461.6
2408054159,6.987488,80.881497,4117,179834.89,426808.77
4877071672,7.130296,80.842911,4117,168235.81,396483.72
2043454739,6.994126,81.012618,4117,179390.95,420724.88
2407536122,7.017809,81.005898,4117,180889.22,416572.16
2043478205,7.177158,81.167786,4117,185937.43,396188.86
10083504605,7.179564,81.170045,4117,186131.54,396586.34
11854288259,7.262568,81.080652,4117,177938.66,381368.73
2052447115,9.650706,80.022412,4117,354560.01,543119.15
3897543544,7.593186,80.840613,4117,175759.11,320885.9
3548926831,7.22252,81.03156,4117,173359.73,379568.06
4509879174,7.283647,81.043901,4117,175316.42,376003.87
2055594048,7.08542,81.259256,4117,193244.5,413115.01
10088292097,7.13074,81.2352,4117,190578.58,407170.31
2055607563,7.177588,81.290433,4117,196506.5,412473.29
3454145592,7.159477,81.250517,4117,192102.99,408344.91
3521595120,6.840936,79.901473,4117,123533.73,393547.64
2068144145,6.84686,79.926448,4117,123464.2,394475.17
9577055311,6.846956,79.926461,4117,123461.96,394464.4
6519129899,6.844556,79.925888,4117,123626.4,394739.87
2088167963,6.455832,80.101637,4117,150759.25,451514.94
2185127828,6.392992,80.219448,4117,157157.75,467677.62
2382152014,7.294173,80.649835,4117,136871.7,345528.28
3201082769,7.208937,80.754935,4117,153196.53,367230.12
4815668922,7.092782,80.797316,4117,164176.81,386573.74
2078753314,6.148785,80.607479,4117,201581.05,556898.38
2078753333,6.15311,80.603831,4117,201473.47,556957.15
2078753477,6.16074,80.584757,4117,201832.89,553968.12
2078753463,6.160159,80.584301,4117,201871.66,553977.59
2078753475,6.160725,80.584277,4117,201835.18,553914.96
3368441146,6.20101,80.592104,4117,197661.55,546428.83
2078754584,6.245637,80.608596,4117,192647.23,539161.38
2078754703,6.260663,80.603455,4117,191102.66,537257.18
2078755191,6.28339,80.637646,4117,191280.56,544269.32
2078754919,6.265992,80.645915,4117,191356.2,547106.0
3827971313,6.264876,80.691245,4117,189985.96,542401.34
3633693454,6.291108,80.637873,4117,191316.2,545173.82
2165130846,6.080147,80.566192,4117,199098.75,543432.06
2078949437,7.720427,81.70104,4117,247141.51,394518.74
6495360827,7.720652,81.701002,4117,247167.25,394545.17
2078968896,7.722808,81.700593,4117,247196.17,394573.11
2081300475,7.105588,80.563999,4117,139021.01,370654.39
2590173342,7.094347,80.564555,4117,140583.06,372205.12
3350317932,7.303578,81.677136,4117,243127.71,443404.03
2083191782,6.923047,79.913469,4117,121738.25,386349.64
2083191728,6.922882,79.913533,4117,121742.09,386369.25
3517629552,6.96154,79.995748,4117,119080.38,385855.51
3425048799,6.429703,79.999908,4117,151754.56,442894.58
2091781232,6.847502,79.926904,4117,123410.2,394456.88
6006772893,6.845364,79.929898,4117,123582.6,394863.94
3705965291,6.932817,79.89355,4117,121047.31,383252.64
3069813661,7.564441,80.500535,4117,138415.48,319487.71
3522149870,7.759919,80.570953,4117,147373.91,294968.64
2093609890,7.998248,80.176755,4117,172612.91,328232.24
5750995617,8.012936,80.106203,4117,172473.87,331877.24
2093610059,8.001152,80.103955,4117,171803.29,333254.01
4807150340,7.877983,80.011001,4117,161247.86,327091.87
3163956073,7.867306,80.412088,4117,156351.47,304906.68
3336196292,8.077271,80.365893,4117,172839.12,331425.58
2723880187,8.043892,80.447235,4117,166255.3,322444.26
2093611084,8.072321,80.528699,4117,171032.04,334606.37
3518433775,8.105986,80.496323,4117,175328.39,340055.46
5229420028,8.069235,80.536242,4117,171410.61,335635.21
2093611607,8.143974,80.312243,4117,176542.44,336480.37
2840975729,8.161004,80.300394,4117,175131.49,334060.42
2093611941,8.190131,80.258275,4117,180441.28,339707.92
2094553959,8.181643,80.268702,4117,178948.26,338174.89
4884114552,8.089937,80.637861,4117,172255.82,338274.04
2840975746,8.161483,80.299758,4117,175145.16,334055.21
2117500121,6.930288,79.878306,4117,120303.23,381996.83
3150410545,6.930352,79.878106,4117,120290.04,381973.59
6537339897,6.99459,79.874058,4117,122206.03,376163.33
3210162496,6.405218,80.21618,4117,156273.4,466130.96
2150213460,6.034934,80.217124,4117,183955.49,498773.04
5258083989,6.377411,80.36107,4117,173717.4,497256.33
5258083985,6.377344,80.361085,4117,173720.28,497263.5
2607351567,6.054046,80.658376,4117,202553.7,557425.81
2157080312,6.002696,80.672322,4117,206577.71,563684.03
13380401257,6.002575,80.672109,4117,206585.05,563666.9
2164965800,6.100389,80.475773,4117,193735.61,529990.46
2164965848,6.101472,80.475324,4117,193670.16,529856.34
2165105694,6.053206,80.563017,4117,202106.11,546907.79
4987786794,6.073557,80.562403,4117,199926.73,544312.38
2166737050,6.097503,80.483766,4117,194169.53,530948.73
4987786790,6.073843,80.562276,4117,199893.81,544277.69
2176866777,6.346263,80.559555,4117,192992.48,539425.99
5258083976,6.377386,80.36097,4117,173709.01,497242.75
2199336301,7.297366,79.882788,4117,129658.11,341256.62
3432403050,7.29741,79.882178,4117,129642.44,341204.73
4082665365,8.041577,80.953215,4117,189036.1,349681.67
2295729728,7.714477,81.69389,4117,246883.77,394188.58
9427842410,7.714288,81.69746,4117,247255.43,394603.19
2295729729,7.714479,81.693787,4117,246885.83,394189.85
9427992821,7.708718,81.688564,4117,247801.09,395105.39
2304485572,7.883326,81.139202,4117,203735.3,348837.78
2315595592,7.258774,80.599569,4117,133558.8,349650.37
4032560683,7.258582,80.599588,4117,133580.08,349671.71
3088821708,7.26564,80.596606,4117,132673.8,348761.7
3229498069,7.216017,80.454575,4117,131830.82,372926.35
10578430168,7.254221,80.446501,4117,128194.68,367669.83
2342916289,7.325225,80.626304,4117,135971.59,339627.63
2362937081,7.329996,80.388061,4117,128517.05,351967.09
3448831164,7.34994,80.396129,4117,130087.86,349284.05
5320624392,7.324883,80.388194,4117,128189.92,352595.4
3448830936,7.413208,80.371841,4117,130202.43,340229.21
3264925415,6.418623,81.324787,4117,205402.8,499330.02
2382076814,7.280936,80.666435,4117,138792.21,348062.13
2382076781,7.281286,80.666337,4117,138756.45,348021.98
8605932095,7.294284,80.649874,4117,136886.85,345534.94
2404060916,6.154175,81.06809,4117,201481.79,550662.8
3377606382,6.145688,81.073014,4117,202180.27,550578.04
3371893296,6.58205,80.800767,4117,169676.26,493357.81
3773786519,7.152475,81.004379,4117,177326.25,389899.35
4071257592,6.872867,81.350689,4117,198085.96,443621.6
4071257595,6.872785,81.350674,4117,198084.18,443631.63
2499287719,6.968034,79.901236,4117,119843.76,378886.9
5216483988,6.971796,79.886177,4117,120245.92,377044.39
4375137197,7.082416,79.868299,4117,123112.47,365331.43
2507107516,7.08251,79.868679,4117,123102.23,365328.37
2521164368,6.810609,80.956292,4117,174016.72,450464.72
2639779556,6.811558,80.949227,4117,174535.03,451426.82
2521206649,6.806997,80.957239,4117,174021.47,450884.62
2521206584,6.806896,80.957268,4117,174021.59,450896.24
2521206592,6.806848,80.956991,4117,174047.32,450916.65
2521801458,6.803605,80.960489,4117,174028.27,451668.68
2646312393,6.78934,80.970018,4117,172701.32,451591.49
2544603913,6.152637,81.127284,4117,205797.64,543718.28
3169248401,6.148249,81.127197,4117,205847.54,543878.58
3570836892,6.801647,79.922452,4117,125355.65,398700.73
3570836878,6.801739,79.922731,4117,125339.89,398697.23
2568176821,5.976219,80.518032,4117,204455.02,544005.46
2584550963,7.248339,80.34398,4117,121719.5,360031.87
3219914010,7.248345,80.343747,4117,121708.2,360025.39
4929241877,7.248057,80.350777,4117,122200.2,360821.08
2589231774,7.466663,80.063633,4117,132373.63,340021.09
4086635248,7.470232,80.04651,4117,132707.36,338086.01
2605754891,6.087747,80.784125,4117,198576.97,550366.65
3669997743,6.032955,80.79636,4117,202659.63,556917.75
2726000363,6.119327,80.774944,4117,195683.65,546613.09
7183361978,6.14754,80.763701,4117,192477.42,543227.62
2605760439,6.070004,80.629723,4117,199486.56,551605.07
6542819619,6.082274,80.643741,4117,199327.74,553821.02
2619372954,6.875824,79.899841,4117,122724.05,390230.96
3702142135,6.875605,79.892458,4117,122385.93,389315.51
11994641693,6.876151,79.900385,4117,122734.81,390301.35
2626866857,7.722961,81.700563,4117,247196.29,394573.01
8864816867,7.732956,81.69866,4117,246720.44,394009.59
2639779657,6.810707,80.944758,4117,174787.45,451997.56
10112981124,6.804415,80.9229,4117,174817.18,454096.49
2661656508,6.227764,80.825251,4117,183521.27,531089.86
3635049258,6.195971,80.800154,4117,187581.63,536236.92
3640129666,6.238737,80.816551,4117,182278.0,529402.7
3634797493,6.170513,80.891209,4117,191521.98,541119.82
6592863153,6.925293,80.504314,4117,146524.78,407008.23
2686377371,7.05475,80.53347,4117,138584.5,378940.5
2686377386,7.054854,80.534331,4117,138595.66,378842.64
2686377394,7.054993,80.534433,4117,138598.74,378823.58
2686509758,7.054717,80.534496,4117,138613.59,378854.88
3215395992,7.05919,80.537973,4117,138712.01,378199.37
4108749709,6.929146,80.607586,4117,149444.95,409822.99
6509381793,7.224612,80.019264,4117,119942.94,363944.21
2703675512,7.224577,80.019362,4117,119940.91,363956.33
2712362974,6.87732,79.989768,4117,121821.6,397790.53
3145713375,6.890814,79.964675,4117,120712.14,394398.86
3217294322,6.935722,79.984248,4117,119145.76,389337.64
3867253810,8.044244,80.445314,4117,166421.51,322659.53
7183361980,6.147376,80.763526,4117,192480.06,543232.1
6545683449,6.947556,80.094094,4117,119811.89,398920.62
2760582905,6.936078,79.915833,4117,121390.53,384827.79
2760582895,6.935996,79.916056,4117,121378.55,384854.05
2831587640,8.334707,80.393005,4117,188680.87,356798.96
4099698761,8.3349,80.393251,4117,188699.45,356831.26
2831970104,8.201417,81.084835,4117,220554.92,381208.28
4082665380,8.041682,80.953287,4117,189052.51,349698.22
4137371244,8.355659,80.416519,4117,190944.89,361420.61
2835617084,8.359297,80.372445,4117,193308.81,361918.63
2835617095,8.359408,80.372355,4117,193319.76,361931.76
2842935028,7.619363,80.246145,4117,137315.91,311349.8
2902101200,7.619669,80.246132,4117,137324.16,311315.9
2902111505,7.134918,81.04699,4117,177677.93,393520.34
3760127505,7.145648,81.054737,4117,176906.08,391683.81
3775399923,7.021346,81.053984,4117,180629.39,412082.97
2902943461,7.09241,79.995138,4117,118860.98,372855.2
5315988824,7.091662,79.994817,4117,118832.26,372763.6
2904638859,6.293631,80.163612,4117,166970.89,470997.72
2906794382,6.289315,80.160891,4117,167343.24,471580.85
2904638879,6.29299,80.163875,4117,166958.11,471074.99
2906800106,6.290403,80.162496,4117,167204.18,471414.17
3937646623,7.547079,80.815383,4117,173344.2,326300.01
5559025440,7.00445,79.954172,4117,118954.23,377726.52
2974015141,6.891835,79.928907,4117,121918.75,390403.18
2974015147,6.891436,79.92892,4117,121916.11,390443.0
3731371610,6.891352,79.928926,4117,121917.74,390452.31
6518088285,6.891616,79.92924,4117,121904.22,390451.72
6518084183,6.891397,79.928855,4117,121917.74,390434.61
2974015176,6.891608,79.929634,4117,121899.59,390495.73
5276999759,6.893264,79.935305,4117,121817.65,391273.86
2984031967,6.876655,79.928392,4117,122327.3,391760.7
3256397109,6.022012,80.797455,4117,203848.59,558508.25
4004620073,7.293024,80.635001,4117,134915.09,344384.23
3064234204,7.370574,80.527474,4117,136155.42,349731.89
3586058703,7.372519,80.524642,4117,136050.34,350142.26
3064719434,7.547547,80.125695,4117,138952.33,327091.86
6511426679,7.605843,80.124782,4117,140881.95,316911.39
3074557148,7.276772,80.596629,4117,133332.24,348002.2
5120237611,7.275372,80.599745,4117,133438.53,347621.58
3081634085,6.029919,80.242276,4117,185008.73,501811.7
3081634092,6.029965,80.242184,4117,184988.95,501779.02
13698912447,6.037595,80.249982,4117,185460.15,502761.1
3088508756,7.321469,80.624586,4117,135751.98,340085.25
3090460072,6.111209,80.124877,4117,177350.52,484320.84
3090460089,6.111394,80.125007,4117,177370.56,484345.82
3090460077,6.111147,80.125062,4117,177362.46,484342.39
6292190465,6.840982,79.965098,4117,122676.84,398126.65
3120332567,7.078902,80.144436,4117,116654.23,385079.7
3883403630,7.07866,80.144453,4117,116657.42,385106.56
3141868639,6.903321,79.9115,4117,121545.56,387816.76
3141868650,6.90328,79.911573,4117,121545.07,387826.01
3861760657,6.902138,79.919108,4117,121445.62,388675.11
3633739445,6.251449,80.764335,4117,185216.36,533471.3
3827971310,6.264703,80.691417,4117,189975.29,542374.04
10132667228,6.434846,81.130352,4117,185792.5,501183.09
635914018,6.930389,79.877991,4117,120295.01,381965.28
3152507940,6.910843,79.889981,4117,121175.08,385185.34
10219043297,6.910791,79.888369,4117,121108.58,385007.13
3161365280,7.248007,80.34288,4117,121686.79,360105.28
3219885917,7.251171,80.335388,4117,121087.02,359715.81
3663534823,7.842192,80.397049,4117,154251.07,302614.61
3163960436,7.842008,80.397048,4117,154234.44,302583.89
5051771529,7.782849,80.398017,4117,150359.95,295509.12
4228041368,6.908406,79.929351,4117,121154.11,389506.03
3167637635,7.239885,80.125458,4117,118520.39,365250.33
3167996118,7.484415,80.354823,4117,127159.7,329739.63
3167996141,7.484467,80.354763,4117,127165.24,329740.44
3167996140,7.484356,80.354772,4117,127160.47,329748.2
6548196299,7.484104,80.35446,4117,127197.46,329792.66
6548196295,7.484705,80.355059,4117,127187.32,329698.26
3167996142,7.484412,80.354708,4117,127166.41,329749.01
3377554135,6.154795,81.127336,4117,205767.92,543479.62
3189672680,7.323172,80.389518,4117,128064.79,352845.0
3197040791,7.224534,80.019228,4117,119942.72,363941.71
3197040794,7.22448,80.01931,4117,119940.12,363953.4
3201082623,7.212743,80.754853,4117,153110.65,367217.58
4781591828,7.213019,80.754801,4117,153081.7,367186.54
3203254224,7.195819,80.110942,4117,117776.61,370597.05
3215623441,6.92534,80.48555,4117,145428.69,412113.06
3216973602,7.028956,80.295241,4117,124660.49,397013.08
3514826055,7.04188,80.313037,4117,126078.98,394847.77
3219914009,7.248461,80.343816,4117,121713.16,360009.25
3220669258,6.581874,80.801172,4117,169723.01,493406.69
3226224942,7.251181,80.450312,4117,128449.24,367497.23
5677985213,7.251238,80.450236,4117,128444.91,367507.75
6017749566,7.288722,80.495782,4117,137817.76,363047.01
3756752965,7.201205,80.563315,4117,137202.94,360910.5
13624920350,7.268735,80.592657,4117,132762.17,349608.6
4140985775,8.030448,79.828463,4117,177330.37,353954.1
3237492302,7.265758,80.552128,4117,132260.33,354304.52
3592213984,6.032031,80.788574,4117,203221.06,558247.84
3261715730,6.252498,80.787719,4117,183716.25,531256.74
3640127941,6.244763,80.810791,4117,181579.16,528461.32
3261809905,6.289465,81.085226,4117,195955.56,525268.02
6632178172,6.288909,81.085578,4117,195989.2,525273.01
3264925411,6.418516,81.324552,4117,205387.51,499291.84
9635214351,6.418478,81.324732,4117,205388.02,499312.34
3264925436,6.418481,81.324842,4117,205390.58,499325.17
3264925420,6.418487,81.324748,4117,205389.51,499314.38
3264925425,6.418413,81.324884,4117,205388.5,499334.3
3264925428,6.418334,81.324855,4117,205384.42,499335.52
3264925432,6.418364,81.324702,4117,205382.36,499315.47
3264925435,6.418326,81.324734,4117,205381.08,499321.07
3649843433,7.372942,81.671271,4117,244340.45,438678.08
3269957961,6.061553,80.261175,4117,186772.84,505719.67
3302140235,7.218367,81.849658,4117,261108.26,456622.0
3276158587,6.277636,81.286144,4117,205991.4,518558.88
3276158604,6.277682,81.286034,4117,205984.75,518572.68
3279674224,6.028705,80.794628,4117,202891.93,557472.8
6545241017,6.028627,80.794745,4117,202885.23,557457.25
3283385131,6.284545,81.26668,4117,204370.68,519540.68
10132102403,6.255813,81.227384,4117,205741.07,525961.39
3283385135,6.284635,81.266637,4117,204364.65,519538.32
3289453902,7.092583,79.995284,4117,118863.37,372885.14
3289575296,6.90347,79.911135,4117,121549.1,387773.06
3301611007,6.923084,79.913309,4117,121738.05,386329.9
3301611010,6.923164,79.913387,4117,121736.6,386330.87
5158364149,6.923364,79.913495,4117,121739.79,386335.28
3301611011,6.922817,79.913572,4117,121745.84,386377.72
3301611021,6.922715,79.913481,4117,121747.8,386379.11
3302140257,7.218338,81.849702,4117,261107.74,456628.02
3315891506,7.277246,81.775755,4117,254096.84,460435.35
3320941671,6.805581,79.926054,4117,125139.71,398535.13
3320941694,6.809229,79.920862,4117,125166.7,397825.82
3498436506,6.809368,79.920636,4117,125156.14,397796.44
3320941715,6.805738,79.925974,4117,125140.23,398507.76
5344838927,6.805526,79.926304,4117,125126.94,398551.01
3320941718,6.80548,79.926363,4117,125126.09,398559.28
3498455027,6.805196,79.926733,4117,125125.13,398610.86
5344838936,6.805394,79.926333,4117,125129.98,398569.33
3320941892,6.800226,79.93851,4117,125071.01,400045.9
3498458035,6.797625,79.940541,4117,124947.84,400417.35
3336273931,8.04076,80.596571,4117,166698.34,330505.34
3518425516,8.040848,80.59695,4117,166669.39,330473.93
5519615353,8.058177,80.552376,4117,170295.93,334845.98
5559025764,7.001963,79.948982,4117,118966.45,376999.4
4817240135,6.907973,79.929334,4117,121136.3,389554.13
3354710540,6.902155,79.91936,4117,121438.67,388703.04
3364860615,5.949249,80.543738,4117,202947.53,541735.2
3594319501,5.948821,80.547072,4117,203123.96,542109.78
3366095891,5.943214,80.549496,4117,203794.84,542866.16
3377554171,6.152636,81.127166,4117,205686.91,543717.6
3377554125,6.154833,81.127156,4117,205594.25,543474.68
3396222638,6.159098,81.1272,4117,205574.81,543003.12
3377598520,6.141439,81.074534,4117,202618.93,550863.26
3669636229,6.154124,81.068035,4117,201484.52,550669.28
3377606367,6.137936,81.076178,4117,202785.97,550380.12
6247562215,6.131197,81.078988,4117,203367.01,551187.67
3377606381,6.135125,81.077229,4117,203194.96,551380.27
3377795308,6.194543,81.128203,4117,206047.97,539081.48
3377919347,6.230138,81.129932,4117,203295.18,535140.17
3377799428,6.336804,81.043302,4117,191540.7,525726.1
3378015268,6.340402,81.04151,4117,191114.92,525279.33
3377799429,6.336879,81.043381,4117,191543.03,525727.84
3377803375,6.330008,81.050807,4117,192624.25,526869.41
3377803385,6.326512,81.054436,4117,193154.67,527429.99
3377803376,6.32996,81.050761,4117,192622.74,526868.54
3377803384,6.326422,81.054375,4117,193155.91,527431.93
3726222386,6.325968,81.055767,4117,193305.49,527589.37
3377837110,6.286602,81.087478,4117,196242.96,525591.74
3377837114,6.286672,81.087391,4117,196233.32,525579.38
3377837112,6.286652,81.08753,4117,196241.14,525584.18
3377837113,6.28674,81.087439,4117,196230.22,525570.24
3726222385,6.325876,81.055722,4117,193308.44,527593.09
3721669276,6.35273,81.039348,4117,189777.33,523877.91
3378015269,6.340448,81.041572,4117,191118.54,525282.41
3403175009,6.955763,79.888559,4117,120118.07,379476.02
4457419930,6.94993,79.916941,4117,121857.25,382979.92
4152530093,6.95574,79.888138,4117,120102.96,379460.27
4152530101,6.955796,79.888254,4117,120095.75,379442.08
12335959161,5.948121,80.535145,4117,202604.6,540769.31
5229028214,7.433329,80.560785,4117,147860.46,340771.55
3856554872,7.351328,80.68254,4117,141832.2,336465.4
5216483996,6.971889,79.886213,4117,120248.12,377010.13
3432403049,7.297546,79.882103,4117,129651.46,341193.42
3432403079,7.297511,79.882218,4117,129647.78,341191.76
3477921642,7.004651,79.954254,4117,118973.05,377750.47
3477921644,7.004836,79.954277,4117,118992.15,377775.15
6543091755,6.10667,80.33517,4117,184031.94,509045.28
3498436079,6.808835,79.920601,4117,125190.08,397849.17
3570836873,6.802185,79.922366,4117,125351.31,398633.39
3498436083,6.80939,79.92054,4117,125154.19,397787.43
7062446559,6.809468,79.920539,4117,125150.98,397778.76
3498436089,6.809133,79.920631,4117,125168.77,397822.47
3498446842,6.805128,79.926238,4117,125143.72,398600.62
13437079224,6.805088,79.92621,4117,125144.89,398597.71
3498446844,6.80581,79.926452,4117,125155.74,398596.17
3498446858,6.805794,79.92641,4117,125150.37,398562.75
3498455046,6.801487,79.934812,4117,124913.05,399610.79
3498455031,6.80522,79.926579,4117,125128.24,398602.7
3498455036,6.801341,79.935082,4117,124904.21,399644.72
5968356282,6.801245,79.93526,4117,124907.22,399666.99
5968393657,6.801284,79.935018,4117,124907.56,399649.61
3498455040,6.801146,79.934884,4117,124925.96,399670.96
5968326761,6.801373,79.935022,4117,124905.41,399637.21
3498455050,6.80144,79.934698,4117,124922.47,399610.25
3498458036,6.797489,79.940601,4117,124948.87,400433.77
3498479737,6.795604,79.940874,4117,125032.74,400646.1
3498479747,6.795564,79.940743,4117,125040.31,400647.2
3498479748,6.795485,79.940825,4117,125042.11,400659.79
3498479741,6.79579,79.940652,4117,125034.16,400630.83
5968372698,6.795679,79.940783,4117,125031.32,400633.78
3498479760,6.79532,79.940756,4117,125054.9,400679.6
3498479749,6.795338,79.941003,4117,125056.85,400685.36
3502161784,6.895034,79.924339,4117,121635.35,389743.22
3502161785,6.894866,79.924551,4117,121648.86,389773.16
3502162896,6.895188,79.924075,4117,121646.58,389712.87
3504273406,6.852896,79.894076,4117,123163.38,391933.8
6260384161,6.856213,79.890652,4117,122938.68,391374.94
3518425530,8.040708,80.597016,4117,166656.02,330455.93
3521419922,6.941419,79.986149,4117,119223.85,388656.48
3603503554,6.93918,79.973265,4117,120369.53,387976.71
5064507311,6.941528,79.98719,4117,119115.41,388543.13
5064507314,6.941612,79.987187,4117,119118.12,388539.5
3521510211,6.848252,79.897694,4117,123302.06,392600.82
5373596576,6.848315,79.897696,4117,123298.78,392593.88
4860202575,6.848275,79.897781,4117,123301.53,392604.27
3521592487,6.841073,79.901731,4117,123520.0,393539.76
3902482154,6.84115,79.90197,4117,123534.63,393553.65
3521595117,6.840988,79.901776,4117,123522.74,393550.36
3902482146,6.840934,79.901678,4117,123523.67,393550.32
3902482140,6.840829,79.901869,4117,123529.12,393570.74
3521595128,6.841026,79.901634,4117,123520.72,393539.08
3902482859,6.841259,79.901528,4117,123515.38,393510.77
3522137034,7.902592,80.523516,4117,160253.28,314864.1
3522137035,7.902558,80.52351,4117,160251.76,314860.21
3522179237,7.810218,80.568685,4117,152140.43,300835.22
3548926813,7.262654,81.080452,4117,177926.94,381344.7
5059861884,7.216827,81.060933,4117,176252.91,383821.01
3549382890,7.154716,80.057983,4117,117239.14,374712.8
3721669277,6.352761,81.03942,4117,189781.35,523881.4
3570607534,6.356736,81.038113,4117,189334.74,523413.79
6250524007,6.359572,81.034324,4117,188821.77,522875.31
3570836884,6.80184,79.922739,4117,125337.81,398689.78
3570836893,6.80179,79.922685,4117,125339.55,398689.74
3570836895,6.801788,79.922791,4117,125338.16,398697.85
13437079225,6.805121,79.926164,4117,125145.31,398591.49
3570836887,6.802001,79.922487,4117,125346.83,398657.71
4897028998,6.976569,80.764514,4117,162762.2,414629.96
3799781562,7.090972,79.999513,4117,118587.1,373295.57
3594038164,6.117014,81.082598,4117,203018.26,552817.45
12856077384,5.951631,80.546074,4117,203159.6,542264.73
3597945583,7.842121,80.396943,4117,154245.09,302602.77
3600553558,7.002968,79.956458,4117,118917.63,377854.27
3600553580,7.002526,79.960124,4117,119065.25,378262.04
6525442932,7.002525,79.960185,4117,119066.54,378268.71
4785723989,7.010946,79.966544,4117,119219.8,379419.7
3600567895,7.004487,79.96339,4117,119148.83,378709.27
3600582931,7.002422,79.960184,4117,119068.06,378273.82
3600567908,7.00461,79.963491,4117,119151.94,378726.81
3600582963,7.002424,79.960124,4117,119066.77,378267.16
3600585997,7.004678,79.963406,4117,119148.97,378715.49
4785723992,7.010688,79.966409,4117,119225.33,379387.58
3600585998,7.004551,79.963305,4117,119145.78,378697.49
3606358347,7.003079,79.956622,4117,118925.81,377867.54
5369721906,7.348798,80.679984,4117,141562.81,336865.79
6488496079,7.712398,81.710054,4117,248723.91,396256.67
4086665691,7.468846,80.026492,4117,133257.54,339958.81
8771443575,7.328607,80.024401,4117,127432.95,356077.21
4191945360,6.291264,80.637853,4117,191316.54,545191.26
4191945367,6.291444,80.637931,4117,191321.37,545220.31
6249854577,6.170053,80.896196,4117,191847.66,541679.26
3699495002,6.1111,80.931841,4117,198800.22,550426.71
6509645610,7.776274,79.949256,4117,158953.7,329577.96
6247858279,6.169143,81.062474,4117,200627.25,548875.85
3669636248,6.17202,81.061636,4117,200428.74,548544.48
6247858276,6.173319,81.061256,4117,200326.1,548394.75
3669636249,6.174405,81.060942,4117,200240.44,548269.72
3669636250,6.175985,81.060482,4117,200114.43,548087.74
3669636253,6.179414,81.059479,4117,199840.55,547692.65
3669636256,6.184311,81.058056,4117,199449.19,547128.73
3670240826,6.197957,81.051104,4117,198253.47,545410.87
6247997833,6.201357,81.049681,4117,197963.74,545003.17
3799780752,7.091212,79.999398,4117,118588.17,373288.6
3683997237,6.3808,81.314749,4117,204333.21,504879.03
3683997240,6.380798,81.314942,4117,204346.95,504878.95
3699456789,6.169823,80.896354,4117,191869.56,541710.26
13714592717,6.169908,80.896389,4117,191865.2,541706.13
3699457178,6.166964,80.897579,4117,192164.89,542055.13
6249854582,6.168072,80.897001,4117,192046.72,541916.87
3699495000,6.111088,80.931778,4117,198800.74,550427.38
3702142140,6.875541,79.892126,4117,122374.09,389311.85
3702142150,6.875444,79.892263,4117,122377.42,389318.6
3702142128,6.875754,79.892291,4117,122368.85,389283.2
7795511709,6.289733,81.085061,4117,195947.08,525288.68
3731372276,6.891305,79.928861,4117,121919.75,390444.83
11141684447,6.876904,79.935249,4117,122109.09,392331.55
7043449110,6.891091,79.928466,4117,121934.7,390423.51
3738834813,7.272944,80.604166,4117,133181.9,347038.48
3738834815,7.272681,80.603878,4117,133159.25,347081.79
3745318479,7.081635,80.468983,4117,138302.85,387317.31
5153486356,7.104167,80.336636,4117,125945.71,384766.79
3751644923,6.143172,80.81223,4117,197493.33,548849.08
3751644927,6.143201,80.812304,4117,197499.94,548858.35
3751644929,6.143224,80.812181,4117,197486.7,548840.82
5159312518,7.321888,80.392022,4117,127899.93,353151.7
3778393945,6.147499,80.763366,4117,192476.4,543230.67
7183361984,6.14741,80.763229,4117,192487.99,543246.04
3778393947,6.147519,80.76349,4117,192465.56,543215.69
7183361983,6.147406,80.76351,4117,192476.71,543228.39
3778393954,6.147621,80.763323,4117,192468.67,543219.75
3799780751,7.091125,79.999317,4117,118596.21,373274.96
5526678658,9.68463,80.007731,4117,352881.64,541481.23
10259347340,6.876952,79.926835,4117,122423.47,391868.4
3805786089,7.308031,80.637491,4117,135549.01,342238.3
6130189220,7.308051,80.637459,4117,135551.09,342234.15
3808444503,7.004844,79.954166,4117,118990.62,377773.41
3810927781,7.2767,80.596624,4117,133328.12,348005.4
3817590031,7.250366,80.368071,4117,123141.19,362435.82
4929241611,7.25053,80.368074,4117,123126.7,362417.69
4929241873,7.24821,80.351047,4117,122221.21,360855.6
4809569430,7.321983,80.990772,4117,170300.15,366313.03
3822724027,7.321656,80.989575,4117,170312.51,366315.81
3822728700,7.32222,80.989555,4117,170275.81,366253.34
6518088305,6.87632,79.935309,4117,122083.54,392375.3
3861760731,6.903199,79.911524,4117,121544.12,387821.0
5523265726,6.90323,79.91145,4117,121544.32,387812.17
3883403623,7.078552,80.144314,4117,116658.73,385122.16
3883403617,7.078503,80.144393,4117,116661.24,385130.44
3883403620,7.078513,80.144435,4117,116659.83,385125.7
3883403628,7.078622,80.144479,4117,116657.52,385111.59
3883403631,7.078672,80.144355,4117,116656.31,385106.61
3887468599,6.87681,79.927949,4117,122346.74,391744.11
3896044935,6.909568,79.896369,4117,121312.0,385912.79
3898518037,8.502518,81.180326,4117,231545.84,406996.97
3898518038,8.502541,81.18048,4117,231545.69,407004.89
7702374761,8.502548,81.180826,4117,231561.97,407007.83
3902482137,6.840738,79.901792,4117,123533.17,393575.39
13236794134,6.832977,79.906389,4117,123914.69,394596.81
3902482142,6.840849,79.901515,4117,123539.79,393570.64
9075842383,6.847085,79.898775,4117,123346.75,392778.03
3902482860,6.841306,79.901628,4117,123513.57,393511.56
3927772244,7.073063,80.269224,4117,120778.17,385316.84
3960797188,6.028532,80.79468,4117,202895.67,557471.19
3999196805,7.29359,80.63346,4117,134785.0,344177.16
13613018164,7.293492,80.633438,4117,134785.45,344188.22
6509196204,7.306782,80.634392,4117,135427.66,342576.45
5968325062,6.801177,79.934817,4117,124924.6,399642.52
4796114651,7.258384,80.5994,4117,133611.01,349702.72
4032560674,7.258381,80.599591,4117,133605.02,349696.72
7704618048,7.470106,80.044038,4117,132717.42,337820.1
4087054262,7.198556,79.854236,4117,126433.63,350252.52
4096475956,7.272624,80.603836,4117,133156.99,347089.61
4096475975,7.272692,80.603736,4117,133168.36,347094.46
5120237612,7.275305,80.599713,4117,133435.46,347627.89
4096475976,7.272748,80.603777,4117,133170.58,347086.76
4099698756,8.334489,80.392855,4117,188668.46,356767.35
6545320371,8.334581,80.392927,4117,188672.34,356780.26
13574349086,8.338758,80.395294,4117,189036.64,357323.27
6545320374,8.334648,80.393104,4117,188676.27,356799.03
4099888824,8.344683,80.391769,4117,189708.05,358138.41
13587389094,8.345218,80.393174,4117,189853.2,358304.3
4137314875,9.504011,80.212346,4117,318938.58,506011.0
4137353401,8.321304,80.38194,4117,187991.79,354841.39
4137378464,8.554175,80.485869,4117,212312.38,389384.57
1981159930,8.553811,80.485798,4117,212272.3,389343.54
5156577884,8.640761,80.669805,4117,233643.85,414782.32
13686682344,8.03026,79.828555,4117,177315.37,353946.17
13686682345,8.030348,79.828657,4117,177316.71,353929.82
1785705927,7.159773,80.565032,4117,137362.45,363366.43
4142435852,7.159708,80.565022,4117,137363.3,363373.68
13763979653,8.058002,80.551983,4117,170286.34,334798.31
4177584099,7.281272,80.666484,4117,138770.46,348040.19
4191945359,6.291258,80.637973,4117,191321.37,545193.68
4191945364,6.291393,80.637828,4117,191316.79,545206.91
11722038127,7.165382,79.883063,4117,124254.59,357293.73
4202427022,7.153892,80.061864,4117,116991.4,375188.72
4202427008,7.15372,80.06159,4117,116996.66,375152.75
5237467113,6.908259,79.929382,4117,121143.49,389522.73
4231244457,7.101385,79.910343,4117,120951.98,366355.25
6511426673,7.605845,80.125103,4117,140894.52,316918.35
4365280300,6.830485,80.988752,4117,173788.71,444387.08
5225962174,7.656735,80.369532,4117,141008.09,309771.83
4446651425,7.168016,79.883117,4117,124010.34,357051.79
4446651431,7.167914,79.882953,4117,124011.39,357030.53
4446651438,7.16761,79.882934,4117,124029.86,357043.02
8977212317,7.167573,79.882937,4117,124027.35,357047.1
5904560300,7.167838,79.882842,4117,124012.29,357015.61
5352135773,6.950063,79.917217,4117,121843.44,382945.87
4863310705,7.56947,81.734267,4117,260587.28,418111.18
11959575863,6.875366,79.900881,4117,122761.16,390430.75
4724027713,6.764653,80.011691,4117,127995.83,409955.11
4996622455,6.768521,80.006313,4117,127705.07,409219.08
4838908981,6.893818,79.935568,4117,121806.82,391348.98
4781591822,7.213168,80.754902,4117,153072.76,367180.98
4781591824,7.213021,80.754963,4117,153091.76,367201.56
4781591830,7.213078,80.754784,4117,153074.85,367179.66
4781591826,7.213078,80.754978,4117,153085.08,367194.85
7087827239,7.066595,80.012482,4117,117363.89,376984.03
4796114654,7.2586,80.599433,4117,133583.16,349674.8
4807150331,7.877695,80.010999,4117,161227.88,327060.08
4807150335,7.877586,80.010876,4117,161222.4,327060.98
4815668572,7.092581,80.798564,4117,164247.75,386729.76
5239209328,6.907997,79.929387,4117,121133.24,389551.74
6513598494,6.893817,79.935295,4117,121817.72,391335.91
9075842392,6.848212,79.897758,4117,123304.14,392609.21
9075842367,6.848163,79.897943,4117,123307.33,392626.02
4863310661,7.569497,81.734336,4117,260580.87,418102.6
6294540724,6.522825,80.114267,4117,144133.59,445226.91
4929241607,7.250532,80.368116,4117,123142.3,362441.71
4929241872,7.248188,80.350982,4117,122216.64,360848.1
4929241931,7.247987,80.342962,4117,121690.01,360104.39
4955880071,6.829077,79.965594,4117,123561.47,399469.69
7062428087,6.769943,80.005106,4117,127622.9,409012.82
5003691358,6.65207,80.177254,4117,136156.64,439303.24
5488528980,6.922819,79.913388,4117,121743.07,386361.87
5037942619,6.877225,79.869487,4117,122388.98,388448.19
5051771522,7.782718,80.397941,4117,150346.44,295484.82
5225962163,7.656962,80.369354,4117,141031.93,309738.6
11854288255,7.262311,81.080462,4117,177952.81,381382.93
5064507312,6.941553,79.987268,4117,119112.76,388534.06
5064507313,6.941639,79.987268,4117,119115.4,388530.07
9406760943,7.777502,80.818389,4117,166843.64,314666.17
10065277044,7.336524,80.983309,4117,169153.69,365271.47
5122515798,6.943059,79.923575,4117,121582.01,385008.6
5157977021,6.89482,79.924507,4117,121656.47,389762.23
5157977022,6.894963,79.924296,4117,121636.93,389734.05
6719733698,6.895072,79.924108,4117,121646.99,389710.01
2083191826,6.923151,79.913347,4117,121736.91,386326.15
5320624320,7.321933,80.39181,4117,127914.02,353134.36
5234940060,6.032386,80.217196,4117,183732.94,498578.05
1931362427,6.034919,80.217019,4117,183952.8,498770.37
6538031537,9.09129,80.898295,4117,299177.46,485493.86
5222832213,6.650578,80.177676,4117,136285.29,439477.8
5222832369,6.649672,80.177933,4117,136362.34,439582.85
5222832359,6.649486,80.177972,4117,136378.52,439605.7
5222832229,6.646253,80.179498,4117,136683.48,440014.08
5222832230,6.645235,80.179817,4117,136771.44,440132.12
5222832354,6.6496,80.177876,4117,136364.78,439587.16
5222832362,6.649536,80.178057,4117,136382.21,439609.28
5222832381,6.651128,80.177562,4117,136239.71,439415.6
5225962171,7.65667,80.369432,4117,141009.59,309774.16
5225962180,7.656834,80.369454,4117,141018.54,309756.59
5225962167,7.656754,80.369367,4117,141018.18,309761.8
5225962166,7.65678,80.369372,4117,141019.94,309758.89
5225962170,7.656682,80.369404,4117,141011.9,309770.78
5225962178,7.656814,80.369505,4117,141014.41,309762.62
5231755680,8.068928,80.536548,4117,171423.49,335682.98
13763979671,8.058396,80.55201,4117,170308.36,334841.97
6509057831,6.530939,80.396519,4117,150494.92,465110.71
5233980319,6.531088,80.396444,4117,150480.83,465097.29
5237375206,6.53116,80.396517,4117,150487.07,465108.67
5234967326,6.035059,80.216984,4117,183970.44,498788.47
5237438509,6.530932,80.396544,4117,150505.48,465126.89
5237448594,6.90792,79.929913,4117,121115.44,389596.15
5239209325,6.907996,79.92968,4117,121122.42,389569.0
5245953969,7.486801,80.366619,4117,127018.16,328812.21
5252242482,6.898129,80.592661,4117,146592.88,410058.4
5276999751,6.900195,79.926944,4117,121608.59,390370.56
6513598493,6.893921,79.935176,4117,121836.45,391353.05
6513598565,6.8938,79.935158,4117,121828.54,391337.84
5276999774,6.893472,79.93529,4117,121814.18,391296.98
5277143310,6.890951,79.928861,4117,121942.12,390473.63
5316437632,7.066515,80.012471,4117,117373.55,377005.75
5320624355,7.323244,80.389544,4117,128063.37,352837.95
5320624390,7.322061,80.391753,4117,127919.06,353114.92
5320624375,7.321975,80.391712,4117,127920.93,353121.1
5320624385,7.32202,80.391845,4117,127912.62,353127.3
5344838908,6.801579,79.935249,4117,124907.4,399660.61
5344838932,6.805158,79.926183,4117,125146.55,398586.79
5968395016,6.805435,79.926274,4117,125130.76,398561.64
5352135783,6.950096,79.917318,4117,121843.35,382940.39
5352135772,6.950087,79.917236,4117,121842.04,382942.49
5373596579,6.848548,79.897682,4117,123305.95,392592.61
13664742979,7.290687,80.647384,4117,136720.16,346044.7
5488683288,6.909703,79.895863,4117,121290.35,385854.99
5507303478,7.251325,80.450146,4117,128439.51,367521.58
5559025441,7.004666,79.954151,4117,118972.88,377750.5
6547922794,7.428752,80.214488,4117,124601.49,338429.78
5968393656,6.801317,79.93496,4117,124908.68,399642.17
5968372641,6.795971,79.940805,4117,125018.2,400601.37
5968372655,6.797445,79.940509,4117,124952.9,400434.72
5968372656,6.797585,79.94045,4117,124951.76,400417.87
5968372677,6.800129,79.938457,4117,125075.53,400053.81
5968372697,6.801131,79.935256,4117,124921.09,399680.84
6052926623,8.830788,80.772961,4117,261310.04,444620.25
6052926629,8.830856,80.772884,4117,261322.35,444633.28
8865864663,7.308109,80.637326,4117,135543.88,342231.18
10219043288,6.909614,79.895798,4117,121294.12,385858.12
6247562214,6.131169,81.078922,4117,203367.72,551195.55
6247562238,6.126463,81.080481,4117,203509.53,551737.19
6247562240,6.125513,81.080744,4117,203460.53,551846.26
6247562239,6.126448,81.080413,4117,203505.52,551743.44
6247562243,6.124342,81.081079,4117,203400.06,551980.96
6247562241,6.125495,81.080668,4117,203455.82,551852.51
6247562246,6.121813,81.081764,4117,203268.55,552270.66
6247562244,6.124323,81.080987,4117,203394.71,551986.91
6247858271,6.184337,81.05815,4117,199449.44,547126.33
6247858275,6.176012,81.060562,4117,200114.35,548084.86
6247858278,6.172045,81.061722,4117,200428.86,548541.89
6247858280,6.169168,81.062564,4117,200626.72,548873.45
6247997831,6.209423,81.046154,4117,197266.96,544025.67
6247997836,6.20138,81.049748,4117,197963.43,545000.01
6247997832,6.209382,81.046083,4117,197268.49,544030.54
6252393552,6.228199,81.042412,4117,195733.0,541889.97
6247997837,6.197984,81.05117,4117,198252.79,545407.21
6249854572,6.169842,80.89643,4117,191872.17,541714.72
6249854581,6.168097,80.897063,4117,192048.51,541920.35
6249855389,6.16697,80.897765,4117,192174.84,542068.27
5252242493,6.89802,80.592678,4117,146591.94,410054.34
6250326150,8.836752,79.968852,4117,254391.96,430137.62
6250326149,8.837034,79.968952,4117,254422.32,430170.65
6250339117,8.796495,79.931559,4117,247867.18,423040.94
6250326151,8.836942,79.96909,4117,254423.6,430171.19
6250326159,8.837211,79.96903,4117,254444.74,430194.01
6250326164,8.837076,79.968943,4117,254426.72,430175.44
6252038712,6.301505,81.00332,4117,187227.31,531913.3
13716601407,6.317891,80.998271,4117,185732.35,529944.28
6252038693,6.268278,81.018019,4117,191563.16,536501.33
6252038706,6.279938,81.003222,4117,189561.57,534361.78
6252038705,6.279999,81.00327,4117,189555.89,534353.25
6252038760,6.268313,81.018089,4117,191561.5,536496.83
6252038708,6.280697,81.002292,4117,189434.72,534230.19
6252038707,6.280755,81.002371,4117,189431.38,534222.69
6252038714,6.300033,81.003234,4117,187383.09,532076.43
6252393581,6.260715,81.022473,4117,192401.29,537469.71
6252393551,6.228209,81.042494,4117,195734.25,541888.94
6252393563,6.246841,81.036854,4117,194116.33,539688.3
6252393562,6.246902,81.03691,4117,194112.15,539680.07
6252393569,6.24916,81.034411,4117,193832.68,539315.55
6252393568,6.249222,81.034468,4117,193828.52,539307.49
6252393580,6.258492,81.024655,4117,192691.09,537822.15
6252393579,6.258541,81.024714,4117,192687.71,537815.14
6252393582,6.260661,81.022409,4117,192405.12,537476.73
6260211180,6.881629,79.869768,4117,122404.15,388252.19
9565070865,6.87732,79.869529,4117,122393.02,388450.21
6260384173,6.856472,79.890977,4117,122927.05,391354.75
6260398862,7.168012,79.882958,4117,124009.92,357020.99
6294540737,6.522809,80.11459,4117,144135.65,445239.76
7182955395,6.522834,80.114345,4117,144127.7,445219.93
6294540735,6.522923,80.11425,4117,144130.36,445214.39
7182955398,6.522921,80.114351,4117,144124.46,445209.43
6488496081,7.712359,81.710216,4117,248713.76,396246.31
6492863072,6.037594,80.250079,4117,185474.88,502788.23
6492867591,6.038051,80.249999,4117,185465.4,502767.08
6495360824,7.720471,81.70112,4117,247151.14,394529.36
6495926129,7.297405,79.88216,4117,129642.18,341206.72
6507179285,7.656721,80.369528,4117,141007.11,309773.44
6509381792,7.224617,80.019282,4117,119942.77,363946.32
6509381794,7.224525,80.019232,4117,119942.19,363942.8
2703675514,7.2245,80.019348,4117,119939.72,363958.14
6509381791,7.224584,80.019358,4117,119941.34,363955.47
6509727159,7.717414,80.146206,4117,147543.68,303069.08
6511426680,7.606303,80.124804,4117,140915.01,316857.6
6511426678,7.605843,80.124902,4117,140886.28,316910.96
6511426677,7.606149,80.124878,4117,140908.37,316876.52
6513598495,6.893831,79.935142,4117,121832.21,391341.63
6513598497,6.900116,79.926898,4117,121608.73,390360.51
6513598563,6.893898,79.93529,4117,121825.43,391345.21
6513598564,6.893796,79.93528,4117,121818.16,391333.04
6513995666,6.892498,79.921464,4117,121764.26,389615.96
6513995667,6.892435,79.921726,4117,121750.39,389613.35
6513995678,6.892551,79.921655,4117,121745.49,389598.32
6513995672,6.891933,79.922114,4117,121768.73,389683.56
7059333096,6.892059,79.922012,4117,121767.47,389665.61
6513995677,6.892593,79.92175,4117,121742.14,389600.02
6926357552,6.892448,79.921842,4117,121744.51,389618.97
6514054687,6.891979,79.922192,4117,121765.68,389683.76
6514054691,6.891938,79.922225,4117,121769.28,389689.51
11141684438,6.87672,79.935199,4117,122107.68,392329.24
6537339895,6.994432,79.874138,4117,122197.5,376182.87
6537358011,6.982963,79.874683,4117,121661.0,377373.93
6542819604,6.083814,80.645051,4117,199310.72,554049.58
13412730677,6.083564,80.645734,4117,199377.72,554129.27
6542819607,6.083762,80.64496,4117,199310.7,554034.16
6542819620,6.083849,80.64497,4117,199309.58,554043.12
6543091741,6.107124,80.33491,4117,184012.41,509001.69
6543091742,6.107012,80.335013,4117,184016.25,509015.13
6543091745,6.106971,80.334895,4117,184014.89,508999.6
6543091753,6.106961,80.334929,4117,184015.96,509003.53
6545320373,8.334522,80.393019,4117,188667.42,356779.43
6545683450,6.947515,80.094032,4117,119810.25,398915.83
10093923284,6.947594,80.093905,4117,119814.28,398899.25
6547914278,7.430591,80.214366,4117,124632.33,338225.12
6547922791,7.42919,80.214608,4117,124610.11,338387.65
6547922793,7.428738,80.214577,4117,124602.55,338437.84
6547922792,7.429188,80.214517,4117,124608.78,338381.48
6547922837,7.430672,80.214441,4117,124635.36,338225.18
6547922838,7.430575,80.214438,4117,124633.36,338233.22
6548047381,7.476919,80.345811,4117,128162.59,331039.2
6542819609,6.083757,80.645029,4117,199310.89,554042.33
6632178150,6.288636,81.085757,4117,196010.08,525287.55
6719733720,6.902031,79.919554,4117,121448.77,388728.78
9041600956,8.236443,80.350845,4117,180908.36,344360.85
7051044597,8.501289,81.191464,4117,232064.47,406763.48
7062180134,6.848764,79.948514,4117,123138.77,395877.6
7062216179,6.790738,79.953986,4117,126033.25,402214.4
7062229410,6.793546,79.944829,4117,125355.94,401152.15
7062229418,6.794539,79.942305,4117,125164.02,400852.73
7062379367,6.783335,79.986186,4117,126408.13,406053.56
7062380597,6.784372,79.978364,4117,126027.6,405161.88
7062380591,6.784361,79.977301,4117,126085.97,405044.77
7062380609,6.784794,79.975659,4117,126179.15,404857.36
7062428147,6.780777,79.996257,4117,126919.95,407280.59
7062428158,6.781682,79.994682,4117,126834.64,407072.86
7062428168,6.783429,79.991906,4117,126682.33,406706.33
7062446553,6.809734,79.92063,4117,125144.9,397755.99
7062446558,6.809446,79.920635,4117,125152.95,397787.85
7062446557,6.809364,79.920792,4117,125158.67,397800.6
12467159834,6.83247,79.907065,4117,123975.19,394693.96
7084497218,8.502488,81.180414,4117,231541.54,406995.18
7085726788,8.553844,80.485719,4117,212280.85,389353.1
9748233243,6.824851,79.883745,4117,125363.21,395376.15
7182955399,6.522901,80.114362,4117,144124.85,445211.93
7182955400,6.522824,80.114331,4117,144128.9,445221.83
7182955404,6.52284,80.11425,4117,144133.2,445224.44
7182955406,6.522938,80.114268,4117,144128.76,445211.84
3778393953,6.147622,80.763509,4117,192456.78,543203.43
3778393948,6.147542,80.763506,4117,192463.2,543212.56
3778393944,6.147486,80.763423,4117,192471.67,543224.16
1748962217,6.147557,80.76332,4117,192473.7,543226.91
1748962242,6.147681,80.763392,4117,192461.01,543209.3
13564859268,8.3276,80.361067,4117,190192.03,357157.28
7205862648,6.853957,79.88508,4117,123425.24,392045.85
7241425510,6.853796,79.88508,4117,123418.31,392045.27
7702374760,8.502614,81.180479,4117,231551.94,407013.3
11292753164,7.471396,80.044259,4117,132814.77,337675.32
7704618065,7.470183,80.044045,4117,132717.78,337811.53
11292753165,7.471298,80.044163,4117,132811.18,337687.61
7704629739,7.469933,80.026559,4117,133232.49,339835.81
3771886827,6.680349,80.400314,4117,137071.94,443847.57
8567388506,6.887812,79.994475,4117,122025.24,398261.82
8567390717,6.888038,79.994578,4117,122033.49,398240.15
8626564849,6.842053,80.091769,4117,121501.06,409849.73
13149927791,6.784562,80.055456,4117,125345.11,413372.74
12553497571,6.039712,80.234123,4117,184816.65,501305.63
8771443546,7.328537,80.02435,4117,127430.4,356086.79
8771443562,7.32839,80.024243,4117,127421.55,356106.9
8771443572,7.328286,80.024233,4117,127423.12,356119.13
8771443560,7.328435,80.024177,4117,127422.44,356108.39
8771443563,7.328364,80.024253,4117,127421.74,356109.96
8771443573,7.32834,80.024071,4117,127425.91,356126.28
8864816859,7.733307,81.698623,4117,246695.93,393981.7
8864816856,7.733418,81.698587,4117,246686.73,393971.19
8864816862,7.733272,81.698551,4117,246687.04,393972.44
8865864662,7.308162,80.637358,4117,135551.74,342217.53
8977212331,7.16754,79.882939,4117,124028.02,357050.75
11722038133,7.166237,79.883024,4117,124162.82,357195.16
9072859382,8.236518,80.350885,4117,180914.86,344370.76
9075842334,6.852931,79.894142,4117,123158.25,391928.66
9075842399,6.848438,79.897324,4117,123291.65,392550.47
9075842371,6.847131,79.89883,4117,123345.47,392777.24
9394245009,8.325498,81.300588,4117,233376.34,393648.27
9394245011,8.325535,81.300514,4117,233379.42,393664.62
9406617684,7.165775,79.882993,4117,124210.54,357246.43
9427842409,7.714127,81.697659,4117,247259.09,394607.48
2079053634,7.714275,81.697695,4117,247240.61,394588.95
9562328829,7.481895,80.3607,4117,126687.62,329531.14
9547857711,6.876736,79.869886,4117,122340.92,388373.15
10740616709,6.873836,79.872512,4117,122305.1,388598.72
9562328818,7.481745,80.361118,4117,126695.73,329500.46
9565070864,6.87724,79.869551,4117,122384.79,388440.97
9577055309,6.84692,79.926514,4117,123470.08,394485.1
9748233247,6.824824,79.88385,4117,125376.75,395389.69
10086207496,7.318547,80.992497,4117,170480.42,366713.18
3276158589,6.277517,81.286142,4117,206000.62,518555.24
10217285592,6.892192,79.877461,4117,121569.67,386226.81
621816440,6.892361,79.877059,4117,121541.75,386178.24
10219043316,6.910912,79.888274,4117,121098.75,384985.61
10259347339,6.87668,79.928104,4117,122333.27,391743.27
10259347358,6.876862,79.92707,4117,122403.84,391859.68
10259347341,6.876947,79.926902,4117,122417.6,391860.99
10259347344,6.876874,79.9269,4117,122415.51,391869.01
10259347345,6.876879,79.926834,4117,122421.27,391876.29
10259347359,6.876896,79.926612,4117,122441.75,391900.98
10264115338,6.876699,79.869824,4117,122345.63,388381.09
10308309675,6.753982,80.01563,4117,128448.58,411245.12
10308309702,6.752851,80.016458,4117,128495.59,411402.44
10308309701,6.751852,80.019362,4117,128557.31,411742.74
10308315016,6.764723,80.011739,4117,127990.0,409948.47
10740616705,6.87368,79.872736,4117,122290.08,388592.45
10740616716,6.873535,79.872903,4117,122294.51,388605.46
10740616710,6.873806,79.872423,4117,122311.46,388609.13
11035177226,6.792115,80.053966,4117,125625.14,412495.81
11367587825,7.293461,80.63338,4117,134780.01,344193.96
9406617687,7.165626,79.882998,4117,124229.89,357267.2
9406617692,7.165779,79.883058,4117,124210.29,357246.22
11765244589,6.726526,80.03369,4117,127816.84,415097.99
11959575844,6.875713,79.900922,4117,122756.58,390404.81
11959575860,6.875439,79.900973,4117,122762.78,390431.96
11959575849,6.875318,79.90122,4117,122777.35,390460.0
11959575852,6.87622,79.900669,4117,122737.97,390332.62
11959575853,6.876278,79.900645,4117,122739.96,390333.35
11959629974,6.876492,79.900552,4117,122752.77,390345.37
11959629976,6.875362,79.900959,4117,122765.01,390439.4
11959629975,6.875441,79.900886,4117,122758.61,390422.38
12761661742,7.361993,81.803613,4117,255245.53,443032.97
12856077364,5.957542,80.545523,4117,203463.5,542925.37
12856077378,5.953166,80.54591,4117,203238.48,542435.54
13149927798,6.784514,80.055368,4117,125345.85,413372.4
13149927797,6.784648,80.055346,4117,125346.84,413357.38
13236794129,6.832542,79.907112,4117,123972.37,394690.17
13380401240,6.002664,80.672003,4117,206581.61,563647.66
13380401241,6.002658,80.67208,4117,206580.65,563656.61
13380401246,6.002542,80.671983,4117,206587.65,563651.31
13437079205,6.802372,79.923267,4117,125363.67,398781.36
13534166712,7.165631,79.883079,4117,124228.85,357266.14
2831587846,8.34429,80.392613,4117,189620.76,358027.41
13587389092,8.345284,80.393209,4117,189859.96,358312.47
13587403118,8.345255,80.393246,4117,189861.06,358313.18
13646507158,6.949963,79.917251,4117,121852.81,382958.74
13695751611,6.892345,79.877367,4117,121554.74,386190.58
13695751612,6.892435,79.877061,4117,121539.26,386170.11
3683997236,6.380767,81.314775,4117,204336.64,504883.7
3683997229,6.380921,81.314928,4117,204341.33,504864.39
