u,v,matched_ref,route_no,road_name,highway,oneway,maxspeed,lanes,name,segment_length_m
31363877,50392728,B128,B128,Galle - Baddegama,primary,False,60,2,Henry Pedris Mawatha (Hirimbura Road),1523.4489777803312
31363877,102750385,B128,B128,Galle - Baddegama,primary,False,60,2,Hirimbura Road,669.2324747488148
33389197,3594319500,B535,B535,Nilwala By pass,trunk,True,60,2,Anagarika Dharmapala Mawatha,17.884022219864704
33389341,1650097484,B524,B524,Beach Road Matara( Matara By Pass),primary,False,60,2,Beach Road,2209.9684485840194
33389417,13711501216,B557,B557,Circular Road - Devinuwara,primary,False,50,2,Circular Road,337.85951912076
33389466,1750306782,B566,B566,Nakulugamuwa Kudawella Moraketiara,primary,False,40,2,Kudawella Road,3820.24517620582
35436490,5120237603,B365,B365,Peradeniya - Halloluwa - Katugastota,primary,False,60,2,Gannoruwa Road,38.7022192248244
41607666,41607686,B251,B251,Lewaya Road,primary,False,60,2,Lewaya Road,3530.7254045888294
41607686,41607666,B251,B251,Lewaya Road,primary,False,60,2,Lewaya Road,3530.7254045888303
41607686,5144316831,B251,B251,Lewaya Road,primary,True,60,2,Lewaya Road,61.69269863291961
44534440,54399243,B37,B037,"Baladaksha Mawatha, Galle",primary,True,30,,Baladaksha Mawatha,25.093634852211796
47811685,50767449,B130,B130,Galle - Wakwella,primary,False,50,2,Wakwella Road,1929.1842109387724
47811685,82800337,B130,B130,Galle - Wakwella,primary,False,50,2,Galle-Wakwella Road,2184.085556640624
47817820,1242562192,B128,B128,Galle - Baddegama,primary,False,60,2,Olcott Mawatha,548.295673854288
47822231,1242562069,B41,B041,"Bandaranaika Mawatha, Galle",primary,False,40,2,Bandaranaike Place (Talapitiya Road),241.6070128812607
47824132,47824157,B128,B128,Galle - Baddegama,primary,True,40,2,Olcott Mawatha,50.34909559378015
47824157,47817820,B128,B128,Galle - Baddegama,primary,True,40,2,Olcott Mawatha,280.33593617807594
49365524,49365945,B44,B044,Bandarawela - Welimada,primary,False,60,2,Bandarawela-Welimada Road,574.5198334042293
49365524,4365280087,B44,B044,Bandarawela - Welimada,primary,True,40,1,Bandarawela-Welimada Road,23.599942283487575
49365945,10682971402,B43,B043,Bandarawela - Uva Hihglands - Ettampitiya,primary,False,60,2,Bandarawela-Ettampitiya Road,984.9239461189167
49365945,2915447204,B44,B044,Bandarawela - Welimada,primary,False,60,2,Bandarawela-Welimada Road,10121.064177691
49365945,49365524,B44,B044,Bandarawela - Welimada,primary,False,60,2,Bandarawela-Welimada Road,574.5198334042295
49368092,10110604172,B353,B353,Palugama - Boralande - Haputale,primary,False,60,2,Keppetipola-Boralande-Haputale Road,12872.922579311151
49368243,2915447204,B44,B044,Bandarawela - Welimada,primary,False,60,2,Bandarawela-Welimada Road,9545.089661905211
49371992,6233687374,B331,B331,Nuwara Eliya Town Road,primary,False,50,2,Bandaranaike Mawatha,220.9476644863543
49378902,3803459185,B621,B621,Atabage - Dunukeulla,primary,False,50,2,Atabage-Dunukeulla Road,7395.780327704151
50392728,31363877,B128,B128,Galle - Baddegama,primary,False,60,2,Henry Pedris Mawatha (Hirimbura Road),1523.4489777803315
50392728,1242562192,B128,B128,Galle - Baddegama,primary,False,60,2,Olcott Mawatha,304.46188241468514
50392728,1364675869,B109,B109,"Edmand Mawatha, Galle",primary,False,50,2,H. K. Edmond Mawatha,209.39839057567465
50415165,1795375615,B458,B458,Waskaduwa - Bandaragama,primary,False,70,2,Waskaduwa-Bandaragama Road,5268.988335475314
50422936,694987695,B204,B204,Katubedde - Kospelena,primary,False,50,2,Katubedda-Kospelena Road,1809.550968067558
50760908,1235775273,B130,B130,Galle - Wakwella,primary,True,50,2,Wakwella Road,34.3947424301307
50760908,5182838447,B130,B130,Galle - Wakwella,primary,False,50,2,Wakwella Road,177.67905144665593
50767449,60797984,B130,B130,Galle - Wakwella,primary,False,50,2,Wakwella Road,14.5249659552941
50767449,47811685,B130,B130,Galle - Wakwella,primary,False,50,2,Wakwella Road,1929.1842109387728
54399243,4796130131,B37,B037,"Baladaksha Mawatha, Galle",primary,False,30,2,Baladaksha Mawatha,339.02836173176087
54399243,1235775050,B37,B037,"Baladaksha Mawatha, Galle",primary,True,30,,Baladaksha Mawatha,19.59554256772985
60797056,635164739,B229,B229,Kohuwela - Dehiwela,primary,False,50,2,Kotagama Sri Vachissara Mawatha,226.2608456986703
60797372,621950451,B11,B011,"Anagarika Dharmapala mawatha, Dehiwela (Municipal council - Malwatta)",primary,False,40,2,Anagarika Dharmapala Mawatha (Allen Avenue),228.04563829813185
60797432,1533913594,B94,B094,Dehiwela - Maharagama,primary,False,50,,Hill Street (Dehiwela-Maharagama Road),33.312683310251025
60797439,6388461497,B547,B547,Kawdana Attidiya,primary,False,50,,Kawdana Road,8.30307919706129
60797439,598720858,B547,B547,Kawdana Attidiya,primary,False,50,,Kawdana Road,1820.5917045828994
60797926,6322017693,B61,B061,Boossa - Hegoda,primary,False,50,2,"['Racecourse Road', 'Kendala Road']",2409.5095667968526
60797984,50767449,B130,B130,Galle - Wakwella,primary,False,50,2,Wakwella Road,14.5249659552941
60797984,1139090033,B130,B130,Galle - Wakwella,primary,False,50,2,Wakwella Road,835.3818752683499
60798033,208541195,B94,B094,Dehiwela - Maharagama,primary,False,50,2,Hill Street (Dehiwela-Maharagama Road),246.43533888806118
60798033,150994801,B94,B094,Dehiwela - Maharagama,primary,False,50,,Hill Street (Dehiwela-Maharagama Road),555.5456498053707
77373725,77374718,B101,B101,Dikwella - Beliatta,primary,False,72,4,Dikwella-Beliatte Road,6111.219715842562
77373725,1530689260,B101,B101,Dikwella - Beliatta,primary,False,72,4,Dikwella-Beliatte Road,3931.545297093551
77374718,2909552257,B630,B630,Beliatta - Kirinda,primary,False,60,2,Beliatte-Kirinda Road,5006.370897098132
77374718,3771334922,B101,B101,Dikwella - Beliatta,primary,False,72,4,Dikwella-Beliatte Road,199.16201110448407
77374718,77373725,B101,B101,Dikwella - Beliatta,primary,False,72,4,Dikwella-Beliatte Road,6111.219715842563
77374761,3592199657,B141,B141,Hakmana - Beliatta - Tangalle,primary,False,72,4,Beliatte-Tangalle Road,1122.7448142772741
77682074,2637064010,B332,B332,Nuwara Eliya - Uda Pussellawa,primary,False,50,2,Uda Pussellawa Road,548.9061186696468
77682074,2035832311,B332,B332,Nuwara Eliya - Uda Pussellawa,primary,False,50,2,Uda Pussellawa Road,42.52925229868191
82800337,1781355217,B138,B138,Gintota Plywood Factory Road,primary,False,50,2,"['Gintota Plywood Factory Road', 'Gintota-Wakwella Road']",4316.083999311258
82800337,47811685,B130,B130,Galle - Wakwella,primary,False,50,2,Galle-Wakwella Road,2184.0855566406253
98554099,3492736839,B238,B238,Kottawa - Batemulla,primary,False,50,2,Yakkalamulla-Imaduwa Road,11269.667251629307
98554144,266478204,B465,B465,Weligama - Kananke,primary,False,60,2,"['Weligama-Welipitiya Road', 'Welipitiya-Kananke Road']",9799.621242208215
102737846,3592199657,B628,B628,Tangalle - Kadurupokuna - Beliatta,primary,False,60,2,"['Pelapota-Beliatte Road', 'Tangalle-Kurundupokuna Road', 'Kadurupokuna-Pelapota Road']",8712.813464869054
102737884,2993960268,B83,B083,"Circular Road, Tangalle",primary,False,30,2,Circular Road,32.815439473935875
102750184,102750385,B128,B128,Galle - Baddegama,primary,False,60,2,Hirimbura Road,392.24121938146675
102750184,1242330004,B128,B128,Galle - Baddegama,primary,False,60,2,Baddegama Road,2780.5542557910726
102750385,31363877,B128,B128,Galle - Baddegama,primary,False,60,2,Hirimbura Road,669.2324747488146
102750385,102750184,B128,B128,Galle - Baddegama,primary,False,60,2,Hirimbura Road,392.24121938146675
127659606,127659819,B408,B408,Talduwa - Meewitigammana,primary,False,60,2,Talduwa-Meewitigammana Road,3722.6102649687905
127659819,3883403618,B408,B408,Talduwa - Meewitigammana,primary,False,60,2,"['Gurugalla Bridge', 'Talduwa-Meewitigammana Road']",13441.819934335448
127659819,127659606,B408,B408,Talduwa - Meewitigammana,primary,False,60,2,Talduwa-Meewitigammana Road,3722.610264968791
127659819,2021573972,B603,B603,Magmmana Kurupettha Daigala Gurugalla,primary,False,60,2,Magmmana-Kurupetta-Daigala-Gurugalla Road,11743.4059676258
129605583,129606431,B123,B123,Galagedera - Horana,primary,False,50,,Horana - Padukka Road,7471.855755998716
129606431,13149927793,B123,B123,Galagedera - Horana,primary,False,50,,Horana - Padukka Road,27.96148171658494
129606431,129605583,B123,B123,Galagedera - Horana,primary,False,50,,Horana - Padukka Road,7471.85575599872
129606431,1430577735,B239,B239,Kottawa - Talagala,primary,True,50,,Kottawa Thalagala Road,34.42619979121272
129607365,5366204208,B123,B123,Galagedera - Horana,primary,False,50,,Galagedara - Padukka Road,40.6839968295766
129607626,1697583653,B123,B123,Galagedera - Horana,primary,False,50,,Galagedara - Padukka Road,86.62462968726685
129610044,1150403426,B145,B145,Hanwella Junction Road,primary,False,40,2,Hanwella Junction Road,872.3994120500791
129615686,252542077,B452,B452,Walgama - Diyagama,primary,False,50,,Homagama Diyagama Road,3875.326486650508
129615686,324918527,B452,B452,Walgama - Diyagama,primary,False,50,,"['Station Road', 'Homagama Athurugiriya road']",3208.4723944743
129615869,255179552,B291,B291,Mirihana - Udahamulla - Nawinna,primary,False,50,2,Old Kottawa Road,2060.3333895063884
129615924,1348104699,B134,B134,Gangodawila - Boralesgamuwa,primary,False,50,2,Old Kesbawa Road,448.1800605394682
129615924,250734844,B134,B134,Gangodawila - Boralesgamuwa,primary,False,50,2,Old Kesbawa Road,1721.1619040398934
129615942,9959089701,B389,B389,Ratmalana - Mirihana,primary,False,50,2,Pepiliyana Road,27.277814330487708
129615942,275520231,B389,B389,Ratmalana - Mirihana,primary,False,50,2,Subhadrarama Road,501.9881710916891
129616175,10740616731,B84,B084,Colombo - Horana,primary,True,60,2,,40.0704865856173
129616175,1978809439,B84,B084,Colombo - Horana,primary,False,60,2,Dutugemunu Street,407.26676346801884
129616344,208541425,B229,B229,Kohuwela - Dehiwela,primary,False,50,2,Hospital Road,561.7229950109651
129616344,620401826,B229,B229,Kohuwela - Dehiwela,primary,False,50,2,"['Kotagama Sri Vachissara Mawatha', 'Hospital Road']",1464.851001474006
130346191,652615607,B109,B109,"Edmand Mawatha, Galle",primary,False,50,2,"['Morris Road', 'H. K. Edmond Mawatha']",2584.8772691447384
130346191,1093698342,B248,B248,Labuduwa - Wandurambe - Sandarawela,primary,False,50,2,Labuduwa-Wanduramba Road,1963.7310919093713
130445177,1138480058,B14,B014,Ambalangoda - Elpitiya - Pitigala,primary,False,"['70', '50']",2,Elpitiya Road,2567.1793515666504
130445589,250132276,B49,B049,"Bazaar Street, Ambalangoda",primary,False,40,2,Main Street,371.6312442286174
130462216,12474497827,B535,B535,Nilwala By pass,trunk,False,60,2,Anagarika Dharmapala Mawatha,54.290694578918114
138713153,50760908,B130,B130,Galle - Wakwella,primary,True,50,2,Wakwella Road,35.83405301520513
138714131,138714420,B37,B037,"Baladaksha Mawatha, Galle",primary,True,40,,Esplanade Road,21.28524466487372
138714420,138714274,B37,B037,"Baladaksha Mawatha, Galle",primary,True,40,,Esplanade Road,23.967002263363792
138714420,5182773491,B37,B037,"Baladaksha Mawatha, Galle",primary,False,40,4,Esplanade Road,92.70411689908602
150994801,621950451,B11,B011,"Anagarika Dharmapala mawatha, Dehiwela (Municipal council - Malwatta)",primary,False,40,2,Anagarika Dharmapala Mawatha (Allen Avenue),1735.0015844412312
150994801,60798033,B94,B094,Dehiwela - Maharagama,primary,False,50,,Hill Street (Dehiwela-Maharagama Road),555.5456498053705
150994801,1533913594,B94,B094,Dehiwela - Maharagama,primary,False,50,,Hill Street (Dehiwela-Maharagama Road),634.9524372864987
191849931,2035832247,B249,B249,Lady Macallums Drive,primary,False,50,2,"[""Lady McCallum's Drive"", 'Hill Street']",959.3697632414222
191849931,191850199,B331,B331,Nuwara Eliya Town Road,primary,True,50,2,Old Kandy Road (Old Bazaar Street),139.61849944535132
191850199,2035763052,B331,B331,Nuwara Eliya Town Road,primary,False,50,2,Old Kandy Road (Old Bazaar Street),157.26426421118856
191856851,3090078667,B110,B110,Eheliyagoda - Dehiowita,primary,False,50,2,"['Eheliyagoda-Dehiowita Road', 'Sudu Palama (White Bridge)']",16573.736312264038
198485623,3390658487,B512,B512,Blackpool Ambewela Pattipola Horton Plains,primary,False,60,2,Blackpool-Ambewela Road,13068.247846064336
198485623,3682574805,B507,B507,Rendapola - Ambewela,primary,False,60,2,Rendapola-Ambewela Road,7923.405969901732
198485623,10108470176,B512,B512,Blackpool Ambewela Pattipola Horton Plains,primary,False,60,2,"['Boralande-Ohiya Road', 'Pattipola-Horton Plains Road', 'Ambewela-Pattipola Road', 'Ohiya-Horton Plains Road']",31063.741653286055
198553743,4897029032,B331,B331,Nuwara Eliya Town Road,primary,False,50,2,Old Udapussellawa Road,355.66881944634764
198553743,2035832311,B332,B332,Nuwara Eliya - Uda Pussellawa,primary,False,50,2,Uda Pussellawa Road,591.3857684745093
198553743,2035845823,B332,B332,Nuwara Eliya - Uda Pussellawa,primary,False,50,2,Uda Pussellawa Road,1199.5683777380464
198851718,3249089698,B153,B153,Hikkaduwa - Baddegama - Nilhena,primary,False,60,2,Hikkaduwa-Baddegama Road,4310.691095679701
206597400,2068144084,B94,B094,Dehiwela - Maharagama,primary,False,"['60', '50']",2,Dehiwela Road (Dehiwela-Maharagama Road),2183.5690029322413
206597400,1737436578,B389,B389,Ratmalana - Mirihana,primary,False,50,2,Attidiya Road,587.678036027933
206597400,621909031,B389,B389,Ratmalana - Mirihana,primary,False,50,2,"['Attidiya Road', 'Main Road']",954.2601488191222
206597400,208541195,B94,B094,Dehiwela - Maharagama,primary,False,50,2,Nikape Road (Dehiwela-Maharagama Road),730.2720722136964
208541195,622293249,B389,B389,Ratmalana - Mirihana,secondary,False,50,2,Pepiliyana Road,433.4261562379619
208541195,60798033,B94,B094,Dehiwela - Maharagama,primary,False,50,2,Hill Street (Dehiwela-Maharagama Road),246.4353388880612
208541195,206597400,B94,B094,Dehiwela - Maharagama,primary,False,50,2,Nikape Road (Dehiwela-Maharagama Road),730.2720722136962
208541289,208541425,B84,B084,Colombo - Horana,primary,False,60,,Colombo-Piliyandala-Horana Road,1335.7533940038124
208541289,9075818013,B84,B084,Colombo - Horana,primary,True,60,2,Colombo-Piliyandala-Horana Road,34.017029955666075
208541425,635855735,B120,B120,Etulkotte - Mirihana - Kohuwela,primary,False,50,"['4', '2']","['Stanley Thilakarathne Mawatha', 'S. De S. Jayasinghe Road']",497.2211164117
208541425,208541289,B84,B084,Colombo - Horana,primary,False,60,,Colombo-Piliyandala-Horana Road,1335.7533940038124
208541425,129616344,B229,B229,Kohuwela - Dehiwela,primary,False,50,2,Hospital Road,561.7229950109652
208541425,1978809439,B84,B084,Colombo - Horana,primary,False,60,2,Dutugemunu Street,1100.2041832431785
245519497,1489265551,B157,B157,Horana - Anguruwatota - Aluthgama,primary,True,50,2,Horana-Anguruwatota Road,26.30265586524626
245519498,256663997,B405,B405,"Sri Somananda Mawatha, Horana",primary,True,40,2,Sri Somananda Mawatha,743.8732404748358
245519512,2083588478,B304,B304,Nagoda - Kalawellawa - Bellapitiya,primary,False,60,2,"['Naragala Bridge', 'Nagoda-Kalawellawa-Bellapitiya Road']",14175.656929120474
245519512,245519575,B157,B157,Horana - Anguruwatota - Aluthgama,primary,False,50,2,Horana-Anguruwatota Road,3915.448465933391
245519512,253718871,B157,B157,Horana - Anguruwatota - Aluthgama,primary,False,50,2,Horana-Anguruwatota Road,2548.3304010028246
245519575,245519747,B224,B224,Kirimetiya - Yala,primary,False,50,2,Horana-Kalutara Road,16996.25733141605
245519575,265731258,B157,B157,Horana - Anguruwatota - Aluthgama,primary,False,50,2,"['Horana-Anguruwatota Road', 'Anguruwatota-Aluthgama Road']",5448.7142908617725
245519575,245519512,B157,B157,Horana - Anguruwatota - Aluthgama,primary,False,50,2,Horana-Anguruwatota Road,3915.4484659333907
245519747,7103753925,B224,B224,Kirimetiya - Yala,primary,True,50,1,Horana-Kalutara Road,28.10506765894778
245519747,245519575,B224,B224,Kirimetiya - Yala,primary,False,50,2,Horana-Kalutara Road,16996.257331416047
247140202,2689283758,B317,B317,Nawalapitiya - Dimbula,primary,False,60,2,Nawalapitiya-Dimbula Road,4862.4008430485865
247140495,247140995,B381,B381,Radaella Short Cut Road,primary,False,60,2,Radella Short Cut Road,3217.2868756488383
247140995,247140495,B381,B381,Radaella Short Cut Road,primary,False,60,2,Radella Short Cut Road,3217.286875648841
247987689,3257914816,B153,B153,Hikkaduwa - Baddegama - Nilhena,primary,False,60,2,Baddegama-Nayapamula-Nilhena Road,2109.743186618334
247987689,3257848747,B128,B128,Galle - Baddegama,primary,False,60,2,Baddegama Road,2171.128478761436
247987689,3257742983,B128,B128,Galle - Baddegama,primary,False,"['60', '50']",2,"['Baddegama Road', 'Baddegama-Halpotota Road']",1453.7251620957566
248048875,1637776242,B176,B176,Kahawa - Batapola,primary,False,50,2,"['Batapola Road', 'Kahawa-Batapola Road']",7834.141760237001
248049055,3249089698,B153,B153,Hikkaduwa - Baddegama - Nilhena,primary,False,60,2,Hikkaduwa-Baddegama Road,21.009031557989335
248049055,3257742983,B153,B153,Hikkaduwa - Baddegama - Nilhena,primary,False,"['70', '60']","['4', '2']","['Hikkaduwa-Baddegama Road', 'Halpatota-Kurundugahahetekma Road']",5526.075236209983
248049055,11368215992,B106,B106,Dodanduwa - Gonapinuwala,primary,True,50,2,Dodanduwa-Gonapinuwala Road,36.85560625183333
250131591,4408220358,B101,B101,Dikwella - Beliatta,primary,False,72,4,Dikwella-Beliatte Road,1580.6111388256156
250131773,1745927593,B284,B284,Meddewatte - Kekanadure - Yatiyana,primary,False,60,2,Meddewatte-Kekanadure-Yatiyana Road,621.7941951094228
250131881,33389197,B535,B535,Nilwala By pass,trunk,True,60,2,Anagarika Dharmapala Mawatha,88.43481441158191
250131908,1428670920,B535,B535,Nilwala By pass,trunk,True,60,2,Anagarika Dharmapala Mawatha,995.5033950605116
250132276,130445589,B49,B049,"Bazaar Street, Ambalangoda",primary,False,40,2,Main Street,371.6312442286174
250730985,3379422351,B531,B531,Parliament Drive,primary,False,50,2,Parliament Drive,426.3690893909475
250731057,635164942,B120,B120,Etulkotte - Mirihana - Kohuwela,primary,False,50,4,Stanley Thilakarathne Mawatha,179.426480782908
250731057,3702135218,B120,B120,Etulkotte - Mirihana - Kohuwela,primary,False,50,4,Stanley Thilakarathne Mawatha,190.0222263106825
250731057,275520231,B553,B553,Old Kesbewa Road,primary,False,50,2,Old Kesbawa Road,855.5934283622536
250731057,639689279,B307,B307,Narahenpita - Nawala - Nugegoda,primary,False,50,2,Jinadasa Niyathapala Mawatha (Nawala Road),519.5818825853091
250734529,11141684467,B47,B047,Battaramulla - Pannipitiya,primary,True,40,2,Pannipitiya Road,43.81202275434027
250734844,129615924,B134,B134,Gangodawila - Boralesgamuwa,primary,False,50,2,Old Kesbawa Road,1721.1619040398934
250734844,2071116379,B316,B316,Navinna - Boralesgamuwa,primary,False,40,,"['University Road', 'Sri Soratha Mawatha']",1942.5650214882087
250734844,3521510213,B134,B134,Gangodawila - Boralesgamuwa,primary,True,50,,Old Kesbawa Road,26.333211107144393
252537325,1212770521,B84,B084,Colombo - Horana,primary,False,70,,Colombo - Horana Road,2896.389942744793
252537325,1212770540,B84,B084,Colombo - Horana,primary,True,70,,Colombo - Horana Road,243.05963494960412
252537345,256664021,B84,B084,Colombo - Horana,primary,True,70,,Colombo - Horana Road,1735.351606995937
252537410,10170931060,B239,B239,Kottawa - Talagala,primary,False,50,2,Kottawa-Thalagala Road,420.20692376594326
252537410,665006631,B267,B267,Mampe - Kottawa,primary,False,72,,Piliyandala - Kottawa Road,4840.985940921968
252537410,6292190479,B239,B239,Kottawa - Talagala,primary,False,50,2,Kottawa - Horana Road,896.4153810013162
252537800,639689279,B534,B534,Nawala - Pagoda Link Road,primary,False,40,2,Welipara (Chandra Silva Mawatha),282.35755549575936
252537800,618771179,B345,B345,Pagoda - Pitakotte,primary,False,50,"['4', '2']",Pagoda Road,1331.7676487810875
252537800,3702142136,B345,B345,Pagoda - Pitakotte,primary,False,50,2,Pagoda Road,154.6550090977355
252537863,7062379366,B84,B084,Colombo - Horana,primary,True,70,2,Colombo - Horana Road,893.0824548296063
252538015,11959575861,B291,B291,Mirihana - Udahamulla - Nawinna,primary,False,50,2,Old Kottawa Road,441.4407597258954
252538015,255179552,B291,B291,Mirihana - Udahamulla - Nawinna,primary,False,50,2,Old Kottawa Road,820.4494619869832
252542077,129615686,B452,B452,Walgama - Diyagama,primary,False,50,,Homagama Diyagama Road,3875.3264866505065
252542077,254029970,B239,B239,Kottawa - Talagala,primary,False,50,2,"['Kottawa Thalagala Road', 'Kottawa-Thalagala Road']",6401.0386415838675
252542077,10170931056,B239,B239,Kottawa - Talagala,primary,False,50,2,Kottawa-Thalagala Road,5000.553351834471
253022446,1131882974,B435,B435,Urugodawatte - Ambatale,primary,False,60,2,Avissawella Road,42.37692507156396
253718871,253718899,B404,B404,"Sri Ariyavilasa Road, Horana",primary,False,50,2,Sri Aryawilasha Road,533.7800347602157
253718871,245519512,B157,B157,Horana - Anguruwatota - Aluthgama,primary,False,50,2,Horana-Anguruwatota Road,2548.3304010028246
253718871,1489265551,B157,B157,Horana - Anguruwatota - Aluthgama,primary,False,50,2,Horana-Anguruwatota Road,404.72447233928904
253718899,253718871,B404,B404,"Sri Ariyavilasa Road, Horana",primary,False,50,2,Sri Aryawilasha Road,533.7800347602158
253721036,11141684469,B47,B047,Battaramulla - Pannipitiya,primary,True,"['70', '40']",2,Pannipitiya Road,3386.9437815227507
254029970,11035177227,B239,B239,Kottawa - Talagala,primary,False,50,,Kottawa Thalagala Road,1547.2575661854967
254029970,252542077,B239,B239,Kottawa - Talagala,primary,False,50,2,"['Kottawa Thalagala Road', 'Kottawa-Thalagala Road']",6401.038641583865
254033158,672817127,B470,B470,Welikada - Nawala,primary,False,50,2,Nawala Road,980.2403423299361
254033158,3340955134,B470,B470,Welikada - Nawala,primary,False,50,2,Nawala Road,1656.1405936468736
254365532,1691828074,B84,B084,Colombo - Horana,primary,True,70,2,Colombo - Horana Road,298.9065732505173
255179552,252538015,B291,B291,Mirihana - Udahamulla - Nawinna,primary,False,50,2,Old Kottawa Road,820.4494619869831
255179552,129615869,B291,B291,Mirihana - Udahamulla - Nawinna,primary,False,50,2,Old Kottawa Road,2060.333389506388
255179552,255179558,B530,B530,Udahamulla - Thalapathpitiya,primary,False,50,2,Madiwela Road,197.07475791204743
255179558,2152938672,B530,B530,Udahamulla - Thalapathpitiya,primary,False,"['40', '50']",2,"['Temple Road', 'New Hospital Road']",2123.886706791074
255179558,255179552,B530,B530,Udahamulla - Thalapathpitiya,primary,False,50,2,Madiwela Road,197.07475791204746
255179593,6514093427,B368,B368,Pitakotte - Talawatugoda,primary,False,50,"['2', '4']",Talawatugoda Road,2323.672115048919
255179593,3804176571,B368,B368,Pitakotte - Talawatugoda,primary,False,50,4,Talawatugoda Road,547.748672613622
256664021,10308315023,B84,B084,Colombo - Horana,primary,True,70,,Colombo - Horana Road,206.97398742600825
256664026,6260384168,B389,B389,Ratmalana - Mirihana,primary,False,50,2,Pepiliyana Road,27.32539578621904
256664026,1737485408,B389,B389,Ratmalana - Mirihana,primary,False,50,2,Pepiliyana Road,7.299612486563555
256664026,9075842358,B84,B084,Colombo - Horana,primary,True,50,1,Colombo-Piliyandala-Horana Road,31.411765098925613
256823957,6719733717,B47,B047,Battaramulla - Pannipitiya,primary,True,50,2,Pelawatte Road,17.814889581236894
256823957,3404831124,B240,B240,Batttaramulla - Malabe - Godagama - Padukka - Bope,primary,False,60,2,Kaduwela Road (New Kandy Road),10.473609978780202
256823957,3354710539,B240,B240,Batttaramulla - Malabe - Godagama - Padukka - Bope,primary,False,60,2,Kaduwela Road (New Kandy Road),17.243378200572835
257673145,3498479745,B84,B084,Colombo - Horana,primary,False,70,2,Colombo - Horana Road,1175.584977626842
257673145,3570836882,B84,B084,Colombo - Horana,primary,False,70,2,Colombo - Horana Road,984.2364120450226
257673145,4019531402,B267,B267,Mampe - Kottawa,primary,False,72,,Piliyandala - Kottawa Road,606.3712934551841
257673162,665006657,B267,B267,Mampe - Kottawa,primary,False,72,,Piliyandala - Kottawa Road,608.0686913358858
257673162,3498455049,B267,B267,Mampe - Kottawa,primary,True,50,,Piliyandala - Kottawa Road,43.597431980422634
257926316,1909546344,B195,B195,Kandy - Kirimetiya,"['primary', 'secondary']",False,50,2,"['Thalathuoya - Moragolla Road', 'Kandy - Ampitiya - Thalatuoya Road', 'Ampitiya - Thalatuoya Road', 'Kandy - Thalathuoya - Moragolla Road', 'Ampitiya Road', 'Moragolla Road']",19422.980965211147
257926316,4004597816,B518,B518,Sangaraja Mawatha - Kandy,primary,False,50,2,Sangaraja Mawatha,1553.0264253905827
257926316,5375634189,B195,B195,Kandy - Kirimetiya,primary,False,50,2,Sangaraja Mawatha,146.63008105703068
257927955,13671920564,B70,B070,By pass road via Asgiriya,primary,False,50,2,"['Gedige Vihara Mawatha', 'Adahanamaluwa Road']",825.4672034550925
257927955,4019244692,B70,B070,By pass road via Asgiriya,primary,True,50,2,Gedige Vihara Mawatha,102.95852853786691
258025225,2019733995,B294,B294,Moragaswewa - Ilukwewa,"['primary', 'secondary']",False,50,2,"['Sigiriya Road', 'Illukwewa-Sigiriya Road', 'Moragaswewa-Illukwewa Road']",16556.98026210986
258025517,258057404,B615,B615,Dambulla - Bakamuna - Kalagahawela,primary,False,60,2,Dambulla-Bakamuna-Kalagahawela Road,3440.189232094135
258049265,1836349438,B7,B007,Alawatugoda - Ankumbura - Keppetigala,secondary,True,50,,Old Matale Road,82.20928993333027
258049381,258049396,B194,B194,Kandaswamy Mawatha,primary,True,50,2,King Street,1173.1046025132343
258049453,2093606557,B346,B346,Palapathwela - Galewela,primary,False,60,2,Palapathwela-Galewela Road,2419.225999703537
258049598,568948837,B312,B312,Naula - Elahera - Pallegama - Hettipola,primary,False,50,2,Naula-Elahera Road,22013.267089311208
258051365,3379422351,B532,B532,Approach Road to Sri Jayawardenepura Parliament,primary,False,,,Parliament Approach,471.97805392128737
258053453,2122125311,B470,B470,Welikada - Nawala,primary,True,50,2,Nawala Road,25.297607468699663
258057404,896199017,B561,B561,Dambulla Kandalama,"['primary', 'secondary']",False,"['60', '50']",2,Kandalama Road,14470.75573262069
258057404,5075907972,B615,B615,Dambulla - Bakamuna - Kalagahawela,primary,False,60,2,Dambulla-Bakamuna-Kalagahawela Road,19495.83712237785
258057404,258025517,B615,B615,Dambulla - Bakamuna - Kalagahawela,primary,False,60,2,Dambulla-Bakamuna-Kalagahawela Road,3440.189232094136
258523315,4082665360,B552,B552,Polonnaruwa - Hingurakgoda,secondary,False,50,,Polonnaruwa - Hingurakgoda Road,12820.304141652696
263155217,3237453500,B135,B135,Geli Oya - Embekke,primary,False,50,2,Gelioya-Embekke Road,4190.240144400992
265731258,445265132,B310,B310,Nartupana - Warakagoda,primary,False,50,2,Narthupana-Warakagoda Road,3237.6984444080595
265731258,445265132,B157,B157,Horana - Anguruwatota - Aluthgama,primary,False,50,2,"['Horana Road', 'Anguruwatota-Aluthgama Road']",8405.111506639576
265731258,245519575,B157,B157,Horana - Anguruwatota - Aluthgama,primary,False,50,2,"['Horana-Anguruwatota Road', 'Anguruwatota-Aluthgama Road']",5448.7142908617725
266478204,98554144,B465,B465,Weligama - Kananke,primary,False,60,2,"['Weligama-Welipitiya Road', 'Welipitiya-Kananke Road']",9799.621242208208
266478204,1500297617,B466,B466,Weligama - Telijjawila,primary,False,50,2,Akuressa Road,1312.906419835463
266478204,1181395693,B466,B466,Weligama - Telijjawila,primary,False,50,2,"['Akuressa Road', 'Galbokka Road']",888.6770963271337
268931537,618771179,B120,B120,Etulkotte - Mirihana - Kohuwela,primary,False,50,,Kotte Road,837.7888849586749
268931537,618771321,B120,B120,Etulkotte - Mirihana - Kohuwela,primary,True,50,,Kotte Road,110.6292523410878
275517837,618771188,B120,B120,Etulkotte - Mirihana - Kohuwela,primary,False,50,,Kotte Road,2203.792231698122
275517837,6947814999,B120,B120,Etulkotte - Mirihana - Kohuwela,primary,True,50,2,Kotte Road,180.3933549470169
275520231,1348104699,B134,B134,Gangodawila - Boralesgamuwa,primary,False,50,2,Old Kesbawa Road,436.5408312659377
275520231,4580840142,B389,B389,Ratmalana - Mirihana,primary,False,50,2,Rathmalana-Mirihana Road,662.7766220895393
275520231,129615942,B389,B389,Ratmalana - Mirihana,primary,False,50,2,Subhadrarama Road,501.988171091689
275520231,250731057,B553,B553,Old Kesbewa Road,primary,False,50,2,Old Kesbawa Road,855.5934283622536
291672423,6519129900,B367,B367,Piliyandala - Maharagama,"['primary', 'secondary']",False,50,2,Piliyandala-Maharagama Road,5095.44545566828
291672423,3803845891,B367,B367,Piliyandala - Maharagama,primary,False,50,,Piliyandala-Maharagama Road,1556.0548059529608
291672423,665006631,B510,B510,Kesbewa - Kosgashandiya,primary,False,50,,Kesbewa-Kosgaha Handiya Road,628.7913737347487
308865192,2087539072,B349,B349,Palavi - Kalpitiya,secondary,False,"['40', '50']",,Palavi-Kalpitiya Road,42162.78767443228
310845638,1428668275,B275,B275,Matara - Hakmana,primary,True,40,,Matara-Hakmana Road,170.72509458883582
312920246,403881177,B407,B407,"St. Joseph's Street, Negombo",primary,False,50,,St. Joseph's Street,1155.9739459657064
312920246,313236260,B407,B407,"St. Joseph's Street, Negombo",primary,False,50,,St. Joseph's Street,331.30839943833865
312920246,1683204299,B246,B246,Kurana - Taladuwa,primary,False,40,,Arch Bishop Nicholas Marcus Fernando Mawatha,1833.3757278754235
313236260,1147858863,B407,B407,"St. Joseph's Street, Negombo",primary,False,50,,"['Custom Road', ""St. Joseph's Street""]",360.36768261310795
313236260,312920246,B407,B407,"St. Joseph's Street, Negombo",primary,False,50,,St. Joseph's Street,331.30839943833865
313236265,639204465,B261,B261,"Main Street, Negombo",primary,False,60,,Main Street,230.5068209863805
313236265,313236286,B261,B261,"Main Street, Negombo",primary,False,60,,Main Street,100.18284137987898
313236286,4087081915,B78,B078,"Chilaw Road, Negombo",primary,False,50,,Chilaw Road,1165.1995732218975
313236286,1147858863,B407,B407,"St. Joseph's Street, Negombo",primary,False,"['60', '50']",,"['Custom Road', 'Main Street']",1000.3500777305392
313236286,313236265,B261,B261,"Main Street, Negombo",primary,False,60,,Main Street,100.18284137987898
313236388,1365357696,B241,B241,Kudapaduwa - Kammalturai,primary,False,40,2,Poruthota Road,2912.3458484598737
313403915,2506020933,B425,B425,Tudella - Pamunugama - Talahena - Negombo,primary,False,50,,Pamunugama Road,1034.4721082185386
313403915,403899928,B425,B425,Tudella - Pamunugama - Talahena - Negombo,primary,False,50,,Pamunugama Road,2316.1342944955773
323506737,2620521080,B263,B263,Malabe - Kaduwela,primary,False,60,2,Kaduwela Road (New Kandy Road),951.7991127148316
323506737,617228235,B263,B263,Malabe - Kaduwela,primary,False,60,2,Kaduwela Road (New Kandy Road),1081.9120418475313
324918527,619742609,B451,B451,Walgama - Aturugiriya,primary,False,50,,Sri Gnanawimala Mawatha,1220.4606143250417
324918527,129615686,B452,B452,Walgama - Diyagama,primary,False,50,,"['Station Road', 'Homagama Athurugiriya road']",3208.472394474301
324965926,674898973,B445,B445,Veyangoda - Ruwanwella,primary,False,60,2,Veyangoda-Nittambuwa Road,3725.4634619219146
324965995,617970086,B445,B445,Veyangoda - Ruwanwella,primary,False,60,2,Nittambuwa-Urapola-Ruwanwella Road,2727.0905774818903
324982229,1840750859,B168,B168,Kadawata - Ragama - Welisara,primary,False,,,,19.462997424023193
324982229,3345071366,B168,B168,Kadawata - Ragama - Welisara,primary,False,,,,56.699471097583185
324982229,1645495724,B168,B168,Kadawata - Ragama - Welisara,primary,False,60,2,Ragama-Kadawatha Road,180.9301246576954
324985529,621139685,B221,B221,"Kiribathgoda - Oil Refinery, Sapugaskande",primary,True,50,,Kiribathgoda-Makola-Sapugaskanda Road,304.64044670752804
324985529,637858647,B221,B221,"Kiribathgoda - Oil Refinery, Sapugaskande",primary,False,50,,Kiribathgoda-Makola-Sapugaskanda Road,2319.319360683381
324988637,3816390091,B221,B221,"Kiribathgoda - Oil Refinery, Sapugaskande",primary,True,50,,Kiribathgoda-Makola-Sapugaskanda Road,42.30258813929482
324994643,1438094658,B220,B220,Kiribathgoda - Hunupitiya,primary,False,70,,Kiribathgoda-Hunupitiya Road,2644.724574387692
324997495,635895564,B215,B215,Kelaniya - Wedamulla (Waragoda),primary,False,40,,Waragoda Road,3324.9078762764184
324998173,1924772358,B336,B336,Old Kandy Road,primary,False,40,,Parakrama Road (Old Kandy Road),690.6233762159105
325000016,325011481,B546,B546,New Nuga Road,primary,False,50,,New Nuge Road,1147.4491657769986
325011481,325000016,B546,B546,New Nuga Road,primary,False,50,,New Nuge Road,1147.4491657769981
376763058,310845638,B275,B275,Matara - Hakmana,primary,True,40,,Matara-Hakmana Road,489.54870433048706
376774340,3634858930,B275,B275,Matara - Hakmana,primary,False,60,,Matara-Hakmana Road,2146.1892659691853
376774340,1932027734,B275,B275,Matara - Hakmana,primary,False,60,,Matara-Hakmana Road,590.0517511269078
376774340,5041222126,B536,B536,Kamburupitiya - Kirinda,primary,False,60,2,Kamburupitiya-Kirinda Road,4332.921915415197
388268117,2605754835,B627,B627,Dammulla - Weeraketiya,primary,False,60,2,Belliatte-Weeraketiya Road,1141.5788694308828
388268117,4761516411,B627,B627,Dammulla - Weeraketiya,primary,False,60,2,Belliatte-Weeraketiya Road,2981.6666705025855
403816151,1131882974,B435,B435,Urugodawatte - Ambatale,primary,False,60,2,Avissawella Road,40.93341667018825
403816151,403816157,B435,B435,Urugodawatte - Ambatale,primary,False,60,2,Avissawella Road,325.6557826283215
403816157,403816162,B435,B435,Urugodawatte - Ambatale,primary,True,60,2,Orugodawatta Flyover,617.5336499292765
403816157,403816151,B435,B435,Urugodawatte - Ambatale,primary,False,60,2,Avissawella Road,325.6557826283215
403816162,403816178,B435,B435,Urugodawatte - Ambatale,primary,False,60,2,Avissawella Road,1225.3123212894434
403816162,403816157,B435,B435,Urugodawatte - Ambatale,primary,True,60,2,Orugodawatta Flyover,611.5227506723593
403816178,2131864627,B96,B096,Dematagoda - Wellampitiya,primary,False,50,2,Weerasingha Mallimarachchi Mawatha (Kolonnawa Road),593.8323449732533
403816178,2760582892,B435,B435,Urugodawatte - Ambatale,primary,False,60,"['4', '2']",Avissawella Road,2122.57787239875
403816178,403816162,B435,B435,Urugodawatte - Ambatale,primary,False,60,2,Avissawella Road,1225.3123212894434
403816197,13653585411,B644,B644,Kelanimulla-Angoda-Koswatta,primary,False,50,,Sri Sumana Mawatha,806.2321870332861
403816197,403816206,B435,B435,Urugodawatte - Ambatale,primary,False,60,4,Avissawella Road,2184.730206705249
403816197,2760582907,B435,B435,Urugodawatte - Ambatale,primary,False,60,4,Avissawella Road,1029.5811037178219
403816197,3166543427,B644,B644,Kelanimulla-Angoda-Koswatta,primary,False,50,2,Mulleriyawa Hospital Road,1602.7634095718654
403816206,403816197,B435,B435,Urugodawatte - Ambatale,primary,False,60,4,Avissawella Road,2184.730206705249
403841727,1778845290,B354,B354,Panagoda - Henpita,primary,False,50,,Panagoda-Ambulgama Road,6540.285463716861
403841840,403841847,B214,B214,Kelaniya - Mudungoda,primary,False,,,Biyagama Road,790.9255387060099
403841840,3603503553,B214,B214,Kelaniya - Mudungoda,primary,False,,,Biyagama Road,1107.5113438047972
403841840,621150239,B254,B254,Mabima - Sapugaskanda,primary,False,50,,Mabima Road,3230.8071830340655
403841847,3491079318,B221,B221,"Kiribathgoda - Oil Refinery, Sapugaskande",primary,False,50,,"['Pattiwila-Makola Road', 'Kiribathgoda-Makola-Sapugaskanda Road']",3006.5064412537376
403841847,635895564,B214,B214,Kelaniya - Mudungoda,primary,False,,,Biyagama Road,4438.736315482228
403841847,403841840,B214,B214,Kelaniya - Mudungoda,primary,False,,,Biyagama Road,790.9255387060099
403874494,2760582902,B469,B469,Welikada - Kohilawatta,primary,False,50,,Welikada-Kohilawatte Road,1152.68379729865
403874820,4678368699,B96,B096,Dematagoda - Wellampitiya,primary,True,50,,Kolonnawa Road,47.9010844278777
403874820,2131864639,B96,B096,Dematagoda - Wellampitiya,primary,False,50,2,"['Kolonnawa Road', 'Weerasingha Mallimarachchi Mawatha (Kolonnawa Road)']",843.6783842647727
403875117,635166180,B62,B062,Borella - Rajagiriya (CMC Limits to Filling Station - Rajagiriya),primary,False,50,,Old Kotte Road,198.48808538709505
403875117,5007247077,B469,B469,Welikada - Kohilawatta,primary,False,50,2,Buthgamuwa Road,2936.273115934755
403875117,4056840093,B62,B062,Borella - Rajagiriya (CMC Limits to Filling Station - Rajagiriya),primary,False,50,2,Old Kotte Road,60.06511192715665
403875119,4056840093,B62,B062,Borella - Rajagiriya (CMC Limits to Filling Station - Rajagiriya),primary,False,50,2,Old Kotte Road,22.357500738050586
403875119,403875118,B62,B062,Borella - Rajagiriya (CMC Limits to Filling Station - Rajagiriya),primary,True,50,1,Old Kotte Road,49.21505362593668
403881177,312920246,B407,B407,"St. Joseph's Street, Negombo",primary,False,50,,St. Joseph's Street,1155.9739459657064
403881228,403881262,B322,B322,Negombo - Giriulla,primary,False,50,,Negombo-Giriulla Road,2407.459537136494
403881228,4316825579,B324,B324,Negombo - Mirigama,primary,False,50,,Negombo-Mirigama Road,1886.636131765443
403881228,2155584835,B322,B322,Negombo - Giriulla,primary,False,50,,Negombo-Giriulla Road,1990.585094789958
403881262,403881289,B322,B322,Negombo - Giriulla,primary,False,50,,Negombo-Giriulla Road,2732.292805267489
403881262,403881228,B322,B322,Negombo - Giriulla,primary,False,50,,Negombo-Giriulla Road,2407.4595371364935
403881262,4316825579,B597,B597,Kandawala Katunayake,primary,False,40,,Baseline Road,1330.9912391735807
403881289,403881294,B322,B322,Negombo - Giriulla,primary,False,50,,Negombo-Giriulla Road,738.2995730375474
403881289,403881262,B322,B322,Negombo - Giriulla,primary,False,50,,Negombo-Giriulla Road,2732.2928052674893
403881289,2375441056,B468,B468,Welihena - Katana,primary,False,50,,Welihena-Katana Road,5042.0736806496425
403881294,403881317,B322,B322,Negombo - Giriulla,primary,False,50,,Negombo-Giriulla Road,3998.481083057742
403881294,403881289,B322,B322,Negombo - Giriulla,primary,False,50,,Negombo-Giriulla Road,738.2995730375474
403881294,617812791,B289,B289,Minuwangoda - Miriswatte - Katana,primary,False,,,Minuwangoda-Miriswatta-Katana Road,2505.7014007316484
403881317,1261568353,B322,B322,Negombo - Giriulla,primary,False,50,2,Negombo-Giriulla Road,6558.322966877619
403881317,403881294,B322,B322,Negombo - Giriulla,primary,False,50,,Negombo-Giriulla Road,3998.4810830577408
403881317,4693290694,B228,B228,Kochchikade - Halpe,primary,False,50,,Madampalla Road,9199.549557883356
403899740,6540645130,B151,B151,Hendala - Hunupitiya,primary,False,50,,Hendala Road,8.87141576963267
403899740,6537339896,B151,B151,Hendala - Hunupitiya,primary,False,50,,Hendala Road,2619.703003002541
403899785,403899801,B459,B459,Wattala - Hekitta,primary,False,50,,"['Hekitta Road', 'Hekitta Bridge']",1465.1136006418053
403899801,403899785,B459,B459,Wattala - Hekitta,primary,False,50,,"['Hekitta Road', 'Hekitta Bridge']",1465.1136006418053
403899801,6537358006,B459,B459,Wattala - Hekitta,primary,True,50,,Hekitta Road,63.681423826739355
403899823,403899962,B152,B152,Mattakkuliya - Uswetakeiyawa - Pinwattha,primary,False,50,,Canal Road,2210.052991530883
403899823,2142265829,B152,B152,Mattakkuliya - Uswetakeiyawa - Pinwattha,primary,False,50,,Canal Road (New Negombo Road),1483.8278107487192
403899823,403899879,B596,B596,Uswetakeiyawa Epamulla Pamunugama,primary,False,40,,Pamunugama Road (New Negombo Road),5173.681207608167
403899879,403899928,B596,B596,Uswetakeiyawa Epamulla Pamunugama,primary,False,40,,Pamunugama Road (New Negombo Road),2865.077679457494
403899879,403899823,B596,B596,Uswetakeiyawa Epamulla Pamunugama,primary,False,40,,Pamunugama Road (New Negombo Road),5173.681207608166
403899928,403899879,B596,B596,Uswetakeiyawa Epamulla Pamunugama,primary,False,40,,Pamunugama Road (New Negombo Road),2865.0776794574945
403899928,1147858863,B425,B425,Tudella - Pamunugama - Talahena - Negombo,primary,False,"['40', '50']",,"['Negombo Road', 'St. Nicholas Road', 'Pamunugama Road']",14517.199847551927
403899928,313403915,B425,B425,Tudella - Pamunugama - Talahena - Negombo,primary,False,50,,Pamunugama Road,2316.134294495577
403899962,403899823,B152,B152,Mattakkuliya - Uswetakeiyawa - Pinwattha,primary,False,50,,Canal Road,2210.0529915308834
445260233,1980566521,B457,B457,Warakapola - Ruwanwella,primary,False,50,2,Warakapola-Anguruwella Road,10235.10778511849
445260245,3927772231,B127,B127,Galigomuwa - Ruwanwella,primary,True,50,1,Galigamuwa-Ruwanwella Road,39.23675973719965
445260245,2015279496,B127,B127,Galigomuwa - Ruwanwella,primary,False,60,2,Galigamuwa-Ruwanwella Road,6499.846239001021
445265132,265731258,B310,B310,Nartupana - Warakagoda,primary,False,50,2,Narthupana-Warakagoda Road,3237.698444408061
445265132,265731258,B157,B157,Horana - Anguruwatota - Aluthgama,primary,False,50,2,"['Horana Road', 'Anguruwatota-Aluthgama Road']",8405.111506639578
445265132,3210113789,B157,B157,Horana - Anguruwatota - Aluthgama,primary,False,50,2,Horana Road,1820.2323278239999
445265578,560221970,B207,B207,Katukurunda - Neboda,primary,False,60,2,Katukurunda-Neboda Road,13882.291927960008
445265578,3210113789,B207,B207,Katukurunda - Neboda,primary,False,60,2,Katukurunda-Neboda Road,72.61726681567106
445270465,6294540739,B157,B157,Horana - Anguruwatota - Aluthgama,primary,False,50,2,Horana Road,9149.10949585274
445270465,3210113789,B157,B157,Horana - Anguruwatota - Aluthgama,primary,False,50,2,Horana Road,85.91435569480456
445970143,3220016719,B600,B600,Meepitiya Ekiriyagala Paragammana,primary,False,60,2,Paragammana-Ekiriyagala-Meepitiya Road,5105.471343741266
560221118,6294406153,B421,B421,Tiruwanaketiya - Agalawatte,primary,True,70,1,Ratnapura Road,42.253451738045435
560221118,1994843650,B421,B421,Tiruwanaketiya - Agalawatte,primary,False,70,2,Ratnapura Road,2285.917828078969
560221199,1994725664,B421,B421,Tiruwanaketiya - Agalawatte,primary,False,70,2,Ratnapura Road,19660.77587225938
560221199,1994843650,B421,B421,Tiruwanaketiya - Agalawatte,primary,False,70,2,Ratnapura Road,5389.538007773969
560221199,3369556773,B584,B584,Lathpandura Molkawa,primary,False,60,2,Molkawa Road,11725.599192703461
560221964,600669265,B207,B207,Katukurunda - Neboda,primary,False,60,2,Katukurunda-Neboda Road,447.12952283670876
560221964,2280537322,B207,B207,Katukurunda - Neboda,primary,False,60,2,Katukurunda-Neboda Road,924.6155144434972
560221964,4059337439,B302,B302,Nagoda - Gallassa Colony Road,primary,False,40,2,Gallassa Road,3418.4017780645095
560221970,445265578,B207,B207,Katukurunda - Neboda,primary,False,60,2,Katukurunda-Neboda Road,13882.291927960008
560221970,600669265,B207,B207,Katukurunda - Neboda,primary,False,60,2,Katukurunda-Neboda Road,1227.6577224233306
560221970,4059337439,B304,B304,Nagoda - Kalawellawa - Bellapitiya,primary,False,60,2,Nagoda-Kalawellawa-Bellapitiya Road,1270.1460545767072
560221970,1138324553,B191,B191,Kalutara - Nagoda,primary,False,60,2,"['Kalutara-Nagoda Road', 'Riverside Road']",5698.934431871201
562824877,9562328833,B82,B082,"Circular Road, Kurunegala",primary,True,50,2,Bauddhaloka Mawatha,13.731941835475556
562824877,6548196298,B82,B082,"Circular Road, Kurunegala",primary,False,50,2,Bauddhaloka Mawatha,722.4667960101975
566553126,7927504077,B556,B556,Madatugama Pubbogama Andiyagala,secondary,False,50,,Madatugama-Pubbogama-Andiyagala Road,8.430164063213939
566569273,4158784481,B423,B423,Tonigala - Kalawewa - Galewela,primary,False,60,2,Kalawewa-Galewela Road,2069.0858447368337
566569273,3522137041,B423,B423,Tonigala - Kalawewa - Galewela,primary,False,60,2,Kalawewa-Galewela Road,9437.60038253141
566569273,566569620,B501,B501,Andarawewa - Balaluwewa( Jeya Mawatha ),secondary,False,60,,Andarawewa - Balaluwewa Road,3753.3698186344577
566569620,4158784481,B182,B182,Kalawewa - Avukana,secondary,False,50,,Kalawewa - Awukana Road,4495.622160532908
566569620,2093610550,B501,B501,Andarawewa - Balaluwewa( Jeya Mawatha ),secondary,False,60,,Andarawewa - Balaluwewa Road,3693.454348159803
566569620,566569273,B501,B501,Andarawewa - Balaluwewa( Jeya Mawatha ),secondary,False,60,,Andarawewa - Balaluwewa Road,3753.369818634458
566569836,7034884152,B213,B213,Kekirawa - Talawa,primary,False,60,,Thalawa Eppawala Road,12731.228505813453
566569836,2906906430,B213,B213,Kekirawa - Talawa,primary,False,60,,Thalawa Eppawala Road,2489.440705836259
567004309,567004704,B515,B515,Road Parallel to halpanu Ela,secondary,False,40,,Halpanu Ela Left Bank Road,439.5597977537211
567004605,1244985944,B341,B341,Outer Circular Road (Nochchiyagama),secondary,False,30,,Outer Circular Road (Watawandana Road),1905.777911610106
567004605,3305877503,B341,B341,Outer Circular Road (Nochchiyagama),secondary,False,40,,Outer Circular Road,94.00958404999301
567004704,5974119999,B515,B515,Road Parallel to halpanu Ela,secondary,False,40,,Halpanu Ela Left Bank Road,1068.0056139218364
567004704,567004309,B515,B515,Road Parallel to halpanu Ela,secondary,False,40,,Halpanu Ela Left Bank Road,439.55979775372117
567004763,5974119999,B515,B515,Road Parallel to halpanu Ela,secondary,False,40,,Halpanu Ela Left Bank Road,35.391098760763086
567011837,6294506984,B212,B212,Kekirawa - Ganewelpola,secondary,False,50,,Kekirawa-Ganewalpola Road,6923.599735139637
568948707,5075907880,B112,B112,Elahera - Giritale,secondary,False,50,,Elahera-Giritale Road,8729.617199419565
568948707,1896101718,B312,B312,Naula - Elahera - Pallegama - Hettipola,primary,False,60,2,Elahera-Pallegama-Hettipola Road,7002.030737464409
568948707,568948837,B312,B312,Naula - Elahera - Pallegama - Hettipola,primary,False,50,2,Naula-Elahera Road,4207.753929297479
568948837,258049598,B312,B312,Naula - Elahera - Pallegama - Hettipola,primary,False,50,2,Naula-Elahera Road,22013.267089311223
568948837,568948707,B312,B312,Naula - Elahera - Pallegama - Hettipola,primary,False,50,2,Naula-Elahera Road,4207.753929297478
570765771,3998841948,B537,B537,Barigama - Halloluwa,primary,False,50,2,"['Halloluwa Road', 'Barigama Road']",5685.591380416585
570766414,3064234504,B281,B281,Mawathagama - Muwankanda,"['secondary', 'primary']",False,50,2,Rambukkana-Mawathagama Road,13738.899578189823
570766414,570766423,B385,B385,Rambukkana - Mawanella,primary,False,60,2,Rambukkana-Mawanella Road,1504.018491648467
570766414,5547928141,B385,B385,Rambukkana - Mawanella,primary,False,60,2,Rambukkana-Mawanella Road,2965.3916154542576
570766423,570766414,B385,B385,Rambukkana - Mawanella,primary,False,60,2,Rambukkana-Mawanella Road,1504.0184916484666
570766423,570766494,B199,B199,Karandupona - Rambukkana,primary,False,60,2,Karandupana-Rambukkana Road,8887.011979052231
570766423,3777579457,B384,B384,Rambukkana - Katupitiya,primary,True,60,2,Main Street,495.572311790704
570766494,570766423,B199,B199,Karandupona - Rambukkana,primary,False,60,2,Karandupana-Rambukkana Road,8887.011979052239
598167934,10108470176,B508,B508,Welimade - Borelanda - Ohiya - Horton Plains,primary,False,60,2,Boralande-Ohiya Road,2331.290512639874
598167934,598168119,B353,B353,Palugama - Boralande - Haputale,primary,False,60,2,Keppetipola-Boralande-Haputale Road,4918.283882574084
598167934,3666045181,B508,B508,Welimade - Borelanda - Ohiya - Horton Plains,primary,False,60,2,Welimada-Boralande Road,1860.7263906861297
598167934,10110604172,B353,B353,Palugama - Boralande - Haputale,primary,False,60,2,Keppetipola-Boralande-Haputale Road,248.07201490213592
598168119,3590783632,B353,B353,Palugama - Boralande - Haputale,primary,False,60,2,Keppetipola-Boralande-Haputale Road,3297.7881212526095
598168119,598167934,B353,B353,Palugama - Boralande - Haputale,primary,False,60,2,Keppetipola-Boralande-Haputale Road,4918.283882574084
598168274,3590783632,B353,B353,Palugama - Boralande - Haputale,primary,False,60,2,Keppetipola-Boralande-Haputale Road,5360.808138671393
598168296,598182953,B147,B147,Haputale - Dambetenne,primary,False,60,2,Haputale-Dambetenne Road,9068.197273866675
598182953,598168296,B147,B147,Haputale - Dambetenne,primary,False,60,2,Haputale-Dambetenne Road,9068.197273866668
598720858,60797439,B547,B547,Kawdana Attidiya,primary,False,50,,Kawdana Road,1820.5917045828994
598720858,621909031,B547,B547,Kawdana Attidiya,"['secondary', 'primary']",False,50,,Kawdana Road,688.1785204945801
599347546,1249855906,B545,B545,"Approach Road to National Food Stores, Rathmalana(Kaldemulla Rd)",primary,False,50,,Kaldemulla Road,10.238614393786804
599347546,652394817,B545,B545,"Approach Road to National Food Stores, Rathmalana(Kaldemulla Rd)",primary,False,50,,Kaldemulla Road,1720.100800106548
600669265,560221970,B207,B207,Katukurunda - Neboda,primary,False,60,2,Katukurunda-Neboda Road,1227.657722423331
600669265,560221964,B207,B207,Katukurunda - Neboda,primary,False,60,2,Katukurunda-Neboda Road,447.12952283670876
603240958,10777185545,B107,B107,Dondra Light House Road,primary,False,50,2,Dondra Light House Road,472.57490323698437
603240958,13709350341,B107,B107,Dondra Light House Road,primary,False,50,2,Dondra Light House Road,601.4994380782492
603240958,13711501216,B559,B559,Sinhasana Road,primary,False,50,2,Sinhasana Road,827.6234550729989
610929939,3633739438,B463,B463,Weeraketiya - Middeniya,primary,False,70,2,Weeraketiya-Middeniya Road,11562.02152906193
610929939,3547525265,B623,B623,Medamulana - Gonadeniya - Debokkawa,primary,False,60,2,Weeraketiya-Debokkawa Road,4579.49637547735
610929939,7183361981,B463,B463,Weeraketiya - Middeniya,primary,False,70,2,Weeraketiya-Middeniya Road,832.111203207483
610944381,6247562247,B562,B562,Mirijjawila Sooriyawewa,primary,True,60,2,Mirijjawila-Sooriyawewa Road,350.5392023551831
610944426,610944465,B563,B563,Sooriyawewa Padalangala,primary,False,60,2,Sooriyawewa-Padalangala Road,4401.092890325526
610944426,1985676796,B563,B563,Sooriyawewa Padalangala,primary,False,60,2,Sooriyawewa-Padalangala Road,7610.17240225739
610944464,6251993878,B562,B562,Mirijjawila Sooriyawewa,primary,True,60,2,Mirijjawila-Sooriyawewa Road,162.5171837556286
610944465,6251962520,B563,B563,Sooriyawewa Padalangala,primary_link,False,50,2,Suriyawewa Road,7.350888545613507
610944465,610944426,B563,B563,Sooriyawewa Padalangala,primary,False,60,2,Sooriyawewa-Padalangala Road,4401.092890325526
610944465,6251962524,B587,B587,Sooriyawewa Hathporuwa Moraketiya,primary,True,70,2,Embilipitiya Road,1923.9232081873304
610944481,6247858277,B562,B562,Mirijjawila Sooriyawewa,primary,True,60,2,Mirijjawila-Sooriyawewa Road,125.02387015011655
610950712,3377484745,B631,B631,Hambantota - Gonnoruwa - Meegahajandura,primary,True,60,2,Hambantota-Gonnoruwa-Meegahajandura Road,140.20452238521204
610950712,1720902277,B631,B631,Hambantota - Gonnoruwa - Meegahajandura,primary,False,60,2,Hambantota-Gonnoruwa-Meegahajandura Road,62.132524125305046
610955140,9570235011,B427,B427,Udawalawe - Tanamalwila,primary,True,40,1,Timbolketiya-Tanamalwila Road,5475.5077933609455
610968720,912275456,B422,B422,Tissa - Kirinde,primary,False,70,2,Tissa-Kirinde Road,6463.353294165995
610968720,1639029741,B422,B422,Tissa - Kirinde,primary,False,70,2,Tissa-Kirinde Road,3104.2045311778907
610968963,3283385138,B464,B464,Weerawila - Tissa - Kataragama,primary,False,70,2,Pannegamuwa-Tissa Road,1268.842976655023
610968963,3276158654,B464,B464,Weerawila - Tissa - Kataragama,primary,False,70,2,Pannegamuwa-Tissa Road,47.83291508008012
610968963,3276158651,B422,B422,Tissa - Kirinde,primary,False,70,2,Tissa-Kirinde Road,35.06701245367843
615737752,2093610245,B126,B126,Galgamuwa - Nikawewa,secondary,False,50,,Galgamuwa - Nikawewa Road,3583.4700930367503
615737957,4099888815,B234,B234,Korakahawewa - Sri Maha Bodhi,primary,False,50,,Old Puttalam Road,1406.2997668271087
615737957,1401456469,B234,B234,Korakahawewa - Sri Maha Bodhi,primary,False,50,,Old Puttalam Road,2853.3200499854543
615737957,1410578037,B341,B341,Outer Circular Road (Nochchiyagama),secondary,False,50,,Outer Circular Road (Watawandana Road),2342.770042823204
617190011,4755847830,B645,B645,Pelawatta-Akuregoda-Pothuarawa,primary,False,50,"['4', '2']","['D.P. Wijesinghe Mawatha', 'Pothuarawa Road']",2880.4963297788654
617190011,971827647,B240,B240,Batttaramulla - Malabe - Godagama - Padukka - Bope,primary,False,50,2,Athurugiriya Road,908.3247238234497
617190011,3540609796,B240,B240,Batttaramulla - Malabe - Godagama - Padukka - Bope,primary,False,"['60', '50']",2,"['Athurugiriya Road', 'Malabe - Athurugiriya Road']",850.9729361460655
617228235,323506737,B263,B263,Malabe - Kaduwela,primary,False,60,2,Kaduwela Road (New Kandy Road),1081.912041847531
617228235,2722750908,B263,B263,Malabe - Kaduwela,primary,False,60,,Kaduwela Road (New Kandy Road),1863.9272305272887
617799602,8771443557,B308,B308,Narammala - Dankotuwa,primary,True,60,,Negombo-Kurunegala Road,24.759087785636062
617799602,1261568522,B308,B308,Narammala - Dankotuwa,primary,False,60,,Negombo-Kurunegala Road,5563.741477071682
617806943,4548513547,B51,B051,Bazzar Street and Edingburgh Street,primary,True,60,2,Main Street,378.9368586379519
617810744,6509381798,B111,B111,Ekala - Kotadeniyawa,primary,False,50,,Ekala-Kotadeniyawa Road,7745.934842184819
617810744,1261568353,B322,B322,Negombo - Giriulla,primary,False,50,2,Negombo-Giriulla Road,8049.495904661402
617810744,3167605964,B322,B322,Negombo - Giriulla,primary,False,,,Negombo-Giriulla Road,1233.7077076840383
617810971,4600910031,B308,B308,Narammala - Dankotuwa,primary,False,60,2,Kurunegala-Negombo Road,1455.854157169222
617810971,2562843827,B322,B322,Negombo - Giriulla,primary,False,60,2,Negombo-Giriulla Road,695.0033648921697
617810971,8771443550,B308,B308,Narammala - Dankotuwa,primary,False,60,2,Kurunegala - Negombo,11214.655322468252
617812791,639129515,B324,B324,Negombo - Mirigama,primary,False,50,,Negombo-Mirigama Road,112.67249884048454
617812791,403881294,B289,B289,Minuwangoda - Miriswatte - Katana,primary,False,,,Minuwangoda-Miriswatta-Katana Road,2505.7014007316484
617812791,4316825579,B324,B324,Negombo - Mirigama,primary,False,50,,Negombo-Mirigama Road,3404.4188962596872
617816305,3432403070,B419,B419,Thoppu - Madampe,secondary,True,50,2,Thoppuwa-Nattandiya-Madampe Road,56.93252516836837
617816305,3660680255,B419,B419,Thoppu - Madampe,secondary,False,50,,Thoppuwa-Nattandiya-Madampe Road,1594.8278634085418
617823296,1723172809,B361,B361,Pasyala - Attanagalla,primary,False,60,2,Pasyala-Attanagalle Road,6697.466773339366
617823362,617823428,B290,B290,Mirigama - Nalla,primary,False,30,,Nalla-Mirigama Road,8196.197312039034
617823362,617823366,B324,B324,Negombo - Mirigama,primary,False,50,,Negombo-Mirigama Road,214.4234976454906
617823362,1662220531,B324,B324,Negombo - Mirigama,primary,False,50,,Negombo-Mirigama Road,902.3516877842098
617823366,617823362,B324,B324,Negombo - Mirigama,primary,False,50,,Negombo-Mirigama Road,214.4234976454906
617823428,2562843827,B322,B322,Negombo - Giriulla,primary,False,,,Negombo-Giriulla Road,2062.352208281276
617823428,3167605964,B322,B322,Negombo - Giriulla,primary,False,,,Negombo-Giriulla Road,6100.9782016298495
617823428,617823362,B290,B290,Mirigama - Nalla,primary,False,30,,Nalla-Mirigama Road,8196.19731203903
617967898,1235783744,B456,B456,Warakapola - Kandalama,primary,False,50,2,Warakapola-Kandalama Road,5063.841019992349
617970086,324965995,B445,B445,Veyangoda - Ruwanwella,primary,False,60,2,Nittambuwa-Urapola-Ruwanwella Road,2727.0905774818903
617970086,1235697661,B445,B445,Veyangoda - Ruwanwella,primary,False,60,2,Nittambuwa-Urapola-Ruwanwella Road,920.4730026379331
618514969,6230792100,B470,B470,Welikada - Nawala,primary,True,60,2,Nawala Road,25.607802209081232
618528183,3340955133,B470,B470,Welikada - Nawala,primary,True,50,2,Nawala Road,139.0258343900013
618609526,3064234503,B281,B281,Mawathagama - Muwankanda,secondary,False,50,,Mawathagama-Barandana Road,8301.72067614828
618609526,4067967894,B264,B264,Mallawapitiya - Rambodagalla - Keppetigala,secondary,False,50,2,Mallawapitiya - Keppitigala Road,5966.222475458424
618609526,5644584039,B264,B264,Mallawapitiya - Rambodagalla - Keppetigala,secondary,False,50,2,Mallawapitiya - Keppitigala Road,9267.698664127589
618771179,6514093426,B120,B120,Etulkotte - Mirihana - Kohuwela,primary,False,50,,Kotte Road,27.066384778182925
618771179,268931537,B120,B120,Etulkotte - Mirihana - Kohuwela,primary,False,50,,Kotte Road,837.7888849586745
618771179,252537800,B345,B345,Pagoda - Pitakotte,primary,False,50,"['2', '4']",Pagoda Road,1331.767648781088
618771188,6514093426,B120,B120,Etulkotte - Mirihana - Kohuwela,primary,False,50,,Kotte Road,14.065635533627546
618771188,275517837,B120,B120,Etulkotte - Mirihana - Kohuwela,primary,False,50,,Kotte Road,2203.792231698123
618771188,6514093427,B368,B368,Pitakotte - Talawatugoda,primary,True,50,1,Talawatugoda Road,63.9975693603279
618771321,11959629970,B120,B120,Etulkotte - Mirihana - Kohuwela,secondary,True,50,2,Stanley Thilakarathne Mawatha,21.622789231528365
619742402,619742791,B174,B174,Kaduwela - Athurugiriya,primary,False,50,,"['Kaduwela – Athurugiriya Road', 'Kaduwela Athurugiriya Road']",8151.402137913832
619742609,324918527,B451,B451,Walgama - Aturugiriya,primary,False,50,,Sri Gnanawimala Mawatha,1220.4606143250417
619742609,2712362971,B240,B240,Batttaramulla - Malabe - Godagama - Padukka - Bope,primary,False,60,,Malabe - Godagama Road,457.0323081549546
619742609,2710652547,B240,B240,Batttaramulla - Malabe - Godagama - Padukka - Bope,primary,False,60,,Malabe - Godagama Road,1124.9524713364513
619742785,2712362969,B174,B174,Kaduwela - Athurugiriya,primary,False,50,,Kaduwela – Athurugiriya Road,1209.6485021344402
619742785,8567390725,B174,B174,Kaduwela - Athurugiriya,primary,True,50,,Kaduwela – Athurugiriya Road,75.25852531494365
619742791,619742402,B174,B174,Kaduwela - Athurugiriya,primary,False,50,,"['Kaduwela – Athurugiriya Road', 'Kaduwela Athurugiriya Road']",8151.402137913838
619742791,8567390721,B174,B174,Kaduwela - Athurugiriya,primary,True,50,,Kaduwela – Athurugiriya Road,41.921317843341086
619880027,2710652547,B240,B240,Batttaramulla - Malabe - Godagama - Padukka - Bope,primary,False,60,2,Malabe - Godagama Road,1509.7697613779915
619880027,1778845290,B240,B240,Batttaramulla - Malabe - Godagama - Padukka - Bope,primary,False,60,2,Malabe - Godagama Road,1104.8944623183445
619883043,5366204163,B240,B240,Batttaramulla - Malabe - Godagama - Padukka - Bope,primary,False,50,2,Godagama-Padukka Road,7113.0090162397655
619883043,1778845290,B240,B240,Batttaramulla - Malabe - Godagama - Padukka - Bope,primary,False,60,2,Malabe - Godagama Road,1849.0446725940335
619906809,6545679857,B472,B472,Weliweriya - Kirindiwela,primary,False,50,,Weliweriya-Kirindiwela Road,8006.487928494101
619906809,2021648880,B214,B214,Kelaniya - Mudungoda,primary,False,60,2,New Kandy Road,4448.351679709088
619906809,658424634,B214,B214,Kelaniya - Mudungoda,primary,False,60,,New Kandy Road,368.5722716135099
619918508,8951049861,B335,B335,"Old Bazaar Road, Maharagama",primary,True,50,,Old Road,178.68677777848134
619956323,2071116379,B316,B316,Navinna - Boralesgamuwa,primary,True,50,,Sri Soratha Mawatha,22.38072293846358
620401826,129616344,B229,B229,Kohuwela - Dehiwela,primary,False,50,2,"['Kotagama Sri Vachissara Mawatha', 'Hospital Road']",1464.8510014740054
620401826,635164739,B229,B229,Kohuwela - Dehiwela,primary,False,50,,Kotagama Sri Vachissara Mawatha,158.88476422462242
620529017,2507107528,B425,B425,Tudella - Pamunugama - Talahena - Negombo,primary,False,50,,Pamunugama Road,2541.802358452085
621126052,5773844872,B221,B221,"Kiribathgoda - Oil Refinery, Sapugaskande",primary,False,50,,Kiribathgoda-Makola-Sapugaskanda Road,20.40144923732972
621126052,3491079315,B632,B632,Sapugaskanda Oil Refinery Junction - Biyagama Free Trade Zone (Samurdhi Mawatha),primary,False,50,2,Biyagama Makola Road,81.50899024131166
621126052,3491079318,B221,B221,"Kiribathgoda - Oil Refinery, Sapugaskande",primary,False,50,,Kiribathgoda-Makola-Sapugaskanda Road,53.641395174183366
621139685,3864419806,B221,B221,"Kiribathgoda - Oil Refinery, Sapugaskande",primary,True,50,,Kiribathgoda-Makola-Sapugaskanda Road,43.73394982748718
621150239,3600449270,B632,B632,Sapugaskanda Oil Refinery Junction - Biyagama Free Trade Zone (Samurdhi Mawatha),primary,False,50,2,Biyagama Makola Road,1320.121769173341
621150239,3491079315,B632,B632,Sapugaskanda Oil Refinery Junction - Biyagama Free Trade Zone (Samurdhi Mawatha),primary,False,50,2,Biyagama Makola Road,738.1756997155172
621150239,403841840,B254,B254,Mabima - Sapugaskanda,primary,False,50,,Mabima Road,3230.8071830340655
621188379,5237448596,B240,B240,Batttaramulla - Malabe - Godagama - Padukka - Bope,primary,False,60,2,Kaduwela Road (New Kandy Road),45.64228284441458
621188379,2972494700,B240,B240,Batttaramulla - Malabe - Godagama - Padukka - Bope,primary,False,60,2,Kaduwela Road (New Kandy Road),1606.2698889192063
621909031,598720858,B547,B547,Kawdana Attidiya,"['primary', 'secondary']",False,50,,Kawdana Road,688.1785204945801
621909031,206597400,B389,B389,Ratmalana - Mirihana,primary,False,50,2,"['Attidiya Road', 'Main Road']",954.2601488191222
621909031,1737150787,B389,B389,Ratmalana - Mirihana,primary,False,50,2,Attidiya Road,851.7210650201592
621950451,150994801,B11,B011,"Anagarika Dharmapala mawatha, Dehiwela (Municipal council - Malwatta)",primary,False,40,2,Anagarika Dharmapala Mawatha (Allen Avenue),1735.001584441231
621950451,60797372,B11,B011,"Anagarika Dharmapala mawatha, Dehiwela (Municipal council - Malwatta)",primary,False,40,2,Anagarika Dharmapala Mawatha (Allen Avenue),228.04563829813185
621950451,635164739,B560,B560,"Council Avenue, Dehiwala",primary,False,40,2,Council Avenue,145.289138817112
622288497,10259347399,B368,B368,Pitakotte - Talawatugoda,primary,True,50,2,Talawatugoda Road,9.530264727843825
622293249,1737436611,B389,B389,Ratmalana - Mirihana,secondary,False,50,2,Pepiliyana Road,355.7282276191302
622293249,208541195,B389,B389,Ratmalana - Mirihana,secondary,False,50,2,Pepiliyana Road,433.4261562379619
635164739,620401826,B229,B229,Kohuwela - Dehiwela,primary,False,50,,Kotagama Sri Vachissara Mawatha,158.88476422462242
635164739,60797056,B229,B229,Kohuwela - Dehiwela,primary,False,50,2,Kotagama Sri Vachissara Mawatha,226.26084569867027
635164739,621950451,B560,B560,"Council Avenue, Dehiwala",primary,False,40,2,Council Avenue,145.289138817112
635164942,635855755,B120,B120,Etulkotte - Mirihana - Kohuwela,primary,False,50,4,Stanley Thilakarathne Mawatha,339.8137065073091
635164942,250731057,B120,B120,Etulkotte - Mirihana - Kohuwela,primary,False,50,4,Stanley Thilakarathne Mawatha,179.42648078290804
635164975,253721036,B47,B047,Battaramulla - Pannipitiya,primary,True,"['40', '50']",2,"['Talawatugoda Road', 'Pannipitiya Road']",302.8990494137115
635165818,3379422350,B531,B531,Parliament Drive,primary,False,50,2,Parliament Drive,274.9018427951817
635165818,6513995679,B531,B531,Parliament Drive,primary,True,50,,Parliament Drive,42.93035519158445
635166180,250731003,B62,B062,Borella - Rajagiriya (CMC Limits to Filling Station - Rajagiriya),primary,True,50,,Old Kotte Road,27.58773838086201
635166180,403875117,B62,B062,Borella - Rajagiriya (CMC Limits to Filling Station - Rajagiriya),primary,False,50,,Old Kotte Road,198.48808538709505
635855735,635855755,B120,B120,Etulkotte - Mirihana - Kohuwela,primary,False,50,4,Stanley Thilakarathne Mawatha,20.774395930189225
635855735,208541425,B120,B120,Etulkotte - Mirihana - Kohuwela,primary,False,50,"['2', '4']","['Stanley Thilakarathne Mawatha', 'S. De S. Jayasinghe Road']",497.22111641170005
635855755,635855735,B120,B120,Etulkotte - Mirihana - Kohuwela,primary,False,50,4,Stanley Thilakarathne Mawatha,20.774395930189225
635855755,635164942,B120,B120,Etulkotte - Mirihana - Kohuwela,primary,False,50,4,Stanley Thilakarathne Mawatha,339.8137065073091
635895564,324997495,B215,B215,Kelaniya - Wedamulla (Waragoda),primary,False,40,,Waragoda Road,3324.9078762764184
635895564,5352135771,B214,B214,Kelaniya - Mudungoda,primary,False,,,Biyagama Road,457.03250427757126
635895564,403841847,B214,B214,Kelaniya - Mudungoda,primary,False,,,Biyagama Road,4438.73631548223
637009373,637009411,B50,B050,"Bazaar Street, Gampaha",primary,False,40,,Main Street (Bazaaar St),152.78468422176226
637009373,3798986721,B569,B569,Access to Gampaha Railway Station (Queen Mary's Road),primary,False,50,,Orutota Road,21.43815873997177
637009373,4068148608,B569,B569,Access to Gampaha Railway Station (Queen Mary's Road),primary,False,50,,Orutota Road,143.59106584674294
637009411,637009373,B50,B050,"Bazaar Street, Gampaha",primary,False,40,,Main Street (Bazaaar St),152.78468422176226
637833597,637834306,B554,B554,Ragama Karagahamuna (Ragama to Thewattha section),primary,False,40,,Tewatta Road,2273.3071149338307
637834306,1285521727,B554,B554,Ragama Karagahamuna (Ragama to Thewattha section),primary,True,40,,Tewatta Road,63.17107401026326
637834306,637833597,B554,B554,Ragama Karagahamuna (Ragama to Thewattha section),primary,False,40,,Tewatta Road,2273.3071149338302
637858647,324985529,B221,B221,"Kiribathgoda - Oil Refinery, Sapugaskande",primary,False,50,,Kiribathgoda-Makola-Sapugaskanda Road,2319.3193606833815
637858647,5773844872,B221,B221,"Kiribathgoda - Oil Refinery, Sapugaskande",primary,False,50,,Kiribathgoda-Makola-Sapugaskanda Road,841.1709175261276
637858647,970090967,B262,B262,Makola - Udupila,primary,False,50,2,Makola-Udupila Road,2364.5582900158656
637859907,970090967,B262,B262,Makola - Udupila,primary,False,50,2,Makola-Udupila Road,865.2921183609205
637859907,2021648880,B262,B262,Makola - Udupila,primary,False,50,2,Makola-Udupila Road,5439.645727506223
637859907,2966142456,B169,B169,Kadawatha - Mawaramandiya,primary,False,50,,"['Kadawatha - Mawaramandiya Road', 'Kadawatha-Mawaramandiya Road']",3505.0441605922015
638916931,3203260988,B443,B443,Veyangoda - Banduragoda,primary,False,50,,Veyangoda-Banduragoda Road,6269.96814801032
638916931,638943128,B208,B208,Katunayake - Veyangoda,primary,False,50,,Katunayake-Veyangoda Road,2690.4658471526077
638916931,4085806761,B208,B208,Katunayake - Veyangoda,primary,False,50,,Katunayake-Veyangoda Road,342.62406171235466
638921965,3645054902,B208,B208,Katunayake - Veyangoda,primary,False,50,,Katunayake-Veyangoda Road,11.707817642853067
638921965,638923097,B208,B208,Katunayake - Veyangoda,primary,False,50,,Katunayake-Veyangoda Road,4251.127903330188
638921965,667547394,B225,B225,Kirindiwita - Assennawatte,primary,False,40,,Krindiwita-Assennawatta Road,3715.244118489612
638923097,638924150,B208,B208,Katunayake - Veyangoda,primary,False,,,Katunayake-Veyangoda Road,39.69525043472771
638923097,638924157,B208,B208,Katunayake - Veyangoda,primary,False,,,Katunayake-Veyangoda Road,39.74014512876034
638923097,638921965,B208,B208,Katunayake - Veyangoda,primary,False,50,,Katunayake-Veyangoda Road,4251.127903330187
638924150,638923097,B208,B208,Katunayake - Veyangoda,primary,False,,,Katunayake-Veyangoda Road,39.69525043472771
638924157,638923097,B208,B208,Katunayake - Veyangoda,primary,False,,,Katunayake-Veyangoda Road,39.74014512876034
638925117,638927828,B208,B208,Katunayake - Veyangoda,primary,False,,,Katunayake-Veyangoda Road,35.90904934838301
638925117,638927836,B208,B208,Katunayake - Veyangoda,primary,False,,,Katunayake-Veyangoda Road,33.57877059890413
638925117,638925131,B208,B208,Katunayake - Veyangoda,primary,False,,,Katunayake-Veyangoda Road,296.85094760147496
638925131,1268334826,B208,B208,Katunayake - Veyangoda,primary,False,,,Katunayake-Veyangoda Road,4549.877458777404
638925131,638925117,B208,B208,Katunayake - Veyangoda,primary,False,,,Katunayake-Veyangoda Road,296.85094760147496
638925131,1268334824,B289,B289,Minuwangoda - Miriswatte - Katana,primary,False,,,Minuwangoda-Miriswatta-Katana Road,6147.571655401118
638927828,638925117,B208,B208,Katunayake - Veyangoda,primary,False,,,Katunayake-Veyangoda Road,35.90904934838301
638927829,1431446624,B111,B111,Ekala - Kotadeniyawa,primary,False,,,Ekala-Kotadeniyawa Road,26.934882218640222
638927829,1847947621,B111,B111,Ekala - Kotadeniyawa,primary,False,,,Ekala-Kotadeniyawa Road,2492.4610081410574
638927829,1431446632,B111,B111,Ekala - Kotadeniyawa,primary,False,,,Ekala-Kotadeniyawa Road,29.797185416637348
638927834,1431446619,B111,B111,Ekala - Kotadeniyawa,primary,False,,,Ekala-Kotadeniyawa Road,29.78623302642569
638927834,1431446617,B111,B111,Ekala - Kotadeniyawa,primary,False,,,Ekala-Kotadeniyawa Road,30.529872288751076
638927834,638929070,B111,B111,Ekala - Kotadeniyawa,primary,False,,,Ekala-Kotadeniyawa Road,580.0426697367061
638927836,638925117,B208,B208,Katunayake - Veyangoda,primary,False,,,Katunayake-Veyangoda Road,33.57877059890413
638929070,638927834,B111,B111,Ekala - Kotadeniyawa,primary,False,,,Ekala-Kotadeniyawa Road,580.042669736706
638929070,638935065,B288,B288,Minuwangoda - Gampaha - Miriswatte,primary,False,,,Minuwangoda-Gampaha-Mriswatta Road,4448.460419038212
638929070,1268334809,B111,B111,Ekala - Kotadeniyawa,primary,False,,,Ekala-Kotadeniyawa Road,2960.965641635479
638935032,638936201,B288,B288,Minuwangoda - Gampaha - Miriswatte,primary,False,,,Minuwangoda-Gampaha-Mriswatta Road,36.79297945321634
638935032,638936216,B288,B288,Minuwangoda - Gampaha - Miriswatte,primary,False,,,Minuwangoda-Gampaha-Mriswatta Road,38.42789427237574
638935032,638935065,B288,B288,Minuwangoda - Gampaha - Miriswatte,primary,False,,,Minuwangoda-Gampaha-Mriswatta Road,1529.978010124281
638935065,638929070,B288,B288,Minuwangoda - Gampaha - Miriswatte,primary,False,,,Minuwangoda-Gampaha-Mriswatta Road,4448.460419038214
638935065,638935032,B288,B288,Minuwangoda - Gampaha - Miriswatte,primary,False,,,Minuwangoda-Gampaha-Mriswatta Road,1529.9780101242807
638935065,667537356,B225,B225,Kirindiwita - Assennawatte,primary,False,50,,Krindiwita-Assennawatta Road,1686.4522333834789
638935065,3645054902,B225,B225,Kirindiwita - Assennawatte,primary,False,40,,Krindiwita-Assennawatta Road,3135.708914990143
638936200,638936201,B400,B400,Seeduwa - Udugampola,primary,True,50,,Kotugoda-Udugampola Road,25.670123395927394
638936200,667537356,B400,B400,Seeduwa - Udugampola,primary,False,50,,Kotugoda-Udugampola Road,656.7904298808834
638936201,638935032,B288,B288,Minuwangoda - Gampaha - Miriswatte,primary,False,,,Minuwangoda-Gampaha-Mriswatta Road,36.79297945321634
638936206,638936208,B288,B288,Minuwangoda - Gampaha - Miriswatte,primary,False,,,Minuwangoda-Gampaha-Mriswatta Road,29.695135413190975
638936208,638936206,B288,B288,Minuwangoda - Gampaha - Miriswatte,primary,False,,,Minuwangoda-Gampaha-Mriswatta Road,29.695135413190975
638936208,638936220,B288,B288,Minuwangoda - Gampaha - Miriswatte,primary,False,,,Minuwangoda-Gampaha-Mriswatta Road,32.84842750911023
638936208,638937223,B288,B288,Minuwangoda - Gampaha - Miriswatte,primary,False,,,Minuwangoda-Gampaha-Mriswatta Road,3046.0867486682123
638936212,638936206,B430,B430,Udugampola - Divulapitiya,primary,True,50,,Udugampola-Divulapitiya Road,35.985198620584725
638936212,3205978508,B430,B430,Udugampola - Divulapitiya,primary,False,50,,Udugampola-Divulapitiya Road,5281.437089174732
638936216,638936212,B430,B430,Udugampola - Divulapitiya,primary,True,50,,Udugampola-Divulapitiya Road,41.36075598156973
638936216,638935032,B288,B288,Minuwangoda - Gampaha - Miriswatte,primary,False,,,Minuwangoda-Gampaha-Mriswatta Road,38.42789427237574
638936220,638936200,B400,B400,Seeduwa - Udugampola,primary,True,50,,Kotugoda-Udugampola Road,26.823954746463137
638936220,638936208,B288,B288,Minuwangoda - Gampaha - Miriswatte,primary,False,,,Minuwangoda-Gampaha-Mriswatta Road,32.84842750911023
638937223,3799725188,B288,B288,Minuwangoda - Gampaha - Miriswatte,primary,False,50,,Old Minuwangoda Road,965.0641666743202
638937223,638936208,B288,B288,Minuwangoda - Gampaha - Miriswatte,primary,False,,,Minuwangoda-Gampaha-Mriswatta Road,3046.08674866821
638943128,3645054902,B208,B208,Katunayake - Veyangoda,primary,False,50,,Katunayake-Veyangoda Road,5804.664994755614
638943128,638916931,B208,B208,Katunayake - Veyangoda,primary,False,50,,Katunayake-Veyangoda Road,2690.465847152608
638943128,3203261039,B430,B430,Udugampola - Divulapitiya,primary,False,50,,Udugampola-Divulapitiya Road,4010.8982041073223
638943128,3205978508,B430,B430,Udugampola - Divulapitiya,primary,False,50,,Udugampola-Divulapitiya Road,1669.6285271415402
638945897,6509381797,B324,B324,Negombo - Mirigama,primary,False,50,,Negombo-Mirigama Road,576.1044100478823
638945897,3645537814,B324,B324,Negombo - Mirigama,primary,False,50,,Negombo-Mirigama Road,3052.7087208067505
638945897,3203261039,B430,B430,Udugampola - Divulapitiya,primary,False,50,,Udugampola-Divulapitiya Road,4075.8544309560066
638969225,4231244463,B111,B111,Ekala - Kotadeniyawa,primary,False,,,Ekala-Kotadeniyawa Road,33.74254032105353
638973604,638973609,B400,B400,Seeduwa - Udugampola,primary,False,,,Seeduwa-Kotugoda Road,109.47875948089364
638973604,3784064218,B111,B111,Ekala - Kotadeniyawa,primary,False,,,Ekala-Kotadeniyawa Road,114.46324640837682
638973604,638976365,B111,B111,Ekala - Kotadeniyawa,primary,False,,,Ekala-Kotadeniyawa Road,300.61929336102105
638973609,667536068,B400,B400,Seeduwa - Udugampola,primary,False,50,,Kotugoda-Udugampola Road,6098.860324907822
638973609,638973604,B400,B400,Seeduwa - Udugampola,primary,False,,,Seeduwa-Kotugoda Road,109.47875948089364
638973609,2375440996,B111,B111,Ekala - Kotadeniyawa,primary,False,,,Ekala-Kotadeniyawa Road,25.847288449063818
638976353,638976365,B400,B400,Seeduwa - Udugampola,primary,True,50,,Seeduwa-Kotugoda Road,60.629013222572524
638976353,4192345640,B400,B400,Seeduwa - Udugampola,primary,False,50,,Seeduwa-Kotugoda Road,3836.185570624724
638976365,638976368,B111,B111,Ekala - Kotadeniyawa,primary,False,,,Ekala-Kotadeniyawa Road,20.93776747061665
638976365,638973604,B111,B111,Ekala - Kotadeniyawa,primary,False,,,Ekala-Kotadeniyawa Road,300.61929336102105
638976368,638976365,B111,B111,Ekala - Kotadeniyawa,primary,False,,,Ekala-Kotadeniyawa Road,20.93776747061665
638976368,638976353,B400,B400,Seeduwa - Udugampola,primary,True,50,,Seeduwa-Kotugoda Road,56.02434403783018
638976368,4231244463,B111,B111,Ekala - Kotadeniyawa,primary,False,,,Ekala-Kotadeniyawa Road,2887.263595776913
639127236,639127239,B632,B632,Sapugaskanda Oil Refinery Junction - Biyagama Free Trade Zone (Samurdhi Mawatha),primary,False,50,,Biyagama Free Trade Zone Road,113.43821691438336
639127236,3710297373,B632,B632,Sapugaskanda Oil Refinery Junction - Biyagama Free Trade Zone (Samurdhi Mawatha),primary,False,50,,Biyagama Free Trade Zone Road,1411.6938221123196
639127236,639127718,B632,B632,Sapugaskanda Oil Refinery Junction - Biyagama Free Trade Zone (Samurdhi Mawatha),primary,False,50,,Biyagama Free Trade Zone Road,85.73263264202026
639127239,639127236,B632,B632,Sapugaskanda Oil Refinery Junction - Biyagama Free Trade Zone (Samurdhi Mawatha),primary,False,50,,Biyagama Free Trade Zone Road,113.43821691438337
639127240,3517629554,B214,B214,Kelaniya - Mudungoda,primary,False,60,2,New Kandy Road,2182.976835261962
639127240,5064507626,B214,B214,Kelaniya - Mudungoda,primary,False,60,2,New Kandy Road,135.90158367805955
639127532,3107607858,B214,B214,Kelaniya - Mudungoda,primary,False,60,2,"['New Kandy Road', 'New Kandy Rd']",2466.036386602169
639127532,3206169196,B214,B214,Kelaniya - Mudungoda,primary,False,60,2,New Kandy Road,1120.6487056716205
639127718,639127236,B632,B632,Sapugaskanda Oil Refinery Junction - Biyagama Free Trade Zone (Samurdhi Mawatha),primary,False,50,,Biyagama Free Trade Zone Road,85.73263264202026
639128147,1268334824,B289,B289,Minuwangoda - Miriswatte - Katana,primary,False,,,Minuwangoda-Miriswatta-Katana Road,649.4763543676376
639128147,639129515,B289,B289,Minuwangoda - Miriswatte - Katana,primary,False,,,Minuwangoda-Miriswatta-Katana Road,2663.2536269596917
639128147,639142096,B321,B321,Negombo - Aluthepola,primary,False,50,,Kimbulapitiya Road,4304.705039633847
639128147,639245116,B321,B321,Negombo - Aluthepola,primary,False,50,,Kimbulapitiya Road,5440.251654853141
639129515,617812791,B324,B324,Negombo - Mirigama,primary,False,50,,Negombo-Mirigama Road,112.67249884048454
639129515,639128147,B289,B289,Minuwangoda - Miriswatte - Katana,primary,False,,,Minuwangoda-Miriswatta-Katana Road,2663.253626959692
639129515,639247310,B324,B324,Negombo - Mirigama,primary,False,50,,Negombo-Mirigama Road,6852.440531524592
639142096,4316825579,B597,B597,Kandawala Katunayake,primary,False,40,,Baseline Road,2131.2539295035203
639142096,2155584783,B597,B597,Kandawala Katunayake,primary,False,"['40', '50']",,"['Minuwangoda Road', 'Baseline Road']",4322.887015650012
639142096,1268335758,B321,B321,Negombo - Aluthepola,primary,False,50,2,Kimbulapitiya Road,3355.973956512297
639142096,639128147,B321,B321,Negombo - Aluthepola,primary,False,50,,Kimbulapitiya Road,4304.705039633844
639204465,313236265,B261,B261,"Main Street, Negombo",primary,False,60,,Main Street,230.50682098638052
639204465,2064203704,B261,B261,"Main Street, Negombo",primary,False,60,2,Main Street,721.5821117062221
639245116,1847947621,B108,B108,Dunagaha - Nilpanagoda,primary,False,50,,Dunagaha-Nilpanagoda Road,3114.6147841000134
639245116,639247310,B108,B108,Dunagaha - Nilpanagoda,primary,False,50,,Dunagaha-Nilpanagoda Road,2635.2330758409635
639245116,639128147,B321,B321,Negombo - Aluthepola,primary,False,50,,Kimbulapitiya Road,5440.25165485314
639247310,639245116,B108,B108,Dunagaha - Nilpanagoda,primary,False,50,,Dunagaha-Nilpanagoda Road,2635.233075840963
639247310,1261568415,B324,B324,Negombo - Mirigama,primary,False,50,,Negombo-Mirigama Road,1909.2877905330224
639247310,639129515,B324,B324,Negombo - Mirigama,primary,False,50,,Negombo-Mirigama Road,6852.440531524592
639266144,639268374,B137,B137,Ginoya - Bolawatte - Dankotuwa,secondary,False,50,,Angampitiya-Bolawatte-Dankotuwa Road,3297.79340022577
639268374,639266144,B137,B137,Ginoya - Bolawatte - Dankotuwa,secondary,False,50,,Angampitiya-Bolawatte-Dankotuwa Road,3297.7934002257707
639268374,1474800248,B419,B419,Thoppu - Madampe,primary,False,60,,Thoppuwa-Nattandiya-Madampe Road,3033.81832590154
639268374,1474795689,B419,B419,Thoppu - Madampe,primary,False,60,,Thoppuwa-Nattandiya-Madampe Road,329.7447785514555
639288676,3687641055,B445,B445,Veyangoda - Ruwanwella,primary,False,"['60', '50']",2,"['Veyangoda-Nittambuwa Road', 'Katunayake-Veyangoda Road']",147.16388855457814
639288676,4202427009,B445,B445,Veyangoda - Ruwanwella,primary,False,60,2,Veyangoda-Nittambuwa Road,135.00817398000004
639288676,13083883262,B179,B179,Kalagedihena - Veyangoda,primary,False,50,,Kalagedihena-Veyangoda Road,4034.3901922220175
639297344,7786924226,B416,B416,Thihariya - Warapalana,primary,False,50,,Thihariya-Warapalana Road,5398.812590329576
639297344,2823998651,B479,B479,Yakkala - Radawana,primary,False,60,,Yakkala-Radawana Road,5831.160678296998
639297344,639298307,B479,B479,Yakkala - Radawana,primary,False,60,,Yakkala-Radawana Road,2355.8110463920852
639298307,3120324420,B434,B434,Urapola - Waturugama,primary,False,50,,Urapola-Waturugama Road,3379.031885134381
639298307,639297344,B479,B479,Yakkala - Radawana,primary,False,60,,Yakkala-Radawana Road,2355.8110463920857
639298307,667506531,B479,B479,Yakkala - Radawana,primary,False,60,,Yakkala-Radawana Road,1662.6016936168041
639689279,250731057,B307,B307,Narahenpita - Nawala - Nugegoda,primary,False,50,2,Jinadasa Niyathapala Mawatha (Nawala Road),519.5818825853091
639689279,672817127,B307,B307,Narahenpita - Nawala - Nugegoda,primary,False,50,2,Jinadasa Niyathapala Mawatha (Nawala Road),1301.6701377406876
639689279,252537800,B534,B534,Nawala - Pagoda Link Road,primary,False,40,2,Welipara (Chandra Silva Mawatha),282.35755549575936
651746985,5232614480,B235,B235,Koralawella - Egoda-Uyana,primary,True,50,,Modara Road,17.54759923087089
651746985,4663300583,B235,B235,Koralawella - Egoda-Uyana,primary,False,50,,Modara Road,1010.8262690635535
651747031,1418747701,B235,B235,Koralawella - Egoda-Uyana,primary,False,50,,Egoda Uyana Road,5172.735803273027
652384088,1425700952,B295,B295,Moratuwa - Piliyandala,primary,True,40,*,De Soysa Road,37.23090160463227
652384088,694987695,B295,B295,Moratuwa - Piliyandala,primary,False,60,2,De Soysa Road,2583.0457837727813
652384089,652384088,B295,B295,Moratuwa - Piliyandala,primary,True,50,*,De Soysa Road,37.93151777765112
652394817,599347546,B545,B545,"Approach Road to National Food Stores, Rathmalana(Kaldemulla Rd)",primary,False,50,,Kaldemulla Road,1720.1008001065477
652615607,130346191,B109,B109,"Edmand Mawatha, Galle",primary,False,50,2,"['Morris Road', 'H. K. Edmond Mawatha']",2584.8772691447384
652615607,5294022980,B109,B109,"Edmand Mawatha, Galle",primary,False,50,2,H. K. Edmond Mawatha,661.4058594568531
658424634,5316437631,B214,B214,Kelaniya - Mudungoda,primary,False,"['60', '50']",2,New Kandy Road,4235.681728233049
658424634,658424660,B161,B161,Imbulgoda - Weliweriya,primary,False,50,,Kirillawala-Weliweriya Road,4459.257958082355
658424634,619906809,B214,B214,Kelaniya - Mudungoda,primary,False,60,,New Kandy Road,368.57227161350994
658424660,658424634,B161,B161,Imbulgoda - Weliweriya,primary,False,50,,Kirillawala-Weliweriya Road,4459.257958082358
665006631,665006657,B267,B267,Mampe - Kottawa,primary,False,72,,Piliyandala - Kottawa Road,16.807140974736647
665006631,291672423,B510,B510,Kesbewa - Kosgashandiya,primary,False,50,,Kesbewa-Kosgaha Handiya Road,628.7913737347487
665006631,252537410,B267,B267,Mampe - Kottawa,primary,False,72,,Piliyandala - Kottawa Road,4840.985940921964
665006657,665006631,B267,B267,Mampe - Kottawa,primary,False,72,,Piliyandala - Kottawa Road,16.807140974736647
665006657,3498458033,B510,B510,Kesbewa - Kosgashandiya,primary,False,50,,Kesbewa-Kosgashandiya Road,728.8912988356841
665006657,257673162,B267,B267,Mampe - Kottawa,primary,False,72,,Piliyandala - Kottawa Road,608.0686913358859
667506531,3816584562,B292,B292,Miriswatte - Waturugama,primary,False,50,2,Miriswatta-Waturugama Road,10156.85117477625
667506531,639298307,B479,B479,Yakkala - Radawana,primary,False,60,,Yakkala-Radawana Road,1662.6016936168044
667506531,3387391143,B479,B479,Yakkala - Radawana,primary,False,60,,Yakkala-Radawana Road,2766.0859580455076
667524408,667529248,B226,B226,Kirindiwita - Ganemulla,primary,False,50,2,Krindiwita-Ganemulla Road,2874.4304719274605
667524408,5559025442,B226,B226,Kirindiwita - Ganemulla,primary,False,50,2,"['Kadawatha-Ganemulla Road', 'Main Street']",7896.071565391142
667529248,667524408,B226,B226,Kirindiwita - Ganemulla,primary,False,50,2,Krindiwita-Ganemulla Road,2874.430471927462
667536068,667537356,B400,B400,Seeduwa - Udugampola,primary,False,50,,Kotugoda-Udugampola Road,41.11450241928518
667536068,638973609,B400,B400,Seeduwa - Udugampola,primary,False,50,,Kotugoda-Udugampola Road,6098.860324907819
667536068,667536145,B225,B225,Kirindiwita - Assennawatte,primary,False,50,,Krindiwita-Assennawatta Road,3942.4212534852363
667536145,667536068,B225,B225,Kirindiwita - Assennawatte,primary,False,50,,Krindiwita-Assennawatta Road,3942.4212534852363
667537356,667536068,B400,B400,Seeduwa - Udugampola,primary,False,50,,Kotugoda-Udugampola Road,41.11450241928518
667537356,638936200,B400,B400,Seeduwa - Udugampola,primary,False,50,,Kotugoda-Udugampola Road,656.7904298808835
667537356,638935065,B225,B225,Kirindiwita - Assennawatte,primary,False,50,,Krindiwita-Assennawatta Road,1686.4522333834786
667547394,638921965,B225,B225,Kirindiwita - Assennawatte,primary,False,40,,Krindiwita-Assennawatta Road,3715.244118489612
667547394,6509381795,B111,B111,Ekala - Kotadeniyawa,primary,False,,,Ekala-Kotadeniyawa Road,5104.293134176758
667547394,1847947621,B111,B111,Ekala - Kotadeniyawa,primary,False,,,Ekala-Kotadeniyawa Road,2581.7876382110117
672817127,254033158,B470,B470,Welikada - Nawala,primary,False,50,2,Nawala Road,980.2403423299359
672817127,13695751609,B307,B307,Narahenpita - Nawala - Nugegoda,primary,False,"['30', '50']","['2', '4']","['Narahenpita Road', 'Nawala Road']",1230.4516980143226
672817127,639689279,B307,B307,Narahenpita - Nawala - Nugegoda,primary,False,50,2,Jinadasa Niyathapala Mawatha (Nawala Road),1301.6701377406873
674898973,3240952949,B444,B444,Veyangoda - Kaleliya,primary,False,40,,Veyangoda-Kaleliya Road,7486.097444764561
674898973,324965926,B445,B445,Veyangoda - Ruwanwella,primary,False,60,2,Veyangoda-Nittambuwa Road,3725.4634619219128
674898973,4202427002,B445,B445,Veyangoda - Ruwanwella,primary,False,60,2,Veyangoda-Nittambuwa Road,186.69028673229866
681584663,6537358006,B152,B152,Mattakkuliya - Uswetakeiyawa - Pinwattha,primary,False,50,,"['Canal Road (New Negombo Road)', 'Mattakkuliya Centre Road', 'Aluthmawatha Road', 'Approach Road to Mattakkuliya Bridge', 'Mattakkuliya Bridge']",1925.0582202462526
683787618,2131864639,B232,B232,Kolonnawa - Yakbedde,primary,False,50,2,"['New Kolonnawa Road', 'Gajaba Road', 'Parakumba Mawatha']",2637.9381826935246
683787618,10219043287,B62,B062,Borella - Rajagiriya (CMC Limits to Filling Station - Rajagiriya),primary,True,60,2,Cotta Road,675.6436309245266
694987695,652384088,B295,B295,Moratuwa - Piliyandala,primary,False,60,2,De Soysa Road,2583.045783772782
694987695,2558457385,B295,B295,Moratuwa - Piliyandala,primary,False,60,2,Moratuwa-Piliyandala Road,2411.41681056387
694987695,50422936,B204,B204,Katubedde - Kospelena,primary,False,50,2,Katubedda-Kospelena Road,1809.5509680675573
773016545,1244985944,B341,B341,Outer Circular Road (Nochchiyagama),secondary,False,40,,Outer Circular Road (Watawandana Road),575.3228144561663
773016545,2833603895,B164,B164,Jaffna Junction - Sri Maha Bodhi,secondary,False,40,,Old Trincomalee Road,952.8296884423221
843506679,3799756193,B219,B219,King George Avenue,primary,True,40,,Bauddhaloka Mawatha (King George Avenue),22.29267322601369
843506679,3681424087,B219,B219,King George Avenue,primary,False,50,,Bauddhaloka Mawatha (King George Avenue),444.2302907388788
847419106,1886574479,B197,B197,Karainagar Circular Road,secondary,False,40,,Karainagar Circular Road,7085.967257682576
847420598,853986268,B437,B437,Vallai - Telippalai - Araly,secondary,False,50,,Vallai Tellippalai Araly Road,3733.9160944262326
847420598,853138091,B437,B437,Vallai - Telippalai - Araly,secondary,False,50,,Vallai Tellippalai Araly Road,908.5240056656766
847436961,1245033035,B437,B437,Vallai - Telippalai - Araly,secondary,False,40,,Vallai Tellippalai Araly Road,1554.592354796263
847437156,848594025,B438,B438,Vallai-udupiddy - Velvettiturai,secondary,False,50,,Vallai-Udupiddy - Velvettiturai,730.8284616325802
847439889,849238535,B399,B399,Sangilithoppu - Chemmny,secondary,False,50,,Sangilitoppu-Chemmani Road,3346.067256582296
847467192,847467198,B305,B305,Nallur - Oddumadam,secondary,False,50,,Arasady Road,586.6176594457957
847467198,847467215,B305,B305,Nallur - Oddumadam,secondary,False,50,,Arasady Road,1136.2152687705466
847467198,847467192,B305,B305,Nallur - Oddumadam,secondary,False,50,,Arasady Road,586.6176594457959
847467215,847467198,B305,B305,Nallur - Oddumadam,secondary,False,50,,Arasady Road,1136.215268770547
847468342,853156385,B230,B230,Kokkuvil - Vaddukoddai,secondary,False,50,,Kulapiddy Road,1942.1193317947075
847468378,853155878,B268,B268,Manipay - Kaithady,secondary,False,50,,Manipai Kaitadi road,4742.690318900495
847468378,849238277,B268,B268,Manipay - Kaithady,secondary,False,50,,Manipai Kaitadi road,2715.453081553929
847468394,847469685,B380,B380,Puttur - Kantharoday,secondary,False,40,,Puttur - Kantharoday,3087.0620763773177
847468394,854024183,B380,B380,Puttur - Kantharoday,secondary,False,40,,Puttur - Kantharoday,3694.7338279009864
847469569,847469685,B380,B380,Puttur - Kantharoday,secondary,False,40,,Puttur - Kantharoday,5983.82100560281
847469685,847469569,B380,B380,Puttur - Kantharoday,secondary,False,40,,Puttur - Kantharoday,5983.821005602811
847469685,847468394,B380,B380,Puttur - Kantharoday,secondary,False,40,,Puttur - Kantharoday,3087.0620763773186
847483734,848553626,B13,B013,Alvai - Nelliady - Tunnalai,secondary,False,50,,Alvai - Nelliady - Tunnalai,778.0370868822883
847483734,847851582,B13,B013,Alvai - Nelliady - Tunnalai,secondary,False,50,,Alvai - Nelliady - Tunnalai,2143.1873808363653
847836026,13304847351,B441,B441,Velani - Kayts,secondary,False,50,,Velanai-Kayts Road,7041.898732560554
847851002,854150056,B75,B075,Chavakachcheri - Puloly,secondary,False,50,,Chavakachcheri-Puloly,3679.810033151873
847851582,847483734,B13,B013,Alvai - Nelliady - Tunnalai,secondary,False,50,,Alvai - Nelliady - Tunnalai,2143.1873808363653
847851582,848553191,B13,B013,Alvai - Nelliady - Tunnalai,secondary,False,50,,Alvai - Nelliady - Tunnalai,2400.1362734955737
847851582,848554190,B75,B075,Chavakachcheri - Puloly,secondary,False,50,,Chavakachcheri-Puloly,2341.0943926541327
847851582,847851714,B75,B075,Chavakachcheri - Puloly,secondary,False,50,,Chavakachcheri-Puloly,1836.2279296417482
847851714,847863823,B417,B417,Thoandamanaru - Vallai - Tunnalai,secondary,False,50,,Tondaimanar Vallai Tunnalai Road,3132.87540288558
847851714,847864408,B417,B417,Thoandamanaru - Vallai - Tunnalai,secondary,False,50,,Tondaimanar Vallai Tunnalai Road,5693.393397224816
847851714,847851582,B75,B075,Chavakachcheri - Puloly,secondary,False,50,,Chavakachcheri-Puloly,1836.2279296417485
847851714,854150056,B75,B075,Chavakachcheri - Puloly,secondary,False,50,,Chavakachcheri-Puloly,10758.23218181151
847863823,847851714,B417,B417,Thoandamanaru - Vallai - Tunnalai,secondary,False,50,,Tondaimanar Vallai Tunnalai Road,3132.87540288558
847864408,847851714,B417,B417,Thoandamanaru - Vallai - Tunnalai,secondary,False,50,,Tondaimanar Vallai Tunnalai Road,5693.393397224817
847869821,1245043260,B74,B074,Chavakachcheri - Kachchai,secondary,False,50,,Chavakachcheri - Kachchai,26.702929738616707
848553191,847851582,B13,B013,Alvai - Nelliady - Tunnalai,secondary,False,50,,Alvai - Nelliady - Tunnalai,2400.136273495574
848553626,854187070,B13,B013,Alvai - Nelliady - Tunnalai,secondary,False,50,,Alvai - Nelliady - Tunnalai,2920.265778455058
848553626,847483734,B13,B013,Alvai - Nelliady - Tunnalai,secondary,False,50,,Alvai - Nelliady - Tunnalai,778.0370868822885
848554190,847851582,B75,B075,Chavakachcheri - Puloly,secondary,False,50,,Chavakachcheri-Puloly,2341.0943926541327
848554341,1148495722,B370,B370,Point Pedro East Coast Road,secondary,False,50,2,Point Pedro East Coast Road,4706.32299147328
848554341,1141723502,B402,B402,Soranapattu - Thalayadi,secondary,False,50,2,"['Soranapattu - Thalayadi', 'Point Pedro-Muruthankerni Road', 'Point Pedro - Maruthankerny']",32960.01035743035
848554341,854186991,B371,B371,Point Pedro - Maruthankerny,secondary,False,50,2,Point Pedro - Maruthankerny,1673.7833837449746
848593926,3804229985,B417,B417,Thoandamanaru - Vallai - Tunnalai,primary,False,50,,Thoandamanaru - Vallai - Tunnalai,34.70729536777679
848594025,1148495382,B417,B417,Thoandamanaru - Vallai - Tunnalai,secondary,False,50,,Thoandamanaru - Vallai - Tunnalai,1241.9873677497476
848594025,3804229985,B417,B417,Thoandamanaru - Vallai - Tunnalai,secondary,False,50,,Thoandamanaru - Vallai - Tunnalai,2621.1177289992543
848594025,1245037494,B438,B438,Vallai-udupiddy - Velvettiturai,secondary,False,50,,Vallai-Udupiddy - Velvettiturai,1684.04712954599
848594025,847437156,B438,B438,Vallai-udupiddy - Velvettiturai,secondary,False,50,,Vallai-Udupiddy - Velvettiturai,730.8284616325802
848594067,848610217,B438,B438,Vallai-udupiddy - Velvettiturai,primary,False,50,,Vallai-Udupiddy - Velvettiturai,2151.32340707683
848594067,1245037494,B438,B438,Vallai-udupiddy - Velvettiturai,primary,False,50,,Vallai-Udupiddy - Velvettiturai,928.0889672578187
848610217,848594067,B438,B438,Vallai-udupiddy - Velvettiturai,primary,False,50,,Vallai-Udupiddy - Velvettiturai,2151.32340707683
848610217,7569009680,B438,B438,Vallai-udupiddy - Velvettiturai,primary,True,50,,Vallai-Udupiddy - Velvettiturai,35.42520969179762
848610218,848610217,B438,B438,Vallai-udupiddy - Velvettiturai,primary,True,50,,Vallai-Udupiddy - Velvettiturai,30.938620975117143
849189814,4136868890,B74,B074,Chavakachcheri - Kachchai,secondary,False,50,,"['Puloly-Kodikamam-Kochchai Road', 'Chavakachcheri - Kachchai']",9005.340306542477
849238277,847468378,B268,B268,Manipay - Kaithady,secondary,False,50,,Manipai Kaitadi road,2715.453081553929
849238277,4439545826,B268,B268,Manipay - Kaithady,secondary,False,50,,Manipai Kaitadi road,3228.3184420699085
849238535,847439889,B399,B399,Sangilithoppu - Chemmny,secondary,False,50,,Sangilitoppu-Chemmani Road,3346.0672565822974
849241783,2052447109,B165,B165,Kachcheri Beach Fort Road,secondary,False,50,,Beach Road,639.4721379492958
853137780,853138091,B437,B437,Vallai - Telippalai - Araly,secondary,False,50,,Vallai Tellippalai Araly Road,2320.9818047001945
853137780,5126464949,B437,B437,Vallai - Telippalai - Araly,secondary,False,50,,Vallai Tellippalai Araly Road,2412.927196062733
853138091,847420598,B437,B437,Vallai - Telippalai - Araly,secondary,False,50,,Vallai Tellippalai Araly Road,908.5240056656764
853138091,853137780,B437,B437,Vallai - Telippalai - Araly,secondary,False,50,,Vallai Tellippalai Araly Road,2320.9818047001945
853138091,853156367,B230,B230,Kokkuvil - Vaddukoddai,secondary,False,50,,Kokkuvil Vaddukkodai Road,6496.915741100206
853155767,854070754,B170,B170,Kadduwan - Mallakam - Chankanai,secondary,False,40,,Kadduvan Mallakam Chankanai road,1459.106157713816
853155878,847468378,B268,B268,Manipay - Kaithady,secondary,False,50,,Manipai Kaitadi road,4742.690318900493
853156231,854093516,B414,B414,Thavadi - Suthumalai,secondary,False,40,,Thavadi - Suthumalai,2761.18254596394
853156367,853138091,B230,B230,Kokkuvil - Vaddukoddai,secondary,False,50,,Kokkuvil Vaddukkodai Road,6496.915741100204
853156385,847468342,B230,B230,Kokkuvil - Vaddukoddai,secondary,False,50,,Kulapiddy Road,1942.1193317947073
853165390,5522105422,B315,B315,Navanturai - Oddumadam,secondary,False,50,,Navanturai - Oddumadam,1124.206689364778
853165643,3803918467,B305,B305,Nallur - Oddumadam,secondary,False,40,2,Main Road,619.3179120644972
853986268,847420598,B437,B437,Vallai - Telippalai - Araly,secondary,False,50,,Vallai Tellippalai Araly Road,3733.916094426231
854023955,854070754,B170,B170,Kadduwan - Mallakam - Chankanai,secondary,False,40,,Kadduvan Mallakam Chankanai road,118.63781526011864
854023955,854024183,B170,B170,Kadduwan - Mallakam - Chankanai,secondary,False,40,,Kadduvan Mallakam Chankanai road,1623.4995025464596
854024183,5847955549,B170,B170,Kadduwan - Mallakam - Chankanai,secondary,False,40,,Kadduvan Mallakam Chankanai road,4532.213978243631
854024183,854023955,B170,B170,Kadduwan - Mallakam - Chankanai,secondary,False,40,,Kadduvan Mallakam Chankanai road,1623.4995025464598
854024183,847468394,B380,B380,Puttur - Kantharoday,secondary,False,40,,Puttur - Kantharoday,3694.7338279009855
854070627,1245033009,B276,B276,Mathagal - Pandatherippu - Sambiliturai,secondary,False,50,,Mathagal Pandatharippu Sandilippai Road,1881.6337621004393
854070627,1245033122,B437,B437,Vallai - Telippalai - Araly,secondary,False,50,,Vallai Tellippalai Araly Road,1957.498301731493
854070754,854023955,B170,B170,Kadduwan - Mallakam - Chankanai,secondary,False,40,,Kadduvan Mallakam Chankanai road,118.63781526011864
854070754,853155767,B170,B170,Kadduwan - Mallakam - Chankanai,secondary,False,40,,Kadduvan Mallakam Chankanai road,1459.1061577138162
854093516,853156231,B414,B414,Thavadi - Suthumalai,secondary,False,40,,Thavadi - Suthumalai,2761.18254596394
854150056,847851002,B75,B075,Chavakachcheri - Puloly,secondary,False,50,,Chavakachcheri-Puloly,3679.810033151873
854150056,847851714,B75,B075,Chavakachcheri - Puloly,secondary,False,50,,Chavakachcheri-Puloly,10758.232181811509
854186991,848554341,B371,B371,Point Pedro - Maruthankerny,secondary,False,50,2,Point Pedro - Maruthankerny,1673.7833837449746
854187070,848553626,B13,B013,Alvai - Nelliady - Tunnalai,secondary,False,50,,Alvai - Nelliady - Tunnalai,2920.265778455059
871932407,4034893256,B192,B192,Kandasamykovil - Kaluthaipiddy,secondary,False,40,,Kandasamykovil - Kaluthaipiddy,4451.932310218265
891638940,4142250035,B154,B154,Hindagala - Naranwita - Gampola,primary,True,50,,Pallewela Road,36.549396801784766
891638940,1724997103,B154,B154,Hindagala - Naranwita - Gampola,primary,False,50,2,"['Pallewela Road', 'Hindagala-Naranwita-Gampola Road', 'Doluwa Road']",13051.87733947951
896199017,2019733995,B162,B162,Inamaluwa - Sigiriya,primary,False,50,2,Sigiriya Road,23.06012640929709
896199017,258057404,B561,B561,Dambulla Kandalama,"['secondary', 'primary']",False,"['60', '50']",2,Kandalama Road,14470.755732620693
896199017,2732633599,B162,B162,Inamaluwa - Sigiriya,primary,False,50,2,Sigiriya Road,4877.034923582211
901010009,1235804433,B196,B196,Kantale Perathuveli Road,primary,False,50,2,Kantale-Potankadu Road (Seruwawila Road),3035.9076378619798
904233212,9562328819,B82,B082,"Circular Road, Kurunegala",primary,True,50,2,U. B. Wanninayake Mawatha,15.09135566866403
904233212,904233272,B82,B082,"Circular Road, Kurunegala",primary,False,50,2,U. B. Wanninayake Mawatha,1624.4088559418733
904233235,1242786587,B424,B424,Trincomalee - Pulmoddai,primary,False,60,2,Post Office Road,441.2187995473972
904233235,1242791210,B424,B424,Trincomalee - Pulmoddai,primary,False,60,2,Dockyard Road,668.2769933525445
904233272,904233212,B82,B082,"Circular Road, Kurunegala",primary,False,50,2,U. B. Wanninayake Mawatha,1624.4088559418728
904233506,10142217471,B424,B424,Trincomalee - Pulmoddai,primary,False,60,2,North Coast Road,27.26635633911424
904233506,6685553328,B424,B424,Trincomalee - Pulmoddai,primary,False,60,2,North Coast Road,2225.892131870884
904233558,1172970726,B424,B424,Trincomalee - Pulmoddai,primary,False,60,2,North Coast Road,499.64501821388444
904233581,4067964376,B82,B082,"Circular Road, Kurunegala",primary,False,50,2,Gettuwana Road,1875.1409414960442
912268077,4045751173,B421,B421,Tiruwanaketiya - Agalawatte,primary,False,60,2,Kalawana Road,10427.16494203275
912273614,4045751170,B421,B421,Tiruwanaketiya - Agalawatte,primary,False,60,2,Kalawana Road,5919.528640221757
912273614,8312180939,B390,B390,Ratnapura - Palawela - Karawita,primary,False,60,2,"['Muwagama Bridge', 'Ratnapura-Palawela Road', 'Palawela-Karawita Road']",20516.39678699901
912273614,5237438508,B421,B421,Tiruwanaketiya - Agalawatte,primary,False,70,2,Ratnapura Road,17107.55492090486
912275456,917948850,B499,B499,Kirinda - Palatupana - Yala,"['primary', 'secondary']",False,"['25', '40']",2,"['Yala Santuary Road', 'Kirinde-Palatupana-Yala Road']",27891.737157099615
912275456,3677422292,B422,B422,Tissa - Kirinde,"['primary', 'secondary']",False,"['72', '70', '50']",2,"['Tissa-Kirinde Road', 'Kirinde Road']",24724.33628066311
912275456,610968720,B422,B422,Tissa - Kirinde,primary,False,70,2,Tissa-Kirinde Road,6463.353294165998
917948850,912275456,B499,B499,Kirinda - Palatupana - Yala,"['secondary', 'primary']",False,"['25', '40']",2,"['Yala Santuary Road', 'Kirinde-Palatupana-Yala Road']",27891.737157099586
937250000,1164676122,B311,B311,Nattarampotha - Yakgahapitiya,"['primary', 'secondary']",False,"['40', '50']",2,"['Yakgahapitiya Road', 'Nattarampotha Road', 'Sirimalwatte - Menikhinna Road']",3909.534415104671
970058024,2155946168,B338,B338,"Old Tangalle Road, Matara","['primary', 'primary_link']",False,"['30', '40']",2,Old Tangalle Road,882.6575795817106
970090967,637858647,B262,B262,Makola - Udupila,primary,False,50,2,Makola-Udupila Road,2364.5582900158656
970090967,637859907,B262,B262,Makola - Udupila,primary,False,50,2,Makola-Udupila Road,865.2921183609203
970090967,2087105380,B401,B401,Siyambalape - Galwalkada,primary,False,50,,Siyambalape Road,1664.6567828945633
971827647,2489067296,B240,B240,Batttaramulla - Malabe - Godagama - Padukka - Bope,primary,True,50,2,Athurugiriya Road,51.290379889010644
971827647,617190011,B240,B240,Batttaramulla - Malabe - Godagama - Padukka - Bope,primary,False,50,2,Athurugiriya Road,908.3247238234495
1028522713,3305877503,B341,B341,Outer Circular Road (Nochchiyagama),secondary,False,30,,Outer Circular Road (Wata Wandana Road),1860.695472808622
1028522713,1028522856,B341,B341,Outer Circular Road (Nochchiyagama),secondary,False,30,,"['Outer Circular Road (Watawandana Road)', 'Outer Circular Road (Wata Wandana Road)']",76.72072857937005
1028522856,1410579071,B341,B341,Outer Circular Road (Nochchiyagama),secondary,False,40,,Outer Circular Road (Watawandana Road),244.4892036867513
1028522856,1028522713,B341,B341,Outer Circular Road (Nochchiyagama),secondary,False,30,,"['Outer Circular Road (Watawandana Road)', 'Outer Circular Road (Wata Wandana Road)']",76.72072857937005
1030050388,3170533458,B116,B116,Embilmeegama - Daulagala - Penideniya,primary,False,50,2,Gadaladeniya Road,1279.2186455839294
1030050388,3226356899,B116,B116,Embilmeegama - Daulagala - Penideniya,primary,False,50,2,Gadaladeniya Road,853.0147213481201
1030050388,3226291720,B121,B121,Gadaladeniya - Paranapattiya,primary,False,50,2,Gadaladeniya-Paranapattiya Road,5266.991397847447
1093697782,1093799320,B320,B320,Nayapamulla - Unanwitiya - Nagoda,secondary,False,72,2,Mapalagama - Udugama Road,8196.713257044428
1093697782,4729747107,B454,B454,Wandurambe - Ethumale - Yakkatuwa,primary,False,60,2,Wanduramba-Mapalagama Road,2568.9962423964766
1093697782,2607383505,B454,B454,Wandurambe - Ethumale - Yakkatuwa,primary,False,60,2,"['Wanduramba-Mapalagama Road', 'Mapalagama-Yakkatuwa Road']",3661.0932680448363
1093698207,4729747389,B454,B454,Wandurambe - Ethumale - Yakkatuwa,primary,False,60,2,Wanduramba-Mapalagama Road,3494.899302246034
1093698207,1093699503,B454,B454,Wandurambe - Ethumale - Yakkatuwa,primary,False,60,2,Wanduramba-Mapalagama Road,6814.967934822645
1093698342,1093699503,B248,B248,Labuduwa - Wandurambe - Sandarawela,primary,False,50,2,Labuduwa-Wanduramba Road,9743.407826192766
1093698342,130346191,B248,B248,Labuduwa - Wandurambe - Sandarawela,primary,False,50,2,Labuduwa-Wanduramba Road,1963.7310919093711
1093699503,1093751318,B248,B248,Labuduwa - Wandurambe - Sandarawela,primary,False,50,2,Wanduramba-Sandarawala Road,6808.476549805661
1093699503,1093762656,B455,B455,Wandurambe - Kottawa,primary,False,50,2,Wanduramba-Kottawa Road,9708.56028283827
1093699503,1093698342,B248,B248,Labuduwa - Wandurambe - Sandarawela,primary,False,50,2,Labuduwa-Wanduramba Road,9743.40782619277
1093699503,1093698207,B454,B454,Wandurambe - Ethumale - Yakkatuwa,primary,False,60,2,Wanduramba-Mapalagama Road,6814.967934822644
1093751150,3257848747,B128,B128,Galle - Baddegama,primary,False,60,2,Baddegama Road,156.7252166857234
1093751150,1242330004,B128,B128,Galle - Baddegama,primary,False,60,2,Baddegama Road,9369.420580144162
1093751318,3257848747,B248,B248,Labuduwa - Wandurambe - Sandarawela,primary,False,50,2,Wanduramba-Sandarawala Road,2970.8247837607432
1093751318,1093699503,B248,B248,Labuduwa - Wandurambe - Sandarawela,primary,False,50,2,Wanduramba-Sandarawala Road,6808.476549805658
1093751318,3257914816,B153,B153,Hikkaduwa - Baddegama - Nilhena,primary,False,60,2,Baddegama-Nayapamula-Nilhena Road,2430.584265563674
1093762481,2215855644,B129,B129,Galle - Udugama,primary,False,50,,Udugama Road,1000.8545774885628
1093762481,3269957968,B129,B129,Galle - Udugama,primary,False,50,,Udugama Road,2820.0041782867056
1093762656,1093699503,B455,B455,Wandurambe - Kottawa,primary,False,50,2,Wanduramba-Kottawa Road,9708.560282838269
1093762656,1093763092,B129,B129,Galle - Udugama,primary,False,50,,Udugama Road,2041.3685847609895
1093762656,2215855644,B129,B129,Galle - Udugama,primary,False,50,,Udugama Road,5516.3881510418905
1093762966,1093799320,B129,B129,Galle - Udugama,primary,False,50,,Udugama Road,674.1500013376052
1093762966,1093763628,B129,B129,Galle - Udugama,primary,False,50,,Udugama Road,15746.066500789484
1093762966,4730103455,B139,B139,Gonadeniya - Udugama,primary,False,50,2,Gonadeniya-Udugama Road,4443.74916964578
1093763092,6543091744,B129,B129,Galle - Udugama,primary,True,50,,Udugama Road,45.99607817468642
1093763092,1093762656,B129,B129,Galle - Udugama,primary,False,50,,Udugama Road,2041.3685847609895
1093763628,6543091747,B129,B129,Galle - Udugama,primary,True,50,,Udugama Road,32.884033099932175
1093763628,1093762966,B129,B129,Galle - Udugama,primary,False,50,,Udugama Road,15746.066500789504
1093799320,1093697782,B320,B320,Nayapamulla - Unanwitiya - Nagoda,secondary,False,72,2,Mapalagama - Udugama Road,8196.713257044423
1093799320,1093799558,B429,B429,Udugama - Hiniduma,primary,False,"['70', '72']",2,"['Hiniduma-Opatha-Pitabeddara Road', 'Udugama-Hiniduma Road', 'Udugama Road']",19404.212525415416
1093799320,1093762966,B129,B129,Galle - Udugama,primary,False,50,,Udugama Road,674.1500013376051
1093799558,1093799320,B429,B429,Udugama - Hiniduma,primary,False,"['72', '70']",2,"['Hiniduma-Opatha-Pitabeddara Road', 'Udugama-Hiniduma Road', 'Udugama Road']",19404.212525415427
1093799558,2190932692,B156,B156,Hiniduma - Opatha - Pitabeddera,primary,False,70,2,Hiniduma-Opatha-Pitabeddara Road,23805.454461419333
1093799558,5258083979,B411,B411,Tawalama - Neluwa - Batuwangala,primary,False,50,2,Thawalama-Neluwa Road,7064.84341701166
1094458277,3470538976,B55,B055,Bentara - Uragaha - Elpitiya,primary,False,60,2,Elpitiya Road,13960.352895015614
1124475656,3398081272,B635,B635,Access Road to Matara,primary,True,70,2,Access Road to Matara,44.89832877666348
1131882974,253022446,B435,B435,Urugodawatte - Ambatale,primary,False,60,2,Avissawella Road,42.37692507156396
1131882974,403816151,B435,B435,Urugodawatte - Ambatale,primary,False,60,2,Avissawella Road,40.93341667018825
1135382428,3570607529,B631,B631,Hambantota - Gonnoruwa - Meegahajandura,primary,True,60,2,Hambantota-Gonnoruwa-Meegahajandura Road,549.5844463798594
1138324553,560221970,B191,B191,Kalutara - Nagoda,primary,False,60,2,"['Kalutara-Nagoda Road', 'Riverside Road']",5698.9344318712
1138480058,1617989288,B40,B040,Balapitiya - Watugedera,primary,False,50,2,"['Station Road', 'Balapitiya-Watugedara Road']",3438.1783047450845
1138480058,130445177,B14,B014,Ambalangoda - Elpitiya - Pitigala,primary,False,"['70', '50']",2,Elpitiya Road,2567.1793515666495
1138480058,3470537530,B14,B014,Ambalangoda - Elpitiya - Pitigala,primary,False,70,2,Elpitiya Road,4275.861752375987
1138480331,3425048815,B157,B157,Horana - Anguruwatota - Aluthgama,primary,True,60,,Matugama Road,27.36901791484006
1139090033,60797984,B130,B130,Galle - Wakwella,primary,False,50,2,Wakwella Road,835.38187526835
1139090033,1931363942,B130,B130,Galle - Wakwella,primary,False,50,2,Wakwella Road,2247.4463108323143
1140307739,1638891066,B143,B143,Halpatota - Kurundugahahetekma,primary,False,50,,Halpatota-Kurundugahahetekma Road,278.0826198890507
1140307739,3655959354,B143,B143,Halpatota - Kurundugahahetekma,primary,True,50,2,Halpatota-Kurundugahahetekma Road,225.60179200394248
1140307744,6021413404,B14,B014,Ambalangoda - Elpitiya - Pitigala,primary,True,70,2,Ambalangoda-Elpitiya-Pitigala Road,133.40410059457528
1141723502,848554341,B402,B402,Soranapattu - Thalayadi,secondary,False,50,2,"['Soranapattu - Thalayadi', 'Point Pedro-Muruthankerni Road', 'Point Pedro - Maruthankerny']",32960.010357430336
1146591926,2093613917,B269,B269,Mankulam - Vellankulam,secondary,False,50,,Mankulam-Vellankulam Road,39985.0022742381
1146766252,4904045485,B157,B157,Horana - Anguruwatota - Aluthgama,primary,False,60,2,Aluthgama Road,4917.918245851431
1146766252,2143415342,B158,B158,Horawela - Pelawatte - Pitigala,primary,False,60,2,Horawela-Pelawatte Road,7779.005707537277
1146766252,1969450556,B157,B157,Horana - Anguruwatota - Aluthgama,primary,False,60,2,Matugama Road,1499.7218555628747
1147026886,3619937663,B337,B337,"Old Road, Kattankudy",primary,False,60,2,Old Kalmunai Road,176.2645836477639
1147075948,10682971402,B43,B043,Bandarawela - Uva Hihglands - Ettampitiya,primary,False,60,2,Bandarawela-Ettampitiya Road,15239.98070534133
1147858863,403899928,B425,B425,Tudella - Pamunugama - Talahena - Negombo,primary,False,"['40', '50']",,"['Negombo Road', 'St. Nicholas Road', 'Pamunugama Road']",14517.199847551927
1147858863,313236260,B407,B407,"St. Joseph's Street, Negombo",primary,False,50,,"['Custom Road', ""St. Joseph's Street""]",360.36768261310795
1147858863,313236286,B407,B407,"St. Joseph's Street, Negombo",primary,False,"['60', '50']",,"['Custom Road', 'Main Street']",1000.3500777305394
1148495382,848594025,B417,B417,Thoandamanaru - Vallai - Tunnalai,secondary,False,50,,Thoandamanaru - Vallai - Tunnalai,1241.9873677497476
1148495722,848554341,B370,B370,Point Pedro East Coast Road,secondary,False,50,2,Point Pedro East Coast Road,4706.322991473281
1148495922,1245034081,B33,B033,Avarangal - Thondamanaru,secondary,False,40,,Avarankal Tondaimanar Road B33,1972.6175668750861
1149576611,1697645957,B188,B188,Kaluaggala - Labugama,primary,False,30,,,1617.5088113167926
1149576728,2141873197,B426,B426,Tummodera - Puwakpitiya,primary,False,50,,Tummodara - Puwakpitiya Road,9322.786159876525
1149576728,1697645957,B188,B188,Kaluaggala - Labugama,primary,False,50,,"['Thummodara Bridge', 'Kaluaggala-Labugama-Kalatuwawa Road']",886.600348222441
1149576728,1862816008,B188,B188,Kaluaggala - Labugama,primary,False,50,,Kaluaggala-Labugama-Kalatuwawa Road,11083.979092144764
1150403426,1862498820,B146,B146,Hanwella - Pugoda - Weke - Urapola,primary,False,50,,Hanwella - Pugoda - Kirindiwela - Urapola Road,75.02826890778891
1150403426,129610044,B145,B145,Hanwella Junction Road,primary,False,40,2,Hanwella Junction Road,872.3994120500791
1156533833,1156533842,B205,B205,Katugastota - Madawala - Bambarella,primary,False,60,,Madawala Road,135.9592508127862
1156533833,1156534074,B205,B205,Katugastota - Madawala - Bambarella,primary,False,60,,Madawala Road,3094.937147133125
1156533842,2334261008,B256,B256,Madawala - Rajawella,primary,False,50,2,"['Madawala Road', 'Teldeniya Road']",8176.22574617138
1156533842,1156533833,B205,B205,Katugastota - Madawala - Bambarella,primary,False,60,,Madawala Road,135.95925081278622
1156533842,3619696818,B205,B205,Katugastota - Madawala - Bambarella,primary,False,50,2,Katugastota-Madawala-Bambarella Road,903.5059147465141
1156534074,2019894706,B591,B591,Uyanwatta Polgolla Dam,secondary,False,40,2,Polgolla Dam Road,618.9285647496026
1156534074,3616495484,B205,B205,Katugastota - Madawala - Bambarella,primary,False,60,,Madawala Road,2133.7569162572927
1156534074,1156533833,B205,B205,Katugastota - Madawala - Bambarella,primary,False,60,,Madawala Road,3094.9371471331247
1157613973,1314754534,B180,B180,Kalalpitiya - Ukuwala - Elkaduwa,primary,False,70,2,"['Ukuwela Road', 'Elkaduwa Road']",11185.979706979635
1157613973,12794013248,B461,B461,Wattegama - Kandenuwara - Wariyapola,primary,False,50,2,Kandenuwara Road,6678.673917147737
1157613973,3416397811,B461,B461,Wattegama - Kandenuwara - Wariyapola,primary,False,50,2,Elkaduwa Road,12007.108266822475
1164676122,937250000,B311,B311,Nattarampotha - Yakgahapitiya,"['secondary', 'primary']",False,"['40', '50']",2,"['Yakgahapitiya Road', 'Nattarampotha Road', 'Sirimalwatte - Menikhinna Road']",3909.5344151046706
1164676122,1837478229,B69,B069,Buwelikada - Lewella,"['secondary', 'primary']",False,50,,"['Lewella Road', 'Lewella - Amunugama - Madawala Road']",1245.0803337218451
1172970726,10142217471,B424,B424,Trincomalee - Pulmoddai,primary,False,60,2,North Coast Road,440.80580677069554
1172970726,904233558,B424,B424,Trincomalee - Pulmoddai,primary,False,60,2,North Coast Road,499.6450182138844
1181395615,1500297617,B637,B637,Pelena-Polwatta-Denipitiya,primary,False,60,2,Pelena-Polwatta-Denipitiya Road,2091.742786734964
1181395662,1397090861,B466,B466,Weligama - Telijjawila,primary,False,50,2,Station Road,8.783661356729999
1181395662,1233271397,B466,B466,Weligama - Telijjawila,primary,False,50,2,Galbokka Road,33.1403089885583
1181395693,1233271397,B466,B466,Weligama - Telijjawila,primary,False,50,2,Galbokka Road,385.75227941252183
1181395693,266478204,B466,B466,Weligama - Telijjawila,primary,False,50,2,"['Akuressa Road', 'Galbokka Road']",888.6770963271338
1181921747,6545320376,B638,B638,Sri Maha Bodhi Access,primary,False,"['60', '50']",,Kurunegala Road,1869.2715875343195
1181921747,4137353396,B638,B638,Sri Maha Bodhi Access,primary,True,60,,Kurunegala Road,34.37148227160664
1185558582,1185558591,B24,B024,Approach Road to Aerodrome Ratmalana,primary,False,40,,"Approach Road to Aerodrome, Ratmalana",856.7780238777598
1185558582,11037159201,B24,B024,Approach Road to Aerodrome Ratmalana,primary,True,40,1,"Approach Road to Aerodrome, Ratmalana",415.5104046383146
1185558591,1185558582,B24,B024,Approach Road to Aerodrome Ratmalana,primary,False,40,,"Approach Road to Aerodrome, Ratmalana",856.7780238777599
1185558591,7085525494,B24,B024,Approach Road to Aerodrome Ratmalana,primary,True,40,,"Approach Road to Aerodrome, Ratmalana",35.29416656089182
1186240418,1186240445,B149,B149,Hatton - Maskeliya - Dalhousie,primary,False,60,2,Hatton-Maskeliya-Sri Pada Road,202.60344055932043
1186240418,6250183891,B149,B149,Hatton - Maskeliya - Dalhousie,primary,False,60,2,Hatton-Maskeliya-Sri Pada Road,1032.2224851361275
1186240445,1186247404,B149,B149,Hatton - Maskeliya - Dalhousie,primary,False,60,2,Hatton-Maskeliya-Sri Pada Road,3811.255051880651
1186240445,1186240418,B149,B149,Hatton - Maskeliya - Dalhousie,primary,False,60,2,Hatton-Maskeliya-Sri Pada Road,202.60344055932043
1186247404,1186240445,B149,B149,Hatton - Maskeliya - Dalhousie,primary,False,60,2,Hatton-Maskeliya-Sri Pada Road,3811.2550518806506
1186247404,3137149149,B71,B071,Carolina - Norton - Wanarajah,primary,False,60,2,"['Carolina-Norton-Wanaraja Road', 'Castlereigh Dam']",13079.810384132059
1186247404,1190546887,B149,B149,Hatton - Maskeliya - Dalhousie,primary,False,60,2,Hatton-Maskeliya-Sri Pada Road,4744.862915918389
1190507161,2686035634,B71,B071,Carolina - Norton - Wanarajah,primary,False,60,2,Carolina-Norton-Wanaraja Road,8427.975330370798
1190546887,1186247404,B149,B149,Hatton - Maskeliya - Dalhousie,primary,False,60,2,Hatton-Maskeliya-Sri Pada Road,4744.8629159183865
1190546887,3195561861,B149,B149,Hatton - Maskeliya - Dalhousie,primary,False,60,2,Hatton-Maskeliya-Sri Pada Road,915.7437527695166
1190546887,2077442148,B329,B329,Norwood - Bogowantalawa - Campion,primary,False,50,2,"['Olugantota-Pinnawala-Bogowantalawa Road', 'Norwood-Bogawantalawa-Campion Road']",49243.51808694629
1212770518,4996622511,B84,B084,Colombo - Horana,primary,True,70,,Colombo - Horana Road,368.07640904629807
1212770521,11765244595,B84,B084,Colombo - Horana,primary_link,False,,,,8.146263267952937
1212770521,252537325,B84,B084,Colombo - Horana,primary,False,70,,Colombo - Horana Road,2896.389942744793
1212770521,3218455285,B84,B084,Colombo - Horana,primary,True,70,,Colombo - Horana Road,209.91061975221655
1212770531,10308309676,B84,B084,Colombo - Horana,primary,True,70,,Colombo - Horana Road,162.8161948495273
1212770540,1212770531,B84,B084,Colombo - Horana,primary,True,70,,Colombo - Horana Road,342.3922517918489
1213041863,6294406154,B304,B304,Nagoda - Kalawellawa - Bellapitiya,primary,False,60,2,Nagoda-Kalawellawa-Bellapitiya Road,14589.691892009245
1213041863,1213041911,B304,B304,Nagoda - Kalawellawa - Bellapitiya,primary,True,60,2,Nagoda-Kalawellawa-Bellapitiya Road,172.93325059807958
1213041911,5222832228,B304,B304,Nagoda - Kalawellawa - Bellapitiya,primary,True,60,2,Nagoda-Kalawellawa-Bellapitiya Road,114.6209101222689
1213041924,5222832372,B304,B304,Nagoda - Kalawellawa - Bellapitiya,primary,True,60,2,Nagoda-Kalawellawa-Bellapitiya Road,63.6312759281195
1213042254,5222832390,B304,B304,Nagoda - Kalawellawa - Bellapitiya,primary,True,60,2,Nagoda-Kalawellawa-Bellapitiya Road,100.4311424449369
1213042254,1796923068,B304,B304,Nagoda - Kalawellawa - Bellapitiya,primary,False,60,2,Nagoda-Kalawellawa-Bellapitiya Road,3351.685299193354
1222995418,3195561861,B149,B149,Hatton - Maskeliya - Dalhousie,primary,False,60,2,Hatton-Maskeliya-Sri Pada Road,7856.790687789918
1222995418,1222995629,B149,B149,Hatton - Maskeliya - Dalhousie,primary,False,60,2,Hatton-Maskeliya-Sri Pada Road,43.27017544123191
1222995629,1222995418,B149,B149,Hatton - Maskeliya - Dalhousie,primary,False,60,2,Hatton-Maskeliya-Sri Pada Road,43.27017544123191
1222995629,2686032868,B149,B149,Hatton - Maskeliya - Dalhousie,primary,False,60,2,Hatton-Maskeliya-Sri Pada Road,3860.4447599775644
1222995635,3517300319,B273,B273,Maskeliya - Upcot,primary,False,60,2,Maskeliya-Upcot Road,8695.952185261543
1222995635,1222995629,B273,B273,Maskeliya - Upcot,primary,True,50,1,Maskeliya-Upcot Road,49.734463588966825
1223888358,1446610177,B458,B458,Waskaduwa - Bandaragama,primary,False,70,2,Waskaduwa-Bandaragama Road,6201.375744067723
1223888358,1795375615,B458,B458,Waskaduwa - Bandaragama,primary,False,70,2,Waskaduwa-Bandaragama Road,708.5568534378402
1231840453,1500297617,B466,B466,Weligama - Telijjawila,primary,False,50,2,Akuressa Road,8194.321272328858
1232107044,1535505645,B259,B259,Main Access to Gam Udawa 87,primary,False,72,2,Raja Mawatha (Gam Udawa Road),701.7340247557294
1232107044,3683993724,B259,B259,Main Access to Gam Udawa 87,primary,True,50,1,Raja Mawatha (Gam Udawa Road),33.76044077213456
1233271397,1181395693,B466,B466,Weligama - Telijjawila,primary,False,50,2,Galbokka Road,385.75227941252183
1233271397,1181395662,B466,B466,Weligama - Telijjawila,primary,False,50,2,Galbokka Road,33.1403089885583
1235697388,6545679856,B472,B472,Weliweriya - Kirindiwela,primary,False,50,,Weliweriya-Kirindiwela Road,4861.006139337985
1235697388,3883403616,B146,B146,Hanwella - Pugoda - Weke - Urapola,primary,False,50,,Hanwella-Pugoda-Kirindiwela-Urapola Road,4585.84002299441
1235697388,2753084556,B146,B146,Hanwella - Pugoda - Weke - Urapola,primary,False,50,,Hanwella - Pugoda - Kirindiwela - Urapola Road,12546.59655534438
1235697661,3120324420,B453,B453,Walpola - Mailawalana,primary,False,50,,Walpola-Walgammulla Road,5313.680152084092
1235697661,617970086,B445,B445,Veyangoda - Ruwanwella,primary,False,60,2,Nittambuwa-Urapola-Ruwanwella Road,920.4730026379328
1235697661,1723172809,B445,B445,Veyangoda - Ruwanwella,primary,False,60,2,Nittambuwa-Urapola-Ruwanwella Road,2410.2424361172925
1235697764,3120323405,B146,B146,Hanwella - Pugoda - Weke - Urapola,primary,False,50,,Hanwella-Pugoda-Kirindiwela-Urapola Road,29.027972949659397
1235697764,1805745150,B445,B445,Veyangoda - Ruwanwella,primary,False,60,2,Nittambuwa-Urapola-Ruwanwella Road,19658.682477358572
1235697764,1723172809,B445,B445,Veyangoda - Ruwanwella,primary,False,60,2,Nittambuwa-Urapola-Ruwanwella Road,1984.3465565296267
1235775279,5182773491,B37,B037,"Baladaksha Mawatha, Galle",primary,True,40,,Esplanade Road,36.56272294002741
1235783744,617967898,B456,B456,Warakapola - Kandalama,primary,False,50,2,Warakapola-Kandalama Road,5063.841019992349
1235783744,2562843705,B456,B456,Warakapola - Kandalama,primary,False,50,2,Warakapola-Kandalama Road,5011.984446214721
1235783744,1886606136,B63,B063,Botale - Mirigama,primary,False,50,,Botale-Mirigama Road,5635.912983505768
1235804433,1242694030,B196,B196,Kantale Perathuveli Road,primary,False,50,2,Kantale-Potankadu Road (Seruwawila Road),30.08106270852636
1235804433,901010009,B196,B196,Kantale Perathuveli Road,primary,False,50,2,Kantale-Potankadu Road (Seruwawila Road),3035.9076378619784
1235804471,1235814874,B10,B010,Allai - Kantale,primary,False,60,2,Kantale-Allai Road,2193.3051833598524
1235804471,1242694030,B10,B010,Allai - Kantale,primary,False,60,2,Kantale-Allai Road,30.114116580656187
1235814874,1235804471,B10,B010,Allai - Kantale,primary,False,60,2,Kantale-Allai Road,2193.3051833598524
1235814874,4336068793,B10,B010,Allai - Kantale,primary,True,50,1,Kantale-Allai Road,29.526054005962045
1235814874,1235814824,B10,B010,Allai - Kantale,primary,True,50,1,Kantale-Allai Road,36.78727319333538
1237974510,1237974516,B247,B247,Kurunegala - Narammala - Kuliyapitiya - Madampe,primary,False,60,,Kurunegala-Negombo Road,2705.1800503841546
1237974510,6547922849,B247,B247,Kurunegala - Narammala - Kuliyapitiya - Madampe,primary,False,60,,Kurunegala-Negombo Road,2468.8651054360357
1237974510,3739999316,B177,B177,Kahawatte - Ela-Bemmullegedara,secondary,False,50,,Bemmullegedara - Kahawatta Ela Road,12210.183659888477
1237974516,1477408997,B247,B247,Kurunegala - Narammala - Kuliyapitiya - Madampe,primary,False,60,,Kurunegala-Negombo Road,4304.054590651975
1237974516,1237974510,B247,B247,Kurunegala - Narammala - Kuliyapitiya - Madampe,primary,False,60,,Kurunegala-Negombo Road,2705.180050384154
1237974516,13442454956,B190,B190,Kalugamuwa - Wilakatupotha,secondary,False,50,2,"['Kalugamuwa-Wariyapola Road', 'Kalugamuwa-Wariyapola Rood', 'Kalugamuwa Wariyapola Road']",15119.881137472808
1239435107,4268469890,B79,B079,Chilaw - Wariyapola,primary,False,60,2,Chilaw - Wariyapola Road,4368.272876672755
1239435107,1239435069,B79,B079,Chilaw - Wariyapola,primary,True,40,1,Chilaw - Wariyapola Road,23.784357441385357
1239436268,13442454956,B258,B258,Mahakeliya - Katupotha,secondary,False,60,1,Mahakeliya-Katupotha Road,3883.5857637242543
1239442870,5944495992,B308,B308,Narammala - Dankotuwa,primary,False,60,2,Kurunegala-Negombo Road,1626.3533621452036
1239442870,3167653286,B308,B308,Narammala - Dankotuwa,primary,False,60,2,Kurunegala-Negombo Road,11726.078173937298
1239442870,1239558969,B8,B008,Alawwa - Dampelessa,primary,False,50,,Dampelessa - Alawwa Road,14665.085037496767
1239442924,2589251603,B247,B247,Kurunegala - Narammala - Kuliyapitiya - Madampe,primary,False,70,2,Kurunegala - Narammala - Madampe Road,4729.350053286906
1239442924,1977816707,B247,B247,Kurunegala - Narammala - Kuliyapitiya - Madampe,primary,False,70,2,Kurunegala - Narammala - Madampe Road,3358.2494848946685
1239442924,3066124415,B166,B166,Kadahapola - Rambawewa,secondary,False,50,,Kadahapola--Katupotha Road,9164.99579073247
1239558969,1239442870,B8,B008,Alawwa - Dampelessa,primary,False,50,,Dampelessa - Alawwa Road,14665.08503749677
1239558969,4600910031,B9,B009,Alawwa - Maharagama,primary,False,50,2,Giriulla - Alawwa Road,14214.539746948343
1239558969,6209749472,B9,B009,Alawwa - Maharagama,primary,False,50,,Giriulla - Alawwa Road,504.2111060729981
1239651798,1239690924,B326,B326,Nikaweratiya - Moragollagama - Siyambalangamuwa,secondary,False,60,2,Nikaweratiya - Maho - Madagalla Road,5936.721553893277
1239651798,3106294734,B326,B326,Nikaweratiya - Moragollagama - Siyambalangamuwa,secondary,False,60,2,Nikaweratiya - Maho - Madagalla Road,13198.873873879613
1239690924,5052793628,B326,B326,Nikaweratiya - Moragollagama - Siyambalangamuwa,secondary,False,60,2,Nikaweratiya - Maho - Madagalla Road,41.178507196560645
1239690924,1239651798,B326,B326,Nikaweratiya - Moragollagama - Siyambalangamuwa,secondary,False,60,2,Nikaweratiya - Maho - Madagalla Road,5936.721553893277
1239725256,3106294734,B89,B089,Danikittawa - Ambanpola,secondary,False,50,,Danikithawa Road,22375.630542051873
1240466580,1242786599,B375,B375,Power House Road - Thirugnanasampauthar,primary,False,50,2,Thirugnanasampanthar Road,505.0080039062408
1241520212,1896192506,B112,B112,Elahera - Giritale,secondary,False,50,2,Elahera-Giritale Road,31038.268826462365
1241600897,3107607858,B95,B095,Delgoda - Dompe - Giridara,primary,False,50,,Delgoda-Dompe-Giridara Road,11944.506103462249
1241600897,10093923283,B95,B095,Delgoda - Dompe - Giridara,primary,True,50,,Delgoda-Dompe-Giridara Road,38.863157130575
1242330004,1093751150,B128,B128,Galle - Baddegama,primary,False,60,2,Baddegama Road,9369.42058014417
1242330004,102750184,B128,B128,Galle - Baddegama,primary,False,60,2,Baddegama Road,2780.554255791071
1242344698,1242395226,B129,B129,Galle - Udugama,primary,False,50,2,Udugama Road,2001.8856595457526
1242344698,3658899780,B129,B129,Galle - Udugama,primary,False,50,,Udugama Road,909.4376188269626
1242395226,12553497562,B129,B129,Galle - Udugama,primary,False,50,2,Udugama Road,14.962248279149618
1242395226,1242344698,B129,B129,Galle - Udugama,primary,False,50,2,Udugama Road,2001.885659545753
1242562069,47822231,B41,B041,"Bandaranaika Mawatha, Galle",primary,False,40,2,Bandaranaike Place (Talapitiya Road),241.6070128812607
1242562069,1242562100,B41,B041,"Bandaranaika Mawatha, Galle",primary,False,40,2,Bandaranaike Place,422.2673813350145
1242562100,1242562192,B233,B233,Kong Tree Road,primary,False,50,2,Kong Tree Road,544.9907895964773
1242562100,3619556378,B41,B041,"Bandaranaika Mawatha, Galle",primary,False,40,2,Bandaranaike Place,397.06042349233655
1242562100,1242562069,B41,B041,"Bandaranaika Mawatha, Galle",primary,False,40,2,Bandaranaike Place,422.26738133501453
1242562192,50392728,B128,B128,Galle - Baddegama,primary,False,60,2,Olcott Mawatha,304.46188241468514
1242562192,47817820,B128,B128,Galle - Baddegama,primary,False,60,2,Olcott Mawatha,548.2956738542879
1242562192,1242562100,B233,B233,Kong Tree Road,primary,False,50,2,Kong Tree Road,544.9907895964775
1242694030,1235804433,B196,B196,Kantale Perathuveli Road,primary,False,50,2,Kantale-Potankadu Road (Seruwawila Road),30.08106270852636
1242694030,9394245015,B10,B010,Allai - Kantale,primary,False,60,2,Kantale-Allai Road,39096.0147548224
1242694030,1235804471,B10,B010,Allai - Kantale,primary,False,60,2,Kantale-Allai Road,30.114116580656187
1242695993,1242715443,B619,B619,Sardhapura - Kanniya,primary,False,60,2,Sardhapura-Kanniya Road,5174.669145428657
1242700513,1242700557,B620,B620,Kanniya - Illuppaikulam,primary,False,60,2,Kanniya-Iluppaikulam Road,4057.7733508035626
1242700557,3221586259,B424,B424,Trincomalee - Pulmoddai,primary,False,60,2,Trincomalee-Nilaveli Road,5487.8800791799
1242700557,1242700513,B620,B620,Kanniya - Illuppaikulam,primary,False,60,2,Kanniya-Iluppaikulam Road,4057.7733508035644
1242700557,6685553328,B424,B424,Trincomalee - Pulmoddai,primary,False,60,2,Trincomalee-Nilaveli Road,4550.65654411526
1242703950,4001647875,B447,B447,Vilgam Vihara Road,primary,False,60,2,Welgam Vihara Road,3901.2820605216175
1242715443,1242695993,B619,B619,Sardhapura - Kanniya,primary,False,60,2,Sardhapura-Kanniya Road,5174.669145428655
1242786013,1242786017,B541,B541,Thampalakamam - Kinniya,primary,False,60,2,Thambalagamuwa-Kinniya Road,7804.394610705015
1242786017,2094947243,B618,B618,Mollipothana - Soorangal,primary,False,60,2,Mullipotana-Soorangal Road,13981.964767157648
1242786017,7702374764,B541,B541,Thampalakamam - Kinniya,primary,False,60,2,Thambalagamuwa-Kinniya Road,5815.145358867494
1242786017,1242786013,B541,B541,Thampalakamam - Kinniya,primary,False,60,2,Thambalagamuwa-Kinniya Road,7804.3946107050115
1242786587,904233235,B424,B424,Trincomalee - Pulmoddai,primary,False,60,2,Post Office Road,441.21879954739734
1242786587,1242786599,B375,B375,Power House Road - Thirugnanasampauthar,primary,False,50,2,"['Power House Road', 'Thirugnanasampanthar Road']",1161.956748654338
1242786587,3804306277,B424,B424,Trincomalee - Pulmoddai,primary,False,60,2,Post Office Road,238.5133362270791
1242786599,1240466580,B375,B375,Power House Road - Thirugnanasampauthar,primary,False,50,2,Thirugnanasampanthar Road,505.008003906241
1242786599,1242786587,B375,B375,Power House Road - Thirugnanasampauthar,primary,False,50,2,"['Power House Road', 'Thirugnanasampanthar Road']",1161.9567486543378
1242791210,904233235,B424,B424,Trincomalee - Pulmoddai,primary,False,60,2,Dockyard Road,668.2769933525443
1242791210,1242791243,B424,B424,Trincomalee - Pulmoddai,primary,False,60,2,Dockyard Road,92.75264476567568
1242791243,1242791210,B424,B424,Trincomalee - Pulmoddai,primary,False,60,2,Dockyard Road,92.75264476567568
1242795111,1242795139,B340,B340,ORR's Hill Road,primary,False,60,2,Orr’s Hill Road,3441.0979761932285
1242795139,1242795111,B340,B340,ORR's Hill Road,primary,False,60,2,Orr’s Hill Road,3441.0979761932285
1244985944,773016545,B341,B341,Outer Circular Road (Nochchiyagama),secondary,False,40,,Outer Circular Road (Watawandana Road),575.3228144561663
1244985944,567004605,B341,B341,Outer Circular Road (Nochchiyagama),secondary,False,30,,Outer Circular Road (Watawandana Road),1905.7779116101065
1245021311,5126464959,B276,B276,Mathagal - Pandatherippu - Sambiliturai,secondary,False,50,,Mathagal Road,3268.9281598917883
1245021317,7557813397,B277,B277,Maviddapuram - Keeramalai,secondary,False,40,,Maviddapuram - Keeramalai,175.23796909293932
1245021322,7557813397,B277,B277,Maviddapuram - Keeramalai,secondary,False,40,,Maviddapuram - Keeramalai,2622.4710574801406
1245032999,3199620297,B437,B437,Vallai - Telippalai - Araly,secondary,False,40,,Vallai Tellippalai Araly Road,2284.8913411252174
1245032999,1245033016,B437,B437,Vallai - Telippalai - Araly,secondary,False,40,,Vallai Tellippalai Araly Road,5230.591359851872
1245033009,854070627,B276,B276,Mathagal - Pandatherippu - Sambiliturai,secondary,False,50,,Mathagal Pandatharippu Sandilippai Road,1881.6337621004398
1245033009,1245033122,B398,B398,Sandilipay - Senthankulam,secondary,False,50,,Sandilippai Senthankulam Road,2253.7864564124534
1245033016,1245032999,B437,B437,Vallai - Telippalai - Araly,secondary,False,40,,Vallai Tellippalai Araly Road,5230.591359851875
1245033016,1245033122,B398,B398,Sandilipay - Senthankulam,secondary,False,50,,Sandilippai Senthankulam Road,87.03830796568302
1245033016,1245033118,B398,B398,Sandilipay - Senthankulam,secondary,False,50,,Sandilippai Senthankulam Road,3482.7772368975807
1245033029,1245033052,B33,B033,Avarangal - Thondamanaru,secondary,False,50,,Avarankal Tondaimanar Road B33,1735.2510137294798
1245033029,1245033035,B437,B437,Vallai - Telippalai - Araly,secondary,False,40,,Vallai Tellippalai Araly Road,192.85894270486182
1245033029,1245033104,B437,B437,Vallai - Telippalai - Araly,secondary,False,40,,Vallai Tellippalai Araly Road,4200.219367957955
1245033035,1245034081,B33,B033,Avarangal - Thondamanaru,secondary,False,40,,Avarankal Tondaimanar Road B33,1983.8070077216362
1245033035,847436961,B437,B437,Vallai - Telippalai - Araly,secondary,False,40,,Vallai Tellippalai Araly Road,1554.592354796263
1245033035,1245033029,B437,B437,Vallai - Telippalai - Araly,secondary,False,40,,Vallai Tellippalai Araly Road,192.85894270486182
1245033052,1245033029,B33,B033,Avarangal - Thondamanaru,secondary,False,50,,Avarankal Tondaimanar Road B33,1735.2510137294794
1245033104,1245033029,B437,B437,Vallai - Telippalai - Araly,secondary,False,40,,Vallai Tellippalai Araly Road,4200.219367957956
1245033118,1245033016,B398,B398,Sandilipay - Senthankulam,secondary,False,50,,Sandilippai Senthankulam Road,3482.777236897582
1245033122,854070627,B437,B437,Vallai - Telippalai - Araly,secondary,False,50,,Vallai Tellippalai Araly Road,1957.498301731493
1245033122,1245033009,B398,B398,Sandilipay - Senthankulam,secondary,False,50,,Sandilippai Senthankulam Road,2253.7864564124534
1245033122,1245033016,B398,B398,Sandilipay - Senthankulam,secondary,False,50,,Sandilippai Senthankulam Road,87.03830796568302
1245034081,1245033035,B33,B033,Avarangal - Thondamanaru,secondary,False,40,,Avarankal Tondaimanar Road B33,1983.8070077216364
1245034081,1148495922,B33,B033,Avarangal - Thondamanaru,secondary,False,40,,Avarankal Tondaimanar Road B33,1972.6175668750861
1245034081,1245034098,B420,B420,Thumpalai - Valalai,secondary,False,40,,Thampaalai Valalai,4440.670475048135
1245034098,1245034081,B420,B420,Thumpalai - Valalai,secondary,False,40,,Thampaalai Valalai,4440.670475048138
1245037494,3804229985,B418,B418,Thondamanaru - Udupiddy,primary,False,50,,Thondamanaru - Udupiddy,2695.9542647754784
1245037494,848594067,B438,B438,Vallai-udupiddy - Velvettiturai,primary,False,50,,Vallai-Udupiddy - Velvettiturai,928.0889672578189
1245037494,848594025,B438,B438,Vallai-udupiddy - Velvettiturai,secondary,False,50,,Vallai-Udupiddy - Velvettiturai,1684.0471295459902
1245043260,4136868890,B74,B074,Chavakachcheri - Kachchai,secondary,False,50,,Chavakachcheri - Kachchai,6.306895774345238
1245043260,847869821,B74,B074,Chavakachcheri - Kachchai,secondary,False,50,,Chavakachcheri - Kachchai,26.702929738616707
1245043260,1245043305,B76,B076,Chavakachcheri - Thannankilappu,secondary,False,50,,Chavakachcheri - Tanankilappu,3396.1678588923473
1245043305,1245043260,B76,B076,Chavakachcheri - Thannankilappu,secondary,False,50,,Chavakachcheri - Tanankilappu,3396.167858892348
1245763163,6896310128,B171,B171,Kadduwan - Myliddy,secondary,False,40,2,Kadduvan Myliddi Road,1588.5219799789925
1247060927,1247065794,B478,B478,Wilakatupotha - Ganewattha - Kumbukgete,secondary,False,50,2,Wariyapola - Ganewatta Road,6771.248823462599
1247065794,3066364582,B611,B611,Thitthawella - Gonagama,secondary,False,50,,Tittawella - Gonagama Road,15218.331448168408
1247065794,1247060927,B478,B478,Wilakatupotha - Ganewattha - Kumbukgete,secondary,False,50,2,Wariyapola - Ganewatta Road,6771.248823462601
1247065794,5225962164,B478,B478,Wilakatupotha - Ganewattha - Kumbukgete,secondary,False,50,2,"['Wariyapola-Ganewatta Road', 'Wariyapola - Ganewatta Road', 'Wariyapola-Ganewatta-kumbukgete Road']",7881.898540624174
1249855906,599347546,B545,B545,"Approach Road to National Food Stores, Rathmalana(Kaldemulla Rd)",primary,False,50,,Kaldemulla Road,10.238614393786804
1249855906,13236794170,B388,B388,Ratmalana - Borupona,primary,False,40,,"['Gangarama Road', 'Borupana Road']",4196.93675651847
1261568353,1848020009,B503,B503,Makandura - Badalgama,primary,False,50,,Makandura-Badalgama Road,4393.703872519616
1261568353,617810744,B322,B322,Negombo - Giriulla,primary,False,50,2,Negombo-Giriulla Road,8049.495904661398
1261568353,403881317,B322,B322,Negombo - Giriulla,primary,False,50,2,Negombo-Giriulla Road,6558.322966877621
1261568353,1261568415,B271,B271,Maradagahamulla - Badalgama,primary,False,50,,Maradagahamula-Badalgama Road,7453.2763704656545
1261568415,1261568353,B271,B271,Maradagahamulla - Badalgama,primary,False,50,,Maradagahamula-Badalgama Road,7453.2763704656545
1261568415,2703675509,B324,B324,Negombo - Mirigama,primary,False,50,,Negombo-Mirigama Road,3410.5167746002567
1261568415,639247310,B324,B324,Negombo - Mirigama,primary,False,50,,Negombo-Mirigama Road,1909.2877905330226
1261568522,3205666202,B308,B308,Narammala - Dankotuwa,primary,False,60,,Negombo-Kurunegala Road,87.07100428091928
1261568522,1848020009,B503,B503,Makandura - Badalgama,primary,False,50,,Makandura-Badalgama Road,216.96986096739968
1261568522,617799602,B308,B308,Narammala - Dankotuwa,primary,False,60,,Negombo-Kurunegala Road,5563.741477071681
1268329299,4192345790,B598,B598,Seeduwa Katunayake,primary,False,50,,Baseline Road,41.77677003519479
1268329299,4192345640,B400,B400,Seeduwa - Udugampola,primary,False,50,,Seeduwa-Kotugoda Road,20.823616069773585
1268329299,4192345643,B400,B400,Seeduwa - Udugampola,primary,False,50,,Seeduwa-Kotugoda Road,20.139961315906387
1268334809,638929070,B111,B111,Ekala - Kotadeniyawa,primary,False,,,Ekala-Kotadeniyawa Road,2960.96564163548
1268334809,2375441004,B111,B111,Ekala - Kotadeniyawa,primary,False,,,Ekala-Kotadeniyawa Road,2250.1248533568523
1268334824,638925131,B289,B289,Minuwangoda - Miriswatte - Katana,primary,False,,,Minuwangoda-Miriswatta-Katana Road,6147.571655401117
1268334824,639128147,B289,B289,Minuwangoda - Miriswatte - Katana,primary,False,,,Minuwangoda-Miriswatta-Katana Road,649.4763543676376
1268334826,12322046179,B208,B208,Katunayake - Veyangoda,primary,False,,,Katunayake-Veyangoda Road,3037.13658480863
1268334826,638925131,B208,B208,Katunayake - Veyangoda,primary,False,,,Katunayake-Veyangoda Road,4549.877458777403
1268335758,639142096,B321,B321,Negombo - Aluthepola,primary,False,50,2,Kimbulapitiya Road,3355.9739565122973
1269994619,2155584793,B245,B245,Kurana Road,primary,False,40,,"['Sri Wickrama Rajasinghe Road', ""St. Anne's Road""]",1582.3889265950893
1278003887,652384089,B295,B295,Moratuwa - Piliyandala,trunk,True,50,,De Soysa Road,19.53878378145291
1278086414,2506020933,B633,B633,Access Road to Ja-Ela Interchange,primary,True,70,2,Delathura - Ja Ela Road,2546.9320363282836
1285521703,637834306,B554,B554,Ragama Karagahamuna (Ragama to Thewattha section),primary,True,40,,Tewatta Road,63.74399492154992
1285521703,1285521727,B168,B168,Kadawata - Ragama - Welisara,primary,True,40,,Kadawatha Road,20.756067491770338
1285521727,2026484605,B168,B168,Kadawata - Ragama - Welisara,primary,True,40,,Kadawatha Road,151.78575853774893
1285521732,2026484605,B168,B168,Kadawata - Ragama - Welisara,primary,False,60,2,Ragama Flyover,354.26818201333504
1285521732,1370716561,B168,B168,Kadawata - Ragama - Welisara,primary,False,70,4,Welisara-Ragama Road,524.9230751412254
1285521732,1285521703,B168,B168,Kadawata - Ragama - Welisara,primary,True,40,,Station Road,189.125039474724
1285521745,1285521732,B168,B168,Kadawata - Ragama - Welisara,primary,True,40,,Main Street,187.29162283494
1290251657,1315967063,B205,B205,Katugastota - Madawala - Bambarella,primary,False,50,2,Katugastota-Madawala-Bambarella Road,12292.004936637893
1290251657,3619718204,B205,B205,Katugastota - Madawala - Bambarella,primary,False,50,2,Katugastota-Madawala-Bambarella Road,11312.526429492133
1290251657,12794013248,B257,B257,Madulkelle - Kabaragala - Kandenuwara,primary,False,50,2,Madulkelle-Kabaragala-Kandenuwara Road,20435.100582686373
1292992471,2407608224,B20,B020,Ananda Avenue,primary,False,40,,Ananda Mawatha,504.5249331595514
1292992471,3592104626,B288,B288,Minuwangoda - Gampaha - Miriswatte,primary,False,,,Gampaha-Mriswatta Road,664.6976487979946
1292992471,4790019635,B288,B288,Minuwangoda - Gampaha - Miriswatte,primary,False,,,Gampaha-Mriswatta Road,2000.9998066522085
1314754534,1157613973,B180,B180,Kalalpitiya - Ukuwala - Elkaduwa,primary,False,70,2,"['Ukuwela Road', 'Elkaduwa Road']",11185.979706979648
1314754534,1314754545,B462,B462,Wattegama - Matale,primary,False,50,2,Wattegama Road,64.48522737392827
1314754534,3416397811,B462,B462,Wattegama - Matale,primary,False,50,2,"['Wattegama Road', 'Ukuwela Road']",10341.462534823577
1314754545,1314754534,B462,B462,Wattegama - Matale,primary,False,50,2,Wattegama Road,64.48522737392827
1314754545,3645486728,B462,B462,Wattegama - Matale,primary,False,50,2,Wattegama Road,2167.7425395965097
1314754545,3813344287,B180,B180,Kalalpitiya - Ukuwala - Elkaduwa,primary,False,70,2,Kalalpitiya Road,2122.0297187775827
1315967063,1290251657,B205,B205,Katugastota - Madawala - Bambarella,primary,False,50,2,Katugastota-Madawala-Bambarella Road,12292.004936637897
1340667695,3751644917,B387,B387,Ranna - Udayala - Weeraketiya,primary,False,70,4,Ranna-Udayala-Weeraketiya Road,9805.91688027008
1348104699,129615924,B134,B134,Gangodawila - Boralesgamuwa,primary,False,50,2,Old Kesbawa Road,448.18006053946823
1348104699,275520231,B134,B134,Gangodawila - Boralesgamuwa,primary,False,50,2,Old Kesbawa Road,436.5408312659376
1364675869,3619556378,B41,B041,"Bandaranaika Mawatha, Galle",primary,False,40,2,Bandaranaike Place,44.3437921739786
1364675869,50392728,B109,B109,"Edmand Mawatha, Galle",primary,False,50,2,H. K. Edmond Mawatha,209.39839057567465
1364675869,5294022980,B109,B109,"Edmand Mawatha, Galle",primary,False,50,2,H. K. Edmond Mawatha,39.93998105378529
1365357696,313236388,B241,B241,Kudapaduwa - Kammalturai,primary,False,40,2,Poruthota Road,2912.3458484598737
1370716561,2155579905,B168,B168,Kadawata - Ragama - Welisara,primary,False,70,4,Welisara-Ragama Road,2144.1190649683876
1370716561,1285521732,B168,B168,Kadawata - Ragama - Welisara,primary,False,70,4,Welisara-Ragama Road,524.9230751412254
1370716561,2155580113,B382,B382,Ragama - Kandana,primary,False,40,,"['Kandana-Walpola-Tewatta Road', 'Peralanda Road']",3522.6922887044343
1397090861,1181395662,B466,B466,Weligama - Telijjawila,primary,False,50,2,Station Road,8.783661356729999
1397090861,1397090864,B466,B466,Weligama - Telijjawila,primary,False,50,2,Station Road,231.0837081231632
1397090861,3935855298,B646,B646,Mudungoda Gampaha (Orutota Road),primary,False,50,2,Hetti Veediya,1039.8323727540285
1397090864,1397090861,B466,B466,Weligama - Telijjawila,primary,False,50,2,Station Road,231.08370812316323
1401456469,615737957,B234,B234,Korakahawewa - Sri Maha Bodhi,primary,False,50,,Old Puttalam Road,2853.320049985455
1410578037,13591204530,B341,B341,Outer Circular Road (Nochchiyagama),secondary,True,50,,Outer Circular Road (Watawandana Road),26.945782869829983
1410578037,615737957,B341,B341,Outer Circular Road (Nochchiyagama),secondary,False,50,,Outer Circular Road (Watawandana Road),2342.7700428232047
1410578077,2835617088,B341,B341,Outer Circular Road (Nochchiyagama),secondary,True,40,,Outer Circular Road (Watawandana Road),32.84196737605193
1410578077,1410579071,B341,B341,Outer Circular Road (Nochchiyagama),secondary,False,40,,Outer Circular Road (Watawandana Road),2052.2037664922905
1410579071,1028522856,B341,B341,Outer Circular Road (Nochchiyagama),secondary,False,40,,Outer Circular Road (Watawandana Road),244.48920368675138
1410579071,1410578077,B341,B341,Outer Circular Road (Nochchiyagama),secondary,False,40,,Outer Circular Road (Watawandana Road),2052.203766492291
1410580274,3305877503,B509,B509,Kuttampokuna - Galpalama,secondary,False,40,,Kuttampokuna - Galpalama Road,2894.189062858161
1418747698,651746985,B235,B235,Koralawella - Egoda-Uyana,primary,True,50,,Modara Road,14.176961887632611
1418747700,1418747701,B235,B235,Koralawella - Egoda-Uyana,primary,True,50,,Egoda Uyana Road,32.33456822288886
1418747701,1418747699,B235,B235,Koralawella - Egoda-Uyana,primary,True,50,,Egoda Uyana Road,31.7737154406921
1418747701,651747031,B235,B235,Koralawella - Egoda-Uyana,primary,False,50,,Egoda Uyana Road,5172.7358032730335
1420351659,1420351752,B585,B585,Kaluwamodara Kandevihara,primary,False,40,2,Kande Vihara Road,1075.5288458325706
1420351752,1420351659,B585,B585,Kaluwamodara Kandevihara,primary,False,40,2,Kande Vihara Road,1075.5288458325704
1427371818,1886606136,B90,B090,Danowita - Mirigama,primary,False,50,2,Danowita-Mirigama Road,7897.296819558133
1427371978,1980566521,B457,B457,Warakapola - Ruwanwella,primary,False,50,2,Warakapola-Anguruwella Road,11993.30964116911
1428650220,1985676777,B548,B548,Ranna Angunakolapelessa Vatiya,primary,False,60,2,Ranna-Angunakolapelessa Road,7368.482696591574
1428650226,1985676777,B548,B548,Ranna Angunakolapelessa Vatiya,primary,True,60,1,Ranna-Angunakolapelessa Road,492.5195499994224
1428650261,1891699904,B548,B548,Ranna Angunakolapelessa Vatiya,primary,True,60,1,Angunakolapelessa Road,52.79667576909784
1428665347,6249854579,B548,B548,Ranna Angunakolapelessa Vatiya,primary,False,50,2,Angunakolapelessa-Embilipitiya Road,7891.052955092026
1428668275,3364860601,B275,B275,Matara - Hakmana,primary,True,40,2,Matara-Hakmana Road,338.6354900876276
1428670920,1734550178,B535,B535,Nilwala By pass,trunk,True,60,2,Anagarika Dharmapala Mawatha,72.93737469239105
1429213459,403875119,B62,B062,Borella - Rajagiriya (CMC Limits to Filling Station - Rajagiriya),primary,True,40,,Old Kotte Road,25.132956753415
1430577735,13149927792,B239,B239,Kottawa - Talagala,primary,True,50,,Kottawa Thalagala Road,33.260242101324096
1431446617,638927834,B111,B111,Ekala - Kotadeniyawa,primary,False,,,Ekala-Kotadeniyawa Road,30.529872288751076
1431446619,638927834,B111,B111,Ekala - Kotadeniyawa,primary,False,,,Ekala-Kotadeniyawa Road,29.78623302642569
1431446624,638927829,B111,B111,Ekala - Kotadeniyawa,primary,False,,,Ekala-Kotadeniyawa Road,26.934882218640222
1431446632,638927829,B111,B111,Ekala - Kotadeniyawa,primary,False,,,Ekala-Kotadeniyawa Road,29.797185416637348
1432825404,2407176254,B528,B528,Bodagma - Hambegamuwa - Kaltota,primary,False,"['60', '50']",2,"['Balangoda-Bowatte-Kaltota Road', 'Bodagma-Hambegamuwa-Kaltota Road']",39980.514296912654
1432825404,3147073493,B528,B528,Bodagma - Hambegamuwa - Kaltota,primary,False,60,2,Bodagma-Hambegamuwa-Kaltota Road,19569.818456407098
1438094658,1840750860,B460,B460,Wattala - Mahara,primary,False,70,2,Wattala-Mahara Road,5319.146221461665
1438094658,324994643,B220,B220,Kiribathgoda - Hunupitiya,primary,False,70,,Kiribathgoda-Hunupitiya Road,2644.7245743876924
1438094658,3577854817,B151,B151,Hendala - Hunupitiya,primary,False,70,,Kiribathgoda-Hunupitiya Road,1484.8152890343395
1446610177,1223888358,B458,B458,Waskaduwa - Bandaragama,primary,False,70,2,Waskaduwa-Bandaragama Road,6201.375744067723
1446610177,3498479727,B216,B216,Kesbewa - Kindelpitiya - Bandaragama,primary,False,72,2,Kesbewa - Kindelpitiya - Bandaragama Road,12028.442300613482
1447394805,1862498825,B146,B146,Hanwella - Pugoda - Weke - Urapola,secondary,False,50,,Hanwella - Pugoda - Kirindiwela - Urapola Road,22.154878260582638
1447394805,1862498820,B146,B146,Hanwella - Pugoda - Weke - Urapola,primary,False,50,,Hanwella - Pugoda - Kirindiwela - Urapola Road,20.83264558553895
1447394805,10093923287,B146,B146,Hanwella - Pugoda - Weke - Urapola,primary,False,50,,Hanwella - Pugoda - Kirindiwela - Urapola Road,4837.79665299079
1457319623,5774134687,B296,B296,Puliyankulam-Mullaittivu,secondary,False,50,,"['Puliyankulam-Mullaittivu', 'Puliyankulam Road', 'Mullaitivu-Puliyankulam Road']",42646.57150841588
1466614238,3658467160,B473,B473,Wennappuwa - Kirimetiyana,secondary,False,50,,Lunuwila Road,5236.989871267008
1466614238,3660680255,B419,B419,Thoppu - Madampe,secondary,False,50,,Thoppuwa-Nattandiya-Madampe Road,5099.157806147923
1466614238,1480051538,B419,B419,Thoppu - Madampe,secondary,False,50,,Thoppuwa-Nattandiya-Madampe Road,7748.691948395668
1474795689,639268374,B419,B419,Thoppu - Madampe,primary,False,60,,Thoppuwa-Nattandiya-Madampe Road,329.7447785514555
1474795689,3432403052,B419,B419,Thoppu - Madampe,primary,True,60,2,Thoppuwa-Nattandiya-Madampe Road,51.03737627549971
1474800248,639268374,B419,B419,Thoppu - Madampe,primary,False,60,,Thoppuwa-Nattandiya-Madampe Road,3033.8183259015404
1474800248,6695505186,B419,B419,Thoppu - Madampe,primary,True,60,2,Thoppuwa-Nattandiya-Madampe Road,29.748070665475296
1475786189,3431908601,B634,B634,Access Road to Peliyagoda Interchange,trunk,True,70,2,Peliyagoda Interchange Access Road,9.52460766758669
1477408997,6548047374,B247,B247,Kurunegala - Narammala - Kuliyapitiya - Madampe,primary,False,60,,Kurunegala-Negombo Road,6326.159981375578
1477408997,1237974516,B247,B247,Kurunegala - Narammala - Kuliyapitiya - Madampe,primary,False,60,,Kurunegala-Negombo Road,4304.054590651976
1480051538,1466614238,B419,B419,Thoppu - Madampe,secondary,False,50,,Thoppuwa-Nattandiya-Madampe Road,7748.69194839567
1480051538,2842889275,B419,B419,Thoppu - Madampe,secondary,False,"['70', '50']",,Thoppuwa-Nattandiya-Madampe Road,8642.148668585256
1480051538,1848166895,B272,B272,Marawila - Udubaddawa,secondary,False,50,,Marawila-Udubeddawa Road,7613.191663330369
1480051538,3658572653,B272,B272,Marawila - Udubaddawa,secondary,False,50,,"['Marawila-Udubeddawa Road', 'Marawila-Nattandiya Road']",3992.5795905580344
1489265551,253718871,B157,B157,Horana - Anguruwatota - Aluthgama,primary,False,50,2,Horana-Anguruwatota Road,404.72447233928904
1500297617,1231840453,B466,B466,Weligama - Telijjawila,primary,False,50,2,Akuressa Road,8194.321272328867
1500297617,266478204,B466,B466,Weligama - Telijjawila,primary,False,50,2,Akuressa Road,1312.9064198354636
1500297617,1181395615,B637,B637,Pelena-Polwatta-Denipitiya,primary,False,60,2,Pelena-Polwatta-Denipitiya Road,2091.742786734963
1529199964,2165097325,B415,B415,Thihagoda - Kamburupitiya - Mawarala - Kotapola,primary,False,60,2,Matara-Kamburupitiya Road,3441.286089589695
1529199964,3557360283,B275,B275,Matara - Hakmana,primary,False,60,,Matara-Hakmana Road,3147.1833554554073
1529199964,1529240569,B275,B275,Matara - Hakmana,primary,False,60,,Matara-Hakmana Road,3818.943093860551
1529240569,1529199964,B275,B275,Matara - Hakmana,primary,False,60,,Matara-Hakmana Road,3818.9430938605515
1529240569,12856077341,B275,B275,Matara - Hakmana,primary,False,"['40', '60']",,Matara-Hakmana Road,2450.8459017829505
1530689260,77373725,B101,B101,Dikwella - Beliatta,primary,False,72,4,Dikwella-Beliatte Road,3931.5452970935517
1530689260,4408220362,B101,B101,Dikwella - Beliatta,primary,False,72,4,Dikwella-Beliatte Road,989.2502707076327
1530689260,2157080287,B595,B595,Hunnadeniya Rathmale Radampola Walasgala,primary,False,60,2,Walasgala Road,2673.175921810038
1533913594,60797432,B94,B094,Dehiwela - Maharagama,primary,False,50,,Hill Street (Dehiwela-Maharagama Road),33.312683310251025
1533913594,150994801,B94,B094,Dehiwela - Maharagama,primary,False,50,,Hill Street (Dehiwela-Maharagama Road),634.9524372864986
1535398426,3167996132,B82,B082,"Circular Road, Kurunegala",primary,False,50,2,Yanthampalawa Road,2065.559610903346
1535505645,1232107044,B259,B259,Main Access to Gam Udawa 87,primary,False,72,2,Raja Mawatha (Gam Udawa Road),701.7340247557297
1535505645,3264925450,B259,B259,Main Access to Gam Udawa 87,primary,False,72,2,Raja Mawatha (Gam Udawa Road),4883.80464284062
1541715354,1676682519,B543,B543,Liyods Avenu,"['primary', 'secondary']",False,50,2,"['Kannaki Amman Kovil Road', 'Lloyd’s Avenue']",497.38161160883374
1545169133,1877272333,B572,B572,Addalachenai Alankulam,primary,False,60,2,Addalaichenai-Alankulam Road,9741.88057929048
1617989288,1138480058,B40,B040,Balapitiya - Watugedera,primary,False,50,2,"['Station Road', 'Balapitiya-Watugedara Road']",3438.178304745083
1637717826,1721462757,B558,B558,Kosgoda Uragaha Road,primary,False,70,2,Kosgoda-Uragaha Road,5075.453019713317
1637776242,1637776271,B176,B176,Kahawa - Batapola,primary,False,50,2,Kahawa-Batapola Road,542.4129534087673
1637776242,248048875,B176,B176,Kahawa - Batapola,primary,False,50,2,"['Batapola Road', 'Kahawa-Batapola Road']",7834.141760237008
1637776271,3655959347,B143,B143,Halpatota - Kurundugahahetekma,primary,False,"['70', '50']",4,Halpatota-Kurundugahahetekma Road,4831.7295744521325
1637776271,3257742983,B143,B143,Halpatota - Kurundugahahetekma,primary,False,70,4,Halpatota-Kurundugahahetekma Road,8511.290296971982
1637776271,1637776242,B176,B176,Kahawa - Batapola,primary,False,50,2,Kahawa-Batapola Road,542.4129534087674
1638891066,1140307739,B143,B143,Halpatota - Kurundugahahetekma,primary,False,50,,Halpatota-Kurundugahahetekma Road,278.08261988905065
1638891066,7183441660,B14,B014,Ambalangoda - Elpitiya - Pitigala,primary,True,70,2,Ambalangoda-Elpitiya-Pitigala Road,52.245075803877995
1638915009,3594038163,B562,B562,Mirijjawila Sooriyawewa,primary,True,60,2,Mirijjawila-Sooriyawewa Road,191.45776904964112
1638926258,1740265426,B464,B464,Weerawila - Tissa - Kataragama,primary,False,70,2,Tissa-Kataragama Road,720.3721277294534
1639029741,10132102319,B422,B422,Tissa - Kirinde,primary,False,70,2,Tissa-Kirinde Road,614.3920744506892
1639029741,610968720,B422,B422,Tissa - Kirinde,primary,False,70,2,Tissa-Kirinde Road,3104.20453117789
1639029741,1639029976,B500,B500,Tissa - Akurugoda,primary,False,70,2,Tissa-Akurugoda Road,1200.4914008149974
1639029976,3276158654,B464,B464,Weerawila - Tissa - Kataragama,primary,False,70,2,Pannegamuwa-Tissa Road,1506.9751352651263
1639029976,13723181257,B464,B464,Weerawila - Tissa - Kataragama,primary,False,70,2,Tissa-Kataragama Road,11764.653344676539
1639029976,1639029741,B500,B500,Tissa - Akurugoda,primary,False,70,2,Tissa-Akurugoda Road,1200.4914008149976
1639380623,2605760184,B275,B275,Matara - Hakmana,primary,False,60,,Matara-Hakmana Road,2116.9552341638114
1639380623,3557360283,B275,B275,Matara - Hakmana,primary,False,60,,Matara-Hakmana Road,1566.7961612791946
1639380623,2081198517,B284,B284,Meddewatte - Kekanadure - Yatiyana,primary,False,60,2,Meddewatte-Kekanadure-Yatiyana Road,3540.1909471532886
1642975181,4137314879,B357,B357,Paranthan - Poonakary,secondary,False,70,2,Paranthan - Poonakary,25773.032375523628
1645495724,3345099189,B168,B168,Kadawata - Ragama - Welisara,primary,False,60,2,Ragama-Kadawatha Road,4.033493697184259
1645495724,324982229,B168,B168,Kadawata - Ragama - Welisara,primary,False,60,2,Ragama-Kadawatha Road,180.9301246576954
1650097484,33389341,B524,B524,Beach Road Matara( Matara By Pass),primary,False,60,2,Beach Road,2209.9684485840194
1650097484,3366106297,B524,B524,Beach Road Matara( Matara By Pass),primary,False,60,2,Beach Road,37.24321082018754
1650097484,3366095884,B524,B524,Beach Road Matara( Matara By Pass),primary,False,60,2,Beach Road,39.35056223831742
1660133452,3658899782,B594,B594,Galle Port Access,primary,False,70,2,Galle Port Access Road,1409.2451702097608
1660133452,6492863084,B594,B594,Galle Port Access,primary,True,70,2,Galle Port Access Road,73.53786065331282
1660138837,3658899782,B594,B594,Galle Port Access,primary,False,70,2,Galle Port Access Road,1690.5663950141204
1660138837,3269957962,B594,B594,Galle Port Access,primary,True,70,,Galle Port Access Road,91.15408427071074
1660321886,7062380592,B84,B084,Colombo - Horana,primary,True,70,2,Colombo - Horana Road,185.88021450140783
1661735220,2974015161,B533,B533,Pelawatta Access Road,primary,False,40,4,Parliament Road,674.2803532607406
1661735220,6513995671,B533,B533,Pelawatta Access Road,primary,True,40,2,Parliament Road,49.92397101851709
1662220531,3167605964,B237,B237,Kotadeniyawa - Mirigama,primary,False,60,,Kotadeniyawa-Mirigama Road,8157.678118133562
1662220531,617823362,B324,B324,Negombo - Mirigama,primary,False,50,,Negombo-Mirigama Road,902.3516877842098
1662220531,3645537814,B324,B324,Negombo - Mirigama,primary,False,50,,Negombo-Mirigama Road,8039.233268040345
1668906517,3848606598,B368,B368,Pitakotte - Talawatugoda,primary,False,50,"['2', '4']",Talawatugoda Road,738.6942592839894
1668906517,10259347353,B368,B368,Pitakotte - Talawatugoda,primary,True,50,2,Talawatugoda Road,139.865473092378
1668906598,1039412973,B240,B240,Batttaramulla - Malabe - Godagama - Padukka - Bope,primary,True,60,2,Main Street (New Kandy Road),71.94937774270923
1674287226,250132276,B49,B049,"Bazaar Street, Ambalangoda",primary,True,40,2,Main Street,1044.6769793844728
1675667180,13902371877,B433,B433,Urani Road,primary,False,50,2,Urani Road,2547.1935924096556
1676588936,1899261813,B542,B542,Lady Manning Drive,primary,False,50,2,Lady Manning’s Drive,685.8141015341095
1676588936,9427844828,B542,B542,Lady Manning Drive,primary,False,50,2,Lady Manning’s Drive,449.517368686558
1676682519,1541715354,B543,B543,Liyods Avenu,"['secondary', 'primary']",False,50,2,"['Kannaki Amman Kovil Road', 'Lloyd’s Avenue']",497.38161160883374
1676753019,8864816866,B46,B046,Bar Road - Batticaloa,primary,True,50,1,Bar Road,14.514444189219487
1683151528,1676479569,B84,B084,Colombo - Horana,primary,True,60,2,Havelock Road,493.5559018512221
1683204299,4087054249,B246,B246,Kurana - Taladuwa,primary,True,40,,Arch Bishop Nicholas Marcus Fernando Mawatha,27.545551517512678
1683204299,312920246,B246,B246,Kurana - Taladuwa,primary,False,40,,Arch Bishop Nicholas Marcus Fernando Mawatha,1833.3757278754229
1684344771,1684345227,B17,B017,Ampara Town Roads,primary,False,40,,Pandukabaya Mawatha,669.4164234190577
1684345227,1684344771,B17,B017,Ampara Town Roads,primary,False,40,,Pandukabaya Mawatha,669.4164234190577
1684345227,1684401505,B17,B017,Ampara Town Roads,primary,False,50,,Kachcheri Road,331.68767180856065
1684345227,11715848170,B17,B017,Ampara Town Roads,primary,False,50,,Kachcheri Road,99.45352792433401
1684401505,1685776786,B17,B017,Ampara Town Roads,primary,False,50,,Kachcheri Road,10.420405427116771
1684401505,1684345227,B17,B017,Ampara Town Roads,primary,False,50,,Kachcheri Road,331.68767180856065
1684401505,1684401699,B17,B017,Ampara Town Roads,primary,False,40,,Dutugemunu Road,562.2311059454058
1684401588,1684401664,B17,B017,Ampara Town Roads,primary,False,50,,Kachcheri Road,680.5081838756703
1684401661,1684401664,B17,B017,Ampara Town Roads,primary,False,50,,Deegha Gamini Road,499.4791797688578
1684401664,1684401588,B17,B017,Ampara Town Roads,primary,False,50,,Kachcheri Road,680.5081838756702
1684401664,1685776786,B17,B017,Ampara Town Roads,primary,False,50,,Kachcheri Road,315.2478614300353
1684401664,1684401661,B17,B017,Ampara Town Roads,primary,False,50,,Deegha Gamini Road,499.47917976885776
1684401664,1685790901,B17,B017,Ampara Town Roads,primary,False,50,,Deegha Gamini Mawatha,781.5655043175741
1684401699,1684401505,B17,B017,Ampara Town Roads,primary,False,40,,Dutugemunu Road,562.231105945406
1684534472,11715824059,B17,B017,Ampara Town Roads,primary,False,50,,Saddhatissa Mawatha,8.73399639871017
1684534499,1691633689,B17,B017,Ampara Town Roads,primary,False,50,2,Dharmapala Mawatha,754.1625716864402
1685409092,1685409160,B1,B001,Akkaraipattu - Warapathanchenai,primary,False,60,2,Akkaraipattu-Varipathanchenai Road,879.657206267747
1685409160,1877272293,B1,B001,Akkaraipattu - Warapathanchenai,primary,False,60,2,Akkaraipattu-Varipathanchenai Road,4844.817167231301
1685409160,1685409092,B1,B001,Akkaraipattu - Warapathanchenai,primary,False,60,2,Akkaraipattu-Varipathanchenai Road,879.6572062677471
1685409301,1685488289,B131,B131,Galmadu - Muwangala - Hingurana,primary,False,60,2,Galmaduwa-Muwangala-Hingurana Road,7020.132107062686
1685488289,1685409301,B131,B131,Galmadu - Muwangala - Hingurana,primary,False,60,2,Galmaduwa-Muwangala-Hingurana Road,7020.132107062687
1685598193,1881982405,B282,B282,Medawachchiya - Horowopotana,primary,False,60,,Medawachchiya-Horowpotana Road,20654.115743920003
1685776727,1685776804,B17,B017,Ampara Town Roads,primary,False,50,2,Buddhangala Road,402.9522931609564
1685776727,1685776786,B17,B017,Ampara Town Roads,primary,False,40,,,637.2352052487485
1685776727,1685776752,B17,B017,Ampara Town Roads,primary,False,50,2,Buddhangala Road,241.06036036894486
1685776752,11715824064,B17,B017,Ampara Town Roads,primary,True,50,1,Buddhangala Road,20.4870039327879
1685776752,1685776727,B17,B017,Ampara Town Roads,primary,False,50,2,Buddhangala Road,241.06036036894486
1685776786,1684401505,B17,B017,Ampara Town Roads,primary,False,50,,Kachcheri Road,10.420405427116771
1685776786,1684401664,B17,B017,Ampara Town Roads,primary,False,50,,Kachcheri Road,315.2478614300353
1685776786,1685776727,B17,B017,Ampara Town Roads,primary,False,40,,,637.2352052487486
1685776804,1685776727,B17,B017,Ampara Town Roads,primary,False,50,2,Buddhangala Road,402.9522931609564
1685776804,1685790901,B17,B017,Ampara Town Roads,primary,False,"['40', '50']",2,Buddhangala Road,244.7188422024502
1685776804,1685790906,B17,B017,Ampara Town Roads,primary,False,30,,,267.5688599384216
1685790735,3350317922,B17,B017,Ampara Town Roads,primary,False,50,2,Dharmapala Mawatha,653.8448380137979
1685790735,1685790789,B17,B017,Ampara Town Roads,primary,False,50,2,Dharmapala Mawatha,475.3643641767657
1685790735,1685790901,B17,B017,Ampara Town Roads,primary,False,40,2,Buddhangala Road,430.3055003070323
1685790747,1685790789,B17,B017,Ampara Town Roads,primary,False,50,,Deegha Gamini Mawatha,37.17448464468853
1685790747,1685790901,B17,B017,Ampara Town Roads,primary,False,50,,Deegha Gamini Mawatha,372.8304105556322
1685790747,1685790906,B17,B017,Ampara Town Roads,primary,False,50,,Saddhatissa Mawatha,380.1359695989838
1685790789,1685790747,B17,B017,Ampara Town Roads,primary,False,50,,Deegha Gamini Mawatha,37.17448464468853
1685790789,1685790735,B17,B017,Ampara Town Roads,primary,False,50,2,Dharmapala Mawatha,475.36436417676583
1685790789,1691633689,B17,B017,Ampara Town Roads,primary,False,50,2,Dharmapala Mawatha,271.8420049428328
1685790901,1685790747,B17,B017,Ampara Town Roads,primary,False,50,,Deegha Gamini Mawatha,372.8304105556322
1685790901,1684401664,B17,B017,Ampara Town Roads,primary,False,50,,Deegha Gamini Mawatha,781.5655043175739
1685790901,1685776804,B17,B017,Ampara Town Roads,primary,False,"['40', '50']",2,Buddhangala Road,244.71884220245022
1685790901,1685790735,B17,B017,Ampara Town Roads,primary,False,40,2,Buddhangala Road,430.3055003070323
1685790906,11715824059,B17,B017,Ampara Town Roads,primary,False,50,,Saddhatissa Mawatha,487.78958035883625
1685790906,1685790747,B17,B017,Ampara Town Roads,primary,False,50,,Saddhatissa Mawatha,380.1359695989838
1685790906,1691633689,B17,B017,Ampara Town Roads,primary,False,40,,,327.66962491780095
1685790906,1685776804,B17,B017,Ampara Town Roads,primary,False,30,,,267.5688599384216
1691633509,11715824044,B17,B017,Ampara Town Roads,primary,True,50,1,Buddhangala Road,9.004495814069141
1691633689,1685790906,B17,B017,Ampara Town Roads,primary,False,40,,,327.66962491780095
1691633689,1685790789,B17,B017,Ampara Town Roads,primary,False,50,2,Dharmapala Mawatha,271.8420049428328
1691633689,1684534499,B17,B017,Ampara Town Roads,primary,False,50,2,Dharmapala Mawatha,754.1625716864402
1691828074,1691828079,B84,B084,Colombo - Horana,primary,True,70,2,Colombo - Horana Road,1062.0746590410595
1691828079,1660321886,B84,B084,Colombo - Horana,primary,True,70,2,Colombo - Horana Road,2645.6790275671915
1694691223,2151603690,B391,B391,Ratnapura - Wewelwatte,primary,False,60,2,Ratnapura-Wewelwatte Road,7173.6065535086545
1697436973,1697582696,B285,B285,Meepe - Ingiriya,primary,False,50,2,Meepe-Ingiriya Road,5192.35376775475
1697436973,1697437102,B285,B285,Meepe - Ingiriya,primary,False,50,,,68.78850300354759
1697437102,1697436973,B285,B285,Meepe - Ingiriya,primary,False,50,,,68.78850300354759
1697582615,2079537942,B285,B285,Meepe - Ingiriya,primary,False,50,2,Meepe-Ingiriya Road,11516.910929088406
1697582615,1697582696,B285,B285,Meepe - Ingiriya,primary,False,50,2,Meepe-Ingiriya Road,1325.9063722791964
1697582696,1697582615,B285,B285,Meepe - Ingiriya,primary,False,50,2,Meepe-Ingiriya Road,1325.9063722791966
1697582696,8626564846,B240,B240,Batttaramulla - Malabe - Godagama - Padukka - Bope,primary,False,50,2,Padukka - Ingirya Road,4139.280615599366
1697582696,1697436973,B285,B285,Meepe - Ingiriya,primary,False,50,2,Meepe-Ingiriya Road,5192.353767754751
1697583653,129607626,B123,B123,Galagedera - Horana,primary,False,50,,Galagedara - Padukka Road,86.62462968726685
1697583653,8626564856,B123,B123,Galagedera - Horana,primary,False,50,,Galagedara - Padukka Road,1437.708880076643
1697645957,1149576728,B188,B188,Kaluaggala - Labugama,primary,False,50,,"['Thummodara Bridge', 'Kaluaggala-Labugama-Kalatuwawa Road']",886.6003482224409
1697645957,1149576611,B188,B188,Kaluaggala - Labugama,primary,False,30,,,1617.5088113167926
1708349295,4891890159,B38,B038,Balangoda - Bowatte - Kaltota,primary,False,50,2,Balangoda-Bowatte-Kaltota Road,73.244787576448
1708362825,2151603690,B477,B477,Wewelwatte - Agarsland - Uwella,primary,False,60,2,"['Balangoda-Rassagala-Uwella Road', 'Ratnapura-Wewelwatte Road', 'Wewelwatte-Agar’s Land-Uwella Road', 'Malwala Bridge']",43611.09276723178
1709997745,2384952875,B593,B593,Pambahinna Kumbalgama Rajawaka Kapugala,primary,True,50,1,Samanalawewa Road,39.52223795362703
1720491131,1740265426,B202,B202,Kataragama - Sella-Kataragama,primary,False,60,2,Kataragama-Sella Kataragama Road,1077.2875877352462
1720491131,9635214349,B202,B202,Kataragama - Sella-Kataragama,primary,True,50,1,Kataragama-Sella Kataragama Road,25.678044465833302
1720491739,2400768904,B35,B035,Badalkumbura - Buttala - Sella Kataragama,primary,False,70,2,Badalkumbura-Buttala Road,16028.462736863263
1720491739,1721577214,B35,B035,Badalkumbura - Buttala - Sella Kataragama,primary,False,70,2,Buttala-Sella Kataragama Road,93.99551115295166
1720902277,610950712,B631,B631,Hambantota - Gonnoruwa - Meegahajandura,primary,False,60,2,Hambantota-Gonnoruwa-Meegahajandura Road,62.132524125305046
1720902666,3674900993,B567,B567,Weligaththa Lunugamwehera,primary,False,40,2,Weligatta-Lunugamvehera Road,11915.642070542548
1721462757,3470538976,B558,B558,Kosgoda Uragaha Road,primary,False,70,2,Kosgoda-Uragaha Road,873.8649571601488
1721462757,1637717826,B558,B558,Kosgoda Uragaha Road,primary,False,70,2,Kosgoda-Uragaha Road,5075.453019713318
1721577072,1729303350,B513,B513,Kumbukkana Okkampitiya maligawila,primary,False,60,2,Kumbukkana-Okkampitiya-Maligawila Road,8271.177232987982
1721577072,1722823167,B513,B513,Kumbukkana Okkampitiya maligawila,primary,False,60,2,Kumbukkana-Okkampitiya-Maligawila Road,6620.229584701482
1721577072,1721577214,B522,B522,Buttala - Helagama - Okkampitiya,primary,False,60,2,Buttala-Okkampitiya Road,8886.443999618341
1721577214,1721577072,B522,B522,Buttala - Helagama - Okkampitiya,primary,False,60,2,Buttala-Okkampitiya Road,8886.443999618337
1721577214,1720491739,B35,B035,Badalkumbura - Buttala - Sella Kataragama,primary,False,70,2,Buttala-Sella Kataragama Road,93.99551115295166
1721577214,9790518649,B35,B035,Badalkumbura - Buttala - Sella Kataragama,primary,False,70,2,Buttala-Sella Kataragama Road,18097.688850019345
1722823167,1721577072,B513,B513,Kumbukkana Okkampitiya maligawila,primary,False,60,2,Kumbukkana-Okkampitiya-Maligawila Road,6620.2295847014775
1723172809,617823296,B361,B361,Pasyala - Attanagalla,primary,False,60,2,Pasyala-Attanagalle Road,6697.466773339368
1723172809,1235697661,B445,B445,Veyangoda - Ruwanwella,primary,False,60,2,Nittambuwa-Urapola-Ruwanwella Road,2410.242436117292
1723172809,1235697764,B445,B445,Veyangoda - Ruwanwella,primary,False,60,2,Nittambuwa-Urapola-Ruwanwella Road,1984.346556529627
1723290053,2090006193,B549,B549,Embilipitiya - Moraketiya - Kiriibbanara - Uda Mauara,primary,False,72,2,Embilipitiya-Moraketiya-Kiriibbanara-Uda Mauara Road,7877.797436268649
1723290053,3147058589,B549,B549,Embilipitiya - Moraketiya - Kiriibbanara - Uda Mauara,primary,False,72,2,Embilipitiya-Moraketiya-Kiriibbanara-Uda Mauara Road,6272.474366775632
1723290053,6251962524,B587,B587,Sooriyawewa Hathporuwa Moraketiya,primary,False,50,2,Embilipitiya Road,12198.218676902005
1723290054,3145257092,B427,B427,Udawalawe - Tanamalwila,primary,True,40,1,Timbolketiya-Tanamalwila Road,35.6943507815917
1723290267,2090006193,B549,B549,Embilipitiya - Moraketiya - Kiriibbanara - Uda Mauara,primary,False,72,2,Embilipitiya-Moraketiya-Kiriibbanara-Uda Mauara Road,2655.714533986331
1723290267,2113181192,B427,B427,Udawalawe - Tanamalwila,primary,False,72,2,Timbolketiya-Tanamalwila Road,9193.71263196869
1723290267,9570235011,B427,B427,Udawalawe - Tanamalwila,primary,False,72,2,Timbolketiya-Tanamalwila Road,1487.0973361370523
1724997103,1909546344,B364,B364,Peradeniya - Deltota - Rikiligaskada,primary,False,50,2,"['Nillambe Road', 'Galaha Road']",16915.71523348715
1724997103,891638940,B154,B154,Hindagala - Naranwita - Gampola,primary,False,50,2,"['Pallewela Road', 'Hindagala-Naranwita-Gampola Road', 'Doluwa Road']",13051.877339479512
1724997103,4032560667,B364,B364,Peradeniya - Deltota - Rikiligaskada,primary,False,50,,Galaha Road,2527.052253480498
1725053695,1877266311,B2,B002,Akkaraipattu - Sagamam,primary,False,60,2,Akkaraipattu-Sagamam Road,18372.269354864384
1725061738,3377656967,B333,B333,Oddamavadi - Vahaneri,primary,False,60,2,Oddaimavadi-Vakaneri Road,9207.078687198045
1725074556,2152922062,B286,B286,Middeniya - Panamure,primary,False,50,2,Middeniya-Panamure Road,9779.592845721218
1725074566,1725074569,B486,B486,Embilipitiya - Middeniya,primary,False,50,2,Embilipitiya-Middeniya Road,47.00739109254997
1725074566,3784921861,B486,B486,Embilipitiya - Middeniya,primary,False,50,2,Embilipitiya-Middeniya Road,14.25031603288454
1725074566,3633739448,B486,B486,Embilipitiya - Middeniya,primary,False,50,2,Embilipitiya-Middeniya Road,2180.482896201799
1725074569,3784921861,B486,B486,Embilipitiya - Middeniya,primary,False,50,2,Embilipitiya-Middeniya Road,43.350348350942134
1725074569,1725074566,B486,B486,Embilipitiya - Middeniya,primary,False,50,2,Embilipitiya-Middeniya Road,47.00739109254997
1725074569,3640131695,B486,B486,Embilipitiya - Middeniya,primary,False,50,2,Embilipitiya-Middeniya Road,7224.62164707987
1725074683,3640131695,B486,B486,Embilipitiya - Middeniya,primary,False,50,2,Embilipitiya-Middeniya Road,6984.0378170056865
1725074683,10131009918,B486,B486,Embilipitiya - Middeniya,primary,True,50,1,Embilipitiya-Middeniya Road,64.00485735165348
1727358941,1727359184,B586,B586,Park Road Matale,primary,False,50,2,"['William Gopallawa Mawatha (Park Road)', 'Nagolla Road', 'Kumbiyangoda Road']",5459.815251069817
1727359184,3662474376,B586,B586,Park Road Matale,primary,True,50,2,William Gopallawa Mawatha (Park Road),60.47567829328557
1727359184,1727358941,B586,B586,Park Road Matale,primary,False,50,2,"['William Gopallawa Mawatha (Park Road)', 'Nagolla Road', 'Kumbiyangoda Road']",5459.815251069818
1728748120,7085697358,B52,B052,"Bazzar Street, Vavuniya",secondary,False,50,,Bazzar Street,16.083233563528953
1728748120,1729992697,B52,B052,"Bazzar Street, Vavuniya",secondary,False,50,,Station Road,1608.8433403277586
1729303350,1721577072,B513,B513,Kumbukkana Okkampitiya maligawila,primary,False,60,2,Kumbukkana-Okkampitiya-Maligawila Road,8271.177232987984
1729992697,1728748120,B52,B052,"Bazzar Street, Vavuniya",secondary,False,50,,Station Road,1608.8433403277584
1731470195,4913540652,B348,B348,Palavi - Kalladi,secondary,False,50,,Palavi-Kalladi Road,7280.899517727968
1731568828,6509645611,B227,B227,Kiriyankalli - Andigama,secondary,False,50,,Kiriyankalli-Andigama Road,13770.505069809866
1731568862,6509645609,B45,B045,Bangadeniya - Andigama - Anamaduwa,secondary,False,50,2,Bangadeniya - Andigama - Anamaduwa Road,35.689752669968115
1731568862,4807150341,B45,B045,Bangadeniya - Andigama - Anamaduwa,secondary,False,50,2,Bangadeniya - Andigama - Anamaduwa Road,13457.280143540627
1732626412,3227989004,B299,B299,Murunkan - Chilawathurai,secondary,False,50,,Murunkan-Silavathurai Road,15758.963866506807
1732626427,6250326162,B403,B403,South Coast Road (Thallady - Arrippu - Marrichchkadai),primary,False,60,,Talladi-Arippu-Marichchukkaddi Road,12711.93514473231
1732626427,6250328436,B403,B403,South Coast Road (Thallady - Arrippu - Marrichchkadai),primary,True,,,,54.24358316585146
1732649294,6661265112,B325,B325,Nelukkulam - Neriyakulam,secondary,False,50,,Nelukkulam-Neriyakulam Road,21673.299033981475
1734550178,3364883416,B535,B535,Nilwala By pass,trunk,True,60,3,Anagarika Dharmapala Mawatha,74.91489462393706
1734550178,12474497827,B535,B535,Nilwala By pass,trunk,False,60,2,Anagarika Dharmapala Mawatha,421.03315949045003
1737150787,10603977997,B32,B032,Attidiya - Mount-Lavinia,primary,False,50,2,Templers Road,1995.5761298325197
1737150787,621909031,B389,B389,Ratmalana - Mirihana,primary,False,50,2,Attidiya Road,851.7210650201592
1737150787,7168896405,B389,B389,Ratmalana - Mirihana,primary,False,50,2,Attidiya Road,865.7523956784303
1737436578,206597400,B389,B389,Ratmalana - Mirihana,primary,False,50,2,Attidiya Road,587.678036027933
1737436578,7241425511,B389,B389,Ratmalana - Mirihana,primary,True,,,,35.53623769626329
1737436593,6260384156,B389,B389,Ratmalana - Mirihana,primary,False,50,2,Pepiliyana Road,663.5527775514875
1737436593,7205862641,B389,B389,Ratmalana - Mirihana,primary,True,,,,24.89813658853797
1737436611,622293249,B389,B389,Ratmalana - Mirihana,secondary,False,50,2,Pepiliyana Road,355.7282276191302
1737485326,6519129898,B94,B094,Dehiwela - Maharagama,primary,False,60,2,Dehiwela Road (Dehiwela-Maharagama Road),2723.5319011988613
1737485326,3902482152,B94,B094,Dehiwela - Maharagama,primary,True,60,,Dehiwela Road (Dehiwela-Maharagama Road),28.751205611764426
1737485408,256664026,B389,B389,Ratmalana - Mirihana,primary,False,50,2,Pepiliyana Road,7.299612486563555
1737485408,6260384155,B389,B389,Ratmalana - Mirihana,primary,False,50,2,Pepiliyana Road,29.46880530084832
1737485408,6260384150,B84,B084,Colombo - Horana,primary,True,60,2,Colombo-Piliyandala-Horana Road,29.539725894754024
1740265426,13723181260,B464,B464,Weerawila - Tissa - Kataragama,primary,False,70,2,Tissa-Kataragama Road,4391.404056366001
1740265426,1720491131,B202,B202,Kataragama - Sella-Kataragama,primary,False,60,2,Kataragama-Sella Kataragama Road,1077.2875877352462
1740265426,1638926258,B464,B464,Weerawila - Tissa - Kataragama,primary,False,70,2,Tissa-Kataragama Road,720.3721277294533
1744563108,4885745120,B524,B524,Beach Road Matara( Matara By Pass),primary,False,60,2,Beach Road,158.7604666149279
1745895523,6673012482,B107,B107,Dondra Light House Road,primary,False,50,2,Dondra Light House Road,32.6946850322045
1745927593,1812177148,B284,B284,Meddewatte - Kekanadure - Yatiyana,primary,False,60,2,Meddewatte-Kekanadure-Yatiyana Road,4683.562191593449
1745927593,250131773,B284,B284,Meddewatte - Kekanadure - Yatiyana,primary,False,60,2,Meddewatte-Kekanadure-Yatiyana Road,621.794195109423
1748892859,3751644936,B387,B387,Ranna - Udayala - Weeraketiya,primary,True,70,2,Ranna-Udayala-Weeraketiya Road,20.249808933045564
1748892859,2605755428,B387,B387,Ranna - Udayala - Weeraketiya,primary,False,70,4,Ranna-Udayala-Weeraketiya Road,1434.1166822631762
1748962227,7183361982,B387,B387,Ranna - Udayala - Weeraketiya,primary,True,70,4,Ranna-Udayala-Weeraketiya Road,13.84734119425292
1748962243,7183361981,B463,B463,Weeraketiya - Middeniya,primary,True,60,2,Weeraketiya-Middeniya Road,17.052185632329085
1748992310,3261661183,B626,B626,Nalagama - Beliatta,primary,False,50,2,Polonmaruwa-Beliatte Road,6561.250171187332
1748992310,13728195887,B54,B054,Beliatta - Walasmulla,primary,False,60,2,Beliatte-Walasmulla Road,2656.5548004914926
1748992310,3771334945,B54,B054,Beliatta - Walasmulla,primary,False,60,2,Beliatte-Walasmulla Road,314.5884556818904
1750306782,33389466,B566,B566,Nakulugamuwa Kudawella Moraketiara,primary,False,40,2,Kudawella Road,3820.24517620582
1751020481,6700759025,B589,B589,Hidellana Karapincha (Approach Road to Tea Research Institute -Law Country Region),primary,False,50,2,Hidellana-Karapincha Road,3952.7095496136512
1778845290,619880027,B240,B240,Batttaramulla - Malabe - Godagama - Padukka - Bope,primary,False,60,2,Malabe - Godagama Road,1104.8944623183443
1778845290,619883043,B240,B240,Batttaramulla - Malabe - Godagama - Padukka - Bope,primary,False,60,2,Malabe - Godagama Road,1849.0446725940335
1778845290,403841727,B354,B354,Panagoda - Henpita,primary,False,50,,Panagoda-Ambulgama Road,6540.285463716864
1780055679,5233976058,B181,B181,Kalawana - Depdene - Rakwana,primary,False,60,2,Kalawana-Depdene-Rakwana Road,46047.00446413524
1780055690,3394212059,B383,B383,Rakwana - Bulutota,primary,False,40,2,"['Masimbula Road', 'Bulutota Road', 'Hospital Road']",1210.5170027389543
1781355217,82800337,B138,B138,Gintota Plywood Factory Road,primary,False,50,2,"['Gintota Plywood Factory Road', 'Gintota-Wakwella Road']",4316.08399931126
1788449944,2076672978,B217,B217,Ketapola - Omatta - Thotupola,secondary,False,50,,Ketapola-Omatta-Totupola Road,1285.8685591385615
1789586195,2607383505,B454,B454,Wandurambe - Ethumale - Yakkatuwa,primary,False,60,2,Mapalagama-Yakkatuwa Road,2456.187436887565
1789586195,3655959347,B454,B454,Wandurambe - Ethumale - Yakkatuwa,primary,False,60,2,"['Mapalagama-Yakkatuwa Road', 'Kahaduwa Bridge']",16711.679725429633
1792701998,3211931764,B14,B014,Ambalangoda - Elpitiya - Pitigala,primary,False,50,,Ambalangoda-Elpitiya-Pitigala Road,5453.140041000412
1792701998,2076672992,B14,B014,Ambalangoda - Elpitiya - Pitigala,primary,False,50,,Ambalangoda-Elpitiya-Pitigala Road,3655.5531387526307
1792754399,3234692631,B141,B141,Hakmana - Beliatta - Tangalle,primary,False,"['70', '72']",2,Hakmana-Beliatte Road,1602.2740703885413
1792754399,3771334938,B141,B141,Hakmana - Beliatta - Tangalle,primary,False,72,2,Hakmana-Beliatte Road,3064.4199421961134
1792755975,1792760335,B141,B141,Hakmana - Beliatta - Tangalle,primary,False,70,2,Hakmana-Beliatte Road,1146.174716308845
1792755975,2607352523,B141,B141,Hakmana - Beliatta - Tangalle,primary,False,70,2,Hakmana-Beliatte Road,737.1804481934361
1792760335,6548218220,B141,B141,Hakmana - Beliatta - Tangalle,primary,True,,,Hakmana-Beliatte Road,143.92035114711615
1792760335,1792755975,B141,B141,Hakmana - Beliatta - Tangalle,primary,False,70,2,Hakmana-Beliatte Road,1146.1747163088455
1792790811,1877453757,B483,B483,Sammanthurai - Malkampiddi - Deegawapiya,primary,False,60,2,Malkampiddy-Deeghavapiya Road,10069.68424479967
1792790811,3316015809,B31,B031,Arasady - Malkampiddy,primary,False,60,2,Arasadi-Malkampiddy Road,5188.124257356772
1792790811,1877424685,B483,B483,Sammanthurai - Malkampiddi - Deegawapiya,primary,False,60,2,"['Pallaru Bridge', 'Sammanturai-Malkampiddy Road']",4390.890825243012
1792802761,9754473426,B266,B266,Malwattha - Chadayantalawa,primary,False,60,2,Malwatte-Chadayantalawa Road,5886.091731422294
1795375615,1223888358,B458,B458,Waskaduwa - Bandaragama,primary,False,70,2,Waskaduwa-Bandaragama Road,708.5568534378401
1795375615,50415165,B458,B458,Waskaduwa - Bandaragama,primary,False,70,2,Waskaduwa-Bandaragama Road,5268.988335475311
1795375615,12109482772,B449,B449,Wadduwa - Morontuduwa,primary,False,50,2,"['Morontuduwa Road', 'Wadduwa Road']",5226.020949681528
1796922853,2079537908,B163,B163,Ingiriya - Halwatura,primary,False,50,2,Ingiriya-Halwatura Road,3361.851485184106
1796922874,2079537908,B68,B068,Ingiriya - Halwatura - Egaloya,primary,False,50,2,Ingiriya-Halwatura-Egal Oya Road,1591.7733381509493
1796923068,2083588478,B304,B304,Nagoda - Kalawellawa - Bellapitiya,primary,False,60,2,Nagoda-Kalawellawa-Bellapitiya Road,164.7367317255019
1796923068,1213042254,B304,B304,Nagoda - Kalawellawa - Bellapitiya,primary,False,60,2,Nagoda-Kalawellawa-Bellapitiya Road,3351.6852991933556
1796923216,2079537908,B68,B068,Ingiriya - Halwatura - Egaloya,primary,False,50,2,Ingiriya-Halwatura-Egal Oya Road,1375.3963013309622
1796923216,2083588478,B68,B068,Ingiriya - Halwatura - Egaloya,primary,False,50,2,Ingiriya-Halwatura-Egal Oya Road,6041.842429137239
1796923216,5202070937,B144,B144,Halwatura Estate Road,primary,False,30,1,Kongastenna Road,991.4173886988907
1797858594,3484165078,B160,B160,Idangoda - Ayagama,primary,False,50,2,Idangoda-Ayagama Road,13721.046432961242
1797964284,8169922827,B93,B093,Dehiowita - Deraniyagala - Noori,primary,True,50,1,Dehiowita-Deraniyagala Road,42.382801790917156
1797964284,3104873585,B93,B093,Dehiowita - Deraniyagala - Noori,primary,False,60,2,Dehiowita-Deraniyagala Road,13538.181043834373
1805745150,5153458215,B445,B445,Veyangoda - Ruwanwella,primary,True,50,1,Nittambuwa-Urapola-Ruwanwella Road,37.770771101982874
1805745150,1235697764,B445,B445,Veyangoda - Ruwanwella,primary,False,60,2,Nittambuwa-Urapola-Ruwanwella Road,19658.68247735858
1809637722,1809637851,B206,B206,Katugastota - Medawela,primary,True,60,2,Medawala Road,17.878001221268022
1809637722,3211942093,B206,B206,Katugastota - Medawela,primary,False,50,2,Ranawana Road,9354.000845720977
1809637872,1809637722,B206,B206,Katugastota - Medawela,primary,True,60,2,Medawala Road,21.532007696675173
1809805500,2418603892,B293,B293,Moneragala Town Road,primary,False,"['60', '40']","['1', '2']","['Bus Station Road', 'Main Street', 'New Bus Station Road']",435.672303452611
1812177148,2081198513,B284,B284,Meddewatte - Kekanadure - Yatiyana,primary,False,60,2,Meddewatte-Kekanadure-Yatiyana Road,71.96968062170124
1812177148,1745927593,B284,B284,Meddewatte - Kekanadure - Yatiyana,primary,False,60,2,Meddewatte-Kekanadure-Yatiyana Road,4683.562191593448
1813587152,1813627370,B595,B595,Hunnadeniya Rathmale Radampola Walasgala,primary,False,60,2,Radampola Road,3413.9337947260005
1813587152,1813587322,B595,B595,Hunnadeniya Rathmale Radampola Walasgala,primary,False,60,2,Radampola Road,1670.0342025680404
1813587322,1813587152,B595,B595,Hunnadeniya Rathmale Radampola Walasgala,primary,False,60,2,Radampola Road,1670.0342025680413
1813627370,1813587152,B595,B595,Hunnadeniya Rathmale Radampola Walasgala,primary,False,60,2,Radampola Road,3413.9337947260024
1813627370,13380401234,B595,B595,Hunnadeniya Rathmale Radampola Walasgala,primary,False,60,2,Radampola Road,2995.813532846843
1814571515,3169248398,B631,B631,Hambantota - Gonnoruwa - Meegahajandura,primary,True,60,2,Hambantota-Gonnoruwa-Meegahajandura Road,3877.0785950905342
1814571587,1814571515,B631,B631,Hambantota - Gonnoruwa - Meegahajandura,primary,True,60,2,Hambantota-Gonnoruwa-Meegahajandura Road,3960.1916959141968
1818583243,3699457167,B622,B622,Hungama - Thalawa - Middeniya,primary,True,60,2,Hungama-Angunukolapelessa Road,882.0785744509099
1818583243,3634944563,B622,B622,Hungama - Thalawa - Middeniya,primary,False,60,2,Hungama-Angunukolapelessa Road,7242.115076481406
1818609858,4408220354,B525,B525,Dikwella - Wewurukannala,primary,False,50,2,Dikwella-Wewurukannala Road,1242.9669746128727
1818609858,7087395001,B525,B525,Dikwella - Wewurukannala,primary,False,50,2,Dikwella-Wewurukannala Road,585.210113531055
1821073186,2026114935,B471,B471,Welimada - Kirklees,primary,True,50,2,Hemapala Munidasa Mawatha,382.7492817517845
1821073186,2078611991,B581,B581,Welimada By Pass,primary,False,50,2,Welimada Bypass,94.68224080336186
1821073186,2408053510,B471,B471,Welimada - Kirklees,primary,False,50,2,Welimada-Kirkless Road,3953.5449100715573
1828212116,4891890159,B38,B038,Balangoda - Bowatte - Kaltota,primary,False,50,2,Balangoda-Bowatte-Kaltota Road,5.572530693734831
1828212116,1828212200,B38,B038,Balangoda - Bowatte - Kaltota,primary,False,50,2,Balangoda-Bowatte-Kaltota Road,3211.4819883069645
1828212200,2407176375,B38,B038,Balangoda - Bowatte - Kaltota,primary,False,50,2,Balangoda-Bowatte-Kaltota Road,10278.635368830623
1828212200,1828212116,B38,B038,Balangoda - Bowatte - Kaltota,primary,False,50,2,Balangoda-Bowatte-Kaltota Road,3211.481988306966
1828212200,1994857493,B223,B223,Kirimetitenna - Galgoda,primary,False,60,2,Kirimetitenna-Weligepola Road,10650.577294480358
1828217366,1828217445,B49,B049,"Bazaar Street, Ambalangoda",primary,True,50,2,Old Road (Bazaar St),22.403285512103103
1828234049,1828217366,B49,B049,"Bazaar Street, Ambalangoda",primary,True,50,2,"['Old Road (Bazaar St)', 'Thanayam Pivisum (Rest House Access) Road']",305.4826071728243
1831898405,4006801962,B278,B278,Mawanella - Aranayake - Horawela,primary,False,60,2,"['Aranayaka-Horawala Road', 'Mawanella-Aranayaka Road']",4283.647547979244
1831898405,9882336681,B278,B278,Mawanella - Aranayake - Horawela,"['primary', 'secondary']",False,"['60', '50']",2,"['Horawala-Hemmathagama Road', 'Aranayaka-Horawala Road', 'Mawanella-Aranayaka-Horawala Road', 'Hemmathagama-Horawala Road']",7313.75019837956
1834922490,2686590800,B491,B491,Kotmale Dam Crest- Harangala Road,primary,False,40,2,Kotmale Dam Crest Road,3702.3689654367327
1834922625,4430564637,B431,B431,Ulapane - Pussellawa,primary,False,50,2,Ulapane-Pussellawa Road,4418.1481832518875
1834958043,2686590800,B148,B148,Harangala - Kalapitiya - Kumbaloluwa,primary,False,60,2,Harangala-Kalapitiya-Kumbaloluwa Road,16664.05258663827
1834958043,1834981446,B412,B412,Tawalantenne - Talawakela,primary,False,60,2,Pundaluoya Road,6329.525522641611
1834958043,2608992327,B412,B412,Tawalantenne - Talawakela,primary,False,60,2,Kothmale Road,22712.565003578635
1834981067,1834981477,B412,B412,Tawalantenne - Talawakela,primary,False,60,2,Pundaluoya Road,1906.815494100268
1834981067,1834981401,B412,B412,Tawalantenne - Talawakela,primary,False,60,2,Pundaluoya Road,140.73066399577834
1834981067,4430564637,B582,B582,Gomburuoya - Balapokuna,primary,False,60,2,Mawela-Kothmale Road,8081.73204104165
1834981401,3254668917,B613,B613,Kothmale New Town Road,primary,False,60,2,Kotmale New Town Road,1050.610824387502
1834981401,1834981067,B412,B412,Tawalantenne - Talawakela,primary,False,60,2,Pundaluoya Road,140.73066399577834
1834981401,1834981446,B412,B412,Tawalantenne - Talawakela,primary,False,60,2,Pundaluoya Road,1102.0956964535135
1834981446,3254668917,B612,B612,Ramboda - Pusulpitiya,primary,False,60,2,Ramboda-Sangilipalama Road,209.48889563289
1834981446,1834981401,B412,B412,Tawalantenne - Talawakela,primary,False,60,2,Pundaluoya Road,1102.0956964535135
1834981446,1834958043,B412,B412,Tawalantenne - Talawakela,primary,False,60,2,Pundaluoya Road,6329.525522641613
1834981477,1834981067,B412,B412,Tawalantenne - Talawakela,primary,False,60,2,Pundaluoya Road,1906.8154941002686
1836349438,258049267,B7,B007,Alawatugoda - Ankumbura - Keppetigala,primary,True,50,,Old Matale Road,85.96238840977479
1836349438,3410071521,B7,B007,Alawatugoda - Ankumbura - Keppetigala,primary,False,50,,Alawatugoda-Ankumbura-Keppetigala Road,493.2983623035384
1836349723,3410071521,B377,B377,Pujapitiya - Alawatugoda,primary,False,50,2,Poojapitiya-Alawathugoda Road,7636.170096702409
1836349723,5239599858,B15,B015,Ambatenne - Bokkawela - Arambekade,primary,False,50,2,Bokkawala-Poojapitiya Road,22.47725443177128
1836349723,1836349953,B15,B015,Ambatenne - Bokkawela - Arambekade,primary,False,50,2,Main Street,288.6593774579794
1836349953,1980552009,B15,B015,Ambatenne - Bokkawela - Arambekade,primary,False,50,2,Poojapitiya Road,5690.921636133025
1836349953,3211942093,B150,B150,Hedeniya - Pujapitiya,primary,False,50,2,Medawala-Poojapitiya Road,4236.33218049792
1836349953,1836349723,B15,B015,Ambatenne - Bokkawela - Arambekade,primary,False,50,2,Main Street,288.65937745797936
1837041866,2686032868,B149,B149,Hatton - Maskeliya - Dalhousie,primary,False,60,2,Hatton-Maskeliya-Sri Pada Road,9246.89377432485
1837354773,3033904482,B521,B521,Mosque Road - Kandy,primary,True,50,2,Mosque Road,114.69150844129376
1837478229,2382152088,B69,B069,Buwelikada - Lewella,primary,False,50,,Buwelikada Road,701.181739819463
1837478229,13444644367,B550,B550,Dharmashoka Mawatha,primary,False,50,,Dharmashoka Mawatha,2535.3348468254176
1837478229,1164676122,B69,B069,Buwelikada - Lewella,"['primary', 'secondary']",False,50,,"['Lewella Road', 'Lewella - Amunugama - Madawala Road']",1245.0803337218451
1840750859,324982229,B168,B168,Kadawata - Ragama - Welisara,primary,False,,,,19.462997424023193
1840750859,5559025503,B168,B168,Kadawata - Ragama - Welisara,primary,False,,,,34.535698036206895
1840750860,2966142356,B460,B460,Wattala - Mahara,secondary,False,70,2,Wattala-Mahara Road,8.679051823201524
1840750860,1438094658,B460,B460,Wattala - Mahara,primary,False,70,2,Wattala-Mahara Road,5319.146221461663
1847947584,6695505199,B419,B419,Thoppu - Madampe,primary,True,60,2,Thoppuwa-Nattandiya-Madampe Road,5.613388841105225
1847947621,667547394,B111,B111,Ekala - Kotadeniyawa,primary,False,,,Ekala-Kotadeniyawa Road,2581.787638211012
1847947621,638927829,B111,B111,Ekala - Kotadeniyawa,primary,False,,,Ekala-Kotadeniyawa Road,2492.4610081410588
1847947621,639245116,B108,B108,Dunagaha - Nilpanagoda,primary,False,50,,Dunagaha-Nilpanagoda Road,3114.614784100014
1848020009,1261568522,B503,B503,Makandura - Badalgama,primary,False,50,,Makandura-Badalgama Road,216.96986096739968
1848020009,1261568353,B503,B503,Makandura - Badalgama,primary,False,50,,Makandura-Badalgama Road,4393.703872519618
1848020009,3205666202,B503,B503,Makandura - Badalgama,primary,False,40,,Makandura-Badalgama Road,195.18729875565862
1848166895,3628051370,B428,B428,Udawela - Kumbukgahamulla,secondary,False,50,,"['Welipannagahamula-Kandanegedara-Yakwila Road', 'Udawela-Welipannagahamulla Road']",15712.905569765915
1848166895,1978072063,B272,B272,Marawila - Udubaddawa,secondary,False,50,,Marawila-Udubeddawa Road,7914.379610883504
1848166895,1480051538,B272,B272,Marawila - Udubaddawa,secondary,False,50,,Marawila-Udubeddawa Road,7613.191663330375
1855296116,2131510192,B5,B005,Aladeniya - Iriyagama,primary,False,50,2,"['Aladeniya Road', 'Muruthalawa Road']",5329.4615751987785
1855296116,2078328569,B5,B005,Aladeniya - Iriyagama,primary,False,50,2,"['Main Street', 'Muruthalawa Road']",4143.300660094239
1855322535,1855349523,B116,B116,Embilmeegama - Daulagala - Penideniya,primary,False,50,2,Daulagala Road,1025.181895758909
1855349523,1855322535,B116,B116,Embilmeegama - Daulagala - Penideniya,primary,False,50,2,Daulagala Road,1025.1818957589087
1855349523,7183582772,B116,B116,Embilmeegama - Daulagala - Penideniya,primary,False,50,2,"['Daulagala Road', 'Pilimatalawa-Daulagala Road']",4645.319146202482
1855349523,3758716316,B306,B306,Nanu Oya - Hendeniya,primary,False,40,2,Boyagama Road,545.250234262769
1855349632,7183582772,B116,B116,Embilmeegama - Daulagala - Penideniya,primary,False,50,2,Pilimatalawa-Daulagala Road,29.123305882751694
1855349632,7183582771,B91,B091,Daulagala - Watadeniya,primary,False,50,2,Daulagala-Watadeniya Road,37.164793480179306
1855349632,3170533458,B116,B116,Embilmeegama - Daulagala - Penideniya,primary,False,50,2,Pilimatalawa-Daulagala Road,3261.3484554119595
1856812802,1856812890,B539,B539,Nelundeniya - Alawwa,primary,True,50,1,Nelundeniya-Alawwa Road,39.456845026954404
1856812890,2083007739,B539,B539,Nelundeniya - Alawwa,primary,True,50,1,Nelundeniya-Alawwa Road,43.81520814896163
1856812890,1980566512,B539,B539,Nelundeniya - Alawwa,primary,False,60,2,Nelundeniya-Alawwa Road,7746.9013769541725
1862498818,1862498825,B146,B146,Hanwella - Pugoda - Weke - Urapola,secondary,False,50,,Hanwella - Pugoda - Kirindiwela - Urapola Road,57.03103800189752
1862498820,1447394805,B146,B146,Hanwella - Pugoda - Weke - Urapola,primary,False,50,,Hanwella - Pugoda - Kirindiwela - Urapola Road,20.83264558553895
1862498820,1150403426,B146,B146,Hanwella - Pugoda - Weke - Urapola,primary,False,50,,Hanwella - Pugoda - Kirindiwela - Urapola Road,75.02826890778891
1862498825,1447394805,B146,B146,Hanwella - Pugoda - Weke - Urapola,secondary,False,50,,Hanwella - Pugoda - Kirindiwela - Urapola Road,22.154878260582638
1862498825,1862498818,B146,B146,Hanwella - Pugoda - Weke - Urapola,secondary,False,50,,Hanwella - Pugoda - Kirindiwela - Urapola Road,57.03103800189752
1862815981,1862816008,B188,B188,Kaluaggala - Labugama,primary,True,50,,Kaluaggala-Labugama-Kalatuwawa Road,35.36756774278608
1862816008,1862815989,B188,B188,Kaluaggala - Labugama,primary,True,50,,Kaluaggala-Labugama-Kalatuwawa Road,34.644475913758
1862816008,1149576728,B188,B188,Kaluaggala - Labugama,primary,False,50,,Kaluaggala-Labugama-Kalatuwawa Road,11083.979092144767
1874159728,4067142475,B374,B374,Potuvil - Panama,primary,False,"['70', '60']",2,"['Panama Road', 'Pottuvil-Panama Road', 'Potuvil - Panama Road']",16869.671270083116
1874159728,1874159816,B374,B374,Potuvil - Panama,primary,False,60,2,"['Main Street', 'Beach Road']",530.100906120324
1874159728,2647057197,B355,B355,Panama - Kumbukkana,"['primary', 'secondary']",False,"['30', '40']",1,"['Kumbukkana Road', 'Panama-Kumana Road']",36180.823939322094
1874159816,1874159728,B374,B374,Potuvil - Panama,primary,False,60,2,"['Main Street', 'Beach Road']",530.1009061203238
1877266311,3271092569,B2,B002,Akkaraipattu - Sagamam,primary,False,60,2,Akkaraipattu-Sagamam Road,13.202535095728896
1877266311,1888945264,B1,B001,Akkaraipattu - Warapathanchenai,primary,False,60,2,Akkaraipattu-Varipathanchenai Road,1377.6951193340328
1877266311,1725053695,B2,B002,Akkaraipattu - Sagamam,primary,False,60,2,Akkaraipattu-Sagamam Road,18372.269354864377
1877266360,3998773392,B576,B576,By Pass Road to Pallikkudiyiruppu village on Akkaraipattu Varapathanchenai Road,primary,False,40,2,Pallikkudiyiruppu Village Road,1351.8858340047932
1877266360,3998773392,B1,B001,Akkaraipattu - Warapathanchenai,primary,False,60,2,Akkaraipattu-Varipathanchenai Road,686.7436472233429
1877266360,3078464586,B1,B001,Akkaraipattu - Warapathanchenai,primary,False,60,2,Akkaraipattu-Varipathanchenai Road,1202.3906721214519
1877272293,1877272333,B573,B573,Akkaraipattu Deegavapi Ambalatharu,primary,False,60,2,Akkaraipattu-Deeghavapiya-Ambalatharu Road,4442.953764619399
1877272293,3078464586,B1,B001,Akkaraipattu - Warapathanchenai,primary,False,60,2,Akkaraipattu-Varipathanchenai Road,8643.609495659573
1877272293,1685409160,B1,B001,Akkaraipattu - Warapathanchenai,primary,False,60,2,Akkaraipattu-Varipathanchenai Road,4844.817167231299
1877272293,4020226660,B573,B573,Akkaraipattu Deegavapi Ambalatharu,primary,False,60,2,Akkaraipattu-Deeghavapiya-Ambalatharu Road,14345.752372079614
1877272333,1877272293,B573,B573,Akkaraipattu Deegavapi Ambalatharu,primary,False,60,2,Akkaraipattu-Deeghavapiya-Ambalatharu Road,4442.953764619399
1877272333,3078464586,B573,B573,Akkaraipattu Deegavapi Ambalatharu,primary,False,60,2,Akkaraipattu-Deeghavapiya-Ambalatharu Road,4156.992006882151
1877272333,1545169133,B572,B572,Addalachenai Alankulam,primary,False,60,2,Addalaichenai-Alankulam Road,9741.880579290479
1877385011,3396258718,B350,B350,Pallang Oya - Inginiyagala,primary,False,"['60', '50']",2,"['Wadinagala-Inginiyagala Road', 'Ampara-Inginiyagala Road']",15024.184930475834
1877424685,1792790811,B483,B483,Sammanthurai - Malkampiddi - Deegawapiya,primary,False,60,2,"['Pallaru Bridge', 'Sammanturai-Malkampiddy Road']",4390.89082524301
1877424685,12761661743,B483,B483,Sammanthurai - Malkampiddi - Deegawapiya,primary,True,50,1,Sammanturai-Malkampiddy Road,14.422420679962803
1877453566,1877453757,B439,B439,Varapathanchenai - Deegawapi,primary,False,60,2,Varipathanchenai-Deeghavapiya Road,3018.3201872464456
1877453566,1877453832,B439,B439,Varapathanchenai - Deegawapi,primary,False,60,2,Varipathanchenai-Deeghavapiya Road,2129.384443689234
1877453757,3315891502,B92,B092,Deegawapi Temple Road,primary,False,60,2,Deeghavapi Temple Road,4287.835227900817
1877453757,1792790811,B483,B483,Sammanthurai - Malkampiddi - Deegawapiya,primary,False,60,2,Malkampiddy-Deeghavapiya Road,10069.684244799668
1877453757,1877453566,B439,B439,Varapathanchenai - Deegawapi,primary,False,60,2,Varipathanchenai-Deeghavapiya Road,3018.3201872464474
1877453832,1877453566,B439,B439,Varapathanchenai - Deegawapi,primary,False,60,2,Varipathanchenai-Deeghavapiya Road,2129.384443689234
1877453832,1979513531,B439,B439,Varapathanchenai - Deegawapi,primary,False,60,2,Varipathanchenai-Deeghavapiya Road,154.5877370942
1879056265,2661675127,B186,B186,Kalmunai Sea View Road,primary,False,40,2,Rest House Road,1090.981241223219
1879056278,1879094855,B18,B018,Ampilanthurai - Veeramunai,primary,False,60,2,Ampilanturai-Veeramunai Road,13625.740166419915
1879056278,2902881148,B18,B018,Ampilanthurai - Veeramunai,primary,False,60,2,Ampilanturai-Veeramunai Road,6563.258568620501
1879056278,3268426144,B77,B077,Chavalakadai - Chadayantalawa,primary,False,60,2,Chavalakadai-Chadayantalawa Road,3801.1296084115606
1879056278,1879056339,B187,B187,Kalmunai - Chavalakadai,primary,False,60,2,"['Chavalakadai-Chadayantalawa Road', 'Kalmunai-Chavalakadai Road']",5557.451983642059
1879056339,1879056423,B187,B187,Kalmunai - Chavalakadai,primary,False,60,2,Kalmunai-Chavalakadai Road,160.96067375905952
1879056339,1879056278,B77,B077,Chavalakadai - Chadayantalawa,primary,False,60,2,"['Chavalakadai-Chadayantalawa Road', 'Kalmunai-Chavalakadai Road']",5557.451983642057
1879056339,2661675134,B30,B030,Approach Roads to Public Buildings,primary,False,40,2,,259.48750288363345
1879056356,3320202230,B187,B187,Kalmunai - Chavalakadai,primary,False,60,2,Kalmunai-Chavalakadai Road,65.09077499684443
1879056423,1879056247,B30,B030,Approach Roads to Public Buildings,primary,True,30,,Police Station Road,121.90521731533075
1879056423,1879056339,B187,B187,Kalmunai - Chavalakadai,primary,False,60,2,Kalmunai-Chavalakadai Road,160.96067375905952
1879056423,3320202230,B187,B187,Kalmunai - Chavalakadai,primary,False,60,2,Kalmunai-Chavalakadai Road,248.54895003624887
1879094855,1879056278,B18,B018,Ampilanthurai - Veeramunai,primary,False,60,2,Ampilanturai-Veeramunai Road,13625.740166419922
1879094855,1883604788,B344,B344,Padiruppu - Vellaveli,primary,False,60,2,Kaluvanchikudy-Vellaveli Road,4076.7477820924455
1879094855,1883604574,B18,B018,Ampilanthurai - Veeramunai,primary,False,60,2,Ampilanturai-Veeramunai Road,4286.766191367059
1880354744,4527825395,B344,B344,Padiruppu - Vellaveli,primary,False,60,2,Kaluvanchikudy-Vellaveli Road,21.528718094195398
1880414150,3377492839,B347,B347,Palathoppu - Seruwila Road,"['primary', 'secondary']",False,"['40', '30', '60']",2,Palatoppu-Seruwawila Road,14726.65386996616
1881982405,1881982723,B538,B538,Kahatagasdigiliya - Rathmalgahaweewa - Kivulekade,secondary,False,50,,Kahatagasdigilya - Ratmalgahawewa - Kivulekade Road,858.5160188814154
1881982405,3492721845,B538,B538,Kahatagasdigiliya - Rathmalgahaweewa - Kivulekade,secondary,False,50,,Kahatagasdigilya - Ratmalgahawewa - Kivulekade Road,11562.02913537241
1881982405,1685598193,B282,B282,Medawachchiya - Horowopotana,primary,False,60,,Medawachchiya-Horowpotana Road,20654.11574392
1881982405,3557522184,B282,B282,Medawachchiya - Horowopotana,primary,False,60,,Medawachchiya-Horowpotana Road,16928.033703958135
1881982667,1881982729,B211,B211,Kebithigollewa - Padaviya,secondary,False,50,,Kebitigollewa-Padaviya Road,943.8954319166731
1881982723,1881982405,B538,B538,Kahatagasdigiliya - Rathmalgahaweewa - Kivulekade,secondary,False,50,,Kahatagasdigilya - Ratmalgahawewa - Kivulekade Road,858.5160188814154
1881982723,3204562797,B538,B538,Kahatagasdigiliya - Rathmalgahaweewa - Kivulekade,secondary,False,50,,Kahatagasdigilya - Ratmalgahawewa - Kivulekade Road,11851.46073396386
1881982729,6537959751,B211,B211,Kebithigollewa - Padaviya,secondary,False,50,,Kebitigollewa-Padaviya Road,24947.7034660764
1881982729,1881982667,B211,B211,Kebithigollewa - Padaviya,secondary,False,50,,Kebitigollewa-Padaviya Road,943.8954319166731
1881982729,5156577886,B210,B210,Kebithigollewa New Town Road,secondary,False,50,,Kebitigollewa New Town Road,1004.1569678417386
1882011362,1882011484,B366,B366,Perkar Road,primary,False,40,2,Perkar Road,2299.130165492516
1882011362,1882011622,B424,B424,Trincomalee - Pulmoddai,primary,False,60,2,Trincomalee-Pulmoddai Road,20826.78986404187
1882011362,3221586259,B424,B424,Trincomalee - Pulmoddai,primary,False,60,2,"['Irakkandi Bridge', 'Trincomalee-Nilaveli Road', 'Trincomalee-Pulmoddai Road']",9558.921532397026
1882011484,1882011362,B366,B366,Perkar Road,primary,False,40,2,Perkar Road,2299.130165492515
1882011622,1882011362,B424,B424,Trincomalee - Pulmoddai,primary,False,60,2,Trincomalee-Pulmoddai Road,20826.78986404188
1882011622,13942360677,B424,B424,Trincomalee - Pulmoddai,primary,False,60,2,Trincomalee-Pulmoddai Road,3314.3131521109835
1883604574,1879094855,B18,B018,Ampilanthurai - Veeramunai,primary,False,60,2,Ampilanturai-Veeramunai Road,4286.766191367059
1883604574,4527627326,B18,B018,Ampilanthurai - Veeramunai,primary,False,60,2,Ampilanturai-Veeramunai Road,2370.3269607743036
1883604788,4527825395,B344,B344,Padiruppu - Vellaveli,primary,False,60,2,Kaluvanchikudy-Vellaveli Road,1958.2124852055335
1883604788,1879094855,B344,B344,Padiruppu - Vellaveli,primary,False,60,2,Kaluvanchikudy-Vellaveli Road,4076.747782092445
1886444803,6052926625,B343,B343,Padaviya - Parakrama Pura (Bandaranayake Mawatha),secondary,True,50,,Bandaranayake Mawatha,33.80945579284712
1886444803,6538031538,B343,B343,Padaviya - Parakrama Pura (Bandaranayake Mawatha),secondary,False,"['40', '50']",,"['Padaviya-Welioya Road', 'Welioya-Janakapura Road', 'Padavi Sripura Road', 'Welioya Rd', 'Bandaranayake Mawatha', 'Padaviya-Parakramapura Road']",40774.589682572914
1886444856,6052926619,B211,B211,Kebithigollewa - Padaviya,secondary,True,50,,Kebitigollewa-Padaviya Road,31.498118077267243
1886444856,6537959752,B211,B211,Kebithigollewa - Padaviya,secondary,False,50,,Kebitigollewa-Padaviya Road,3805.9214059521237
1886444971,6537959751,B60,B060,Bogahawewa - Pulmuddai,secondary,True,50,,Bogahawewa - Pulmuddai Road,56.15792514852843
1886444971,13942360684,B60,B060,Bogahawewa - Pulmuddai,"['secondary', 'primary']",False,"['60', '50']",2,"['Bogahawewa - Pulmuddai Road', 'Trincomalee-Pulmoddai Road']",33907.55001541495
1886574479,847419106,B197,B197,Karainagar Circular Road,secondary,False,40,,Karainagar Circular Road,7085.967257682575
1886606126,1886606136,B90,B090,Danowita - Mirigama,primary,False,50,,Danowita-Mirigama Road,153.75616172824516
1886606136,1235783744,B63,B063,Botale - Mirigama,primary,False,50,,Botale-Mirigama Road,5635.91298350577
1886606136,1427371818,B90,B090,Danowita - Mirigama,primary,False,50,2,Danowita-Mirigama Road,7897.29681955813
1886606136,1886606126,B90,B090,Danowita - Mirigama,primary,False,50,,Danowita-Mirigama Road,153.75616172824516
1887817267,1887817351,B342,B342,Padaviya - Galkulama,secondary,False,50,,Uraliyagara-Panirendawa-Willattewa Road,4310.310711839958
1887817267,1976198848,B79,B079,Chilaw - Wariyapola,primary,False,60,,Chilaw-Wariyapola Road,6080.358994877873
1887817267,3655100675,B79,B079,Chilaw - Wariyapola,primary,False,60,,Chilaw-Wariyapola Road,12897.236058507462
1887817275,1889362449,B342,B342,Padaviya - Galkulama,secondary,False,50,,Uraliyagara-Panirendawa-Willattewa Road,5889.972165934062
1887817275,3180046129,B247,B247,Kurunegala - Narammala - Kuliyapitiya - Madampe,primary,False,70,2,Kurunegala - Narammala - Madampe Road,7216.29865431356
1887817275,1889362430,B247,B247,Kurunegala - Narammala - Kuliyapitiya - Madampe,primary,False,70,2,Kurunegala - Narammala - Madampe Road,2545.536491676774
1887817351,1889362449,B342,B342,Padaviya - Galkulama,secondary,False,50,,Uraliyagara-Panirendawa-Willattewa Road,3635.738508559194
1887817351,1887817267,B342,B342,Padaviya - Galkulama,secondary,False,50,,Uraliyagara-Panirendawa-Willattewa Road,4310.310711839958
1888945264,1877266311,B1,B001,Akkaraipattu - Warapathanchenai,primary,False,60,2,Akkaraipattu-Varipathanchenai Road,1377.6951193340328
1888945264,3998773392,B1,B001,Akkaraipattu - Warapathanchenai,primary,False,60,2,Akkaraipattu-Varipathanchenai Road,1250.7322514517732
1888945264,3271092634,B574,B574,"Flood ProtectionRoad, Akkaraipattu",primary,False,60,2,Flood Protection Road,2190.8100160488134
1889362399,1889362449,B178,B178,Kakkapalliya - Thambagalla,secondary,False,50,,Kakkapalliya-Medagama Road,6830.104759427046
1889362430,1887817275,B247,B247,Kurunegala - Narammala - Kuliyapitiya - Madampe,primary,False,70,2,Kurunegala - Narammala - Madampe Road,2545.5364916767735
1889362449,1887817275,B342,B342,Padaviya - Galkulama,secondary,False,50,,Uraliyagara-Panirendawa-Willattewa Road,5889.972165934063
1889362449,1887817351,B342,B342,Padaviya - Galkulama,secondary,False,50,,Uraliyagara-Panirendawa-Willattewa Road,3635.7385085591945
1889362449,1889362399,B178,B178,Kakkapalliya - Thambagalla,secondary,False,50,,Kakkapalliya-Medagama Road,6830.104759427045
1895649423,2565428366,B185,B185,Kalkudah - Valachchenai,primary,False,50,2,"['Kalkudah Road', 'Kalkudah-Valaichchenai Road']",9844.652890122003
1896097830,1896101718,B615,B615,Dambulla - Bakamuna - Kalagahawela,primary,False,60,2,Dambulla-Bakamuna-Kalagahawela Road,9233.782687522591
1896101718,568948707,B312,B312,Naula - Elahera - Pallegama - Hettipola,primary,False,60,2,Elahera-Pallegama-Hettipola Road,7002.030737464409
1896101718,2051261091,B312,B312,Naula - Elahera - Pallegama - Hettipola,primary,False,60,2,Elahera-Pallegama-Hettipola Road,11489.756309613105
1896101718,1896097830,B615,B615,Dambulla - Bakamuna - Kalagahawela,primary,False,60,2,Dambulla-Bakamuna-Kalagahawela Road,9233.78268752259
1896192506,1241520212,B112,B112,Elahera - Giritale,secondary,False,50,2,Elahera-Giritale Road,31038.268826462376
1896204980,2051261091,B312,B312,Naula - Elahera - Pallegama - Hettipola,primary,False,60,2,Elahera-Pallegama-Hettipola Road,137.96997738347278
1899261813,1676588936,B542,B542,Lady Manning Drive,primary,False,50,2,Lady Manning’s Drive,685.8141015341093
1899261813,6495398268,B542,B542,Lady Manning Drive,primary,False,50,2,Lady Manning’s Drive,18.18215567860863
1899261813,6495398269,B542,B542,Lady Manning Drive,primary,False,50,2,Lady Manning’s Drive,22.629808052885256
1909546344,257926316,B195,B195,Kandy - Kirimetiya,"['secondary', 'primary']",False,50,2,"['Thalathuoya - Moragolla Road', 'Kandy - Ampitiya - Thalatuoya Road', 'Kandy - Thalathuoya - Moragolla Road', 'Ampitiya - Thalatuoya Road', 'Ampitiya Road', 'Moragolla Road']",19422.98096521112
1909546344,1909593733,B364,B364,Peradeniya - Deltota - Rikiligaskada,primary,False,50,2,"['Kandy Road', 'Main Street']",1106.9264785327236
1909546344,1724997103,B364,B364,Peradeniya - Deltota - Rikiligaskada,primary,False,50,2,"['Nillambe Road', 'Galaha Road']",16915.715233487135
1909593733,3217407684,B125,B125,Galaha - Pupuressa - Delpitiya (Section 2),primary,False,50,2,"['Delpitiya Road', 'Pupuressa Road', 'Galaha Road']",27802.60461457969
1909593733,2078334820,B364,B364,Peradeniya - Deltota - Rikiligaskada,primary,False,50,2,"['Rikillagaskada Road', 'Hewaheta Road', 'Deltota Road', 'Galaha Road']",28931.380694090425
1909593733,1909546344,B364,B364,Peradeniya - Deltota - Rikiligaskada,primary,False,50,2,"['Kandy Road', 'Main Street']",1106.9264785327234
1912538608,2091855950,B231,B231,Kolonnawa - Gothatuwa - Angoda,primary,False,50,2,Kolonnawa-Angoda Road,3005.2318670552763
1912538608,5158364156,B231,B231,Kolonnawa - Gothatuwa - Angoda,primary,True,40,,Kolonnawa-Angoda Road,37.09973698883958
1912538674,3301611018,B231,B231,Kolonnawa - Gothatuwa - Angoda,primary,True,50,,Kolonnawa-Angoda Road,21.23716054684656
1912538674,3166543427,B231,B231,Kolonnawa - Gothatuwa - Angoda,primary,False,50,2,"['Mandawila Road', 'Kolonnawa-Angoda Road']",1635.588552263225
1912538681,2760582908,B469,B469,Welikada - Kohilawatta,primary,False,50,2,Buthgamuwa Road,1601.3997554886103
1912538681,3301611023,B469,B469,Welikada - Kohilawatta,primary,True,40,,Buthgamuwa Road,52.18292903252398
1912538707,2083191756,B231,B231,Kolonnawa - Gothatuwa - Angoda,primary,True,,,,17.92570281807235
1924772358,324998173,B336,B336,Old Kandy Road,primary,False,40,,Parakrama Road (Old Kandy Road),690.6233762159104
1931363942,1139090033,B130,B130,Galle - Wakwella,primary,False,50,2,Wakwella Road,2247.4463108323143
1931363942,2150213472,B130,B130,Galle - Wakwella,primary,True,50,1,Wakwella Road,24.692287502105778
1931937742,1932028416,B450,B450,Walasmulla - Weeraketiya,primary,False,70,2,Walasmulla-Weeraketiya Road,183.9016960471676
1931937742,1932028753,B54,B054,Beliatta - Walasmulla,primary,False,60,2,Beliatte-Walasmulla Road,1110.9263403918264
1931937742,2152975776,B485,B485,Walasmulla - Katuwana - Middeniya,primary,False,60,2,Walasmulla-Katuwana-Middeniya Road,301.91806284944863
1931937816,7183404785,B450,B450,Walasmulla - Weeraketiya,primary,False,70,2,Walasmulla-Weeraketiya Road,6819.765056083246
1931937816,1932028416,B450,B450,Walasmulla - Weeraketiya,primary,False,70,2,Walasmulla-Weeraketiya Road,756.5444962625536
1931937816,3142698207,B629,B629,Walasmulla - Julampitiya,primary,False,50,2,Walasmulla-Julampitiya Road,13123.471342269759
1932027734,2157074329,B630,B630,Beliatta - Kirinda,primary,False,60,2,Beliatte-Kirinda Road,2853.0434239899973
1932027734,376774340,B275,B275,Matara - Hakmana,primary,False,60,,Matara-Hakmana Road,590.0517511269078
1932027734,1932028020,B275,B275,Matara - Hakmana,primary,False,60,,Matara-Hakmana Road,1348.0070741277495
1932027779,1932028753,B142,B142,Hakmana - Meella - Talahaganwaduwa,primary,False,60,2,Hakmana-Walasmulla Road,3996.7174052148016
1932027779,1932027824,B142,B142,Hakmana - Meella - Talahaganwaduwa,primary,False,60,2,Hakmana-Walasmulla Road,3954.3409134723547
1932027824,1932027779,B142,B142,Hakmana - Meella - Talahaganwaduwa,primary,False,60,2,Hakmana-Walasmulla Road,3954.3409134723556
1932027824,1932028801,B142,B142,Hakmana - Meella - Talahaganwaduwa,primary,False,60,2,Hakmana-Walasmulla Road,2971.1616481474966
1932027824,2152922533,B98,B098,Denegama - Mulatiyana,primary,False,60,2,Denagama-Mulatiyana Road,6497.834486116668
1932028020,1932027734,B275,B275,Matara - Hakmana,primary,False,60,,Matara-Hakmana Road,1348.0070741277498
1932028020,2605760184,B275,B275,Matara - Hakmana,primary,False,60,,Matara-Hakmana Road,966.9169941590245
1932028204,1932028753,B54,B054,Beliatta - Walasmulla,primary,False,60,2,Beliatte-Walasmulla Road,5222.339843445509
1932028204,3234257841,B54,B054,Beliatta - Walasmulla,primary,False,60,2,Beliatte-Walasmulla Road,2223.9100959854163
1932028416,1931937816,B450,B450,Walasmulla - Weeraketiya,primary,False,70,2,Walasmulla-Weeraketiya Road,756.5444962625536
1932028416,1931937742,B450,B450,Walasmulla - Weeraketiya,primary,False,70,2,Walasmulla-Weeraketiya Road,183.9016960471676
1932028416,2152975776,B565,B565,Walasmulla By Pass,primary,False,60,2,Walasmulla Bypass,371.11442854032043
1932028753,1931937742,B54,B054,Beliatta - Walasmulla,primary,False,60,2,Beliatte-Walasmulla Road,1110.9263403918264
1932028753,1932028204,B54,B054,Beliatta - Walasmulla,primary,False,60,2,Beliatte-Walasmulla Road,5222.339843445503
1932028753,1932027779,B142,B142,Hakmana - Meella - Talahaganwaduwa,primary,False,60,2,Hakmana-Walasmulla Road,3996.7174052148016
1932028801,6542819606,B142,B142,Hakmana - Meella - Talahaganwaduwa,primary,True,60,2,Hakmana-Walasmulla Road,199.76143540560946
1932028801,1932027824,B142,B142,Hakmana - Meella - Talahaganwaduwa,primary,False,60,2,Hakmana-Walasmulla Road,2971.1616481474966
1933502385,6548218206,B309,B309,Narandeniya - Hakmana,primary,False,50,2,Narandeniya-Hakmana Road,6.607237000285712
1933502385,5456686498,B309,B309,Narandeniya - Hakmana,primary,False,50,2,Narandeniya-Hakmana Road,2820.4598715847933
1933502385,6542819612,B275,B275,Matara - Hakmana,primary,True,60,,Matara-Hakmana Road,93.86080027882983
1933520777,2165127439,B536,B536,Kamburupitiya - Kirinda,primary,False,60,2,Kamburupitiya-Kirinda Road,1349.1182767067635
1933520777,5041222126,B536,B536,Kamburupitiya - Kirinda,primary,False,60,2,Kamburupitiya-Kirinda Road,1496.4188731786744
1945604950,2145042656,B97,B097,Demodera - Spring Valley - Badulla,primary,False,60,2,Demodera-Spring Valley-Badulla Road,21731.908077307024
1945605121,6658588595,B113,B113,Ella - Passara,primary,False,60,2,Ella-Passara Road,27214.83844057436
1945644699,3351203885,B359,B359,Passara - Hingurukaduwa - Pelwatte,primary,False,60,2,Passara-Pelwatte Road,29257.229035089622
1945674941,2055594017,B56,B056,Bibile - Medagama - Nakkala,primary,False,60,2,Bibile-Medagama-Nakkala Road,3888.046598956423
1945674941,1979375863,B56,B056,Bibile - Medagama - Nakkala,primary,False,60,2,Bibile-Medagama-Nakkala Road,13584.633599477142
1969450556,1146766252,B157,B157,Horana - Anguruwatota - Aluthgama,primary,False,60,2,Matugama Road,1499.7218555628745
1969450556,3210169158,B157,B157,Horana - Anguruwatota - Aluthgama,primary,False,60,2,Matugama Road,2091.745493482849
1969450599,6294540738,B304,B304,Nagoda - Kalawellawa - Bellapitiya,primary,False,60,2,Nagoda-Kalawellawa-Bellapitiya Road,5274.356383349521
1969450599,2280604896,B304,B304,Nagoda - Kalawellawa - Bellapitiya,primary,False,60,2,Nagoda-Kalawellawa-Bellapitiya Road,176.39589728794863
1971685346,2081238502,B378,B378,Puliyadi - Irakkamam Madu,secondary,False,50,,Puliyadi Irakkamam-Madhu Road,30672.98450834629
1974694415,1974698402,B57,B057,Bibile - Uraniya - Mahiyangana,primary,False,60,2,Bibile-Mahiyangana Road,398.28669295681203
1974694415,4919739452,B57,B057,Bibile - Uraniya - Mahiyangana,primary,False,60,2,Bibile-Mahiyangana Road,443.9348101568861
1974694423,1974698405,B607,B607,Bengamuwa - Molokgamuwa - Galdola,secondary,False,40,2,,199.9531923340225
1974694423,1974698435,B607,B607,Bengamuwa - Molokgamuwa - Galdola,secondary,False,40,2,,84.38717510288878
1974694431,4814119764,B57,B057,Bibile - Uraniya - Mahiyangana,primary,False,60,2,Bibile-Mahiyangana Road,127.30307214413972
1974694431,1974698405,B57,B057,Bibile - Uraniya - Mahiyangana,primary,False,60,2,Bibile-Mahiyangana Road,159.7149885193049
1974698349,4918978047,B57,B057,Bibile - Uraniya - Mahiyangana,primary,False,60,2,Bibile-Mahiyangana Road,268.68457961369285
1974698349,1974698431,B57,B057,Bibile - Uraniya - Mahiyangana,primary,False,60,2,Bibile-Mahiyangana Road,508.7970078414057
1974698349,1974698415,B514,B514,Internal Roads in ith Sacred City Mahiyangana,primary,False,30,2,Sacret City Roads,48.76287054873259
1974698365,1974698405,B57,B057,Bibile - Uraniya - Mahiyangana,primary,False,60,2,Bibile-Mahiyangana Road,201.0907813252213
1974698365,1974698402,B57,B057,Bibile - Uraniya - Mahiyangana,primary,False,60,2,Bibile-Mahiyangana Road,195.1782730202786
1974698374,3822724026,B514,B514,Internal Roads in ith Sacred City Mahiyangana,primary,False,30,2,Sacret City Roads,248.4779080115224
1974698374,10086214431,B514,B514,Internal Roads in ith Sacred City Mahiyangana,primary,False,30,2,Sacret City Roads,202.08785704739927
1974698402,1974698365,B57,B057,Bibile - Uraniya - Mahiyangana,primary,False,60,2,Bibile-Mahiyangana Road,195.1782730202786
1974698402,1974694415,B57,B057,Bibile - Uraniya - Mahiyangana,primary,False,60,2,Bibile-Mahiyangana Road,398.286692956812
1974698404,1974698435,B607,B607,Bengamuwa - Molokgamuwa - Galdola,secondary,False,40,2,,143.27568484122415
1974698405,1974694431,B57,B057,Bibile - Uraniya - Mahiyangana,primary,False,60,2,Bibile-Mahiyangana Road,159.7149885193049
1974698405,1974698365,B57,B057,Bibile - Uraniya - Mahiyangana,primary,False,60,2,Bibile-Mahiyangana Road,201.0907813252213
1974698405,1974694423,B607,B607,Bengamuwa - Molokgamuwa - Galdola,secondary,False,40,2,,199.9531923340225
1974698415,4809569429,B514,B514,Internal Roads in ith Sacred City Mahiyangana,primary,False,30,2,Sacret City Roads,72.72726733468362
1974698415,1974698349,B514,B514,Internal Roads in ith Sacred City Mahiyangana,primary,False,30,2,Sacret City Roads,48.76287054873259
1974698415,3822724026,B514,B514,Internal Roads in ith Sacred City Mahiyangana,primary,False,30,2,Sacret City Roads,71.78610673733073
1974698431,1974698349,B57,B057,Bibile - Uraniya - Mahiyangana,primary,False,60,2,Bibile-Mahiyangana Road,508.79700784140573
1974698431,4900167756,B57,B057,Bibile - Uraniya - Mahiyangana,primary,False,60,2,Bibile-Mahiyangana Road,153.22673475279174
1974698435,1974698404,B607,B607,Bengamuwa - Molokgamuwa - Galdola,secondary,False,40,2,,143.27568484122415
1974698435,1974694423,B607,B607,Bengamuwa - Molokgamuwa - Galdola,secondary,False,40,2,,84.38717510288878
1974713604,5578290006,B497,B497,51st Mile post - Ulhitiyawa,primary,False,60,2,51st Mile Post-Ulhitiyawa Road,16.64237793879943
1974713604,10130033784,B497,B497,51st Mile post - Ulhitiyawa,primary,False,60,2,51st Mile Post-Ulhitiyawa Road,4734.668859128486
1974713604,5578290005,B498,B498,Barrier Junction - Girandura Kotte,primary,True,50,1,Barrier Junction-Girandurukotte Road,30.085428350122925
1974713646,5578290005,B498,B498,Barrier Junction - Girandura Kotte,primary,False,60,2,Barrier Junction-Girandurukotte Road,7136.846327211942
1974713677,4900167756,B57,B057,Bibile - Uraniya - Mahiyangana,primary,False,60,2,Bibile-Mahiyangana Road,1814.5652249520508
1974713677,2055570486,B57,B057,Bibile - Uraniya - Mahiyangana,primary,False,60,2,Bibile-Mahiyangana Road,7313.530142113708
1974719542,5578290006,B497,B497,51st Mile post - Ulhitiyawa,"['secondary', 'primary']",False,"['60', '50']",2,"['Pahala Ratkinda-Ulhitiya Road', 'Pahala Ratkinda-Diyawiddagama Road', 'Captain P. K. A. Jayathilike Mawatha', '51st Mile Post-Ulhitiyawa Road']",15198.949612310029
1974719581,2018086754,B577,B577,Belaganwewa Hembarawa Wilgamuwa,primary,False,60,2,Belaganwewa-Wilgamuwa Road,2058.3877301988837
1974724222,3664816336,B517,B517,Dehiattakandiya - Aralaganwila,primary,False,60,2,Dehiattakandiya-Aralaganwila Road,20766.228408501116
1975353905,3827971307,B485,B485,Walasmulla - Katuwana - Middeniya,primary,False,60,2,Walasmulla-Katuwana-Middeniya Road,8791.97118380859
1975353905,2152975776,B485,B485,Walasmulla - Katuwana - Middeniya,primary,False,60,2,Walasmulla-Katuwana-Middeniya Road,6966.570119272372
1976165109,1976172945,B243,B243,Kuliyapitiya - Hettipola,secondary,False,50,,Kuliyapitiya-Hettipola Road,6853.067477767127
1976165109,1976198848,B79,B079,Chilaw - Wariyapola,primary,False,60,,Chilaw-Wariyapola Road,13269.049823432426
1976165109,3064719459,B79,B079,Chilaw - Wariyapola,primary,False,60,,Chilaw-Wariyapola Road,2490.5519848244853
1976172945,1976165109,B243,B243,Kuliyapitiya - Hettipola,secondary,False,50,,Kuliyapitiya-Hettipola Road,6853.0674777671275
1976172945,7704618060,B243,B243,Kuliyapitiya - Hettipola,secondary,False,50,,"['Kuliyapitiya - Hettipola Road', 'Kuliyapitiya-Hettipola Road']",7918.481255815042
1976198828,7704618073,B243,B243,Kuliyapitiya - Hettipola,secondary,True,50,,Kuliyapitiya - Hettipola Road,9.258572292357817
1976198828,1976198830,B247,B247,Kurunegala - Narammala - Kuliyapitiya - Madampe,primary,True,50,2,Kurunegala - Narammala - Madampe Road,1482.9778680943543
1976198830,7704629712,B65,B065,Bowatte - Padiwela,secondary,False,50,,Bowatta-Padiwela-Kuliyapitiya Road,8.250224368031914
1976198830,7704629738,B247,B247,Kurunegala - Narammala - Kuliyapitiya - Madampe,primary,True,50,2,Kurunegala - Narammala - Madampe Road,542.5975473324488
1976198848,7704629712,B65,B065,Bowatte - Padiwela,secondary,False,50,,"['Bowatta Padiwela Kuliyapitiya Road', 'Bowatta-Padiwela-Kuliyapitiya Road']",17426.763895021137
1976198848,1976165109,B79,B079,Chilaw - Wariyapola,primary,False,60,,Chilaw-Wariyapola Road,13269.04982343242
1976198848,1887817267,B79,B079,Chilaw - Wariyapola,primary,False,60,,Chilaw-Wariyapola Road,6080.358994877872
1976198850,1978072063,B247,B247,Kurunegala - Narammala - Kuliyapitiya - Madampe,primary,False,70,2,Kurunegala - Narammala - Madampe Road,6287.2493305900225
1976198850,7704629744,B247,B247,Kurunegala - Narammala - Kuliyapitiya - Madampe,primary,True,50,2,Kurunegala - Narammala - Madampe Road,461.82933160400773
1976198852,7704629744,B356,B356,Pannala - Kuliyapitiya,secondary,True,50,2,Pannala - Kuliyapitiya Road,7.766015992547753
1976198852,1976198850,B247,B247,Kurunegala - Narammala - Kuliyapitiya - Madampe,primary,True,50,2,Kurunegala - Narammala - Madampe Road,460.7204367851987
1977816707,1239442924,B247,B247,Kurunegala - Narammala - Kuliyapitiya - Madampe,primary,False,70,2,Kurunegala - Narammala - Madampe Road,3358.249484894668
1977816707,6547922829,B247,B247,Kurunegala - Narammala - Kuliyapitiya - Madampe,primary,True,50,2,Kurunegala - Narammala - Madampe Road,274.3752624987023
1978072063,1976198850,B247,B247,Kurunegala - Narammala - Kuliyapitiya - Madampe,primary,False,70,2,Kurunegala - Narammala - Madampe Road,6287.2493305900225
1978072063,3180046129,B247,B247,Kurunegala - Narammala - Kuliyapitiya - Madampe,primary,False,70,2,Kurunegala - Narammala - Madampe Road,7051.079882177531
1978072063,1848166895,B272,B272,Marawila - Udubaddawa,secondary,False,50,,Marawila-Udubeddawa Road,7914.379610883501
1978809439,129616175,B84,B084,Colombo - Horana,primary,False,60,2,Dutugemunu Street,407.2667634680189
1978809439,208541425,B84,B084,Colombo - Horana,primary,False,60,2,Dutugemunu Street,1100.204183243179
1979346418,10083504521,B57,B057,Bibile - Uraniya - Mahiyangana,primary,False,60,2,Bibile-Mahiyangana Road,6878.53716525045
1979375863,1945674941,B56,B056,Bibile - Medagama - Nakkala,primary,False,60,2,Bibile-Medagama-Nakkala Road,13584.63359947714
1979513513,3801712230,B527,B527,Bibile - Pitakumbura - Namal Oya - Inginiyagala,primary,False,60,2,Bibile-Pitakumbura-Namal Oya-Inginiyagala Road,7056.573707868105
1979513531,1877453832,B439,B439,Varapathanchenai - Deegawapi,primary,False,60,2,Varipathanchenai-Deeghavapiya Road,154.5877370942
1980552001,2910209739,B274,B274,Matale - Illukkumbura-Pallegama,primary,False,60,2,"['Matale-Illukkumbura-Pallegama Road', 'Matale-Rattota Road']",9669.132171296618
1980552009,1836349953,B15,B015,Ambatenne - Bokkawela - Arambekade,primary,False,50,2,Poojapitiya Road,5690.9216361330255
1980566512,1856812890,B539,B539,Nelundeniya - Alawwa,primary,False,60,2,Nelundeniya-Alawwa Road,7746.901376954169
1980566518,1980566521,B540,B540,Nelundeniya - Tuntota - Galapitamada,primary,False,60,2,Nelumdeniya-Tuntota-Galapitamada Road,13280.484203471859
1980566521,1980566518,B540,B540,Nelundeniya - Tuntota - Galapitamada,primary,False,60,2,Nelumdeniya-Tuntota-Galapitamada Road,13280.484203471868
1980566521,1427371978,B457,B457,Warakapola - Ruwanwella,primary,False,50,2,Warakapola-Anguruwella Road,11993.30964116911
1980566521,445260233,B457,B457,Warakapola - Ruwanwella,primary,False,50,2,Warakapola-Anguruwella Road,10235.10778511849
1981311694,9462668423,B132,B132,Gampola - Craighead,primary,False,50,2,Dolosbage Road,14760.172126030193
1981311694,9882336681,B279,B279,Mawanella - Hemmaththagama - Singhapitiya,primary,False,50,2,Mawanella-Hemmathagama-Singhapitiya Road,11805.428338226184
1981311694,4142435846,B132,B132,Gampola - Craighead,primary,False,50,2,Buwanekabahu Road,633.6745956597318
1985676777,3699457165,B548,B548,Ranna Angunakolapelessa Vatiya,primary,True,60,1,Angunakolapelessa Road,492.5049326900131
1985676777,1428650220,B548,B548,Ranna Angunakolapelessa Vatiya,primary,False,60,2,Ranna-Angunakolapelessa Road,7368.482696591576
1985676796,610944426,B563,B563,Sooriyawewa Padalangala,primary,False,60,2,Sooriyawewa-Padalangala Road,7610.172402257388
1994703248,3484165078,B34,B034,Ayagama - Kukulegama,primary,False,50,2,Ayagama-Kukulegama Road,16212.676855482001
1994703248,5233976061,B421,B421,Tiruwanaketiya - Agalawatte,primary,False,70,2,Ratnapura Road,4050.36880401495
1994703248,1994725664,B421,B421,Tiruwanaketiya - Agalawatte,primary,False,70,2,Ratnapura Road,2297.08282996859
1994725664,1994703248,B421,B421,Tiruwanaketiya - Agalawatte,primary,False,70,2,Ratnapura Road,2297.0828299685895
1994725664,560221199,B421,B421,Tiruwanaketiya - Agalawatte,primary,False,70,2,Ratnapura Road,19660.775872259383
1994843650,2143415342,B544,B544,Moragolla - Bellana,primary,False,50,2,Moragala-Bellana Road,9866.868820058244
1994843650,560221199,B421,B421,Tiruwanaketiya - Agalawatte,primary,False,70,2,Ratnapura Road,5389.538007773968
1994843650,560221118,B421,B421,Tiruwanaketiya - Agalawatte,primary,False,70,2,Ratnapura Road,2285.917828078969
1994857493,6653100627,B124,B124,Galagoda - Weligepola,primary,False,60,2,Kirimetitenna-Weligepola Road,1096.3564576238975
1994857493,1828212200,B223,B223,Kirimetitenna - Galgoda,primary,False,60,2,Kirimetitenna-Weligepola Road,10650.57729448035
1994857493,3371892591,B467,B467,Weligepola - Handagiriya,primary,False,40,2,Weligepola-Handagiriya Road,10968.17984914074
2001999485,3664816336,B502,B502,Manampitiya - Aralaganwila - Maduru oya,"['secondary', 'primary']",False,60,2,Aralaganwila-Maha Oya Road,38341.305633440104
2015265429,13811685898,B127,B127,Galigomuwa - Ruwanwella,primary,False,60,2,Galigamuwa-Ruwanwella Road,6216.205748144744
2015265429,2015279496,B127,B127,Galigomuwa - Ruwanwella,primary,False,60,2,Galigamuwa-Ruwanwella Road,8837.79491738098
2015265429,3453321762,B602,B602,Morontota Arandara,primary,False,60,2,Morontota-Arandara Road,2306.087101272587
2015279496,3120470733,B605,B605,Alawathura Yatapana Kotiyakumbura,primary,False,60,2,Alawatura-Yatapana-Kotiyakumbura Road,6253.338765590641
2015279496,2015265429,B127,B127,Galigomuwa - Ruwanwella,primary,False,60,2,Galigamuwa-Ruwanwella Road,8837.794917380988
2015279496,445260245,B127,B127,Galigomuwa - Ruwanwella,primary,False,60,2,Galigamuwa-Ruwanwella Road,6499.846239001024
2017404189,2036185335,B115,B115,Embilipitiya - Panamure - Bulutota,primary,False,60,2,Embilipitiya-Panamure-Sooriyakanda Road,27969.871536897892
2017427174,3633693455,B415,B415,Thihagoda - Kamburupitiya - Mawarala - Kotapola,primary,False,50,2,Urubokka-Kotapola Road,1210.363083779096
2017427174,2155827812,B415,B415,Thihagoda - Kamburupitiya - Mawarala - Kotapola,primary,False,50,2,Urubokka-Kotapola Road,16696.084623541385
2017536532,2078784989,B536,B536,Kamburupitiya - Kirinda,primary,False,60,2,Kamburupitiya-Kirinda Road,948.4451277626196
2017536532,2165127439,B536,B536,Kamburupitiya - Kirinda,primary,False,60,2,Kamburupitiya-Kirinda Road,812.5293522084105
2017536532,2017536573,B309,B309,Narandeniya - Hakmana,primary,False,50,2,Narandeniya-Hakmana Road,2703.20791008993
2017536573,2017536532,B309,B309,Narandeniya - Hakmana,primary,False,50,2,Narandeniya-Hakmana Road,2703.2079100899286
2017536573,5456686498,B309,B309,Narandeniya - Hakmana,primary,False,50,2,Narandeniya-Hakmana Road,6382.832396358332
2018057285,5030096474,B577,B577,Belaganwewa Hembarawa Wilgamuwa,primary,False,60,2,Belaganwewa-Wilgamuwa Road,85.91285861901878
2018057285,2055561737,B484,B484,Handungamuwa - Hettipola - Hasalaka,primary,False,60,2,Hasalaka-Hettipola Road,70.82134439438664
2018057285,2055561684,B484,B484,Handungamuwa - Hettipola - Hasalaka,primary,False,60,2,Hasalaka-Hettipola Road,2739.2910902129083
2018086754,2520673118,B577,B577,Belaganwewa Hembarawa Wilgamuwa,primary,False,60,2,Belaganwewa-Wilgamuwa Road,4873.296424932602
2018086754,1974719581,B577,B577,Belaganwewa Hembarawa Wilgamuwa,primary,False,60,2,Belaganwewa-Wilgamuwa Road,2058.3877301988828
2019733995,896199017,B162,B162,Inamaluwa - Sigiriya,primary,False,50,2,Sigiriya Road,23.06012640929709
2019733995,258025225,B294,B294,Moragaswewa - Ilukwewa,"['primary', 'secondary']",False,50,2,"['Moragaswewa-Illukwewa Road', 'Sigiriya Road', 'Illukwewa-Sigiriya Road']",16556.98026210986
2019733995,2051320917,B218,B218,Kibissa - Digampathana,primary,False,60,2,Kibissa-Digampathaha Road,6755.879423483249
2019894706,1156534074,B591,B591,Uyanwatta Polgolla Dam,secondary,False,40,2,Polgolla Dam Road,618.9285647496026
2019950765,4781584814,B413,B413,Tennekumbura - Rikiligaskada - Ragala,primary,True,50,,Rikillagaskada Road,14.902759152971926
2019950765,3201052237,B413,B413,Tennekumbura - Rikiligaskada - Ragala,primary,False,60,2,Rikillagaskada Road,7046.641666679666
2019986609,4924643886,B494,B494,Victoriya Damtop - Adikarigama,primary,False,40,2,Victoria Dam Top-Adhikarigama Road,3406.985494872239
2019986609,4781602735,B492,B492,Kandehandiya - Adikarigama - Randenigala - Loggal Oya,primary,False,70,2,Mahaweli Raja Mawatha,8395.743620401205
2019986609,4877035512,B492,B492,Kandehandiya - Adikarigama - Randenigala - Loggal Oya,primary,False,70,2,Mahaweli Raja Mawatha,16914.343426259835
2021573972,127659819,B603,B603,Magmmana Kurupettha Daigala Gurugalla,primary,False,60,2,Magmmana-Kurupetta-Daigala-Gurugalla Road,11743.405967625813
2021648880,637859907,B262,B262,Makola - Udupila,primary,False,50,2,Makola-Udupila Road,5439.645727506224
2021648880,619906809,B214,B214,Kelaniya - Mudungoda,primary,False,60,2,New Kandy Road,4448.351679709086
2021648880,3107607858,B214,B214,Kelaniya - Mudungoda,primary,False,60,2,New Kandy Road,864.9146153169391
2023111966,3226286143,B172,B172,Kadugannawa - Gampola,primary,False,50,2,Kadugannawa Road,6405.745189280033
2024849379,4445128968,B478,B478,Wilakatupotha - Ganewattha - Kumbukgete,secondary,False,50,,Wariyapola-Ganewatta-kumbukgete Road,7052.500043028733
2024849379,2025020177,B159,B159,Ibbagamuwa - Kumbukgete - Madagalla,secondary,False,50,,Ibbagamuwa-Kumbukgete-Madagalla Road,14699.134564382852
2024849379,5051771525,B159,B159,Ibbagamuwa - Kumbukgete - Madagalla,secondary,False,50,,Ibbagamuwa-Kumbukgete-Madagalla Road,12932.98870463277
2024988651,5225962162,B300,B300,Muttetugala - Hiripitiya,secondary,False,50,,Muttettugala-Hiripitiya Road,18427.057609601925
2025020177,2024849379,B159,B159,Ibbagamuwa - Kumbukgete - Madagalla,secondary,False,50,,Ibbagamuwa-Kumbukgete-Madagalla Road,14699.134564382854
2026106458,3615147754,B42,B042,Bandarawela - Liyangahawela - Poonagala,primary,False,60,2,Bandarawela-Liyangahawela-Poonagala Road,20600.56240933011
2026114937,3666045181,B508,B508,Welimade - Borelanda - Ohiya - Horton Plains,primary,False,60,2,Welimada-Boralande Road,9546.790141340816
2026484605,1285521732,B168,B168,Kadawata - Ragama - Welisara,primary,False,60,2,Ragama Flyover,354.2681820133349
2026484605,5549855445,B168,B168,Kadawata - Ragama - Welisara,primary,True,40,,Main Street,144.47511311113098
2026484605,3345099186,B168,B168,Kadawata - Ragama - Welisara,primary,False,70,2,Ragama-Kadawatha Road,4655.711514447417
2031636377,4877035512,B492,B492,Kandehandiya - Adikarigama - Randenigala - Loggal Oya,primary,False,70,2,Mahaweli Raja Mawatha,29490.65464849349
2031636377,3770695580,B36,B036,Badulla - Karametiya - Andaulpotha,primary,False,60,2,Badulla-Mahiyanganaya Road,2279.2097726183397
2031636377,3773265561,B36,B036,Badulla - Karametiya - Andaulpotha,primary,False,60,2,Badulla-Mahiyanganaya Road,2126.228809365268
2035763052,191850199,B331,B331,Nuwara Eliya Town Road,primary,False,50,2,Old Kandy Road (Old Bazaar Street),157.26426421118853
2035763052,2035832247,B331,B331,Nuwara Eliya Town Road,primary,False,50,2,Old Udapussellawa Road,546.8596033203304
2035832241,13650405023,B249,B249,Lady Macallums Drive,primary,False,50,2,Lady McCallum's Drive,14.70364333047124
2035832241,4897029032,B331,B331,Nuwara Eliya Town Road,primary,False,50,2,Old Udapussellawa Road,16.567201771190753
2035832241,2035832247,B249,B249,Lady Macallums Drive,primary,False,50,2,Lady McCallum's Drive,48.478636477230026
2035832247,191849931,B249,B249,Lady Macallums Drive,primary,False,50,2,"[""Lady McCallum's Drive"", 'Hill Street']",959.3697632414227
2035832247,2035763052,B331,B331,Nuwara Eliya Town Road,primary,False,50,2,Old Udapussellawa Road,546.8596033203302
2035832247,2035832241,B249,B249,Lady Macallums Drive,primary,False,50,2,Lady McCallum's Drive,48.478636477230026
2035832311,77682074,B332,B332,Nuwara Eliya - Uda Pussellawa,primary,False,50,2,Uda Pussellawa Road,42.52925229868191
2035832311,198553743,B332,B332,Nuwara Eliya - Uda Pussellawa,primary,False,50,2,Uda Pussellawa Road,591.3857684745093
2035845823,13650405023,B249,B249,Lady Macallums Drive,primary,False,50,2,"[""Lover's Leap Road"", ""Lady McCallum's Drive""]",3110.2277344081763
2035845823,198553743,B332,B332,Nuwara Eliya - Uda Pussellawa,primary,False,50,2,Uda Pussellawa Road,1199.5683777380468
2035845823,2035855681,B332,B332,Nuwara Eliya - Uda Pussellawa,primary,False,50,2,Uda Pussellawa Road,16747.53194367255
2035855681,2035845823,B332,B332,Nuwara Eliya - Uda Pussellawa,primary,False,50,2,Uda Pussellawa Road,16747.531943672544
2035855681,2035878922,B413,B413,Tennekumbura - Rikiligaskada - Ragala,primary,False,60,2,"['Ragala Road', 'Tennekumbura-Rikillagaskada-Ragala Road']",12624.340056078812
2035855681,2408054159,B332,B332,Nuwara Eliya - Uda Pussellawa,primary,False,50,2,Uda Pussellawa Road,9722.832794050908
2035878922,4877071672,B413,B413,Tennekumbura - Rikiligaskada - Ragala,primary,False,60,2,Ragala Road,7977.874064816599
2035878922,2035855681,B413,B413,Tennekumbura - Rikiligaskada - Ragala,primary,False,60,2,"['Tennekumbura-Rikillagaskada-Ragala Road', 'Ragala Road']",12624.340056078798
2036185335,2017404189,B115,B115,Embilipitiya - Panamure - Bulutota,primary,False,60,2,Embilipitiya-Panamure-Sooriyakanda Road,27969.87153689792
2036185335,3155986410,B115,B115,Embilipitiya - Panamure - Bulutota,primary,False,60,2,Embilipitiya-Panamure-Sooriyakanda Road,9749.794147605693
2036185335,2152922062,B286,B286,Middeniya - Panamure,primary,False,50,2,Middeniya-Panamure Road,2310.0019287559703
2043454739,2407536122,B100,B100,Dikwella - Jangulla - Talpitigala,primary,False,60,2,Ketawala-Galauda Road,4152.728124919829
2043454739,5190957525,B100,B100,Dikwella - Jangulla - Talpitigala,primary,False,60,2,Ketawala Road,6441.23115935529
2043478205,10083504605,B57,B057,Bibile - Uraniya - Mahiyangana,primary,False,60,2,Bibile-Mahiyangana Road,397.4818817438034
2043478205,11854288259,B57,B057,Bibile - Uraniya - Mahiyangana,primary,False,60,2,Bibile-Mahiyangana Road,14820.129419228351
2051261091,1896101718,B312,B312,Naula - Elahera - Pallegama - Hettipola,primary,False,60,2,Elahera-Pallegama-Hettipola Road,11489.756309613096
2051261091,1896204980,B312,B312,Naula - Elahera - Pallegama - Hettipola,primary,False,60,2,Elahera-Pallegama-Hettipola Road,137.96997738347278
2051320917,2019733995,B218,B218,Kibissa - Digampathana,primary,False,60,2,Kibissa-Digampathaha Road,6755.879423483249
2052447109,5648828411,B165,B165,Kachcheri Beach Fort Road,secondary,False,50,,Beach Road,519.7515640679923
2052447109,849241783,B165,B165,Kachcheri Beach Fort Road,secondary,False,50,,Beach Road,639.4721379492956
2052447109,2052447115,B198,B198,Karaiyoor Reclamation,secondary,False,50,,Karaiyoor Reclamation,1583.3469772706435
2052447115,2152817015,B80,B080,Chundikuli - Colombouthurai,secondary,False,"['40', '50']",,"['Thundi Road', 'Beach Road', 'Chundukuli - Colombouthurai']",4585.636983121223
2052447115,5648828412,B165,B165,Kachcheri Beach Fort Road,secondary,False,50,,Beach Road,611.5508040293818
2052447115,2052447109,B198,B198,Karaiyoor Reclamation,secondary,False,50,,Karaiyoor Reclamation,1583.3469772706435
2055561684,2018057285,B484,B484,Handungamuwa - Hettipola - Hasalaka,primary,False,60,2,Hasalaka-Hettipola Road,2739.291090212909
2055561684,4990131983,B484,B484,Handungamuwa - Hettipola - Hasalaka,primary,False,60,2,Hettipola-Wasgamuwa Road,15550.393300349717
2055561684,3897543544,B312,B312,Naula - Elahera - Pallegama - Hettipola,primary,False,60,2,Elahera-Pallegama-Hettipola Road,13977.755014023342
2055561737,2055564960,B484,B484,Handungamuwa - Hettipola - Hasalaka,primary,False,60,2,Hasalaka-Hettipola Road,25100.620657214768
2055561737,2018057285,B484,B484,Handungamuwa - Hettipola - Hasalaka,primary,False,60,2,Hasalaka-Hettipola Road,70.82134439438663
2055564960,2055561737,B484,B484,Handungamuwa - Hettipola - Hasalaka,primary,False,60,2,Hasalaka-Hettipola Road,25100.620657214764
2055570486,1974713677,B57,B057,Bibile - Uraniya - Mahiyangana,primary,False,60,2,Bibile-Mahiyangana Road,7313.530142113714
2055570486,3548926831,B580,B580,Nikatupitiya Junction to Mapakadawewa Junction,primary,False,70,2,Badulla-Mahiyangana Road,8194.595900838905
2055570486,4509879174,B57,B057,Bibile - Uraniya - Mahiyangana,primary,False,60,2,Bibile-Mahiyangana Road,87.76957582142235
2055594017,2055594048,B56,B056,Bibile - Medagama - Nakkala,primary,False,60,2,Bibile-Medagama-Nakkala Road,6692.156618036375
2055594017,1945674941,B56,B056,Bibile - Medagama - Nakkala,primary,False,60,2,Bibile-Medagama-Nakkala Road,3888.0465989564213
2055594048,10088292097,B56,B056,Bibile - Medagama - Nakkala,primary,False,60,2,Bibile-Medagama-Nakkala Road,5944.6978476737495
2055594048,2055594017,B56,B056,Bibile - Medagama - Nakkala,primary,False,60,2,Bibile-Medagama-Nakkala Road,6692.156618036378
2055607563,3454145592,B527,B527,Bibile - Pitakumbura - Namal Oya - Inginiyagala,primary,False,60,2,Bibile-Pitakumbura-Namal Oya-Inginiyagala Road,5363.282630601167
2055607563,6038408773,B527,B527,Bibile - Pitakumbura - Namal Oya - Inginiyagala,primary,False,60,2,Bibile-Pitakumbura-Namal Oya-Inginiyagala Road,42384.38025640725
2064203704,639204465,B261,B261,"Main Street, Negombo",primary,False,60,2,Main Street,721.582111706222
2068144084,206597400,B94,B094,Dehiwela - Maharagama,primary,False,"['60', '50']",2,Dehiwela Road (Dehiwela-Maharagama Road),2183.5690029322436
2068144084,3521595120,B94,B094,Dehiwela - Maharagama,primary,True,60,,Dehiwela Road (Dehiwela-Maharagama Road),20.341541967176695
2068144145,9577055311,B94,B094,Dehiwela - Maharagama,primary,True,60,2,Dehiwela Road (Dehiwela-Maharagama Road),10.772897484186046
2068144145,6519129899,B94,B094,Dehiwela - Maharagama,primary,False,60,,Dehiwela Road (Dehiwela-Maharagama Road),264.7008297056419
2071116379,2071116345,B316,B316,Navinna - Boralesgamuwa,primary,True,40,,Sri Soratha Mawatha,25.489456651608112
2071116379,250734844,B316,B316,Navinna - Boralesgamuwa,primary,False,40,,"['Sri Soratha Mawatha', 'University Road']",1942.56502148821
2076672978,2088167963,B114,B114,Elpitiya - Avittawa - Lewwanduwa,primary,False,50,2,"['Elpitiya - Avittawa - Lewwanduwa Road', 'Avittawa Bridge', 'Elpitiya-Avittawa-Lewwanduwa Road', 'Elpitiya-Avittawa Road', 'Avittawa-Ittapana Road']",24127.276856045355
2076672978,3211931764,B114,B114,Elpitiya - Avittawa - Lewwanduwa,primary,False,50,2,Elpitiya-Avittawa Road,2997.3475052359545
2076672978,1788449944,B217,B217,Ketapola - Omatta - Thotupola,secondary,False,50,,Ketapola-Omatta-Totupola Road,1285.8685591385615
2076672992,1792701998,B14,B014,Ambalangoda - Elpitiya - Pitigala,primary,False,50,,Ambalangoda-Elpitiya-Pitigala Road,3655.553138752633
2076672992,2185127828,B14,B014,Ambalangoda - Elpitiya - Pitigala,primary,False,"['60', '50']",2,"['Ambalangoda-Elpitiya-Pitigala Road', 'Pelawatta-Pitigala Road']",8566.663517030525
2077442148,1190546887,B329,B329,Norwood - Bogowantalawa - Campion,primary,False,50,2,"['Olugantota-Pinnawala-Bogowantalawa Road', 'Norwood-Bogawantalawa-Campion Road']",49243.518086946315
2078322240,2382152014,B69,B069,Buwelikada - Lewella,primary,True,50,,Buwelikada Road,10.562809313943074
2078328569,1855296116,B5,B005,Aladeniya - Iriyagama,primary,False,50,2,"['Main Street', 'Muruthalawa Road']",4143.300660094239
2078331482,13625464816,B505,B505,Phala Eriyagama - Penideniya,primary,False,50,2,Sarananda Road,869.8900820566344
2078334820,1909593733,B364,B364,Peradeniya - Deltota - Rikiligaskada,primary,False,50,2,"['Rikillagaskada Road', 'Hewaheta Road', 'Deltota Road', 'Galaha Road']",28931.38069409044
2078334820,3201082769,B413,B413,Tennekumbura - Rikiligaskada - Ragala,primary,False,60,2,"['Rikillagaskada Road', 'Hanguranketha Road']",10983.063237643895
2078334820,4815668922,B413,B413,Tennekumbura - Rikiligaskada - Ragala,primary,False,60,2,"['Munwatta Road', 'Padiyapelella Road']",8360.555931202623
2078611991,1821073186,B581,B581,Welimada By Pass,primary,False,50,2,Welimada Bypass,94.68224080336188
2078753314,2078753333,B98,B098,Denegama - Mulatiyana,primary,False,60,2,Denagama-Mulatiyana Road,636.396982641949
2078753314,2152922533,B98,B098,Denegama - Mulatiyana,primary,False,60,2,Denagama-Mulatiyana Road,1836.745287487643
2078753333,2078753477,B98,B098,Denegama - Mulatiyana,primary,False,60,2,Denagama-Mulatiyana Road,2989.0320593969304
2078753333,2078753314,B98,B098,Denegama - Mulatiyana,primary,False,60,2,Denagama-Mulatiyana Road,636.3969826419489
2078753463,2078784989,B415,B415,Thihagoda - Kamburupitiya - Mawarala - Kotapola,primary,False,60,2,Kamburupitiya-Mulatiyana Road,13234.399624196227
2078753463,2078753475,B415,B415,Thihagoda - Kamburupitiya - Mawarala - Kotapola,primary,False,60,2,Mulatiyana-Urubokka,62.62662126560281
2078753475,3368441146,B415,B415,Thihagoda - Kamburupitiya - Mawarala - Kotapola,primary,False,60,2,Mulatiyana-Urubokka,7486.1299491944665
2078753475,2078753463,B415,B415,Thihagoda - Kamburupitiya - Mawarala - Kotapola,primary,False,60,2,Mulatiyana-Urubokka,62.62662126560281
2078753475,2078753477,B98,B098,Denegama - Mulatiyana,primary,True,60,1,Denagama-Mulatiyana Road,53.15568210898523
2078753477,2078753463,B98,B098,Denegama - Mulatiyana,primary,True,60,1,Denagama-Mulatiyana Road,82.47304908620146
2078753477,2078753333,B98,B098,Denegama - Mulatiyana,primary,False,60,2,Denagama-Mulatiyana Road,2989.0320593969313
2078754584,3368441146,B415,B415,Thihagoda - Kamburupitiya - Mawarala - Kotapola,primary,False,60,2,Mulatiyana-Urubokka,7267.4526185484165
2078754584,2078754703,B415,B415,Thihagoda - Kamburupitiya - Mawarala - Kotapola,primary,False,60,2,Mulatiyana-Urubokka,1904.2020826976748
2078754703,3203084587,B607,B607,Bengamuwa - Molokgamuwa - Galdola,primary,False,60,2,Bengamuwa-Molokgamuwa-Galdola Road,9289.295998596523
2078754703,2078755191,B415,B415,Thihagoda - Kamburupitiya - Mawarala - Kotapola,primary,False,60,2,Mulatiyana-Urubokka,7012.137516978716
2078754703,2078754584,B415,B415,Thihagoda - Kamburupitiya - Mawarala - Kotapola,primary,False,60,2,Mulatiyana-Urubokka,1904.202082697675
2078754919,2078755191,B606,B606,Katuwana - Rukmalpitiya - Hulankanda - Heegoda,primary,False,60,2,Katuwana-Urubokka Road,2836.6833431420146
2078754919,3827971313,B606,B606,Katuwana - Rukmalpitiya - Hulankanda - Heegoda,primary,False,60,"['2', '*']",Katuwana-Urubokka Road,6429.635679067865
2078755191,2078754703,B415,B415,Thihagoda - Kamburupitiya - Mawarala - Kotapola,primary,False,60,2,Mulatiyana-Urubokka,7012.137516978714
2078755191,3633693454,B415,B415,Thihagoda - Kamburupitiya - Mawarala - Kotapola,primary,False,60,2,Mulatiyana-Urubokka,904.5009428532477
2078755191,2078754919,B606,B606,Katuwana - Rukmalpitiya - Hulankanda - Heegoda,primary,False,60,2,Katuwana-Urubokka Road,2836.6833431420137
2078784989,2165130846,B415,B415,Thihagoda - Kamburupitiya - Mawarala - Kotapola,primary,False,60,2,Matara-Kamburupitiya Road,200.54410513554595
2078784989,2078753463,B415,B415,Thihagoda - Kamburupitiya - Mawarala - Kotapola,primary,False,60,2,Kamburupitiya-Mulatiyana Road,13234.399624196236
2078784989,2017536532,B536,B536,Kamburupitiya - Kirinda,primary,False,60,2,Kamburupitiya-Kirinda Road,948.4451277626194
2078949437,6495360827,B46,B046,Bar Road - Batticaloa,primary,True,60,,Bar Road,26.42758883377545
2078968896,6495360827,B46,B046,Bar Road - Batticaloa,primary,False,60,2,Bar Road,242.95505864617795
2079537908,1796922853,B163,B163,Ingiriya - Halwatura,primary,False,50,2,Ingiriya-Halwatura Road,3361.851485184107
2079537908,1796922874,B68,B068,Ingiriya - Halwatura - Egaloya,primary,False,50,2,Ingiriya-Halwatura-Egal Oya Road,1591.7733381509502
2079537908,1796923216,B68,B068,Ingiriya - Halwatura - Egaloya,primary,False,50,2,Ingiriya-Halwatura-Egal Oya Road,1375.396301330962
2079537942,1697582615,B285,B285,Meepe - Ingiriya,primary,False,50,2,Meepe-Ingiriya Road,11516.910929088406
2081198513,1812177148,B284,B284,Meddewatte - Kekanadure - Yatiyana,primary,False,60,2,Meddewatte-Kekanadure-Yatiyana Road,71.96968062170124
2081198513,2081198517,B284,B284,Meddewatte - Kekanadure - Yatiyana,primary,False,60,2,Meddewatte-Kekanadure-Yatiyana Road,5676.765377440295
2081198517,1639380623,B284,B284,Meddewatte - Kekanadure - Yatiyana,primary,False,60,2,Meddewatte-Kekanadure-Yatiyana Road,3540.1909471532895
2081198517,2081198513,B284,B284,Meddewatte - Kekanadure - Yatiyana,primary,False,60,2,Meddewatte-Kekanadure-Yatiyana Road,5676.765377440288
2081238502,1971685346,B378,B378,Puliyadi - Irakkamam Madu,secondary,False,50,,Puliyadi Irakkamam-Madhu Road,30672.98450834628
2081300475,2590173342,B431,B431,Ulapane - Pussellawa,primary,False,50,2,Ulapane-Pussellawa Road,1878.82962621772
2082247570,3350317932,B17,B017,Ampara Town Roads,primary,False,50,2,Dharmapala Mawatha,767.1018783849073
2082247577,11715848170,B17,B017,Ampara Town Roads,primary,False,50,,Kachcheri Road,8.79925807297105
2083191782,2083191728,B231,B231,Kolonnawa - Gothatuwa - Angoda,primary,True,,,,19.609002822208538
2083588478,245519512,B304,B304,Nagoda - Kalawellawa - Bellapitiya,primary,False,60,2,"['Naragala Bridge', 'Nagoda-Kalawellawa-Bellapitiya Road']",14175.656929120467
2083588478,1796923068,B304,B304,Nagoda - Kalawellawa - Bellapitiya,primary,False,60,2,Nagoda-Kalawellawa-Bellapitiya Road,164.7367317255019
2083588478,1796923216,B68,B068,Ingiriya - Halwatura - Egaloya,primary,False,50,2,Ingiriya-Halwatura-Egal Oya Road,6041.842429137237
2087105380,970090967,B401,B401,Siyambalape - Galwalkada,primary,False,50,,Siyambalape Road,1664.6567828945633
2087105380,3517629552,B632,B632,Sapugaskanda Oil Refinery Junction - Biyagama Free Trade Zone (Samurdhi Mawatha),primary,False,50,2,Biyagama Makola Road,2511.0817699610675
2087105380,7903823164,B632,B632,Sapugaskanda Oil Refinery Junction - Biyagama Free Trade Zone (Samurdhi Mawatha),primary,False,50,2,Biyagama Makola Road,480.56812738479505
2087260972,1797964284,B93,B093,Dehiowita - Deraniyagala - Noori,primary,True,50,1,Dehiowita-Deraniyagala Road,40.01390706264194
2087539072,308865192,B349,B349,Palavi - Kalpitiya,secondary,False,"['40', '50']",,Palavi-Kalpitiya Road,42162.787674432235
2088167963,3210169158,B157,B157,Horana - Anguruwatota - Aluthgama,primary,False,60,2,Matugama Road,744.5339822581296
2088167963,3425048799,B157,B157,Horana - Anguruwatota - Aluthgama,primary,False,60,2,Matugama Road,12634.535879536079
2088167963,2076672978,B114,B114,Elpitiya - Avittawa - Lewwanduwa,primary,False,50,2,"['Elpitiya - Avittawa - Lewwanduwa Road', 'Avittawa Bridge', 'Elpitiya-Avittawa-Lewwanduwa Road', 'Elpitiya-Avittawa Road', 'Avittawa-Ittapana Road']",24127.27685604538
2090006193,1723290053,B549,B549,Embilipitiya - Moraketiya - Kiriibbanara - Uda Mauara,primary,False,72,2,Embilipitiya-Moraketiya-Kiriibbanara-Uda Mauara Road,7877.79743626865
2090006193,1723290267,B549,B549,Embilipitiya - Moraketiya - Kiriibbanara - Uda Mauara,primary,False,72,2,Embilipitiya-Moraketiya-Kiriibbanara-Uda Mauara Road,2655.7145339863305
2091781232,2152938672,B504,B504,Maharagama - Pamunuwa - Thalapathpitiya,primary,False,"['40', '50']","['1', '2']",Pamunuwa Road,2338.7782813298945
2091781232,6006772893,B335,B335,"Old Bazaar Road, Maharagama",primary,True,50,,Old Road,407.0608232840287
2091855950,3705965291,B231,B231,Kolonnawa - Gothatuwa - Angoda,primary,True,50,,Kolonnawa-Angoda Road,26.529010640520475
2091855950,1912538608,B231,B231,Kolonnawa - Gothatuwa - Angoda,primary,False,50,2,Kolonnawa-Angoda Road,3005.231867055278
2093606557,3069813661,B409,B409,Talgodapitiya - Yatawatte - Dombawala,primary,False,60,2,"['Dodangaslanda-Yatawatta-Dombawela Road', 'Talgodapitiya-Dodangaslanda Road']",21523.445566086615
2093606557,7765114184,B346,B346,Palapathwela - Galewela,primary,False,60,2,Palapathwela-Galewela Road,28133.359879485488
2093606557,258049453,B346,B346,Palapathwela - Galewela,primary,False,60,2,Palapathwela-Galewela Road,2419.2259997035367
2093606919,3069813661,B409,B409,Talgodapitiya - Yatawatte - Dombawala,primary,False,60,2,Talgodapitiya-Dodangaslanda Road,5015.677005732344
2093608214,7765114184,B346,B346,Palapathwela - Galewela,primary,False,60,2,Palapathwela-Galewela Road,7.172403665761486
2093608215,3522149870,B423,B423,Tonigala - Kalawewa - Galewela,primary,True,50,*,Kalawewa-Galewela Road,38.6663495604931
2093609890,2638058713,B19,B019,Anamaduwa - Uswewa - Galgamuwa,primary,False,"['70', '50']",2,Anamaduwa - Uswewa - Galgamuwa Road,11555.16534480753
2093609890,5750995617,B19,B019,Anamaduwa - Uswewa - Galgamuwa,primary,False,70,2,Anamaduwa - Uswewa - Galgamuwa Road,8510.960092664107
2093610059,2093610826,B201,B201,Karuwalagaswewa - Miyallewa,secondary,False,70,2,Karuwalagaswewa - Miyallewa Road,19261.592472210086
2093610059,4807150340,B19,B019,Anamaduwa - Uswewa - Galgamuwa,primary,False,70,2,Anamaduwa - Uswewa - Galgamuwa Road,17528.150866642176
2093610059,5750995617,B19,B019,Anamaduwa - Uswewa - Galgamuwa,primary,False,70,2,Anamaduwa - Uswewa - Galgamuwa Road,1376.7658617218497
2093610245,3163956073,B126,B126,Galgamuwa - Nikawewa,secondary,False,50,,Galgamuwa - Nikawewa Road,21122.300424535886
2093610245,615737752,B126,B126,Galgamuwa - Nikawewa,secondary,False,50,,Galgamuwa - Nikawewa Road,3583.4700930367503
2093610245,3336196292,B568,B568,Hurigaswewa Kalankuttioya Siyambalangamuwa,secondary,False,50,,Hurigaswewa - Meegalewa - Siyambalangamuwa Road,14132.756267204726
2093610550,2723880187,B501,B501,Andarawewa - Balaluwewa( Jeya Mawatha ),secondary,False,60,,Andarawewa - Balaluwewa Road,4914.534619096208
2093610550,566569620,B501,B501,Andarawewa - Balaluwewa( Jeya Mawatha ),secondary,False,60,,Andarawewa - Balaluwewa Road,3693.4543481598034
2093610826,2093610059,B201,B201,Karuwalagaswewa - Miyallewa,secondary,False,70,2,Karuwalagaswewa - Miyallewa Road,19261.592472210097
2093611084,3518433775,B213,B213,Kekirawa - Talawa,primary,False,60,,Thalawa Eppawala Road,5449.0874642927665
2093611084,5229420028,B213,B213,Kekirawa - Talawa,primary,False,60,,Thalawa Eppawala Road,1028.8471329245156
2093611607,2840975729,B501,B501,Andarawewa - Balaluwewa( Jeya Mawatha ),secondary,False,"['60', '50']",,Andarawewa - Balaluwewa Road,2419.9489090548172
2093611607,3336196292,B501,B501,Andarawewa - Balaluwewa( Jeya Mawatha ),secondary,False,60,,Andarawewa - Balaluwewa Road,9821.387710496154
2093611941,2093612506,B564,B564,Otappuwa Ihalawewa,secondary,False,60,,Otappuwa - Maragahawewa Road,13806.556587115983
2093611941,2094553959,B501,B501,Andarawewa - Balaluwewa( Jeya Mawatha ),secondary,False,60,,Andarawewa - Balaluwewa Road,1533.025185354748
2093612506,2093611941,B564,B564,Otappuwa Ihalawewa,secondary,False,60,,Otappuwa - Maragahawewa Road,13806.556587115987
2093612778,4884114552,B133,B133,Ganewelpola - Dachchahalmillewa,primary,False,60,,Ganewelpola-Galenbindunuwewa-Dachchahalmillewa Road,46014.30646801859
2093613917,1146591926,B269,B269,Mankulam - Vellankulam,secondary,False,50,,Mankulam-Vellankulam Road,39985.00227423812
2094553959,2093611941,B501,B501,Andarawewa - Balaluwewa( Jeya Mawatha ),secondary,False,60,,Andarawewa - Balaluwewa Road,1533.025185354748
2094553959,2840975746,B501,B501,Andarawewa - Balaluwewa( Jeya Mawatha ),secondary,False,60,,Andarawewa - Balaluwewa Road,4119.677848011781
2094947243,1242786017,B618,B618,Mollipothana - Soorangal,primary,False,60,2,Mullipotana-Soorangal Road,13981.964767157631
2113181192,3145257092,B427,B427,Udawalawe - Tanamalwila,primary,False,72,2,Timbolketiya-Tanamalwila Road,11475.573807376672
2113181192,1723290267,B427,B427,Udawalawe - Tanamalwila,primary,False,72,2,Timbolketiya-Tanamalwila Road,9193.712631968687
2117500121,3150410545,B96,B096,Dematagoda - Wellampitiya,primary,True,50,,Kolonnawa Road,23.234581842622134
2122125311,3340955133,B470,B470,Welikada - Nawala,primary,True,50,2,Nawala Road,80.00874091676673
2131510192,1855296116,B5,B005,Aladeniya - Iriyagama,primary,False,50,2,"['Aladeniya Road', 'Muruthalawa Road']",5329.461575198775
2131864627,3705965291,B96,B096,Dematagoda - Wellampitiya,primary,False,50,2,Weerasingha Mallimarachchi Mawatha (Kolonnawa Road),18.74814181161704
2131864627,2091855950,B231,B231,Kolonnawa - Gothatuwa - Angoda,primary,True,50,,Kolonnawa-Angoda Road,24.9327296052665
2131864627,403816178,B96,B096,Dematagoda - Wellampitiya,primary,False,50,2,Weerasingha Mallimarachchi Mawatha (Kolonnawa Road),593.8323449732534
2131864639,403874820,B96,B096,Dematagoda - Wellampitiya,primary,False,50,2,"['Kolonnawa Road', 'Weerasingha Mallimarachchi Mawatha (Kolonnawa Road)']",843.6783842647727
2131864639,3705965291,B96,B096,Dematagoda - Wellampitiya,primary,False,50,2,Weerasingha Mallimarachchi Mawatha (Kolonnawa Road),350.80738123924056
2131864639,683787618,B232,B232,Kolonnawa - Yakbedde,primary,False,50,2,"['New Kolonnawa Road', 'Gajaba Road', 'Parakumba Mawatha']",2637.938182693525
2141873197,1149576728,B426,B426,Tummodera - Puwakpitiya,primary,False,50,,Tummodara - Puwakpitiya Road,9322.786159876527
2142265829,403899823,B152,B152,Mattakkuliya - Uswetakeiyawa - Pinwattha,primary,False,50,,Canal Road (New Negombo Road),1483.8278107487197
2142265829,6537339897,B152,B152,Mattakkuliya - Uswetakeiyawa - Pinwattha,primary,False,50,,Canal Road (New Negombo Road),2311.911358270492
2143415342,1994843650,B544,B544,Moragolla - Bellana,primary,False,50,2,Moragala-Bellana Road,9866.868820058236
2143415342,3210162496,B158,B158,Horawela - Pelawatte - Pitigala,primary,False,60,2,Horawela-Pelawatte Road,8184.608031382329
2143415342,1146766252,B158,B158,Horawela - Pelawatte - Pitigala,primary,False,60,2,Horawela-Pelawatte Road,7779.005707537279
2145042656,1945604950,B97,B097,Demodera - Spring Valley - Badulla,primary,False,60,2,Demodera-Spring Valley-Badulla Road,21731.908077307016
2145113863,4006801962,B136,B136,Gevilipitiya - Hettimulla,primary,False,60,2,Gevilipitiya-Hettimulla Road,15011.65777659082
2149942832,10180821183,B495,B495,Edandawela - Kahahengama,primary,False,60,2,Edandawela-Kahengama Road,1975.9416582954295
2150213460,5182838447,B130,B130,Galle - Wakwella,primary,True,50,1,Wakwella Road,41.90603949159169
2151603690,2151631685,B265,B265,Malwala - Carney,primary,False,60,2,Ratnapura-Palabaddala Road,14278.526768945962
2151603690,1708362825,B477,B477,Wewelwatte - Agarsland - Uwella,primary,False,60,2,"['Wewelwatte-Agar’s Land-Uwella Road', 'Ratnapura-Wewelwatte Road', 'Balangoda-Rassagala-Uwella Road', 'Malwala Bridge']",43611.09276723173
2151603690,1694691223,B391,B391,Ratnapura - Wewelwatte,primary,False,60,2,Ratnapura-Wewelwatte Road,7173.606553508652
2151631685,2151603690,B265,B265,Malwala - Carney,primary,False,60,2,Ratnapura-Palabaddala Road,14278.52676894597
2152817015,2052447115,B80,B080,Chundikuli - Colombouthurai,secondary,False,"['40', '50']",,"['Thundi Road', 'Beach Road', 'Chundukuli - Colombouthurai']",4585.636983121221
2152922062,1725074556,B286,B286,Middeniya - Panamure,primary,False,50,2,Middeniya-Panamure Road,9779.592845721212
2152922062,2036185335,B286,B286,Middeniya - Panamure,primary,False,50,2,Middeniya-Panamure Road,2310.00192875597
2152922533,2078753314,B98,B098,Denegama - Mulatiyana,primary,False,60,2,Denagama-Mulatiyana Road,1836.7452874876435
2152922533,1932027824,B98,B098,Denegama - Mulatiyana,primary,False,60,2,Denagama-Mulatiyana Road,6497.834486116667
2152938672,2091781232,B504,B504,Maharagama - Pamunuwa - Thalapathpitiya,primary,False,"['40', '50']","['1', '2']",Pamunuwa Road,2338.778281329895
2152938672,255179558,B530,B530,Udahamulla - Thalapathpitiya,primary,False,"['40', '50']",2,"['Temple Road', 'New Hospital Road']",2123.8867067910737
2152975776,1932028416,B565,B565,Walasmulla By Pass,primary,False,60,2,Walasmulla Bypass,371.11442854032043
2152975776,1975353905,B485,B485,Walasmulla - Katuwana - Middeniya,primary,False,60,2,Walasmulla-Katuwana-Middeniya Road,6966.570119272369
2152975776,1931937742,B485,B485,Walasmulla - Katuwana - Middeniya,primary,False,60,2,Walasmulla-Katuwana-Middeniya Road,301.9180628494487
2155579750,4192345643,B400,B400,Seeduwa - Udugampola,primary,False,50,,Seeduwa-Kotugoda Road,1361.5047531118375
2155579905,1370716561,B168,B168,Kadawata - Ragama - Welisara,primary,False,70,4,Welisara-Ragama Road,2144.119064968387
2155580113,1370716561,B382,B382,Ragama - Kandana,primary,False,40,,"['Kandana-Walpola-Tewatta Road', 'Peralanda Road']",3522.692288704433
2155584783,639142096,B597,B597,Kandawala Katunayake,primary,False,"['40', '50']",,"['Minuwangoda Road', 'Baseline Road']",4322.887015650012
2155584793,1269994619,B245,B245,Kurana Road,primary,False,40,,"['Sri Wickrama Rajasinghe Road', ""St. Anne's Road""]",1582.3889265950895
2155584835,403881228,B322,B322,Negombo - Giriulla,primary,False,50,,Negombo-Giriulla Road,1990.5850947899587
2155634710,4087081915,B78,B078,"Chilaw Road, Negombo",primary,True,50,,Chilaw Road,45.536655309337725
2155672282,4207369014,B555,B555,Access road to Getabaru Temple,primary,False,40,2,Getabaruwa Road,1648.4207693909323
2155827769,5258083989,B411,B411,Tawalama - Neluwa - Batuwangala,primary,False,50,2,Neluwa-Dellawa Road,2325.825953350077
2155827775,5258083985,B363,B363,Pelawatta - Kankotayawatta - Tinniyawela - Morawaka,primary,False,60,2,Neluwa-Morawaka Road,22868.44401519778
2155827812,2017427174,B415,B415,Thihagoda - Kamburupitiya - Mawarala - Kotapola,primary,False,50,2,Urubokka-Kotapola Road,16696.084623541374
2155946168,970058024,B338,B338,"Old Tangalle Road, Matara","['primary', 'primary_link']",False,"['30', '40']",2,Old Tangalle Road,882.6575795817104
2157074329,2607351567,B630,B630,Beliatta - Kirinda,primary,False,60,2,Beliatte-Kirinda Road,1410.6840421376362
2157074329,1932027734,B630,B630,Beliatta - Kirinda,primary,False,60,2,Beliatte-Kirinda Road,2853.0434239899964
2157080287,1530689260,B595,B595,Hunnadeniya Rathmale Radampola Walasgala,primary,False,60,2,Walasgala Road,2673.1759218100374
2157080287,2157080312,B595,B595,Hunnadeniya Rathmale Radampola Walasgala,primary,False,60,2,Walasgala Road,1745.756010887841
2157080312,2157080287,B595,B595,Hunnadeniya Rathmale Radampola Walasgala,primary,False,60,2,Walasgala Road,1745.7560108878415
2157080312,13380401257,B595,B595,Hunnadeniya Rathmale Radampola Walasgala,primary,True,40,1,Walasgala Road,27.08454992299344
2164965693,2164965800,B636,B636,Akuressa By pass,primary,False,50,2,Akuressa Bypass Road,1341.1006056122799
2164965800,2164965693,B636,B636,Akuressa By pass,primary,False,50,2,Akuressa Bypass Road,1341.1006056122799
2164965800,2164965848,B636,B636,Akuressa By pass,primary,False,50,2,Akuressa Bypass Road,134.1201000319086
2164965848,3492736839,B4,B004,Akuressa - Ketanwila,primary,False,70,2,"['Akuressa-Ketanwila Road', 'Yakkalamulla-Ketanwila Road']",19224.04121406369
2164965848,2190965800,B4,B004,Akuressa - Ketanwila,primary,False,70,2,Akuressa-Ketanwila Road,172.3106166911926
2164965848,2164965800,B636,B636,Akuressa By pass,primary,False,50,2,Akuressa Bypass Road,134.1201000319086
2164965848,3445493696,B636,B636,Akuressa By pass,primary,False,50,2,Akuressa Bypass Road,268.2911473740893
2165097325,1529199964,B415,B415,Thihagoda - Kamburupitiya - Mawarala - Kotapola,primary,False,60,2,Matara-Kamburupitiya Road,3441.2860895896947
2165097325,2165105694,B415,B415,Thihagoda - Kamburupitiya - Mawarala - Kotapola,primary,False,60,2,Matara-Kamburupitiya Road,2389.6983768642385
2165105694,2165097325,B415,B415,Thihagoda - Kamburupitiya - Mawarala - Kotapola,primary,False,60,2,Matara-Kamburupitiya Road,2389.698376864239
2165105694,4987786794,B415,B415,Thihagoda - Kamburupitiya - Mawarala - Kotapola,primary,False,60,2,Matara-Kamburupitiya Road,2595.409892154982
2165127439,2017536532,B536,B536,Kamburupitiya - Kirinda,primary,False,60,2,Kamburupitiya-Kirinda Road,812.5293522084106
2165127439,1933520777,B536,B536,Kamburupitiya - Kirinda,primary,False,60,2,Kamburupitiya-Kirinda Road,1349.1182767067633
2165130846,2078784989,B415,B415,Thihagoda - Kamburupitiya - Mawarala - Kotapola,primary,False,60,2,Matara-Kamburupitiya Road,200.54410513554592
2165130846,2166737050,B3,B003,Akuressa - Kamburupitiya,primary,False,70,2,Akuressa-Kamburupitiya Road,12483.321284925054
2165130846,4987786790,B415,B415,Thihagoda - Kamburupitiya - Mawarala - Kotapola,primary,False,60,2,Matara-Kamburupitiya Road,845.6369884422238
2166737050,2190965493,B3,B003,Akuressa - Kamburupitiya,primary,False,70,2,Akuressa-Kamburupitiya Road,790.6677502935212
2166737050,2165130846,B3,B003,Akuressa - Kamburupitiya,primary,False,70,2,Akuressa-Kamburupitiya Road,12483.321284925049
2176728167,2176866777,B99,B099,Deniyaya - Viharahena,primary,False,50,2,Deniyaya-Viharahena Road,6492.70280727608
2176866777,4267522204,B99,B099,Deniyaya - Viharahena,primary,False,50,2,Deniyaya-Viharahena Road,1392.1593530107045
2176866777,2176728167,B99,B099,Deniyaya - Viharahena,primary,False,50,2,Deniyaya-Viharahena Road,6492.7028072760795
2185127828,2076672992,B14,B014,Ambalangoda - Elpitiya - Pitigala,primary,False,"['60', '50']",2,"['Ambalangoda-Elpitiya-Pitigala Road', 'Pelawatta-Pitigala Road']",8566.66351703053
2185127828,3210162496,B158,B158,Horawela - Pelawatte - Pitigala,primary,False,60,2,"['Horawela-Pelawatte Road', 'Pelawatta-Pitigala Road']",1546.6574556313121
2185127828,5258083976,B363,B363,Pelawatta - Kankotayawatta - Tinniyawela - Morawaka,primary,False,60,2,Pelawatta-Neluwa Road,29565.12903297216
2190932692,1093799558,B156,B156,Hiniduma - Opatha - Pitabeddera,primary,False,70,2,Hiniduma-Opatha-Pitabeddara Road,23805.454461419322
2190965493,2166737050,B3,B003,Akuressa - Kamburupitiya,primary,False,70,2,Akuressa-Kamburupitiya Road,790.6677502935211
2190965800,2164965848,B4,B004,Akuressa - Ketanwila,primary,False,70,2,Akuressa-Ketanwila Road,172.3106166911926
2199336301,3205666202,B308,B308,Narammala - Dankotuwa,primary,False,60,,Negombo-Kurunegala Road,11460.055738075322
2199336301,3432403050,B308,B308,Narammala - Dankotuwa,primary,True,60,2,Negombo-Kurunegala Road,68.26681075237656
2215855644,1093762656,B129,B129,Galle - Udugama,primary,False,50,,Udugama Road,5516.388151041892
2215855644,1093762481,B129,B129,Galle - Udugama,primary,False,50,,Udugama Road,1000.8545774885628
2215855644,2434214580,B578,B578,Dorape Hiyare,primary,False,50,2,Dorape-Hiyare Road,8272.29477534273
2278210726,7024993693,B488,B488,Polonnaruwa - Tambala - Sungawila - Somawathiya,secondary,False,50,,Somawathiya Road,37501.16358890191
2280537322,10130181954,B207,B207,Katukurunda - Neboda,primary,True,60,1,Katukurunda-Neboda Road,45.88167592067725
2280537322,560221964,B207,B207,Katukurunda - Neboda,primary,False,60,2,Katukurunda-Neboda Road,924.6155144434967
2280604896,3341955250,B481,B481,Yatadolawatta Road,primary,False,50,2,Yatadolawatta Road,2749.7044612902546
2280604896,1969450599,B304,B304,Nagoda - Kalawellawa - Bellapitiya,primary,False,60,2,Nagoda-Kalawellawa-Bellapitiya Road,176.3958972879486
2280604896,4059337439,B304,B304,Nagoda - Kalawellawa - Bellapitiya,primary,False,60,2,Nagoda-Kalawellawa-Bellapitiya Road,10233.553780729051
2285202897,4082665365,B287,B287,Minneriya - Hingurakgoda (Airport Road),primary,False,60,,Minneriya - Hingurakgoda Road,5739.4417434948045
2295729728,9427842410,B298,B298,"Munai Street, Batticaloa",primary,False,50,2,Munai Street,414.6102408458389
2295729729,9427992821,B250,B250,"Lake Road, No.1, Batticaloa",primary,False,50,2,Lake Road No. 1,915.5337860205095
2304485540,2304485572,B502,B502,Manampitiya - Aralaganwila - Maduru oya,primary,False,60,2,Manampitiya-Aralaganwila Road,2989.305283670099
2304485572,3664816336,B502,B502,Manampitiya - Aralaganwila - Maduru oya,primary,False,60,2,"['Aralaganwila-Maha Oya Road', 'Main Street', 'Manampitiya-Aralaganwila Road']",15434.043650492396
2304485572,2304485540,B502,B502,Manampitiya - Aralaganwila - Maduru oya,primary,False,60,2,Manampitiya-Aralaganwila Road,2989.305283670098
2315595592,4032560683,B364,B364,Peradeniya - Deltota - Rikiligaskada,primary,True,50,,Galaha Road,21.34623631834659
2315595592,3088821708,B364,B364,Peradeniya - Deltota - Rikiligaskada,primary,False,50,2,Galaha Road,888.6711855135645
2334261008,1156533842,B256,B256,Madawala - Rajawella,primary,False,50,2,"['Madawala Road', 'Teldeniya Road']",8176.225746171379
2337932210,3229498069,B278,B278,Mawanella - Aranayake - Horawela,primary,False,60,2,Mawanella-Aranayaka Road,4533.509938335422
2338839291,10578430168,B385,B385,Rambukkana - Mawanella,primary,False,60,2,Rambukkana-Mawanella Road,229.41281924669238
2342916289,3088508684,B205,B205,Katugastota - Madawala - Bambarella,primary,True,60,,Madawala Road,10.406663695050984
2342916289,3616495484,B205,B205,Katugastota - Madawala - Bambarella,primary,False,60,2,Madawala Road,879.9310198019875
2354387318,8864816866,B46,B046,Bar Road - Batticaloa,primary,False,60,2,Bar Road,3031.9440814070736
2362937081,3785620361,B475,B475,Bulugolla - Dombemada - Wahawa,primary,False,60,2,Bulugolla-Rambukkana Road,13555.378610716678
2362937081,3448831164,B384,B384,Rambukkana - Katupitiya,primary,False,60,,Rambukkana-Katupitiya Road,2683.041174511334
2362937081,5320624392,B384,B384,Rambukkana - Katupitiya,primary,False,60,2,Kurunegala Road,628.3140173851083
2362937346,3448830936,B87,B087,Dambokka - Katupitiya,primary,False,60,2,Dambokka-Katupitiya Road,4994.3348132797755
2375440476,3264925415,B259,B259,Main Access to Gam Udawa 87,primary,False,40,2,Raja Mawatha (Gam Udawa Road),541.8435976609345
2375440996,2375441004,B111,B111,Ekala - Kotadeniyawa,primary,False,,,Ekala-Kotadeniyawa Road,41.64028931770424
2375440996,638973609,B111,B111,Ekala - Kotadeniyawa,primary,False,,,Ekala-Kotadeniyawa Road,25.847288449063818
2375441004,1268334809,B111,B111,Ekala - Kotadeniyawa,primary,False,,,Ekala-Kotadeniyawa Road,2250.1248533568537
2375441004,3784064218,B111,B111,Ekala - Kotadeniyawa,primary,False,,,Ekala-Kotadeniyawa Road,42.407991085376594
2375441004,2375440996,B111,B111,Ekala - Kotadeniyawa,primary,False,,,Ekala-Kotadeniyawa Road,41.64028931770424
2375441056,403881289,B468,B468,Welihena - Katana,primary,False,50,,Welihena-Katana Road,5042.073680649641
2382076814,2382076781,B413,B413,Tennekumbura - Rikiligaskada - Ragala,primary,True,50,,Haragama Road,40.144836972159325
2382076814,3201052237,B413,B413,Tennekumbura - Rikiligaskada - Ragala,primary,False,60,2,"['Rikillagaskada Road', 'Haragama Road']",12052.966487958403
2382152014,2382152088,B69,B069,Buwelikada - Lewella,primary,True,50,,Buwelikada Road,34.4456214655133
2382152088,8605932095,B69,B069,Buwelikada - Lewella,primary,True,50,,Buwelikada Road,41.10569305000933
2382152088,1837478229,B69,B069,Buwelikada - Lewella,primary,False,50,,Buwelikada Road,701.1817398194628
2384952875,2407176375,B593,B593,Pambahinna Kumbalgama Rajawaka Kapugala,primary,False,50,2,"['Samanalawewa Road', 'Pambahinna-Rajawaka Road']",20581.163028652612
2384952875,1709997728,B593,B593,Pambahinna Kumbalgama Rajawaka Kapugala,primary,True,50,1,Samanalawewa Road,41.68082807510427
2398925514,3454145592,B527,B527,Bibile - Pitakumbura - Namal Oya - Inginiyagala,primary,False,60,2,Bibile-Pitakumbura-Namal Oya-Inginiyagala Road,4185.714255029372
2400768904,1720491739,B35,B035,Badalkumbura - Buttala - Sella Kataragama,primary,False,70,2,Badalkumbura-Buttala Road,16028.462736863254
2404060916,3377606382,B562,B562,Mirijjawila Sooriyawewa,primary,True,60,2,Mirijjawila-Sooriyawewa Road,1159.7219788097264
2407176254,1432825404,B38,B038,Balangoda - Bowatte - Kaltota,primary,False,"['60', '50']",2,"['Balangoda-Bowatte-Kaltota Road', 'Bodagma-Hambegamuwa-Kaltota Road']",39980.514296912734
2407176254,3371893296,B593,B593,Pambahinna Kumbalgama Rajawaka Kapugala,primary,False,60,2,Rajawaka-Kapugala Road,5979.0037188936385
2407176254,2407176375,B38,B038,Balangoda - Bowatte - Kaltota,primary,False,50,2,Balangoda-Bowatte-Kaltota Road,338.1056937479867
2407176375,1828212200,B38,B038,Balangoda - Bowatte - Kaltota,primary,False,50,2,Balangoda-Bowatte-Kaltota Road,10278.63536883062
2407176375,2384952875,B593,B593,Pambahinna Kumbalgama Rajawaka Kapugala,primary,False,50,2,"['Samanalawewa Road', 'Pambahinna-Rajawaka Road']",20581.163028652598
2407176375,2407176254,B38,B038,Balangoda - Bowatte - Kaltota,primary,False,50,2,Balangoda-Bowatte-Kaltota Road,338.1056937479867
2407536122,2043454739,B100,B100,Dikwella - Jangulla - Talpitigala,primary,False,60,2,Ketawala-Galauda Road,4152.728124919827
2407536122,3773786519,B100,B100,Dikwella - Jangulla - Talpitigala,"['primary', 'secondary']",False,"['60', '50']",2,"['Kandaketiya Road', 'Galauda-Kandaketiya Road', 'Ketawala-Galauda Road']",26672.806225343025
2407608224,1292992471,B20,B020,Ananda Avenue,primary,False,40,,Ananda Mawatha,504.52493315955144
2408053510,1821073186,B471,B471,Welimada - Kirklees,primary,False,50,2,Welimada-Kirkless Road,3953.544910071557
2408053510,2408054159,B332,B332,Nuwara Eliya - Uda Pussellawa,primary,False,50,2,"['Ragala Road', 'Welimada-Kirkless Road', 'Uda Pussellawa Road']",29093.62058001535
2408054159,2035855681,B332,B332,Nuwara Eliya - Uda Pussellawa,primary,False,50,2,Uda Pussellawa Road,9722.832794050906
2408054159,2408053510,B332,B332,Nuwara Eliya - Uda Pussellawa,primary,False,50,2,"['Ragala Road', 'Welimada-Kirkless Road', 'Uda Pussellawa Road']",29093.620580015388
2418603892,4071257592,B293,B293,Moneragala Town Road,primary,False,60,2,Main Street,25.62782194001718
2418603892,1809805500,B293,B293,Moneragala Town Road,primary,False,"['40', '60']","['1', '2']","['Bus Station Road', 'Main Street', 'New Bus Station Road']",435.6723034526107
2418603892,4071257595,B293,B293,Moneragala Town Road,primary,False,60,2,Main Street,26.90791525107751
2434214580,2215855644,B578,B578,Dorape Hiyare,primary,False,50,2,Dorape-Hiyare Road,8272.294775342738
2489067296,2620521080,B240,B240,Batttaramulla - Malabe - Godagama - Padukka - Bope,primary,False,60,2,Kaduwela Road (New Kandy Road),24.842567765778277
2489067296,2972494700,B240,B240,Batttaramulla - Malabe - Godagama - Padukka - Bope,primary,False,60,2,Kaduwela Road (New Kandy Road),1313.5927158686397
2499283524,2499283525,B634,B634,Access Road to Peliyagoda Interchange,trunk,True,70,2,Peliyagoda Interchange Access Road,8.95537394264467
2499287719,5216483988,B634,B634,Access Road to Peliyagoda Interchange,trunk,True,70,2,Peliyagoda Interchange Access Road,1842.5118544223542
2499287720,2499287719,B634,B634,Access Road to Peliyagoda Interchange,trunk,True,70,2,Peliyagoda Interchange Access Road,35.431096879429134
2506020933,313403915,B425,B425,Tudella - Pamunugama - Talahena - Negombo,primary,False,50,,Pamunugama Road,1034.4721082185383
2506020933,4375137197,B425,B425,Tudella - Pamunugama - Talahena - Negombo,primary,False,50,,Pamunugama Road,19.08296984691715
2507098804,1278086414,B633,B633,Access Road to Ja-Ela Interchange,primary,True,70,2,Delathura - Ja Ela Road,8.15524789343531
2507098828,2684604208,B633,B633,Access Road to Ja-Ela Interchange,primary,True,70,2,Delathura - Ja Ela Road,8.258507538510909
2507107516,2507098828,B633,B633,Access Road to Ja-Ela Interchange,primary,True,70,2,Delathura - Ja Ela Road,2491.240010516474
2507107528,620529017,B425,B425,Tudella - Pamunugama - Talahena - Negombo,primary,False,50,,Pamunugama Road,2541.8023584520847
2507107528,4375137197,B425,B425,Tudella - Pamunugama - Talahena - Negombo,primary,False,50,,Pamunugama Road,37.719376634176115
2520673118,2018086754,B577,B577,Belaganwewa Hembarawa Wilgamuwa,primary,False,60,2,Belaganwewa-Wilgamuwa Road,4873.296424932603
2520673118,5030096474,B577,B577,Belaganwewa Hembarawa Wilgamuwa,primary,False,60,2,Belaganwewa-Wilgamuwa Road,5187.556455476861
2521164368,2639779556,B104,B104,Diyatalawa - Mirahawatta,primary,False,60,2,Aluthwela Road,962.0999694473522
2521164368,2552014491,B396,B396,Roehampton - Diyatalawa - Bandarawela,primary,False,60,2,"['Main Street', 'Diyatalawa-Bandarawela Road']",4369.382864647445
2521164368,2521206649,B396,B396,Roehampton - Diyatalawa - Bandarawela,primary,False,60,2,Main Street,419.9064881616308
2521206584,2521206649,B396,B396,Roehampton - Diyatalawa - Bandarawela,primary,False,60,2,Main Street,11.614980584360184
2521206584,2521206592,B105,B105,Diyatalawa - Welanhinna - Walagahawela,primary,True,50,1,Walgahawela Road,31.197595645781078
2521206584,2521801458,B396,B396,Roehampton - Diyatalawa - Bandarawela,primary,False,60,2,Haputale-Diyatalawa Road,772.4439401022086
2521206592,3590783632,B105,B105,Diyatalawa - Welanhinna - Walagahawela,primary,False,60,2,"['Diyatalawa Road', 'Walgahawela Road']",5462.3608891725535
2521206592,2521206649,B105,B105,Diyatalawa - Welanhinna - Walagahawela,primary,True,50,1,Walgahawela Road,32.03104977141923
2521206649,2521206584,B396,B396,Roehampton - Diyatalawa - Bandarawela,primary,False,60,2,Main Street,11.614980584360184
2521206649,2521164368,B396,B396,Roehampton - Diyatalawa - Bandarawela,primary,False,60,2,Main Street,419.90648816163076
2521801458,2521206584,B396,B396,Roehampton - Diyatalawa - Bandarawela,primary,False,60,2,Haputale-Diyatalawa Road,772.4439401022087
2521801458,2646312393,B396,B396,Roehampton - Diyatalawa - Bandarawela,primary,False,60,2,Haputale-Diyatalawa Road,4025.71705032387
2544603913,3169248401,B631,B631,Hambantota - Gonnoruwa - Meegahajandura,primary,True,60,2,Hambantota-Gonnoruwa-Meegahajandura Road,485.3051179046642
2552014491,2521164368,B396,B396,Roehampton - Diyatalawa - Bandarawela,primary,False,60,2,"['Main Street', 'Diyatalawa-Bandarawela Road']",4369.38286464744
2558457385,694987695,B295,B295,Moratuwa - Piliyandala,primary,False,60,2,Moratuwa-Piliyandala Road,2411.416810563869
2558457385,3570836892,B295,B295,Moratuwa - Piliyandala,primary,False,60,2,Moratuwa-Piliyandala Road,54.11304951837325
2558457385,3570836878,B295,B295,Moratuwa - Piliyandala,primary,False,60,2,Moratuwa-Piliyandala Road,86.85547862703298
2562843705,1235783744,B456,B456,Warakapola - Kandalama,primary,False,50,2,Warakapola-Kandalama Road,5011.984446214723
2562843827,617823428,B322,B322,Negombo - Giriulla,primary,False,,,Negombo-Giriulla Road,2062.352208281276
2562843827,617810971,B322,B322,Negombo - Giriulla,primary,False,60,2,Negombo-Giriulla Road,695.0033648921695
2565428366,1895649423,B185,B185,Kalkudah - Valachchenai,primary,False,50,2,"['Kalkudah-Valaichchenai Road', 'Kalkudah Road']",9844.652890121999
2568176821,1124475544,B635,B635,Access Road to Matara,primary,True,70,2,Access Road to Matara,3179.586645602081
2568176881,3398081271,B635,B635,Access Road to Matara,primary,True,70,2,Access Road to Matara,12.008670575632628
2584550963,3219914010,B643,B643,Kegalle Bypass,primary,True,50,2,Bandaranaike Mawatha,25.795135121387705
2584550963,4929241877,B643,B643,Kegalle Bypass,primary,False,50,2,Bandaranaike Mawatha,789.2063773716516
2589231774,2589251603,B247,B247,Kurunegala - Narammala - Kuliyapitiya - Madampe,primary,False,70,2,Kurunegala - Narammala - Madampe Road,9682.299240407212
2589231774,4086635248,B247,B247,Kurunegala - Narammala - Kuliyapitiya - Madampe,primary,False,50,2,Kurunegala - Narammala - Madampe Road,1935.0712209675994
2589251603,2589231774,B247,B247,Kurunegala - Narammala - Kuliyapitiya - Madampe,primary,False,70,2,Kurunegala - Narammala - Madampe Road,9682.299240407216
2589251603,1239442924,B247,B247,Kurunegala - Narammala - Kuliyapitiya - Madampe,primary,False,70,2,Kurunegala - Narammala - Madampe Road,4729.350053286906
2590173342,3169826275,B490,B490,Atabage - Ulapane Road,primary,False,60,2,Atabage-Ulapane Road,7386.0986359143235
2590173342,2081300475,B431,B431,Ulapane - Pussellawa,primary,False,50,2,Ulapane-Pussellawa Road,1878.829626217721
2590173342,4430564637,B431,B431,Ulapane - Pussellawa,primary,False,50,2,Ulapane-Pussellawa Road,14526.619623721466
2605754835,388268117,B627,B627,Dammulla - Weeraketiya,primary,False,60,2,Belliatte-Weeraketiya Road,1141.578869430883
2605754835,13728195887,B627,B627,Dammulla - Weeraketiya,primary,False,60,2,Belliatte-Weeraketiya Road,1816.1537005918417
2605754891,3669997743,B410,B410,Tangalle - Weeraketiya,primary,False,72,2,Tangalle-Weeraketiya Road,6551.093768652835
2605754891,2726000363,B410,B410,Tangalle - Weeraketiya,primary,False,72,2,Tangalle-Weeraketiya Road,3753.562145607061
2605755428,7183361978,B387,B387,Ranna - Udayala - Weeraketiya,primary,False,70,4,Ranna-Udayala-Weeraketiya Road,4159.8863457225425
2605755428,1748892859,B387,B387,Ranna - Udayala - Weeraketiya,primary,False,70,4,Ranna-Udayala-Weeraketiya Road,1434.1166822631765
2605760184,1932028020,B275,B275,Matara - Hakmana,primary,False,60,,Matara-Hakmana Road,966.9169941590245
2605760184,1639380623,B275,B275,Matara - Hakmana,primary,False,60,,Matara-Hakmana Road,2116.955234163811
2605760439,6542819619,B275,B275,Matara - Hakmana,primary,False,60,,Matara-Hakmana Road,2215.953095842287
2605760439,3634858930,B275,B275,Matara - Hakmana,primary,False,60,,Matara-Hakmana Road,188.6860872373138
2607351567,2909552257,B630,B630,Beliatta - Kirinda,primary,False,60,2,Beliatte-Kirinda Road,4591.924137566017
2607351567,2157074329,B630,B630,Beliatta - Kirinda,primary,False,60,2,Beliatte-Kirinda Road,1410.6840421376362
2607352523,1792755975,B141,B141,Hakmana - Beliatta - Tangalle,primary,False,70,2,Hakmana-Beliatte Road,737.1804481934361
2607352523,3234692631,B141,B141,Hakmana - Beliatta - Tangalle,primary,False,70,2,Hakmana-Beliatte Road,4533.309196443425
2607383505,1093697782,B454,B454,Wandurambe - Ethumale - Yakkatuwa,primary,False,60,2,"['Mapalagama-Yakkatuwa Road', 'Wanduramba-Mapalagama Road']",3661.0932680448354
2607383505,1789586195,B454,B454,Wandurambe - Ethumale - Yakkatuwa,primary,False,60,2,Mapalagama-Yakkatuwa Road,2456.1874368875665
2608992327,1834958043,B412,B412,Tawalantenne - Talawakela,primary,False,60,2,Kothmale Road,22712.565003578613
2608992327,2608995079,B412,B412,Tawalantenne - Talawakela,primary,True,50,1,Kothmale Road,31.577838057358687
2619372954,3702142135,B120,B120,Etulkotte - Mirihana - Kohuwela,primary,False,50,4,Stanley Thilakarathne Mawatha,915.4522471325646
2619372954,11994641693,B120,B120,Etulkotte - Mirihana - Kohuwela,primary,True,50,2,Stanley Thilakarathne Mawatha,70.38245148174794
2620521080,2489067296,B240,B240,Batttaramulla - Malabe - Godagama - Padukka - Bope,primary,False,60,2,Kaduwela Road (New Kandy Road),24.842567765778277
2620521080,971827647,B240,B240,Batttaramulla - Malabe - Godagama - Padukka - Bope,primary,True,50,2,Athurugiriya Road,39.632742057219815
2620521080,323506737,B263,B263,Malabe - Kaduwela,primary,False,60,2,Kaduwela Road (New Kandy Road),951.7991127148317
2626866857,8864816867,B46,B046,Bar Road - Batticaloa,primary,False,60,2,Bar Road,1125.567924934272
2637064010,77682074,B332,B332,Nuwara Eliya - Uda Pussellawa,primary,False,50,2,Uda Pussellawa Road,548.9061186696471
2638058713,2093609890,B19,B019,Anamaduwa - Uswewa - Galgamuwa,primary,False,"['70', '50']",2,Anamaduwa - Uswewa - Galgamuwa Road,11555.165344807529
2639779556,2639779657,B103,B103,Diyatalawa - Aluthwela South,primary,False,50,2,Aluthwela Road,570.7429906699084
2639779556,2915447204,B104,B104,Diyatalawa - Mirahawatta,"['primary', 'secondary']",False,"['60', '50']",2,"['Diyatalawa-Mirahawatta Road', 'Ellegama Road']",9819.687678627102
2639779556,2521164368,B104,B104,Diyatalawa - Mirahawatta,primary,False,60,2,Aluthwela Road,962.0999694473519
2639779657,2639779556,B103,B103,Diyatalawa - Aluthwela South,primary,False,50,2,Aluthwela Road,570.7429906699086
2639779657,3666045181,B102,B102,Diyatalawa - Aluthwela North,"['primary', 'secondary']",False,"['60', '50']",2,"['Diyatalawa-Aluthwela North Road', 'Gurutalawa-Gal Edande-Aluthwela Road']",10545.520707259368
2639779657,10112981124,B103,B103,Diyatalawa - Aluthwela South,"['primary', 'secondary']",False,50,2,"['Diyatalawa-Aluthwela South Road', 'Aluthwela-Kirinde Road', 'Kirinde-Aluthwela South Road']",3070.5257340324924
2646312392,2646312393,B396,B396,Roehampton - Diyatalawa - Bandarawela,primary,False,60,2,Haputale-Diyatalawa Road,41.06497099687792
2646312393,2521801458,B396,B396,Roehampton - Diyatalawa - Bandarawela,primary,False,60,2,Haputale-Diyatalawa Road,4025.7170503238676
2646312393,2646312392,B396,B396,Roehampton - Diyatalawa - Bandarawela,primary,False,60,2,Haputale-Diyatalawa Road,41.06497099687792
2646389088,3350172600,B16,B016,Ampara Airport Road,primary,False,40,2,Ampara Airport Road,5551.057010980803
2647057197,1874159728,B355,B355,Panama - Kumbukkana,"['secondary', 'primary']",False,"['30', '40']",1,"['Kumbukkana Road', 'Panama-Kumana Road']",36180.823939322065
2661656508,3635049258,B623,B623,Medamulana - Gonadeniya - Debokkawa,primary,False,60,2,Weeraketiya-Debokkawa Road,5147.063302250764
2661656508,3640129666,B622,B622,Hungama - Thalawa - Middeniya,primary,False,60,2,Angunakolapelessa-Middeniya Road,1687.153073262191
2661656508,3634797493,B622,B622,Hungama - Thalawa - Middeniya,primary,False,60,2,Angunakolapelessa-Middeniya Road,10029.968870093644
2661675127,1879056265,B186,B186,Kalmunai Sea View Road,primary,False,40,2,Rest House Road,1090.981241223219
2661675134,1879056339,B30,B030,Approach Roads to Public Buildings,primary,False,40,2,,259.4875028836334
2686032868,1837041866,B149,B149,Hatton - Maskeliya - Dalhousie,primary,False,60,2,Hatton-Maskeliya-Sri Pada Road,9246.893774324846
2686032868,1222995629,B149,B149,Hatton - Maskeliya - Dalhousie,primary,False,60,2,Hatton-Maskeliya-Sri Pada Road,3860.4447599775626
2686032868,6592863153,B328,B328,Norton - Maskeliya,primary,False,60,2,Norton-Maskeliya Road,13873.495904717744
2686035634,3137149149,B71,B071,Carolina - Norton - Wanarajah,primary,False,60,2,Carolina-Norton-Wanaraja Road,1957.8490120057727
2686035634,1190507161,B71,B071,Carolina - Norton - Wanarajah,primary,False,60,2,Carolina-Norton-Wanaraja Road,8427.975330370802
2686035634,6592863153,B328,B328,Norton - Maskeliya,primary,False,60,2,Norton-Maskeliya Road,2567.173825337706
2686377371,9462668423,B318,B318,Nawalapitiya - Dolosbage,primary,False,60,2,Nawalapitiya-Dolosbage Road,10579.709482325674
2686377371,2686377386,B319,B319,Nawalapitiya - Ginigathena,primary,False,60,2,Nawalapitiya-Ginigathena Road,97.86527120340439
2686377371,3215382447,B319,B319,Nawalapitiya - Ginigathena,primary,False,60,2,Nawalapitiya-Ginigathena Road,11966.742846604418
2686377386,2686377394,B319,B319,Nawalapitiya - Ginigathena,primary,False,60,2,Nawalapitiya-Ginigathena Road,19.063656239807784
2686377386,2686377371,B319,B319,Nawalapitiya - Ginigathena,primary,False,60,2,Nawalapitiya-Ginigathena Road,97.86527120340439
2686377386,2686509758,B317,B317,Nawalapitiya - Dimbula,primary,False,60,2,Nawalapitiya-Dimbula Road,24.83414878969908
2686377394,2686377386,B319,B319,Nawalapitiya - Ginigathena,primary,False,60,2,Nawalapitiya-Ginigathena Road,19.063656239807784
2686377394,2686509758,B317,B317,Nawalapitiya - Dimbula,primary,False,60,2,Nawalapitiya-Dimbula Road,31.30063900871952
2686509758,2686377386,B317,B317,Nawalapitiya - Dimbula,primary,False,60,2,Nawalapitiya-Dimbula Road,24.83414878969908
2686509758,2689283758,B317,B317,Nawalapitiya - Dimbula,primary,False,60,2,Nawalapitiya-Dimbula Road,25005.325813992626
2686509758,2686377394,B317,B317,Nawalapitiya - Dimbula,primary,False,60,2,Nawalapitiya-Dimbula Road,31.30063900871952
2686590800,1834922490,B491,B491,Kotmale Dam Crest- Harangala Road,primary,False,40,2,Kotmale Dam Crest Road,3702.368965436732
2686590800,3215395992,B506,B506,Nawalapitiya - Harangala,primary,False,60,2,Nawalapitiya-Harangala Road,8948.604247757337
2686590800,1834958043,B148,B148,Harangala - Kalapitiya - Kumbaloluwa,primary,False,60,2,Harangala-Kalapitiya-Kumbaloluwa Road,16664.052586638285
2689283758,2686509758,B317,B317,Nawalapitiya - Dimbula,primary,False,60,2,Nawalapitiya-Dimbula Road,25005.32581399262
2689283758,247140202,B317,B317,Nawalapitiya - Dimbula,primary,False,60,2,Nawalapitiya-Dimbula Road,4862.400843048592
2689283758,4108749709,B406,B406,Stony Cliff - Kotagala,primary,False,50,2,Stony Cliff-Kotagala Road,5962.788416337421
2703675509,6509381793,B324,B324,Negombo - Mirigama,primary,True,50,,Negombo-Mirigama Road,32.14493616660539
2703675509,1261568415,B324,B324,Negombo - Mirigama,primary,False,50,,Negombo-Mirigama Road,3410.516774600256
2703675512,6509381797,B324,B324,Negombo - Mirigama,primary,True,50,,Negombo-Mirigama Road,29.005023141080667
2710652547,619880027,B240,B240,Batttaramulla - Malabe - Godagama - Padukka - Bope,primary,False,60,2,Malabe - Godagama Road,1509.7697613779917
2710652547,619742609,B240,B240,Batttaramulla - Malabe - Godagama - Padukka - Bope,primary,False,60,,Malabe - Godagama Road,1124.9524713364513
2712362969,2712362971,B174,B174,Kaduwela - Athurugiriya,primary,True,50,,Kaduwela Road,31.2662186211109
2712362969,619742785,B174,B174,Kaduwela - Athurugiriya,primary,False,50,,Kaduwela – Athurugiriya Road,1209.6485021344404
2712362971,2712362974,B240,B240,Batttaramulla - Malabe - Godagama - Padukka - Bope,primary,False,60,2,Malabe - Athurugiriya Road,30.52932747596359
2712362971,619742609,B240,B240,Batttaramulla - Malabe - Godagama - Padukka - Bope,primary,False,60,,Malabe - Godagama Road,457.03230815495465
2712362974,2712362971,B240,B240,Batttaramulla - Malabe - Godagama - Padukka - Bope,primary,False,60,2,Malabe - Athurugiriya Road,30.52932747596359
2712362974,3145713375,B240,B240,Batttaramulla - Malabe - Godagama - Padukka - Bope,primary,False,"['60', '50']",2,Malabe - Athurugiriya Road,3391.6782523911224
2712362974,2712362969,B174,B174,Kaduwela - Athurugiriya,primary,True,50,,Kaduwela Road,36.273384765808245
2722750908,2722750909,B263,B263,Malabe - Kaduwela,primary,True,60,,Kaduwela Road (New Kandy Road),141.3355027657024
2722750908,617228235,B263,B263,Malabe - Kaduwela,primary,False,60,,Kaduwela Road (New Kandy Road),1863.927230527288
2722750909,2722750908,B263,B263,Malabe - Kaduwela,primary,True,60,,Kaduwela Road (New Kandy Road),141.3113496350915
2722750909,3217294322,B263,B263,Malabe - Kaduwela,primary,False,60,,Kaduwela Road (New Kandy Road),1540.826815023332
2723880187,3867253810,B501,B501,Andarawewa - Balaluwewa( Jeya Mawatha ),secondary,False,60,,Andarawewa - Balaluwewa Road,215.2634662928458
2723880187,2093610550,B501,B501,Andarawewa - Balaluwewa( Jeya Mawatha ),secondary,False,60,,Andarawewa - Balaluwewa Road,4914.534619096209
2723880187,3163956073,B326,B326,Nikaweratiya - Moragollagama - Siyambalangamuwa,secondary,False,"['60', '50']",,Bulnewa - Madagalla Road,21502.255475247748
2726000363,2605754891,B410,B410,Tangalle - Weeraketiya,primary,False,72,2,Tangalle-Weeraketiya Road,3753.56214560706
2726000363,7183361980,B410,B410,Tangalle - Weeraketiya,primary,False,72,2,Tangalle-Weeraketiya Road,3380.9875186839517
2732633599,896199017,B162,B162,Inamaluwa - Sigiriya,primary,False,50,2,Sigiriya Road,4877.034923582213
2732633599,5202667325,B162,B162,Inamaluwa - Sigiriya,primary,False,50,2,Sigiriya Road,60.74742179127044
2753084556,6545683449,B146,B146,Hanwella - Pugoda - Weke - Urapola,primary,False,50,,Hanwella - Pugoda - Kirindiwela - Urapola Road,35.424065202257125
2753084556,1235697388,B146,B146,Hanwella - Pugoda - Weke - Urapola,primary,False,50,,Hanwella - Pugoda - Kirindiwela - Urapola Road,12546.59655534438
2760582892,2760582905,B435,B435,Urugodawatte - Ambatale,primary,False,60,4,Avissawella Road,65.1469102534449
2760582892,403816178,B435,B435,Urugodawatte - Ambatale,primary,False,60,"['2', '4']",Avissawella Road,2122.57787239875
2760582895,2760582908,B469,B469,Welikada - Kohilawatta,primary,False,50,,Buthgamuwa Road,39.803342424221874
2760582895,2760582905,B435,B435,Urugodawatte - Ambatale,primary,False,60,4,Avissawella Road,26.259836358077642
2760582895,2760582907,B435,B435,Urugodawatte - Ambatale,primary,False,60,4,Avissawella Road,35.40895154294345
2760582902,403874494,B469,B469,Welikada - Kohilawatta,primary,False,50,,Welikada-Kohilawatte Road,1152.6837972986496
2760582902,2760582905,B469,B469,Welikada - Kohilawatta,primary,False,50,,Kohilawatte Road,83.07480559841953
2760582905,2760582895,B435,B435,Urugodawatte - Ambatale,primary,False,60,4,Avissawella Road,26.259836358077642
2760582905,2760582902,B469,B469,Welikada - Kohilawatta,primary,False,50,,Kohilawatte Road,83.07480559841954
2760582905,2760582892,B435,B435,Urugodawatte - Ambatale,primary,False,60,4,Avissawella Road,65.1469102534449
2760582907,403816197,B435,B435,Urugodawatte - Ambatale,primary,False,60,4,Avissawella Road,1029.5811037178219
2760582907,2760582895,B435,B435,Urugodawatte - Ambatale,primary,False,60,4,Avissawella Road,35.40895154294345
2760582908,2760582895,B469,B469,Welikada - Kohilawatta,primary,False,50,,Buthgamuwa Road,39.803342424221874
2760582908,1912538681,B469,B469,Welikada - Kohilawatta,primary,False,50,2,Buthgamuwa Road,1601.39975548861
2823998651,639297344,B479,B479,Yakkala - Radawana,primary,False,60,,Yakkala-Radawana Road,5831.160678297
2823998651,6721810540,B479,B479,Yakkala - Radawana,primary,True,60,,Yakkala-Radawana Road,88.13190684385404
2828629366,2608992327,B412,B412,Tawalantenne - Talawakela,primary,True,50,1,Kothmale Road,28.320811356831662
2831587640,4099698761,B638,B638,Sri Maha Bodhi Access,primary,True,50,,Kurunegala Road,34.482054370400824
2831970104,4082665380,B48,B048,Batukotuwa - Medirigiriya,secondary,False,50,,"['Medirigiriya - Diyasenpura - Meegaswewa Road', 'Hingurakgoda - Medirigiriya Road']",31510.059258572506
2833603895,4137371244,B164,B164,Jaffna Junction - Sri Maha Bodhi,secondary,True,40,,Old Trincomalee Road,62.77497647049596
2833603895,773016545,B164,B164,Jaffna Junction - Sri Maha Bodhi,secondary,False,40,,Old Trincomalee Road,952.8296884423222
2835617084,1410578037,B341,B341,Outer Circular Road (Nochchiyagama),secondary,True,50,,Outer Circular Road (Watawandana Road),25.498081832605326
2835617095,1410578077,B341,B341,Outer Circular Road (Nochchiyagama),secondary,True,40,,Outer Circular Road (Watawandana Road),32.501252120669776
2840975729,2093611607,B501,B501,Andarawewa - Balaluwewa( Jeya Mawatha ),secondary,False,"['60', '50']",,Andarawewa - Balaluwewa Road,2419.9489090548177
2840975746,2094553959,B501,B501,Andarawewa - Balaluwewa( Jeya Mawatha ),secondary,False,60,,Andarawewa - Balaluwewa Road,4119.67784801178
2842889275,1480051538,B419,B419,Thoppu - Madampe,secondary,False,"['70', '50']",,Thoppuwa-Nattandiya-Madampe Road,8642.14866858525
2842935028,2902101200,B190,B190,Kalugamuwa - Wilakatupotha,secondary,True,40,1,Kalugamuwa - Wariyapola Road,33.8978640160846
2842935028,13442454956,B190,B190,Kalugamuwa - Wilakatupotha,secondary,False,50,2,"['Kalugamuwa-Wariyapola Rood', 'Kalugamuwa - Wariyapola Road', 'Kalugamuwa-Wariyapola Rd', 'Kalugamuwa Wariyapola Road']",6057.091716014844
2854966358,3205978508,B12,B012,Aluthgama - Wigoda,primary,False,40,2,Wigoda Road,7963.354551657086
2902101196,2842935028,B190,B190,Kalugamuwa - Wilakatupotha,secondary,True,40,1,Kalugamuwa - Wariyapola Road,30.658879630387407
2902111505,3760127505,B36,B036,Badulla - Karametiya - Andaulpotha,primary,False,60,2,Badulla-Mahiyanganaya Road,1836.528908748458
2902111505,3775399923,B36,B036,Badulla - Karametiya - Andaulpotha,primary,False,60,2,"['Badulla-Mahiyanganaya Road', 'Mahiyanganaya Road']",18562.62851599818
2902111505,13872342556,B360,B360,Passara - Madulsima - Metigahatenna,"['secondary', 'primary']",False,"['60', '40', '50']",2,"['Passara-Madulsima-Metigahatenne Road', 'Metigahatenne-Akiriya-Ketawatta-Gurumada Road', 'Meegahakivula-Kalugahakandura Road']",53411.93194188814
2902881148,1879056278,B18,B018,Ampilanthurai - Veeramunai,primary,False,60,2,Ampilanturai-Veeramunai Road,6563.258568620502
2902943461,5315988824,B446,B446,Vijitha Road,primary,False,40,,Saranankara Mawatha,91.59926891544092
2904638859,2906794382,B523,B523,Elpitiya By Pass,primary,False,50,2,Elpitiya Bypass Road,583.1360947086754
2904638859,3470538976,B55,B055,Bentara - Uragaha - Elpitiya,primary,False,60,2,"['Uragaha Road', 'Elpitiya Road']",12613.614941498847
2904638859,2904638879,B55,B055,Bentara - Uragaha - Elpitiya,primary,False,60,2,Uragaha Road,77.27708585858593
2904638879,2906800106,B14,B014,Ambalangoda - Elpitiya - Pitigala,primary,False,70,2,Ambalangoda-Elpitiya-Pitigala Road,339.17384840492974
2904638879,3211931764,B14,B014,Ambalangoda - Elpitiya - Pitigala,primary,False,50,,Ambalangoda-Elpitiya-Pitigala Road,1204.7140045328013
2904638879,2904638859,B55,B055,Bentara - Uragaha - Elpitiya,primary,False,60,2,Uragaha Road,77.27708585858593
2906794382,6021413404,B14,B014,Ambalangoda - Elpitiya - Pitigala,primary,False,70,2,Ambalangoda-Elpitiya-Pitigala Road,3122.7582903877365
2906794382,2906800106,B14,B014,Ambalangoda - Elpitiya - Pitigala,primary,False,70,2,Ambalangoda-Elpitiya-Pitigala Road,221.59271600573217
2906794382,2904638859,B523,B523,Elpitiya By Pass,primary,False,50,2,Elpitiya Bypass Road,583.1360947086755
2906800106,2906794382,B14,B014,Ambalangoda - Elpitiya - Pitigala,primary,False,70,2,Ambalangoda-Elpitiya-Pitigala Road,221.59271600573217
2906800106,2904638879,B14,B014,Ambalangoda - Elpitiya - Pitigala,primary,False,70,2,Ambalangoda-Elpitiya-Pitigala Road,339.1738484049298
2906800106,5997069098,B175,B175,Kahambiliyagoda - Suriyagoda,secondary,False,40,2,"['Kahambiliyagoda Road', 'Elpitiya-Pituwala-Kahaduwa Road']",134.2546565741325
2906906430,566569836,B213,B213,Kekirawa - Talawa,primary,False,60,,Thalawa Eppawala Road,2489.440705836259
2906906430,3518433775,B213,B213,Kekirawa - Talawa,primary,False,60,,Thalawa Eppawala Road,8087.0729276489
2907674340,3758716316,B306,B306,Nanu Oya - Hendeniya,primary,False,40,2,Boyagama Road,2053.4946315456555
2909552257,77374718,B630,B630,Beliatta - Kirinda,primary,False,60,2,Beliatte-Kirinda Road,5006.37089709813
2909552257,2607351567,B630,B630,Beliatta - Kirinda,primary,False,60,2,Beliatte-Kirinda Road,4591.924137566013
2910209739,3937646623,B274,B274,Matale - Illukkumbura-Pallegama,primary,False,60,2,Matale-Illukkumbura-Pallegama Road,35123.49765974535
2910209739,1980552001,B274,B274,Matale - Illukkumbura-Pallegama,primary,False,60,2,"['Matale-Illukkumbura-Pallegama Road', 'Matale-Rattota Road']",9669.132171296611
2910209739,3586109085,B392,B392,Rattota - Gammaduwa,"['primary', 'secondary']",False,"['40', '50']",2,"['Nagalla Estate Road', 'Rattota-Gammaduwa Road']",16674.050233341433
2910325921,13625281401,B118,B118,Eriyagama - Penideniya,primary,False,30,2,Quarry Road,1001.5520753988176
2915447204,2639779556,B104,B104,Diyatalawa - Mirahawatta,"['secondary', 'primary']",False,"['60', '50']",2,"['Ellegama Road', 'Diyatalawa-Mirahawatta Road']",9819.687678627095
2915447204,49365945,B44,B044,Bandarawela - Welimada,primary,False,60,2,Bandarawela-Welimada Road,10121.064177691002
2915447204,49368243,B44,B044,Bandarawela - Welimada,primary,False,60,2,Bandarawela-Welimada Road,9545.089661905211
2966142356,1840750860,B460,B460,Wattala - Mahara,secondary,False,70,2,Wattala-Mahara Road,8.679051823201524
2966142456,637859907,B169,B169,Kadawatha - Mawaramandiya,primary,False,50,,"['Kadawatha - Mawaramandiya Road', 'Kadawatha-Mawaramandiya Road']",3505.044160592204
2966142468,3345071366,B168,B168,Kadawata - Ragama - Welisara,primary,False,,,,31.70033647153059
2966142485,5559025440,B58,B058,Biyanwila - Ganemulla,primary,False,,,Kadawatha-Ganemulla Road,203.28774896275797
2972494700,621188379,B240,B240,Batttaramulla - Malabe - Godagama - Padukka - Bope,primary,False,60,2,Kaduwela Road (New Kandy Road),1606.269888919207
2972494700,2489067296,B240,B240,Batttaramulla - Malabe - Godagama - Padukka - Bope,primary,False,60,2,Kaduwela Road (New Kandy Road),1313.59271586864
2974015141,2974015147,B47,B047,Battaramulla - Pannipitiya,primary,True,40,2,Pelawatte Road,44.137854597614044
2974015147,3731371610,B47,B047,Battaramulla - Pannipitiya,primary,True,40,2,Pannipitiya Road,9.304762907329716
2974015147,6518088285,B645,B645,Pelawatta-Akuregoda-Pothuarawa,primary,True,50,1,D.P. Wijesinghe Mawatha,41.53853659977513
2974015161,1661735220,B533,B533,Pelawatta Access Road,primary,False,40,4,Parliament Road,674.2803532607406
2974015161,6518084183,B533,B533,Pelawatta Access Road,primary,True,40,2,Parliament Road,65.3697661298846
2974015176,5276999759,B645,B645,Pelawatta-Akuregoda-Pothuarawa,primary,False,50,"['4', '2']",D.P. Wijesinghe Mawatha,778.1305254640138
2974015176,3731371610,B645,B645,Pelawatta-Akuregoda-Pothuarawa,primary,True,50,2,D.P. Wijesinghe Mawatha,86.09869095718268
2984031967,1668906517,B368,B368,Pitakotte - Talawatugoda,primary,True,50,2,Talawatugoda Road,120.5585215265773
2993960268,3256397109,B83,B083,"Circular Road, Tangalle",primary,False,30,2,"['Circular Road', 'Sea Avenue']",1001.2287098068847
2993960268,102737884,B83,B083,"Circular Road, Tangalle",primary,False,30,2,Circular Road,32.815439473935875
3021911951,3415305649,B489,B489,Roads within President's pavilion Kandy,secondary,False,40,2,Sri Dalada Thapowana Vihara Mawatha,133.75766077497502
3033904482,4004620073,B521,B521,Mosque Road - Kandy,primary,True,50,1,Mosque Road,28.71464901850107
3033904482,9201280517,B521,B521,Mosque Road - Kandy,primary,True,50,1,Mosque Road,31.52687295222233
3064234194,3064234204,B122,B122,Galagedara - Rambukkana,primary,False,50,1,Galagedara-Rambukkana Road,40.119857224854
3064234204,3064234194,B122,B122,Galagedara - Rambukkana,primary,False,50,1,Galagedara-Rambukkana Road,40.119857224854
3064234204,3586058703,B122,B122,Galagedara - Rambukkana,primary,False,50,2,Galagedara-Rambukkana Road,410.37225798814586
3064234204,4394543338,B122,B122,Galagedara - Rambukkana,primary,False,50,1,Galagedara-Rambukkana Road,32.36501734294022
3064234503,618609526,B281,B281,Mawathagama - Muwankanda,secondary,False,50,,Mawathagama-Barandana Road,8301.720676148283
3064234504,570766414,B281,B281,Mawathagama - Muwankanda,"['primary', 'secondary']",False,50,2,Rambukkana-Mawathagama Road,13738.899578189837
3064719434,3066124415,B258,B258,Mahakeliya - Katupotha,secondary,False,50,,"['Munamaldeniya - Katupotha Road', 'Munamaldeniya Katupotha Road']",8054.8009521799295
3064719459,1976165109,B79,B079,Chilaw - Wariyapola,primary,False,60,,Chilaw-Wariyapola Road,2490.5519848244858
3064719459,6511426679,B79,B079,Chilaw - Wariyapola,primary,False,60,,Chilaw-Wariyapola Road,2757.765881392428
3066124415,3064719434,B258,B258,Mahakeliya - Katupotha,secondary,False,50,,"['Munamaldeniya - Katupotha Road', 'Munamaldeniya Katupotha Road']",8054.80095217993
3066124415,4268469890,B166,B166,Kadahapola - Rambawewa,secondary,False,50,2,"['Katupotha - Rambawewa Road', 'Katupotha--Rambawewa Road']",9745.491787133695
3066124415,1239442924,B166,B166,Kadahapola - Rambawewa,secondary,False,50,,Kadahapola--Katupotha Road,9164.995790732472
3066124415,13442454956,B258,B258,Mahakeliya - Katupotha,secondary,False,50,,Mahakeliya - Katupotha Road,8277.037188454991
3066364582,1247065794,B611,B611,Thitthawella - Gonagama,secondary,False,50,,Tittawella - Gonagama Road,15218.331448168414
3069813661,2093606919,B409,B409,Talgodapitiya - Yatawatte - Dombawala,primary,False,60,2,Talgodapitiya-Dodangaslanda Road,5015.677005732346
3069813661,2093606557,B409,B409,Talgodapitiya - Yatawatte - Dombawala,primary,False,60,2,"['Dodangaslanda-Yatawatta-Dombawela Road', 'Talgodapitiya-Dodangaslanda Road']",21523.445566086582
3069813661,5644584039,B393,B393,Ridigama - Liniwehera,secondary,False,50,,Ridigama - Lihiniwehera Road,2052.2698809750964
3074557148,5120237611,B365,B365,Peradeniya - Halloluwa - Katugastota,primary,True,60,4,Gannoruwa Road,380.62464390841666
3078464586,1877266360,B1,B001,Akkaraipattu - Warapathanchenai,primary,False,60,2,Akkaraipattu-Varipathanchenai Road,1202.3906721214519
3078464586,1877272293,B1,B001,Akkaraipattu - Warapathanchenai,primary,False,60,2,Akkaraipattu-Varipathanchenai Road,8643.609495659572
3078464586,1877272333,B573,B573,Akkaraipattu Deegavapi Ambalatharu,primary,False,60,2,Akkaraipattu-Deeghavapiya-Ambalatharu Road,4156.992006882151
3081634085,3081634077,B594,B594,Galle Port Access,primary,True,70,,Galle Port Access Road,52.734170401449575
3081634087,3081634092,B594,B594,Galle Port Access,primary,True,70,,Galle Port Access Road,48.808723853734136
3081634092,13698912447,B594,B594,Galle Port Access,primary,True,70,2,Galle Port Access Road,1287.5292200104486
3088508746,3088508756,B365,B365,Peradeniya - Halloluwa - Katugastota,primary,False,60,2,Gohagoda Road,46.430951955906245
3088508750,3088508756,B365,B365,Peradeniya - Halloluwa - Katugastota,primary,False,60,2,Gohagoda Road,50.05485000130922
3088508756,3088508750,B365,B365,Peradeniya - Halloluwa - Katugastota,primary,False,60,2,Gohagoda Road,50.05485000130923
3088508756,3088508746,B365,B365,Peradeniya - Halloluwa - Katugastota,primary,False,60,2,Gohagoda Road,46.430951955906245
3088508756,3998841948,B365,B365,Peradeniya - Halloluwa - Katugastota,primary,False,60,2,"['Gohagoda Road', 'Katugastota Road']",4573.2332743274155
3088821708,2315595592,B364,B364,Peradeniya - Deltota - Rikiligaskada,primary,False,50,2,Galaha Road,888.6711855135648
3088821708,3478101817,B364,B364,Peradeniya - Deltota - Rikiligaskada,primary,True,50,2,Galaha Road,47.571808009608304
3090078667,191856851,B110,B110,Eheliyagoda - Dehiowita,primary,False,50,2,"['Eheliyagoda-Dehiowita Road', 'Sudu Palama (White Bridge)']",16573.736312264045
3090460072,3090460089,B106,B106,Dodanduwa - Gonapinuwala,primary,True,50,2,Dodanduwa-Gonapinuwala Road,24.978210752560525
3090460074,3090460072,B106,B106,Dodanduwa - Gonapinuwala,primary,True,50,2,Dodanduwa-Gonapinuwala Road,13.394910464384257
3090460077,3090456359,B106,B106,Dodanduwa - Gonapinuwala,secondary,True,50,2,Dodanduwa-Gonapinuwala Road,55.88259851496898
3090460089,3090460077,B106,B106,Dodanduwa - Gonapinuwala,primary,True,50,,Dodanduwa-Gonapinuwala Road,27.964011214467384
3090460089,11368215992,B106,B106,Dodanduwa - Gonapinuwala,primary,False,50,2,Dodanduwa-Gonapinuwala Road,3857.2895357577595
3090559903,5264919265,B222,B222,Kiriella - Nedurana - Eheliyagoda,primary,False,60,2,Kiriella-Nedurana-Eheliyagoda Road,14505.849102286827
3104873585,4762385860,B93,B093,Dehiowita - Deraniyagala - Noori,primary,False,60,2,Deraniyagala-Noori Road,13555.875332180525
3104873585,1797964284,B93,B093,Dehiowita - Deraniyagala - Noori,primary,False,60,2,Dehiowita-Deraniyagala Road,13538.181043834373
3106294734,13700965134,B326,B326,Nikaweratiya - Moragollagama - Siyambalangamuwa,secondary,False,60,2,Nikaweratiya - Maho - Madagalla Road,3814.3682649897455
3106294734,1239651798,B326,B326,Nikaweratiya - Moragollagama - Siyambalangamuwa,secondary,False,60,2,Nikaweratiya - Maho - Madagalla Road,13198.873873879615
3106294734,1239725256,B89,B089,Danikittawa - Ambanpola,secondary,False,50,,Danikithawa Road,22375.63054205186
3107607858,1241600897,B95,B095,Delgoda - Dompe - Giridara,primary,False,50,,Delgoda-Dompe-Giridara Road,11944.506103462243
3107607858,2021648880,B214,B214,Kelaniya - Mudungoda,primary,False,60,2,New Kandy Road,864.914615316939
3107607858,639127532,B214,B214,Kelaniya - Mudungoda,primary,False,60,2,"['New Kandy Road', 'New Kandy Rd']",2466.036386602169
3109024823,6292190465,B239,B239,Kottawa - Talagala,primary,True,50,2,Kottawa - Horana Road,30.80314001630734
3120323405,1235697764,B146,B146,Hanwella - Pugoda - Weke - Urapola,primary,False,50,,Hanwella-Pugoda-Kirindiwela-Urapola Road,29.027972949659397
3120323405,3120324420,B434,B434,Urapola - Waturugama,primary,False,50,,Urapola-Waturugama Road,3770.8184358181124
3120323405,3120332567,B146,B146,Hanwella - Pugoda - Weke - Urapola,primary,False,50,,Hanwella-Pugoda-Kirindiwela-Urapola Road,2158.061929400463
3120324420,639298307,B434,B434,Urapola - Waturugama,primary,False,50,,Urapola-Waturugama Road,3379.03188513438
3120324420,3120323405,B434,B434,Urapola - Waturugama,primary,False,50,,Urapola-Waturugama Road,3770.8184358181115
3120324420,1235697661,B453,B453,Walpola - Mailawalana,primary,False,50,,Walpola-Walgammulla Road,5313.68015208409
3120332567,3883403630,B146,B146,Hanwella - Pugoda - Weke - Urapola,primary,True,40,,Hanwella-Pugoda-Kirindiwela-Urapola Road,26.86503599227485
3120332567,3120323405,B146,B146,Hanwella - Pugoda - Weke - Urapola,primary,False,50,,Hanwella-Pugoda-Kirindiwela-Urapola Road,2158.061929400463
3120470733,2015279496,B605,B605,Alawathura Yatapana Kotiyakumbura,primary,False,60,2,Alawatura-Yatapana-Kotiyakumbura Road,6253.338765590644
3137149149,2686035634,B71,B071,Carolina - Norton - Wanarajah,primary,False,60,2,Carolina-Norton-Wanaraja Road,1957.8490120057731
3137149149,1186247404,B71,B071,Carolina - Norton - Wanarajah,primary,False,60,2,"['Carolina-Norton-Wanaraja Road', 'Castlereigh Dam']",13079.810384132066
3137149149,5537436827,B26,B026,Approach Road to Midford Power House,primary,False,40,2,Approach Road to Wimalasurendra Power House,1003.6339027900509
3141868639,3141868650,B240,B240,Batttaramulla - Malabe - Godagama - Padukka - Bope,primary,True,60,3,Main Street (New Kandy Road),9.24942156538966
3141868650,3861760657,B240,B240,Batttaramulla - Malabe - Godagama - Padukka - Bope,primary,True,60,"['3', '2']",Main Street (New Kandy Road),849.099920838313
3142698207,3633739445,B485,B485,Walasmulla - Katuwana - Middeniya,primary,False,60,2,Walasmulla-Katuwana-Middeniya Road,2491.9956474836786
3142698207,3827971310,B485,B485,Walasmulla - Katuwana - Middeniya,primary,False,60,2,Walasmulla-Katuwana-Middeniya Road,6410.7385996818775
3142698207,1931937816,B629,B629,Walasmulla - Julampitiya,primary,False,50,2,Walasmulla-Julampitiya Road,13123.471342269768
3145257092,3145257097,B427,B427,Udawalawe - Tanamalwila,primary,True,40,1,Timbolketiya-Tanamalwila Road,40.325032092736535
3145257092,2113181192,B427,B427,Udawalawe - Tanamalwila,primary,False,72,2,Timbolketiya-Tanamalwila Road,11475.573807376677
3145713375,3540609796,B240,B240,Batttaramulla - Malabe - Godagama - Padukka - Bope,primary,False,60,2,Malabe - Athurugiriya Road,15.777008478146765
3145713375,2712362974,B240,B240,Batttaramulla - Malabe - Godagama - Padukka - Bope,primary,False,"['60', '50']",2,Malabe - Athurugiriya Road,3391.678252391123
3147021776,1725074683,B486,B486,Embilipitiya - Middeniya,primary,True,50,1,Embilipitiya-Middeniya Road,60.47464388870816
3147058589,3147058592,B549,B549,Embilipitiya - Moraketiya - Kiriibbanara - Uda Mauara,primary,False,72,2,Embilipitiya-Moraketiya-Kiriibbanara-Uda Mauara Road,42.18404848663813
3147058589,1723290053,B549,B549,Embilipitiya - Moraketiya - Kiriibbanara - Uda Mauara,primary,False,72,2,Embilipitiya-Moraketiya-Kiriibbanara-Uda Mauara Road,6272.474366775631
3147058592,3147058589,B549,B549,Embilipitiya - Moraketiya - Kiriibbanara - Uda Mauara,primary,False,72,2,Embilipitiya-Moraketiya-Kiriibbanara-Uda Mauara Road,42.18404848663813
3147073493,610955140,B427,B427,Udawalawe - Tanamalwila,primary,True,40,1,Timbolketiya-Tanamalwila Road,7825.84462719758
3147073493,1432825404,B528,B528,Bodagma - Hambegamuwa - Kaltota,primary,False,60,2,Bodagma-Hambegamuwa-Kaltota Road,19569.818456407098
3147073493,10132667228,B427,B427,Udawalawe - Tanamalwila,primary,False,72,2,Timbolketiya-Tanamalwila Road,5022.501661178176
3150410545,635914018,B96,B096,Dematagoda - Wellampitiya,primary,True,50,,Kolonnawa Road,13.390047629683274
3152507940,10219043297,B62,B062,Borella - Rajagiriya (CMC Limits to Filling Station - Rajagiriya),primary,True,60,2,"['Cotta Road', 'Dr. N. M. Perera Mawatha (Cotta Road)']",180.00154624032885
3155986410,2036185335,B115,B115,Embilipitiya - Panamure - Bulutota,primary,False,60,2,Embilipitiya-Panamure-Sooriyakanda Road,9749.79414760569
3157384370,3615147754,B236,B236,Koslande - Poonagala,primary,False,60,2,Koslande-Poonagala Road,11497.010908624423
3161365280,3219885917,B643,B643,Kegalle Bypass,primary,False,50,2,Sir Francis Molamure Mawatha,1162.588983417765
3161365280,5140888508,B643,B643,Kegalle Bypass,primary,True,50,,Sir Francis Molamure Mawatha,37.302397557247964
3163956073,2093610245,B126,B126,Galgamuwa - Nikawewa,secondary,False,50,,Galgamuwa - Nikawewa Road,21122.300424535893
3163956073,2723880187,B326,B326,Nikaweratiya - Moragollagama - Siyambalangamuwa,secondary,False,"['60', '50']",,Bulnewa - Madagalla Road,21502.25547524775
3163956073,3663534823,B326,B326,Nikaweratiya - Moragollagama - Siyambalangamuwa,secondary,False,60,,Bulnewa - Madagalla Road,3831.424091302544
3163960436,5051771529,B159,B159,Ibbagamuwa - Kumbukgete - Madagalla,secondary,False,50,2,Ibbagamuwa-Kumbukgete-Madagalla Road,7074.761595738029
3166543427,4228041368,B644,B644,Kelanimulla-Angoda-Koswatta,primary,False,50,2,"['Kalapaluwawa Road', 'Walpola Road']",2078.495457103826
3166543427,403816197,B644,B644,Kelanimulla-Angoda-Koswatta,primary,False,50,2,Mulleriyawa Hospital Road,1602.7634095718659
3166543427,1912538674,B231,B231,Kolonnawa - Gothatuwa - Angoda,primary,False,50,2,"['Mandawila Road', 'Kolonnawa-Angoda Road']",1635.5885522632254
3167605964,617823428,B322,B322,Negombo - Giriulla,primary,False,,,Negombo-Giriulla Road,6100.978201629852
3167605964,1662220531,B237,B237,Kotadeniyawa - Mirigama,primary,False,60,,Kotadeniyawa-Mirigama Road,8157.678118133559
3167605964,617810744,B322,B322,Negombo - Giriulla,primary,False,,,Negombo-Giriulla Road,1233.7077076840383
3167637635,3167641878,B476,B476,Weweldeniya - Mirigama,primary,False,50,2,Weweldeniya-Mirigama Road,6318.214939910802
3167641878,3167637635,B476,B476,Weweldeniya - Mirigama,primary,False,50,2,Weweldeniya-Mirigama Road,6318.214939910804
3167653286,1239442870,B308,B308,Narammala - Dankotuwa,primary,False,60,2,Kurunegala-Negombo Road,11726.07817393729
3167653286,4600910031,B308,B308,Narammala - Dankotuwa,primary,False,60,2,Kurunegala-Negombo Road,773.4440947891873
3167996118,6548196298,B82,B082,"Circular Road, Kurunegala",primary,True,50,2,Bauddhaloka Mawatha,33.257208773703965
3167996132,1535398426,B82,B082,"Circular Road, Kurunegala",primary,False,50,2,Yanthampalawa Road,2065.559610903346
3167996132,3167996141,B82,B082,"Circular Road, Kurunegala",primary,True,50,2,Yanthampalawa Road,37.18889330975676
3167996140,6548196299,B247,B247,Kurunegala - Narammala - Kuliyapitiya - Madampe,primary,True,60,,Kurunegala-Negombo Road,44.458997078297266
3167996141,6548196295,B247,B247,Kurunegala - Narammala - Kuliyapitiya - Madampe,primary,True,60,,Kurunegala-Negombo Road,42.17741788701326
3167996141,3167996118,B82,B082,"Circular Road, Kurunegala",primary,True,50,2,"['Bauddhaloka Mawatha', 'Yanthampalawa Road']",8.775672438076631
3167996142,3167996132,B82,B082,"Circular Road, Kurunegala",primary,True,50,2,Yanthampalawa Road,36.81360430317759
3167996142,3167996140,B82,B082,"Circular Road, Kurunegala",primary,True,50,2,"['Bauddhaloka Mawatha', 'Yanthampalawa Road']",9.416857821031655
3169248398,3377554135,B631,B631,Hambantota - Gonnoruwa - Meegahajandura,primary,True,60,2,Hambantota-Gonnoruwa-Meegahajandura Road,520.6952668432793
3169248401,610950712,B631,B631,Hambantota - Gonnoruwa - Meegahajandura,primary,True,60,2,Hambantota-Gonnoruwa-Meegahajandura Road,139.89615333341027
3169826275,2590173342,B490,B490,Atabage - Ulapane Road,primary,False,60,2,Atabage-Ulapane Road,7386.098635914325
3170533458,1030050388,B116,B116,Embilmeegama - Daulagala - Penideniya,primary,False,50,2,Gadaladeniya Road,1279.2186455839294
3170533458,1855349632,B116,B116,Embilmeegama - Daulagala - Penideniya,primary,False,50,2,Pilimatalawa-Daulagala Road,3261.348455411959
3170533458,3758716316,B66,B066,Boyagama - Mandandawala,primary,False,40,2,Boyagama-Pamunuwa Road,1859.3491698614766
3180046129,1978072063,B247,B247,Kurunegala - Narammala - Kuliyapitiya - Madampe,primary,False,70,2,Kurunegala - Narammala - Madampe Road,7051.07988217753
3180046129,1887817275,B247,B247,Kurunegala - Narammala - Kuliyapitiya - Madampe,primary,False,70,2,Kurunegala - Narammala - Madampe Road,7216.298654313558
3189672680,5320624392,B384,B384,Rambukkana - Katupitiya,primary,True,60,2,Kurunegala Road,249.5952886672708
3195561861,1222995418,B149,B149,Hatton - Maskeliya - Dalhousie,primary,False,60,2,Hatton-Maskeliya-Sri Pada Road,7856.790687789906
3195561861,1190546887,B149,B149,Hatton - Maskeliya - Dalhousie,primary,False,60,2,Hatton-Maskeliya-Sri Pada Road,915.7437527695163
3195561861,3517300319,B330,B330,Norwood - Upcot,primary,False,50,2,Upcot Road,11402.937786616138
3197040791,2703675509,B324,B324,Negombo - Mirigama,primary,True,50,,Negombo-Mirigama Road,29.6446564483393
3197040794,6509381795,B111,B111,Ekala - Kotadeniyawa,primary,False,,,Ekala-Kotadeniyawa Road,27.36233060396227
3199620297,5847955549,B170,B170,Kadduwan - Mallakam - Chankanai,secondary,False,40,,Kadduvan Mallakam Chankanai road,3583.3528697618617
3199620297,6896310128,B437,B437,Vallai - Telippalai - Araly,secondary,False,40,2,"['Vallai Tellippalai Araly Road', 'Kadduvan Myliddi Road']",2175.0925389897375
3199620297,1245032999,B437,B437,Vallai - Telippalai - Araly,secondary,False,40,,Vallai Tellippalai Araly Road,2284.8913411252183
3201052237,2019950765,B413,B413,Tennekumbura - Rikiligaskada - Ragala,primary,False,60,2,Rikillagaskada Road,7046.641666679661
3201052237,2382076814,B413,B413,Tennekumbura - Rikiligaskada - Ragala,primary,False,60,2,"['Rikillagaskada Road', 'Haragama Road']",12052.966487958398
3201082623,4781591828,B413,B413,Tennekumbura - Rikiligaskada - Ragala,primary,True,50,,Rikillagaskada Road,31.043187632917054
3201082623,3201082769,B413,B413,Tennekumbura - Rikiligaskada - Ragala,primary,False,60,2,Rikillagaskada Road,436.23224150852724
3201082769,2078334820,B413,B413,Tennekumbura - Rikiligaskada - Ragala,primary,False,60,2,"['Rikillagaskada Road', 'Hanguranketha Road']",10983.063237643895
3201082769,3201082623,B413,B413,Tennekumbura - Rikiligaskada - Ragala,primary,False,60,2,Rikillagaskada Road,436.2322415085273
3203084587,2078754703,B607,B607,Bengamuwa - Molokgamuwa - Galdola,primary,False,60,2,Bengamuwa-Molokgamuwa-Galdola Road,9289.295998596503
3203254224,3203260988,B183,B183,Kaleliya - Pallewela - Medagampitiya,primary,False,50,,Kaleliya-Pallewela-Medagampitiya Road,7324.342190797621
3203260988,638916931,B443,B443,Veyangoda - Banduragoda,primary,False,50,,Veyangoda-Banduragoda Road,6269.968148010322
3203260988,3203254224,B183,B183,Kaleliya - Pallewela - Medagampitiya,primary,False,50,,Kaleliya-Pallewela-Medagampitiya Road,7324.342190797622
3203260988,3645537814,B443,B443,Veyangoda - Banduragoda,primary,False,50,,Veyangoda-Banduragoda Road,2372.515701972867
3203260988,3203261039,B183,B183,Kaleliya - Pallewela - Medagampitiya,primary,False,50,,Kaleliya-Pallewela-Medagampitiya Road,2921.5785745953094
3203261039,638945897,B430,B430,Udugampola - Divulapitiya,primary,False,50,,Udugampola-Divulapitiya Road,4075.8544309560066
3203261039,638943128,B430,B430,Udugampola - Divulapitiya,primary,False,50,,Udugampola-Divulapitiya Road,4010.898204107323
3203261039,3203260988,B183,B183,Kaleliya - Pallewela - Medagampitiya,primary,False,50,,Kaleliya-Pallewela-Medagampitiya Road,2921.57857459531
3203303832,3906319524,B493,B493,Moragahamula - Victoriya Damtop,primary,False,40,2,Moragahamula-Victoria Dam Top Road,8483.432500700488
3204336190,1239435107,B79,B079,Chilaw - Wariyapola,primary,True,40,1,Chilaw - Wariyapola Road,29.116868448221194
3204562797,1881982723,B538,B538,Kahatagasdigiliya - Rathmalgahaweewa - Kivulekade,secondary,False,50,,Kahatagasdigilya - Ratmalgahawewa - Kivulekade Road,11851.460733963857
3205666202,1261568522,B308,B308,Narammala - Dankotuwa,primary,False,60,,Negombo-Kurunegala Road,87.07100428091928
3205666202,1848020009,B503,B503,Makandura - Badalgama,primary,False,40,,Makandura-Badalgama Road,195.1872987556586
3205666202,2199336301,B308,B308,Narammala - Dankotuwa,primary,False,60,,Negombo-Kurunegala Road,11460.055738075323
3205978508,2854966358,B12,B012,Aluthgama - Wigoda,primary,False,40,2,Wigoda Road,7963.354551657096
3205978508,638943128,B430,B430,Udugampola - Divulapitiya,primary,False,50,,Udugampola-Divulapitiya Road,1669.6285271415402
3205978508,638936212,B430,B430,Udugampola - Divulapitiya,primary,False,50,,Udugampola-Divulapitiya Road,5281.437089174734
3206169196,3517629554,B214,B214,Kelaniya - Mudungoda,primary,False,60,2,New Kandy Road,50.47404190735573
3206169196,3517629552,B632,B632,Sapugaskanda Oil Refinery Junction - Biyagama Free Trade Zone (Samurdhi Mawatha),primary,False,50,,Biyagama Makola Road,42.94375030898011
3206169196,3710297373,B632,B632,Sapugaskanda Oil Refinery Junction - Biyagama Free Trade Zone (Samurdhi Mawatha),primary,False,50,,"['Biyagama Makola Road', 'Biyagama Free Trade Zone Road']",39.94752419380393
3206169196,639127532,B214,B214,Kelaniya - Mudungoda,primary,False,60,2,New Kandy Road,1120.6487056716207
3210113789,445270465,B157,B157,Horana - Anguruwatota - Aluthgama,primary,False,50,2,Horana Road,85.91435569480456
3210113789,445265132,B157,B157,Horana - Anguruwatota - Aluthgama,primary,False,50,2,Horana Road,1820.232327824
3210113789,445265578,B207,B207,Katukurunda - Neboda,primary,False,60,2,Katukurunda-Neboda Road,72.61726681567106
3210162496,2143415342,B158,B158,Horawela - Pelawatte - Pitigala,primary,False,60,2,Horawela-Pelawatte Road,8184.60803138232
3210162496,2185127828,B158,B158,Horawela - Pelawatte - Pitigala,primary,False,60,2,"['Horawela-Pelawatte Road', 'Pelawatta-Pitigala Road']",1546.657455631312
3210169158,1969450556,B157,B157,Horana - Anguruwatota - Aluthgama,primary,False,60,2,Matugama Road,2091.7454934828484
3210169158,2088167963,B157,B157,Horana - Anguruwatota - Aluthgama,primary,False,60,2,Matugama Road,744.5339822581295
3211931764,1792701998,B14,B014,Ambalangoda - Elpitiya - Pitigala,primary,False,50,,Ambalangoda-Elpitiya-Pitigala Road,5453.140041000409
3211931764,2904638879,B14,B014,Ambalangoda - Elpitiya - Pitigala,primary,False,50,,Ambalangoda-Elpitiya-Pitigala Road,1204.714004532801
3211931764,2076672978,B114,B114,Elpitiya - Avittawa - Lewwanduwa,primary,False,50,2,Elpitiya-Avittawa Road,2997.347505235955
3211942093,1809637722,B206,B206,Katugastota - Medawela,primary,False,50,2,Ranawana Road,9354.000845720973
3211942093,3343547728,B150,B150,Hedeniya - Pujapitiya,primary,False,50,2,"['Hedeniya-Medawala Road', 'Medawala-Poojapitiya Road']",3411.6991116410572
3211942093,1836349953,B150,B150,Hedeniya - Pujapitiya,primary,False,50,2,Medawala-Poojapitiya Road,4236.332180497921
3213759120,7071757658,B617,B617,Minneriya - Gal Oya,primary,False,60,2,Minneriya - Gal Oya Road,14463.671286704313
3215382447,2686377371,B319,B319,Nawalapitiya - Ginigathena,primary,False,60,2,Nawalapitiya-Ginigathena Road,11966.74284660441
3215395992,2686590800,B506,B506,Nawalapitiya - Harangala,primary,False,60,2,Nawalapitiya-Harangala Road,8948.604247757341
3215585621,3215623441,B189,B189,Kalugala - Polpitiya - Laxapana,primary,False,50,2,Kalugala-Laxapana Road,11430.046232804312
3215623441,6592863153,B25,B025,Approach Road to Laxapana Power House,primary,False,50,2,Laxapana Power House Road,10068.52758595333
3215623441,5619440825,B25,B025,Approach Road to Laxapana Power House,primary,False,50,2,Laxapana Power House Road,1103.5887854533908
3215623441,3215585621,B189,B189,Kalugala - Polpitiya - Laxapana,primary,False,50,2,Kalugala-Laxapana Road,11430.046232804314
3216973602,3216973603,B482,B482,Yatiyantota - Poonagala - Meenagala,primary,True,50,1,Yatiyantota-Punugala-Sea Forth Road,29.94452592751835
3216973602,3514826055,B482,B482,Yatiyantota - Poonagala - Meenagala,primary,False,60,2,Yatiyantota-Punugala-Sea Forth Road,3869.217009056377
3216973606,3216973602,B482,B482,Yatiyantota - Poonagala - Meenagala,primary,True,50,1,Yatiyantota-Punugala-Sea Forth Road,31.431335677953275
3217294322,2722750909,B263,B263,Malabe - Kaduwela,primary,False,60,,Kaduwela Road (New Kandy Road),1540.826815023332
3217407684,1909593733,B125,B125,Galaha - Pupuressa - Delpitiya (Section 2),primary,False,50,2,"['Delpitiya Road', 'Pupuressa Road', 'Galaha Road']",27802.60461457972
3218455285,1212770520,B84,B084,Colombo - Horana,primary,True,70,,Colombo - Horana Road,56.47563725745999
3219885917,3161365280,B643,B643,Kegalle Bypass,primary,False,50,2,Sir Francis Molamure Mawatha,1162.5889834177644
3219885917,4929242043,B643,B643,Kegalle Bypass,primary,True,50,1,Sir Francis Molamure Mawatha,52.77858729186191
3219914009,2584550963,B643,B643,Kegalle Bypass,primary,True,50,2,Bandaranaike Mawatha,22.625107208862065
3220016719,445970143,B600,B600,Meepitiya Ekiriyagala Paragammana,primary,False,60,2,Paragammana-Ekiriyagala-Meepitiya Road,5105.471343741262
3220025120,3453321762,B604,B604,Paragammana Dikella Atugoda Wanduradeniya,primary,False,60,2,"['Paragammana-Dikella-Atugoda-Wanduradeniya Road', 'Atugoda Road', 'Paragammana - Atugoda Road']",14462.07782929008
3220121962,3851353586,B601,B601,Kegalle Siyambalapitiya Dewalegama,primary,False,60,2,Kegalle-Siyambalapitiya-Dewalegama Road,4389.905600967226
3220545605,3220669258,B467,B467,Weligepola - Handagiriya,primary,False,40,2,Weligepola-Handagiriya Road,699.9806615905175
3220669258,3371892591,B467,B467,Weligepola - Handagiriya,primary,False,40,2,Weligepola-Handagiriya Road,68.99529975477745
3220669258,3371893296,B593,B593,Pambahinna Kumbalgama Rajawaka Kapugala,primary,False,60,2,Rajawaka-Kapugala Road,48.88751065350089
3220669258,3220545605,B467,B467,Weligepola - Handagiriya,primary,False,40,2,Weligepola-Handagiriya Road,699.9806615905175
3221200523,3229498069,B592,B592,Hettimulla Deewala Ussapitiya,primary,False,60,2,Hettimulla-Deewala-Ussapitiya Road,12781.724573567297
3221213836,3453321762,B602,B602,Morontota Arandara,primary,False,60,2,Morontota-Arandara Road,5904.126345475595
3221586259,1242700557,B424,B424,Trincomalee - Pulmoddai,primary,False,60,2,Trincomalee-Nilaveli Road,5487.880079179902
3221586259,1882011362,B424,B424,Trincomalee - Pulmoddai,primary,False,60,2,"['Irakkandi Bridge', 'Trincomalee-Nilaveli Road', 'Trincomalee-Pulmoddai Road']",9558.921532397022
3221586259,4254145897,B327,B327,Nilaweli Salt Office Road,secondary,False,40,,Approach Road to Nilaveli Salt Office,658.9494048500624
3226211756,9882336681,B279,B279,Mawanella - Hemmaththagama - Singhapitiya,primary,False,50,2,Mawanella-Hemmathagama-Singhapitiya Road,13911.755565991136
3226224942,5677985213,B583,B583,Mawanella By Pass,primary,False,60,2,New Kandy Road,10.52020892371416
3226224942,3718488870,B583,B583,Mawanella By Pass,primary,False,60,2,New Kandy Road,39.949135176962
3226275220,3226291720,B172,B172,Kadugannawa - Gampola,primary,False,50,2,Gampola Road,5232.04575994195
3226275220,6017749566,B173,B173,Kadugannawa - Pottepitiya,primary,False,50,2,Kadugannawa-Pottepitiya Road,7269.774530479183
3226286143,3756752965,B91,B091,Daulagala - Watadeniya,primary,False,50,2,Daulagala-Watadeniya Road,2159.690867876723
3226286143,3226291720,B172,B172,Kadugannawa - Gampola,primary,False,50,2,"['Kadugannawa Road', 'Gampola Road']",5150.061091292435
3226286143,2023111966,B172,B172,Kadugannawa - Gampola,primary,False,50,2,Kadugannawa Road,6405.745189280035
3226291720,1030050388,B121,B121,Gadaladeniya - Paranapattiya,primary,False,50,2,Gadaladeniya-Paranapattiya Road,5266.991397847439
3226291720,3226275220,B172,B172,Kadugannawa - Gampola,primary,False,50,2,Gampola Road,5232.045759941954
3226291720,3226286143,B172,B172,Kadugannawa - Gampola,primary,False,50,2,"['Kadugannawa Road', 'Gampola Road']",5150.061091292433
3226356899,1030050388,B116,B116,Embilmeegama - Daulagala - Penideniya,primary,False,50,2,Gadaladeniya Road,853.0147213481205
3226356946,3074557148,B365,B365,Peradeniya - Halloluwa - Katugastota,primary,True,60,4,Gannoruwa Road,1366.5717516257703
3226356946,13624920350,B365,B365,Peradeniya - Halloluwa - Katugastota,primary,True,60,4,Gannoruwa Road,250.0964402248763
3227989004,1732626412,B299,B299,Murunkan - Chilawathurai,secondary,False,50,,Murunkan-Silavathurai Road,15758.963866506807
3227989004,4140985775,B379,B379,Puttalam - Marichchikadai,primary,False,60,2,"['PuttMannar Road', 'Puttalam - Marichchikadai - Mannar Road', 'Mannar Road']",90614.53972427087
3229498069,2337932210,B278,B278,Mawanella - Aranayake - Horawela,primary,False,60,2,Mawanella-Aranayaka Road,4533.509938335418
3229498069,4006801962,B278,B278,Mawanella - Aranayake - Horawela,primary,False,60,2,Mawanella-Aranayaka Road,4365.1616168471555
3229498069,3221200523,B592,B592,Hettimulla Deewala Ussapitiya,primary,False,60,2,Hettimulla-Deewala-Ussapitiya Road,12781.724573567275
3234257841,1932028204,B54,B054,Beliatta - Walasmulla,primary,False,60,2,Beliatte-Walasmulla Road,2223.910095985417
3234257841,13728195887,B54,B054,Beliatta - Walasmulla,primary,False,60,2,Beliatte-Walasmulla Road,2718.982370365925
3234692631,2607352523,B141,B141,Hakmana - Beliatta - Tangalle,primary,False,70,2,Hakmana-Beliatte Road,4533.309196443424
3234692631,1792754399,B141,B141,Hakmana - Beliatta - Tangalle,primary,False,"['72', '70']",2,Hakmana-Beliatte Road,1602.2740703885418
3237453500,3756752965,B91,B091,Daulagala - Watadeniya,primary,False,50,2,Daulagala-Watadeniya Road,2736.5170891839107
3237453500,263155217,B135,B135,Geli Oya - Embekke,primary,False,50,2,Gelioya-Embekke Road,4190.240144400995
3237453500,7183582771,B91,B091,Daulagala - Watadeniya,primary,False,50,2,Daulagala-Watadeniya Road,1929.4570914489343
3237492302,6017749566,B6,B006,Alakolanga - Pottepitiya,primary,False,50,2,"['Danture Road', 'Pilimatalawa Bridge', 'Pilimatalawa-Pottepitiya Road', 'Main Street']",8742.484337108246
3237492302,3237492327,B6,B006,Alakolanga - Pottepitiya,primary,True,50,,Pilimatalawa-Pottepitiya Road,16.0194503013185
3237492320,3237492302,B6,B006,Alakolanga - Pottepitiya,primary,True,50,,Pilimatalawa-Pottepitiya Road,24.526481138110512
3240952949,674898973,B444,B444,Veyangoda - Kaleliya,primary,False,40,,Veyangoda-Kaleliya Road,7486.097444764561
3249089698,248049055,B153,B153,Hikkaduwa - Baddegama - Nilhena,primary,False,60,2,Hikkaduwa-Baddegama Road,21.009031557989335
3249089698,198851718,B153,B153,Hikkaduwa - Baddegama - Nilhena,primary,False,60,2,Hikkaduwa-Baddegama Road,4310.691095679703
3254668917,1834981446,B612,B612,Ramboda - Pusulpitiya,primary,False,60,2,Ramboda-Sangilipalama Road,209.48889563289003
3254668917,3254670926,B612,B612,Ramboda - Pusulpitiya,primary,False,60,2,Ramboda-Sangilipalama Road,2188.6444660043126
3254668917,1834981401,B613,B613,Kothmale New Town Road,primary,False,60,2,Kotmale New Town Road,1050.610824387502
3254670926,3254668917,B612,B612,Ramboda - Pusulpitiya,primary,False,60,2,Ramboda-Sangilipalama Road,2188.6444660043117
3256396052,3256397109,B376,B376,"Prison Road, Tangalle",primary,False,30,2,Circular Road,128.46011483405175
3256397109,3256397158,B376,B376,"Prison Road, Tangalle",primary,False,30,2,Prison Road,152.7344457927518
3256397109,2993960268,B83,B083,"Circular Road, Tangalle",primary,False,30,2,"['Circular Road', 'Sea Avenue']",1001.2287098068848
3256397109,3256396052,B376,B376,"Prison Road, Tangalle",primary,False,30,2,Circular Road,128.46011483405175
3256397158,3256397109,B376,B376,"Prison Road, Tangalle",primary,False,30,2,Prison Road,152.73444579275179
3257742983,1637776271,B143,B143,Halpatota - Kurundugahahetekma,primary,False,70,4,Halpatota-Kurundugahahetekma Road,8511.290296971985
3257742983,247987689,B128,B128,Galle - Baddegama,primary,False,"['60', '50']",2,"['Baddegama Road', 'Baddegama-Halpotota Road']",1453.725162095756
3257742983,248049055,B153,B153,Hikkaduwa - Baddegama - Nilhena,primary,False,"['70', '60']","['2', '4']","['Hikkaduwa-Baddegama Road', 'Halpatota-Kurundugahahetekma Road']",5526.075236209982
3257848747,247987689,B128,B128,Galle - Baddegama,primary,False,60,2,Baddegama Road,2171.1284787614363
3257848747,1093751150,B128,B128,Galle - Baddegama,primary,False,60,2,Baddegama Road,156.7252166857234
3257848747,1093751318,B248,B248,Labuduwa - Wandurambe - Sandarawela,primary,False,50,2,Wanduramba-Sandarawala Road,2970.8247837607446
3257914816,247987689,B153,B153,Hikkaduwa - Baddegama - Nilhena,primary,False,60,2,Baddegama-Nayapamula-Nilhena Road,2109.743186618335
3257914816,1093751318,B153,B153,Hikkaduwa - Baddegama - Nilhena,primary,False,60,2,Baddegama-Nayapamula-Nilhena Road,2430.5842655636743
3257914816,4729747389,B320,B320,Nayapamulla - Unanwitiya - Nagoda,primary,False,60,2,Nayapamula-Unanvitiya-Nagoda Road,12277.488761320988
3261661183,3592199657,B141,B141,Hakmana - Beliatta - Tangalle,primary,False,72,4,Beliatte-Tangalle Road,4192.2931599438725
3261661183,3592213984,B141,B141,Hakmana - Beliatta - Tangalle,primary,False,72,4,Beliatte-Tangalle Road,1325.9554035875838
3261661183,1748992310,B626,B626,Nalagama - Beliatta,primary,False,50,2,Polonmaruwa-Beliatte Road,6561.250171187332
3261715730,3784921861,B622,B622,Hungama - Thalawa - Middeniya,primary,False,60,2,Angunakolapelessa-Middeniya Road,429.9479274534265
3261715730,3640127941,B622,B622,Hungama - Thalawa - Middeniya,primary,False,60,2,Angunakolapelessa-Middeniya Road,2795.4252843604377
3261809905,6632178172,B631,B631,Hambantota - Gonnoruwa - Meegahajandura,primary,True,60,2,Hambantota-Gonnoruwa-Meegahajandura Road,72.73510770218493
3264925411,9790518649,B202,B202,Kataragama - Sella-Kataragama,primary,False,"['70', '60']",2,"['Kataragama-Sella Kataragama Road', 'Buttala-Sella Kataragama Road']",25751.27076835506
3264925411,9635214351,B202,B202,Kataragama - Sella-Kataragama,primary,True,50,1,Kataragama-Sella Kataragama Road,20.502426127009606
3264925415,2375440476,B259,B259,Main Access to Gam Udawa 87,primary,False,40,2,Raja Mawatha (Gam Udawa Road),541.8435976609345
3264925415,3264925436,B259,B259,Main Access to Gam Udawa 87,primary,True,40,1,Raja Mawatha (Gam Udawa Road),16.86995876956782
3264925420,3264925415,B259,B259,Main Access to Gam Udawa 87,primary,True,40,1,Raja Mawatha (Gam Udawa Road),15.640605554320087
3264925425,1720491131,B202,B202,Kataragama - Sella-Kataragama,primary,True,50,1,Kataragama-Sella Kataragama Road,26.228525928421043
3264925428,3264925450,B259,B259,Main Access to Gam Udawa 87,primary,True,50,1,Raja Mawatha (Gam Udawa Road),30.98997968999467
3264925432,3264925411,B202,B202,Kataragama - Sella-Kataragama,primary,True,50,1,Kataragama-Sella Kataragama Road,23.63443242677585
3264925450,1535505645,B259,B259,Main Access to Gam Udawa 87,primary,False,72,2,Raja Mawatha (Gam Udawa Road),4883.804642840622
3264925450,3264925435,B259,B259,Main Access to Gam Udawa 87,primary,True,50,1,Raja Mawatha (Gam Udawa Road),31.61587832831969
3268426144,1879056278,B77,B077,Chavalakadai - Chadayantalawa,primary,False,60,2,Chavalakadai-Chadayantalawa Road,3801.1296084115597
3268426144,3649843433,B440,B440,Veeragoda Central Camp Road,primary,False,60,2,Veeragoda-Central Camp Road,16271.984251782753
3268426144,9754473426,B77,B077,Chavalakadai - Chadayantalawa,primary,False,60,2,Chavalakadai-Chadayantalawa Road,2458.031562279324
3269955348,1660138837,B594,B594,Galle Port Access,primary,True,70,1,Galle Port Access Road,91.05118055449702
3269957961,3269957968,B129,B129,Galle - Udugama,primary,False,50,,Udugama Road,111.59831282902138
3269957961,3658899780,B129,B129,Galle - Udugama,primary,False,50,,Udugama Road,1518.5703115089852
3269957968,1093762481,B129,B129,Galle - Udugama,primary,False,50,,Udugama Road,2820.004178286707
3269957968,3269957961,B129,B129,Galle - Udugama,primary,False,50,,Udugama Road,111.59831282902135
3271092569,1877266311,B2,B002,Akkaraipattu - Sagamam,primary,False,60,2,Akkaraipattu-Sagamam Road,13.202535095728896
3271092569,3302140235,B2,B002,Akkaraipattu - Sagamam,primary,True,50,1,Akkaraipattu-Sagamam Road,24.082663794962404
3271092634,1888945264,B574,B574,"Flood ProtectionRoad, Akkaraipattu",primary,False,60,2,Flood Protection Road,2190.8100160488134
3276158587,10132102319,B422,B422,Tissa - Kirinde,primary,True,50,1,Tissa-Kirinde Road,50.23220688999666
3276158604,3276158651,B422,B422,Tissa - Kirinde,primary,False,70,2,Tissa-Kirinde Road,1200.4709440594916
3276158651,610968963,B422,B422,Tissa - Kirinde,primary,False,70,2,Tissa-Kirinde Road,35.06701245367843
3276158651,3276158604,B422,B422,Tissa - Kirinde,primary,False,70,2,Tissa-Kirinde Road,1200.4709440594913
3276158654,610968963,B464,B464,Weerawila - Tissa - Kataragama,primary,False,70,2,Pannegamuwa-Tissa Road,47.83291508008012
3276158654,1639029976,B464,B464,Weerawila - Tissa - Kataragama,primary,False,70,2,Pannegamuwa-Tissa Road,1506.9751352651265
3279650334,7087395001,B525,B525,Dikwella - Wewurukannala,primary,True,50,1,Dikwella-Wewurukannala Road,21.194957267217934
3279674224,6545241017,B141,B141,Hakmana - Beliatta - Tangalle,primary,True,72,2,Beliatte-Tangalle Road,15.545648555264075
3279674224,3592213984,B141,B141,Hakmana - Beliatta - Tangalle,primary,False,72,4,Beliatte-Tangalle Road,775.0419157400815
3283385131,10132102403,B21,B021,Andalla - Tissa,primary,False,60,2,Weeraketiya-Tissa Road,6420.706855377049
3283385135,13689191650,B464,B464,Weerawila - Tissa - Kataragama,primary,False,70,2,Pannegamuwa-Tissa Road,3824.2874704967767
3283385138,610968963,B464,B464,Weerawila - Tissa - Kataragama,primary,False,70,2,Pannegamuwa-Tissa Road,1268.8429766550234
3289453902,843506679,B219,B219,King George Avenue,primary,True,40,,Bauddhaloka Mawatha (King George Avenue),20.31629798112639
3289575296,3141868639,B240,B240,Batttaramulla - Malabe - Godagama - Padukka - Bope,primary,True,60,3,Main Street (New Kandy Road),43.70475649361151
3301611007,1912538608,B231,B231,Kolonnawa - Gothatuwa - Angoda,primary,True,40,,Kolonnawa-Angoda Road,65.83713705086743
3301611010,5158364149,B469,B469,Welikada - Kohilawatta,primary,True,40,,Buthgamuwa Road,25.107967450159673
3301611011,1912538674,B231,B231,Kolonnawa - Gothatuwa - Angoda,primary,True,,,Kolonnawa-Angoda Road,24.791504798167633
3301611021,5007247077,B469,B469,Welikada - Kohilawatta,primary,True,,,Buthgamuwa Road,30.179408332210507
3302140257,3271092569,B2,B002,Akkaraipattu - Sagamam,primary,True,50,1,Akkaraipattu-Sagamam Road,22.06526809145263
3305877503,1028522713,B341,B341,Outer Circular Road (Nochchiyagama),secondary,False,30,,Outer Circular Road (Wata Wandana Road),1860.695472808622
3305877503,1410580274,B509,B509,Kuttampokuna - Galpalama,secondary,False,40,,Kuttampokuna - Galpalama Road,2894.189062858161
3305877503,567004605,B341,B341,Outer Circular Road (Nochchiyagama),secondary,False,40,,Outer Circular Road,94.00958404999301
3315891502,1877453757,B92,B092,Deegawapi Temple Road,primary,False,60,2,Deeghavapi Temple Road,4287.835227900817
3315891502,3315891506,B92,B092,Deegawapi Temple Road,primary,False,60,2,Deeghavapi Temple Road,54.2656727442483
3315891502,3315891506,B92,B092,Deegawapi Temple Road,primary,False,60,2,Deeghavapi Temple Road,54.93690762828893
3315891506,3315891502,B92,B092,Deegawapi Temple Road,primary,False,60,2,Deeghavapi Temple Road,54.2656727442483
3315891506,3315891502,B92,B092,Deegawapi Temple Road,primary,False,60,2,Deeghavapi Temple Road,54.93690762828893
3315891506,13895307330,B92,B092,Deegawapi Temple Road,primary,False,60,2,Deeghavapi Temple Road,1404.1346839799974
3316015809,1792790811,B31,B031,Arasady - Malkampiddy,primary,False,60,2,Arasadi-Malkampiddy Road,5188.1242573567715
3320202230,1879056423,B187,B187,Kalmunai - Chavalakadai,primary,False,60,2,Kalmunai-Chavalakadai Road,248.54895003624887
3320202230,1879056356,B187,B187,Kalmunai - Chavalakadai,primary,False,60,2,Kalmunai-Chavalakadai Road,65.09077499684443
3320941671,3320941694,B639,B639,Piliyandala By Pass,primary,True,70,2,Piliyandala Bypass Road,709.3008735143587
3320941694,3498436506,B639,B639,Piliyandala By Pass,primary,True,70,,Piliyandala Bypass Road,29.37988672253955
3320941715,5344838927,B639,B639,Piliyandala By Pass,primary,True,70,2,Piliyandala Bypass Road,43.25000588211353
3320941718,3498455027,B639,B639,Piliyandala By Pass,primary,True,70,2,Piliyandala Bypass Road,51.580121764225524
3320941718,5344838936,B367,B367,Piliyandala - Maharagama,primary,True,50,,Piliyandala-Maharagama Road,10.04794607805928
3320941892,3498458035,B639,B639,Piliyandala By Pass,primary,True,70,2,Piliyandala Bypass Road,371.44290004267845
3336196292,2093610245,B568,B568,Hurigaswewa Kalankuttioya Siyambalangamuwa,secondary,False,50,,Hurigaswewa - Meegalewa - Siyambalangamuwa Road,14132.75626720475
3336196292,2093611607,B501,B501,Andarawewa - Balaluwewa( Jeya Mawatha ),secondary,False,60,,Andarawewa - Balaluwewa Road,9821.387710496156
3336196292,3867253810,B501,B501,Andarawewa - Balaluwewa( Jeya Mawatha ),secondary,False,60,,Andarawewa - Balaluwewa Road,9773.182095566044
3336273931,3518425516,B213,B213,Kekirawa - Talawa,primary,True,40,,Thalawa Eppawala Road,42.90051088670433
3336273931,5519615353,B213,B213,Kekirawa - Talawa,primary,False,60,,Thalawa Eppawala Road,5509.039663200467
3340955133,3340955134,B470,B470,Welikada - Nawala,primary,False,50,2,Nawala Road,30.085886631574123
3340955134,254033158,B470,B470,Welikada - Nawala,primary,False,50,2,Nawala Road,1656.1405936468739
3340955134,618514969,B470,B470,Welikada - Nawala,primary,True,50,3,Nawala Road,101.40751750568768
3340955134,3340955133,B470,B470,Welikada - Nawala,primary,False,50,2,Nawala Road,30.085886631574123
3341955250,2280604896,B481,B481,Yatadolawatta Road,primary,False,50,2,Yatadolawatta Road,2749.7044612902555
3343547728,3211942093,B150,B150,Hedeniya - Pujapitiya,primary,False,50,2,"['Hedeniya-Medawala Road', 'Medawala-Poojapitiya Road']",3411.6991116410563
3345071366,324982229,B168,B168,Kadawata - Ragama - Welisara,primary,False,,,,56.69947109758319
3345071366,2966142468,B168,B168,Kadawata - Ragama - Welisara,primary,False,,,,31.70033647153059
3345099186,5559025764,B168,B168,Kadawata - Ragama - Welisara,primary,False,70,2,Ragama-Kadawatha Road,14.03840997239628
3345099186,2026484605,B168,B168,Kadawata - Ragama - Welisara,primary,False,70,2,Ragama-Kadawatha Road,4655.711514447414
3345099189,1645495724,B168,B168,Kadawata - Ragama - Welisara,primary,False,60,2,Ragama-Kadawatha Road,4.033493697184259
3345099189,5559025764,B168,B168,Kadawata - Ragama - Welisara,primary,False,"['70', '60']",2,Ragama-Kadawatha Road,29.884445871815373
3350172600,2646389088,B16,B016,Ampara Airport Road,primary,False,40,2,Ampara Airport Road,5551.057010980805
3350317922,1685790735,B17,B017,Ampara Town Roads,primary,False,50,2,Dharmapala Mawatha,653.8448380137978
3350317932,2082247570,B17,B017,Ampara Town Roads,primary,False,50,2,Dharmapala Mawatha,767.1018783849072
3351203885,1945644699,B359,B359,Passara - Hingurukaduwa - Pelwatte,primary,False,60,2,Passara-Pelwatte Road,29257.229035089593
3354710539,4817240135,B240,B240,Batttaramulla - Malabe - Godagama - Padukka - Bope,primary,False,60,2,Kaduwela Road (New Kandy Road),1392.32348905349
3354710539,6719733717,B47,B047,Battaramulla - Pannipitiya,primary_link,True,40,1,,26.03392400604599
3354710539,256823957,B240,B240,Batttaramulla - Malabe - Godagama - Padukka - Bope,primary,False,60,2,Kaduwela Road (New Kandy Road),17.243378200572835
3354710540,3861760657,B240,B240,Batttaramulla - Malabe - Godagama - Padukka - Bope,primary,False,60,2,Main Street (New Kandy Road),27.926596715291833
3354710540,3404831124,B240,B240,Batttaramulla - Malabe - Godagama - Padukka - Bope,primary,False,60,2,Main Street (New Kandy Road),14.006873405778869
3364860601,3364860604,B535,B535,Nilwala By pass,trunk,True,60,2,Anagarika Dharmapala Mawatha,94.84551580272684
3364860615,3594319501,B535,B535,Nilwala By pass,trunk,True,60,2,Anagarika Dharmapala Mawatha,374.58377266643436
3364883416,3410002327,B535,B535,Nilwala By pass,trunk,True,60,2,Anagarika Dharmapala Mawatha,3.599486118443808
3366095884,1650097484,B524,B524,Beach Road Matara( Matara By Pass),primary,False,60,2,Beach Road,39.35056223831742
3366095891,3697145064,B524,B524,Beach Road Matara( Matara By Pass),primary,False,60,2,Beach Road,159.75779198925596
3366106297,1650097484,B524,B524,Beach Road Matara( Matara By Pass),primary,False,60,2,Beach Road,37.24321082018754
3368441146,2078753475,B415,B415,Thihagoda - Kamburupitiya - Mawarala - Kotapola,primary,False,60,2,Mulatiyana-Urubokka,7486.12994919447
3368441146,2078754584,B415,B415,Thihagoda - Kamburupitiya - Mawarala - Kotapola,primary,False,60,2,Mulatiyana-Urubokka,7267.452618548403
3369556773,560221199,B584,B584,Lathpandura Molkawa,primary,False,60,2,Molkawa Road,11725.599192703467
3371892591,3220669258,B467,B467,Weligepola - Handagiriya,primary,False,40,2,Weligepola-Handagiriya Road,68.99529975477745
3371892591,1994857493,B467,B467,Weligepola - Handagiriya,primary,False,40,2,Weligepola-Handagiriya Road,10968.179849140746
3371893296,3220669258,B593,B593,Pambahinna Kumbalgama Rajawaka Kapugala,primary,False,60,2,Rajawaka-Kapugala Road,48.88751065350089
3371893296,2407176254,B593,B593,Pambahinna Kumbalgama Rajawaka Kapugala,primary,False,60,2,Rajawaka-Kapugala Road,5979.003718893639
3377484745,3377554171,B631,B631,Hambantota - Gonnoruwa - Meegahajandura,primary,True,60,2,Hambantota-Gonnoruwa-Meegahajandura Road,484.7352361904056
3377492839,1880414150,B347,B347,Palathoppu - Seruwila Road,"['secondary', 'primary']",False,"['60', '30', '40']",2,Palatoppu-Seruwawila Road,14726.653869966169
3377554125,3396222638,B631,B631,Hambantota - Gonnoruwa - Meegahajandura,primary,True,60,2,Hambantota-Gonnoruwa-Meegahajandura Road,471.56761330086334
3377554135,2544603913,B631,B631,Hambantota - Gonnoruwa - Meegahajandura,primary,True,60,2,Hambantota-Gonnoruwa-Meegahajandura Road,238.65313992888736
3377554171,3377554125,B631,B631,Hambantota - Gonnoruwa - Meegahajandura,primary,True,60,2,Hambantota-Gonnoruwa-Meegahajandura Road,242.91159113141748
3377598520,3669636229,B562,B562,Mirijjawila Sooriyawewa,primary,True,60,2,Mirijjawila-Sooriyawewa Road,1655.6513659305645
3377606367,6247562215,B562,B562,Mirijjawila Sooriyawewa,primary,True,60,2,Mirijjawila-Sooriyawewa Road,807.5507481033479
3377606381,3377598520,B562,B562,Mirijjawila Sooriyawewa,primary,True,60,2,Mirijjawila-Sooriyawewa Road,759.2601107303931
3377606382,3377606367,B562,B562,Mirijjawila Sooriyawewa,primary,True,60,2,Mirijjawila-Sooriyawewa Road,927.2840225219068
3377656967,1725061738,B333,B333,Oddamavadi - Vahaneri,primary,False,60,2,Oddaimavadi-Vakaneri Road,9207.078687198044
3377795308,3377919347,B631,B631,Hambantota - Gonnoruwa - Meegahajandura,primary,True,60,2,Hambantota-Gonnoruwa-Meegahajandura Road,3941.3129249957333
3377799428,3378015268,B631,B631,Hambantota - Gonnoruwa - Meegahajandura,primary,True,60,2,Hambantota-Gonnoruwa-Meegahajandura Road,446.76842187146
3377799429,3377803375,B631,B631,Hambantota - Gonnoruwa - Meegahajandura,primary,True,60,2,Hambantota-Gonnoruwa-Meegahajandura Road,1141.5627828653908
3377803375,3377803385,B631,B631,Hambantota - Gonnoruwa - Meegahajandura,primary,True,60,2,Hambantota-Gonnoruwa-Meegahajandura Road,560.5829205443478
3377803376,3377799428,B631,B631,Hambantota - Gonnoruwa - Meegahajandura,primary,True,60,2,Hambantota-Gonnoruwa-Meegahajandura Road,1142.43305929816
3377803384,3377803376,B631,B631,Hambantota - Gonnoruwa - Meegahajandura,primary,True,60,2,Hambantota-Gonnoruwa-Meegahajandura Road,563.3907835217819
3377803385,3726222386,B631,B631,Hambantota - Gonnoruwa - Meegahajandura,primary,True,60,2,Hambantota-Gonnoruwa-Meegahajandura Road,159.37921953500955
3377837110,3377837114,B631,B631,Hambantota - Gonnoruwa - Meegahajandura,primary,True,60,2,Hambantota-Gonnoruwa-Meegahajandura Road,12.36126588770953
3377837112,1814571587,B631,B631,Hambantota - Gonnoruwa - Meegahajandura,primary,True,60,2,Hambantota-Gonnoruwa-Meegahajandura Road,9537.476872691885
3377837113,3377837112,B631,B631,Hambantota - Gonnoruwa - Meegahajandura,primary,True,60,2,Hambantota-Gonnoruwa-Meegahajandura Road,13.941969344225438
3377837114,3726222385,B631,B631,Hambantota - Gonnoruwa - Meegahajandura,primary,True,60,2,Hambantota-Gonnoruwa-Meegahajandura Road,5886.670294890488
3377919347,3377837110,B631,B631,Hambantota - Gonnoruwa - Meegahajandura,primary,True,60,2,Hambantota-Gonnoruwa-Meegahajandura Road,9548.422416987822
3378015268,3721669276,B631,B631,Hambantota - Gonnoruwa - Meegahajandura,primary,True,60,2,Hambantota-Gonnoruwa-Meegahajandura Road,1401.4211086772598
3378015269,3377799429,B631,B631,Hambantota - Gonnoruwa - Meegahajandura,primary,True,60,2,Hambantota-Gonnoruwa-Meegahajandura Road,445.4315372305507
3379422347,3379422350,B532,B532,Approach Road to Sri Jayawardenepura Parliament,primary,False,,,Parliament Approach,472.0313194376863
3379422350,3379422351,B531,B531,Parliament Drive,primary,False,50,2,Parliament Drive,6.544059230328138
3379422350,3379422347,B532,B532,Approach Road to Sri Jayawardenepura Parliament,primary,False,,,Parliament Approach,472.0313194376863
3379422350,635165818,B531,B531,Parliament Drive,primary,False,50,2,Parliament Drive,274.9018427951817
3379422351,3379422350,B531,B531,Parliament Drive,primary,False,50,2,Parliament Drive,6.544059230328138
3379422351,250730985,B531,B531,Parliament Drive,primary,False,50,2,Parliament Drive,426.3690893909475
3379422351,258051365,B532,B532,Approach Road to Sri Jayawardenepura Parliament,primary,False,,,Parliament Approach,471.97805392128737
3387391143,6545679856,B479,B479,Yakkala - Radawana,primary,True,60,,Yakkala-Radawana Road,22.758787943573633
3387391143,667506531,B479,B479,Yakkala - Radawana,primary,False,60,,Yakkala-Radawana Road,2766.0859580455067
3390658487,198485623,B512,B512,Blackpool Ambewela Pattipola Horton Plains,primary,False,60,2,Blackpool-Ambewela Road,13068.247846064334
3394212059,1780055690,B383,B383,Rakwana - Bulutota,primary,False,40,2,"['Masimbula Road', 'Bulutota Road', 'Hospital Road']",1210.517002738954
3396222638,3377795308,B631,B631,Hambantota - Gonnoruwa - Meegahajandura,primary,True,60,2,Hambantota-Gonnoruwa-Meegahajandura Road,3921.6356562607707
3396258718,1877385011,B350,B350,Pallang Oya - Inginiyagala,primary,False,"['60', '50']",2,"['Wadinagala-Inginiyagala Road', 'Ampara-Inginiyagala Road']",15024.184930475825
3398081271,2568176821,B635,B635,Access Road to Matara,primary,True,70,2,Access Road to Matara,44.848719048922625
3398081272,2568176828,B635,B635,Access Road to Matara,primary,True,70,2,Access Road to Matara,10.757796296532362
3403175009,4457419930,B214,B214,Kelaniya - Mudungoda,primary,False,50,,Biyagama Road,3589.0790618777905
3403175009,4152530093,B214,B214,Kelaniya - Mudungoda,primary,False,,,Biyagama Road,46.55596300056704
3403175009,4152530101,B214,B214,Kelaniya - Mudungoda,primary,False,,,Biyagama Road,33.9444979102032
3403175022,4621924226,B214,B214,Kelaniya - Mudungoda,primary,False,,,Biyagama Road,9.131426012236199
3403175022,4152530101,B214,B214,Kelaniya - Mudungoda,primary,True,,,Biyagama Road,27.31408820702894
3404831124,256823957,B240,B240,Batttaramulla - Malabe - Godagama - Padukka - Bope,primary,False,60,2,Kaduwela Road (New Kandy Road),10.473609978780202
3404831124,3354710540,B240,B240,Batttaramulla - Malabe - Godagama - Padukka - Bope,primary,False,60,2,Main Street (New Kandy Road),14.006873405778869
3410002327,12335959161,B535,B535,Nilwala By pass,trunk,True,60,2,Anagarika Dharmapala Mawatha,26.55615417610603
3410071521,5229028214,B7,B007,Alawatugoda - Ankumbura - Keppetigala,primary,False,50,,Alawatugoda-Ankumbura-Keppetigala Road,11668.968799192951
3410071521,1836349723,B377,B377,Pujapitiya - Alawatugoda,primary,False,50,2,Poojapitiya-Alawathugoda Road,7636.17009670242
3410071521,1836349438,B7,B007,Alawatugoda - Ankumbura - Keppetigala,primary,False,50,,Alawatugoda-Ankumbura-Keppetigala Road,493.29836230353834
3415305649,3021911951,B489,B489,Roads within President's pavilion Kandy,secondary,False,40,2,Sri Dalada Thapowana Vihara Mawatha,133.75766077497502
3416397811,1314754534,B462,B462,Wattegama - Matale,primary,False,50,2,"['Wattegama Road', 'Ukuwela Road']",10341.462534823571
3416397811,3856554872,B462,B462,Wattegama - Matale,primary,False,50,2,Elkaduwa Road,316.72582722546053
3416397811,1157613973,B461,B461,Wattegama - Kandenuwara - Wariyapola,primary,False,50,2,Elkaduwa Road,12007.108266822448
3422963193,5375634189,B195,B195,Kandy - Kirimetiya,"['primary', 'trunk']",False,"['70', '60', '50']",2,"['Anagarika Dharmapala Mawatha', 'Weera Madduma Bandara Mawatha', 'Sangaraja Mawatha']",1167.499429696583
3425048799,2088167963,B157,B157,Horana - Anguruwatota - Aluthgama,primary,False,60,2,Matugama Road,12634.535879536086
3425048799,311128308,B157,B157,Horana - Anguruwatota - Aluthgama,primary,True,60,,Matugama Road,37.6340885890701
3425048815,3425048799,B157,B157,Horana - Anguruwatota - Aluthgama,primary,True,60,2,Matugama Road,13.848021546590989
3431908601,5216483996,B634,B634,Access Road to Peliyagoda Interchange,trunk,True,70,2,Peliyagoda Interchange Access Road,43.46576687130195
3432403049,617816305,B419,B419,Thoppu - Madampe,secondary,True,50,2,Thoppuwa-Nattandiya-Madampe Road,59.75210525526934
3432403079,2199336301,B308,B308,Narammala - Dankotuwa,primary,True,60,2,Negombo-Kurunegala Road,64.86721885180512
3445493696,2164965848,B636,B636,Akuressa By pass,primary,False,50,2,Akuressa Bypass Road,268.2911473740893
3448830936,3448831164,B384,B384,Rambukkana - Katupitiya,primary,False,60,2,"['Dambokka-Katupitiya Road', 'Rambukkana-Katupitiya Road']",9054.836391686462
3448830936,2362937346,B87,B087,Dambokka - Katupitiya,primary,False,60,2,Dambokka-Katupitiya Road,4994.334813279775
3448831164,3448830936,B384,B384,Rambukkana - Katupitiya,primary,False,60,2,"['Dambokka-Katupitiya Road', 'Rambukkana-Katupitiya Road']",9054.83639168647
3448831164,2362937081,B384,B384,Rambukkana - Katupitiya,primary,False,60,,Rambukkana-Katupitiya Road,2683.0411745113333
3453321762,2015265429,B602,B602,Morontota Arandara,primary,False,60,2,Morontota-Arandara Road,2306.0871012725893
3453321762,3221213836,B602,B602,Morontota Arandara,primary,False,60,2,Morontota-Arandara Road,5904.126345475599
3453321762,3220025120,B604,B604,Paragammana Dikella Atugoda Wanduradeniya,primary,False,60,2,"['Paragammana-Dikella-Atugoda-Wanduradeniya Road', 'Atugoda Road', 'Paragammana - Atugoda Road']",14462.077829290107
3454145592,2398925514,B527,B527,Bibile - Pitakumbura - Namal Oya - Inginiyagala,primary,False,60,2,Bibile-Pitakumbura-Namal Oya-Inginiyagala Road,4185.714255029368
3454145592,2055607563,B527,B527,Bibile - Pitakumbura - Namal Oya - Inginiyagala,primary,False,60,2,Bibile-Pitakumbura-Namal Oya-Inginiyagala Road,5363.282630601166
3470537530,1138480058,B14,B014,Ambalangoda - Elpitiya - Pitigala,primary,False,70,2,Elpitiya Road,4275.861752375986
3470537530,7183441660,B14,B014,Ambalangoda - Elpitiya - Pitigala,primary,False,70,2,Elpitiya Road,5478.482764644035
3470538976,1094458277,B55,B055,Bentara - Uragaha - Elpitiya,primary,False,60,2,Elpitiya Road,13960.352895015629
3470538976,1721462757,B558,B558,Kosgoda Uragaha Road,primary,False,70,2,Kosgoda-Uragaha Road,873.8649571601491
3470538976,2904638859,B55,B055,Bentara - Uragaha - Elpitiya,primary,False,60,2,"['Uragaha Road', 'Elpitiya Road']",12613.614941498849
3477921642,5559025440,B58,B058,Biyanwila - Ganemulla,primary,False,,,Kadawatha-Ganemulla Road,23.957002564975852
3477921644,5559025442,B58,B058,Biyanwila - Ganemulla,primary,False,,,Kadawatha-Ganemulla Road,20.76605531084671
3484165078,1797858594,B160,B160,Idangoda - Ayagama,primary,False,50,2,Idangoda-Ayagama Road,13721.046432961231
3484165078,1994703248,B34,B034,Ayagama - Kukulegama,primary,False,50,2,Ayagama-Kukulegama Road,16212.676855482006
3491079315,621150239,B632,B632,Sapugaskanda Oil Refinery Junction - Biyagama Free Trade Zone (Samurdhi Mawatha),primary,False,50,2,Biyagama Makola Road,738.1756997155176
3491079315,621126052,B632,B632,Sapugaskanda Oil Refinery Junction - Biyagama Free Trade Zone (Samurdhi Mawatha),primary,False,50,2,Biyagama Makola Road,81.50899024131168
3491079318,621126052,B221,B221,"Kiribathgoda - Oil Refinery, Sapugaskande",primary,False,50,,Kiribathgoda-Makola-Sapugaskanda Road,53.641395174183366
3491079318,403841847,B221,B221,"Kiribathgoda - Oil Refinery, Sapugaskande",primary,False,50,,"['Pattiwila-Makola Road', 'Kiribathgoda-Makola-Sapugaskanda Road']",3006.5064412537395
3492721845,1881982405,B538,B538,Kahatagasdigiliya - Rathmalgahaweewa - Kivulekade,secondary,False,50,,Kahatagasdigilya - Ratmalgahawewa - Kivulekade Road,11562.029135372402
3492736839,6543091755,B238,B238,Kottawa - Batemulla,primary,False,70,2,Akuressa Road,1587.0195348004886
3492736839,98554099,B238,B238,Kottawa - Batemulla,primary,False,50,2,Yakkalamulla-Imaduwa Road,11269.667251629295
3492736839,2164965848,B4,B004,Akuressa - Ketanwila,primary,False,70,2,"['Akuressa-Ketanwila Road', 'Yakkalamulla-Ketanwila Road']",19224.041214063698
3498436079,3570836873,B84,B084,Colombo - Horana,primary,False,70,2,Colombo - Horana Road,784.2148196618682
3498436079,3498436083,B84,B084,Colombo - Horana,primary,True,60,,Colombo-Horana Road,61.74055197612689
3498436083,7062446559,B84,B084,Colombo - Horana,primary,True,60,,Colombo-Horana Road,8.672443291682319
3498436089,3498436079,B84,B084,Colombo - Horana,primary,True,60,,Colombo-Horana Road,33.1115853125164
3498436506,3498436089,B84,B084,Colombo - Horana,primary,True,60,,Colombo-Horana Road,26.028873898619338
3498446842,13437079224,B367,B367,Piliyandala - Maharagama,primary,True,50,,Piliyandala-Maharagama Road,5.357584432149717
3498446844,3320941718,B367,B367,Piliyandala - Maharagama,primary,True,50,,Piliyandala-Maharagama Road,37.78167226004036
3498446858,3803845891,B367,B367,Piliyandala - Maharagama,primary,True,50,,Piliyandala-Maharagama Road,18.332488454848697
3498455027,3498455046,B639,B639,Piliyandala By Pass,primary,True,70,2,Piliyandala Bypass Road,999.9354001920944
3498455031,5344838936,B639,B639,Piliyandala By Pass,primary,True,70,2,Piliyandala Bypass Road,33.37753121731499
3498455036,5968356282,B639,B639,Piliyandala By Pass,primary,True,70,2,Piliyandala Bypass Road,22.27063235329241
3498455036,5968393657,B267,B267,Mampe - Kottawa,primary,True,50,,Piliyandala - Kottawa Road,9.468345870240093
3498455040,4019531402,B267,B267,Mampe - Kottawa,primary,True,50,,Piliyandala - Kottawa Road,24.83500117970363
3498455046,5968326761,B639,B639,Piliyandala By Pass,primary,True,70,2,Piliyandala Bypass Road,26.42024146020908
3498455049,3498455036,B267,B267,Mampe - Kottawa,primary,True,50,,Piliyandala - Kottawa Road,16.726339357994014
3498455050,3498455031,B639,B639,Piliyandala By Pass,primary,True,70,2,Piliyandala Bypass Road,1007.5455148428964
3498458033,3498458036,B510,B510,Kesbewa - Kosgashandiya,primary,True,50,,Kesbewa-Kosgashandiya Road,43.27630036598055
3498458033,665006657,B510,B510,Kesbewa - Kosgashandiya,primary,False,50,,Kesbewa-Kosgashandiya Road,728.8912988356842
3498458035,3498458036,B639,B639,Piliyandala By Pass,primary,True,70,2,Piliyandala Bypass Road,16.4221716282407
3498458035,3498458033,B510,B510,Kesbewa - Kosgashandiya,primary,True,50,,Kesbewa-Kosgashandiya Road,40.224661781989866
3498458036,3498479737,B639,B639,Piliyandala By Pass,primary,True,70,2,Piliyandala Bypass Road,212.3350089680115
3498479727,3498479747,B216,B216,Kesbewa - Kindelpitiya - Bandaragama,primary,True,72,1,Kesbewa - Kindelpitiya - Bandaragama Road,65.66452624485507
3498479727,1446610177,B216,B216,Kesbewa - Kindelpitiya - Bandaragama,primary,False,72,2,Kesbewa - Kindelpitiya - Bandaragama Road,12028.44230061349
3498479737,3498479748,B639,B639,Piliyandala By Pass,primary,True,70,1,Piliyandala Bypass Road,14.163543216972014
3498479737,254365532,B84,B084,Colombo - Horana,primary,True,"['70', '60']",2,Colombo - Horana Road,197.1636544073749
3498479741,5968372698,B84,B084,Colombo - Horana,primary,True,60,2,Colombo - Horana Road,18.923121005606276
3498479745,257673145,B84,B084,Colombo - Horana,primary,False,70,2,Colombo - Horana Road,1175.584977626842
3498479745,3498479741,B84,B084,Colombo - Horana,primary,True,60,2,Colombo - Horana Road,36.11860702346475
3498479747,5968372698,B639,B639,Piliyandala By Pass,primary,True,70,1,Piliyandala Bypass Road,13.418927065543942
3498479747,3498479745,B84,B084,Colombo - Horana,primary,True,60,2,Colombo - Horana Road,60.30507534315143
3498479748,3498479760,B216,B216,Kesbewa - Kindelpitiya - Bandaragama,primary,True,72,1,Kesbewa - Kindelpitiya - Bandaragama Road,19.806526025103548
3498479748,3498479747,B84,B084,Colombo - Horana,primary,True,60,2,Colombo - Horana Road,12.589045195324047
3498479749,3498479748,B84,B084,Colombo - Horana,primary,True,60,2,Colombo - Horana Road,25.572011428844025
3498479760,3498479727,B216,B216,Kesbewa - Kindelpitiya - Bandaragama,primary,True,72,1,Kesbewa - Kindelpitiya - Bandaragama Road,41.00287226023868
3502161784,3502161785,B47,B047,Battaramulla - Pannipitiya,primary,True,50,2,Pelawatte Road,29.944533209671555
3502161785,2974015141,B47,B047,Battaramulla - Pannipitiya,primary,True,"['40', '50']",2,Pelawatte Road,630.0135114750383
3502162896,3502161784,B47,B047,Battaramulla - Pannipitiya,primary,True,50,2,Pelawatte Road,33.77623051798688
3504273406,6260384161,B84,B084,Colombo - Horana,primary,True,50,1,Colombo-Piliyandala-Horana Road,558.8603099143222
3514826047,3514826055,B358,B358,Parussella - Panapitiya,primary,False,60,2,Parussella-Panapitiya Road,5128.7129856083975
3514826055,3514826047,B358,B358,Parussella - Panapitiya,primary,False,60,2,Parussella-Panapitiya Road,5128.712985608395
3514826055,3216973602,B482,B482,Yatiyantota - Poonagala - Meenagala,primary,False,60,2,Yatiyantota-Punugala-Sea Forth Road,3869.2170090563754
3514826055,7026519236,B482,B482,Yatiyantota - Poonagala - Meenagala,primary,False,60,2,Yatiyantota-Punugala-Sea Forth Road,21016.995818498555
3517300085,3517300319,B330,B330,Norwood - Upcot,primary,False,50,2,Upcot Road,675.2328290479438
3517300319,1222995635,B273,B273,Maskeliya - Upcot,primary,False,60,2,Maskeliya-Upcot Road,8695.952185261533
3517300319,3195561861,B330,B330,Norwood - Upcot,primary,False,50,2,Upcot Road,11402.937786616134
3517300319,3517300085,B330,B330,Norwood - Upcot,primary,False,50,2,Upcot Road,675.2328290479437
3517327762,13756203795,B252,B252,Lindula to end of Agras Road,primary,False,50,2,Lindula-Agarapathana-Dayagama Road,21778.92982067129
3517629552,3206169196,B632,B632,Sapugaskanda Oil Refinery Junction - Biyagama Free Trade Zone (Samurdhi Mawatha),primary,False,50,,Biyagama Makola Road,42.94375030898011
3517629552,2087105380,B632,B632,Sapugaskanda Oil Refinery Junction - Biyagama Free Trade Zone (Samurdhi Mawatha),primary,False,50,2,Biyagama Makola Road,2511.0817699610675
3517629554,3206169196,B214,B214,Kelaniya - Mudungoda,primary,False,60,2,New Kandy Road,50.47404190735573
3517629554,639127240,B214,B214,Kelaniya - Mudungoda,primary,False,60,2,New Kandy Road,2182.9768352619612
3518425530,3336273931,B213,B213,Kekirawa - Talawa,primary,True,40,,Thalawa Eppawala Road,49.415504972310906
3518433775,2906906430,B213,B213,Kekirawa - Talawa,primary,False,60,,Thalawa Eppawala Road,8087.0729276489
3518433775,2093611084,B213,B213,Kekirawa - Talawa,primary,False,60,,Thalawa Eppawala Road,5449.087464292767
3521419922,3603503554,B214,B214,Kelaniya - Mudungoda,primary,False,,,Biyagama Road,1452.6490512674154
3521419922,5064507311,B214,B214,Kelaniya - Mudungoda,primary,False,,,Biyagama Road,115.83440722036809
3521419922,5064507314,B214,B214,Kelaniya - Mudungoda,primary,False,,,Biyagama Road,116.97909430169622
3521510211,5373596576,B134,B134,Gangodawila - Boralesgamuwa,secondary,True,50,,Old Kesbawa Road,6.93671175368716
3521510211,3504273406,B84,B084,Colombo - Horana,primary,True,50,1,Colombo-Piliyandala-Horana Road,673.3220366160874
3521510213,4860202575,B134,B134,Gangodawila - Boralesgamuwa,primary,True,50,,Old Kesbawa Road,15.078576678628188
3521592487,3902482154,B94,B094,Dehiwela - Maharagama,primary,True,60,,Dehiwela Road (Dehiwela-Maharagama Road),27.75946804466681
3521592487,3521595117,B84,B084,Colombo - Horana,primary,True,70,,,10.605925374655817
3521595117,3902482146,B94,B094,Dehiwela - Maharagama,primary,True,70,,Dehiwela-Maharagama Road,12.334191842505827
3521595117,3902482140,B84,B084,Colombo - Horana,primary,True,70,2,Colombo - Horana Road,20.376471967634263
3521595120,3521595128,B94,B094,Dehiwela - Maharagama,primary,True,60,,Dehiwela Road (Dehiwela-Maharagama Road),20.421711297311397
3521595128,3521592487,B94,B094,Dehiwela - Maharagama,primary,True,60,,Dehiwela-Maharagama Road,11.861125340737791
3521595128,3902482859,B84,B084,Colombo - Horana,primary,True,70,2,Colombo-Piliyandala-Horana Road,28.31029227948259
3522137034,7927504077,B556,B556,Madatugama Pubbogama Andiyagala,secondary,False,50,,Madatugama-Pubbogama-Andiyagala Road,13267.043280677937
3522137035,3522179237,B423,B423,Tonigala - Kalawewa - Galewela,primary,False,60,2,Kalawewa-Galewela Road,14024.998663093034
3522137041,566569273,B423,B423,Tonigala - Kalawewa - Galewela,primary,False,60,2,Kalawewa-Galewela Road,9437.600382531407
3522149870,3522149875,B423,B423,Tonigala - Kalawewa - Galewela,primary,True,50,1,Kalawewa-Galewela Road,31.186512414859564
3522149870,3522179237,B423,B423,Tonigala - Kalawewa - Galewela,primary,False,60,2,Kalawewa-Galewela Road,5866.5750518452705
3522179237,3522149870,B423,B423,Tonigala - Kalawewa - Galewela,primary,False,60,2,Kalawewa-Galewela Road,5866.575051845271
3522179237,3522137035,B423,B423,Tonigala - Kalawewa - Galewela,primary,False,60,2,Kalawewa-Galewela Road,14024.998663093027
3540609796,3145713375,B240,B240,Batttaramulla - Malabe - Godagama - Padukka - Bope,primary,False,60,2,Malabe - Athurugiriya Road,15.777008478146765
3540609796,617190011,B240,B240,Batttaramulla - Malabe - Godagama - Padukka - Bope,primary,False,"['60', '50']",2,"['Athurugiriya Road', 'Malabe - Athurugiriya Road']",850.9729361460658
3547525265,610929939,B623,B623,Medamulana - Gonadeniya - Debokkawa,primary,False,60,2,Weeraketiya-Debokkawa Road,4579.49637547735
3547525265,3635049258,B625,B625,Ambakolawewa - Morayaya - Gonadeniya,primary,False,60,2,Abakolawewa-Morayaya-Gonadeniya Road,4217.287253358798
3547525265,3635049258,B623,B623,Medamulana - Gonadeniya - Debokkawa,primary,False,60,2,Weeraketiya-Debokkawa Road,1537.6815837994657
3548926813,11854288259,B57,B057,Bibile - Uraniya - Mahiyangana,primary,False,60,2,Bibile-Mahiyangana Road,24.026776894989208
3548926813,4509879174,B57,B057,Bibile - Uraniya - Mahiyangana,primary,False,60,2,Bibile-Mahiyangana Road,5340.834710472297
3548926831,5059861884,B36,B036,Badulla - Karametiya - Andaulpotha,primary,False,60,2,Andaulpotha Road,4252.944563637052
3548926831,2055570486,B580,B580,Nikatupitiya Junction to Mapakadawewa Junction,primary,False,70,2,Badulla-Mahiyangana Road,8194.595900838907
3548926831,3770695580,B36,B036,Badulla - Karametiya - Andaulpotha,primary,False,60,2,Badulla-Mahiyanganaya Road,432.63700542282584
3549382890,4085806761,B208,B208,Katunayake - Veyangoda,primary,False,50,,Katunayake-Veyangoda Road,25.08952523242617
3549382890,3687641055,B208,B208,Katunayake - Veyangoda,primary,False,50,,Katunayake-Veyangoda Road,135.38400079273194
3557360283,1639380623,B275,B275,Matara - Hakmana,primary,False,60,,Matara-Hakmana Road,1566.7961612791946
3557360283,1529199964,B275,B275,Matara - Hakmana,primary,False,60,,Matara-Hakmana Road,3147.183355455406
3557522184,1881982405,B282,B282,Medawachchiya - Horowopotana,primary,False,60,,Medawachchiya-Horowpotana Road,16928.033703958135
3570607529,3721669277,B631,B631,Hambantota - Gonnoruwa - Meegahajandura,primary,True,60,2,Hambantota-Gonnoruwa-Meegahajandura Road,464.4668606262095
3570607534,6250524007,B631,B631,Hambantota - Gonnoruwa - Meegahajandura,primary,True,60,2,Hambantota-Gonnoruwa-Meegahajandura Road,538.4717277686443
3570836873,3498436079,B84,B084,Colombo - Horana,primary,False,70,2,Colombo - Horana Road,784.2148196618681
3570836873,3570836884,B84,B084,Colombo - Horana,primary,True,60,2,Colombo-Horana Road,56.38946481159979
3570836878,3570836893,B84,B084,Colombo - Horana,primary,True,60,2,Colombo-Horana Road,7.4905384199608545
3570836878,2558457385,B295,B295,Moratuwa - Piliyandala,primary,False,60,2,Moratuwa-Piliyandala Road,86.855478627033
3570836882,257673145,B84,B084,Colombo - Horana,primary,False,70,2,Colombo - Horana Road,984.2364120450225
3570836882,3570836878,B84,B084,Colombo - Horana,primary,True,60,2,Colombo-Horana Road,64.23259056462408
3570836884,3570836895,B84,B084,Colombo - Horana,primary,True,60,2,Colombo-Horana Road,8.068497187282603
3570836884,13437079225,B367,B367,Piliyandala - Maharagama,primary,True,50,1,Piliyandala-Maharagama Road,541.0501629325951
3570836887,3570836873,B84,B084,Colombo - Horana,primary,True,60,2,Colombo-Horana Road,24.32028409260001
3570836892,3570836893,B295,B295,Moratuwa - Piliyandala,primary,False,60,2,Moratuwa-Piliyandala Road,30.21576561095753
3570836892,2558457385,B295,B295,Moratuwa - Piliyandala,primary,False,60,2,Moratuwa-Piliyandala Road,54.11304951837325
3570836893,3570836892,B295,B295,Moratuwa - Piliyandala,primary,False,60,2,Moratuwa-Piliyandala Road,30.21576561095753
3570836893,3570836887,B84,B084,Colombo - Horana,primary,True,60,2,Colombo-Horana Road,32.034867440437324
3570836895,3570836882,B84,B084,Colombo - Horana,primary,True,60,2,Colombo-Horana Road,64.07824107782082
3575249194,9562328834,B82,B082,"Circular Road, Kurunegala",primary,True,50,2,"['Bauddhaloka Mawatha', 'U. B. Wanninayake Mawatha']",8.768530218060635
3577854817,1438094658,B151,B151,Hendala - Hunupitiya,primary,False,70,,Kiribathgoda-Hunupitiya Road,1484.8152890343395
3584750699,4897028998,B249,B249,Lady Macallums Drive,primary,False,50,2,St. Andrew's Drive,1408.4353342149195
3586058703,3064234204,B122,B122,Galagedara - Rambukkana,primary,False,50,2,Galagedara-Rambukkana Road,410.3722579881458
3586058703,5547928141,B122,B122,Galagedara - Rambukkana,primary,False,50,2,Galagedara-Rambukkana Road,18071.373621086637
3586109085,2910209739,B392,B392,Rattota - Gammaduwa,"['secondary', 'primary']",False,"['40', '50']",2,"['Nagalla Estate Road', 'Rattota-Gammaduwa Road']",16674.050233341426
3590783632,598168274,B353,B353,Palugama - Boralande - Haputale,primary,False,60,2,Keppetipola-Boralande-Haputale Road,5360.808138671394
3590783632,598168119,B353,B353,Palugama - Boralande - Haputale,primary,False,60,2,Keppetipola-Boralande-Haputale Road,3297.788121252614
3590783632,2521206592,B105,B105,Diyatalawa - Welanhinna - Walagahawela,primary,False,60,2,"['Diyatalawa Road', 'Walgahawela Road']",5462.360889172557
3591964802,10578430168,B583,B583,Mawanella By Pass,primary,False,60,2,New Kandy Road,1265.2682266279915
3592104626,3799781562,B288,B288,Minuwangoda - Gampaha - Miriswatte,primary,False,,,Gampaha-Mriswatta Road,33.37342122665288
3592104626,3592104628,B288,B288,Minuwangoda - Gampaha - Miriswatte,primary,False,,,Gampaha-Mriswatta Road,28.63534362574603
3592104626,1292992471,B288,B288,Minuwangoda - Gampaha - Miriswatte,primary,False,,,Gampaha-Mriswatta Road,664.6976487979948
3592104628,3592104626,B288,B288,Minuwangoda - Gampaha - Miriswatte,primary,False,,,Gampaha-Mriswatta Road,28.63534362574603
3592199657,77374761,B141,B141,Hakmana - Beliatta - Tangalle,primary,False,72,4,Beliatte-Tangalle Road,1122.744814277274
3592199657,3261661183,B141,B141,Hakmana - Beliatta - Tangalle,primary,False,72,4,Beliatte-Tangalle Road,4192.2931599438725
3592199657,102737846,B628,B628,Tangalle - Kadurupokuna - Beliatta,primary,False,60,2,"['Pelapota-Beliatte Road', 'Tangalle-Kurundupokuna Road', 'Kadurupokuna-Pelapota Road']",8712.813464869041
3592213984,3261661183,B141,B141,Hakmana - Beliatta - Tangalle,primary,False,72,4,Beliatte-Tangalle Road,1325.9554035875835
3592213984,3279674224,B141,B141,Hakmana - Beliatta - Tangalle,primary,False,72,4,Beliatte-Tangalle Road,775.0419157400815
3594038164,610944381,B562,B562,Mirijjawila Sooriyawewa,primary,True,60,2,Mirijjawila-Sooriyawewa Road,189.98536548919057
3594319500,250131908,B535,B535,Nilwala By pass,trunk,True,60,2,Anagarika Dharmapala Mawatha,369.96341180538894
3594319501,12856077384,B275,B275,Matara - Hakmana,primary,True,40,2,Matara-Hakmana Road,331.43760541359075
3594319501,3364860601,B535,B535,Nilwala By pass,trunk,True,60,2,Anagarika Dharmapala Mawatha,15.07014417501022
3597945583,5052793628,B326,B326,Nikaweratiya - Moragollagama - Siyambalangamuwa,secondary,False,60,2,Nikaweratiya - Maho - Madagalla Road,11356.531019184453
3600449270,621150239,B632,B632,Sapugaskanda Oil Refinery Junction - Biyagama Free Trade Zone (Samurdhi Mawatha),primary,False,50,2,Biyagama Makola Road,1320.1217691733414
3600449270,7903823164,B632,B632,Sapugaskanda Oil Refinery Junction - Biyagama Free Trade Zone (Samurdhi Mawatha),primary,True,50,2,Biyagama Makola Road,98.88674875323555
3600553558,3600557544,B641,B641,Kadawatha By pass,primary,True,40,2,Kadawatha Bypass Road,24.914156760408087
3600553580,6525442932,B641,B641,Kadawatha By pass,primary,True,60,2,Kadawatha Bypass Road,6.673941710659197
3600553588,4785723989,B641,B641,Kadawatha By pass,primary,True,60,2,Kadawatha Bypass Road,81.73904631024605
3600567895,3600582931,B641,B641,Kadawatha By pass,primary,True,60,"['3', '2']",Kadawatha Bypass Road,440.30579645697514
3600567908,3600567895,B641,B641,Kadawatha By pass,primary,True,60,2,Kadawatha Bypass Road,17.54068056787691
3600582931,3600582963,B641,B641,Kadawatha By pass,primary,True,60,2,Kadawatha Bypass Road,6.653636536273931
3600582963,3600553558,B641,B641,Kadawatha By pass,primary,True,60,"['3', '2']",Kadawatha Bypass Road,412.89164900490096
3600585997,4785723992,B641,B641,Kadawatha By pass,primary,True,60,"['3', '2']",Kadawatha Bypass Road,769.0807977482166
3600585998,3600585997,B641,B641,Kadawatha By pass,primary,True,60,3,Kadawatha Bypass Road,17.99946119827364
3603503553,3603503554,B214,B214,Kelaniya - Mudungoda,primary,False,,,Biyagama Road,236.3991674330453
3603503553,3603503554,B214,B214,Kelaniya - Mudungoda,primary,False,,,Biyagama Road,236.34243931344412
3603503553,403841840,B214,B214,Kelaniya - Mudungoda,primary,False,,,Biyagama Road,1107.5113438047974
3603503554,3521419922,B214,B214,Kelaniya - Mudungoda,primary,False,,,Biyagama Road,1452.6490512674152
3603503554,3603503553,B214,B214,Kelaniya - Mudungoda,primary,False,,,Biyagama Road,236.3991674330453
3603503554,3603503553,B214,B214,Kelaniya - Mudungoda,primary,False,,,Biyagama Road,236.3424393134441
3606358347,3600553580,B641,B641,Kadawatha By pass,primary,True,60,3,Kadawatha Bypass Road,394.503713180124
3615147754,3157384370,B236,B236,Koslande - Poonagala,primary,False,60,2,Koslande-Poonagala Road,11497.01090862442
3615147754,2026106458,B42,B042,Bandarawela - Liyangahawela - Poonagala,primary,False,60,2,Bandarawela-Liyangahawela-Poonagala Road,20600.562409330127
3615147754,3615242206,B42,B042,Bandarawela - Liyangahawela - Poonagala,primary,False,60,2,Bandarawela-Liyangahawela-Poonagala Road,822.1710027779877
3615242206,3615147754,B42,B042,Bandarawela - Liyangahawela - Poonagala,primary,False,60,2,Bandarawela-Liyangahawela-Poonagala Road,822.1710027779881
3616495484,1156534074,B205,B205,Katugastota - Madawala - Bambarella,primary,False,60,,Madawala Road,2133.756916257293
3616495484,2342916289,B205,B205,Katugastota - Madawala - Bambarella,primary,False,60,2,Madawala Road,879.9310198019876
3616502607,5369721906,B242,B242,Kudugala - Wattegama,primary,False,50,2,Kudugala-Wattegama Road,11774.512648944852
3619556378,1364675869,B41,B041,"Bandaranaika Mawatha, Galle",primary,False,40,2,Bandaranaike Place,44.3437921739786
3619556378,1242562100,B41,B041,"Bandaranaika Mawatha, Galle",primary,False,40,2,Bandaranaike Place,397.06042349233655
3619696818,5369721906,B369,B369,Pitiyagedera - Wattegama - Iriyagastenne,primary,False,50,2,Wattegama Road,1907.9660722366707
3619696818,3619718204,B205,B205,Katugastota - Madawala - Bambarella,primary,False,50,2,Katugastota-Madawala-Bambarella Road,2866.0960231464574
3619696818,1156533842,B205,B205,Katugastota - Madawala - Bambarella,primary,False,50,2,Katugastota-Madawala-Bambarella Road,903.5059147465142
3619718204,3856554872,B369,B369,Pitiyagedera - Wattegama - Iriyagastenne,primary,False,50,2,Wavinna Road,2760.033054653367
3619718204,3619696818,B205,B205,Katugastota - Madawala - Bambarella,primary,False,50,2,Katugastota-Madawala-Bambarella Road,2866.096023146457
3619718204,1290251657,B205,B205,Katugastota - Madawala - Bambarella,primary,False,50,2,Katugastota-Madawala-Bambarella Road,11312.526429492153
3619937663,6488496079,B337,B337,"Old Road, Kattankudy",primary,False,60,2,Old Kalmunai Road,7206.944773497342
3619937663,1147026886,B337,B337,"Old Road, Kattankudy",primary,False,60,2,Old Kalmunai Road,176.2645836477639
3620006922,12794013248,B461,B461,Wattegama - Kandenuwara - Wariyapola,primary,False,50,2,Kandenuwara Road,11774.943766077873
3628051370,4086665691,B356,B356,Pannala - Kuliyapitiya,secondary,False,50,,Pannala-Kuliyapitiya Road,10033.733207794408
3628051370,8771443575,B356,B356,Pannala - Kuliyapitiya,secondary,False,50,,Pannala-Kuliyapitiya Road,6084.66863939512
3628051370,1848166895,B428,B428,Udawela - Kumbukgahamulla,secondary,False,50,,"['Welipannagahamula-Kandanegedara-Yakwila Road', 'Udawela-Welipannagahamulla Road']",15712.905569765911
3633693454,4191945360,B415,B415,Thihagoda - Kamburupitiya - Mawarala - Kotapola,primary,True,50,1,Mulatiyana-Urubokka,17.44633558967894
3633693454,2078755191,B415,B415,Thihagoda - Kamburupitiya - Mawarala - Kotapola,primary,False,60,2,Mulatiyana-Urubokka,904.5009428532475
3633693455,2017427174,B415,B415,Thihagoda - Kamburupitiya - Mawarala - Kotapola,primary,False,50,2,Urubokka-Kotapola Road,1210.363083779096
3633693455,4191945367,B415,B415,Thihagoda - Kamburupitiya - Mawarala - Kotapola,primary,True,50,1,Urubokka-Kotapola Road,38.56629852110482
3633739438,610929939,B463,B463,Weeraketiya - Middeniya,primary,False,70,2,Weeraketiya-Middeniya Road,11562.02152906192
3633739445,3142698207,B485,B485,Walasmulla - Katuwana - Middeniya,primary,False,60,2,Walasmulla-Katuwana-Middeniya Road,2491.995647483679
3633739448,1725074566,B486,B486,Embilipitiya - Middeniya,primary,False,50,2,Embilipitiya-Middeniya Road,2180.482896201799
3634797493,6249854577,B622,B622,Hungama - Thalawa - Middeniya,primary,False,60,2,Angunakolapelessa-Middeniya Road,559.4400939170853
3634797493,2661656508,B622,B622,Hungama - Thalawa - Middeniya,primary,False,60,2,Angunakolapelessa-Middeniya Road,10029.96887009364
3634858930,2605760439,B275,B275,Matara - Hakmana,primary,False,60,,Matara-Hakmana Road,188.6860872373138
3634858930,376774340,B275,B275,Matara - Hakmana,primary,False,60,,Matara-Hakmana Road,2146.189265969186
3634944563,3699495002,B622,B622,Hungama - Thalawa - Middeniya,primary,True,60,2,Hungama-Angunukolapelessa Road,230.2198996262146
3634944563,1818583243,B622,B622,Hungama - Thalawa - Middeniya,primary,False,60,2,Hungama-Angunukolapelessa Road,7242.115076481404
3635049258,3547525265,B625,B625,Ambakolawewa - Morayaya - Gonadeniya,primary,False,60,2,Abakolawewa-Morayaya-Gonadeniya Road,4217.287253358798
3635049258,3547525265,B623,B623,Medamulana - Gonadeniya - Debokkawa,primary,False,60,2,Weeraketiya-Debokkawa Road,1537.681583799466
3635049258,2661656508,B623,B623,Medamulana - Gonadeniya - Debokkawa,primary,False,60,2,Weeraketiya-Debokkawa Road,5147.0633022507645
3640127941,3261715730,B622,B622,Hungama - Thalawa - Middeniya,primary,False,60,2,Angunakolapelessa-Middeniya Road,2795.4252843604377
3640127941,3640129666,B622,B622,Hungama - Thalawa - Middeniya,primary,False,60,2,Angunakolapelessa-Middeniya Road,941.3863051514483
3640129666,3640127941,B622,B622,Hungama - Thalawa - Middeniya,primary,False,60,2,Angunakolapelessa-Middeniya Road,941.3863051514484
3640129666,2661656508,B622,B622,Hungama - Thalawa - Middeniya,primary,False,60,2,Angunakolapelessa-Middeniya Road,1687.1530732621914
3640129666,3640129740,B624,B624,Thalawa - Dambarella - Hingura,primary,False,60,2,Talawa-Hingura Road,6838.185266077622
3640129740,3640129666,B624,B624,Thalawa - Dambarella - Hingura,primary,False,60,2,Talawa-Hingura Road,6838.185266077621
3640131695,1725074569,B486,B486,Embilipitiya - Middeniya,primary,False,50,2,Embilipitiya-Middeniya Road,7224.621647079869
3640131695,1725074683,B486,B486,Embilipitiya - Middeniya,primary,False,50,2,Embilipitiya-Middeniya Road,6984.037817005683
3645054902,638921965,B208,B208,Katunayake - Veyangoda,primary,False,50,,Katunayake-Veyangoda Road,11.707817642853067
3645054902,638943128,B208,B208,Katunayake - Veyangoda,primary,False,50,,Katunayake-Veyangoda Road,5804.664994755615
3645054902,638935065,B225,B225,Kirindiwita - Assennawatte,primary,False,40,,Krindiwita-Assennawatta Road,3135.7089149901435
3645486728,1314754545,B462,B462,Wattegama - Matale,primary,False,50,2,Wattegama Road,2167.7425395965097
3645537814,1662220531,B324,B324,Negombo - Mirigama,primary,False,50,,Negombo-Mirigama Road,8039.233268040351
3645537814,638945897,B324,B324,Negombo - Mirigama,primary,False,50,,Negombo-Mirigama Road,3052.7087208067496
3645537814,3203260988,B443,B443,Veyangoda - Banduragoda,primary,False,50,,Veyangoda-Banduragoda Road,2372.5157019728667
3649840867,3649843433,B73,B073,Chadayantalawa - Uhana,primary,False,60,2,Chadayantalawa-Uhana Road,5100.560004081196
3649843433,3649840867,B73,B073,Chadayantalawa - Uhana,primary,False,60,2,Chadayantalawa-Uhana Road,5100.560004081197
3649843433,3268426144,B440,B440,Veeragoda Central Camp Road,primary,False,60,2,Veeragoda-Central Camp Road,16271.984251782756
3649843433,9754473426,B73,B073,Chadayantalawa - Uhana,primary,False,60,2,Chadayantalawa-Uhana Road,7262.220405857274
3649870415,6509645610,B45,B045,Bangadeniya - Andigama - Anamaduwa,secondary,False,"['70', '50']",2,Bangadeniya - Andigama - Anamaduwa Road,24640.23005886233
3655100675,1887817267,B79,B079,Chilaw - Wariyapola,primary,False,60,,Chilaw-Wariyapola Road,12897.236058507468
3655959347,1789586195,B454,B454,Wandurambe - Ethumale - Yakkatuwa,primary,False,60,2,"['Mapalagama-Yakkatuwa Road', 'Kahaduwa Bridge']",16711.679725429607
3655959347,3655959354,B143,B143,Halpatota - Kurundugahahetekma,primary,False,50,,Halpatota-Kurundugahahetekma Road,1591.779583282558
3655959347,1637776271,B143,B143,Halpatota - Kurundugahahetekma,primary,False,"['70', '50']",4,Halpatota-Kurundugahahetekma Road,4831.729574452128
3655959354,1140307739,B143,B143,Halpatota - Kurundugahahetekma,primary,True,50,2,Halpatota-Kurundugahahetekma Road,221.53646280299603
3655959354,3655959347,B143,B143,Halpatota - Kurundugahahetekma,primary,False,50,,Halpatota-Kurundugahahetekma Road,1591.779583282558
3658467160,1466614238,B473,B473,Wennappuwa - Kirimetiyana,secondary,False,50,,Lunuwila Road,5236.989871267009
3658572653,1480051538,B272,B272,Marawila - Udubaddawa,secondary,False,50,,"['Marawila-Udubeddawa Road', 'Marawila-Nattandiya Road']",3992.5795905580353
3658572653,3658572654,B272,B272,Marawila - Udubaddawa,secondary,True,50,,Marawila-Nattandiya Road,41.80833293686019
3658572657,3658572653,B272,B272,Marawila - Udubaddawa,secondary,True,50,,Marawila-Nattandiya Road,42.348623985078504
3658899780,3269957961,B129,B129,Galle - Udugama,primary,False,50,,Udugama Road,1518.5703115089852
3658899780,1242344698,B129,B129,Galle - Udugama,primary,False,50,,Udugama Road,909.4376188269626
3658899782,1660138837,B594,B594,Galle Port Access,primary,False,70,2,Galle Port Access Road,1690.5663950141209
3658899782,1660133452,B594,B594,Galle Port Access,primary,False,70,2,Galle Port Access Road,1409.2451702097608
3660680255,617816305,B419,B419,Thoppu - Madampe,secondary,False,50,,Thoppuwa-Nattandiya-Madampe Road,1594.8278634085414
3660680255,1466614238,B419,B419,Thoppu - Madampe,secondary,False,50,,Thoppuwa-Nattandiya-Madampe Road,5099.157806147923
3662474367,1727359184,B586,B586,Park Road Matale,primary,True,50,2,William Gopallawa Mawatha (Park Road),65.60437306381638
3663534823,3163956073,B326,B326,Nikaweratiya - Moragollagama - Siyambalangamuwa,secondary,False,60,,Bulnewa - Madagalla Road,3831.424091302544
3664816336,2304485572,B502,B502,Manampitiya - Aralaganwila - Maduru oya,primary,False,60,2,"['Aralaganwila-Maha Oya Road', 'Main Street', 'Manampitiya-Aralaganwila Road']",15434.043650492413
3664816336,2001999485,B502,B502,Manampitiya - Aralaganwila - Maduru oya,"['primary', 'secondary']",False,60,2,Aralaganwila-Maha Oya Road,38341.30563344006
3664816336,1974724222,B517,B517,Dehiattakandiya - Aralaganwila,primary,False,60,2,Dehiattakandiya-Aralaganwila Road,20766.228408501094
3666045181,598167934,B508,B508,Welimade - Borelanda - Ohiya - Horton Plains,primary,False,60,2,Welimada-Boralande Road,1860.7263906861301
3666045181,2026114937,B508,B508,Welimade - Borelanda - Ohiya - Horton Plains,primary,False,60,2,Welimada-Boralande Road,9546.790141340825
3666045181,2639779657,B102,B102,Diyatalawa - Aluthwela North,"['secondary', 'primary']",False,"['60', '50']",2,"['Diyatalawa-Aluthwela North Road', 'Gurutalawa-Gal Edande-Aluthwela Road']",10545.52070725937
3669636229,6247858279,B562,B562,Mirijjawila Sooriyawewa,primary,True,60,2,Mirijjawila-Sooriyawewa Road,1793.4287087910636
3669636248,6247858276,B562,B562,Mirijjawila Sooriyawewa,primary,True,60,2,Mirijjawila-Sooriyawewa Road,149.72604634915245
3669636249,3669636250,B562,B562,Mirijjawila Sooriyawewa,primary,True,60,2,Mirijjawila-Sooriyawewa Road,181.98129670371162
3669636250,3669636253,B562,B562,Mirijjawila Sooriyawewa,primary,True,60,2,Mirijjawila-Sooriyawewa Road,395.0817718628242
3669636253,3669636256,B562,B562,Mirijjawila Sooriyawewa,primary,True,60,2,Mirijjawila-Sooriyawewa Road,563.9204330021583
3669636256,3670240826,B562,B562,Mirijjawila Sooriyawewa,primary,True,60,2,Mirijjawila-Sooriyawewa Road,1717.86297945853
3669997743,77379011,B410,B410,Tangalle - Weeraketiya,primary,True,72,2,Tangalle-Weeraketiya Road,21.18925216435023
3669997743,2605754891,B410,B410,Tangalle - Weeraketiya,primary,False,72,2,Tangalle-Weeraketiya Road,6551.093768652832
3670240826,6247997833,B562,B562,Mirijjawila Sooriyawewa,primary,True,60,2,Mirijjawila-Sooriyawewa Road,407.70378152988195
3674900993,1720902666,B567,B567,Weligaththa Lunugamwehera,primary,False,40,2,Weligatta-Lunugamvehera Road,11915.64207054255
3674900993,3674901134,B567,B567,Weligaththa Lunugamwehera,primary,False,40,2,Weligatta-Lunugamvehera Road,11629.41034224318
3674901134,3674900993,B567,B567,Weligaththa Lunugamwehera,primary,False,40,2,Weligatta-Lunugamvehera Road,11629.410342243173
3677422292,912275456,B422,B422,Tissa - Kirinde,"['secondary', 'primary']",False,"['70', '72', '50']",2,"['Tissa-Kirinde Road', 'Kirinde Road']",24724.336280663116
3681424087,3799780752,B219,B219,King George Avenue,primary,True,40,,Bauddhaloka Mawatha (King George Avenue),19.409047232457972
3681424087,843506679,B219,B219,King George Avenue,primary,False,50,,Bauddhaloka Mawatha (King George Avenue),444.230290738879
3682574805,198485623,B507,B507,Rendapola - Ambewela,primary,False,60,2,Rendapola-Ambewela Road,7923.405969901724
3683993724,13723181260,B464,B464,Weerawila - Tissa - Kataragama,primary,True,60,1,Tissa-Kataragama Road,35.21301280118069
3683997237,1232107044,B259,B259,Main Access to Gam Udawa 87,primary,True,50,1,Raja Mawatha (Gam Udawa Road),33.26379091217264
3683997240,13723181257,B464,B464,Weerawila - Tissa - Kataragama,primary,True,60,1,Tissa-Kataragama Road,50.1629013801058
3687641055,3549382890,B208,B208,Katunayake - Veyangoda,primary,False,50,,Katunayake-Veyangoda Road,135.38400079273194
3687641055,639288676,B445,B445,Veyangoda - Ruwanwella,primary,False,"['60', '50']",2,"['Veyangoda-Nittambuwa Road', 'Katunayake-Veyangoda Road']",147.16388855457814
3697145064,3366095891,B524,B524,Beach Road Matara( Matara By Pass),primary,False,60,2,Beach Road,159.75779198925596
3699456789,6249854577,B622,B622,Hungama - Thalawa - Middeniya,primary,True,60,2,Hungama-Angunukolapelessa Road,30.99341733119444
3699456789,13714592717,B548,B548,Ranna Angunakolapelessa Vatiya,primary,True,60,1,Angunakolapelessa-Embilipitiya Road,10.243642831361836
3699457178,6249854582,B548,B548,Ranna Angunakolapelessa Vatiya,primary,True,60,1,Angunakolapelessa Road,138.26352752130265
3699494976,3699495000,B622,B622,Hungama - Thalawa - Middeniya,primary,True,60,2,Hungama-Angunukolapelessa Road,119.28195240447519
3699495000,3634944563,B622,B622,Hungama - Thalawa - Middeniya,primary,True,60,2,Hungama-Angunukolapelessa Road,230.88833388668624
3699495002,1818583225,B622,B622,Hungama - Thalawa - Middeniya,primary,True,60,2,Hungama-Angunukolapelessa Road,120.57534659861986
3702135218,3702142140,B345,B345,Pagoda - Pitakotte,primary,True,50,2,Pagoda Road,54.15905732975554
3702135218,250731057,B120,B120,Etulkotte - Mirihana - Kohuwela,primary,False,50,4,Stanley Thilakarathne Mawatha,190.0222263106825
3702135218,3702142150,B120,B120,Etulkotte - Mirihana - Kohuwela,primary,False,50,4,Stanley Thilakarathne Mawatha,52.18730596614158
3702142128,3702142150,B345,B345,Pagoda - Pitakotte,primary,True,50,2,Pagoda Road,35.39854744023181
3702142135,3702142150,B120,B120,Etulkotte - Mirihana - Kohuwela,primary,False,50,4,Stanley Thilakarathne Mawatha,28.081674050010292
3702142135,2619372954,B120,B120,Etulkotte - Mirihana - Kohuwela,primary,False,50,4,Stanley Thilakarathne Mawatha,915.4522471325643
3702142136,252537800,B345,B345,Pagoda - Pitakotte,primary,False,50,2,Pagoda Road,154.6550090977355
3702142136,3702142128,B345,B345,Pagoda - Pitakotte,primary,True,50,2,Pagoda Road,16.969212575496567
3702142140,3702142136,B345,B345,Pagoda - Pitakotte,primary,True,50,2,Pagoda Road,45.61368117254787
3702142150,3702135218,B120,B120,Etulkotte - Mirihana - Kohuwela,primary,False,50,4,Stanley Thilakarathne Mawatha,52.187305966141594
3702142150,3702142135,B120,B120,Etulkotte - Mirihana - Kohuwela,primary,False,50,4,Stanley Thilakarathne Mawatha,28.081674050010292
3705965291,2131864627,B96,B096,Dematagoda - Wellampitiya,primary,False,50,2,Weerasingha Mallimarachchi Mawatha (Kolonnawa Road),18.74814181161704
3705965291,2131864639,B96,B096,Dematagoda - Wellampitiya,primary,False,50,2,Weerasingha Mallimarachchi Mawatha (Kolonnawa Road),350.8073812392405
3710121977,3710127155,B64,B064,Bowatenna Access Road,primary,False,60,2,Bowatenna Road,2447.2646460342544
3710127155,3710121977,B64,B064,Bowatenna Access Road,primary,False,60,2,Bowatenna Road,2447.2646460342535
3710297373,639127236,B632,B632,Sapugaskanda Oil Refinery Junction - Biyagama Free Trade Zone (Samurdhi Mawatha),primary,False,50,,Biyagama Free Trade Zone Road,1411.6938221123196
3710297373,3206169196,B632,B632,Sapugaskanda Oil Refinery Junction - Biyagama Free Trade Zone (Samurdhi Mawatha),primary,False,50,,"['Biyagama Makola Road', 'Biyagama Free Trade Zone Road']",39.94752419380393
3718488870,3226224942,B583,B583,Mawanella By Pass,primary,False,60,2,New Kandy Road,39.949135176962
3721669276,3570607534,B631,B631,Hambantota - Gonnoruwa - Meegahajandura,primary,True,60,2,Hambantota-Gonnoruwa-Meegahajandura Road,464.1270641662107
3721669277,3378015269,B631,B631,Hambantota - Gonnoruwa - Meegahajandura,primary,True,60,2,Hambantota-Gonnoruwa-Meegahajandura Road,1401.0171630129178
3726222385,3377803384,B631,B631,Hambantota - Gonnoruwa - Meegahajandura,primary,True,60,2,Hambantota-Gonnoruwa-Meegahajandura Road,161.15936348243548
3726222386,7795511709,B631,B631,Hambantota - Gonnoruwa - Meegahajandura,primary,True,60,2,Hambantota-Gonnoruwa-Meegahajandura Road,5461.818845204482
3731371610,3731372276,B533,B533,Pelawatta Access Road,primary_link,True,40,2,Parliament Road,8.904533491287856
3731371610,11141684447,B47,B047,Battaramulla - Pannipitiya,primary,True,40,"['3', '2']",Pannipitiya Road,1879.238943726418
3731372276,6518084183,B47,B047,Battaramulla - Pannipitiya,primary,True,40,2,Pannipitiya Road,10.220334339386637
3731372276,7043449110,B533,B533,Pelawatta Access Road,primary,True,40,2,Parliament Road,49.71564854121079
3738834813,3738834815,B365,B365,Peradeniya - Halloluwa - Katugastota,primary,True,60,1,Katugastota Road,43.313010539610524
3738834813,3998841948,B365,B365,Peradeniya - Halloluwa - Katugastota,primary,False,60,2,Katugastota Road,2379.9937547709305
3739999316,1237974510,B177,B177,Kahawatte - Ela-Bemmullegedara,secondary,False,50,,Bemmullegedara - Kahawatta Ela Road,12210.183659888467
3745318479,5153486356,B588,B588,Dedugala Dolosbage,primary,False,50,2,"['Bulathkohupitiya-Dedugala Road', 'Dedugala-Dolosbage Road']",24061.96606429487
3745318479,9462668423,B318,B318,Nawalapitiya - Dolosbage,primary,False,60,2,Gampola-Dolosbage Road,8539.03722787879
3751644917,3751644923,B387,B387,Ranna - Udayala - Weeraketiya,primary,True,70,2,Ranna-Udayala-Weeraketiya Road,16.629723927284076
3751644917,1340667695,B387,B387,Ranna - Udayala - Weeraketiya,primary,False,70,4,Ranna-Udayala-Weeraketiya Road,9805.91688027008
3751644927,3751644917,B387,B387,Ranna - Udayala - Weeraketiya,primary,True,70,2,Ranna-Udayala-Weeraketiya Road,19.217220155967247
3751644929,1748892859,B387,B387,Ranna - Udayala - Weeraketiya,primary,True,70,2,Ranna-Udayala-Weeraketiya Road,19.198906758285307
3756752965,3226286143,B91,B091,Daulagala - Watadeniya,primary,False,50,2,Daulagala-Watadeniya Road,2159.690867876722
3756752965,3237453500,B91,B091,Daulagala - Watadeniya,primary,False,50,2,Daulagala-Watadeniya Road,2736.517089183911
3758716316,3170533458,B66,B066,Boyagama - Mandandawala,primary,False,40,2,Boyagama-Pamunuwa Road,1859.349169861477
3758716316,2907674340,B306,B306,Nanu Oya - Hendeniya,primary,False,40,2,Boyagama Road,2053.494631545655
3758716316,1855349523,B306,B306,Nanu Oya - Hendeniya,primary,False,40,2,Boyagama Road,545.250234262769
3760127505,3773265561,B36,B036,Badulla - Karametiya - Andaulpotha,primary,False,60,2,Badulla-Mahiyanganaya Road,8142.944681649433
3760127505,2902111505,B36,B036,Badulla - Karametiya - Andaulpotha,primary,False,60,2,Badulla-Mahiyanganaya Road,1836.5289087484575
3760127505,5059861884,B86,B086,Dambagahapitiya - Pinnagolla - Arawa - Meegahakiula,primary,False,60,2,Dambagahapitiya-Meegahakivula Road,13308.512202447257
3763282547,4428081251,B599,B599,Mabopitiya Degalaeriya,primary,False,60,2,Mabopitiya-Eregama Road,3674.733141943898
3770695580,3548926831,B36,B036,Badulla - Karametiya - Andaulpotha,primary,False,60,2,Badulla-Mahiyanganaya Road,432.6370054228259
3770695580,2031636377,B36,B036,Badulla - Karametiya - Andaulpotha,primary,False,60,2,Badulla-Mahiyanganaya Road,2279.2097726183397
3771334922,77374718,B101,B101,Dikwella - Beliatta,primary,False,72,4,Dikwella-Beliatte Road,199.16201110448407
3771334938,1792754399,B141,B141,Hakmana - Beliatta - Tangalle,primary,False,72,2,Hakmana-Beliatte Road,3064.419942196113
3771334945,1748992310,B54,B054,Beliatta - Walasmulla,primary,False,60,2,Beliatte-Walasmulla Road,314.5884556818904
3773265561,2031636377,B36,B036,Badulla - Karametiya - Andaulpotha,primary,False,60,2,Badulla-Mahiyanganaya Road,2126.228809365268
3773265561,3760127505,B36,B036,Badulla - Karametiya - Andaulpotha,primary,False,60,2,Badulla-Mahiyanganaya Road,8142.944681649427
3773786519,2407536122,B100,B100,Dikwella - Jangulla - Talpitigala,"['secondary', 'primary']",False,"['60', '50']",2,"['Kandaketiya Road', 'Galauda-Kandaketiya Road', 'Ketawala-Galauda Road']",26672.806225342993
3775399923,2902111505,B36,B036,Badulla - Karametiya - Andaulpotha,primary,False,60,2,"['Badulla-Mahiyanganaya Road', 'Mahiyanganaya Road']",18562.62851599818
3775399923,8736765754,B36,B036,Badulla - Karametiya - Andaulpotha,primary,False,60,2,Mahiyanganaya Road,4350.379317123295
3777579457,570766423,B384,B384,Rambukkana - Katupitiya,primary,True,60,2,Main Street,495.8906363184422
3777579457,5159312518,B384,B384,Rambukkana - Katupitiya,primary,False,60,2,Main Street,64.81506409641145
3778393945,7183361984,B627,B627,Dammulla - Weeraketiya,primary,True,50,1,Belliatte-Weeraketiya Road,18.07374458094449
3778393947,7183361983,B410,B410,Tangalle - Weeraketiya,primary,True,72,2,Tangalle-Weeraketiya Road,12.705766714798187
3778393954,7183404785,B450,B450,Walasmulla - Weeraketiya,primary,True,70,1,Walasmulla-Weeraketiya Road,20.688112575288983
3784064218,2375441004,B111,B111,Ekala - Kotadeniyawa,primary,False,,,Ekala-Kotadeniyawa Road,42.407991085376594
3784064218,638973604,B111,B111,Ekala - Kotadeniyawa,primary,False,,,Ekala-Kotadeniyawa Road,114.4632464083768
3784921861,1725074569,B486,B486,Embilipitiya - Middeniya,primary,False,50,2,Embilipitiya-Middeniya Road,43.350348350942134
3784921861,1725074566,B486,B486,Embilipitiya - Middeniya,primary,False,50,2,Embilipitiya-Middeniya Road,14.25031603288454
3784921861,3261715730,B622,B622,Hungama - Thalawa - Middeniya,primary,False,60,2,Angunakolapelessa-Middeniya Road,429.9479274534265
3785620361,2362937081,B475,B475,Bulugolla - Dombemada - Wahawa,primary,False,60,2,Bulugolla-Rambukkana Road,13555.378610716658
3798986721,637009373,B569,B569,Access to Gampaha Railway Station (Queen Mary's Road),primary,False,50,,Orutota Road,21.43815873997177
3798986723,8933799511,B569,B569,Access to Gampaha Railway Station (Queen Mary's Road),primary,False,50,,"['Queen Mary Road', 'Rest House Road']",791.0331198266122
3799725188,638937223,B288,B288,Minuwangoda - Gampaha - Miriswatte,primary,False,50,,Old Minuwangoda Road,965.0641666743202
3799780751,3681424087,B219,B219,King George Avenue,primary,True,40,,Bauddhaloka Mawatha (King George Avenue),17.365517483411477
3799781562,3592104626,B288,B288,Minuwangoda - Gampaha - Miriswatte,primary,False,,,Gampaha-Mriswatta Road,33.37342122665289
3801712230,6038408772,B527,B527,Bibile - Pitakumbura - Namal Oya - Inginiyagala,primary,False,60,2,Bibile-Pitakumbura-Namal Oya-Inginiyagala Road,955.1012431094761
3801712230,1979513513,B527,B527,Bibile - Pitakumbura - Namal Oya - Inginiyagala,primary,False,60,2,Bibile-Pitakumbura-Namal Oya-Inginiyagala Road,7056.573707868104
3803459185,49378902,B621,B621,Atabage - Dunukeulla,primary,False,50,2,Atabage-Dunukeulla Road,7395.780327704158
3803845891,291672423,B367,B367,Piliyandala - Maharagama,primary,False,50,,Piliyandala-Maharagama Road,1556.0548059529601
3803845891,3498446844,B367,B367,Piliyandala - Maharagama,primary,True,50,,Piliyandala-Maharagama Road,15.088483639679696
3803918467,853165643,B305,B305,Nallur - Oddumadam,secondary,False,40,2,Main Road,619.317912064497
3803918467,5526678658,B305,B305,Nallur - Oddumadam,secondary,False,40,2,Main Road,42.717899093136324
3804176571,10259347340,B368,B368,Pitakotte - Talawatugoda,primary,True,50,2,Talawatugoda Road,50.510067598821635
3804176571,255179593,B368,B368,Pitakotte - Talawatugoda,primary,False,50,4,Talawatugoda Road,547.7486726136219
3804182781,2342916289,B205,B205,Katugastota - Madawala - Bambarella,primary,True,60,,Madawala Road,16.521443654560947
3804229985,848593926,B417,B417,Thoandamanaru - Vallai - Tunnalai,primary,False,50,,Thoandamanaru - Vallai - Tunnalai,34.70729536777679
3804229985,1245037494,B418,B418,Thondamanaru - Udupiddy,primary,False,50,,Thondamanaru - Udupiddy,2695.9542647754797
3804229985,848594025,B417,B417,Thoandamanaru - Vallai - Tunnalai,secondary,False,50,,Thoandamanaru - Vallai - Tunnalai,2621.1177289992543
3804306277,1242786587,B424,B424,Trincomalee - Pulmoddai,primary,False,60,2,Post Office Road,238.51333622707907
3805786089,13444644367,B550,B550,Dharmashoka Mawatha,primary,False,50,,Dharmashoka Mawatha,19.01467510842906
3805786089,6130189220,B550,B550,Dharmashoka Mawatha,primary,False,50,,Dharmashoka Mawatha,4.153066213263588
3808444503,5559025442,B58,B058,Biyanwila - Ganemulla,primary,False,,,Kadawatha-Ganemulla Road,20.830787503869544
3810927781,13624920535,B365,B365,Peradeniya - Halloluwa - Katugastota,primary,True,60,4,Gannoruwa Road,1352.8585195068526
3813344287,1314754545,B180,B180,Kalalpitiya - Ukuwala - Elkaduwa,primary,False,70,2,Kalalpitiya Road,2122.029718777583
3816390091,324985529,B221,B221,"Kiribathgoda - Oil Refinery, Sapugaskande",primary,True,50,,Kiribathgoda-Makola-Sapugaskanda Road,303.48046858232703
3816584562,667506531,B292,B292,Miriswatte - Waturugama,primary,False,50,2,Miriswatta-Waturugama Road,10156.851174776253
3816584562,4790030893,B292,B292,Miriswatte - Waturugama,primary,True,50,2,Miriswatta-Waturugama Road,41.219688524009946
3817590031,4929241611,B643,B643,Kegalle Bypass,primary,True,50,1,Kegalle Bypass,18.127843436271085
3817590031,4929241873,B643,B643,Kegalle Bypass,primary,False,50,2,Kegalle Bypass,2164.8659316051803
3822724026,4809569430,B514,B514,Internal Roads in ith Sacred City Mahiyangana,primary,False,30,2,Sacret City Roads,71.44973834419717
3822724026,1974698415,B514,B514,Internal Roads in ith Sacred City Mahiyangana,primary,False,30,2,Sacret City Roads,71.78610673733073
3822724026,1974698374,B514,B514,Internal Roads in ith Sacred City Mahiyangana,primary,False,30,2,Sacret City Roads,248.4779080115224
3822724027,4809569430,B514,B514,Internal Roads in ith Sacred City Mahiyangana,primary,False,30,2,Sacret City Roads,137.06607830092318
3822724027,3822728700,B514,B514,Internal Roads in ith Sacred City Mahiyangana,primary,False,30,2,Sacret City Roads,62.46876014995175
3822724027,10086214431,B514,B514,Internal Roads in ith Sacred City Mahiyangana,primary,False,30,2,Sacret City Roads,251.97584336391785
3822728700,4809569429,B514,B514,Internal Roads in ith Sacred City Mahiyangana,primary,False,30,2,Sacret City Roads,128.643438183063
3822728700,4918978047,B514,B514,Internal Roads in ith Sacred City Mahiyangana,primary,False,30,2,Sacret City Roads,396.0480040459253
3822728700,3822724027,B514,B514,Internal Roads in ith Sacred City Mahiyangana,primary,False,30,2,Sacret City Roads,62.46876014995175
3827971307,3827971310,B485,B485,Walasmulla - Katuwana - Middeniya,primary,False,60,2,Walasmulla-Katuwana-Middeniya Road,17.480597521461778
3827971307,1975353905,B485,B485,Walasmulla - Katuwana - Middeniya,primary,False,60,2,Walasmulla-Katuwana-Middeniya Road,8791.971183808591
3827971307,3827971313,B606,B606,Katuwana - Rukmalpitiya - Hulankanda - Heegoda,primary,True,60,1,Katuwana-Urubokka Road,30.823409704314834
3827971310,3827971307,B485,B485,Walasmulla - Katuwana - Middeniya,primary,False,60,2,Walasmulla-Katuwana-Middeniya Road,17.480597521461778
3827971310,3142698207,B485,B485,Walasmulla - Katuwana - Middeniya,primary,False,60,2,Walasmulla-Katuwana-Middeniya Road,6410.73859968188
3827971313,2078754919,B606,B606,Katuwana - Rukmalpitiya - Hulankanda - Heegoda,primary,False,60,"['2', '*']",Katuwana-Urubokka Road,6429.635679067866
3827971313,3827971310,B606,B606,Katuwana - Rukmalpitiya - Hulankanda - Heegoda,primary,True,60,1,Katuwana-Urubokka Road,27.304755114580963
3848606598,6518088305,B368,B368,Pitakotte - Talawatugoda,primary,False,50,2,Talawatugoda Road,60.04399572108081
3848606598,1668906517,B368,B368,Pitakotte - Talawatugoda,primary,False,50,"['4', '2']",Talawatugoda Road,738.6942592839894
3851353586,3220121962,B601,B601,Kegalle Siyambalapitiya Dewalegama,primary,False,60,2,Kegalle-Siyambalapitiya-Dewalegama Road,4389.905600967226
3856554872,5369721906,B369,B369,Pitiyagedera - Wattegama - Iriyagastenne,primary,False,50,2,Wattegama Road,400.3910882980755
3856554872,3619718204,B369,B369,Pitiyagedera - Wattegama - Iriyagastenne,primary,False,50,2,Wavinna Road,2760.033054653367
3856554872,3416397811,B462,B462,Wattegama - Matale,primary,False,50,2,Elkaduwa Road,316.72582722546053
3861760657,3861760731,B240,B240,Batttaramulla - Malabe - Godagama - Padukka - Bope,primary,True,60,2,Main Street (New Kandy Road),854.2012938287874
3861760657,3354710540,B240,B240,Batttaramulla - Malabe - Godagama - Padukka - Bope,primary,False,60,2,Main Street (New Kandy Road),27.926596715291833
3861760731,5523265726,B240,B240,Batttaramulla - Malabe - Godagama - Padukka - Bope,primary,True,60,2,Main Street (New Kandy Road),8.834173217902404
3864419806,645126091,B221,B221,"Kiribathgoda - Oil Refinery, Sapugaskande",secondary,True,50,,Kiribathgoda-Makola-Sapugaskanda Road,9.669067906644912
3864419811,324988637,B221,B221,"Kiribathgoda - Oil Refinery, Sapugaskande",primary,True,50,,Kiribathgoda-Makola-Sapugaskanda Road,9.608809488623516
3867253810,2723880187,B501,B501,Andarawewa - Balaluwewa( Jeya Mawatha ),secondary,False,60,,Andarawewa - Balaluwewa Road,215.2634662928458
3867253810,3336196292,B501,B501,Andarawewa - Balaluwewa( Jeya Mawatha ),secondary,False,60,,Andarawewa - Balaluwewa Road,9773.18209556605
3883403616,3883403623,B146,B146,Hanwella - Pugoda - Weke - Urapola,primary,True,40,,Hanwella-Pugoda-Kirindiwela-Urapola Road,29.50889661607185
3883403616,1235697388,B146,B146,Hanwella - Pugoda - Weke - Urapola,primary,False,50,,Hanwella-Pugoda-Kirindiwela-Urapola Road,4585.840022994408
3883403617,3883403616,B146,B146,Hanwella - Pugoda - Weke - Urapola,primary,True,40,,Hanwella-Pugoda-Kirindiwela-Urapola Road,28.95173126284961
3883403618,3883403620,B408,B408,Talduwa - Meewitigammana,primary,True,40,1,Talduwa-Meewitigammana Road,29.716494024933546
3883403618,127659819,B408,B408,Talduwa - Meewitigammana,primary,False,60,2,"['Gurugalla Bridge', 'Talduwa-Meewitigammana Road']",13441.819934335452
3883403628,3883403618,B408,B408,Talduwa - Meewitigammana,primary,True,40,1,Talduwa-Meewitigammana Road,29.061377664250323
3883403631,3120332567,B146,B146,Hanwella - Pugoda - Weke - Urapola,primary,True,40,,Hanwella-Pugoda-Kirindiwela-Urapola Road,26.908075873161415
3887468599,622288497,B368,B368,Pitakotte - Talawatugoda,primary,True,50,2,Talawatugoda Road,21.48789963642305
3896044935,635166180,B62,B062,Borella - Rajagiriya (CMC Limits to Filling Station - Rajagiriya),primary,True,50,2,Old Kotte Road,77.81577690728963
3897543544,2055561684,B312,B312,Naula - Elahera - Pallegama - Hettipola,primary,False,60,2,Elahera-Pallegama-Hettipola Road,13977.755014023356
3898518037,7702374764,B541,B541,Thampalakamam - Kinniya,primary,False,60,2,Thambalagamuwa-Kinniya Road,36.9745831022796
3898518038,7702374761,B541,B541,Thampalakamam - Kinniya,primary,False,60,2,Thambalagamuwa-Kinniya Road,38.025712110821566
3902482137,3902482146,B84,B084,Colombo - Horana,primary,True,70,2,Colombo - Horana Road,25.071157446674732
3902482140,13236794134,B84,B084,Colombo - Horana,primary,True,70,2,Colombo - Horana Road,1026.073807228445
3902482142,2068144084,B94,B094,Dehiwela - Maharagama,primary,True,60,,Dehiwela Road (Dehiwela-Maharagama Road),20.563631406068186
3902482146,3902482142,B94,B094,Dehiwela - Maharagama,primary,True,60,,Dehiwela Road (Dehiwela-Maharagama Road),20.322047984162165
3902482146,3521595128,B84,B084,Colombo - Horana,primary,True,70,,,11.237714200526018
3902482152,3521595117,B94,B094,Dehiwela - Maharagama,primary,True,60,,Dehiwela Road (Dehiwela-Maharagama Road),26.50767629905624
3902482154,1737485326,B94,B094,Dehiwela - Maharagama,primary,True,60,,Dehiwela Road (Dehiwela-Maharagama Road),30.66141544527822
3902482859,9075842383,B84,B084,Colombo - Horana,primary,True,"['70', '50']","['1', '2']",Colombo-Piliyandala-Horana Road,732.7434176922801
3902482860,3521592487,B84,B084,Colombo - Horana,primary,True,70,2,Colombo-Piliyandala-Horana Road,28.19704457490757
3906319524,3203303832,B493,B493,Moragahamula - Victoriya Damtop,primary,False,40,2,Moragahamula-Victoria Dam Top Road,8483.432500700492
3927772244,445260245,B127,B127,Galigomuwa - Ruwanwella,primary,True,50,1,Galigamuwa-Ruwanwella Road,39.329311197586456
3935855296,3935855298,B646,B646,Mudungoda Gampaha (Orutota Road),primary,False,50,2,Hetti Veediya,19.192332711387685
3935855297,3935855298,B646,B646,Mudungoda Gampaha (Orutota Road),primary,False,50,2,Hetti Veediya,25.128148695038874
3935855298,3935855297,B646,B646,Mudungoda Gampaha (Orutota Road),primary,False,50,2,Hetti Veediya,25.128148695038874
3935855298,3935855296,B646,B646,Mudungoda Gampaha (Orutota Road),primary,False,50,2,Hetti Veediya,19.192332711387685
3935855298,1397090861,B646,B646,Mudungoda Gampaha (Orutota Road),primary,False,50,2,Hetti Veediya,1039.8323727540283
3937646623,2910209739,B274,B274,Matale - Illukkumbura-Pallegama,primary,False,60,2,Matale-Illukkumbura-Pallegama Road,35123.49765974525
3960797188,3279674224,B141,B141,Hakmana - Beliatta - Tangalle,primary,True,72,2,Beliatte-Tangalle Road,19.965442132187857
3960868163,3669997743,B410,B410,Tangalle - Weeraketiya,primary,True,72,2,Tangalle-Weeraketiya Road,25.700234518591337
3998773392,1877266360,B576,B576,By Pass Road to Pallikkudiyiruppu village on Akkaraipattu Varapathanchenai Road,primary,False,40,2,Pallikkudiyiruppu Village Road,1351.8858340047937
3998773392,1877266360,B1,B001,Akkaraipattu - Warapathanchenai,primary,False,60,2,Akkaraipattu-Varipathanchenai Road,686.7436472233429
3998773392,1888945264,B1,B001,Akkaraipattu - Warapathanchenai,primary,False,60,2,Akkaraipattu-Varipathanchenai Road,1250.7322514517732
3998841948,570765771,B537,B537,Barigama - Halloluwa,primary,False,50,2,"['Halloluwa Road', 'Barigama Road']",5685.591380416587
3998841948,3738834813,B365,B365,Peradeniya - Halloluwa - Katugastota,primary,False,60,2,Katugastota Road,2379.9937547709287
3998841948,3088508756,B365,B365,Peradeniya - Halloluwa - Katugastota,primary,False,60,2,"['Gohagoda Road', 'Katugastota Road']",4573.233274327415
3999196805,13613018164,B70,B070,By pass road via Asgiriya,primary,True,50,2,Thilak Ratnayake Mawatha,11.063051305890525
3999196805,13671920564,B70,B070,By pass road via Asgiriya,primary,False,50,2,"['Thilak Ratnayake Mawatha', 'Adahanamaluwa Road']",708.3225896231537
4001647875,1242703950,B447,B447,Vilgam Vihara Road,primary,False,60,2,Welgam Vihara Road,3901.2820605216166
4004597816,1837354773,B521,B521,Mosque Road - Kandy,primary,True,50,2,Mosque Road,269.7738093103977
4004597816,257926316,B518,B518,Sangaraja Mawatha - Kandy,primary,False,50,2,Sangaraja Mawatha,1553.026425390582
4006801962,2145113863,B136,B136,Gevilipitiya - Hettimulla,primary,False,60,2,Gevilipitiya-Hettimulla Road,15011.657776590824
4006801962,3229498069,B278,B278,Mawanella - Aranayake - Horawela,primary,False,60,2,Mawanella-Aranayaka Road,4365.161616847153
4006801962,1831898405,B278,B278,Mawanella - Aranayake - Horawela,primary,False,60,2,"['Aranayaka-Horawala Road', 'Mawanella-Aranayaka Road']",4283.6475479792425
4019244695,6509196204,B70,B070,By pass road via Asgiriya,primary,True,50,2,Gedige Vihara Mawatha,23.876296393962203
4019531402,5968325062,B267,B267,Mampe - Kottawa,primary,True,50,,Piliyandala - Kottawa Road,22.92082491068201
4019531402,257673145,B267,B267,Mampe - Kottawa,primary,False,72,,Piliyandala - Kottawa Road,606.3712934551841
4020226660,1877272293,B573,B573,Akkaraipattu Deegavapi Ambalatharu,primary,False,60,2,Akkaraipattu-Deeghavapiya-Ambalatharu Road,14345.75237207961
4032560667,1724997103,B364,B364,Peradeniya - Deltota - Rikiligaskada,primary,False,50,,Galaha Road,2527.0522534805
4032560667,4796114651,B364,B364,Peradeniya - Deltota - Rikiligaskada,primary,True,50,,Galaha Road,34.402927983431866
4032560674,4032560667,B364,B364,Peradeniya - Deltota - Rikiligaskada,primary,True,50,,Galaha Road,36.28518048852197
4034893256,871932407,B192,B192,Kandasamykovil - Kaluthaipiddy,secondary,False,40,,Kandasamykovil - Kaluthaipiddy,4451.932310218265
4045295806,6653100609,B351,B351,Pallebedde - Medaganoya - Weligepola,primary,False,60,2,Pallebedde-Medaganoya-Weligepola Road,12434.917193875159
4045751170,912273614,B421,B421,Tiruwanaketiya - Agalawatte,primary,False,60,2,Kalawana Road,5919.528640221755
4045751173,912268077,B421,B421,Tiruwanaketiya - Agalawatte,primary,False,60,2,Kalawana Road,10427.16494203275
4056840093,403875119,B62,B062,Borella - Rajagiriya (CMC Limits to Filling Station - Rajagiriya),primary,False,50,2,Old Kotte Road,22.357500738050586
4056840093,403875117,B62,B062,Borella - Rajagiriya (CMC Limits to Filling Station - Rajagiriya),primary,False,50,2,Old Kotte Road,60.06511192715665
4059337439,2280604896,B304,B304,Nagoda - Kalawellawa - Bellapitiya,primary,False,60,2,Nagoda-Kalawellawa-Bellapitiya Road,10233.553780729046
4059337439,560221970,B304,B304,Nagoda - Kalawellawa - Bellapitiya,primary,False,60,2,Nagoda-Kalawellawa-Bellapitiya Road,1270.1460545767072
4059337439,560221964,B302,B302,Nagoda - Gallassa Colony Road,primary,False,40,2,Gallassa Road,3418.401778064509
4067142475,1874159728,B374,B374,Potuvil - Panama,primary,False,"['70', '60']",2,"['Panama Road', 'Pottuvil-Panama Road', 'Potuvil - Panama Road']",16869.6712700831
4067964376,904233581,B82,B082,"Circular Road, Kurunegala",primary,False,50,2,Gettuwana Road,1875.1409414960435
4067967894,618609526,B264,B264,Mallawapitiya - Rambodagalla - Keppetigala,secondary,False,50,2,Mallawapitiya - Keppitigala Road,5966.222475458422
4068148608,637009373,B569,B569,Access to Gampaha Railway Station (Queen Mary's Road),primary,False,50,,Orutota Road,143.59106584674294
4071257592,2418603892,B293,B293,Moneragala Town Road,primary,False,60,2,Main Street,25.627821940017178
4071257595,2418603892,B293,B293,Moneragala Town Road,primary,False,60,2,Main Street,26.90791525107751
4082665360,258523315,B552,B552,Polonnaruwa - Hingurakgoda,secondary,False,50,,Polonnaruwa - Hingurakgoda Road,12820.3041416527
4082665365,2285202897,B287,B287,Minneriya - Hingurakgoda (Airport Road),primary,False,60,,Minneriya - Hingurakgoda Road,5739.441743494805
4082665380,2831970104,B48,B048,Batukotuwa - Medirigiriya,secondary,False,50,,"['Medirigiriya - Diyasenpura - Meegaswewa Road', 'Hingurakgoda - Medirigiriya Road']",31510.05925857249
4085806761,3549382890,B208,B208,Katunayake - Veyangoda,primary,False,50,,Katunayake-Veyangoda Road,25.08952523242617
4085806761,638916931,B208,B208,Katunayake - Veyangoda,primary,False,50,,Katunayake-Veyangoda Road,342.62406171235466
4086635248,7704618048,B247,B247,Kurunegala - Narammala - Kuliyapitiya - Madampe,primary,True,50,2,Kurunegala - Narammala - Madampe Road,274.1227076173355
4086635248,2589231774,B247,B247,Kurunegala - Narammala - Kuliyapitiya - Madampe,primary,False,50,2,Kurunegala - Narammala - Madampe Road,1935.0712209675996
4086665691,3628051370,B356,B356,Pannala - Kuliyapitiya,secondary,False,50,,Pannala-Kuliyapitiya Road,10033.733207794412
4086665691,1976198852,B356,B356,Pannala - Kuliyapitiya,secondary,True,50,2,Pannala - Kuliyapitiya Road,122.85856345028569
4087054249,6275242615,B246,B246,Kurana - Taladuwa,primary,True,40,,Arch Bishop Nicholas Marcus Fernando Mawatha,29.25583809541395
4087054259,4087054262,B246,B246,Kurana - Taladuwa,primary,True,40,,Arch Bishop Nicholas Marcus Fernando Mawatha,25.04612595219404
4087054262,1683204299,B246,B246,Kurana - Taladuwa,primary,True,40,,Arch Bishop Nicholas Marcus Fernando Mawatha,37.20687650047172
4087081915,313236286,B78,B078,"Chilaw Road, Negombo",primary,False,50,,Chilaw Road,1165.1995732218977
4087081915,5804555891,B78,B078,"Chilaw Road, Negombo",primary,True,50,,Chilaw Road,52.63651732694277
4096475956,4096475975,B365,B365,Peradeniya - Halloluwa - Katugastota,primary,True,60,4,Gannoruwa Road,13.478783529548679
4096475975,5120237612,B365,B365,Peradeniya - Halloluwa - Katugastota,primary,True,60,4,Gannoruwa Road,533.4316764797197
4096475976,3738834815,B365,B365,Peradeniya - Halloluwa - Katugastota,primary,True,60,4,Gannoruwa Road,13.462738925748328
4096475976,3738834813,B365,B365,Peradeniya - Halloluwa - Katugastota,primary,True,60,1,Katugastota Road,48.27834669077671
4099698756,6545320371,B638,B638,Sri Maha Bodhi Access,primary,True,,,Kurunegala Road,12.905799243359732
4099698761,13574349086,B638,B638,Sri Maha Bodhi Access,primary,False,50,,Kurunegala Road,492.0148270655545
4099698761,6545320374,B638,B638,Sri Maha Bodhi Access,primary,True,50,,Kurunegala Road,32.223311163978316
4099888815,615737957,B234,B234,Korakahawewa - Sri Maha Bodhi,primary,False,50,,Old Puttalam Road,1406.299766827109
4099888824,13587389094,B234,B234,Korakahawewa - Sri Maha Bodhi,primary,False,30,,Old Puttalam Road,165.88692672513363
4108748752,4108749709,B406,B406,Stony Cliff - Kotagala,primary,False,50,2,Stony Cliff-Kotagala Road,564.2538442189253
4108749709,2689283758,B406,B406,Stony Cliff - Kotagala,primary,False,50,2,Stony Cliff-Kotagala Road,5962.788416337418
4108749709,4108748752,B406,B406,Stony Cliff - Kotagala,primary,False,50,2,Stony Cliff-Kotagala Road,564.2538442189256
4136868890,1245043260,B74,B074,Chavakachcheri - Kachchai,secondary,False,50,,Chavakachcheri - Kachchai,6.306895774345238
4136868890,849189814,B74,B074,Chavakachcheri - Kachchai,secondary,False,50,,"['Puloly-Kodikamam-Kochchai Road', 'Chavakachcheri - Kachchai']",9005.340306542472
4137314879,4137314875,B357,B357,Paranthan - Poonakary,secondary,True,70,,Paranthan-Pooneryn Road,24.63915005123574
4137314879,1642975181,B357,B357,Paranthan - Poonakary,secondary,False,70,2,Paranthan - Poonakary,25773.032375523646
4137353401,1181921747,B638,B638,Sri Maha Bodhi Access,primary,True,70,,Kurunegala Road,38.09457564580187
4137371244,13577179092,B164,B164,Jaffna Junction - Sri Maha Bodhi,secondary,True,40,,Old Trincomalee Road,26.541773025039603
4137378464,1981159930,B283,B283,Medawachchiya - Kebitigollewa,secondary,True,50,,Medawachchiya-Kebithigollewa Road,41.02823732841292
4137378464,5156577884,B283,B283,Medawachchiya - Kebitigollewa,secondary,False,50,,Medawachchiya-Kebithigollewa Road,25397.746192380528
4140985775,3227989004,B379,B379,Puttalam - Marichchikadai,primary,False,60,2,"['Mannar Road', 'Puttalam - Marichchikadai - Mannar Road', 'PuttMannar Road']",90614.53972427089
4140985775,13686682344,B379,B379,Puttalam - Marichchikadai,primary,False,60,,Puttalam - Marichchikadai - Mannar Road,23.38808513851765
4140985775,13686682345,B379,B379,Puttalam - Marichchikadai,primary,False,60,,Puttalam - Marichchikadai - Mannar Road,24.272428402233892
4142250033,891638940,B154,B154,Hindagala - Naranwita - Gampola,primary,True,50,,Pallewela Road,41.52759483766979
4142435846,1785705927,B132,B132,Gampola - Craighead,primary,True,50,1,Buwanekabahu Road,17.992594370794123
4142435846,1981311694,B132,B132,Gampola - Craighead,primary,False,50,2,Buwanekabahu Road,633.6745956597322
4142435852,4142435846,B132,B132,Gampola - Craighead,primary,True,50,1,Buwanekabahu Road,15.526693446192246
4152530093,3403175022,B214,B214,Kelaniya - Mudungoda,primary,True,,,Biyagama Road,20.590791138309047
4152530093,3403175009,B214,B214,Kelaniya - Mudungoda,primary,False,,,Biyagama Road,46.55596300056704
4152530101,3403175009,B214,B214,Kelaniya - Mudungoda,primary,False,,,Biyagama Road,33.9444979102032
4158784481,566569620,B182,B182,Kalawewa - Avukana,secondary,False,50,,Kalawewa - Awukana Road,4495.622160532908
4158784481,566569273,B423,B423,Tonigala - Kalawewa - Galewela,primary,False,60,2,Kalawewa-Galewela Road,2069.0858447368337
4158784481,13763979653,B423,B423,Tonigala - Kalawewa - Galewela,primary,False,60,2,Tonigala-Kalawewa Road,8407.918811021944
4177584099,2382076814,B413,B413,Tennekumbura - Rikiligaskada - Ragala,primary,True,50,,Haragama Road,37.57218237959458
4191945359,3633693454,B415,B415,Thihagoda - Kamburupitiya - Mawarala - Kotapola,primary,True,50,1,Mulatiyana-Urubokka,19.861717343746935
4191945364,3633693455,B415,B415,Thihagoda - Kamburupitiya - Mawarala - Kotapola,primary,True,50,1,Urubokka-Kotapola Road,43.065440415653974
4192345640,1268329299,B400,B400,Seeduwa - Udugampola,primary,False,50,,Seeduwa-Kotugoda Road,20.823616069773585
4192345640,638976353,B400,B400,Seeduwa - Udugampola,primary,False,50,,Seeduwa-Kotugoda Road,3836.185570624725
4192345643,1268329299,B400,B400,Seeduwa - Udugampola,primary,False,50,,Seeduwa-Kotugoda Road,20.139961315906387
4192345643,2155579750,B400,B400,Seeduwa - Udugampola,primary,False,50,,Seeduwa-Kotugoda Road,1361.504753111837
4192345790,1268329299,B598,B598,Seeduwa Katunayake,primary,False,50,,Baseline Road,41.77677003519479
4192345790,11722038127,B598,B598,Seeduwa Katunayake,primary,False,50,,Baseline Road,3695.9593608013665
4202427002,4202427009,B445,B445,Veyangoda - Ruwanwella,primary,True,50,1,Veyangoda-Nittambuwa Road,80.44884288062728
4202427002,674898973,B445,B445,Veyangoda - Ruwanwella,primary,False,60,2,Veyangoda-Nittambuwa Road,186.69028673229866
4202427002,4202427022,B445,B445,Veyangoda - Ruwanwella,primary,False,60,2,Veyangoda-Nittambuwa Road,33.36095372310329
4202427008,4202427009,B445,B445,Veyangoda - Ruwanwella,primary,True,50,1,Veyangoda-Nittambuwa Road,22.400016256679688
4202427009,639288676,B445,B445,Veyangoda - Ruwanwella,primary,False,60,2,Veyangoda-Nittambuwa Road,135.00817398000007
4202427022,4202427002,B445,B445,Veyangoda - Ruwanwella,primary,False,60,2,Veyangoda-Nittambuwa Road,33.36095372310329
4202427022,4202427008,B445,B445,Veyangoda - Ruwanwella,primary,True,50,1,Veyangoda-Nittambuwa Road,35.96937968398865
4207369014,2155672282,B555,B555,Access road to Getabaru Temple,primary,False,40,2,Getabaruwa Road,1648.4207693909332
4228041368,3166543427,B644,B644,Kelanimulla-Angoda-Koswatta,primary,False,50,2,"['Kalapaluwawa Road', 'Walpola Road']",2078.495457103827
4228041368,5237467113,B644,B644,Kelanimulla-Angoda-Koswatta,primary,True,50,4,Kalapaluwawa Road,16.703340354680783
4231244457,4231244463,B111,B111,Ekala - Kotadeniyawa,primary,False,,,Ekala-Kotadeniyawa Road,34.08509290779264
4231244463,638969225,B111,B111,Ekala - Kotadeniyawa,primary,False,,,Ekala-Kotadeniyawa Road,33.74254032105353
4231244463,638976368,B111,B111,Ekala - Kotadeniyawa,primary,False,,,Ekala-Kotadeniyawa Road,2887.2635957769144
4231244463,4231244457,B111,B111,Ekala - Kotadeniyawa,primary,False,,,Ekala-Kotadeniyawa Road,34.08509290779264
4254145897,3221586259,B327,B327,Nilaweli Salt Office Road,secondary,False,40,,Approach Road to Nilaveli Salt Office,658.9494048500625
4267522204,2176866777,B99,B099,Deniyaya - Viharahena,primary,False,50,2,Deniyaya-Viharahena Road,1392.1593530107039
4268469890,6511426673,B79,B079,Chilaw - Wariyapola,primary,False,60,2,"['Chilaw-Wariyapola Road', 'Chilaw - Wariyapola Road']",9229.466252077502
4268469890,1239435107,B79,B079,Chilaw - Wariyapola,primary,False,60,2,Chilaw - Wariyapola Road,4368.272876672753
4268469890,3066124415,B166,B166,Kadahapola - Rambawewa,secondary,False,50,2,"['Katupotha - Rambawewa Road', 'Katupotha--Rambawewa Road']",9745.491787133697
4316825579,403881262,B597,B597,Kandawala Katunayake,primary,False,40,,Baseline Road,1330.9912391735804
4316825579,639142096,B597,B597,Kandawala Katunayake,primary,False,40,,Baseline Road,2131.25392950352
4316825579,617812791,B324,B324,Negombo - Mirigama,primary,False,50,,Negombo-Mirigama Road,3404.4188962596863
4316825579,403881228,B324,B324,Negombo - Mirigama,primary,False,50,,Negombo-Mirigama Road,1886.6361317654425
4365280300,49365524,B44,B044,Bandarawela - Welimada,primary,True,40,1,Bandarawela-Welimada Road,26.50731319923574
4375137197,2507107528,B425,B425,Tudella - Pamunugama - Talahena - Negombo,primary,False,50,,Pamunugama Road,37.719376634176115
4375137197,2507107516,B633,B633,Access Road to Ja-Ela Interchange,primary,True,70,2,Delathura - Ja Ela Road,43.17417079150042
4375137197,2506020933,B425,B425,Tudella - Pamunugama - Talahena - Negombo,primary,False,50,,Pamunugama Road,19.082969846917152
4394543338,3064234204,B122,B122,Galagedara - Rambukkana,primary,False,50,1,Galagedara-Rambukkana Road,32.36501734294023
4408220354,4408220358,B525,B525,Dikwella - Wewurukannala,primary,True,50,1,Dikwella-Wewurukannala Road,29.686645380014706
4408220354,4408220362,B525,B525,Dikwella - Wewurukannala,primary,True,50,1,Dikwella-Wewurukannala Road,30.492523262571357
4408220354,1818609858,B525,B525,Dikwella - Wewurukannala,primary,False,50,2,Dikwella-Wewurukannala Road,1242.9669746128725
4408220358,4408220362,B101,B101,Dikwella - Beliatta,primary,False,72,4,Dikwella-Beliatte Road,12.962824295039587
4408220358,250131591,B101,B101,Dikwella - Beliatta,primary,False,72,4,Dikwella-Beliatte Road,1580.6111388256156
4408220362,4408220358,B101,B101,Dikwella - Beliatta,primary,False,72,4,Dikwella-Beliatte Road,12.962824295039587
4408220362,1530689260,B101,B101,Dikwella - Beliatta,primary,False,72,4,Dikwella-Beliatte Road,989.2502707076329
4428081251,3763282547,B599,B599,Mabopitiya Degalaeriya,primary,False,60,2,Mabopitiya-Eregama Road,3674.7331419438947
4430564637,2590173342,B431,B431,Ulapane - Pussellawa,primary,False,50,2,Ulapane-Pussellawa Road,14526.619623721475
4430564637,1834981067,B582,B582,Gomburuoya - Balapokuna,primary,False,60,2,Mawela-Kothmale Road,8081.732041041649
4430564637,1834922625,B431,B431,Ulapane - Pussellawa,primary,False,50,2,Ulapane-Pussellawa Road,4418.14818325188
4439545826,849238277,B268,B268,Manipay - Kaithady,secondary,False,50,,Manipai Kaitadi road,3228.3184420699067
4445128968,5225962174,B478,B478,Wilakatupotha - Ganewattha - Kumbukgete,secondary,True,50,,Wariyapola-Ganewatta-kumbukgete Road,24.945203455754434
4445128968,2024849379,B478,B478,Wilakatupotha - Ganewattha - Kumbukgete,secondary,False,50,,Wariyapola-Ganewatta-kumbukgete Road,7052.500043028735
4446651425,4446651431,B208,B208,Katunayake - Veyangoda,primary,False,,,Katunayake-Veyangoda Road,21.25618890252017
4446651425,12322046179,B208,B208,Katunayake - Veyangoda,primary,False,,,Katunayake-Veyangoda Road,1086.3328267302472
4446651431,4446651425,B208,B208,Katunayake - Veyangoda,primary,False,,,Katunayake-Veyangoda Road,21.25618890252017
4446651431,4446651438,B598,B598,Seeduwa Katunayake,primary,False,,,Baseline Road,33.77499677461164
4446651438,8977212317,B598,B598,Seeduwa Katunayake,primary,False,50,,Baseline Road,4.080004609501645
4446651438,5904560300,B598,B598,Seeduwa Katunayake,primary,False,,,Baseline Road,27.4157441270917
4446651438,4446651431,B598,B598,Seeduwa Katunayake,primary,False,,,Baseline Road,33.77499677461164
4457419930,3403175009,B214,B214,Kelaniya - Mudungoda,primary,False,50,,Biyagama Road,3589.0790618777914
4457419930,5352135773,B214,B214,Kelaniya - Mudungoda,primary,True,40,,Biyagama Road,34.05676750776532
4509879174,2055570486,B57,B057,Bibile - Uraniya - Mahiyangana,primary,False,60,2,Bibile-Mahiyangana Road,87.76957582142235
4509879174,3548926813,B57,B057,Bibile - Uraniya - Mahiyangana,primary,False,60,2,Bibile-Mahiyangana Road,5340.834710472299
4527627326,4863310705,B18,B018,Ampilanthurai - Veeramunai,primary,True,40,1,Ampilanturai-Veeramunai Road,19.235282021016374
4527627326,1883604574,B18,B018,Ampilanthurai - Veeramunai,primary,False,60,2,Ampilanturai-Veeramunai Road,2370.3269607743036
4527825395,1880354744,B344,B344,Padiruppu - Vellaveli,primary,False,60,2,Kaluvanchikudy-Vellaveli Road,21.528718094195398
4527825395,1883604788,B344,B344,Padiruppu - Vellaveli,primary,False,60,2,Kaluvanchikudy-Vellaveli Road,1958.2124852055335
4580840142,275520231,B389,B389,Ratmalana - Mirihana,primary,False,50,2,Rathmalana-Mirihana Road,662.7766220895392
4580840142,11959575863,B389,B389,Ratmalana - Mirihana,primary,True,50,2,Rathmalana-Mirihana Road,78.95396745846351
4600910031,3167653286,B308,B308,Narammala - Dankotuwa,primary,False,60,2,Kurunegala-Negombo Road,773.4440947891873
4600910031,617810971,B308,B308,Narammala - Dankotuwa,primary,False,60,2,Kurunegala-Negombo Road,1455.8541571692215
4600910031,1239558969,B9,B009,Alawwa - Maharagama,primary,False,50,2,Giriulla - Alawwa Road,14214.539746948336
4621924226,3403175022,B214,B214,Kelaniya - Mudungoda,primary,False,,,Biyagama Road,9.131426012236199
4663300583,651746985,B235,B235,Koralawella - Egoda-Uyana,primary,False,50,,Modara Road,1010.8262690635534
4678368699,2117500121,B96,B096,Dematagoda - Wellampitiya,primary,True,50,,Kolonnawa Road,502.5945328607677
4693290694,403881317,B228,B228,Kochchikade - Halpe,primary,False,50,,Madampalla Road,9199.549557883354
4724027713,4996622455,B84,B084,Colombo - Horana,primary,True,70,,Colombo - Horana Road,736.0281469350256
4729747107,1093697782,B454,B454,Wandurambe - Ethumale - Yakkatuwa,primary,False,60,2,Wanduramba-Mapalagama Road,2568.996242396477
4729747107,4729747389,B454,B454,Wandurambe - Ethumale - Yakkatuwa,primary,False,60,2,Wanduramba-Mapalagama Road,482.921812642209
4729747107,4730103455,B303,B303,Nagoda - Gonadeniya,primary,False,60,2,Nagoda-Gonadeniya Road,3593.71061990803
4729747389,4729747107,B454,B454,Wandurambe - Ethumale - Yakkatuwa,primary,False,60,2,Wanduramba-Mapalagama Road,482.92181264220903
4729747389,1093698207,B454,B454,Wandurambe - Ethumale - Yakkatuwa,primary,False,60,2,Wanduramba-Mapalagama Road,3494.8993022460327
4729747389,3257914816,B320,B320,Nayapamulla - Unanwitiya - Nagoda,primary,False,60,2,Nayapamula-Unanvitiya-Nagoda Road,12277.488761320988
4730103455,4729747107,B303,B303,Nagoda - Gonadeniya,primary,False,60,2,Nagoda-Gonadeniya Road,3593.7106199080285
4730103455,1093762966,B139,B139,Gonadeniya - Udugama,primary,False,50,2,Gonadeniya-Udugama Road,4443.749169645783
4755847830,617190011,B645,B645,Pelawatta-Akuregoda-Pothuarawa,primary,False,50,"['2', '4']","['D.P. Wijesinghe Mawatha', 'Pothuarawa Road']",2880.4963297788663
4755847830,4838908981,B645,B645,Pelawatta-Akuregoda-Pothuarawa,primary,True,50,2,D.P. Wijesinghe Mawatha,237.5916100292847
4761516411,7183361984,B627,B627,Dammulla - Weeraketiya,primary,False,60,2,Belliatte-Weeraketiya Road,4093.7359031394394
4761516411,388268117,B627,B627,Dammulla - Weeraketiya,primary,False,60,2,Belliatte-Weeraketiya Road,2981.6666705025855
4762385860,3104873585,B93,B093,Dehiowita - Deraniyagala - Noori,primary,False,60,2,Deraniyagala-Noori Road,13555.875332180505
4781591822,4781602735,B492,B492,Kandehandiya - Adikarigama - Randenigala - Loggal Oya,primary,True,60,*,Mahaweli Raja Mawatha,13.688898009933038
4781591824,3201082623,B413,B413,Tennekumbura - Rikiligaskada - Ragala,primary,True,50,,Rikillagaskada Road,33.005567629259836
4781591830,2019950765,B413,B413,Tennekumbura - Rikiligaskada - Ragala,primary,True,50,,Rikillagaskada Road,17.923222956793158
4781602735,4781591826,B492,B492,Kandehandiya - Adikarigama - Randenigala - Loggal Oya,primary,True,60,*,Mahaweli Raja Mawatha,18.960621132922412
4781602735,2019986609,B492,B492,Kandehandiya - Adikarigama - Randenigala - Loggal Oya,primary,False,70,2,Mahaweli Raja Mawatha,8395.743620401196
4784496254,3606358347,B641,B641,Kadawatha By pass,primary,True,60,3,Kadawatha Bypass Road,31.944227454168182
4785723989,3600567908,B641,B641,Kadawatha By pass,primary,True,60,"['3', '2']",Kadawatha Bypass Road,805.7526037898158
4785723992,4785724017,B641,B641,Kadawatha By pass,primary,True,60,3,Kadawatha Bypass Road,39.42732411379429
4790000816,4790001153,B214,B214,Kelaniya - Mudungoda,primary,True,50,1,New Kandy Road,9.473398286966239
4790001153,7087827239,B214,B214,Kelaniya - Mudungoda,primary,True,50,1,New Kandy Road,18.689092768702434
4790019632,4790019635,B288,B288,Minuwangoda - Gampaha - Miriswatte,primary,False,,,Gampaha-Mriswatta Road,120.32480983795409
4790019634,4790019635,B288,B288,Minuwangoda - Gampaha - Miriswatte,primary,False,,,Gampaha-Mriswatta Road,119.36998810819134
4790019635,1292992471,B288,B288,Minuwangoda - Gampaha - Miriswatte,primary,False,,,Gampaha-Mriswatta Road,2000.999806652208
4790019635,4790019632,B288,B288,Minuwangoda - Gampaha - Miriswatte,primary,False,,,Gampaha-Mriswatta Road,120.32480983795409
4790019635,4790019634,B288,B288,Minuwangoda - Gampaha - Miriswatte,primary,False,,,Gampaha-Mriswatta Road,119.36998810819134
4790030893,4790030895,B292,B292,Miriswatte - Waturugama,primary,True,50,2,Miriswatta-Waturugama Road,8.026970002415
4790030894,4790030896,B292,B292,Miriswatte - Waturugama,primary,True,50,2,Miriswatta-Waturugama Road,8.20681702890708
4790030896,3816584562,B292,B292,Miriswatte - Waturugama,primary,True,50,2,Miriswatta-Waturugama Road,37.37239909262555
4796114654,2315595592,B364,B364,Peradeniya - Deltota - Rikiligaskada,primary,True,50,,Galaha Road,24.436258255900007
4796130131,54399243,B37,B037,"Baladaksha Mawatha, Galle",primary,False,30,2,Baladaksha Mawatha,339.02836173176075
4807150328,4807150340,B19,B019,Anamaduwa - Uswewa - Galgamuwa,primary,True,50,2,Anamaduwa-Uswewa-Galgamuwa Road,29.571656486883896
4807150333,4807150341,B45,B045,Bangadeniya - Andigama - Anamaduwa,secondary,True,40,2,Bangadeniya - Andigama - Anamaduwa Road,24.59050271288305
4807150340,4807150331,B19,B019,Anamaduwa - Uswewa - Galgamuwa,primary,True,50,2,Anamaduwa-Uswewa-Galgamuwa Road,31.79666707857391
4807150340,2093610059,B19,B019,Anamaduwa - Uswewa - Galgamuwa,primary,False,70,2,Anamaduwa - Uswewa - Galgamuwa Road,17528.15086664217
4807150341,4807150335,B45,B045,Bangadeniya - Andigama - Anamaduwa,secondary,True,40,2,Bangadeniya - Andigama - Anamaduwa Road,24.48796850849106
4807150341,1731568862,B45,B045,Bangadeniya - Andigama - Anamaduwa,secondary,False,50,2,Bangadeniya - Andigama - Anamaduwa Road,13457.280143540622
4809569429,3822728700,B514,B514,Internal Roads in ith Sacred City Mahiyangana,primary,False,30,2,Sacret City Roads,128.643438183063
4809569429,1974698415,B514,B514,Internal Roads in ith Sacred City Mahiyangana,primary,False,30,2,Sacret City Roads,72.72726733468362
4809569429,4809569430,B514,B514,Internal Roads in ith Sacred City Mahiyangana,primary,False,30,2,Sacret City Roads,65.5614227526182
4809569430,3822724027,B514,B514,Internal Roads in ith Sacred City Mahiyangana,primary,False,30,2,Sacret City Roads,137.06607830092318
4809569430,3822724026,B514,B514,Internal Roads in ith Sacred City Mahiyangana,primary,False,30,2,Sacret City Roads,71.44973834419717
4809569430,4809569429,B514,B514,Internal Roads in ith Sacred City Mahiyangana,primary,False,30,2,Sacret City Roads,65.5614227526182
4814119764,1974694431,B57,B057,Bibile - Uraniya - Mahiyangana,primary,False,60,2,Bibile-Mahiyangana Road,127.30307214413972
4814119764,4814119752,B57,B057,Bibile - Uraniya - Mahiyangana,primary,True,50,1,Bibile-Mahiyangana Road,34.97080801517602
4814119780,4814119764,B57,B057,Bibile - Uraniya - Mahiyangana,primary,True,50,1,Bibile-Mahiyangana Road,38.62648954012268
4815668572,4877071672,B413,B413,Tennekumbura - Rikiligaskada - Ragala,primary,False,60,2,"['Ragala Road', 'Munwatta Road']",10790.276510211841
4815668572,4815668922,B413,B413,Tennekumbura - Rikiligaskada - Ragala,primary,False,60,2,Munwatta Road,156.01779244812138
4815668922,4815668572,B413,B413,Tennekumbura - Rikiligaskada - Ragala,primary,False,60,2,Munwatta Road,156.0177924481214
4815668922,2078334820,B413,B413,Tennekumbura - Rikiligaskada - Ragala,primary,False,60,2,"['Munwatta Road', 'Padiyapelella Road']",8360.555931202618
4817240135,5239209328,B240,B240,Batttaramulla - Malabe - Godagama - Padukka - Bope,primary,False,60,2,Kaduwela Road (New Kandy Road),6.49123705148325
4817240135,3354710539,B240,B240,Batttaramulla - Malabe - Godagama - Padukka - Bope,primary,False,60,2,Kaduwela Road (New Kandy Road),1392.32348905349
4817240135,4228041368,B644,B644,Kelanimulla-Angoda-Koswatta,primary,True,50,4,Kalapaluwawa Road,48.105125194456626
4838908981,6513598494,B645,B645,Pelawatta-Akuregoda-Pothuarawa,primary,True,50,2,D.P. Wijesinghe Mawatha,30.117246399302765
4860202575,9075842392,B134,B134,Gangodawila - Boralesgamuwa,secondary,True,50,,Old Kesbawa Road,7.38377935620501
4860202575,9075842367,B84,B084,Colombo - Horana,primary,True,50,1,Colombo-Piliyandala-Horana Road,21.754598589867264
4863310661,4527627326,B18,B018,Ampilanthurai - Veeramunai,primary,True,40,1,Ampilanturai-Veeramunai Road,17.974339942466468
4877035512,2019986609,B492,B492,Kandehandiya - Adikarigama - Randenigala - Loggal Oya,primary,False,70,2,Mahaweli Raja Mawatha,16914.343426259828
4877035512,2031636377,B492,B492,Kandehandiya - Adikarigama - Randenigala - Loggal Oya,primary,False,70,2,Mahaweli Raja Mawatha,29490.654648493502
4877035512,4877071672,B511,B511,Keerthibandrapura - Naranthalawa,primary,False,60,2,Keerthibandrapura-Walapane Road,3978.9670139997797
4877071672,4877035512,B511,B511,Keerthibandrapura - Naranthalawa,primary,False,60,2,Keerthibandrapura-Walapane Road,3978.967013999777
4877071672,4815668572,B413,B413,Tennekumbura - Rikiligaskada - Ragala,primary,False,60,2,"['Ragala Road', 'Munwatta Road']",10790.276510211836
4877071672,2035878922,B413,B413,Tennekumbura - Rikiligaskada - Ragala,primary,False,60,2,Ragala Road,7977.874064816588
4884114552,6540075345,B133,B133,Ganewelpola - Dachchahalmillewa,primary,True,60,,Ganewelpola-Galenbindunuwewa-Dachchahalmillewa Road,40.11547725260793
4884114552,2093612778,B133,B133,Ganewelpola - Dachchahalmillewa,primary,False,60,,Ganewelpola-Galenbindunuwewa-Dachchahalmillewa Road,46014.30646801861
4885745120,1744563108,B524,B524,Beach Road Matara( Matara By Pass),primary,False,60,2,Beach Road,158.76046661492794
4891890159,1828212116,B38,B038,Balangoda - Bowatte - Kaltota,primary,False,50,2,Balangoda-Bowatte-Kaltota Road,5.572530693734831
4891890159,1708349295,B38,B038,Balangoda - Bowatte - Kaltota,primary,False,50,2,Balangoda-Bowatte-Kaltota Road,73.244787576448
4897028998,191849931,B331,B331,Nuwara Eliya Town Road,primary,True,50,2,Old Kandy Road (Old Bazaar Street),130.7947726047808
4897028998,3584750699,B249,B249,Lady Macallums Drive,primary,False,50,2,St. Andrew's Drive,1408.4353342149193
4897029032,2035832241,B331,B331,Nuwara Eliya Town Road,primary,False,50,2,Old Udapussellawa Road,16.567201771190753
4897029032,198553743,B331,B331,Nuwara Eliya Town Road,primary,False,50,2,Old Udapussellawa Road,355.6688194463478
4897029032,13650405023,B331,B331,Nuwara Eliya Town Road,primary,False,50,,Old Udapussellawa Road,17.281542665697614
4900167756,1974698431,B57,B057,Bibile - Uraniya - Mahiyangana,primary,False,60,2,Bibile-Mahiyangana Road,153.22673475279174
4900167756,1974713677,B57,B057,Bibile - Uraniya - Mahiyangana,primary,False,60,2,Bibile-Mahiyangana Road,1814.5652249520508
4904045485,1146766252,B157,B157,Horana - Anguruwatota - Aluthgama,primary,False,60,2,Aluthgama Road,4917.918245851431
4904045485,6294540724,B157,B157,Horana - Anguruwatota - Aluthgama,primary,True,60,,Aluthgama Road,29.495583706054354
4913540652,1731470195,B348,B348,Palavi - Kalladi,secondary,False,50,,Palavi-Kalladi Road,7280.899517727965
4913540652,6509597375,B348,B348,Palavi - Kalladi,secondary,True,50,,Palavi-Kalladi Road,29.451834545451504
4914548524,5519615353,B423,B423,Tonigala - Kalawewa - Galewela,primary,False,60,2,Tonigala-Kalawewa Road,5074.41597097947
4918978047,4919739452,B57,B057,Bibile - Uraniya - Mahiyangana,primary,False,60,2,Bibile-Mahiyangana Road,174.89419512538046
4918978047,1974698349,B57,B057,Bibile - Uraniya - Mahiyangana,primary,False,60,2,Bibile-Mahiyangana Road,268.68457961369285
4918978047,3822728700,B514,B514,Internal Roads in ith Sacred City Mahiyangana,primary,False,30,2,Sacret City Roads,396.04800404592527
4919739452,1974694415,B57,B057,Bibile - Uraniya - Mahiyangana,primary,False,60,2,Bibile-Mahiyangana Road,443.9348101568862
4919739452,4918978047,B57,B057,Bibile - Uraniya - Mahiyangana,primary,False,60,2,Bibile-Mahiyangana Road,174.89419512538046
4924643886,2019986609,B494,B494,Victoriya Damtop - Adikarigama,primary,False,40,2,Victoria Dam Top-Adhikarigama Road,3406.985494872241
4929241607,3817590031,B643,B643,Kegalle Bypass,primary,True,50,1,Kegalle Bypass,19.060444009837074
4929241611,5237485233,B643,B643,Kegalle Bypass,primary,True,50,1,Kegalle Bypass,29.255339998314568
4929241872,4929241873,B643,B643,Kegalle Bypass,primary,False,50,2,Bandaranaike Mawatha,7.491538803759662
4929241872,4929241877,B643,B643,Kegalle Bypass,primary,False,50,2,Bandaranaike Mawatha,27.02327123990005
4929241873,4929241872,B643,B643,Kegalle Bypass,primary,False,50,2,Bandaranaike Mawatha,7.491538803759662
4929241873,3817590031,B643,B643,Kegalle Bypass,primary,False,50,2,Kegalle Bypass,2164.86593160518
4929241877,2584550963,B643,B643,Kegalle Bypass,primary,False,50,2,Bandaranaike Mawatha,789.2063773716517
4929241877,4929241872,B643,B643,Kegalle Bypass,primary,False,50,2,Bandaranaike Mawatha,27.02327123990005
4929241911,4929241932,B643,B643,Kegalle Bypass,primary,True,50,,Sir Francis Molamure Mawatha,6.977074294784111
4929241931,3161365280,B643,B643,Kegalle Bypass,primary,True,50,,Sir Francis Molamure Mawatha,9.351366485606638
4929241932,4929241931,B643,B643,Kegalle Bypass,primary,True,50,,Sir Francis Molamure Mawatha,26.41218924613285
4929242050,3219885917,B643,B643,Kegalle Bypass,primary,True,50,1,Sir Francis Molamure Mawatha,40.672583380957676
4955880071,10170931056,B239,B239,Kottawa - Talagala,primary,False,50,2,Kottawa-Thalagala Road,35.28951049958312
4955880071,10170931060,B239,B239,Kottawa - Talagala,primary,False,50,2,Kottawa-Thalagala Road,35.08731310840109
4987786790,4987786794,B415,B415,Thihagoda - Kamburupitiya - Mawarala - Kotapola,primary,False,60,2,Matara-Kamburupitiya Road,34.682827565185356
4987786790,2165130846,B415,B415,Thihagoda - Kamburupitiya - Mawarala - Kotapola,primary,False,60,2,Matara-Kamburupitiya Road,845.6369884422236
4987786794,4987786790,B415,B415,Thihagoda - Kamburupitiya - Mawarala - Kotapola,primary,False,60,2,Matara-Kamburupitiya Road,34.682827565185356
4987786794,2165105694,B415,B415,Thihagoda - Kamburupitiya - Mawarala - Kotapola,primary,False,60,2,Matara-Kamburupitiya Road,2595.409892154981
4990131983,2055561684,B484,B484,Handungamuwa - Hettipola - Hasalaka,primary,False,60,2,Hettipola-Wasgamuwa Road,15550.393300349715
4996622455,7062428087,B84,B084,Colombo - Horana,primary,True,70,,Colombo - Horana Road,206.26396371834872
4996622511,252537345,B84,B084,Colombo - Horana,primary,True,70,,Colombo - Horana Road,204.4224658241214
5003691358,1213042254,B304,B304,Nagoda - Kalawellawa - Bellapitiya,primary,True,60,2,Nagoda-Kalawellawa-Bellapitiya Road,98.97901068473318
5007247077,5488528980,B469,B469,Welikada - Kohilawatta,primary,True,,,Buthgamuwa Road,24.21328227360713
5007247077,403875117,B469,B469,Welikada - Kohilawatta,primary,False,50,2,Buthgamuwa Road,2936.273115934755
5030096474,2520673118,B577,B577,Belaganwewa Hembarawa Wilgamuwa,primary,False,60,2,Belaganwewa-Wilgamuwa Road,5187.55645547686
5030096474,2018057285,B577,B577,Belaganwewa Hembarawa Wilgamuwa,primary,False,60,2,Belaganwewa-Wilgamuwa Road,85.91285861901878
5037942619,1683151528,B84,B084,Colombo - Horana,primary,True,60,2,Havelock Road,9.607112344854965
5041222126,1933520777,B536,B536,Kamburupitiya - Kirinda,primary,False,60,2,Kamburupitiya-Kirinda Road,1496.4188731786742
5041222126,376774340,B536,B536,Kamburupitiya - Kirinda,primary,False,60,2,Kamburupitiya-Kirinda Road,4332.9219154152
5051771522,5225962163,B609,B609,Hiripitiya - Galtemwewa,secondary,False,50,2,Hiripitiya-Madagalla road,14868.373602576834
5051771525,2024849379,B159,B159,Ibbagamuwa - Kumbukgete - Madagalla,secondary,False,50,,Ibbagamuwa-Kumbukgete-Madagalla Road,12932.988704632762
5051771529,3163960436,B159,B159,Ibbagamuwa - Kumbukgete - Madagalla,secondary,False,50,2,Ibbagamuwa-Kumbukgete-Madagalla Road,7074.761595738025
5052793628,1239690924,B326,B326,Nikaweratiya - Moragollagama - Siyambalangamuwa,secondary,False,60,2,Nikaweratiya - Maho - Madagalla Road,41.178507196560645
5052793628,3597945583,B326,B326,Nikaweratiya - Moragollagama - Siyambalangamuwa,secondary,False,60,2,Nikaweratiya - Maho - Madagalla Road,11356.531019184451
5059861884,11854288255,B36,B036,Badulla - Karametiya - Andaulpotha,primary,False,60,2,Andaulpotha Road,5649.466467902467
5059861884,3760127505,B86,B086,Dambagahapitiya - Pinnagolla - Arawa - Meegahakiula,primary,False,60,2,Dambagahapitiya-Meegahakivula Road,13308.512202447258
5059861884,3548926831,B36,B036,Badulla - Karametiya - Andaulpotha,primary,False,60,2,Andaulpotha Road,4252.944563637051
5064507311,3521419922,B214,B214,Kelaniya - Mudungoda,primary,False,,,Biyagama Road,115.83440722036809
5064507312,5064507311,B214,B214,Kelaniya - Mudungoda,primary,True,60,2,New Kandy Road,9.073790314921794
5064507313,5064507626,B214,B214,Kelaniya - Mudungoda,primary,True,60,2,New Kandy Road,300.1186861949336
5064507314,3521419922,B214,B214,Kelaniya - Mudungoda,primary,False,,,Biyagama Road,116.97909430169622
5064507314,5064507313,B214,B214,Kelaniya - Mudungoda,primary,True,60,2,New Kandy Road,9.434485918634493
5064507626,639127240,B214,B214,Kelaniya - Mudungoda,primary,False,60,2,New Kandy Road,135.90158367805952
5064507626,5064507312,B214,B214,Kelaniya - Mudungoda,primary,True,60,2,New Kandy Road,304.1076175477908
5075907874,9406760943,B112,B112,Elahera - Giritale,secondary,False,50,,Elahera-Giritale Road,155.08919958259798
5075907880,568948707,B112,B112,Elahera - Giritale,secondary,False,50,,Elahera-Giritale Road,8729.617199419565
5075907972,258057404,B615,B615,Dambulla - Bakamuna - Kalagahawela,primary,False,60,2,Dambulla-Bakamuna-Kalagahawela Road,19495.837122377863
5120237603,13624920350,B365,B365,Peradeniya - Halloluwa - Katugastota,primary,False,60,2,Gannoruwa Road,293.2844757583479
5120237603,7094700078,B365,B365,Peradeniya - Halloluwa - Katugastota,primary,False,60,2,Gannoruwa Road,43.041994931511354
5120237603,35436490,B365,B365,Peradeniya - Halloluwa - Katugastota,primary,False,60,2,Gannoruwa Road,38.7022192248244
5120237611,4096475976,B365,B365,Peradeniya - Halloluwa - Katugastota,primary,True,60,4,Gannoruwa Road,534.8242666157697
5120237612,3810927781,B365,B365,Peradeniya - Halloluwa - Katugastota,primary,True,60,4,Gannoruwa Road,377.5097110139383
5120422165,10065277044,B474,B474,Weragantota - Randenigala,primary,False,40,2,Weragantota-Randenigala Road,24709.011427878002
5122515798,13653585411,B644,B644,Kelanimulla-Angoda-Koswatta,primary,False,50,,Sri Sumana Mawatha,29.514634957302185
5126464949,853137780,B437,B437,Vallai - Telippalai - Araly,secondary,False,50,,Vallai Tellippalai Araly Road,2412.9271960627325
5126464959,1245021311,B276,B276,Mathagal - Pandatherippu - Sambiliturai,secondary,False,50,,Mathagal Road,3268.928159891789
5139375451,3088821708,B364,B364,Peradeniya - Deltota - Rikiligaskada,primary,True,50,2,Galaha Road,58.248898851193275
5153458214,1805745150,B445,B445,Veyangoda - Ruwanwella,primary,True,50,1,Nittambuwa-Urapola-Ruwanwella Road,43.49463138821849
5153486356,3745318479,B588,B588,Dedugala Dolosbage,primary,False,50,2,"['Bulathkohupitiya-Dedugala Road', 'Dedugala-Dolosbage Road']",24061.966064294866
5153486356,5153486366,B67,B067,Bulathkohupitiya - Dedugala,primary,False,50,2,Bulathkohupitiya-Dedugala Road,121.52856817591439
5153486366,5153486356,B67,B067,Bulathkohupitiya - Dedugala,primary,False,50,2,Bulathkohupitiya-Dedugala Road,121.52856817591439
5156577884,4137378464,B283,B283,Medawachchiya - Kebitigollewa,secondary,False,50,,Medawachchiya-Kebithigollewa Road,25397.746192380528
5156577886,1881982729,B210,B210,Kebithigollewa New Town Road,secondary,False,50,,Kebitigollewa New Town Road,1004.1569678417385
5157977021,5157977022,B47,B047,Battaramulla - Pannipitiya,primary,True,50,2,Pelawatte Road,28.17042616704
5157977022,6719733698,B47,B047,Battaramulla - Pannipitiya,primary,True,50,2,Pelawatte Road,24.041525124553065
5158364149,1912538681,B469,B469,Welikada - Kohilawatta,primary,True,40,,Buthgamuwa Road,26.647931817245855
5158364156,2083191826,B231,B231,Kolonnawa - Gothatuwa - Angoda,primary,True,40,,Kolonnawa-Angoda Road,24.99176956477898
5159312518,5320624320,B384,B384,Rambukkana - Katupitiya,primary,True,60,1,Main Street,24.034178441283036
5159312518,3777579457,B384,B384,Rambukkana - Katupitiya,primary,False,60,2,Main Street,64.81506409641145
5182773491,5234940060,B37,B037,"Baladaksha Mawatha, Galle",primary,True,40,,Esplanade Road,32.10964568082426
5182773491,138714420,B37,B037,"Baladaksha Mawatha, Galle",primary,False,40,4,Esplanade Road,92.70411689908602
5182838447,1931362427,B130,B130,Galle - Wakwella,primary,True,50,1,Wakwella Road,39.23836553033678
5182838447,50760908,B130,B130,Galle - Wakwella,primary,False,50,2,Wakwella Road,177.67905144665593
5190957525,2043454739,B100,B100,Dikwella - Jangulla - Talpitigala,primary,False,60,2,Ketawala Road,6441.231159355286
5202070937,1796923216,B144,B144,Halwatura Estate Road,primary,False,30,1,Kongastenna Road,991.4173886988907
5202667325,2732633599,B162,B162,Inamaluwa - Sigiriya,primary,False,50,2,Sigiriya Road,60.74742179127044
5216483988,2499283524,B634,B634,Access Road to Peliyagoda Interchange,trunk,True,70,2,Peliyagoda Interchange Access Road,47.79382658268787
5216483996,3780516724,B634,B634,Access Road to Peliyagoda Interchange,trunk,True,70,2,Peliyagoda Interchange Access Road,1878.5618534782066
5217538839,6538031537,B297,B297,Mullaitivu - Kokkilai,secondary,False,50,,Mullaitivu-Kokilai Road,22024.777750707228
5222832213,5222832369,B304,B304,Nagoda - Kalawellawa - Bellapitiya,primary,True,60,2,Nagoda-Kalawellawa-Bellapitiya Road,105.04997624529811
5222832228,5222832359,B304,B304,Nagoda - Kalawellawa - Bellapitiya,primary,True,60,2,Nagoda-Kalawellawa-Bellapitiya Road,403.9100658748876
5222832229,5222832230,B304,B304,Nagoda - Kalawellawa - Bellapitiya,primary,True,60,2,Nagoda-Kalawellawa-Bellapitiya Road,118.04350492406437
5222832230,1213041863,B304,B304,Nagoda - Kalawellawa - Bellapitiya,primary,True,60,2,Nagoda-Kalawellawa-Bellapitiya Road,173.6453893888924
5222832354,1213041924,B304,B304,Nagoda - Kalawellawa - Bellapitiya,primary,True,60,2,Nagoda-Kalawellawa-Bellapitiya Road,112.89954451632273
5222832362,5222832229,B304,B304,Nagoda - Kalawellawa - Bellapitiya,primary,True,60,2,Nagoda-Kalawellawa-Bellapitiya Road,404.80491180874634
5222832372,5003691358,B304,B304,Nagoda - Kalawellawa - Bellapitiya,primary,True,60,2,Nagoda-Kalawellawa-Bellapitiya Road,107.38172676524235
5222832381,5222832213,B304,B304,Nagoda - Kalawellawa - Bellapitiya,primary,True,60,2,Nagoda-Kalawellawa-Bellapitiya Road,62.20082828991466
5222832390,5222832381,B304,B304,Nagoda - Kalawellawa - Bellapitiya,primary,True,60,2,Nagoda-Kalawellawa-Bellapitiya Road,110.90124750719829
5225962162,5225962171,B300,B300,Muttetugala - Hiripitiya,secondary,True,50,,Muttettugala-Hiripitiya Road,37.285072223942116
5225962162,2024988651,B300,B300,Muttetugala - Hiripitiya,secondary,False,50,,Muttettugala-Hiripitiya Road,18427.057609601958
5225962163,5225962180,B609,B609,Hiripitiya - Galtemwewa,secondary,True,50,,Hiripitiya-Madagalla road,17.989597876966336
5225962163,5051771522,B609,B609,Hiripitiya - Galtemwewa,secondary,False,50,2,Hiripitiya-Madagalla road,14868.37360257683
5225962164,5225962167,B478,B478,Wilakatupotha - Ganewattha - Kumbukgete,secondary,True,50,,Wariyapola-Ganewatta-kumbukgete Road,22.90790821122775
5225962164,1247065794,B478,B478,Wilakatupotha - Ganewattha - Kumbukgete,secondary,False,50,2,"['Wariyapola-Ganewatta Road', 'Wariyapola - Ganewatta Road', 'Wariyapola-Ganewatta-kumbukgete Road']",7881.898540624174
5225962166,5225962163,B609,B609,Hiripitiya - Galtemwewa,secondary,True,50,,Hiripitiya-Madagalla road,20.285204488174394
5225962170,5225962164,B478,B478,Wilakatupotha - Ganewattha - Kumbukgete,secondary,True,50,,Wariyapola-Ganewatta-kumbukgete Road,22.76645862480609
5225962178,4445128968,B478,B478,Wilakatupotha - Ganewattha - Kumbukgete,secondary,True,50,,Wariyapola-Ganewatta-kumbukgete Road,28.45710836187895
5229028214,3410071521,B7,B007,Alawatugoda - Ankumbura - Keppetigala,primary,False,50,,Alawatugoda-Ankumbura-Keppetigala Road,11668.968799192928
5229028214,5644584039,B264,B264,Mallawapitiya - Rambodagalla - Keppetigala,"['primary', 'secondary']",False,50,,"['Mallawapitiya-Rambodagalla-Keppetigala Road', 'Alawatugoda-Ankumbura-Keppetigala Road', 'Mallawapitiya - Keppitigala Road']",21038.037002529127
5229420028,2093611084,B213,B213,Kekirawa - Talawa,primary,False,60,,Thalawa Eppawala Road,1028.8471329245158
5229420028,5231755680,B213,B213,Kekirawa - Talawa,primary,False,60,,Thalawa Eppawala Road,47.76634303542729
5231755680,5229420028,B213,B213,Kekirawa - Talawa,primary,False,60,,Thalawa Eppawala Road,47.7663430354273
5231755680,13763979671,B213,B213,Kekirawa - Talawa,primary,False,60,,Thalawa Eppawala Road,2101.199636964574
5233976058,6509057831,B181,B181,Kalawana - Depdene - Rakwana,primary,True,50,1,Kalawana-Depdene-Rakwana Road,8.50208763765532
5233976058,1780055679,B181,B181,Kalawana - Depdene - Rakwana,primary,False,60,2,Kalawana-Depdene-Rakwana Road,46047.0044641353
5233976061,5233980319,B421,B421,Tiruwanaketiya - Agalawatte,primary,False,70,2,Ratnapura Road,4.285232374517241
5233976061,1994703248,B421,B421,Tiruwanaketiya - Agalawatte,primary,False,70,2,Ratnapura Road,4050.36880401495
5233980319,5237375206,B421,B421,Tiruwanaketiya - Agalawatte,primary,False,70,2,Ratnapura Road,11.3783083247917
5233980319,5233976061,B421,B421,Tiruwanaketiya - Agalawatte,primary,False,70,2,Ratnapura Road,4.285232374517241
5234967326,1931363942,B130,B130,Galle - Wakwella,primary,True,50,1,Wakwella Road,22.695398554606648
5237375206,5233980319,B421,B421,Tiruwanaketiya - Agalawatte,primary,False,70,2,Ratnapura Road,11.3783083247917
5237375206,5237438508,B421,B421,Tiruwanaketiya - Agalawatte,primary,False,70,2,Ratnapura Road,21.253856887558072
5237375206,5237438509,B181,B181,Kalawana - Depdene - Rakwana,primary,True,50,1,Kalawana-Depdene-Rakwana Road,25.517488037033168
5237438508,912273614,B421,B421,Tiruwanaketiya - Agalawatte,primary,False,70,2,Ratnapura Road,17107.554920904848
5237438508,5237375206,B421,B421,Tiruwanaketiya - Agalawatte,primary,False,70,2,Ratnapura Road,21.253856887558072
5237438509,5233976058,B181,B181,Kalawana - Depdene - Rakwana,primary,True,50,1,Kalawana-Depdene-Rakwana Road,7.684537271971574
5237448594,5237448596,B240,B240,Batttaramulla - Malabe - Godagama - Padukka - Bope,primary,False,60,2,Kaduwela Road (New Kandy Road),10.833052102976655
5237448594,5239209325,B240,B240,Batttaramulla - Malabe - Godagama - Padukka - Bope,primary,False,60,2,Kaduwela Road (New Kandy Road),27.156303847784542
5237448596,5237448594,B240,B240,Batttaramulla - Malabe - Godagama - Padukka - Bope,primary,False,60,2,Kaduwela Road (New Kandy Road),10.833052102976655
5237448596,621188379,B240,B240,Batttaramulla - Malabe - Godagama - Padukka - Bope,primary,False,60,2,Kaduwela Road (New Kandy Road),45.64228284441458
5237467113,5239209328,B644,B644,Kelanimulla-Angoda-Koswatta,primary,True,50,4,Kalapaluwawa Road,29.011025990863402
5237485234,4929241607,B643,B643,Kegalle Bypass,primary,True,50,1,Kegalle Bypass,30.262884330060395
5239209325,5239209328,B240,B240,Batttaramulla - Malabe - Godagama - Padukka - Bope,primary,False,60,2,Kaduwela Road (New Kandy Road),32.699092146034715
5239209325,5237448594,B240,B240,Batttaramulla - Malabe - Godagama - Padukka - Bope,primary,False,60,2,Kaduwela Road (New Kandy Road),27.156303847784542
5239209328,4817240135,B240,B240,Batttaramulla - Malabe - Godagama - Padukka - Bope,primary,False,60,2,Kaduwela Road (New Kandy Road),6.49123705148325
5239209328,5239209325,B240,B240,Batttaramulla - Malabe - Godagama - Padukka - Bope,primary,False,60,2,Kaduwela Road (New Kandy Road),32.69909214603471
5239569079,5239599858,B15,B015,Ambatenne - Bokkawela - Arambekade,primary,False,50,2,"['Bokkawala Road', 'Bokkawala-Poojapitiya Road']",13147.09745247722
5239599858,5239569079,B15,B015,Ambatenne - Bokkawela - Arambekade,primary,False,50,2,"['Bokkawala Road', 'Bokkawala-Poojapitiya Road']",13147.097452477214
5239599858,1836349723,B15,B015,Ambatenne - Bokkawela - Arambekade,primary,False,50,2,Bokkawala-Poojapitiya Road,22.47725443177128
5245953969,4905293870,B51,B051,Bazzar Street and Edingburgh Street,primary,True,60,2,Suratissa Mawatha,223.53531295304472
5248343437,6548196295,B247,B247,Kurunegala - Narammala - Kuliyapitiya - Madampe,primary,False,60,,Kurunegala-Negombo Road,901.4253535286565
5252242482,6250183891,B149,B149,Hatton - Maskeliya - Dalhousie,primary,True,70,2,Hatton - Maskeliya - Sri Pada Road,34.78410900503288
5258083976,2185127828,B363,B363,Pelawatta - Kankotayawatta - Tinniyawela - Morawaka,primary,False,60,2,Pelawatta-Neluwa Road,29565.129032972134
5258083979,1093799558,B411,B411,Tawalama - Neluwa - Batuwangala,primary,False,50,2,Thawalama-Neluwa Road,7064.843417011661
5258083985,2155827775,B363,B363,Pelawatta - Kankotayawatta - Tinniyawela - Morawaka,primary,False,60,2,Neluwa-Morawaka Road,22868.444015197816
5258083989,2155827769,B411,B411,Tawalama - Neluwa - Batuwangala,primary,False,50,2,Neluwa-Dellawa Road,2325.825953350077
5264919265,3090559903,B222,B222,Kiriella - Nedurana - Eheliyagoda,primary,False,60,2,Kiriella-Nedurana-Eheliyagoda Road,14505.849102286831
5276999751,6513598493,B642,B642,"Access road to Defence Headquarters Pelawatta (From Denzil Kobbekaduwa Mawatha, Koswatta to Defence Headquarters Pelawatta)",primary,True,50,2,Defence Headquarters Access Road,1264.48587641183
5276999759,2974015176,B645,B645,Pelawatta-Akuregoda-Pothuarawa,primary,False,50,"['2', '4']",D.P. Wijesinghe Mawatha,778.1305254640139
5276999759,6513598565,B645,B645,Pelawatta-Akuregoda-Pothuarawa,primary,True,50,2,D.P. Wijesinghe Mawatha,63.974618228873275
5276999774,5276999759,B645,B645,Pelawatta-Akuregoda-Pothuarawa,primary,True,50,2,D.P. Wijesinghe Mawatha,23.11144526071943
5277143310,3731372276,B47,B047,Battaramulla - Pannipitiya,primary,True,40,2,Pannipitiya Road,39.182770148005396
5286754885,10088292097,B56,B056,Bibile - Medagama - Nakkala,primary,False,60,2,Bibile-Medagama-Nakkala Road,2967.061710344718
5289221658,5289221774,B590,B590,Udayagiri Rajamahavihara Road,primary,False,50,2,Udayagiri Raja Maha Viharaya Road,1163.0117269152072
5289221774,5289221658,B590,B590,Udayagiri Rajamahavihara Road,primary,False,50,2,Udayagiri Raja Maha Viharaya Road,1163.0117269152065
5294022980,652615607,B109,B109,"Edmand Mawatha, Galle",primary,False,50,2,H. K. Edmond Mawatha,661.4058594568529
5294022980,1364675869,B109,B109,"Edmand Mawatha, Galle",primary,False,50,2,H. K. Edmond Mawatha,39.93998105378529
5302260374,5302260394,B212,B212,Kekirawa - Ganewelpola,secondary,True,50,,Kekirawa-Ganewalpola Road,9.494869510622022
5302260392,602759923,B212,B212,Kekirawa - Ganewelpola,secondary,True,50,,Kekirawa-Ganewalpola Road,9.339660831351006
5302260394,6294506984,B212,B212,Kekirawa - Ganewelpola,secondary,True,50,,Kekirawa-Ganewalpola Road,44.57699311086568
5315988824,2902943461,B446,B446,Vijitha Road,primary,False,40,,Saranankara Mawatha,91.59926891544093
5316437631,5316437632,B214,B214,Kelaniya - Mudungoda,primary,True,50,1,New Kandy Road,15.678050243978973
5316437631,658424634,B214,B214,Kelaniya - Mudungoda,primary,False,"['60', '50']",2,New Kandy Road,4235.6817282330485
5316437632,5316437634,B214,B214,Kelaniya - Mudungoda,primary,True,50,1,New Kandy Road,21.586055887501704
5316437634,619905141,B214,B214,Kelaniya - Mudungoda,primary,True,50,1,New Kandy Road,9.49010352057726
5320624355,5320624390,B384,B384,Rambukkana - Katupitiya,primary,True,60,2,"['Main Street', 'Kurunegala Road']",276.9678285156388
5320624375,3189672680,B384,B384,Rambukkana - Katupitiya,primary,True,60,2,"['Main Street', 'Kurunegala Road']",276.1025862822931
5320624385,5159312518,B384,B384,Rambukkana - Katupitiya,primary,True,60,1,Main Street,24.397096101691467
5320624392,2362937081,B384,B384,Rambukkana - Katupitiya,primary,False,60,2,Kurunegala Road,628.3140173851084
5320624392,5320624355,B384,B384,Rambukkana - Katupitiya,primary,True,60,2,Kurunegala Road,242.5514901798594
5344838908,257673162,B267,B267,Mampe - Kottawa,primary,True,50,,Piliyandala - Kottawa Road,29.277349058914215
5344838927,3320941718,B639,B639,Piliyandala By Pass,primary,True,70,2,Piliyandala Bypass Road,8.266555767620108
5344838927,3498446858,B367,B367,Piliyandala - Maharagama,primary,True,50,,Piliyandala-Maharagama Road,31.905673150471475
5344838932,5968395016,B367,B367,Piliyandala - Maharagama,primary,True,50,,Piliyandala-Maharagama Road,32.24088413919904
5344838936,3498446842,B367,B367,Piliyandala - Maharagama,primary,True,50,,Piliyandala-Maharagama Road,31.290734421586915
5344838936,5968395016,B639,B639,Piliyandala By Pass,primary,True,70,2,Piliyandala Bypass Road,7.859499814920154
5352135771,5352135783,B214,B214,Kelaniya - Mudungoda,primary,False,,,Biyagama Road,25.124527327989323
5352135771,5352135772,B214,B214,Kelaniya - Mudungoda,primary,False,,,Biyagama Road,27.22726372907595
5352135771,635895564,B214,B214,Kelaniya - Mudungoda,primary,False,,,Biyagama Road,457.0325042775713
5352135772,5352135771,B214,B214,Kelaniya - Mudungoda,primary,False,,,Biyagama Road,27.22726372907595
5352135783,5352135771,B214,B214,Kelaniya - Mudungoda,primary,False,,,Biyagama Road,25.124527327989323
5366204163,619883043,B240,B240,Batttaramulla - Malabe - Godagama - Padukka - Bope,primary,False,50,2,Godagama-Padukka Road,7113.009016239765
5366204208,8626564856,B123,B123,Galagedera - Horana,primary,False,50,,Galagedara - Padukka Road,52.20616760451587
5366204208,8626564856,B123,B123,Galagedera - Horana,secondary,False,50,,Galagedara - Padukka Road,56.1293789213953
5366204208,129607365,B123,B123,Galagedera - Horana,primary,False,50,,Galagedara - Padukka Road,40.6839968295766
5369721906,3619696818,B369,B369,Pitiyagedera - Wattegama - Iriyagastenne,primary,False,50,2,Wattegama Road,1907.9660722366707
5369721906,3856554872,B369,B369,Pitiyagedera - Wattegama - Iriyagastenne,primary,False,50,2,Wattegama Road,400.3910882980753
5369721906,3616502607,B242,B242,Kudugala - Wattegama,primary,False,50,2,Kudugala-Wattegama Road,11774.512648944848
5373596576,4860202575,B84,B084,Colombo - Horana,primary,True,50,1,Colombo-Piliyandala-Horana Road,10.388393494040036
5373596576,5373596579,B134,B134,Gangodawila - Boralesgamuwa,primary,True,50,,Old Kesbawa Road,25.867302924126946
5373596579,250734844,B134,B134,Gangodawila - Boralesgamuwa,primary,True,50,,Old Kesbawa Road,8.344421615616536
5375634189,13664742979,B551,B551,Luvi Peris Mawatha,secondary,False,50,,Louis Peiris Mawatha,789.6903215845937
5375634189,257926316,B195,B195,Kandy - Kirimetiya,primary,False,50,2,Sangaraja Mawatha,146.63008105703068
5375634189,3422963193,B195,B195,Kandy - Kirimetiya,"['primary', 'trunk']",False,"['70', '60', '50']",2,"['Anagarika Dharmapala Mawatha', 'Weera Madduma Bandara Mawatha', 'Sangaraja Mawatha']",1167.4994296965829
5456686498,2017536573,B309,B309,Narandeniya - Hakmana,primary,False,50,2,Narandeniya-Hakmana Road,6382.832396358327
5456686498,1933502385,B309,B309,Narandeniya - Hakmana,primary,False,50,2,Narandeniya-Hakmana Road,2820.4598715847924
5488683288,662848124,B62,B062,Borella - Rajagiriya (CMC Limits to Filling Station - Rajagiriya),primary,True,,2,Cotta Road,47.10394435845161
5488683288,3896044935,B62,B062,Borella - Rajagiriya (CMC Limits to Filling Station - Rajagiriya),primary,True,60,2,Old Kotte Road,57.80183840716702
5507303478,5677985213,B583,B583,Mawanella By Pass,primary,False,60,2,New Kandy Road,13.832772453851337
5507303478,10578430168,B583,B583,Mawanella By Pass,primary,False,60,2,New Kandy Road,526.3518944628511
5519615353,4914548524,B423,B423,Tonigala - Kalawewa - Galewela,primary,False,60,2,Tonigala-Kalawewa Road,5074.415970979471
5519615353,13763979653,B423,B423,Tonigala - Kalawewa - Galewela,primary,False,60,2,Tonigala-Kalawewa Road,47.67170289823068
5519615353,13763979671,B213,B213,Kekirawa - Talawa,primary,False,60,,Thalawa Eppawala Road,47.137486577698105
5519615353,3336273931,B213,B213,Kekirawa - Talawa,primary,False,60,,Thalawa Eppawala Road,5509.039663200469
5522105422,853165390,B315,B315,Navanturai - Oddumadam,secondary,False,50,,Navanturai - Oddumadam,1124.2066893647777
5523265726,1668906598,B240,B240,Batttaramulla - Malabe - Godagama - Padukka - Bope,primary,True,60,2,Main Street (New Kandy Road),11.59002561271651
5526678658,3803918467,B305,B305,Nallur - Oddumadam,secondary,False,40,2,Main Road,42.717899093136324
5537436827,3137149149,B26,B026,Approach Road to Midford Power House,primary,False,40,2,Approach Road to Wimalasurendra Power House,1003.6339027900513
5547928141,570766414,B385,B385,Rambukkana - Mawanella,primary,False,60,2,Rambukkana-Mawanella Road,2965.391615454259
5547928141,10578430168,B385,B385,Rambukkana - Mawanella,primary,False,60,2,Rambukkana-Mawanella Road,11829.477697982964
5547928141,3586058703,B122,B122,Galagedara - Rambukkana,primary,False,50,2,Galagedara-Rambukkana Road,18071.37362108664
5549855445,1285521745,B168,B168,Kadawata - Ragama - Welisara,primary,True,40,,Main Street,20.967081547581675
5559025440,5559025441,B58,B058,Biyanwila - Ganemulla,primary,False,,,Kadawatha-Ganemulla Road,23.985874779744616
5559025440,3477921642,B58,B058,Biyanwila - Ganemulla,primary,False,,,Kadawatha-Ganemulla Road,23.957002564975852
5559025440,2966142485,B58,B058,Biyanwila - Ganemulla,primary,False,,,Kadawatha-Ganemulla Road,203.28774896275795
5559025441,5559025440,B58,B058,Biyanwila - Ganemulla,primary,False,,,Kadawatha-Ganemulla Road,23.985874779744616
5559025442,3477921644,B58,B058,Biyanwila - Ganemulla,primary,False,,,Kadawatha-Ganemulla Road,20.76605531084671
5559025442,3808444503,B58,B058,Biyanwila - Ganemulla,primary,False,,,Kadawatha-Ganemulla Road,20.830787503869544
5559025442,667524408,B226,B226,Kirindiwita - Ganemulla,primary,False,50,2,"['Kadawatha-Ganemulla Road', 'Main Street']",7896.071565391137
5559025503,1840750859,B168,B168,Kadawata - Ragama - Welisara,primary,False,,,,34.535698036206895
5559025764,3345099186,B168,B168,Kadawata - Ragama - Welisara,primary,False,70,2,Ragama-Kadawatha Road,14.03840997239628
5559025764,3345099189,B168,B168,Kadawata - Ragama - Welisara,primary,False,"['70', '60']",2,Ragama-Kadawatha Road,29.884445871815377
5578290005,1974713646,B498,B498,Barrier Junction - Girandura Kotte,primary,False,60,2,Barrier Junction-Girandurukotte Road,7136.846327211944
5578290005,5578290006,B498,B498,Barrier Junction - Girandura Kotte,primary,True,50,1,Barrier Junction-Girandurukotte Road,21.61974412957493
5578290006,1974713604,B497,B497,51st Mile post - Ulhitiyawa,primary,False,60,2,51st Mile Post-Ulhitiyawa Road,16.64237793879943
5578290006,1974719542,B497,B497,51st Mile post - Ulhitiyawa,"['primary', 'secondary']",False,"['60', '50']",2,"['Pahala Ratkinda-Ulhitiya Road', 'Pahala Ratkinda-Diyawiddagama Road', 'Captain P. K. A. Jayathilike Mawatha', '51st Mile Post-Ulhitiyawa Road']",15198.949612310033
5619440825,3215623441,B25,B025,Approach Road to Laxapana Power House,primary,False,50,2,Laxapana Power House Road,1103.5887854533912
5635855093,1728748206,B52,B052,"Bazzar Street, Vavuniya",secondary,True,50,,Bazzar Street,108.31721835323549
5635855093,7085697358,B52,B052,"Bazzar Street, Vavuniya",secondary,False,50,,Bazzar Street,301.621355487261
5644584039,618609526,B264,B264,Mallawapitiya - Rambodagalla - Keppetigala,secondary,False,50,2,Mallawapitiya - Keppitigala Road,9267.698664127593
5644584039,3069813661,B393,B393,Ridigama - Liniwehera,secondary,False,50,,Ridigama - Lihiniwehera Road,2052.269880975097
5644584039,5229028214,B264,B264,Mallawapitiya - Rambodagalla - Keppetigala,"['secondary', 'primary']",False,50,,"['Mallawapitiya - Keppitigala Road', 'Mallawapitiya-Rambodagalla-Keppetigala Road', 'Alawatugoda-Ankumbura-Keppetigala Road']",21038.037002529163
5648828411,2052447109,B165,B165,Kachcheri Beach Fort Road,secondary,False,50,,Beach Road,519.751564067992
5648828412,2052447115,B165,B165,Kachcheri Beach Fort Road,secondary,False,50,,Beach Road,611.550804029382
5677985213,3226224942,B583,B583,Mawanella By Pass,primary,False,60,2,New Kandy Road,10.52020892371416
5677985213,5507303478,B583,B583,Mawanella By Pass,primary,False,60,2,New Kandy Road,13.832772453851337
5693657962,4004597816,B518,B518,Sangaraja Mawatha - Kandy,primary,True,50,2,Sangaraja Mawatha,200.63594459926054
5750995617,2093610059,B19,B019,Anamaduwa - Uswewa - Galgamuwa,primary,False,70,2,Anamaduwa - Uswewa - Galgamuwa Road,1376.7658617218497
5750995617,2093609890,B19,B019,Anamaduwa - Uswewa - Galgamuwa,primary,False,70,2,Anamaduwa - Uswewa - Galgamuwa Road,8510.960092664105
5773844872,637858647,B221,B221,"Kiribathgoda - Oil Refinery, Sapugaskande",primary,False,50,,Kiribathgoda-Makola-Sapugaskanda Road,841.1709175261278
5773844872,621126052,B221,B221,"Kiribathgoda - Oil Refinery, Sapugaskande",primary,False,50,,Kiribathgoda-Makola-Sapugaskanda Road,20.40144923732972
5774134687,6538140524,B296,B296,Puliyankulam-Mullaittivu,secondary,True,50,,Puliyankulam-Mullaittivu,46.501597235209495
5774134687,1457319623,B296,B296,Puliyankulam-Mullaittivu,secondary,False,50,,"['Puliyankulam-Mullaittivu', 'Puliyankulam Road', 'Mullaitivu-Puliyankulam Road']",42646.571508415866
5847955549,3199620297,B170,B170,Kadduwan - Mallakam - Chankanai,secondary,False,40,,Kadduvan Mallakam Chankanai road,3583.3528697618617
5847955549,854024183,B170,B170,Kadduwan - Mallakam - Chankanai,secondary,False,40,,Kadduvan Mallakam Chankanai road,4532.213978243628
5904560300,4446651438,B598,B598,Seeduwa Katunayake,primary,False,,,Baseline Road,27.4157441270917
5944495992,1239442870,B308,B308,Narammala - Dankotuwa,primary,False,60,2,Kurunegala-Negombo Road,1626.3533621452032
5944495992,6547922794,B308,B308,Narammala - Dankotuwa,primary,True,60,,Kurunegala-Negombo Road,260.76749656855026
5968325062,5968393656,B267,B267,Mampe - Kottawa,primary,True,50,,Piliyandala - Kottawa Road,22.118357721078116
5968326761,3498455036,B639,B639,Piliyandala By Pass,primary,True,70,2,Piliyandala Bypass Road,7.50208945462857
5968326761,5344838908,B267,B267,Mampe - Kottawa,primary,True,50,,Piliyandala - Kottawa Road,33.82900637507957
5968356282,3320941892,B639,B639,Piliyandala By Pass,primary,True,70,2,Piliyandala Bypass Road,378.91610025615904
5968372641,5968372655,B639,B639,Piliyandala By Pass,primary,True,70,2,Piliyandala Bypass Road,166.6516557858748
5968372655,5968372656,B639,B639,Piliyandala By Pass,primary,True,70,2,Piliyandala Bypass Road,16.850958630530045
5968372656,5968372677,B639,B639,Piliyandala By Pass,primary,True,70,2,Piliyandala Bypass Road,364.05302401204324
5968372677,5968372697,B639,B639,Piliyandala By Pass,primary,True,70,2,Piliyandala Bypass Road,372.9709818557872
5968372697,5968393657,B639,B639,Piliyandala By Pass,primary,True,70,,Piliyandala Bypass Road,31.23358379410928
5968372698,3498479737,B84,B084,Colombo - Horana,primary,True,60,2,Colombo - Horana Road,13.04919225692935
5968372698,5968372641,B639,B639,Piliyandala By Pass,primary,True,70,2,Piliyandala Bypass Road,32.412934886371076
5968393656,5968326761,B267,B267,Mampe - Kottawa,primary,True,50,,Piliyandala - Kottawa Road,9.288379931683451
5968393656,3498455050,B639,B639,Piliyandala By Pass,primary,True,70,2,Piliyandala Bypass Road,31.91819740380953
5968393657,3498455040,B267,B267,Mampe - Kottawa,primary,True,50,,Piliyandala - Kottawa Road,21.346342514799122
5968393657,5968393656,B639,B639,Piliyandala By Pass,primary,True,70,2,Piliyandala Bypass Road,7.443592132691395
5968395016,5344838927,B367,B367,Piliyandala - Maharagama,primary,True,50,,Piliyandala-Maharagama Road,10.63161251225437
5968395016,3320941671,B639,B639,Piliyandala By Pass,primary,True,70,2,Piliyandala Bypass Road,29.197452581703377
5974119999,567004763,B515,B515,Road Parallel to halpanu Ela,secondary,False,40,,Halpanu Ela Left Bank Road,35.39109876076309
5974119999,567004704,B515,B515,Road Parallel to halpanu Ela,secondary,False,40,,Halpanu Ela Left Bank Road,1068.0056139218366
5997069098,2906800106,B175,B175,Kahambiliyagoda - Suriyagoda,secondary,False,40,2,"['Kahambiliyagoda Road', 'Elpitiya-Pituwala-Kahaduwa Road']",134.25465657413247
6006772893,642867474,B335,B335,"Old Bazaar Road, Maharagama",primary,True,"['60', '50']",,Old Road,61.84719680268602
6017749566,3237492302,B6,B006,Alakolanga - Pottepitiya,primary,False,50,2,"['Danture Road', 'Main Street', 'Pilimatalawa-Pottepitiya Road', 'Pilimatalawa Bridge']",8742.48433710825
6017749566,3226275220,B173,B173,Kadugannawa - Pottepitiya,primary,False,50,2,Kadugannawa-Pottepitiya Road,7269.774530479183
6021413404,2906794382,B14,B014,Ambalangoda - Elpitiya - Pitigala,primary,False,70,2,Ambalangoda-Elpitiya-Pitigala Road,3122.758290387736
6021413404,1638891066,B14,B014,Ambalangoda - Elpitiya - Pitigala,primary,True,70,2,Ambalangoda-Elpitiya-Pitigala Road,133.6537528922853
6038408772,6038408773,B527,B527,Bibile - Pitakumbura - Namal Oya - Inginiyagala,primary,True,40,1,Bibile-Pitakumbura-Namal Oya-Inginiyagala Road,61.10316369307116
6038408772,3801712230,B527,B527,Bibile - Pitakumbura - Namal Oya - Inginiyagala,primary,False,60,2,Bibile-Pitakumbura-Namal Oya-Inginiyagala Road,955.1012431094761
6038408773,6038408772,B527,B527,Bibile - Pitakumbura - Namal Oya - Inginiyagala,primary,True,40,1,Bibile-Pitakumbura-Namal Oya-Inginiyagala Road,66.81976795688405
6038408773,2055607563,B527,B527,Bibile - Pitakumbura - Namal Oya - Inginiyagala,primary,False,60,2,Bibile-Pitakumbura-Namal Oya-Inginiyagala Road,42384.380256407276
6052926623,1886444856,B211,B211,Kebithigollewa - Padaviya,secondary,True,50,,Kebitigollewa-Padaviya Road,30.694986197971215
6052926629,1886444803,B343,B343,Padaviya - Parakrama Pura (Bandaranayake Mawatha),secondary,True,50,,Bandaranayake Mawatha,30.73058254004188
6130189220,8865864663,B550,B550,Dharmashoka Mawatha,primary,True,50,,Dharmashoka Mawatha,16.03128520309948
6130189220,3805786089,B550,B550,Dharmashoka Mawatha,primary,False,50,,Dharmashoka Mawatha,4.153066213263588
6209749472,1239558969,B9,B009,Alawwa - Maharagama,primary,False,50,,Giriulla - Alawwa Road,504.21110607299806
6230885416,10219043288,B62,B062,Borella - Rajagiriya (CMC Limits to Filling Station - Rajagiriya),primary,True,60,2,Cotta Road,42.30383817660683
6233687374,4897028998,B331,B331,Nuwara Eliya Town Road,primary,True,50,2,Old Kandy Road,43.85215900911805
6233687374,49371992,B331,B331,Nuwara Eliya Town Road,primary,False,50,2,Bandaranaike Mawatha,220.94766448635426
6247562214,3377606381,B562,B562,Mirijjawila Sooriyawewa,primary,True,60,2,Mirijjawila-Sooriyawewa Road,475.9917872486389
6247562215,6247562238,B562,B562,Mirijjawila Sooriyawewa,primary,True,60,2,Mirijjawila-Sooriyawewa Road,549.5214885273303
6247562238,6247562240,B562,B562,Mirijjawila Sooriyawewa,primary,True,60,2,Mirijjawila-Sooriyawewa Road,109.06230162229005
6247562239,6247562214,B562,B562,Mirijjawila Sooriyawewa,primary,True,60,2,Mirijjawila-Sooriyawewa Road,547.8931592505825
6247562240,6247562243,B562,B562,Mirijjawila Sooriyawewa,primary,True,60,2,Mirijjawila-Sooriyawewa Road,134.70179390598545
6247562241,6247562239,B562,B562,Mirijjawila Sooriyawewa,primary,True,60,2,Mirijjawila-Sooriyawewa Road,109.06598430516333
6247562243,6247562246,B562,B562,Mirijjawila Sooriyawewa,primary,True,60,2,Mirijjawila-Sooriyawewa Road,289.7069850869334
6247562244,6247562241,B562,B562,Mirijjawila Sooriyawewa,primary,True,60,2,Mirijjawila-Sooriyawewa Road,134.39783748213898
6247562246,1638915009,B562,B562,Mirijjawila Sooriyawewa,primary,True,60,2,Mirijjawila-Sooriyawewa Road,351.5649296750074
6247562247,6247562244,B562,B562,Mirijjawila Sooriyawewa,primary,True,60,2,Mirijjawila-Sooriyawewa Road,290.02302676473954
6247858271,6247858275,B562,B562,Mirijjawila Sooriyawewa,primary,True,60,2,Mirijjawila-Sooriyawewa Road,958.5287131551393
6247858275,610944481,B562,B562,Mirijjawila Sooriyawewa,primary,True,60,2,Mirijjawila-Sooriyawewa Road,182.6200645156385
6247858276,3669636249,B562,B562,Mirijjawila Sooriyawewa,primary,True,60,2,Mirijjawila-Sooriyawewa Road,125.03453213642013
6247858277,6247858278,B562,B562,Mirijjawila Sooriyawewa,primary,True,60,2,Mirijjawila-Sooriyawewa Road,149.38076293247357
6247858278,6247858280,B562,B562,Mirijjawila Sooriyawewa,primary,True,60,2,Mirijjawila-Sooriyawewa Road,331.5653064172026
6247858279,3669636248,B562,B562,Mirijjawila Sooriyawewa,primary,True,60,2,Mirijjawila-Sooriyawewa Road,331.36897858107415
6247858280,2404060916,B562,B562,Mirijjawila Sooriyawewa,primary,True,60,2,Mirijjawila-Sooriyawewa Road,1789.350390956697
6247997831,6247997836,B562,B562,Mirijjawila Sooriyawewa,primary,True,60,2,Mirijjawila-Sooriyawewa Road,974.3404423265415
6247997832,6252393552,B562,B562,Mirijjawila Sooriyawewa,primary,True,60,2,Mirijjawila-Sooriyawewa Road,2140.5728010517723
6247997833,6247997832,B562,B562,Mirijjawila Sooriyawewa,primary,True,60,2,Mirijjawila-Sooriyawewa Road,972.6291961697057
6247997836,6247997837,B562,B562,Mirijjawila Sooriyawewa,primary,True,60,2,Mirijjawila-Sooriyawewa Road,407.19739595931253
6247997837,6247858271,B562,B562,Mirijjawila Sooriyawewa,primary,True,60,2,Mirijjawila-Sooriyawewa Road,1719.126660003975
6248011210,41607686,B251,B251,Lewaya Road,primary,True,60,2,Lewaya Road,62.81142974184693
6249854572,6249854581,B548,B548,Ranna Angunakolapelessa Vatiya,primary,True,60,1,Angunakolapelessa Road,205.62938267370984
6249854577,3634797493,B622,B622,Hungama - Thalawa - Middeniya,primary,False,60,2,Angunakolapelessa-Middeniya Road,559.4400939170853
6249854577,13714592717,B622,B622,Hungama - Thalawa - Middeniya,primary,True,60,2,Hungama-Angunukolapelessa Road,26.86443697832962
6249854579,1428665347,B548,B548,Ranna Angunakolapelessa Vatiya,primary,False,50,2,Angunakolapelessa-Embilipitiya Road,7891.052955092026
6249854579,6249854572,B548,B548,Ranna Angunakolapelessa Vatiya,primary,True,60,1,Angunakolapelessa-Embilipitiya Road,29.165938477261726
6249854581,1428650261,B548,B548,Ranna Angunakolapelessa Vatiya,primary,True,60,1,Angunakolapelessa Road,85.69974765942732
6249854582,3699456789,B548,B548,Ranna Angunakolapelessa Vatiya,primary,True,60,1,Angunakolapelessa Road,206.61278981301857
6249855389,1818583243,B622,B622,Hungama - Thalawa - Middeniya,primary,True,60,2,Hungama-Angunukolapelessa Road,886.0970904500405
6250183891,1186240418,B149,B149,Hatton - Maskeliya - Dalhousie,primary,False,60,2,Hatton-Maskeliya-Sri Pada Road,1032.2224851361275
6250183891,5252242493,B149,B149,Hatton - Maskeliya - Dalhousie,primary,True,70,2,Hatton - Maskeliya - Sri Pada Road,37.12686974181643
6250326150,6250326149,B403,B403,South Coast Road (Thallady - Arrippu - Marrichchkadai),primary,True,,,,33.02729506809314
6250326150,6250339117,B403,B403,South Coast Road (Thallady - Arrippu - Marrichchkadai),primary,False,60,2,Talladi-Arippu-Marichchukkaddi Road,7096.683123620064
6250326151,6250326150,B403,B403,South Coast Road (Thallady - Arrippu - Marrichchkadai),primary,True,,,,33.570791943637126
6250326162,1732626427,B403,B403,South Coast Road (Thallady - Arrippu - Marrichchkadai),primary,False,60,,Talladi-Arippu-Marichchukkaddi Road,12711.935144732308
6250326162,6250326159,B403,B403,South Coast Road (Thallady - Arrippu - Marrichchkadai),primary,True,,,,62.948370778665634
6250326164,6250326162,B403,B403,South Coast Road (Thallady - Arrippu - Marrichchkadai),primary,True,,,,58.317859956190276
6250328435,1732626427,B403,B403,South Coast Road (Thallady - Arrippu - Marrichchkadai),primary,True,,,,40.13076472802475
6250339117,6250326150,B403,B403,South Coast Road (Thallady - Arrippu - Marrichchkadai),primary,False,60,2,Talladi-Arippu-Marichchukkaddi Road,7096.683123620064
6251962520,610944465,B563,B563,Sooriyawewa Padalangala,primary_link,False,50,2,Suriyawewa Road,7.350888545613507
6251962520,6252038712,B562,B562,Mirijjawila Sooriyawewa,primary,True,60,2,Mirijjawila-Sooriyawewa Road,51.03933041018118
6251962524,1723290053,B587,B587,Sooriyawewa Hathporuwa Moraketiya,primary,False,50,2,Embilipitiya Road,12198.218676901999
6251962524,13716601407,B587,B587,Sooriyawewa Hathporuwa Moraketiya,primary,True,70,2,Embilipitiya Road,9.039113481703108
6251993878,610944465,B562,B562,Mirijjawila Sooriyawewa,primary,True,60,2,Mirijjawila-Sooriyawewa Road,49.24546301223368
6252038693,6252038706,B562,B562,Mirijjawila Sooriyawewa,primary,True,60,2,Mirijjawila-Sooriyawewa Road,2139.550407447079
6252038705,6252038760,B562,B562,Mirijjawila Sooriyawewa,primary,True,60,2,Mirijjawila-Sooriyawewa Road,2143.581420209541
6252038706,6252038708,B562,B562,Mirijjawila Sooriyawewa,primary,True,60,2,Mirijjawila-Sooriyawewa Road,133.5492789648689
6252038707,6252038705,B562,B562,Mirijjawila Sooriyawewa,primary,True,60,2,Mirijjawila-Sooriyawewa Road,130.56580977373065
6252038708,610944464,B562,B562,Mirijjawila Sooriyawewa,primary,True,60,2,Mirijjawila-Sooriyawewa Road,2154.1209241967304
6252038712,6252038714,B562,B562,Mirijjawila Sooriyawewa,primary,True,60,2,Mirijjawila-Sooriyawewa Road,163.13223855174425
6252038714,6252038707,B562,B562,Mirijjawila Sooriyawewa,primary,True,60,2,Mirijjawila-Sooriyawewa Road,2146.2518791755397
6252038760,6252393581,B562,B562,Mirijjawila Sooriyawewa,primary,True,60,2,Mirijjawila-Sooriyawewa Road,972.8780885883444
6252393551,6247997831,B562,B562,Mirijjawila Sooriyawewa,primary,True,60,2,Mirijjawila-Sooriyawewa Road,2136.728020785026
6252393552,6252393563,B562,B562,Mirijjawila Sooriyawewa,primary,True,60,2,Mirijjawila-Sooriyawewa Road,2201.6687689619507
6252393562,6252393551,B562,B562,Mirijjawila Sooriyawewa,primary,True,60,2,Mirijjawila-Sooriyawewa Road,2208.8748332196733
6252393563,6252393569,B562,B562,Mirijjawila Sooriyawewa,primary,True,60,2,Mirijjawila-Sooriyawewa Road,372.7442298738206
6252393568,6252393562,B562,B562,Mirijjawila Sooriyawewa,primary,True,60,2,Mirijjawila-Sooriyawewa Road,372.5715374740667
6252393569,6252393580,B562,B562,Mirijjawila Sooriyawewa,primary,True,60,2,Mirijjawila-Sooriyawewa Road,1493.4001079415893
6252393579,6252393568,B562,B562,Mirijjawila Sooriyawewa,primary,True,60,2,Mirijjawila-Sooriyawewa Road,1492.3533005350023
6252393580,6252393582,B562,B562,Mirijjawila Sooriyawewa,primary,True,60,2,Mirijjawila-Sooriyawewa Road,345.4249856621675
6252393581,6252393579,B562,B562,Mirijjawila Sooriyawewa,primary,True,60,2,Mirijjawila-Sooriyawewa Road,345.43038055085304
6252393582,6252038693,B562,B562,Mirijjawila Sooriyawewa,primary,True,60,2,Mirijjawila-Sooriyawewa Road,975.397895584777
6260211180,9565070865,B84,B084,Colombo - Horana,primary,True,60,2,Havelock Road,483.7726149451891
6260384150,208541289,B84,B084,Colombo - Horana,primary,True,60,2,Colombo-Piliyandala-Horana Road,36.831893625450476
6260384155,1737485408,B389,B389,Ratmalana - Mirihana,primary,False,50,2,Pepiliyana Road,29.46880530084832
6260384155,6260384156,B389,B389,Ratmalana - Mirihana,primary,False,50,2,Pepiliyana Road,3.74980084040471
6260384156,6260384155,B389,B389,Ratmalana - Mirihana,primary,False,50,2,Pepiliyana Road,3.74980084040471
6260384156,1737436593,B389,B389,Ratmalana - Mirihana,primary,False,50,2,Pepiliyana Road,663.5527775514876
6260384161,1737485408,B84,B084,Colombo - Horana,primary,True,50,1,Colombo-Piliyandala-Horana Road,37.51489672060033
6260384168,6260384173,B389,B389,Ratmalana - Mirihana,primary,False,50,2,Pepiliyana Road,3.011404974466713
6260384168,256664026,B389,B389,Ratmalana - Mirihana,primary,False,50,2,Pepiliyana Road,27.32539578621904
6260384173,6260384168,B389,B389,Ratmalana - Mirihana,primary,False,50,2,Pepiliyana Road,3.011404974466713
6260384173,9959089701,B389,B389,Ratmalana - Mirihana,primary,False,50,2,Pepiliyana Road,1211.4565203104498
6260398862,12322046179,B208,B208,Katunayake - Veyangoda,primary,False,,,Katunayake-Veyangoda Road,1097.5823170274518
6292190465,6292190479,B239,B239,Kottawa - Talagala,primary,True,50,2,Kottawa - Horana Road,8.666480479256645
6292190472,6292190465,B239,B239,Kottawa - Talagala,primary,True,40,2,,33.10304282549186
6292190479,252537410,B239,B239,Kottawa - Talagala,primary,False,50,2,Kottawa - Horana Road,896.4153810013164
6292190479,5969036508,B239,B239,Kottawa - Talagala,primary,True,40,2,Kottawa - Horana Road,52.92842419194881
6292190587,3109024823,B239,B239,Kottawa - Talagala,primary_link,True,50,2,Kottawa - Horana Road,45.8507882462119
6294406153,6294406154,B304,B304,Nagoda - Kalawellawa - Bellapitiya,primary,False,60,2,Nagoda-Kalawellawa-Bellapitiya Road,24.429722459090158
6294406153,6294540737,B304,B304,Nagoda - Kalawellawa - Bellapitiya,primary,False,60,2,Nagoda-Kalawellawa-Bellapitiya Road,5844.112360461231
6294406154,560221118,B421,B421,Tiruwanaketiya - Agalawatte,primary,True,60,1,Ratnapura Road,29.413200007813213
6294406154,1213041863,B304,B304,Nagoda - Kalawellawa - Bellapitiya,primary,False,60,2,Nagoda-Kalawellawa-Bellapitiya Road,14589.691892009248
6294406154,6294406153,B304,B304,Nagoda - Kalawellawa - Bellapitiya,primary,False,60,2,Nagoda-Kalawellawa-Bellapitiya Road,24.429722459090158
6294506984,5302260392,B212,B212,Kekirawa - Ganewelpola,secondary,True,50,,Kekirawa-Ganewalpola Road,44.88783204249893
6294506984,567011837,B212,B212,Kekirawa - Ganewelpola,secondary,False,50,,Kekirawa-Ganewalpola Road,6923.599735139639
6294540737,6294406153,B304,B304,Nagoda - Kalawellawa - Bellapitiya,primary,False,60,2,Nagoda-Kalawellawa-Bellapitiya Road,5844.112360461228
6294540737,7182955395,B304,B304,Nagoda - Kalawellawa - Bellapitiya,primary,True,60,,Nagoda-Kalawellawa-Bellapitiya Road,27.497532148747904
6294540738,6294540735,B304,B304,Nagoda - Kalawellawa - Bellapitiya,primary,True,60,,Nagoda-Kalawellawa-Bellapitiya Road,38.35839272499397
6294540738,1969450599,B304,B304,Nagoda - Kalawellawa - Bellapitiya,primary,False,60,2,Nagoda-Kalawellawa-Bellapitiya Road,5274.356383349516
6294540739,7182955398,B157,B157,Horana - Anguruwatota - Aluthgama,primary,True,60,,Horana Road,40.12620182460918
6294540739,445270465,B157,B157,Horana - Anguruwatota - Aluthgama,primary,False,50,2,Horana Road,9149.109495852743
6322017693,60797926,B61,B061,Boossa - Hegoda,primary,False,50,2,"['Racecourse Road', 'Kendala Road']",2409.509566796853
6388461497,60797439,B547,B547,Kawdana Attidiya,primary,False,50,,Kawdana Road,8.30307919706129
6488496079,6488496081,B337,B337,"Old Road, Kattankudy",primary,False,60,2,Old Kalmunai Road,18.865658542208546
6488496079,13740014576,B337,B337,"Old Road, Kattankudy",primary,False,60,2,Old Kalmunai Road,19.331949994813446
6488496079,3619937663,B337,B337,"Old Road, Kattankudy",primary,False,60,2,Old Kalmunai Road,7206.944773497352
6488496081,6488496079,B337,B337,"Old Road, Kattankudy",primary,False,60,2,Old Kalmunai Road,18.865658542208546
6492863072,3081634085,B594,B594,Galle Port Access,primary,True,70,2,Galle Port Access Road,1291.6599286617045
6492863084,6492867599,B594,B594,Galle Port Access,primary,True,70,2,Galle Port Access Road,19.18306060109863
6492867591,1660133452,B594,B594,Galle Port Access,primary,True,70,1,Galle Port Access Road,76.13854672446001
6492867598,6492863072,B594,B594,Galle Port Access,primary,True,70,2,Galle Port Access Road,21.17452773990011
6492867599,6492867598,B594,B594,Galle Port Access,primary,True,70,2,Galle Port Access Road,10.607268640248499
6495360827,2078968896,B46,B046,Bar Road - Batticaloa,primary,False,60,2,Bar Road,242.95505864617795
6495360827,6495360824,B46,B046,Bar Road - Batticaloa,primary,True,60,,Bar Road,23.966070080572827
6495398268,1899261813,B542,B542,Lady Manning Drive,primary,False,50,2,Lady Manning’s Drive,18.18215567860863
6495398269,1899261813,B542,B542,Lady Manning Drive,primary,False,50,2,Lady Manning’s Drive,22.629808052885256
6495926129,1474795689,B419,B419,Thoppu - Madampe,primary,True,60,2,Thoppuwa-Nattandiya-Madampe Road,51.71598257802274
6507179285,5225962162,B300,B300,Muttetugala - Hiripitiya,secondary,True,50,,Muttettugala-Hiripitiya Road,34.816933978762464
6509057831,5233980319,B181,B181,Kalawana - Depdene - Rakwana,primary,True,50,1,Kalawana-Depdene-Rakwana Road,18.91094482409145
6509196204,257927955,B70,B070,By pass road via Asgiriya,primary,True,50,2,Gedige Vihara Mawatha,66.9243390737768
6509381792,6509381798,B111,B111,Ekala - Kotadeniyawa,primary,True,50,,Ekala-Kotadeniyawa Road,36.01978121153452
6509381794,6509381795,B111,B111,Ekala - Kotadeniyawa,primary,False,,,Ekala-Kotadeniyawa Road,24.26458563054108
6509381795,3197040794,B111,B111,Ekala - Kotadeniyawa,primary,False,,,Ekala-Kotadeniyawa Road,27.36233060396227
6509381795,667547394,B111,B111,Ekala - Kotadeniyawa,primary,False,,,Ekala-Kotadeniyawa Road,5104.293134176758
6509381795,6509381794,B111,B111,Ekala - Kotadeniyawa,primary,False,,,Ekala-Kotadeniyawa Road,24.26458563054108
6509381797,2703675514,B324,B324,Negombo - Mirigama,primary,True,50,,Negombo-Mirigama Road,30.170150856598944
6509381797,638945897,B324,B324,Negombo - Mirigama,primary,False,50,,Negombo-Mirigama Road,576.1044100478824
6509381798,6509381791,B111,B111,Ekala - Kotadeniyawa,primary,True,50,,Ekala-Kotadeniyawa Road,33.71931450594296
6509381798,617810744,B111,B111,Ekala - Kotadeniyawa,primary,False,50,,Ekala-Kotadeniyawa Road,7745.934842184822
6509597376,4913540652,B348,B348,Palavi - Kalladi,secondary,True,50,,Palavi-Kalladi Road,36.391202613661136
6509645609,1731568862,B45,B045,Bangadeniya - Andigama - Anamaduwa,secondary,False,50,2,Bangadeniya - Andigama - Anamaduwa Road,35.689752669968115
6509645609,6509645610,B45,B045,Bangadeniya - Andigama - Anamaduwa,secondary,False,50,2,Bangadeniya - Andigama - Anamaduwa Road,25.114540982358527
6509645610,6509645609,B45,B045,Bangadeniya - Andigama - Anamaduwa,secondary,False,50,2,Bangadeniya - Andigama - Anamaduwa Road,25.114540982358527
6509645610,3649870415,B45,B045,Bangadeniya - Andigama - Anamaduwa,secondary,False,"['70', '50']",2,Bangadeniya - Andigama - Anamaduwa Road,24640.23005886231
6509645610,6509645611,B227,B227,Kiriyankalli - Andigama,secondary,True,50,,Kiriyankalli-Andigama Road,61.31199620547707
6509645611,1731568828,B227,B227,Kiriyankalli - Andigama,secondary,False,50,,Kiriyankalli-Andigama Road,13770.505069809878
6509645611,6509645609,B227,B227,Kiriyankalli - Andigama,secondary,True,50,,Kiriyankalli-Andigama Road,62.83554060586508
6509727158,6509727159,B167,B167,Kadawalagedara - Vitikuliya,secondary,True,50,,Kadawalagedara - Vitikuliya Road,48.56705866210505
6509727159,6511426680,B167,B167,Kadawalagedara - Vitikuliya,secondary,False,50,,Kadawalagedara - Vitikuliya Road,13899.698374597216
6509727159,6509727157,B167,B167,Kadawalagedara - Vitikuliya,secondary,True,50,,Kadawalagedara - Vitikuliya Road,60.21077480761498
6511426673,6511426678,B79,B079,Chilaw - Wariyapola,primary,False,60,,Chilaw-Wariyapola Road,22.19078187710324
6511426673,4268469890,B79,B079,Chilaw - Wariyapola,primary,False,60,2,"['Chilaw-Wariyapola Road', 'Chilaw - Wariyapola Road']",9229.466252077502
6511426677,6511426678,B167,B167,Kadawalagedara - Vitikuliya,secondary,True,50,,Kadawalagedara - Vitikuliya Road,34.436453707066256
6511426678,6511426679,B79,B079,Chilaw - Wariyapola,primary,False,60,,Chilaw-Wariyapola Road,13.208121157938598
6511426678,6511426673,B79,B079,Chilaw - Wariyapola,primary,False,60,,Chilaw-Wariyapola Road,22.19078187710324
6511426679,6511426678,B79,B079,Chilaw - Wariyapola,primary,False,60,,Chilaw-Wariyapola Road,13.208121157938598
6511426679,3064719459,B79,B079,Chilaw - Wariyapola,primary,False,60,,Chilaw-Wariyapola Road,2757.765881392428
6511426679,6511426680,B167,B167,Kadawalagedara - Vitikuliya,secondary,True,50,,Kadawalagedara - Vitikuliya Road,53.788743531645125
6511426680,6509727159,B167,B167,Kadawalagedara - Vitikuliya,secondary,False,50,,Kadawalagedara - Vitikuliya Road,13899.69837459722
6511426680,6511426677,B167,B167,Kadawalagedara - Vitikuliya,secondary,True,50,,Kadawalagedara - Vitikuliya Road,18.9192124932303
6513598495,6513598497,B642,B642,"Access road to Defence Headquarters Pelawatta (From Denzil Kobbekaduwa Mawatha, Koswatta to Defence Headquarters Pelawatta)",primary,True,50,2,Defence Headquarters Access Road,1265.5979122019444
6513598563,4755847830,B645,B645,Pelawatta-Akuregoda-Pothuarawa,primary,True,50,2,D.P. Wijesinghe Mawatha,274.6763048614038
6513598564,5276999774,B645,B645,Pelawatta-Akuregoda-Pothuarawa,primary,True,50,2,D.P. Wijesinghe Mawatha,36.06334896772834
6513995666,635165818,B531,B531,Parliament Drive,primary,True,50,,Parliament Drive,23.5131381175826
6513995667,6513995678,B533,B533,Pelawatta Access Road,primary,True,50,3,Parliament Road,15.028930803422318
6513995667,6513995666,B531,B531,Parliament Drive,primary,True,,1,,30.73591280686363
6513995671,6513995672,B533,B533,Pelawatta Access Road,primary,True,40,2,Parliament Road,6.338072500722504
6513995672,7059333096,B533,B533,Pelawatta Access Road,primary,True,40,2,Parliament Road,17.95695558196297
6513995677,6926357552,B533,B533,Pelawatta Access Road,primary,True,50,3,Parliament Road,18.954344848617325
6513995678,6513995666,B531,B531,Parliament Drive,primary,True,50,,Parliament Drive,21.95870483738087
6514054687,6514054691,B533,B533,Pelawatta Access Road,primary,True,40,2,Parliament Road,5.751780906742994
6514054691,1661735220,B533,B533,Pelawatta Access Road,primary,True,40,2,Parliament Road,48.341970250256026
6514093426,618771188,B120,B120,Etulkotte - Mirihana - Kohuwela,primary,False,50,,Kotte Road,14.065635533627546
6514093426,618771179,B120,B120,Etulkotte - Mirihana - Kohuwela,primary,False,50,,Kotte Road,27.066384778182925
6514093427,255179593,B368,B368,Pitakotte - Talawatugoda,primary,False,50,"['4', '2']",Talawatugoda Road,2323.6721150489184
6514093427,6514093426,B368,B368,Pitakotte - Talawatugoda,primary,True,50,2,Talawatugoda Road,65.2087996708965
6518084183,2974015147,B533,B533,Pelawatta Access Road,primary_link,True,40,2,Parliament Road,8.398216376577336
6518084183,5157977021,B47,B047,Battaramulla - Pannipitiya,primary,True,"['40', '50']",2,Pelawatte Road,672.3809346506815
6518088285,2974015176,B645,B645,Pelawatta-Akuregoda-Pothuarawa,primary,True,50,1,D.P. Wijesinghe Mawatha,44.009372262172164
6518088305,3848606598,B368,B368,Pitakotte - Talawatugoda,primary,False,50,2,Talawatugoda Road,60.04399572108082
6518088305,11141684438,B47,B047,Battaramulla - Pannipitiya,primary,True,40,2,Pannipitiya Road,46.05801166412505
6519129898,6519129899,B94,B094,Dehiwela - Maharagama,primary,False,60,2,Dehiwela Road (Dehiwela-Maharagama Road),15.624080814851132
6519129898,1737485326,B94,B094,Dehiwela - Maharagama,primary,False,60,2,Dehiwela Road (Dehiwela-Maharagama Road),2723.53190119886
6519129899,6519129898,B94,B094,Dehiwela - Maharagama,primary,False,60,2,Dehiwela Road (Dehiwela-Maharagama Road),15.624080814851132
6519129899,6519129900,B367,B367,Piliyandala - Maharagama,primary,True,50,,Piliyandala-Maharagama Road,37.50954063692557
6519129899,2068144145,B94,B094,Dehiwela - Maharagama,primary,False,60,,Dehiwela Road (Dehiwela-Maharagama Road),264.70082970564187
6519129900,291672423,B367,B367,Piliyandala - Maharagama,"['primary', 'secondary']",False,50,2,Piliyandala-Maharagama Road,5095.445455668284
6519129900,6519129898,B367,B367,Piliyandala - Maharagama,primary,True,50,,Piliyandala-Maharagama Road,29.80119506888307
6525442932,3600585998,B641,B641,Kadawatha By pass,primary,True,60,"['3', '2']",Kadawatha Bypass Road,428.77889695990496
6537339895,6537339897,B152,B152,Mattakkuliya - Uswetakeiyawa - Pinwattha,primary,False,50,,Canal Road (New Negombo Road),19.547930239738413
6537339895,6537358011,B152,B152,Mattakkuliya - Uswetakeiyawa - Pinwattha,primary,False,50,,Canal Road (New Negombo Road),1273.0643213170304
6537339896,403899740,B151,B151,Hendala - Hunupitiya,primary,False,50,,Hendala Road,2619.7030030025403
6537339896,6537339895,B151,B151,Hendala - Hunupitiya,primary,True,50,,Hendala Road,33.08657863623239
6537339897,6537339895,B152,B152,Mattakkuliya - Uswetakeiyawa - Pinwattha,primary,False,50,,Canal Road (New Negombo Road),19.547930239738413
6537339897,2142265829,B152,B152,Mattakkuliya - Uswetakeiyawa - Pinwattha,primary,False,50,,Canal Road (New Negombo Road),2311.9113582704917
6537339897,6537339896,B151,B151,Hendala - Hunupitiya,primary,True,50,,Hendala Road,34.4952080790503
6537358006,6537358011,B152,B152,Mattakkuliya - Uswetakeiyawa - Pinwattha,primary,False,50,,Canal Road (New Negombo Road),12.301091600560454
6537358006,681584663,B152,B152,Mattakkuliya - Uswetakeiyawa - Pinwattha,primary,False,50,,"['Canal Road (New Negombo Road)', 'Mattakkuliya Centre Road', 'Aluthmawatha Road', 'Approach Road to Mattakkuliya Bridge', 'Mattakkuliya Bridge']",1925.058220246253
6537358011,6537339895,B152,B152,Mattakkuliya - Uswetakeiyawa - Pinwattha,primary,False,50,,Canal Road (New Negombo Road),1273.0643213170304
6537358011,6537358006,B152,B152,Mattakkuliya - Uswetakeiyawa - Pinwattha,primary,False,50,,Canal Road (New Negombo Road),12.301091600560454
6537358011,403899801,B459,B459,Wattala - Hekitta,primary,True,50,,Hekitta Road,64.59664598249361
6537959751,6537959752,B211,B211,Kebithigollewa - Padaviya,secondary,False,50,,Kebitigollewa-Padaviya Road,43.66817684345538
6537959751,1881982729,B211,B211,Kebithigollewa - Padaviya,secondary,False,50,,Kebitigollewa-Padaviya Road,24947.703466076386
6537959752,6537959751,B211,B211,Kebithigollewa - Padaviya,secondary,False,50,,Kebitigollewa-Padaviya Road,43.66817684345538
6537959752,1886444856,B211,B211,Kebithigollewa - Padaviya,secondary,False,50,,Kebitigollewa-Padaviya Road,3805.921405952123
6537959752,1886444971,B60,B060,Bogahawewa - Pulmuddai,secondary,True,50,,Bogahawewa - Pulmuddai Road,51.46177638326467
6538031537,5217538839,B297,B297,Mullaitivu - Kokkilai,secondary,False,50,,Mullaitivu-Kokilai Road,22024.777750707228
6538031538,1886444803,B343,B343,Padaviya - Parakrama Pura (Bandaranayake Mawatha),secondary,False,"['40', '50']",,"['Padaviya-Welioya Road', 'Welioya-Janakapura Road', 'Padavi Sripura Road', 'Welioya Rd', 'Bandaranayake Mawatha', 'Padaviya-Parakramapura Road']",40774.58968257292
6538140529,5774134687,B296,B296,Puliyankulam-Mullaittivu,secondary,True,50,,Puliyankulam-Mullaittivu,43.555927266829194
6540075346,4884114552,B133,B133,Ganewelpola - Dachchahalmillewa,primary,True,60,,Ganewelpola-Galenbindunuwewa-Dachchahalmillewa Road,29.03446718487227
6540645130,403899740,B151,B151,Hendala - Hunupitiya,primary,False,50,,Hendala Road,8.87141576963267
6542819604,13412730677,B141,B141,Hakmana - Beliatta - Tangalle,primary,True,,,Hakmana-Beliatte Road,80.51800687527026
6542819607,6548218206,B275,B275,Matara - Hakmana,primary,True,60,,Matara-Hakmana Road,89.90073056678901
6542819619,2605760439,B275,B275,Matara - Hakmana,primary,False,60,,Matara-Hakmana Road,2215.9530958422865
6542819619,1933502385,B275,B275,Matara - Hakmana,primary,True,60,,Matara-Hakmana Road,123.01344563831809
6542819620,1932028801,B142,B142,Hakmana - Meella - Talahaganwaduwa,primary,True,60,2,Hakmana-Walasmulla Road,203.5648430923941
6543091741,1093763628,B129,B129,Galle - Udugama,primary,True,50,,Udugama Road,31.469224483852763
6543091742,6543091755,B238,B238,Kottawa - Batemulla,primary,True,50,1,Akuressa Road,41.6168153918358
6543091745,1093763092,B129,B129,Galle - Udugama,primary,True,50,,Udugama Road,50.4124180923169
6543091755,6543091753,B238,B238,Kottawa - Batemulla,primary,True,50,1,Akuressa Road,41.752259911123375
6543091755,3492736839,B238,B238,Kottawa - Batemulla,primary,False,70,2,Akuressa Road,1587.0195348004881
6545320373,6545320376,B638,B638,Sri Maha Bodhi Access,primary,True,,,Kurunegala Road,30.665642781244344
6545320376,4099698756,B638,B638,Sri Maha Bodhi Access,primary,True,,,Kurunegala Road,18.592627229021822
6545320376,1181921747,B638,B638,Sri Maha Bodhi Access,primary,False,"['60', '50']",,Kurunegala Road,1869.2715875343192
6545679856,6545679857,B472,B472,Weliweriya - Kirindiwela,primary,False,50,,Weliweriya-Kirindiwela Road,17.71731881930762
6545679856,1235697388,B472,B472,Weliweriya - Kirindiwela,primary,False,50,,Weliweriya-Kirindiwela Road,4861.006139337982
6545679857,6545679856,B472,B472,Weliweriya - Kirindiwela,primary,False,50,,Weliweriya-Kirindiwela Road,17.71731881930762
6545679857,3387391143,B479,B479,Yakkala - Radawana,primary,True,60,,Yakkala-Radawana Road,31.872024691150212
6545679857,619906809,B472,B472,Weliweriya - Kirindiwela,primary,False,50,,Weliweriya-Kirindiwela Road,8006.487928494101
6545683449,2753084556,B146,B146,Hanwella - Pugoda - Weke - Urapola,primary,False,50,,Hanwella - Pugoda - Kirindiwela - Urapola Road,35.424065202257125
6545683449,6545683450,B146,B146,Hanwella - Pugoda - Weke - Urapola,primary,False,50,,Hanwella - Pugoda - Kirindiwela - Urapola Road,8.20654858427355
6545683450,6545683449,B146,B146,Hanwella - Pugoda - Weke - Urapola,primary,False,50,,Hanwella - Pugoda - Kirindiwela - Urapola Road,8.20654858427355
6545683450,10093923287,B146,B146,Hanwella - Pugoda - Weke - Urapola,primary,False,50,,Hanwella - Pugoda - Kirindiwela - Urapola Road,19.143116132813592
6545683450,10093923284,B95,B095,Delgoda - Dompe - Giridara,primary,True,50,,Delgoda-Dompe-Giridara Road,16.587602960546768
6547914278,6547922829,B247,B247,Kurunegala - Narammala - Kuliyapitiya - Madampe,primary,True,60,,Kurunegala-Negombo Road,10.186879083835924
6547914278,1977816707,B247,B247,Kurunegala - Narammala - Kuliyapitiya - Madampe,primary,True,50,2,Kurunegala - Narammala - Madampe Road,282.4715901139279
6547922791,6547922793,B308,B308,Narammala - Dankotuwa,primary,True,60,,Kurunegala-Negombo Road,50.187276303253775
6547922792,6547914278,B308,B308,Narammala - Dankotuwa,primary,True,60,,Kurunegala-Negombo Road,156.36096709001555
6547922793,5944495992,B308,B308,Narammala - Dankotuwa,primary,True,60,,Kurunegala-Negombo Road,264.5342459001907
6547922794,6547922792,B308,B308,Narammala - Dankotuwa,primary,True,60,,Kurunegala-Negombo Road,48.292337839187795
6547922829,6547922837,B247,B247,Kurunegala - Narammala - Kuliyapitiya - Madampe,primary,True,50,2,Kurunegala - Narammala - Madampe Road,8.153914058379092
6547922829,6547922849,B247,B247,Kurunegala - Narammala - Kuliyapitiya - Madampe,primary,True,60,,Kurunegala-Negombo Road,555.9405662805469
6547922837,6547922838,B308,B308,Narammala - Dankotuwa,primary,True,60,,Kurunegala-Negombo Road,10.777056985751384
6547922838,6547914278,B247,B247,Kurunegala - Narammala - Kuliyapitiya - Madampe,primary,True,50,2,Kurunegala - Narammala - Madampe Road,8.096865789261555
6547922838,6547922791,B308,B308,Narammala - Dankotuwa,primary,True,60,,Kurunegala-Negombo Road,154.42874880413686
6547922849,1237974510,B247,B247,Kurunegala - Narammala - Kuliyapitiya - Madampe,primary,False,60,,Kurunegala-Negombo Road,2468.8651054360353
6547922849,6547922837,B247,B247,Kurunegala - Narammala - Kuliyapitiya - Madampe,primary,True,60,,Kurunegala-Negombo Road,546.707737875377
6548047374,6548047381,B247,B247,Kurunegala - Narammala - Kuliyapitiya - Madampe,primary,False,60,,Kurunegala-Negombo Road,54.834672408102044
6548047374,1477408997,B247,B247,Kurunegala - Narammala - Kuliyapitiya - Madampe,primary,False,60,,Kurunegala-Negombo Road,6326.1599813755765
6548047381,6548196299,B247,B247,Kurunegala - Narammala - Kuliyapitiya - Madampe,primary,False,60,,Kurunegala-Negombo Road,1246.539414287002
6548047381,6548047374,B247,B247,Kurunegala - Narammala - Kuliyapitiya - Madampe,primary,False,60,,Kurunegala-Negombo Road,54.834672408102044
6548196295,5248343437,B247,B247,Kurunegala - Narammala - Kuliyapitiya - Madampe,primary,False,60,,Kurunegala-Negombo Road,901.4253535286568
6548196295,3167996118,B247,B247,Kurunegala - Narammala - Kuliyapitiya - Madampe,primary,True,60,,Kurunegala-Negombo Road,41.37487788921285
6548196298,562824877,B82,B082,"Circular Road, Kurunegala",primary,False,50,2,Bauddhaloka Mawatha,722.4667960101975
6548196298,3167996140,B82,B082,"Circular Road, Kurunegala",primary,True,50,2,Bauddhaloka Mawatha,33.31355025142028
6548196299,6548047381,B247,B247,Kurunegala - Narammala - Kuliyapitiya - Madampe,primary,False,60,,Kurunegala-Negombo Road,1246.5394142870018
6548196299,3167996142,B247,B247,Kurunegala - Narammala - Kuliyapitiya - Madampe,primary,True,60,,Kurunegala-Negombo Road,44.081242760311525
6548218206,1933502385,B309,B309,Narandeniya - Hakmana,primary,False,50,2,Narandeniya-Hakmana Road,6.607237000285712
6548218206,6542819619,B275,B275,Matara - Hakmana,primary,True,60,,Matara-Hakmana Road,123.2437970284822
6548218220,6542819609,B141,B141,Hakmana - Beliatta - Tangalle,primary,True,,,Hakmana-Beliatte Road,80.81472445455215
6592863153,3215623441,B25,B025,Approach Road to Laxapana Power House,primary,False,50,2,Laxapana Power House Road,10068.527585953349
6592863153,2686032868,B328,B328,Norton - Maskeliya,primary,False,60,2,Norton-Maskeliya Road,13873.495904717729
6592863153,2686035634,B328,B328,Norton - Maskeliya,primary,False,60,2,Norton-Maskeliya Road,2567.173825337706
6632178150,3377837113,B631,B631,Hambantota - Gonnoruwa - Meegahajandura,primary,True,60,2,Hambantota-Gonnoruwa-Meegahajandura Road,282.68732035519713
6632178172,6632178150,B631,B631,Hambantota - Gonnoruwa - Meegahajandura,primary,True,60,2,Hambantota-Gonnoruwa-Meegahajandura Road,36.13261239923071
6653100609,4045295806,B351,B351,Pallebedde - Medaganoya - Weligepola,primary,False,60,2,Pallebedde-Medaganoya-Weligepola Road,12434.917193875164
6653100627,1994857493,B124,B124,Galagoda - Weligepola,primary,False,60,2,Kirimetitenna-Weligepola Road,1096.3564576238978
6658588595,1945605121,B113,B113,Ella - Passara,primary,False,60,2,Ella-Passara Road,27214.83844057429
6661265112,1732649294,B325,B325,Nelukkulam - Neriyakulam,secondary,False,50,,Nelukkulam-Neriyakulam Road,21673.299033981497
6673012482,1745895523,B107,B107,Dondra Light House Road,primary,False,50,2,Dondra Light House Road,32.6946850322045
6673012482,13709350341,B107,B107,Dondra Light House Road,primary,False,50,2,Dondra Light House Road,143.65959041301292
6673012482,13709350352,B107,B107,Dondra Light House Road,primary,False,50,2,Dondra Light House Road,24.233209906041843
6685553328,904233506,B424,B424,Trincomalee - Pulmoddai,primary,False,60,2,North Coast Road,2225.8921318708835
6685553328,1242700557,B424,B424,Trincomalee - Pulmoddai,primary,False,60,2,Trincomalee-Nilaveli Road,4550.656544115259
6695505186,6695505187,B419,B419,Thoppu - Madampe,primary,True,60,2,Thoppuwa-Nattandiya-Madampe Road,32.13228850684053
6695505187,6695505185,B419,B419,Thoppu - Madampe,primary,True,60,2,Thoppuwa-Nattandiya-Madampe Road,6.509951548077996
6695505199,1474800248,B419,B419,Thoppu - Madampe,primary,True,60,2,Thoppuwa-Nattandiya-Madampe Road,61.614109688115555
6700759025,1751020481,B589,B589,Hidellana Karapincha (Approach Road to Tea Research Institute -Law Country Region),primary,False,50,2,Hidellana-Karapincha Road,3952.7095496136494
6719733698,6719733720,B47,B047,Battaramulla - Pannipitiya,primary,True,50,2,Pelawatte Road,981.229799571456
6719733717,3502162896,B47,B047,Battaramulla - Pannipitiya,primary,True,50,2,Pelawatte Road,967.534547258007
6719733720,3354710540,B47,B047,Battaramulla - Pannipitiya,primary_link,True,40,1,,25.744630519488084
6719733720,3404831124,B47,B047,Battaramulla - Pannipitiya,primary,True,50,2,Pelawatte Road,18.51659695646573
6721753073,2823998651,B479,B479,Yakkala - Radawana,primary,True,60,,Yakkala-Radawana Road,87.32197673968183
6822794874,1124475656,B635,B635,Access Road to Matara,primary,True,70,2,Access Road to Matara,3143.6908256091924
6896310128,3199620297,B437,B437,Vallai - Telippalai - Araly,secondary,False,40,2,"['Vallai Tellippalai Araly Road', 'Kadduvan Myliddi Road']",2175.0925389897384
6896310128,1245763163,B171,B171,Kadduwan - Myliddy,secondary,False,40,2,Kadduvan Myliddi Road,1588.5219799789927
6926357552,6514054687,B533,B533,Pelawatta Access Road,primary,True,"['40', '50']","['3', '2']",Parliament Road,64.78599050521815
6947814999,619152185,B120,B120,Etulkotte - Mirihana - Kohuwela,primary,True,50,2,Sambudthwa Jayanthi Mawatha,153.78533455984328
7024993693,2278210726,B488,B488,Polonnaruwa - Tambala - Sungawila - Somawathiya,secondary,False,50,,Somawathiya Road,37501.163588901945
7026519236,3514826055,B482,B482,Yatiyantota - Poonagala - Meenagala,primary,False,60,2,Yatiyantota-Punugala-Sea Forth Road,21016.995818498563
7034884152,9041600956,B213,B213,Kekirawa - Talawa,primary,True,60,,,23.711367214755178
7034884152,566569836,B213,B213,Kekirawa - Talawa,primary,False,60,,Thalawa Eppawala Road,12731.228505813451
7043449110,2974015161,B533,B533,Pelawatta Access Road,primary,True,40,2,Parliament Road,11.372453935789505
7051044595,7051044597,B541,B541,Thampalakamam - Kinniya,primary,True,60,1,Thambalagamuwa-Kinniya Road,41.46493680862406
7051044597,7051044596,B541,B541,Thampalakamam - Kinniya,primary,True,60,1,Thambalagamuwa-Kinniya Road,40.887057115828426
7051044597,7702374761,B541,B541,Thampalakamam - Kinniya,primary,False,60,2,Thambalagamuwa-Kinniya Road,1180.1528003243798
7059333096,6513995667,B533,B533,Pelawatta Access Road,primary,True,"['40', '50']","['3', '2']",Parliament Road,52.25578779086331
7062180134,910154883,B47,B047,Battaramulla - Pannipitiya,primary,True,"['40', '50']",2,"['Talawatugoda Road', 'Pannipitiya Road']",262.6179074761999
7062216179,7062229410,B84,B084,Colombo - Horana,primary,True,70,2,Colombo - Horana Road,1064.233790818393
7062229410,7062229418,B84,B084,Colombo - Horana,primary,True,70,2,Colombo - Horana Road,299.86907976161143
7062229418,3498479749,B84,B084,Colombo - Horana,primary,True,"['70', '60']",2,Colombo - Horana Road,169.41192784204588
7062379366,1212770518,B84,B084,Colombo - Horana,primary,True,70,,Colombo - Horana Road,654.6084150107492
7062379367,7062380597,B84,B084,Colombo - Horana,primary,True,70,2,Colombo - Horana Road,891.6775952898336
7062380591,7062380609,B84,B084,Colombo - Horana,primary,True,70,2,Colombo - Horana Road,190.36229586789645
7062380592,252537863,B84,B084,Colombo - Horana,primary,True,70,2,Colombo - Horana Road,117.13957773914922
7062380597,7062380591,B84,B084,Colombo - Horana,primary,True,70,2,Colombo - Horana Road,117.57709019031921
7062380609,7062216179,B84,B084,Colombo - Horana,primary,True,70,2,Colombo - Horana Road,2642.965744168245
7062428087,7062428147,B84,B084,Colombo - Horana,primary,True,70,,Colombo - Horana Road,1732.235096682785
7062428147,7062428158,B84,B084,Colombo - Horana,primary,True,70,,Colombo - Horana Road,209.90207804573163
7062428158,7062428168,B84,B084,Colombo - Horana,primary,True,70,,Colombo - Horana Road,366.528000125814
7062428168,7062379367,B84,B084,Colombo - Horana,primary,True,70,,Colombo - Horana Road,652.7675892968181
7062446553,7062446558,B84,B084,Colombo - Horana,primary,True,60,,Colombo-Horana Road,31.865078949689153
7062446557,3320941715,B639,B639,Piliyandala By Pass,primary,True,70,2,Piliyandala Bypass Road,707.1657068382677
7062446558,7062446557,B639,B639,Piliyandala By Pass,primary,True,70,,Piliyandala Bypass Road,19.531229871821743
7062446558,3498436506,B84,B084,Colombo - Horana,primary,True,60,,Colombo-Horana Road,8.594016282834318
7062446559,12467159834,B84,B084,Colombo - Horana,primary,True,"['70', '60']",2,"['Colombo - Horana Road', 'Colombo-Horana Road']",3084.8003085736113
7071757658,3213759120,B617,B617,Minneriya - Gal Oya,primary,False,60,2,Minneriya - Gal Oya Road,14463.671286704306
7084497218,7702374764,B541,B541,Thampalakamam - Kinniya,primary,False,60,2,Thambalagamuwa-Kinniya Road,35.1833808834645
7085495071,10603977925,B389,B389,Ratmalana - Mirihana,primary,False,50,2,Attidiya Road,8.742432233573917
7085506299,1185558591,B24,B024,Approach Road to Aerodrome Ratmalana,primary,True,40,,"Approach Road to Aerodrome, Ratmalana",32.87413752536593
7085697358,1728748120,B52,B052,"Bazzar Street, Vavuniya",secondary,False,50,,Bazzar Street,16.083233563528953
7085697358,5635855093,B52,B052,"Bazzar Street, Vavuniya",secondary,False,50,,Bazzar Street,301.621355487261
7085726788,4137378464,B283,B283,Medawachchiya - Kebitigollewa,secondary,True,50,,Medawachchiya-Kebithigollewa Road,40.10538932579621
7087395001,3279650333,B525,B525,Dikwella - Wewurukannala,primary,True,50,1,Dikwella-Wewurukannala Road,22.72548885625208
7087395001,1818609858,B525,B525,Dikwella - Wewurukannala,primary,False,50,2,Dikwella-Wewurukannala Road,585.2101135310548
7087827239,5316437631,B214,B214,Kelaniya - Mudungoda,primary,True,50,1,New Kandy Road,18.343955121568612
7094700078,5120237603,B365,B365,Peradeniya - Halloluwa - Katugastota,primary,False,60,2,Gannoruwa Road,43.041994931511354
7103760769,245519747,B224,B224,Kirimetiya - Yala,primary,True,50,1,Horana-Kalutara Road,30.35145254592185
7168896405,1737150787,B389,B389,Ratmalana - Mirihana,primary,False,50,2,Attidiya Road,865.7523956784304
7168896405,10603977925,B389,B389,Ratmalana - Mirihana,"['primary', 'secondary']",False,50,2,Attidiya Road,1258.4417912746799
7168896405,9748233243,B24,B024,Approach Road to Aerodrome Ratmalana,primary,False,,,"Approach Road to Aerodrome, Ratmalana",36.45365538148204
7182955399,6294540737,B304,B304,Nagoda - Kalawellawa - Bellapitiya,primary,True,60,,Nagoda-Kalawellawa-Bellapitiya Road,27.829102944736952
7182955400,4904045485,B157,B157,Horana - Anguruwatota - Aluthgama,primary,True,60,,Aluthgama Road,27.601142108347226
7182955404,6294540738,B304,B304,Nagoda - Kalawellawa - Bellapitiya,primary,True,60,,Nagoda-Kalawellawa-Bellapitiya Road,37.511464647030095
7182955406,6294540739,B157,B157,Horana - Anguruwatota - Aluthgama,primary,True,60,,Horana Road,42.54093387532689
7183361978,7183361982,B387,B387,Ranna - Udayala - Weeraketiya,primary,False,70,4,Ranna-Udayala-Weeraketiya Road,7.852022647135526
7183361978,2605755428,B387,B387,Ranna - Udayala - Weeraketiya,primary,False,70,4,Ranna-Udayala-Weeraketiya Road,4159.886345722543
7183361980,7183361983,B410,B410,Tangalle - Weeraketiya,primary,False,72,2,Tangalle-Weeraketiya Road,3.709465286722577
7183361980,2726000363,B410,B410,Tangalle - Weeraketiya,primary,False,72,2,Tangalle-Weeraketiya Road,3380.9875186839527
7183361981,3778393953,B463,B463,Weeraketiya - Middeniya,primary,True,60,2,Weeraketiya-Middeniya Road,17.225862229440647
7183361981,610929939,B463,B463,Weeraketiya - Middeniya,primary,False,70,2,Weeraketiya-Middeniya Road,832.111203207483
7183361982,3778393948,B387,B387,Ranna - Udayala - Weeraketiya,primary,True,70,4,Ranna-Udayala-Weeraketiya Road,13.963306819274575
7183361982,7183361978,B387,B387,Ranna - Udayala - Weeraketiya,primary,False,70,4,Ranna-Udayala-Weeraketiya Road,7.852022647135526
7183361983,7183361980,B410,B410,Tangalle - Weeraketiya,primary,False,72,2,Tangalle-Weeraketiya Road,3.709465286722577
7183361983,3778393944,B410,B410,Tangalle - Weeraketiya,primary,True,72,2,Tangalle-Weeraketiya Road,13.120927482514798
7183361984,4761516411,B627,B627,Dammulla - Weeraketiya,primary,False,60,2,Belliatte-Weeraketiya Road,4093.73590313944
7183361984,1748962217,B627,B627,Dammulla - Weeraketiya,primary,True,50,1,Belliatte-Weeraketiya Road,19.13280624480153
7183404785,1748962242,B450,B450,Walasmulla - Weeraketiya,primary,True,70,1,Walasmulla-Weeraketiya Road,22.82762554045855
7183404785,1931937816,B450,B450,Walasmulla - Weeraketiya,primary,False,70,2,Walasmulla-Weeraketiya Road,6819.765056083248
7183441660,3470537530,B14,B014,Ambalangoda - Elpitiya - Pitigala,primary,False,70,2,Elpitiya Road,5478.482764644033
7183441660,1140307744,B14,B014,Ambalangoda - Elpitiya - Pitigala,primary,True,70,2,Ambalangoda-Elpitiya-Pitigala Road,51.63021165724784
7183582771,1855349632,B91,B091,Daulagala - Watadeniya,primary,False,50,2,Daulagala-Watadeniya Road,37.164793480179306
7183582771,3237453500,B91,B091,Daulagala - Watadeniya,primary,False,50,2,Daulagala-Watadeniya Road,1929.457091448935
7183582772,1855349632,B116,B116,Embilmeegama - Daulagala - Penideniya,primary,False,50,2,Pilimatalawa-Daulagala Road,29.123305882751694
7183582772,1855349523,B116,B116,Embilmeegama - Daulagala - Penideniya,primary,False,50,2,"['Daulagala Road', 'Pilimatalawa-Daulagala Road']",4645.319146202481
7185588314,13564859268,B234,B234,Korakahawewa - Sri Maha Bodhi,primary,True,50,,Old Puttalam Road,72.43526540420787
7205862648,1737436593,B389,B389,Ratmalana - Mirihana,primary,True,,,,29.233083368780505
7241425510,1737436578,B389,B389,Ratmalana - Mirihana,primary,True,,,,35.01329143983921
7557813397,1245021322,B277,B277,Maviddapuram - Keeramalai,secondary,False,40,,Maviddapuram - Keeramalai,2622.47105748014
7557813397,1245021317,B277,B277,Maviddapuram - Keeramalai,secondary,False,40,,Maviddapuram - Keeramalai,175.23796909293932
7702374760,7702374761,B541,B541,Thampalakamam - Kinniya,primary,False,60,2,Thambalagamuwa-Kinniya Road,38.88378033452125
7702374761,7702374760,B541,B541,Thampalakamam - Kinniya,primary,False,60,2,Thambalagamuwa-Kinniya Road,38.88378033452125
7702374761,3898518038,B541,B541,Thampalakamam - Kinniya,primary,False,60,2,Thambalagamuwa-Kinniya Road,38.025712110821566
7702374761,7051044597,B541,B541,Thampalakamam - Kinniya,primary,False,60,2,Thambalagamuwa-Kinniya Road,1180.15280032438
7702374764,3898518037,B541,B541,Thampalakamam - Kinniya,primary,False,60,2,Thambalagamuwa-Kinniya Road,36.9745831022796
7702374764,1242786017,B541,B541,Thampalakamam - Kinniya,primary,False,60,2,Thambalagamuwa-Kinniya Road,5815.145358867496
7702374764,7084497218,B541,B541,Thampalakamam - Kinniya,primary,False,60,2,Thambalagamuwa-Kinniya Road,35.1833808834645
7704618048,1976198828,B247,B247,Kurunegala - Narammala - Kuliyapitiya - Madampe,primary,True,50,2,Kurunegala - Narammala - Madampe Road,10.204087832143136
7704618060,1976172945,B243,B243,Kuliyapitiya - Hettipola,secondary,False,50,,"['Kuliyapitiya - Hettipola Road', 'Kuliyapitiya-Hettipola Road']",7918.4812558150425
7704618060,11292753164,B243,B243,Kuliyapitiya - Hettipola,secondary,True,50,,Kuliyapitiya - Hettipola Road,744.0656424669999
7704618065,7704618048,B243,B243,Kuliyapitiya - Hettipola,secondary,True,50,,Kuliyapitiya - Hettipola Road,8.568711944650662
7704618065,4086635248,B247,B247,Kurunegala - Narammala - Kuliyapitiya - Madampe,primary,True,50,2,Kurunegala - Narammala - Madampe Road,274.4873442251284
7704618073,7704618065,B247,B247,Kurunegala - Narammala - Kuliyapitiya - Madampe,primary,True,50,2,Kurunegala - Narammala - Madampe Road,9.549805329207315
7704618073,11292753165,B243,B243,Kuliyapitiya - Hettipola,secondary,True,50,,Kuliyapitiya - Hettipola Road,126.53763956711123
7704629712,1976198830,B65,B065,Bowatte - Padiwela,secondary,False,50,,Bowatta-Padiwela-Kuliyapitiya Road,8.250224368031914
7704629712,1976198848,B65,B065,Bowatte - Padiwela,secondary,False,50,,"['Bowatta Padiwela Kuliyapitiya Road', 'Bowatta-Padiwela-Kuliyapitiya Road']",17426.763895021144
7704629712,7704618073,B247,B247,Kurunegala - Narammala - Kuliyapitiya - Madampe,primary,True,50,2,Kurunegala - Narammala - Madampe Road,1485.401656903254
7704629738,1976198852,B247,B247,Kurunegala - Narammala - Kuliyapitiya - Madampe,primary,True,50,2,Kurunegala - Narammala - Madampe Road,13.944932597253972
7704629738,4086665691,B356,B356,Pannala - Kuliyapitiya,secondary,True,50,2,Pannala - Kuliyapitiya Road,114.27254578792024
7704629739,7704629738,B356,B356,Pannala - Kuliyapitiya,secondary,True,50,2,Pannala - Kuliyapitiya Road,8.72264616644591
7704629739,7704629712,B247,B247,Kurunegala - Narammala - Kuliyapitiya - Madampe,primary,True,50,2,Kurunegala - Narammala - Madampe Road,536.2638495637805
7704629744,7704629739,B247,B247,Kurunegala - Narammala - Kuliyapitiya - Madampe,primary,True,50,2,Kurunegala - Narammala - Madampe Road,14.51073223627231
7765114184,2093608214,B346,B346,Palapathwela - Galewela,primary,False,60,2,Palapathwela-Galewela Road,7.172403665761486
7765114184,2093606557,B346,B346,Palapathwela - Galewela,primary,False,60,2,Palapathwela-Galewela Road,28133.359879485495
7786924226,639297344,B416,B416,Thihariya - Warapalana,primary,False,50,,Thihariya-Warapalana Road,5398.812590329578
7786924250,13083883262,B179,B179,Kalagedihena - Veyangoda,primary_link,False,50,,,8.659118469517992
7795511709,3261809905,B631,B631,Hambantota - Gonnoruwa - Meegahajandura,primary,True,60,2,Hambantota-Gonnoruwa-Meegahajandura Road,34.8493103613676
7903823164,2087105380,B632,B632,Sapugaskanda Oil Refinery Junction - Biyagama Free Trade Zone (Samurdhi Mawatha),primary,False,50,2,Biyagama Makola Road,480.56812738479505
7903823164,3600449270,B632,B632,Sapugaskanda Oil Refinery Junction - Biyagama Free Trade Zone (Samurdhi Mawatha),primary,True,50,2,Biyagama Makola Road,100.36281742089743
7927504077,566553126,B556,B556,Madatugama Pubbogama Andiyagala,secondary,False,50,,Madatugama-Pubbogama-Andiyagala Road,8.430164063213939
7927504077,3522137034,B556,B556,Madatugama Pubbogama Andiyagala,secondary,False,50,,Madatugama-Pubbogama-Andiyagala Road,13267.043280677935
8082580144,2280537322,B207,B207,Katukurunda - Neboda,primary,True,60,1,Katukurunda-Neboda Road,47.744998709183946
8312180939,912273614,B390,B390,Ratnapura - Palawela - Karawita,primary,False,60,2,"['Muwagama Bridge', 'Ratnapura-Palawela Road', 'Palawela-Karawita Road']",20516.39678699906
8312180939,3771886827,B390,B390,Ratnapura - Palawela - Karawita,primary,True,70,*,Ratnapura-Palawela Road,32.782657974208114
8567388506,619742785,B174,B174,Kaduwela - Athurugiriya,primary,True,50,,Kaduwela – Athurugiriya Road,69.62868320001266
8567390717,619742791,B174,B174,Kaduwela - Athurugiriya,primary,True,50,,Kaduwela – Athurugiriya Road,40.78626770286387
8605932095,2382152045,B69,B069,Buwelikada - Lewella,primary,True,50,,Buwelikada Road,14.614144581296728
8605932095,8605932100,B69,B069,Buwelikada - Lewella,primary,True,,,Buwelikada Road,13.446570091098888
8605932100,2382152014,B69,B069,Buwelikada - Lewella,primary,True,50,,Buwelikada Road,16.62743981884064
8626564846,1697582696,B240,B240,Batttaramulla - Malabe - Godagama - Padukka - Bope,primary,False,50,2,Padukka - Ingirya Road,4139.280615599364
8626564849,13149927791,B123,B123,Galagedera - Horana,primary,False,50,,Horana - Padukka Road,9500.915038622135
8626564856,1697583653,B123,B123,Galagedera - Horana,primary,False,50,,Galagedara - Padukka Road,1437.708880076643
8626564856,5366204208,B123,B123,Galagedera - Horana,primary,False,50,,Galagedara - Padukka Road,52.20616760451587
8626564856,5366204208,B123,B123,Galagedera - Horana,secondary,False,50,,Galagedara - Padukka Road,56.1293789213953
8703211017,12553497571,B129,B129,Galle - Udugama,primary,False,50,2,Circular Road,650.8946092924926
8736765754,3775399923,B36,B036,Badulla - Karametiya - Andaulpotha,primary,False,60,2,Mahiyanganaya Road,4350.379317123296
8771443546,8771443562,B356,B356,Pannala - Kuliyapitiya,secondary,True,50,,Pannala-Kuliyapitiya Road,20.11441640250028
8771443550,8771443572,B308,B308,Narammala - Dankotuwa,primary,True,60,,Kurunegala-Negombo Road,26.731447247221062
8771443550,617810971,B308,B308,Narammala - Dankotuwa,primary,False,60,2,Kurunegala - Negombo,11214.65532246825
8771443560,8771443575,B356,B356,Pannala - Kuliyapitiya,secondary,True,50,,Pannala-Kuliyapitiya Road,31.184275440279936
8771443563,8771443550,B308,B308,Narammala - Dankotuwa,primary,True,60,,Kurunegala-Negombo Road,28.17339837773381
8771443573,617799602,B308,B308,Narammala - Dankotuwa,primary,True,60,,Negombo-Kurunegala Road,23.77919581545019
8771443575,8771443546,B356,B356,Pannala - Kuliyapitiya,secondary,True,50,,Pannala-Kuliyapitiya Road,9.580318905826323
8771443575,3628051370,B356,B356,Pannala - Kuliyapitiya,secondary,False,50,,Pannala-Kuliyapitiya Road,6084.668639395118
8864816859,8864816867,B46,B046,Bar Road - Batticaloa,primary,True,50,1,Bar Road,39.30876932735075
8864816866,8864816856,B46,B046,Bar Road - Batticaloa,primary,True,50,1,Bar Road,16.280246197569884
8864816866,2354387318,B46,B046,Bar Road - Batticaloa,primary,False,60,2,Bar Road,3031.9440814070736
8864816867,2626866857,B46,B046,Bar Road - Batticaloa,primary,False,60,2,Bar Road,1125.567924934272
8864816867,8864816862,B46,B046,Bar Road - Batticaloa,primary,True,50,1,Bar Road,37.15237109743077
8865864662,6130189220,B550,B550,Dharmashoka Mawatha,primary,True,50,,Dharmashoka Mawatha,16.612882561000827
8933799511,3798986723,B569,B569,Access to Gampaha Railway Station (Queen Mary's Road),primary,False,50,,"['Queen Mary Road', 'Rest House Road']",791.0331198266122
8936981953,3021911951,B520,B520,Kande Veediya - Kandy,primary,True,50,2,"['Yatinuwara Veediya', 'Hill Street (Kande Veediya)']",722.7166328892424
8951049861,2091781232,B335,B335,"Old Bazaar Road, Maharagama",primary,True,50,,Old Road,136.81587572385683
8953454696,2833603895,B164,B164,Jaffna Junction - Sri Maha Bodhi,secondary,True,40,,Old Trincomalee Road,93.91564239309514
8977212317,8977212331,B598,B598,Seeduwa Katunayake,primary,False,50,,Baseline Road,3.6434072951122336
8977212317,4446651438,B598,B598,Seeduwa Katunayake,primary,False,50,,Baseline Road,4.080004609501645
8977212331,8977212317,B598,B598,Seeduwa Katunayake,primary,False,50,,Baseline Road,3.6434072951122336
8977212331,11722038133,B598,B598,Seeduwa Katunayake,primary,False,50,,Baseline Road,144.41400682671886
9072859382,7034884152,B213,B213,Kekirawa - Talawa,primary,True,60,,,29.442763051088754
9075818013,256664026,B84,B084,Colombo - Horana,primary,True,60,2,Colombo-Piliyandala-Horana Road,32.32532006398364
9075842334,9075842399,B84,B084,Colombo - Horana,primary,True,50,1,Colombo-Piliyandala-Horana Road,621.8089299616926
9075842358,9075842334,B84,B084,Colombo - Horana,primary,True,50,1,Colombo-Piliyandala-Horana Road,559.8540038917162
9075842367,9075842371,B84,B084,Colombo - Horana,primary,True,50,1,Colombo-Piliyandala-Horana Road,151.2226184406862
9075842371,3902482860,B84,B084,Colombo - Horana,primary,True,"['70', '50']","['1', '2']",Colombo-Piliyandala-Horana Road,734.3176189770629
9075842383,9075842392,B84,B084,Colombo - Horana,primary,True,50,1,Colombo-Piliyandala-Horana Road,168.8179855873812
9075842392,3521510211,B84,B084,Colombo - Horana,primary,True,50,1,Colombo-Piliyandala-Horana Road,8.394040823205401
9075842399,5373596576,B84,B084,Colombo - Horana,primary,True,50,1,Colombo-Piliyandala-Horana Road,43.40810337591539
9394245009,9394245015,B10,B010,Allai - Kantale,primary,True,50,1,Kantale-Allai Road,16.848686675465704
9394245011,9394245013,B10,B010,Allai - Kantale,primary,True,50,1,Kantale-Allai Road,20.28829579060521
9394245013,9394245009,B10,B010,Allai - Kantale,primary,True,50,1,Kantale-Allai Road,19.53590725349387
9394245015,1242694030,B10,B010,Allai - Kantale,primary,False,60,2,Kantale-Allai Road,39096.014754822354
9394245015,9394245011,B10,B010,Allai - Kantale,primary,True,50,1,Kantale-Allai Road,17.181962011117275
9406617684,11722038133,B598,B598,Seeduwa Katunayake,primary,True,50,,Baseline Road,51.268597036355494
9406760943,5075907874,B112,B112,Elahera - Giritale,secondary,False,50,,Elahera-Giritale Road,155.08919958259798
9427842409,9427842410,B298,B298,"Munai Street, Batticaloa",primary,True,50,1,Munai Street,28.796589589284807
9427842410,2079053634,B298,B298,"Munai Street, Batticaloa",primary,True,50,1,Munai Street,25.966318264671944
9427842410,2295729728,B298,B298,"Munai Street, Batticaloa",primary,False,50,2,Munai Street,414.61024084583886
9427844828,1676588936,B542,B542,Lady Manning Drive,primary,False,50,2,Lady Manning’s Drive,449.5173686865581
9427992821,2295729729,B250,B250,"Lake Road, No.1, Batticaloa",primary,False,50,2,Lake Road No. 1,915.5337860205095
9462668423,1981311694,B132,B132,Gampola - Craighead,primary,False,50,2,Dolosbage Road,14760.172126030162
9462668423,2686377371,B318,B318,Nawalapitiya - Dolosbage,primary,False,60,2,Nawalapitiya-Dolosbage Road,10579.709482325701
9462668423,3745318479,B318,B318,Nawalapitiya - Dolosbage,primary,False,60,2,Gampola-Dolosbage Road,8539.037227878787
9513937129,9562328829,B82,B082,"Circular Road, Kurunegala",primary,True,50,2,Bauddhaloka Mawatha,18.771805602769625
9513937130,9513937129,B82,B082,"Circular Road, Kurunegala",primary,True,50,2,"['U. B. Wanninayake Mawatha', 'Bauddhaloka Mawatha']",9.126367664791477
9547857711,10740616709,B84,B084,Colombo - Horana,primary,True,60,2,Havelock Road,479.88343136039936
9562328818,904233212,B82,B082,"Circular Road, Kurunegala",primary,True,50,2,U. B. Wanninayake Mawatha,15.51038772361361
9562328819,9513937130,B82,B082,"Circular Road, Kurunegala",primary,True,50,2,U. B. Wanninayake Mawatha,21.045500923002443
9562328829,562824877,B82,B082,"Circular Road, Kurunegala",primary,True,50,2,Bauddhaloka Mawatha,13.564226286860183
9562328833,3575249194,B82,B082,"Circular Road, Kurunegala",primary,True,50,2,Bauddhaloka Mawatha,20.693120647523177
9562328834,9562328818,B82,B082,"Circular Road, Kurunegala",primary,True,50,2,U. B. Wanninayake Mawatha,19.06107641799706
9565070864,9547857711,B84,B084,Colombo - Horana,primary,True,60,2,Havelock Road,67.81829515665908
9565070865,9565070864,B84,B084,Colombo - Horana,primary,True,60,2,Havelock Road,9.239561809246517
9570235011,1723290267,B427,B427,Udawalawe - Tanamalwila,primary,False,72,2,Timbolketiya-Tanamalwila Road,1487.0973361370523
9577055309,2068144145,B94,B094,Dehiwela - Maharagama,primary,True,60,2,Dehiwela Road (Dehiwela-Maharagama Road),9.931432900271608
9577055310,9577055309,B94,B094,Dehiwela - Maharagama,primary,True,60,2,Dehiwela Road (Dehiwela-Maharagama Road),28.074861359672127
9577055311,9577055313,B94,B094,Dehiwela - Maharagama,primary,True,60,2,Dehiwela Road (Dehiwela-Maharagama Road),29.3677893049961
9748233243,9748233247,B24,B024,Approach Road to Aerodrome Ratmalana,primary,False,,,"Approach Road to Aerodrome, Ratmalana",13.543142456049322
9748233243,9748233247,B24,B024,Approach Road to Aerodrome Ratmalana,primary,False,,,"Approach Road to Aerodrome, Ratmalana",35.80744440098072
9748233243,7168896405,B24,B024,Approach Road to Aerodrome Ratmalana,primary,False,,,"Approach Road to Aerodrome, Ratmalana",36.45365538148204
9748233247,11037159201,B24,B024,Approach Road to Aerodrome Ratmalana,primary,False,40,2,"Approach Road to Aerodrome, Ratmalana",2479.398917584242
9748233247,9748233243,B24,B024,Approach Road to Aerodrome Ratmalana,primary,False,,,"Approach Road to Aerodrome, Ratmalana",35.80744440098072
9748233247,9748233243,B24,B024,Approach Road to Aerodrome Ratmalana,primary,False,,,"Approach Road to Aerodrome, Ratmalana",13.543142456049322
9754473426,3268426144,B77,B077,Chavalakadai - Chadayantalawa,primary,False,60,2,Chavalakadai-Chadayantalawa Road,2458.0315622793246
9754473426,3649843433,B73,B073,Chadayantalawa - Uhana,primary,False,60,2,Chadayantalawa-Uhana Road,7262.220405857273
9754473426,1792802761,B266,B266,Malwattha - Chadayantalawa,primary,False,60,2,Malwatte-Chadayantalawa Road,5886.0917314222925
9790518649,1721577214,B35,B035,Badalkumbura - Buttala - Sella Kataragama,primary,False,70,2,Buttala-Sella Kataragama Road,18097.68885001935
9790518649,3264925411,B202,B202,Kataragama - Sella-Kataragama,primary,False,"['70', '60']",2,"['Kataragama-Sella Kataragama Road', 'Buttala-Sella Kataragama Road']",25751.270768355054
9882336681,1831898405,B278,B278,Mawanella - Aranayake - Horawela,"['secondary', 'primary']",False,"['60', '50']",2,"['Horawala-Hemmathagama Road', 'Aranayaka-Horawala Road', 'Hemmathagama-Horawala Road', 'Mawanella-Aranayaka-Horawala Road']",7313.750198379562
9882336681,1981311694,B279,B279,Mawanella - Hemmaththagama - Singhapitiya,primary,False,50,2,Mawanella-Hemmathagama-Singhapitiya Road,11805.428338226187
9882336681,3226211756,B279,B279,Mawanella - Hemmaththagama - Singhapitiya,primary,False,50,2,Mawanella-Hemmathagama-Singhapitiya Road,13911.755565991145
9959089701,129615942,B389,B389,Ratmalana - Mirihana,primary,False,50,2,Pepiliyana Road,27.277814330487708
9959089701,6260384173,B389,B389,Ratmalana - Mirihana,primary,False,50,2,Pepiliyana Road,1211.4565203104496
10065277044,10065277052,B474,B474,Weragantota - Randenigala,primary,True,40,1,Weragantota-Randenigala Road,42.85369727399306
10065277044,5120422165,B474,B474,Weragantota - Randenigala,primary,False,40,2,Weragantota-Randenigala Road,24709.011427878042
10065277058,10065277044,B474,B474,Weragantota - Randenigala,primary,True,40,1,Weragantota-Randenigala Road,37.49153332025838
10083504521,1979346418,B57,B057,Bibile - Uraniya - Mahiyangana,primary,False,60,2,Bibile-Mahiyangana Road,6878.537165250455
10083504521,10083504605,B57,B057,Bibile - Uraniya - Mahiyangana,primary,False,60,2,Bibile-Mahiyangana Road,71.98108888821753
10083504605,10083504521,B57,B057,Bibile - Uraniya - Mahiyangana,primary,False,60,2,Bibile-Mahiyangana Road,71.98108888821753
10083504605,2043478205,B57,B057,Bibile - Uraniya - Mahiyangana,primary,False,60,2,Bibile-Mahiyangana Road,397.4818817438035
10086207496,10086214431,B514,B514,Internal Roads in ith Sacred City Mahiyangana,primary,False,30,2,Sacret City Roads,314.3178322643187
10086214431,3822724027,B514,B514,Internal Roads in ith Sacred City Mahiyangana,primary,False,30,2,Sacret City Roads,251.9758433639178
10086214431,10086207496,B514,B514,Internal Roads in ith Sacred City Mahiyangana,primary,False,30,2,Sacret City Roads,314.3178322643186
10086214431,1974698374,B514,B514,Internal Roads in ith Sacred City Mahiyangana,primary,False,30,2,Sacret City Roads,202.0878570473993
10088292097,5286754885,B56,B056,Bibile - Medagama - Nakkala,primary,False,60,2,Bibile-Medagama-Nakkala Road,2967.0617103447175
10088292097,2055594048,B56,B056,Bibile - Medagama - Nakkala,primary,False,60,2,Bibile-Medagama-Nakkala Road,5944.6978476737495
10093923283,6545683449,B95,B095,Delgoda - Dompe - Giridara,primary,True,50,,Delgoda-Dompe-Giridara Road,17.357107561825735
10093923284,1241600897,B95,B095,Delgoda - Dompe - Giridara,primary,True,50,,Delgoda-Dompe-Giridara Road,34.847295138851905
10093923287,6545683450,B146,B146,Hanwella - Pugoda - Weke - Urapola,primary,False,50,,Hanwella - Pugoda - Kirindiwela - Urapola Road,19.143116132813592
10093923287,1447394805,B146,B146,Hanwella - Pugoda - Weke - Urapola,primary,False,50,,Hanwella - Pugoda - Kirindiwela - Urapola Road,4837.796652990788
10108470176,198485623,B512,B512,Blackpool Ambewela Pattipola Horton Plains,primary,False,60,2,"['Boralande-Ohiya Road', 'Pattipola-Horton Plains Road', 'Ambewela-Pattipola Road', 'Ohiya-Horton Plains Road']",31063.74165328608
10108470176,598167934,B508,B508,Welimade - Borelanda - Ohiya - Horton Plains,primary,False,60,2,Boralande-Ohiya Road,2331.290512639876
10110604172,598167934,B353,B353,Palugama - Boralande - Haputale,primary,False,60,2,Keppetipola-Boralande-Haputale Road,248.07201490213592
10110604172,49368092,B353,B353,Palugama - Boralande - Haputale,primary,False,60,2,Keppetipola-Boralande-Haputale Road,12872.92257931117
10112981124,2639779657,B103,B103,Diyatalawa - Aluthwela South,"['secondary', 'primary']",False,50,2,"['Diyatalawa-Aluthwela South Road', 'Aluthwela-Kirinde Road', 'Kirinde-Aluthwela South Road']",3070.525734032493
10130033784,1974713604,B497,B497,51st Mile post - Ulhitiyawa,primary,False,60,2,51st Mile Post-Ulhitiyawa Road,4734.6688591284865
10132102319,1639029741,B422,B422,Tissa - Kirinde,primary,False,70,2,Tissa-Kirinde Road,614.3920744506893
10132102319,3276158589,B422,B422,Tissa - Kirinde,primary,True,50,1,Tissa-Kirinde Road,46.58739467415349
10132102403,3283385131,B21,B021,Andalla - Tissa,primary,False,60,2,Weeraketiya-Tissa Road,6420.706855377048
10132102403,610970078,B21,B021,Andalla - Tissa,primary,True,60,1,Weeraketiya-Tissa Road,55.53992455238671
10132667228,610955288,B427,B427,Udawalawe - Tanamalwila,primary,True,40,1,Timbolketiya-Tanamalwila Road,59.80618474260365
10132667228,3147073493,B427,B427,Udawalawe - Tanamalwila,primary,False,72,2,Timbolketiya-Tanamalwila Road,5022.501661178174
10132667231,10132667228,B427,B427,Udawalawe - Tanamalwila,primary,True,40,1,Timbolketiya-Tanamalwila Road,58.40646367809511
10142217471,904233506,B424,B424,Trincomalee - Pulmoddai,primary,False,60,2,North Coast Road,27.26635633911424
10142217471,1172970726,B424,B424,Trincomalee - Pulmoddai,primary,False,60,2,North Coast Road,440.8058067706955
10170931056,4955880071,B239,B239,Kottawa - Talagala,primary,False,50,2,Kottawa-Thalagala Road,35.28951049958312
10170931056,252542077,B239,B239,Kottawa - Talagala,primary,False,50,2,Kottawa-Thalagala Road,5000.553351834471
10170931060,4955880071,B239,B239,Kottawa - Talagala,primary,False,50,2,Kottawa-Thalagala Road,35.08731310840109
10170931060,252537410,B239,B239,Kottawa - Talagala,primary,False,50,2,Kottawa-Thalagala Road,420.2069237659432
10180821183,2149942832,B495,B495,Edandawela - Kahahengama,primary,False,60,2,Edandawela-Kahengama Road,1975.94165829543
10217285592,621816440,B307,B307,Narahenpita - Nawala - Nugegoda,primary,True,50,1,Nawala Road,48.57741679651019
10219043287,5488683288,B62,B062,Borella - Rajagiriya (CMC Limits to Filling Station - Rajagiriya),primary,True,60,2,Cotta Road,2.5376476288134917
10219043288,3152507940,B62,B062,Borella - Rajagiriya (CMC Limits to Filling Station - Rajagiriya),primary,True,60,2,Cotta Road,672.7791759528485
10219043316,683787618,B62,B062,Borella - Rajagiriya (CMC Limits to Filling Station - Rajagiriya),primary,True,60,2,"['Cotta Road', 'Dr. N. M. Perera Mawatha (Cotta Road)']",191.19168767033312
10259347339,10259347358,B368,B368,Pitakotte - Talawatugoda,primary,True,50,2,Talawatugoda Road,116.4037838425935
10259347340,10259347341,B368,B368,Pitakotte - Talawatugoda,primary,True,50,2,Talawatugoda Road,7.4182523707509676
10259347341,3887468599,B368,B368,Pitakotte - Talawatugoda,primary,True,50,2,Talawatugoda Road,116.87861188083316
10259347344,10259347345,B368,B368,Pitakotte - Talawatugoda,primary,True,50,2,Talawatugoda Road,7.2817744265880044
10259347345,10259347359,B368,B368,Pitakotte - Talawatugoda,primary,True,50,2,Talawatugoda Road,24.692666916118203
10259347353,10259347339,B368,B368,Pitakotte - Talawatugoda,primary,True,50,2,Talawatugoda Road,9.632432726130912
10259347358,10259347344,B368,B368,Pitakotte - Talawatugoda,primary,True,50,2,Talawatugoda Road,18.885075645448214
10259347359,3804176571,B368,B368,Pitakotte - Talawatugoda,primary,True,50,2,Talawatugoda Road,26.374045335292806
10259347399,2984031967,B368,B368,Pitakotte - Talawatugoda,primary,True,50,2,Talawatugoda Road,20.963744039508452
10264115338,5037942619,B84,B084,Colombo - Horana,primary,True,60,2,Havelock Road,70.03137012365278
10308309675,10308309702,B84,B084,Colombo - Horana,primary,True,70,,Colombo - Horana Road,157.31363415930693
10308309676,4724027713,B84,B084,Colombo - Horana,primary,True,70,,Colombo - Horana Road,1291.926923526991
10308309701,252537325,B84,B084,Colombo - Horana,primary,True,70,,Colombo - Horana Road,241.79542798933517
10308309702,10308309701,B84,B084,Colombo - Horana,primary,True,70,,Colombo - Horana Road,340.30010264600446
10308315016,10308309675,B84,B084,Colombo - Horana,primary,True,70,,Colombo - Horana Road,1296.6509279509467
10308315023,10308315016,B84,B084,Colombo - Horana,primary,True,70,,Colombo - Horana Road,733.0127870714732
10578430168,5507303478,B583,B583,Mawanella By Pass,primary,False,60,2,New Kandy Road,526.3518944628511
10578430168,3591964802,B583,B583,Mawanella By Pass,primary,False,60,2,New Kandy Road,1265.2682266279912
10578430168,5547928141,B385,B385,Rambukkana - Mawanella,primary,False,60,2,Rambukkana-Mawanella Road,11829.477697982962
10578430168,2338839291,B385,B385,Rambukkana - Mawanella,primary,False,60,2,Rambukkana-Mawanella Road,229.4128192466924
10603977925,7085495071,B389,B389,Ratmalana - Mirihana,primary,False,50,2,Attidiya Road,8.742432233573917
10603977925,7168896405,B389,B389,Ratmalana - Mirihana,"['primary', 'secondary']",False,50,2,Attidiya Road,1258.4417912746794
10603977996,10603977997,B32,B032,Attidiya - Mount-Lavinia,primary_link,False,50,2,Templers Road,8.59202074250436
10603977997,10603977996,B32,B032,Attidiya - Mount-Lavinia,primary_link,False,50,2,Templers Road,8.59202074250436
10603977997,1737150787,B32,B032,Attidiya - Mount-Lavinia,primary,False,50,2,Templers Road,1995.5761298325203
10682971402,1147075948,B43,B043,Bandarawela - Uva Hihglands - Ettampitiya,primary,False,60,2,Bandarawela-Ettampitiya Road,15239.980705341313
10682971402,49365945,B43,B043,Bandarawela - Uva Hihglands - Ettampitiya,primary,False,60,2,Bandarawela-Ettampitiya Road,984.9239461189163
10740616705,10740616716,B84,B084,Colombo - Horana,primary,True,60,2,,24.46174656343801
10740616709,10740616705,B84,B084,Colombo - Horana,primary,True,60,2,Havelock Road,30.161305688964624
10740616710,10264115338,B84,B084,Colombo - Horana,primary,True,60,2,Havelock Road,477.29354616532237
10740616716,129616175,B84,B084,Colombo - Horana,primary,True,60,2,Havelock Road,19.502369572197818
10740616731,10740616710,B84,B084,Colombo - Horana,primary,True,60,2,Havelock Road,39.023993583925176
10777185545,603240958,B107,B107,Dondra Light House Road,primary,False,50,2,Dondra Light House Road,472.57490323698437
11035177226,13149927792,B239,B239,Kottawa - Talagala,primary,False,50,,Kottawa Thalagala Road,827.470450037188
11035177226,11035177227,B239,B239,Kottawa - Talagala,primary,False,50,,Kottawa Thalagala Road,71.45839957091076
11035177226,11035177227,B239,B239,Kottawa - Talagala,primary_link,False,50,,Kottawa Thalagala Road,90.8092101963152
11035177227,254029970,B239,B239,Kottawa - Talagala,primary,False,50,,Kottawa Thalagala Road,1547.257566185497
11035177227,11035177226,B239,B239,Kottawa - Talagala,primary,False,50,,Kottawa Thalagala Road,71.45839957091077
11035177227,11035177226,B239,B239,Kottawa - Talagala,primary_link,False,50,,Kottawa Thalagala Road,90.8092101963152
11037159201,9748233247,B24,B024,Approach Road to Aerodrome Ratmalana,primary,False,40,2,"Approach Road to Aerodrome, Ratmalana",2479.398917584243
11037159201,1185558582,B24,B024,Approach Road to Aerodrome Ratmalana,primary,True,40,1,"Approach Road to Aerodrome, Ratmalana",418.09941497811536
11141684438,5277143310,B47,B047,Battaramulla - Pannipitiya,primary,True,40,2,Pannipitiya Road,1855.6147400288642
11141684447,250734529,B47,B047,Battaramulla - Pannipitiya,primary,True,40,2,Pannipitiya Road,62.04967495265052
11141684467,7062180134,B47,B047,Battaramulla - Pannipitiya,primary,True,"['70', '40']",2,Pannipitiya Road,3450.426609899226
11141684469,6518088305,B47,B047,Battaramulla - Pannipitiya,primary,True,40,2,Pannipitiya Road,59.33329699064792
11292753164,7704618065,B243,B243,Kuliyapitiya - Hettipola,secondary,True,50,,Kuliyapitiya - Hettipola Road,136.20266062037695
11292753165,7704618060,B243,B243,Kuliyapitiya - Hettipola,secondary,True,50,,Kuliyapitiya - Hettipola Road,756.3487025318327
11367587825,3999196805,B70,B070,By pass road via Asgiriya,primary,True,,,Thilak Ratnayake Mawatha,16.7951569104882
11367587826,11367587825,B70,B070,By pass road via Asgiriya,primary,True,,,Thilak Ratnayake Mawatha,24.760483551083755
11368215992,3090460089,B106,B106,Dodanduwa - Gonapinuwala,primary,False,50,2,Dodanduwa-Gonapinuwala Road,3857.2895357577595
11368215992,3249089698,B106,B106,Dodanduwa - Gonapinuwala,primary,True,50,2,Dodanduwa-Gonapinuwala Road,26.46923128885791
11715824044,1685776752,B17,B017,Ampara Town Roads,primary,True,50,1,Buddhangala Road,23.182339770141052
11715824059,1684534472,B17,B017,Ampara Town Roads,primary,False,50,,Saddhatissa Mawatha,8.73399639871017
11715824059,1685790906,B17,B017,Ampara Town Roads,primary,False,50,,Saddhatissa Mawatha,487.78958035883625
11715824064,1684534503,B17,B017,Ampara Town Roads,primary,True,50,1,Buddhangala Road,8.862544509663861
11715848170,2082247577,B17,B017,Ampara Town Roads,primary,False,50,,Kachcheri Road,8.79925807297105
11715848170,1684345227,B17,B017,Ampara Town Roads,primary,False,50,,Kachcheri Road,99.45352792433401
11722038127,9406617687,B598,B598,Seeduwa Katunayake,primary,True,50,,Baseline Road,27.864807399127045
11722038127,4192345790,B598,B598,Seeduwa Katunayake,primary,False,50,,Baseline Road,3695.959360801366
11722038133,8977212331,B598,B598,Seeduwa Katunayake,primary,False,50,,Baseline Road,144.41400682671886
11722038133,9406617692,B598,B598,Seeduwa Katunayake,primary,True,50,,Baseline Road,51.055072360214155
11765244589,11765244595,B84,B084,Colombo - Horana,primary,True,70,,Colombo - Horana Road,211.69338416600976
11765244590,11765244589,B84,B084,Colombo - Horana,primary,True,70,,Colombo - Horana Road,51.01355834298348
11765244595,1212770521,B84,B084,Colombo - Horana,primary_link,False,,,,8.146263267952937
11854288255,5059861884,B36,B036,Badulla - Karametiya - Andaulpotha,primary,False,60,2,Andaulpotha Road,5649.466467902467
11854288255,11854288259,B36,B036,Badulla - Karametiya - Andaulpotha,primary,True,50,1,Andaulpotha Road,35.92469974183739
11854288255,3548926813,B36,B036,Badulla - Karametiya - Andaulpotha,primary,True,50,1,Andaulpotha Road,38.2292308270017
11854288259,3548926813,B57,B057,Bibile - Uraniya - Mahiyangana,primary,False,60,2,Bibile-Mahiyangana Road,24.026776894989208
11854288259,2043478205,B57,B057,Bibile - Uraniya - Mahiyangana,primary,False,60,2,Bibile-Mahiyangana Road,14820.129419228362
11959575844,11959575860,B291,B291,Mirihana - Udahamulla - Nawinna,primary,True,50,,Jubilee Post,30.82107056912385
11959575849,11959575861,B291,B291,Mirihana - Udahamulla - Nawinna,primary,True,50,2,Old Kottawa Road,60.48706529741132
11959575852,2619372954,B120,B120,Etulkotte - Mirihana - Kohuwela,primary,True,50,2,Stanley Thilakarathne Mawatha,101.66214640982776
11959575853,11959629974,B120,B120,Etulkotte - Mirihana - Kohuwela,primary,True,50,,Kotte Road,25.795620052095583
11959575853,618771321,B120,B120,Etulkotte - Mirihana - Kohuwela,primary_link,True,50,2,Stanley Thilakarathne Mawatha,8.268491651948546
11959575860,11959575849,B291,B291,Mirihana - Udahamulla - Nawinna,primary,True,50,2,Old Kottawa Road,30.457925347640533
11959575861,252538015,B291,B291,Mirihana - Udahamulla - Nawinna,primary,False,50,2,Old Kottawa Road,441.4407597258955
11959575861,11959629976,B291,B291,Mirihana - Udahamulla - Nawinna,primary,True,50,2,Old Kottawa Road,86.43162403535293
11959629970,11959575852,B120,B120,Etulkotte - Mirihana - Kohuwela,primary_link,True,50,2,Stanley Thilakarathne Mawatha,8.661314234999447
11959629970,11959575844,B291,B291,Mirihana - Udahamulla - Nawinna,primary,True,50,,Jubilee Post,63.518933814596444
11959629974,268931537,B120,B120,Etulkotte - Mirihana - Kohuwela,primary,True,50,,Kotte Road,87.08553577410044
11959629975,11959575860,B291,B291,Mirihana - Udahamulla - Nawinna,primary,True,50,2,Old Kottawa Road,9.575945660011028
11959629975,11959575852,B291,B291,Mirihana - Udahamulla - Nawinna,primary,True,50,,Jubilee Post,89.75415199992439
11959629976,11959575863,B291,B291,Mirihana - Udahamulla - Nawinna,primary,True,50,2,Old Kottawa Road,8.650904878021176
11959629976,4580840142,B389,B389,Ratmalana - Mirihana,primary,True,50,2,Rathmalana-Mirihana Road,84.79880275171456
11994641693,11959575853,B120,B120,Etulkotte - Mirihana - Kohuwela,primary,True,50,2,Stanley Thilakarathne Mawatha,32.00023681339267
12109482771,12109482772,B449,B449,Wadduwa - Morontuduwa,primary,True,50,1,Morontuduwa Road,35.14099017826758
12109482772,1795375615,B449,B449,Wadduwa - Morontuduwa,primary,False,50,2,"['Morontuduwa Road', 'Wadduwa Road']",5226.020949681526
12109482772,12109482770,B449,B449,Wadduwa - Morontuduwa,primary,True,50,1,Morontuduwa Road,35.39210238511267
12322046179,1268334826,B208,B208,Katunayake - Veyangoda,primary,False,,,Katunayake-Veyangoda Road,3037.1365848086293
12322046179,4446651425,B208,B208,Katunayake - Veyangoda,primary,False,,,Katunayake-Veyangoda Road,1086.3328267302475
12322046179,6260398862,B208,B208,Katunayake - Veyangoda,primary,False,,,Katunayake-Veyangoda Road,1097.5823170274516
12335959161,3364860615,B535,B535,Nilwala By pass,trunk,True,60,2,Anagarika Dharmapala Mawatha,965.8846741313085
12467159834,13236794170,B84,B084,Colombo - Horana,primary,True,70,2,Colombo - Horana Road,97.70666972599687
12474497827,130462216,B535,B535,Nilwala By pass,trunk,False,60,2,Anagarika Dharmapala Mawatha,54.290694578918114
12474497827,1734550178,B535,B535,Nilwala By pass,trunk,False,60,2,Anagarika Dharmapala Mawatha,421.0331594904501
12553497562,1242395226,B129,B129,Galle - Udugama,primary,False,50,2,Udugama Road,14.962248279149618
12553497571,12553497562,B129,B129,Galle - Udugama,primary,True,50,2,Circular Road,17.709229682814854
12553497571,8703211017,B129,B129,Galle - Udugama,primary,False,50,2,Circular Road,650.8946092924926
12761661742,1877424685,B483,B483,Sammanthurai - Malkampiddi - Deegawapiya,primary,True,50,1,Sammanturai-Malkampiddy Road,14.63803832736596
12794013248,1157613973,B461,B461,Wattegama - Kandenuwara - Wariyapola,primary,False,50,2,Kandenuwara Road,6678.673917147735
12794013248,1290251657,B257,B257,Madulkelle - Kabaragala - Kandenuwara,primary,False,50,2,Madulkelle-Kabaragala-Kandenuwara Road,20435.10058268639
12794013248,3620006922,B461,B461,Wattegama - Kandenuwara - Wariyapola,primary,False,50,2,Kandenuwara Road,11774.943766077866
12856077341,376763058,B275,B275,Matara - Hakmana,primary,True,40,,Matara-Hakmana Road,991.2842311952054
12856077341,1529240569,B275,B275,Matara - Hakmana,primary,False,"['60', '40']",,Matara-Hakmana Road,2450.8459017829514
12856077364,12856077341,B275,B275,Matara - Hakmana,primary,True,40,,Matara-Hakmana Road,992.5374972459855
12856077378,12856077364,B275,B275,Matara - Hakmana,primary,True,40,,Matara-Hakmana Road,489.8285933317682
12856077384,12856077378,B275,B275,Matara - Hakmana,primary,True,40,,Matara-Hakmana Road,170.81195187603547
13055938742,10132102403,B21,B021,Andalla - Tissa,primary,True,60,1,Weeraketiya-Tissa Road,41.13213086962943
13083883262,7786924250,B179,B179,Kalagedihena - Veyangoda,primary_link,False,50,,,8.659118469517992
13083883262,639288676,B179,B179,Kalagedihena - Veyangoda,primary,False,50,,Kalagedihena-Veyangoda Road,4034.390192222017
13149927791,13149927798,B123,B123,Galagedera - Horana,primary,False,50,,Horana - Padukka Road,11.133181694432558
13149927791,8626564849,B123,B123,Galagedera - Horana,primary,False,50,,Horana - Padukka Road,9500.91503862214
13149927792,11035177226,B239,B239,Kottawa - Talagala,primary,False,50,,Kottawa Thalagala Road,827.470450037188
13149927792,13149927797,B239,B239,Kottawa - Talagala,primary_link,True,,,Kottawa Thalagala Road,34.09283857630704
13149927793,13149927798,B123,B123,Galagedera - Horana,primary,False,50,,Horana - Padukka Road,5.3689926889196435
13149927793,129606431,B123,B123,Galagedera - Horana,primary,False,50,,Horana - Padukka Road,27.96148171658494
13149927793,1430577735,B239,B239,Kottawa - Talagala,primary,True,,,,21.91171037737528
13149927797,13149927798,B239,B239,Kottawa - Talagala,primary_link,True,,,Kottawa Thalagala Road,15.02656795045911
13149927798,13149927791,B123,B123,Galagedera - Horana,primary,False,50,,Horana - Padukka Road,11.133181694432558
13149927798,13149927793,B123,B123,Galagedera - Horana,primary,False,50,,Horana - Padukka Road,5.3689926889196435
13236794129,7062446553,B84,B084,Colombo - Horana,primary,True,"['70', '60']",2,"['Colombo - Horana Road', 'Colombo-Horana Road']",3065.8158475574696
13236794134,13236794129,B84,B084,Colombo - Horana,primary,True,70,2,Colombo - Horana Road,93.35508799602536
13236794170,1249855906,B388,B388,Ratmalana - Borupona,primary,False,40,,"['Gangarama Road', 'Borupana Road']",4196.93675651847
13236794170,3902482137,B84,B084,Colombo - Horana,primary,True,70,2,Colombo - Horana Road,1020.8627836406552
13304847351,847836026,B441,B441,Velani - Kayts,secondary,False,50,,Velanai-Kayts Road,7041.898732560555
13380401234,1813627370,B595,B595,Hunnadeniya Rathmale Radampola Walasgala,primary,False,60,2,Radampola Road,2995.8135328468425
13380401234,13380401240,B595,B595,Hunnadeniya Rathmale Radampola Walasgala,primary,True,40,1,Radampola Road,23.240170488340866
13380401241,2157080312,B595,B595,Hunnadeniya Rathmale Radampola Walasgala,primary,True,40,1,Walasgala Road,27.415905901141098
13380401246,13380401234,B595,B595,Hunnadeniya Rathmale Radampola Walasgala,primary,True,40,1,Radampola Road,26.89873121376043
13412730677,1792760335,B141,B141,Hakmana - Beliatta - Tangalle,primary,True,,,Hakmana-Beliatte Road,143.74768137818327
13437079205,3570836895,B367,B367,Piliyandala - Maharagama,primary,True,50,1,Piliyandala-Maharagama Road,83.51453685885
13437079224,13437079205,B367,B367,Piliyandala - Maharagama,"['primary', 'secondary']",True,50,,Piliyandala-Maharagama Road,459.25641138628237
13437079225,5344838932,B367,B367,Piliyandala - Maharagama,primary,True,50,,Piliyandala-Maharagama Road,4.698661461379627
13442454956,1239436268,B258,B258,Mahakeliya - Katupotha,secondary,False,60,1,Mahakeliya-Katupotha Road,3883.5857637242525
13442454956,3066124415,B258,B258,Mahakeliya - Katupotha,secondary,False,50,,Mahakeliya - Katupotha Road,8277.037188454993
13442454956,1237974516,B190,B190,Kalugamuwa - Wilakatupotha,secondary,False,50,2,"['Kalugamuwa-Wariyapola Road', 'Kalugamuwa-Wariyapola Rood', 'Kalugamuwa Wariyapola Road']",15119.8811374728
13442454956,2842935028,B190,B190,Kalugamuwa - Wilakatupotha,secondary,False,50,2,"['Kalugamuwa-Wariyapola Rood', 'Kalugamuwa - Wariyapola Road', 'Kalugamuwa-Wariyapola Rd', 'Kalugamuwa Wariyapola Road']",6057.091716014841
13444644367,3805786089,B550,B550,Dharmashoka Mawatha,primary,False,50,,Dharmashoka Mawatha,19.01467510842906
13444644367,1837478229,B550,B550,Dharmashoka Mawatha,primary,False,50,,Dharmashoka Mawatha,2535.3348468254194
13534166712,11722038127,B598,B598,Seeduwa Katunayake,primary,True,50,,Baseline Road,27.594726651707013
13564859268,1401456469,B234,B234,Korakahawewa - Sri Maha Bodhi,primary,True,50,,Old Puttalam Road,40.8798244348875
13574349086,2831587846,B638,B638,Sri Maha Bodhi Access,primary,True,"['30', '40']",,Mihindu Mawatha,974.4937130750999
13574349086,4099698761,B638,B638,Sri Maha Bodhi Access,primary,False,50,,Kurunegala Road,492.0148270655545
13587389092,13587389094,B234,B234,Korakahawewa - Sri Maha Bodhi,primary,False,30,,Old Puttalam Road,8.17190524010625
13587389094,13587403118,B234,B234,Korakahawewa - Sri Maha Bodhi,primary,False,,,Old Puttalam Road,8.875134070915989
13587389094,4099888824,B234,B234,Korakahawewa - Sri Maha Bodhi,primary,False,30,,Old Puttalam Road,165.88692672513363
13587389094,13587389092,B234,B234,Korakahawewa - Sri Maha Bodhi,primary,False,30,,Old Puttalam Road,8.17190524010625
13587403118,13587389094,B234,B234,Korakahawewa - Sri Maha Bodhi,primary,False,,,Old Puttalam Road,8.875134070915989
13613018164,4004621090,B70,B070,By pass road via Asgiriya,primary,True,50,2,Thilak Ratnayake Mawatha,25.36546285240367
13624920350,5120237603,B365,B365,Peradeniya - Halloluwa - Katugastota,primary,False,60,2,Gannoruwa Road,293.28447575834787
13624920350,13624920535,B365,B365,Peradeniya - Halloluwa - Katugastota,primary,True,60,4,Gannoruwa Road,250.34402122908
13625281401,2910325921,B118,B118,Eriyagama - Penideniya,primary,False,30,2,Quarry Road,1001.5520753988174
13625464816,2078331482,B505,B505,Phala Eriyagama - Penideniya,primary,False,50,2,Sarananda Road,869.8900820566346
13646507158,4457419930,B214,B214,Kelaniya - Mudungoda,primary,True,40,,Biyagama Road,34.960752983103305
13650405023,2035845823,B249,B249,Lady Macallums Drive,primary,False,50,2,"[""Lover's Leap Road"", ""Lady McCallum's Drive""]",3110.2277344081767
13650405023,2035832241,B249,B249,Lady Macallums Drive,primary,False,50,2,Lady McCallum's Drive,14.70364333047124
13650405023,4897029032,B331,B331,Nuwara Eliya Town Road,primary,False,50,,Old Udapussellawa Road,17.281542665697614
13653585411,5122515798,B644,B644,Kelanimulla-Angoda-Koswatta,primary,False,50,,Sri Sumana Mawatha,29.514634957302185
13653585411,403816197,B644,B644,Kelanimulla-Angoda-Koswatta,primary,False,50,,Sri Sumana Mawatha,806.2321870332858
13663348779,4785723989,B641,B641,Kadawatha By pass,primary,True,40,2,Kadawatha Bypass Road,23.75257061727698
13664742979,5375634189,B551,B551,Luvi Peris Mawatha,secondary,False,50,,Louis Peiris Mawatha,789.6903215845939
13664742979,3422963193,B551,B551,Luvi Peris Mawatha,secondary,True,50,,Louis Peiris Mawatha,51.39481742092522
13671920564,257927955,B70,B070,By pass road via Asgiriya,primary,False,50,2,"['Gedige Vihara Mawatha', 'Adahanamaluwa Road']",825.4672034550922
13671920564,3999196805,B70,B070,By pass road via Asgiriya,primary,False,50,2,"['Thilak Ratnayake Mawatha', 'Adahanamaluwa Road']",708.3225896231537
13676334893,13664742979,B551,B551,Luvi Peris Mawatha,secondary,True,,,Louis Peiris Mawatha,43.23130234688729
13686682344,4140985775,B379,B379,Puttalam - Marichchikadai,primary,False,60,,Puttalam - Marichchikadai - Mannar Road,23.38808513851765
13686682345,4140985775,B379,B379,Puttalam - Marichchikadai,primary,False,60,,Puttalam - Marichchikadai - Mannar Road,24.272428402233892
13689191650,3283385135,B464,B464,Weerawila - Tissa - Kataragama,primary,False,70,2,Pannegamuwa-Tissa Road,3824.287470496777
13695751609,672817127,B307,B307,Narahenpita - Nawala - Nugegoda,primary,False,"['30', '50']","['4', '2']","['Narahenpita Road', 'Nawala Road']",1230.4516980143221
13695751609,10217285592,B307,B307,Narahenpita - Nawala - Nugegoda,primary,True,50,1,Nawala Road,87.6624115772999
13695751611,13695751609,B307,B307,Narahenpita - Nawala - Nugegoda,primary,True,50,1,Nawala Road,106.51529505620074
13695751612,13695751611,B307,B307,Narahenpita - Nawala - Nugegoda,primary,True,50,1,Nawala Road,35.22084393075236
13698912445,6492867591,B594,B594,Galle Port Access,primary,True,70,1,Galle Port Access Road,20.31922280742319
13698912446,13698912445,B594,B594,Galle Port Access,primary,True,70,2,Galle Port Access Road,10.3070083815545
13698912447,13698912446,B594,B594,Galle Port Access,primary,True,70,2,Galle Port Access Road,19.892231146104226
13700965134,3106294734,B326,B326,Nikaweratiya - Moragollagama - Siyambalangamuwa,secondary,False,60,2,Nikaweratiya - Maho - Madagalla Road,3814.368264989745
13709350341,13711501216,B557,B557,Circular Road - Devinuwara,primary,False,50,2,Circular Road,85.82061986953173
13709350341,603240958,B107,B107,Dondra Light House Road,primary,False,50,2,Dondra Light House Road,601.4994380782492
13709350341,6673012482,B107,B107,Dondra Light House Road,primary,False,50,2,Dondra Light House Road,143.65959041301292
13709350352,6673012482,B107,B107,Dondra Light House Road,primary,False,50,2,Dondra Light House Road,24.233209906041843
13711501216,13709350341,B557,B557,Circular Road - Devinuwara,primary,False,50,2,Circular Road,85.82061986953174
13711501216,33389417,B557,B557,Circular Road - Devinuwara,primary,False,50,2,Circular Road,337.85951912076
13711501216,603240958,B559,B559,Sinhasana Road,primary,False,50,2,Sinhasana Road,827.623455072999
13714592717,6249854579,B548,B548,Ranna Angunakolapelessa Vatiya,primary,True,60,1,Angunakolapelessa-Embilipitiya Road,24.911062058291186
13714592717,6249854572,B622,B622,Hungama - Thalawa - Middeniya,primary,True,60,2,Hungama-Angunukolapelessa Road,8.593710365808924
13716601407,6251962520,B587,B587,Sooriyawewa Hathporuwa Moraketiya,primary,True,70,2,Embilipitiya Road,1917.9844022911898
13723181257,1639029976,B464,B464,Weerawila - Tissa - Kataragama,primary,False,70,2,Tissa-Kataragama Road,11764.653344676548
13723181257,3683997236,B464,B464,Weerawila - Tissa - Kataragama,primary,True,60,1,Tissa-Kataragama Road,54.49145384644402
13723181260,3683997229,B464,B464,Weerawila - Tissa - Kataragama,primary,True,70,1,Tissa-Kataragama Road,35.17349407082384
13723181260,1740265426,B464,B464,Weerawila - Tissa - Kataragama,primary,False,70,2,Tissa-Kataragama Road,4391.404056366002
13728195887,2605754835,B627,B627,Dammulla - Weeraketiya,primary,False,60,2,Belliatte-Weeraketiya Road,1816.1537005918415
13728195887,3234257841,B54,B054,Beliatta - Walasmulla,primary,False,60,2,Beliatte-Walasmulla Road,2718.982370365925
13728195887,1748992310,B54,B054,Beliatta - Walasmulla,primary,False,60,2,Beliatte-Walasmulla Road,2656.554800491493
13740014576,6488496079,B337,B337,"Old Road, Kattankudy",primary,False,60,2,Old Kalmunai Road,19.331949994813446
13756203795,3517327762,B252,B252,Lindula to end of Agras Road,primary,False,50,2,Lindula-Agarapathana-Dayagama Road,21778.929820671317
13763979653,5519615353,B423,B423,Tonigala - Kalawewa - Galewela,primary,False,60,2,Tonigala-Kalawewa Road,47.67170289823067
13763979653,4158784481,B423,B423,Tonigala - Kalawewa - Galewela,primary,False,60,2,Tonigala-Kalawewa Road,8407.918811021944
13763979671,5231755680,B213,B213,Kekirawa - Talawa,primary,False,60,,Thalawa Eppawala Road,2101.199636964574
13763979671,5519615353,B213,B213,Kekirawa - Talawa,primary,False,60,,Thalawa Eppawala Road,47.137486577698105
13811685898,2015265429,B127,B127,Galigomuwa - Ruwanwella,primary,False,60,2,Galigamuwa-Ruwanwella Road,6216.205748144739
13811685898,13811688265,B127,B127,Galigomuwa - Ruwanwella,primary,True,50,1,Galigamuwa-Ruwanwella Road,48.54802426775954
13811685898,13811688268,B127,B127,Galigomuwa - Ruwanwella,primary,True,50,1,Galigamuwa-Ruwanwella Road,48.55792577646455
13872342556,2902111505,B360,B360,Passara - Madulsima - Metigahatenna,"['primary', 'secondary']",False,"['40', '60', '50']",2,"['Passara-Madulsima-Metigahatenne Road', 'Metigahatenne-Akiriya-Ketawatta-Gurumada Road', 'Meegahakivula-Kalugahakandura Road']",53411.931941887946
13895307330,3315891506,B92,B092,Deegawapi Temple Road,primary,False,60,2,Deeghavapi Temple Road,1404.134683979997
13902371877,1675667180,B433,B433,Urani Road,primary,False,50,2,Urani Road,2547.193592409655
13942360677,1882011622,B424,B424,Trincomalee - Pulmoddai,primary,False,60,2,Trincomalee-Pulmoddai Road,3314.3131521109844
13942360677,13942360684,B424,B424,Trincomalee - Pulmoddai,primary,False,60,2,Trincomalee-Pulmoddai Road,165.36399237314498
13942360677,13942360684,B424,B424,Trincomalee - Pulmoddai,primary,False,60,2,Trincomalee-Pulmoddai Road,175.80584412887777
13942360684,13942360677,B424,B424,Trincomalee - Pulmoddai,primary,False,60,2,Trincomalee-Pulmoddai Road,165.36399237314498
13942360684,13942360677,B424,B424,Trincomalee - Pulmoddai,primary,False,60,2,Trincomalee-Pulmoddai Road,175.8058441288778
13942360684,1886444971,B60,B060,Bogahawewa - Pulmuddai,"['primary', 'secondary']",False,"['60', '50']",2,"['Bogahawewa - Pulmuddai Road', 'Trincomalee-Pulmoddai Road']",33907.55001541491
