u,v,matched_ref,route_no,road_name,highway,oneway,maxspeed,lanes,name,segment_length_m
33389255,1233269778,A2,AA002,Colombo - Galle - Hambantota - Wellawaya,trunk,False,70,4,Matara Road,2614.2620851401903
33389255,11542234727,A2,AA002,Colombo - Galle - Hambantota - Wellawaya,trunk,False,70,4,Matara Road,2138.767930048919
33389341,250131773,A2,AA002,Colombo - Galle - Hambantota - Wellawaya,trunk,False,70,2,Tangalle Road,431.2512243866413
33389341,33389417,A2,AA002,Colombo - Galle - Hambantota - Wellawaya,trunk,False,70,2,Tangalle Road,2950.973138555022
33389417,13709350352,A2,AA002,Colombo - Galle - Hambantota - Wellawaya,trunk,False,70,2,Tangalle Road,147.13699273102299
33389417,33389341,A2,AA002,Colombo - Galle - Hambantota - Wellawaya,trunk,False,70,2,Tangalle Road,2950.973138555024
33389466,1750306782,A2,AA002,Colombo - Galle - Hambantota - Wellawaya,trunk,False,70,2,Tangalle Road,3009.2328429374757
33389466,250131591,A2,AA002,Colombo - Galle - Hambantota - Wellawaya,trunk,False,70,2,Tangalle Road,4824.890602888663
35436490,258029156,A1,AA001,Colombo - Kandy,trunk,False,60,2,Colombo Road,192.31415942434043
35436490,7094700078,A1,AA001,Colombo - Kandy,trunk,False,60,2,Colombo Road,18.0977895661637
44265232,2610876638,A2,AA002,Colombo - Galle - Hambantota - Wellawaya,trunk,False,70,2,"['Tissa Road', 'Kuda Oya Bridge', 'Hambantota-Wellawaya Road']",24937.559965107946
44265232,44265234,A2,AA002,Colombo - Galle - Hambantota - Wellawaya,trunk,False,70,2,Tissa Road,428.26964759668834
44265234,13739751298,A4,AA004,Colombo - Ratnapura - Wellawaya - Batticaloa,trunk,False,70,2,Wellawaya-Pottuvil Road,7.393315541458427
44265234,1135398600,A4,AA004,Colombo - Ratnapura - Wellawaya - Batticaloa,trunk,False,70,2,Wellawaya-Pottuvil Road,555.8492928618789
44265234,44265232,A2,AA002,Colombo - Galle - Hambantota - Wellawaya,trunk,False,70,2,Tissa Road,428.26964759668834
44265239,603240642,A23,AA023,Wellawaya - Ella - Kumbalwela,trunk,False,60,2,Major Montegu Jayawickrama Mawatha,408.9181601337827
44265239,6658588595,A23,AA023,Wellawaya - Ella - Kumbalwela,trunk,False,60,2,Wellawaya-Ella-Kumbalwela Road,26697.63694484478
44534497,138713209,A2,AA002,Colombo - Galle - Hambantota - Wellawaya,trunk,True,60,2,Main Street,36.209397655338385
44534497,44534546,A2,AA002,Colombo - Galle - Hambantota - Wellawaya,trunk,False,60,4,Main Street,30.402935461902736
44534546,44534497,A2,AA002,Colombo - Galle - Hambantota - Wellawaya,trunk,False,60,4,Main Street,30.402935461902732
47822231,8703211017,A2,AA002,Colombo - Galle - Hambantota - Wellawaya,trunk,False,70,4,Matara Road,861.0424354610827
47822231,47824936,A2,AA002,Colombo - Galle - Hambantota - Wellawaya,trunk,False,70,4,Matara Road,111.43194604167623
47824936,47822231,A2,AA002,Colombo - Galle - Hambantota - Wellawaya,trunk,False,70,4,Matara Road,111.43194604167624
49364006,49364356,A23,AA023,Wellawaya - Ella - Kumbalwela,trunk,False,60,2,Wellawaya-Ella-Kumbalwela Road,2805.211052211549
49364006,6658588595,A23,AA023,Wellawaya - Ella - Kumbalwela,trunk,False,60,2,Wellawaya-Ella-Kumbalwela Road,364.4161851258657
49364356,49364006,A23,AA023,Wellawaya - Ella - Kumbalwela,trunk,False,60,2,Wellawaya-Ella-Kumbalwela Road,2805.211052211549
49364356,77512695,A16,AA016,Beragala - Hali-Ela,trunk,False,70,2,Badulla-Bandarawela Road,2283.3246660648438
49364356,2145042656,A16,AA016,Beragala - Hali-Ela,trunk,False,70,2,Badulla-Bandarawela Road,4930.730258955189
49368092,2078611991,A5,AA005,Peradeniya - Badulla - Chenkaladi,trunk,False,60,2,Nuwara Eliya-Badulla Road,6026.814144400998
49368092,3682574805,A5,AA005,Peradeniya - Badulla - Chenkaladi,trunk,False,60,2,Nuwara Eliya-Badulla Road,7809.767367089599
49368243,1147075948,A5,AA005,Peradeniya - Badulla - Chenkaladi,trunk,False,60,2,Nuwara Eliya-Badulla Road,13724.341341810417
49368243,2026114937,A5,AA005,Peradeniya - Badulla - Chenkaladi,trunk,False,60,2,Nuwara Eliya-Badulla Road,351.41776503154233
49371992,77682693,A5,AA005,Peradeniya - Badulla - Chenkaladi,trunk,False,50,2,Queen Elizabeth Drive,608.455498087745
49371992,3584750699,A5,AA005,Peradeniya - Badulla - Chenkaladi,trunk,False,60,2,Kandy Road,552.0827390859297
49378902,3217407684,A5,AA005,Peradeniya - Badulla - Chenkaladi,trunk,False,60,2,Nuwara Eliya Road,1393.4015711438212
49378902,1834922625,A5,AA005,Peradeniya - Badulla - Chenkaladi,trunk,False,60,2,Nuwara Eliya Road,12237.541873641989
50366409,617823296,A1,AA001,Colombo - Kandy,trunk,False,70,2,Colombo-Kandy Road,4160.765647352335
50366409,324965926,A1,AA001,Colombo - Kandy,trunk,False,70,2,Colombo-Kandy Road,335.9360775890669
50366409,324965995,A1,AA001,Colombo - Kandy,trunk,False,70,2,Colombo-Kandy Road,330.9629780008951
50415021,665685894,A2,AA002,Colombo - Galle - Hambantota - Wellawaya,trunk,True,50,2,Galle Road,196.87949808937424
50415165,12109482770,A2,AA002,Colombo - Galle - Hambantota - Wellawaya,trunk,False,"['60', '50']",4,Galle Road,4154.12525690179
50415165,1138325237,A2,AA002,Colombo - Galle - Hambantota - Wellawaya,trunk,False,60,,Galle Road,2352.628101421247
50415206,9634869050,A2,AA002,Colombo - Galle - Hambantota - Wellawaya,trunk,True,60,,Galle Road,19.60995242044626
50422936,2361900649,A2,AA002,Colombo - Galle - Hambantota - Wellawaya,trunk,True,60,3,Galle Road,282.72137840280834
54398901,1781355217,A2,AA002,Colombo - Galle - Hambantota - Wellawaya,trunk,False,70,4,Galle Road,1065.9441947904702
54398901,7095171150,A2,AA002,Colombo - Galle - Hambantota - Wellawaya,trunk,False,70,4,Galle Road,3568.449395602604
59947552,6492867596,A17,AA017,Galle - Deniyaya - Madampe,trunk,False,70,2,Akuressa Road,1304.4375188705828
59947552,8703211017,A2,AA002,Colombo - Galle - Hambantota - Wellawaya,trunk,False,70,4,Matara Road,546.3724385768845
59947552,309913698,A2,AA002,Colombo - Galle - Hambantota - Wellawaya,trunk,False,70,4,Matara Road,188.50371828543953
60654455,1231879141,A2,AA002,Colombo - Galle - Hambantota - Wellawaya,trunk,False,60,"['2', '4']",Matara Road,6118.292848401263
60654455,1675705732,A2,AA002,Colombo - Galle - Hambantota - Wellawaya,trunk,False,60,4,Matara Road,243.06514426080494
60797056,60797372,A2,AA002,Colombo - Galle - Hambantota - Wellawaya,trunk,True,50,2,Galle Road,144.1291780472259
60797372,1249801968,A2,AA002,Colombo - Galle - Hambantota - Wellawaya,trunk,True,50,2,Galle Road,913.2093759407792
60797439,10603977997,A2,AA002,Colombo - Galle - Hambantota - Wellawaya,trunk,True,60,2,Galle Road,1906.126514105971
60797607,1138325237,A2,AA002,Colombo - Galle - Hambantota - Wellawaya,trunk,True,60,,Galle Road,199.3106675861649
60797926,3090456359,A2,AA002,Colombo - Galle - Hambantota - Wellawaya,trunk,False,"['70', '50']",2,Galle Road,6431.443333586588
60797926,1781355217,A2,AA002,Colombo - Galle - Hambantota - Wellawaya,trunk,False,70,"['4', '2']",Galle Road,1673.359310340018
60798009,7085495071,A2,AA002,Colombo - Galle - Hambantota - Wellawaya,trunk,True,60,3,Galle Road,1092.565359681876
61802472,1431441533,A1,AA001,Colombo - Kandy,trunk,True,60,3,"['Baseline Road', 'Dr. Danister de Silva Mawatha']",634.05652534005
61802550,253022456,A1,AA001,Colombo - Kandy,trunk,True,60,3,New Kelani Bridge Road,36.45854002437077
77368738,3379676395,A2,AA002,Colombo - Galle - Hambantota - Wellawaya,trunk,True,60,2,Colombo Road,44.060571699630074
77379011,1340667695,A2,AA002,Colombo - Galle - Hambantota - Wellawaya,trunk,False,70,4,Matara-Hambantota Road,11499.342150467854
77379011,3960868163,A2,AA002,Colombo - Galle - Hambantota - Wellawaya,trunk,False,70,4,Matara-Hambantota Road,19.925510212326756
77379074,3960797189,A2,AA002,Colombo - Galle - Hambantota - Wellawaya,trunk,True,70,2,Matara-Hambantota Road,15.27669336906111
77379074,3960868163,A2,AA002,Colombo - Galle - Hambantota - Wellawaya,trunk,False,70,4,Matara-Hambantota Road,496.9723444852068
77381284,4365280299,A16,AA016,Beragala - Hali-Ela,trunk,True,40,1,Beragala-Hali-Ela Road,28.69666258752661
77381284,2026106458,A16,AA016,Beragala - Hali-Ela,trunk,False,60,2,Beragala-Hali-Ela Road,155.92811919812365
77512695,49364356,A16,AA016,Beragala - Hali-Ela,trunk,False,70,2,Badulla-Bandarawela Road,2283.3246660648447
77512695,5018474141,A16,AA016,Beragala - Hali-Ela,trunk,True,70,1,Badulla-Bandarawela Road,126.78346274702972
77682693,2035811429,A5,AA005,Peradeniya - Badulla - Chenkaladi,trunk,False,50,2,Queen Elizabeth Drive,202.26184497315472
77682693,49371992,A5,AA005,Peradeniya - Badulla - Chenkaladi,trunk,False,50,2,Queen Elizabeth Drive,608.4554980877447
77684317,3390636008,A5,AA005,Peradeniya - Badulla - Chenkaladi,trunk,False,60,2,Badulla Road,138.27039407974019
77684317,3390634865,A5,AA005,Peradeniya - Badulla - Chenkaladi,trunk,False,60,2,Badulla Road,210.6446165839642
77844809,5018474141,A16,AA016,Beragala - Hali-Ela,trunk,False,70,2,Badulla-Bandarawela Road,5444.360603624775
91030247,7153699537,A2,AA002,Colombo - Galle - Hambantota - Wellawaya,trunk,True,60,2,Galle Face Centre Road,202.43382226570338
98554099,98554144,A17,AA017,Galle - Deniyaya - Madampe,trunk,False,70,2,Deniyaya Road,2551.310207965684
98554099,252541774,A17,AA017,Galle - Deniyaya - Madampe,trunk,False,70,2,Deniyaya Road,8438.220214796665
98554144,98554769,A17,AA017,Galle - Deniyaya - Madampe,trunk,False,70,2,"['Akuressa Road', 'Deniyaya Road']",12228.575767434484
98554144,98554099,A17,AA017,Galle - Deniyaya - Madampe,trunk,False,70,2,Deniyaya Road,2551.3102079656837
98554769,2164965693,A17,AA017,Galle - Deniyaya - Madampe,trunk,False,70,2,Deniyaya Road,99.23555392430535
98554769,98554144,A17,AA017,Galle - Deniyaya - Madampe,trunk,False,70,2,"['Akuressa Road', 'Deniyaya Road']",12228.57576743448
98554769,1231840453,A24,AA024,Matara - Akuressa,trunk,False,"['72', '70']",2,"['Matara-Akuressa Road', 'Matara Road']",9075.628777470327
102737773,102737884,A2,AA002,Colombo - Galle - Hambantota - Wellawaya,trunk,False,70,2,Matara-Hambantota Road,50.55579977530333
102737773,3256396052,A2,AA002,Colombo - Galle - Hambantota - Wellawaya,trunk,False,70,2,Matara-Hambantota Road,39.88064403954145
102737846,3592218007,A2,AA002,Colombo - Galle - Hambantota - Wellawaya,trunk,False,70,2,Matara-Hambantota Road,432.4873255749472
102737846,102737884,A2,AA002,Colombo - Galle - Hambantota - Wellawaya,trunk,False,70,2,Matara-Hambantota Road,54.839047166000306
102737884,102737846,A2,AA002,Colombo - Galle - Hambantota - Wellawaya,trunk,False,70,2,Matara-Hambantota Road,54.83904716600031
102737884,102737773,A2,AA002,Colombo - Galle - Hambantota - Wellawaya,trunk,False,70,2,Matara-Hambantota Road,50.55579977530333
127658294,248608270,A0,AA000,Kollupitiya - Sri Jayewardenepura,trunk,False,60,2,Horton Place,419.7904369353131
127658294,4798976659,A0,AA000,Kollupitiya - Sri Jayewardenepura,trunk,False,60,2,"['Dudley Senanayake Mawatha', 'Horton Place']",589.0864614214894
127658312,191792898,A2,AA002,Colombo - Galle - Hambantota - Wellawaya,trunk,True,60,4,Galle Road,393.49623176918766
127659606,191856851,A7,AA007,Avissawella - Hatton - Nuwara Eliya,trunk,False,60,2,Yatiyantota Road,5453.6356650867
127659606,3095525776,A7,AA007,Avissawella - Hatton - Nuwara Eliya,trunk,False,60,2,"['Talduwa Bridge', 'Yatiyantota Road']",1381.500348793711
127660871,2247695861,A4,AA004,Colombo - Ratnapura - Wellawaya - Batticaloa,trunk,True,50,2,H. Sri Nassanka Mawatha (High Level Road),207.61067836565033
127660889,10771363400,A4,AA004,Colombo - Ratnapura - Wellawaya - Batticaloa,trunk,True,50,2,High Level Road,480.88447920840866
129605583,1212770520,A8,AA008,Panadura - Nambapana - Ratnapura,trunk,False,"['70', '50']",2,Horana Road,2630.4971084531153
129605583,256663997,A8,AA008,Panadura - Nambapana - Ratnapura,trunk,False,50,2,Horana Road,399.2120778133854
129607626,1723172770,A4,AA004,Colombo - Ratnapura - Wellawaya - Batticaloa,trunk,False,60,1,High Level Road,464.7714684876607
129607626,1697583102,A4,AA004,Colombo - Ratnapura - Wellawaya - Batticaloa,trunk,False,60,1,High Level Road,61.51756094245445
129610044,1150403364,A4,AA004,Colombo - Ratnapura - Wellawaya - Batticaloa,trunk,False,60,2,High Level Road,1145.286693329016
129610044,1697437102,A4,AA004,Colombo - Ratnapura - Wellawaya - Batticaloa,trunk,False,60,"['1', '2']",High Level Road,5120.462948047061
129615686,2068162856,A4,AA004,Colombo - Ratnapura - Wellawaya - Batticaloa,trunk,False,60,,High Level Road,2043.7095440486082
129615686,1430578050,A4,AA004,Colombo - Ratnapura - Wellawaya - Batticaloa,trunk,False,60,,High Level Road,1612.913534332732
129615826,635164975,A4,AA004,Colombo - Ratnapura - Wellawaya - Batticaloa,trunk,True,60,"['3', '2']",High Level Road,1975.0103667312417
129615826,642867474,A4,AA004,Colombo - Ratnapura - Wellawaya - Batticaloa,trunk,False,60,4,High Level Road,70.0928172002756
129615869,619918508,A4,AA004,Colombo - Ratnapura - Wellawaya - Batticaloa,trunk,False,50,,High Level Road,616.1506795231898
129615869,619956323,A4,AA004,Colombo - Ratnapura - Wellawaya - Batticaloa,trunk,False,50,,High Level Road,1443.4758677644256
129615924,9959089698,A4,AA004,Colombo - Ratnapura - Wellawaya - Batticaloa,trunk,False,50,4,High Level Road,565.3707484888826
129615924,2071116345,A4,AA004,Colombo - Ratnapura - Wellawaya - Batticaloa,trunk,False,"['60', '50']",,High Level Road,975.8163318056761
129615942,9959089698,A4,AA004,Colombo - Ratnapura - Wellawaya - Batticaloa,trunk,False,50,4,High Level Road,24.78476408691185
129615942,651260245,A4,AA004,Colombo - Ratnapura - Wellawaya - Batticaloa,trunk,False,50,4,High Level Road,33.45358333579149
130019052,4515020714,A2,AA002,Colombo - Galle - Hambantota - Wellawaya,trunk,True,60,,Galle Road,255.19733919850887
130445177,1138481094,A2,AA002,Colombo - Galle - Hambantota - Wellawaya,trunk,False,70,2,Galle Road,302.9117384758351
130445177,130445309,A2,AA002,Colombo - Galle - Hambantota - Wellawaya,trunk,False,70,2,Galle Road,235.54473613120663
130445309,130445177,A2,AA002,Colombo - Galle - Hambantota - Wellawaya,trunk,False,70,2,Galle Road,235.54473613120663
130445309,130445589,A2,AA002,Colombo - Galle - Hambantota - Wellawaya,trunk,False,70,2,Galle Road,1038.946846708434
130445589,130445309,A2,AA002,Colombo - Galle - Hambantota - Wellawaya,trunk,False,70,2,Galle Road,1038.946846708434
130445589,248048875,A2,AA002,Colombo - Galle - Hambantota - Wellawaya,trunk,False,70,"['4', '2']",Galle Road,5841.741378795209
130462216,1231879141,A2,AA002,Colombo - Galle - Hambantota - Wellawaya,trunk,False,60,2,Matara Road,4202.630623823434
138713219,5234940056,A2,AA002,Colombo - Galle - Hambantota - Wellawaya,trunk,True,60,2,Colombo Road,44.044767751726624
191792898,666903979,A2,AA002,Colombo - Galle - Hambantota - Wellawaya,trunk,True,"['70', '60']",4,Galle Road,188.14636817703823
191794735,7081602427,A2,AA002,Colombo - Galle - Hambantota - Wellawaya,trunk,True,60,2,Galle Face Centre Road,297.2191736547771
191799826,6272039662,A0,AA000,Kollupitiya - Sri Jayewardenepura,trunk,True,60,2,Ananda Coomaraswamy Mawatha,40.02475381936586
191816795,269351942,A4,AA004,Colombo - Ratnapura - Wellawaya - Batticaloa,trunk,False,60,4,Sir Ernest de Silva Mawatha,381.9370594635275
191856851,8169922827,A7,AA007,Avissawella - Hatton - Nuwara Eliya,trunk,False,60,2,Yatiyantota Road,868.0802294017784
191856851,127659606,A7,AA007,Avissawella - Hatton - Nuwara Eliya,trunk,False,60,2,Yatiyantota Road,5453.6356650867065
198601066,3217150026,A21,AA021,Kegalle - Bulathkohupitiya - Karawanella,trunk,True,40,1,Kegalle-Bulathkohupitiya-Karawanella Road,36.65761657148429
198601066,5153458214,A21,AA021,Kegalle - Bulathkohupitiya - Karawanella,trunk,False,60,2,Kegalle-Bulathkohupitiya-Karawanella Road,2853.293179883989
198851718,248048875,A2,AA002,Colombo - Galle - Hambantota - Wellawaya,trunk,False,70,"['2', '4']",Galle Road,5949.013666842821
198851718,3090460083,A2,AA002,Colombo - Galle - Hambantota - Wellawaya,trunk,False,"['70', '50']","['2', '4']",Galle Road,4466.136577000102
206594633,127660871,A4,AA004,Colombo - Ratnapura - Wellawaya - Batticaloa,trunk,True,50,2,"['H. Sri Nassanka Mawatha (High Level Road)', 'H. Sri Nassanka Mawatha (Maya Avenue)']",197.84751564682773
206596162,1475773455,A3,AA003,Peliyagoda - Puttalam,trunk,True,60,2,Negombo Road,474.18491407964456
206597309,3805872958,A3,AA003,Peliyagoda - Puttalam,trunk,True,60,2,Negombo Road,950.760219611758
245519497,1446610199,A8,AA008,Panadura - Nambapana - Ratnapura,trunk,False,50,2,Ratnapura Road,25.719062035215792
245519497,256663997,A8,AA008,Panadura - Nambapana - Ratnapura,trunk,False,50,2,Horana Road,355.8081136687123
245519498,1446610199,A8,AA008,Panadura - Nambapana - Ratnapura,trunk,False,50,2,Ratnapura Road,134.17202951218877
245519498,253718899,A8,AA008,Panadura - Nambapana - Ratnapura,trunk,False,50,2,Ratnapura Road,371.69642207194715
247139123,247139339,A7,AA007,Avissawella - Hatton - Nuwara Eliya,trunk,False,70,2,Hatton Road,5319.431763175388
247139123,1190507161,A7,AA007,Avissawella - Hatton - Nuwara Eliya,trunk,False,70,2,Hatton Road,703.0620367899877
247139339,5252242488,A7,AA007,Avissawella - Hatton - Nuwara Eliya,trunk,False,70,2,Hatton Road,7998.773326826268
247139339,247139123,A7,AA007,Avissawella - Hatton - Nuwara Eliya,trunk,False,70,2,Hatton Road,5319.431763175384
247140202,4108748760,A7,AA007,Avissawella - Hatton - Nuwara Eliya,trunk,False,70,2,Talawakelle Road,4187.921911825382
247140202,4507913122,A7,AA007,Avissawella - Hatton - Nuwara Eliya,trunk,False,"['70', '50']",2,"['Main Street', 'Talawakelle Road']",5755.458720877075
247140495,247140995,A7,AA007,Avissawella - Hatton - Nuwara Eliya,trunk,False,70,2,Nanu Oya Road,10280.07102737902
247140495,3517327762,A7,AA007,Avissawella - Hatton - Nuwara Eliya,trunk,False,70,2,Nanu Oya Road,6773.409854846212
247140995,247141016,A7,AA007,Avissawella - Hatton - Nuwara Eliya,trunk,False,"['70', '50']",2,"['Main Street', 'Nanu Oya Road']",875.7626020622546
247140995,247140495,A7,AA007,Avissawella - Hatton - Nuwara Eliya,trunk,False,70,2,Nanu Oya Road,10280.071027379012
247141016,247140995,A7,AA007,Avissawella - Hatton - Nuwara Eliya,trunk,False,"['70', '50']",2,"['Main Street', 'Nanu Oya Road']",875.7626020622546
247141016,3390658487,A7,AA007,Avissawella - Hatton - Nuwara Eliya,trunk,False,70,2,"['Main Street', 'Nanu Oya Road']",4512.2642232096405
248048875,130445589,A2,AA002,Colombo - Galle - Hambantota - Wellawaya,trunk,False,70,"['4', '2']",Galle Road,5841.741378795212
248048875,198851718,A2,AA002,Colombo - Galle - Hambantota - Wellawaya,trunk,False,70,"['4', '2']",Galle Road,5949.01366684282
248608270,127658294,A0,AA000,Kollupitiya - Sri Jayewardenepura,trunk,False,60,2,Horton Place,419.7904369353131
248608270,10682149773,A0,AA000,Kollupitiya - Sri Jayewardenepura,trunk,True,60,2,Horton Place,22.102621102505
250131591,33389466,A2,AA002,Colombo - Galle - Hambantota - Wellawaya,trunk,False,70,2,Tangalle Road,4824.890602888662
250131591,3279650333,A2,AA002,Colombo - Galle - Hambantota - Wellawaya,trunk,False,70,2,Tangalle Road,332.73020112723333
250131773,33389341,A2,AA002,Colombo - Galle - Hambantota - Wellawaya,trunk,False,70,2,Tangalle Road,431.2512243866413
250131773,2155946168,A2,AA002,Colombo - Galle - Hambantota - Wellawaya,trunk,False,70,2,Tangalle Road,1231.615086941008
250731003,13399644563,A0,AA000,Kollupitiya - Sri Jayewardenepura,trunk,True,70,2,Sri Jayewardenepura Mawatha,194.5978892106902
252541774,98554099,A17,AA017,Galle - Deniyaya - Madampe,trunk,False,70,2,Deniyaya Road,8438.220214796664
252541774,2434214580,A17,AA017,Galle - Deniyaya - Madampe,trunk,False,70,2,"['Akuressa Road', 'Deniyaya Road']",1335.56575268164
253022446,4422642586,A1,AA001,Colombo - Kandy,trunk,True,60,3,Dr. Danister de Silva Mawatha,45.79910257605009
253022456,324997824,A1,AA001,Colombo - Kandy,trunk,True,60,3,"['New Kelani Bridge Road', 'New Kelani Bridge']",725.6829789979121
253022458,1431441535,A1,AA001,Colombo - Kandy,trunk,True,60,3,"['New Kelani Bridge Road', 'Baseline Road']",117.36681790209214
253022461,253022458,A1,AA001,Colombo - Kandy,trunk,True,60,3,"['New Kelani Bridge Road', 'New Kelani Bridge']",672.5635543445587
253718899,1796922853,A8,AA008,Panadura - Nambapana - Ratnapura,trunk,False,"['70', '50']",2,Ratnapura Road,13020.355516633577
253718899,245519498,A8,AA008,Panadura - Nambapana - Ratnapura,trunk,False,50,2,Ratnapura Road,371.69642207194715
256663997,129605583,A8,AA008,Panadura - Nambapana - Ratnapura,trunk,False,50,2,Horana Road,399.2120778133854
256663997,245519497,A8,AA008,Panadura - Nambapana - Ratnapura,trunk,False,50,2,Horana Road,355.8081136687123
257926216,5693657962,A1,AA001,Colombo - Kandy,trunk,False,60,2,Sri Dalada Veediya,63.216586126728835
258025225,3213759120,A11,AA011,Maradankadawela - Habarana - Tirikkondiadimadu,trunk,False,"['70', '60', '50']",2,Habarana-Trincomalee-Batticaloa Road,18362.741077875224
258025517,1651774036,A9,AA009,Kandy - Jaffna,trunk,False,70,2,Kandy-Jaffna Road,280.2920990150264
258025517,258049598,A9,AA009,Kandy - Jaffna,trunk,False,70,2,Kandy-Jaffna Road,17026.085197342418
258029156,258029159,A5,AA005,Peradeniya - Badulla - Chenkaladi,trunk,False,50,2,Gampola Road,424.8171791821777
258029156,258029175,A1,AA001,Colombo - Kandy,trunk,False,60,2,Sirimavo Bandaranaike Mawatha (Peradeniya Road),112.73482127975241
258029156,35436490,A1,AA001,Colombo - Kandy,trunk,False,60,2,Colombo Road,192.3141594243405
258029159,258029156,A5,AA005,Peradeniya - Badulla - Chenkaladi,trunk,False,50,2,Gampola Road,424.8171791821777
258029159,2078331482,A5,AA005,Peradeniya - Badulla - Chenkaladi,trunk,False,50,2,Penideniya Road,446.09821529029574
258029175,258029156,A1,AA001,Colombo - Kandy,trunk,False,60,2,Sirimavo Bandaranaike Mawatha (Peradeniya Road),112.73482127975241
258029175,3033937981,A1,AA001,Colombo - Kandy,trunk,True,60,2,Sirimavo Bandaranaike Mawatha (Peradeniya Road),337.39670291247495
258030081,10771363401,A4,AA004,Colombo - Ratnapura - Wellawaya - Batticaloa,trunk,True,50,2,High Level Road,28.352313689079345
258030081,4582456531,A4,AA004,Colombo - Ratnapura - Wellawaya - Batticaloa,trunk,False,50,4,High Level Road,679.8829698243587
258049265,258049267,A9,AA009,Kandy - Jaffna,trunk,False,60,2,Matale Road,112.7432418149035
258049265,3616502607,A9,AA009,Kandy - Jaffna,trunk,False,60,2,Matale Road,6985.746955928247
258049267,258049265,A9,AA009,Kandy - Jaffna,trunk,False,60,2,Matale Road,112.74324181490347
258049267,1727358941,A9,AA009,Kandy - Jaffna,trunk,False,60,2,Matale Road,2671.0327318817626
258049379,3662474367,A9,AA009,Kandy - Jaffna,trunk,True,60,1,Kandy Road,43.04168653218087
258049379,3620006922,A9,AA009,Kandy - Jaffna,trunk,False,60,2,Kandy Road,2092.542833539106
258049381,2083007820,A9,AA009,Kandy - Jaffna,trunk,False,50,2,Kandy Road,79.6258148428456
258049396,258049381,A9,AA009,Kandy - Jaffna,trunk,True,60,2,Main Street (Trincomalee Street),1169.287596475904
258049396,1980552001,A9,AA009,Kandy - Jaffna,trunk,False,70,,Kandy-Jaffna Road,410.0093253799701
258049453,3710121977,A9,AA009,Kandy - Jaffna,trunk,False,70,,"['Kandy-Jaffna Road', 'Nalanda Oya Bridge']",20137.30721149442
258049453,1980552001,A9,AA009,Kandy - Jaffna,trunk,False,70,,Kandy-Jaffna Road,5588.810016391812
258049598,258025517,A9,AA009,Kandy - Jaffna,trunk,False,70,2,Kandy-Jaffna Road,17026.085197342407
258049598,3710121977,A9,AA009,Kandy - Jaffna,trunk,False,70,,Kandy-Jaffna Road,1454.4645205201195
258053453,6230885416,A0,AA000,Kollupitiya - Sri Jayewardenepura,trunk,True,70,2,Sri Jayewardenepura Mawatha,102.74331506360572
258523315,258523345,A11,AA011,Maradankadawela - Habarana - Tirikkondiadimadu,trunk,False,70,2,Habarana-Polonnaruwa-Batticaloa Road,1038.2913580164536
258523315,1241520120,A11,AA011,Maradankadawela - Habarana - Tirikkondiadimadu,trunk,False,"['70', '60']",2,"['Habarana-Trincomalee-Batticaloa Road', 'Habarana-Polonnaruwa-Batticaloa Road']",10728.042220751511
258523345,258523315,A11,AA011,Maradankadawela - Habarana - Tirikkondiadimadu,trunk,False,70,2,Habarana-Polonnaruwa-Batticaloa Road,1038.2913580164534
258523345,7734473410,A11,AA011,Maradankadawela - Habarana - Tirikkondiadimadu,trunk,True,50,2,Habarana-Polonnaruwa-Batticaloa Road,478.1119995077374
258523358,258523345,A11,AA011,Maradankadawela - Habarana - Tirikkondiadimadu,trunk,True,50,2,Habarana-Polonnaruwa-Batticaloa Road,478.12973930488323
259648460,6258386258,A4,AA004,Colombo - Ratnapura - Wellawaya - Batticaloa,trunk,False,60,3,Sir James Peiris Mawatha,901.3383872089437
259648460,3164393649,A4,AA004,Colombo - Ratnapura - Wellawaya - Batticaloa,trunk,False,60,"['3', '2']",Sir James Peiris Mawatha,256.2575304207621
263155120,3591084262,A5,AA005,Peradeniya - Badulla - Chenkaladi,trunk,False,60,2,Kandy Road,3715.249965668689
263155120,263155217,A5,AA005,Peradeniya - Badulla - Chenkaladi,trunk,False,60,2,Kandy Road,3477.853123480265
263155217,263155120,A5,AA005,Peradeniya - Badulla - Chenkaladi,trunk,False,60,2,Kandy Road,3477.853123480265
263155217,263179584,A5,AA005,Peradeniya - Badulla - Chenkaladi,trunk,False,60,2,Kandy Road,3014.0291505740593
263179584,1855322535,A5,AA005,Peradeniya - Badulla - Chenkaladi,trunk,False,50,2,Meewatura Road,1680.9618925720654
263179584,263155217,A5,AA005,Peradeniya - Badulla - Chenkaladi,trunk,False,60,2,Kandy Road,3014.0291505740597
268931354,1792664495,A4,AA004,Colombo - Ratnapura - Wellawaya - Batticaloa,trunk,False,50,6,Sri Sambuddhatwa Jayanthi Mawatha (Havelock Road),24.081835659985433
268931354,3742192428,A4,AA004,Colombo - Ratnapura - Wellawaya - Batticaloa,trunk,True,"['70', '50']",2,Sri Sambuddhatwa Jayanthi Mawatha (Havelock Road),446.37725723287906
269202453,3355393382,A0,AA000,Kollupitiya - Sri Jayewardenepura,trunk,True,60,3,Alexandra Roundabout,23.589783503531745
269202456,3355393361,A0,AA000,Kollupitiya - Sri Jayewardenepura,trunk,True,60,3,Alexandra Roundabout,6.311465138196319
269351942,6524681178,A4,AA004,Colombo - Ratnapura - Wellawaya - Batticaloa,trunk,False,60,4,Sir Ernest de Silva Mawatha,291.3436336561913
269351942,191816795,A4,AA004,Colombo - Ratnapura - Wellawaya - Batticaloa,trunk,False,60,4,Sir Ernest de Silva Mawatha,381.9370594635275
275517851,663702778,A0,AA000,Kollupitiya - Sri Jayewardenepura,trunk,True,70,4,Sri Jayewardenepura Mawatha,184.2274226723783
292783948,403881177,A3,AA003,Peliyagoda - Puttalam,trunk,True,60,2,Negombo Road,560.7916894835016
308865192,1731568828,A3,AA003,Peliyagoda - Puttalam,trunk,False,70,2,Colombo-Puttalam Road,24070.41696244744
308865192,1731470195,A3,AA003,Peliyagoda - Puttalam,trunk,False,70,2,Colombo-Puttalam Road,204.09668458036734
309033793,3510278658,A4,AA004,Colombo - Ratnapura - Wellawaya - Batticaloa,trunk,False,60,2,Ratnapura Road,663.2803121137661
309033793,3090078667,A4,AA004,Colombo - Ratnapura - Wellawaya - Batticaloa,trunk,False,72,2,Colombo-Ratnapura Road,12430.393449969244
309913698,59947552,A2,AA002,Colombo - Galle - Hambantota - Wellawaya,trunk,False,70,4,Matara Road,188.5037182854395
309913698,3081634094,A2,AA002,Colombo - Galle - Hambantota - Wellawaya,trunk,True,70,3,Matara Road,141.90421076674986
310860950,3937837818,A4,AA004,Colombo - Ratnapura - Wellawaya - Batticaloa,trunk,False,72,2,Colombo Road,2890.6165700517217
310860950,5303300108,A4,AA004,Colombo - Ratnapura - Wellawaya - Batticaloa,trunk,False,72,2,Colombo Road,128.13252458552097
310860950,1797858594,A8,AA008,Panadura - Nambapana - Ratnapura,trunk,False,"['70', '50']",2,Ratnapura Road,17821.801188926314
310863031,2152800310,A18,AA018,Pelmadulla - Embilipitiya - Nonagama,trunk,True,60,1,Pelmadulla-Embilipitiya Road,15.928074876251738
311128308,1094458277,A2,AA002,Colombo - Galle - Hambantota - Wellawaya,trunk,False,70,2,Galle Road,1538.1200264014954
311128308,1138480331,A2,AA002,Colombo - Galle - Hambantota - Wellawaya,trunk,False,70,2,Galle Road,13.811689563362455
313407297,1478609150,A3,AA003,Peliyagoda - Puttalam,trunk,True,70,2,Colombo-Puttalam Road,149.09675031404842
324965926,50366409,A1,AA001,Colombo - Kandy,trunk,False,70,2,Colombo-Kandy Road,335.93607758906705
324965995,7786917078,A1,AA001,Colombo - Kandy,trunk,True,60,2,Colombo-Kandy Road,1186.9587842830904
324965995,50366409,A1,AA001,Colombo - Kandy,trunk,False,70,2,Colombo-Kandy Road,330.9629780008951
324966462,324965926,A1,AA001,Colombo - Kandy,trunk,True,60,2,Colombo-Kandy Road,1178.8439838067054
324969585,7621971271,A1,AA001,Colombo - Kandy,trunk,True,70,2,Colombo-Kandy Road,1103.290147613051
324988637,3864419806,A1,AA001,Colombo - Kandy,trunk,True,60,2,Colombo-Kandy Road,6.953611012969262
324988797,3478551526,A1,AA001,Colombo - Kandy,trunk,True,60,2,Colombo-Kandy Road,203.24566777709612
324994643,844679704,A1,AA001,Colombo - Kandy,trunk,True,60,2,Colombo-Kandy Road,170.09537465327364
324997495,621175136,A1,AA001,Colombo - Kandy,trunk,True,60,"['3', '2']","['Kelani Railway Flyover', 'Colombo-Kandy Road']",1541.3715999887975
324997506,3431855628,A1,AA001,Colombo - Kandy,trunk,True,60,2,Colombo-Kandy Road,410.8338573545063
324997824,324998173,A1,AA001,Colombo - Kandy,trunk,True,60,2,Colombo-Kandy Road,49.27216465722033
324998173,2499137348,A1,AA001,Colombo - Kandy,trunk,True,60,2,Colombo-Kandy Road,55.80395655126346
325000016,4476504845,A1,AA001,Colombo - Kandy,trunk,True,60,"['3', '2']","['Kelani Railway Flyover', 'Colombo-Kandy Road']",1538.9042273151547
325003402,1924772358,A3,AA003,Peliyagoda - Puttalam,trunk,True,60,2,Kandy Road,61.03024758348499
325009601,1924772358,A3,AA003,Peliyagoda - Puttalam,trunk,False,60,4,Kandy Road,374.710984261841
325009601,3431855608,A3,AA003,Peliyagoda - Puttalam,trunk,True,60,2,Kandy Road,50.28899397069773
325011481,3664895156,A3,AA003,Peliyagoda - Puttalam,trunk,True,60,2,Negombo Road,339.19568810630165
374112182,1231840826,A24,AA024,Matara - Akuressa,trunk,True,70,2,Akuressa Road,305.4490382626397
403875118,275517851,A0,AA000,Kollupitiya - Sri Jayewardenepura,trunk,True,70,3,Sri Jayewardenepura Mawatha,830.0918834172778
403881177,2064203704,A3,AA003,Peliyagoda - Puttalam,trunk,True,60,2,Negombo Road,1064.8396916799315
403899731,206596162,A3,AA003,Peliyagoda - Puttalam,trunk,True,60,2,Negombo Road,2976.385608115868
403899740,8112505448,A3,AA003,Peliyagoda - Puttalam,trunk,True,60,2,Negombo Road,2973.6727650321686
403899785,3577871618,A3,AA003,Peliyagoda - Puttalam,trunk,True,60,2,Negombo Road,507.9508578010118
445260233,2087261005,A21,AA021,Kegalle - Bulathkohupitiya - Karawanella,trunk,False,60,2,"['Kegalle-Bulathkohupitiya-Karawanella Road', 'Warawala New Bridge']",1774.1057364962817
445260233,5153458215,A21,AA021,Kegalle - Bulathkohupitiya - Karawanella,trunk,False,60,2,Kegalle-Bulathkohupitiya-Karawanella Road,1797.4039743232447
445969634,3591964802,A1,AA001,Colombo - Kandy,trunk,False,70,2,Colombo-Kandy Road,15.232435503127205
445969634,570766494,A1,AA001,Colombo - Kandy,trunk,False,70,2,Colombo-Kandy Road,7497.275335918363
445970143,4929241610,A1,AA001,Colombo - Kandy,trunk,False,70,2,Colombo-Kandy Road,545.6090534528324
445970143,3219914093,A1,AA001,Colombo - Kandy,trunk,False,70,2,Colombo-Kandy Road,1127.1254738856012
562824120,7765135906,A6,AA006,Ambepussa - Kurunegala - Trincomalee,trunk,False,70,2,Kurunegala-Dambulla Road,13003.767020487729
562824120,6218784868,A6,AA006,Ambepussa - Kurunegala - Trincomalee,trunk,True,60,2,Kurunegala-Dambulla Road,405.1666297425394
562824290,7770372644,A6,AA006,Ambepussa - Kurunegala - Trincomalee,trunk,False,70,2,Kurunegala-Dambulla Road,13764.042576244212
562824290,2093608214,A6,AA006,Ambepussa - Kurunegala - Trincomalee,trunk,True,70,2,Kurunegala-Dambulla Road,858.5291632392461
566553126,7927504084,A9,AA009,Kandy - Jaffna,trunk,True,70,2,Anuradhapura Road,345.39861110871016
566569982,1181921887,A12,AA012,Puttalam - Trincomalee,trunk,True,60,,Jayanthi Mawatha,36.921663093566444
566569982,5364431661,A12,AA012,Puttalam - Trincomalee,trunk,False,60,,Jayanthi Mawatha,1168.5265192076106
566574620,1981468985,A12,AA012,Puttalam - Trincomalee,trunk,False,60,,Maithripala Senanayake Mawatha (Main Street),709.1928890592951
566574620,5785122163,A12,AA012,Puttalam - Trincomalee,trunk,False,60,,Maithripala Senanayake Mawatha (Main Street),78.60922146554857
567011644,3518437204,A9,AA009,Kandy - Jaffna,trunk,False,60,,Anuradhapura Road,6027.422589111789
567011644,4139580626,A9,AA009,Kandy - Jaffna,trunk,True,60,,Anuradhapura Road,673.2655297105733
567011739,3518437204,A9,AA009,Kandy - Jaffna,trunk,False,60,,Anuradhapura Road,4868.342112949093
567011739,8014319683,A9,AA009,Kandy - Jaffna,trunk,True,60,,Anuradhapura Road,403.33965650768
567011837,6540075346,A11,AA011,Maradankadawela - Habarana - Tirikkondiadimadu,trunk,False,60,,Maradankadawala-Habarana Road,991.1658137275957
567011837,8014319683,A11,AA011,Maradankadawela - Habarana - Tirikkondiadimadu,trunk,False,60,,Maradankadawala-Habarana Road,8699.66890647428
570765602,3088508767,A10,AA010,Katugastota - Kurunegala - Puttalam,trunk,False,60,2,T. B. Illangaratne Mawatha (Galagedara Road),195.04731668784632
570765602,3088508746,A10,AA010,Katugastota - Kurunegala - Puttalam,trunk,False,60,2,T. B. Illangaratne Mawatha (Galagedara Road),205.69552222975886
570765602,570765771,A10,AA010,Katugastota - Kurunegala - Puttalam,trunk,False,70,2,"['Galagedara Road', 'T. B. Illangaratne Mawatha (Galagedara Road)']",5640.373193555527
570765771,2131510192,A10,AA010,Katugastota - Kurunegala - Puttalam,trunk,False,70,2,Galagedara Road,897.327111499751
570765771,570765602,A10,AA010,Katugastota - Kurunegala - Puttalam,trunk,False,70,2,"['Galagedara Road', 'T. B. Illangaratne Mawatha (Galagedara Road)']",5640.3731935555215
570766494,445969634,A1,AA001,Colombo - Kandy,trunk,False,70,2,Colombo-Kandy Road,7497.275335918367
570766494,4929241606,A1,AA001,Colombo - Kandy,trunk,False,70,2,Colombo-Kandy Road,998.8320817211704
598168274,603240427,A16,AA016,Beragala - Hali-Ela,trunk,False,70,2,Haputale Road,6272.8661452386295
598168274,598168296,A16,AA016,Beragala - Hali-Ela,trunk,False,50,2,Main Street,208.19196035357555
598168296,2646312392,A16,AA016,Beragala - Hali-Ela,trunk,False,70,2,Badulla Road,2848.127290336585
598168296,598168274,A16,AA016,Beragala - Hali-Ela,trunk,False,50,2,Main Street,208.19196035357555
599347546,7085525496,A2,AA002,Colombo - Galle - Hambantota - Wellawaya,trunk,True,60,3,Galle Road,397.2042933885434
602759879,1146218640,A12,AA012,Puttalam - Trincomalee,trunk,False,60,,Harischandra Mawatha,504.41038331689435
602759879,4137359440,A12,AA012,Puttalam - Trincomalee,trunk,False,60,,Jayanthi Mawatha,610.4144991870899
602759923,5302260374,A9,AA009,Kandy - Jaffna,trunk,True,50,,Anuradhapura Road,7.763759423165601
603240427,598168274,A16,AA016,Beragala - Hali-Ela,trunk,False,70,2,Haputale Road,6272.866145238628
603240427,3157384370,A4,AA004,Colombo - Ratnapura - Wellawaya - Batticaloa,trunk,False,72,2,Ratunapura-Wellawaya Road,17715.306080638173
603240427,1712466837,A4,AA004,Colombo - Ratnapura - Wellawaya - Batticaloa,trunk,False,72,2,Ratunapura-Wellawaya Road,9453.59469843065
603240642,44265239,A23,AA023,Wellawaya - Ella - Kumbalwela,trunk,False,60,2,Major Montegu Jayawickrama Mawatha,408.91816013378275
603240642,3157384370,A4,AA004,Colombo - Ratnapura - Wellawaya - Batticaloa,trunk,False,72,2,Ratunapura-Wellawaya Road,17645.396034315265
603240642,13739751298,A4,AA004,Colombo - Ratnapura - Wellawaya - Batticaloa,trunk,False,70,2,Wellawaya-Pottuvil Road,234.58471272532046
603247200,1397128195,A2,AA002,Colombo - Galle - Hambantota - Wellawaya,trunk,False,60,2,Matara Road,24.717032394575668
603247200,1397090864,A2,AA002,Colombo - Galle - Hambantota - Wellawaya,trunk,False,60,2,Matara Road,129.72652704551567
610951677,5144316608,A2,AA002,Colombo - Galle - Hambantota - Wellawaya,trunk,True,70,2,Hambantota-Wellawaya Road,1812.7445395111713
610951677,3674777304,A2,AA002,Colombo - Galle - Hambantota - Wellawaya,trunk,False,70,2,Hambantota-Wellawaya Road,4118.514540177034
610955288,10132667231,A2,AA002,Colombo - Galle - Hambantota - Wellawaya,trunk,False,70,2,Hambantota-Wellawaya Road,17.677736464247207
610955288,2610876638,A2,AA002,Colombo - Galle - Hambantota - Wellawaya,trunk,False,70,2,Hambantota-Wellawaya Road,9404.737550035608
610970078,13055938742,A2,AA002,Colombo - Galle - Hambantota - Wellawaya,trunk,False,70,2,Hambantota-Wellawaya Road,22.520256794110413
610970078,3677422292,A2,AA002,Colombo - Galle - Hambantota - Wellawaya,trunk,False,70,2,Hambantota-Wellawaya Road,6040.490463872479
615737752,2093611694,A28,AA028,Padeniya - Anuradhapura,trunk,False,"['70', '50']",,Anuradhapura - Padeniya Road,17956.941244842907
615737752,2638058811,A28,AA028,Padeniya - Anuradhapura,trunk,False,50,,Anuradhapura - Padeniya Road,434.7543615542863
617806916,5245953970,A10,AA010,Katugastota - Kurunegala - Puttalam,trunk,True,70,,Kurunegala - Kandy Road,51.27793507020702
617806916,9513937134,A10,AA010,Katugastota - Kurunegala - Puttalam,trunk,False,50,4,Kurunegala - Kandy Road,89.83825020195857
617806943,5248343448,A10,AA010,Katugastota - Kurunegala - Puttalam,trunk,True,50,,Kurunegala - Puttalam Road,340.17017757987554
617823296,50366409,A1,AA001,Colombo - Kandy,trunk,False,70,2,Colombo-Kandy Road,4160.765647352336
617823296,3167641878,A1,AA001,Colombo - Kandy,trunk,False,70,2,Colombo-Kandy Road,6061.30767408628
617967898,1427371978,A1,AA001,Colombo - Kandy,trunk,False,70,2,Colombo-Kandy Road,464.94212262703326
617967898,617967952,A1,AA001,Colombo - Kandy,trunk,False,70,2,Colombo-Kandy Road,1833.4282886137325
617967952,617967898,A1,AA001,Colombo - Kandy,trunk,False,70,2,Colombo-Kandy Road,1833.4282886137323
617967952,5764078202,A6,AA006,Ambepussa - Kurunegala - Trincomalee,trunk,True,70,2,Ambepussa-Kurunegala Road,87.6571999326174
617967952,7087535778,A1,AA001,Colombo - Kandy,trunk,False,70,2,Colombo-Kandy Road,19.896927697693002
617968149,13811688265,A1,AA001,Colombo - Kandy,trunk,False,70,2,Colombo-Kandy Road,4352.451240173632
617968149,4929242043,A1,AA001,Colombo - Kandy,trunk,False,70,2,Colombo-Kandy Road,340.36704281965723
617968149,3851353586,A19,AA019,Polgahawela - Kegalle,trunk,False,60,2,Polgahawela-Kegalle Road,4400.680248236393
618027759,1963939812,A0,AA000,Kollupitiya - Sri Jayewardenepura,trunk,True,60,3,Srimath Anagarika Dharmapala Mawatha,60.30783895661899
618096975,620382516,A4,AA004,Colombo - Ratnapura - Wellawaya - Batticaloa,trunk,True,50,3,Cumaratunga Munidasa Mawatha,514.6550074935129
618273393,3617768739,A2,AA002,Colombo - Galle - Hambantota - Wellawaya,trunk,True,60,4,Galle Road,788.813656860558
618273393,9565952986,A2,AA002,Colombo - Galle - Hambantota - Wellawaya,trunk,True,"['55', '60']",2,Galle Road,130.39749857349207
618514963,10219043311,A0,AA000,Kollupitiya - Sri Jayewardenepura,trunk,True,70,3,Sri Jayewardenepura Mawatha,53.39291451993948
618514969,4692166486,A0,AA000,Kollupitiya - Sri Jayewardenepura,trunk,True,70,3,Sri Jayewardenepura Mawatha,75.1255438744767
618528183,2122125311,A0,AA000,Kollupitiya - Sri Jayewardenepura,trunk,True,70,2,Sri Jayewardenepura Mawatha,107.82583910107383
618604210,1400433848,A10,AA010,Katugastota - Kurunegala - Puttalam,trunk,False,60,,Katugastota-Kurunegala-Puttalam Road,206.79482615064882
618605190,4140943332,A12,AA012,Puttalam - Trincomalee,trunk,True,70,,,19.388182184443142
619152165,1429213457,A0,AA000,Kollupitiya - Sri Jayewardenepura,trunk,True,70,3,Sri Jayewardenepura Mawatha,182.47689932538123
619152185,1912464464,A0,AA000,Kollupitiya - Sri Jayewardenepura,trunk,True,70,3,Sri Jayewardenepura Mawatha,654.4597631543917
619195381,4011680781,A4,AA004,Colombo - Ratnapura - Wellawaya - Batticaloa,trunk,True,70,2,H. Sri Nassanka Mawatha (Maya Avenue),46.794933120261604
619195388,4011682730,A4,AA004,Colombo - Ratnapura - Wellawaya - Batticaloa,trunk,True,70,2,Sri Sambuddhatwa Jayanthi Mawatha (Havelock Road),50.07065200684556
619224223,1863416593,A1,AA001,Colombo - Kandy,trunk,True,60,2,Sri Saddharma Mawatha,14.080038079144455
619224226,1863416599,A1,AA001,Colombo - Kandy,trunk,True,60,2,Sri Saddharma Mawatha,13.572393503895206
619224226,12373680251,A1,AA001,Colombo - Kandy,trunk,True,60,3,Dr. Danister de Silva Mawatha,355.33023842518946
619227137,6407621053,A1,AA001,Colombo - Kandy,trunk,True,60,2,Sri Sangaraja Mawatha,34.42990220421891
619883043,1697583102,A4,AA004,Colombo - Ratnapura - Wellawaya - Batticaloa,trunk,False,60,"['1', '2']",High Level Road,6609.4438872656965
619883043,3379393108,A4,AA004,Colombo - Ratnapura - Wellawaya - Batticaloa,trunk,False,60,2,High Level Road,1471.4195900450409
619905141,4790000816,A1,AA001,Colombo - Kandy,trunk,True,70,2,Colombo-Kandy Road,5.697068498507607
619918508,129615869,A4,AA004,Colombo - Ratnapura - Wellawaya - Batticaloa,trunk,False,50,,High Level Road,616.1506795231898
619918508,5565782276,A4,AA004,Colombo - Ratnapura - Wellawaya - Batticaloa,trunk,False,50,,High Level Road,186.8598001318412
619956323,2071116345,A4,AA004,Colombo - Ratnapura - Wellawaya - Batticaloa,trunk,False,50,,High Level Road,16.81489729007958
619956323,129615869,A4,AA004,Colombo - Ratnapura - Wellawaya - Batticaloa,trunk,False,50,,High Level Road,1443.4758677644259
620382516,9924565830,A4,AA004,Colombo - Ratnapura - Wellawaya - Batticaloa,trunk,True,50,3,Cumaratunga Munidasa Mawatha,21.881068633741087
620384473,7085654863,A2,AA002,Colombo - Galle - Hambantota - Wellawaya,trunk,True,60,2,Galle Road,161.1161091010817
620529017,206597309,A3,AA003,Peliyagoda - Puttalam,trunk,True,60,2,Negombo Road,4606.569182994666
621175136,4152530090,A1,AA001,Colombo - Kandy,trunk,True,60,2,Colombo-Kandy Road,226.34564877032108
634172980,1146591926,A9,AA009,Kandy - Jaffna,trunk,False,60,,Kandy - Jaffna Road,92.33434624625478
634172980,6538140529,A9,AA009,Kandy - Jaffna,trunk,False,"['70', '60']",,"['Kandy-Jaffna Road', 'Kandy - Jaffna Road']",21407.35103383117
634172980,6286620951,A34,AA034,Mankulam - Mullaitivu,trunk,False,60,,Mankulam - Mullaitivu,23382.420017136887
635079773,3822124809,A2,AA002,Colombo - Galle - Hambantota - Wellawaya,trunk,True,70,4,Galle Road,255.08881483301303
635111100,3808874254,A4,AA004,Colombo - Ratnapura - Wellawaya - Batticaloa,"['secondary', 'trunk']",True,60,3,"['Philip Gunawardena Mawatha (Reid Avenue)', 'Philip Gunawardene Mawatha (Reid Avenue)']",196.8293557278303
635117662,4798976659,A0,AA000,Kollupitiya - Sri Jayewardenepura,trunk,True,60,2,Dudley Senanayake Mawatha (Castle Street),129.80434669981926
635164747,7085690885,A2,AA002,Colombo - Galle - Hambantota - Wellawaya,trunk,True,"['70', '50']",2,Galle Road,951.553682250559
635164975,910154883,A4,AA004,Colombo - Ratnapura - Wellawaya - Batticaloa,trunk,True,60,3,High Level Road,13.96923130893299
635166169,4692166467,A0,AA000,Kollupitiya - Sri Jayewardenepura,trunk,True,60,3,Sri Jayewardenepura Mawatha,168.64101313512185
635795993,2925773146,A2,AA002,Colombo - Galle - Hambantota - Wellawaya,trunk,True,70,5,Galle Road,452.60270348379856
635855735,3354661040,A4,AA004,Colombo - Ratnapura - Wellawaya - Batticaloa,trunk,True,60,,,47.68528608937726
635855755,635857021,A4,AA004,Colombo - Ratnapura - Wellawaya - Batticaloa,trunk,True,60,,,30.894357653720846
635857018,635855735,A4,AA004,Colombo - Ratnapura - Wellawaya - Batticaloa,trunk,True,60,,,39.90335074719237
635857020,635855755,A4,AA004,Colombo - Ratnapura - Wellawaya - Batticaloa,trunk,True,60,,,55.52171019387363
635857021,4582456543,A4,AA004,Colombo - Ratnapura - Wellawaya - Batticaloa,trunk,True,60,,,173.06691830180594
637009411,4068148608,A33,AA033,Ja-Ela - Ekala - Gampaha - Yakkala,trunk,False,40,2,Colombo Road,105.5287493243486
637009411,5315988825,A33,AA033,Ja-Ela - Ekala - Gampaha - Yakkala,trunk,False,40,2,Colombo Road,86.8289594737405
637763018,638969238,A33,AA033,Ja-Ela - Ekala - Gampaha - Yakkala,trunk,True,60,2,Gampaha-Ja Ela Road,35.297436420884246
637763018,667529248,A33,AA033,Ja-Ela - Ekala - Gampaha - Yakkala,trunk,False,"['60', '50']",2,Gampaha-Ja Ela Road,7111.099368477626
639266144,3658420115,A3,AA003,Peliyagoda - Puttalam,trunk,False,70,,Colombo-Puttalam Road,2529.0501640621187
639266144,3658467162,A3,AA003,Peliyagoda - Puttalam,trunk,False,70,2,Colombo-Puttalam Road,6269.609094970504
642867474,129615826,A4,AA004,Colombo - Ratnapura - Wellawaya - Batticaloa,trunk,False,60,4,High Level Road,70.0928172002756
642867474,6006772899,A4,AA004,Colombo - Ratnapura - Wellawaya - Batticaloa,trunk,False,"['60', '50']",4,High Level Road,60.93792829124786
645126091,3864419811,A1,AA001,Colombo - Kandy,trunk,True,60,2,Colombo-Kandy Road,7.248453729439408
651260245,129615942,A4,AA004,Colombo - Ratnapura - Wellawaya - Batticaloa,trunk,False,50,4,High Level Road,33.45358333579149
651260245,4582456543,A4,AA004,Colombo - Ratnapura - Wellawaya - Batticaloa,trunk,False,50,4,High Level Road,867.1735478792351
651637344,1278169498,A33,AA033,Ja-Ela - Ekala - Gampaha - Yakkala,trunk,False,60,2,Gampaha-Ja Ela Road,24.298000064674746
651637344,7291030424,A33,AA033,Ja-Ela - Ekala - Gampaha - Yakkala,trunk,False,60,2,Gampaha-Ja Ela Road,730.5555564818425
651637359,1278169498,A33,AA033,Ja-Ela - Ekala - Gampaha - Yakkala,trunk,False,60,2,Gampaha-Ja Ela Road,15.096377877215154
651637359,1278086605,A33,AA033,Ja-Ela - Ekala - Gampaha - Yakkala,trunk,False,60,2,Gampaha-Ja Ela Road,448.3142120811902
651747031,3448778695,A2,AA002,Colombo - Galle - Hambantota - Wellawaya,trunk,False,50,,Galle Road,912.2766141263277
651747031,2339320507,A2,AA002,Colombo - Galle - Hambantota - Wellawaya,trunk,False,50,2,Old Galle Road,5811.081702129544
652378597,2339365431,A2,AA002,Colombo - Galle - Hambantota - Wellawaya,trunk,True,50,2,Galle Road,748.4556462928002
652384089,1425700952,A2,AA002,Colombo - Galle - Hambantota - Wellawaya,trunk,True,60,3,Galle Road,20.419040892912065
652533088,3150421800,A0,AA000,Kollupitiya - Sri Jayewardenepura,trunk,True,60,2,Dudley Senanayake Mawatha (Castle Street),451.4892838764278
658424660,2028303947,A1,AA001,Colombo - Kandy,trunk,True,70,2,Colombo-Kandy Road,1397.13396420329
661806557,1249801969,A2,AA002,Colombo - Galle - Hambantota - Wellawaya,trunk,True,"['60', '50']",2,Galle Road,401.2529560092895
662848124,3574703794,A0,AA000,Kollupitiya - Sri Jayewardenepura,trunk,True,70,2,Sri Jayewardenepura Mawatha,71.21711643228139
663702778,4817216282,A0,AA000,Kollupitiya - Sri Jayewardenepura,trunk,True,70,3,Sri Jayewardenepura Mawatha,355.195865690381
665214512,665214513,A0,AA000,Kollupitiya - Sri Jayewardenepura,trunk,True,60,1,Srimath Anagarika Dharmapala Mawatha,72.16704844401258
665214512,4515020730,A2,AA002,Colombo - Galle - Hambantota - Wellawaya,trunk,True,60,2,Galle Road,311.97325822805817
665214513,618027759,A0,AA000,Kollupitiya - Sri Jayewardenepura,trunk,True,60,5,Srimath Anagarika Dharmapala Mawatha,99.27945144415936
665240022,255040405,A4,AA004,Colombo - Ratnapura - Wellawaya - Batticaloa,trunk,True,60,"['4', '2']",Sir Chittampalam A. Gardiner Mawatha,601.8056103361938
665685894,2339326612,A2,AA002,Colombo - Galle - Hambantota - Wellawaya,trunk,True,50,2,Galle Road,29.070647610016817
665685929,1418994146,A2,AA002,Colombo - Galle - Hambantota - Wellawaya,trunk_link,False,50,,,9.109201766437913
665685929,6266463975,A2,AA002,Colombo - Galle - Hambantota - Wellawaya,trunk_link,True,,,,19.15299518528448
665686664,253022446,A1,AA001,Colombo - Kandy,trunk,True,60,3,Dr. Danister de Silva Mawatha,117.95825671995748
666881493,4515020715,A2,AA002,Colombo - Galle - Hambantota - Wellawaya,trunk,True,60,2,Galle Road,324.7760793746894
666903979,635079773,A2,AA002,Colombo - Galle - Hambantota - Wellawaya,trunk,True,70,4,Galle Road,710.3549567224037
667426156,324966462,A1,AA001,Colombo - Kandy,trunk,True,70,2,Colombo-Kandy Road,2425.729969044128
667529248,667536145,A33,AA033,Ja-Ela - Ekala - Gampaha - Yakkala,trunk,False,50,2,Gampaha-Ja Ela Road,231.08497910986475
667529248,637763018,A33,AA033,Ja-Ela - Ekala - Gampaha - Yakkala,trunk,False,"['60', '50']",2,Gampaha-Ja Ela Road,7111.099368477621
667536145,3289420458,A33,AA033,Ja-Ela - Ekala - Gampaha - Yakkala,trunk,False,"['70', '50']",2,Gampaha-Ja Ela Road,2166.9011388413896
667536145,667529248,A33,AA033,Ja-Ela - Ekala - Gampaha - Yakkala,trunk,False,50,2,Gampaha-Ja Ela Road,231.08497910986472
678334663,678334730,A4,AA004,Colombo - Ratnapura - Wellawaya - Batticaloa,trunk,True,30,,,25.907519740148754
678334679,678335411,A4,AA004,Colombo - Ratnapura - Wellawaya - Batticaloa,trunk,True,60,,Sri Sambuddhatwa Jayanthi Mawatha (Havelock Road),45.442908028392495
678334696,678334663,A4,AA004,Colombo - Ratnapura - Wellawaya - Batticaloa,trunk,True,50,,,34.361488046170216
678334722,678334679,A4,AA004,Colombo - Ratnapura - Wellawaya - Batticaloa,trunk,True,60,,,36.34233823825056
678334735,618096975,A4,AA004,Colombo - Ratnapura - Wellawaya - Batticaloa,trunk,True,50,3,Philip Gunawardene Mawatha (Reid Avenue),166.55129195259764
678335411,3742192393,A4,AA004,Colombo - Ratnapura - Wellawaya - Batticaloa,trunk,False,50,4,Sri Sambuddhatwa Jayanthi Mawatha (Havelock Road),563.5474974223089
678335411,13425538963,A4,AA004,Colombo - Ratnapura - Wellawaya - Batticaloa,trunk,True,50,,Sri Sambuddhatwa Jayanthi Mawatha (Havelock Road),19.103817135322984
733573148,6535741179,A1,AA001,Colombo - Kandy,trunk,True,60,2,Colombo-Kandy Road,1751.2230436065759
843513352,5315988823,A33,AA033,Ja-Ela - Ekala - Gampaha - Yakkala,trunk,True,50,2,Colombo Road,168.19509735564088
843513354,3891382236,A33,AA033,Ja-Ela - Ekala - Gampaha - Yakkala,trunk,True,50,2,Colombo Road,70.55579140719252
844679704,645126091,A1,AA001,Colombo - Kandy,trunk,True,60,2,Colombo-Kandy Road,235.01114538948846
847851002,847869821,A9,AA009,Kandy - Jaffna,trunk,False,70,2,Kandy - Jaffna Road,293.69004712564936
847851002,847851217,A9,AA009,Kandy - Jaffna,trunk,False,70,2,Kandy - Jaffna Road,7217.084230147431
847851217,847851002,A9,AA009,Kandy - Jaffna,trunk,False,70,2,Kandy - Jaffna Road,7217.084230147431
847851217,847851287,A9,AA009,Kandy - Jaffna,trunk,False,60,2,Kandy - Jaffna Road,1958.6717457335576
847851287,4136824664,A9,AA009,Kandy - Jaffna,trunk,True,60,,Kandy - Jaffna Road,40.581700190693304
847851287,847851217,A9,AA009,Kandy - Jaffna,trunk,False,60,2,Kandy - Jaffna Road,1958.6717457335585
847869821,4136868892,A9,AA009,Kandy - Jaffna,trunk,False,70,2,Kandy - Jaffna Road,29.284997192201917
847869821,847851002,A9,AA009,Kandy - Jaffna,trunk,False,70,2,Kandy - Jaffna Road,293.6900471256494
849189814,1141723502,A9,AA009,Kandy - Jaffna,trunk,False,"['70', '50']",2,Kandy - Jaffna Road,19619.722518019455
849189814,1148495443,A9,AA009,Kandy - Jaffna,trunk,False,70,2,Kandy - Jaffna Road,2754.907930651717
849238535,1148494612,A9,AA009,Kandy - Jaffna,trunk,False,60,2,Kandy - Jaffna Road,2153.6158384134487
849238535,2152817015,A9,AA009,Kandy - Jaffna,trunk,False,60,,Kandy - Jaffna Road,4415.9056776267735
849241788,5445976497,A9,AA009,Kandy - Jaffna,trunk,False,40,,Jaffna - Kankesanthurai Road,532.014646370777
849241788,2152817015,A9,AA009,Kandy - Jaffna,trunk,False,60,,Kandy - Jaffna Road,1553.6779235548051
901009262,4062727240,A6,AA006,Ambepussa - Kurunegala - Trincomalee,trunk,True,40,1,Kandy Road,27.989935872823445
901010009,7071757658,A6,AA006,Ambepussa - Kurunegala - Trincomalee,trunk,False,70,2,Kandy Road,28383.901985852237
901010009,4336068793,A6,AA006,Ambepussa - Kurunegala - Trincomalee,trunk,False,60,2,Kandy Road,3352.336534744291
904233218,1242787976,A6,AA006,Ambepussa - Kurunegala - Trincomalee,trunk,False,60,2,Inner Harbour Road,1009.0396472939547
904233239,5202667325,A6,AA006,Ambepussa - Kurunegala - Trincomalee,trunk,False,70,2,Dambulla-Habarana Road,6354.086915070234
904233239,7599684152,A6,AA006,Ambepussa - Kurunegala - Trincomalee,trunk,True,40,1,Dambulla-Habarana Road,67.30022616517373
904233493,6537569534,A15,AA015,Batticaloa - Tirikkondiadimadu - Trincomalee,trunk,True,40,1,Trincomalee-Batticaloa Road,62.009965925307405
904233493,7051044596,A15,AA015,Batticaloa - Tirikkondiadimadu - Trincomalee,trunk,False,60,2,"['Trincomalee-Batticaloa Road', 'Kinniya Bridge']",10738.19590046743
904233581,3064571973,A6,AA006,Ambepussa - Kurunegala - Trincomalee,trunk,True,70,2,Kurunegala-Dambulla Road,1126.7226147869221
910154883,13682136255,A4,AA004,Colombo - Ratnapura - Wellawaya - Batticaloa,trunk,True,60,"['3', '2']",High Level Road,1857.0099661909505
912268077,4851065489,A4,AA004,Colombo - Ratnapura - Wellawaya - Batticaloa,trunk,False,72,2,Ratunapura-Wellawaya Road,14509.573653307598
912268077,1694691223,A4,AA004,Colombo - Ratnapura - Wellawaya - Batticaloa,trunk,False,"['72', '60']",2,"['Main Street', 'Warakatota New Bridge', 'CRWB', 'Ratunapura-Wellawaya Road']",3202.956085987354
937249756,2382076784,A26,AA026,Kandy - Mahiyangana - Padiyatalawa,trunk,False,60,2,Hewaheta Road,43.478087752794465
937249756,4177584096,A26,AA026,Kandy - Mahiyangana - Padiyatalawa,trunk,False,60,2,Hewaheta Road,39.290080792142945
937249756,2382152045,A26,AA026,Kandy - Mahiyangana - Padiyatalawa,trunk,False,60,2,Hewaheta Road,2425.6501816098544
937250000,2382076798,A26,AA026,Kandy - Mahiyangana - Padiyatalawa,trunk,False,70,2,Kandy-Mahiyanganaya Road,536.2456648700045
937250000,2334261008,A26,AA026,Kandy - Mahiyangana - Padiyatalawa,trunk,False,70,2,Kandy-Mahiyanganaya Road,9581.621707339105
970058024,12328410054,A2,AA002,Colombo - Galle - Hambantota - Wellawaya,trunk,True,60,2,New Tangalle Road,43.70464082168749
974346527,1809828943,A4,AA004,Colombo - Ratnapura - Wellawaya - Batticaloa,trunk,False,70,2,"['Colombo - Ratnapura - Wellawaya - Batticaloa Road', 'Wellawaya-Pottuvil Road']",26901.378321349544
974346527,6695208837,A4,AA004,Colombo - Ratnapura - Wellawaya - Batticaloa,trunk,True,60,1,Wellawaya-Pottuvil Road,39.699057124053525
1028522566,1028522781,A13,AA013,Galkulama - Anuradhapura,trunk,False,60,2,New Kandy Road,2725.584431077746
1028522566,1028522572,A13,AA013,Galkulama - Anuradhapura,trunk,False,60,2,Airport Road,5550.221143313936
1028522572,1028522566,A13,AA013,Galkulama - Anuradhapura,trunk,False,60,2,Airport Road,5550.221143313941
1028522572,1181921828,A13,AA013,Galkulama - Anuradhapura,trunk,False,70,2,K. B. Ratnayake Mawatha,1710.0997332399986
1028522781,1028522566,A13,AA013,Galkulama - Anuradhapura,trunk,False,60,2,New Kandy Road,2725.584431077747
1028522781,3518418196,A13,AA013,Galkulama - Anuradhapura,trunk,False,60,2,Kandy Road,4743.710566605693
1039403582,3502106859,A0,AA000,Kollupitiya - Sri Jayewardenepura,trunk,True,70,3,Sri Jayewardenepura Mawatha,339.9170940965589
1039412973,1668906602,A0,AA000,Kollupitiya - Sri Jayewardenepura,trunk,True,70,2,Sri Jayewardenepura Mawatha,8.778060365775506
1039421894,1039412973,A0,AA000,Kollupitiya - Sri Jayewardenepura,trunk,True,50,2,Sri Jayewardenepura Mawatha,10.518476681259147
1094458277,311128308,A2,AA002,Colombo - Galle - Hambantota - Wellawaya,trunk,False,70,2,Galle Road,1538.1200264014951
1094458277,1637717826,A2,AA002,Colombo - Galle - Hambantota - Wellawaya,trunk,False,70,2,Galle Road,9747.534513892717
1135398600,3351203885,A4,AA004,Colombo - Ratnapura - Wellawaya - Batticaloa,trunk,False,70,2,Wellawaya-Pottuvil Road,9735.630610187773
1135398600,44265234,A4,AA004,Colombo - Ratnapura - Wellawaya - Batticaloa,trunk,False,70,2,Wellawaya-Pottuvil Road,555.8492928618788
1138324553,1138325594,A2,AA002,Colombo - Galle - Hambantota - Wellawaya,trunk,False,60,,Galle Road,782.8552361286878
1138324553,1667080259,A2,AA002,Colombo - Galle - Hambantota - Wellawaya,trunk,False,60,,Galle Road,985.0590883370503
1138325237,50415165,A2,AA002,Colombo - Galle - Hambantota - Wellawaya,trunk,False,60,,Galle Road,2352.628101421248
1138325237,7103760769,A2,AA002,Colombo - Galle - Hambantota - Wellawaya,trunk,True,60,,Galle Road,201.16507212404636
1138325594,10130181943,A2,AA002,Colombo - Galle - Hambantota - Wellawaya,trunk,True,60,,Galle Road,125.01009742082411
1138325594,1138324553,A2,AA002,Colombo - Galle - Hambantota - Wellawaya,trunk,False,60,,Galle Road,782.8552361286879
1138480331,311128308,A2,AA002,Colombo - Galle - Hambantota - Wellawaya,trunk,False,70,2,Galle Road,13.811689563362455
1138480331,1614298412,A2,AA002,Colombo - Galle - Hambantota - Wellawaya,trunk,False,70,2,Galle Road,59.00173347303017
1138481094,3749027775,A2,AA002,Colombo - Galle - Hambantota - Wellawaya,trunk,True,70,,Galle Road,87.00110637905527
1138481094,130445177,A2,AA002,Colombo - Galle - Hambantota - Wellawaya,trunk,False,70,2,Galle Road,302.911738475835
1139248145,7094563039,A2,AA002,Colombo - Galle - Hambantota - Wellawaya,trunk,False,70,4,Matara Road,13.553421351741003
1139248145,1674485421,A2,AA002,Colombo - Galle - Hambantota - Wellawaya,trunk,False,70,4,Matara Road,9054.23237316863
1141723502,1642975181,A9,AA009,Kandy - Jaffna,trunk,False,70,2,Kandy - Jaffna Road,18410.392583079436
1141723502,849189814,A9,AA009,Kandy - Jaffna,trunk,False,"['70', '50']",2,Kandy - Jaffna Road,19619.722518019455
1146218640,2835617079,A12,AA012,Puttalam - Trincomalee,trunk,True,60,,Harischandra Mawatha,31.12616218829956
1146218640,602759879,A12,AA012,Puttalam - Trincomalee,trunk,False,60,,Harischandra Mawatha,504.4103833168944
1146591926,634172980,A9,AA009,Kandy - Jaffna,trunk,False,60,,Kandy - Jaffna Road,92.33434624625478
1146591926,2152832499,A9,AA009,Kandy - Jaffna,trunk,False,"['70', '60']",2,Kandy - Jaffna Road,29012.124724545785
1147026886,1880354575,A4,AA004,Colombo - Ratnapura - Wellawaya - Batticaloa,trunk,False,70,2,Pottuvil-Batticaloa Road,17489.757920804328
1147026886,1883639101,A4,AA004,Colombo - Ratnapura - Wellawaya - Batticaloa,trunk,False,60,2,New Kalmunai Road,637.7598656056505
1147030351,1883639101,A4,AA004,Colombo - Ratnapura - Wellawaya - Batticaloa,trunk,True,60,2,New Kalmunai Road,1352.7156246926274
1147075948,2145571047,A5,AA005,Peradeniya - Badulla - Chenkaladi,trunk,False,60,2,Nuwara Eliya Road,472.496330655329
1147075948,49368243,A5,AA005,Peradeniya - Badulla - Chenkaladi,trunk,False,60,2,Nuwara Eliya-Badulla Road,13724.341341810437
1148494612,4136824665,A9,AA009,Kandy - Jaffna,trunk,True,60,,Jaffna-Kandy Road,37.38744938502889
1148494612,849238535,A9,AA009,Kandy - Jaffna,trunk,False,60,2,Kandy - Jaffna Road,2153.615838413449
1148495443,849189814,A9,AA009,Kandy - Jaffna,trunk,False,70,2,Kandy - Jaffna Road,2754.9079306517165
1148495443,4136868892,A9,AA009,Kandy - Jaffna,trunk,False,70,2,Kandy - Jaffna Road,4141.079000188412
1150403364,1862815989,A4,AA004,Colombo - Ratnapura - Wellawaya - Batticaloa,trunk,False,60,"['1', '2']",High Level Road,1014.3062410958299
1150403364,129610044,A4,AA004,Colombo - Ratnapura - Wellawaya - Batticaloa,trunk,False,60,2,High Level Road,1145.286693329016
1181395615,3279700855,A2,AA002,Colombo - Galle - Hambantota - Wellawaya,trunk,False,60,2,Matara Road,301.7523973046347
1181395615,1397099240,A2,AA002,Colombo - Galle - Hambantota - Wellawaya,trunk,False,60,2,Matara Road,304.12419411113063
1181921828,1401472757,A13,AA013,Galkulama - Anuradhapura,trunk,False,70,2,K. B. Ratnayake Mawatha,253.6574857033558
1181921828,1028522572,A13,AA013,Galkulama - Anuradhapura,trunk,False,70,2,K. B. Ratnayake Mawatha,1710.099733239999
1190507161,247139123,A7,AA007,Avissawella - Hatton - Nuwara Eliya,trunk,False,70,2,Hatton Road,703.0620367899876
1190507161,3215382447,A7,AA007,Avissawella - Hatton - Nuwara Eliya,trunk,False,70,2,Hatton Road,5105.832204294175
1212770520,11765244590,A8,AA008,Panadura - Nambapana - Ratnapura,trunk,False,70,2,Horana Road,9.122124580316804
1212770520,129605583,A8,AA008,Panadura - Nambapana - Ratnapura,trunk,False,"['70', '50']",2,Horana Road,2630.497108453115
1231840374,1812292194,A24,AA024,Matara - Akuressa,trunk,False,60,,Matara-Akuressa Road,1254.0793509026942
1231840374,3621305202,A24,AA024,Matara - Akuressa,trunk,False,60,,Matara-Akuressa Road,225.18611157032257
1231840453,98554769,A24,AA024,Matara - Akuressa,trunk,False,"['70', '72']",2,"['Matara-Akuressa Road', 'Matara Road']",9075.628777470336
1231840453,1812292194,A24,AA024,Matara - Akuressa,trunk,False,"['72', '60']",2,Matara-Akuressa Road,3122.8261447954706
1231840774,12625589426,A24,AA024,Matara - Akuressa,trunk,True,"['70', '50']",2,Akuressa Road,1907.110793281838
1231840785,1231840774,A24,AA024,Matara - Akuressa,trunk,True,70,2,Akuressa Road,151.77384022409814
1231840826,1231840785,A24,AA024,Matara - Akuressa,trunk,True,70,2,Akuressa Road,409.88363495090346
1231879141,60654455,A2,AA002,Colombo - Galle - Hambantota - Wellawaya,trunk,False,60,"['4', '2']",Matara Road,6118.292848401267
1231879141,130462216,A2,AA002,Colombo - Galle - Hambantota - Wellawaya,trunk,False,60,2,Matara Road,4202.630623823433
1233269778,1674509843,A2,AA002,Colombo - Galle - Hambantota - Wellawaya,trunk,False,70,4,Matara Road,252.23076955059628
1233269778,33389255,A2,AA002,Colombo - Galle - Hambantota - Wellawaya,trunk,False,70,4,Matara Road,2614.2620851401903
1235750064,635166169,A0,AA000,Kollupitiya - Sri Jayewardenepura,trunk,True,"['70', '60']",3,Sri Jayewardenepura Mawatha,632.7827257460931
1235750071,1428448780,A0,AA000,Kollupitiya - Sri Jayewardenepura,trunk,True,70,3,Dudley Senanayake Mawatha (Castle Street),34.78816243289144
1235814824,2094947243,A6,AA006,Ambepussa - Kurunegala - Trincomalee,trunk,False,60,2,Kandy Road,10971.263995083209
1235814824,4336068793,A6,AA006,Ambepussa - Kurunegala - Trincomalee,trunk,False,60,2,Kandy Road,32.72041266837245
1239435066,2902101196,A10,AA010,Katugastota - Kurunegala - Puttalam,trunk,True,50,1,Kurunegala - Puttalam Road,34.5156560347308
1239435066,1247060927,A10,AA010,Katugastota - Kurunegala - Puttalam,trunk,False,60,2,Kurunegala - Puttalam Road,512.0703957611063
1239435069,2186928769,A10,AA010,Katugastota - Kurunegala - Puttalam,trunk,True,50,1,Kurunegala - Puttalam Road,20.71999770456564
1239436241,1239436268,A10,AA010,Katugastota - Kurunegala - Puttalam,trunk,False,"['70', '60']",2,"['Kurunegala - Puttalam Road', 'Kurunegala-Puttalam Road']",4194.513358711815
1239436241,3066364711,A10,AA010,Katugastota - Kurunegala - Puttalam,trunk,False,"['70', '60']",2,Kurunegala-Puttalam Road,4432.708354803903
1239436268,1247060927,A10,AA010,Katugastota - Kurunegala - Puttalam,trunk,False,60,2,Kurunegala - Puttalam Road,5049.377388374281
1239436268,1239436241,A10,AA010,Katugastota - Kurunegala - Puttalam,trunk,False,"['70', '60']",2,"['Kurunegala - Puttalam Road', 'Kurunegala-Puttalam Road']",4194.513358711815
1239489670,3174892783,A19,AA019,Polgahawela - Kegalle,trunk,True,,,Polgahawela-Kegalle Road,28.28291674137889
1239489675,1239489670,A19,AA019,Polgahawela - Kegalle,trunk,True,60,,Polgahawela-Kegalle Road,37.50427713475828
1239489675,5319762817,A19,AA019,Polgahawela - Kegalle,trunk,False,60,2,Polgahawela-Kegalle Road,75.10648442357866
1239489695,1239489675,A19,AA019,Polgahawela - Kegalle,trunk,True,60,,Polgahawela-Kegalle Road,36.951225349896625
1239489717,3174892783,A6,AA006,Ambepussa - Kurunegala - Trincomalee,trunk,True,70,2,Ambepussa-Kurunegala Road,10.246291409061305
1239489717,1239489695,A19,AA019,Polgahawela - Kegalle,trunk,True,60,,Polgahawela-Kegalle Road,36.07036730523605
1239568660,6511383104,A28,AA028,Padeniya - Anuradhapura,trunk,True,40,,Anuradhapura - Padeniya Road,37.34566046815818
1239568660,1239651798,A28,AA028,Padeniya - Anuradhapura,trunk,False,"['70', '50']",2,Anuradhapura - Padeniya Road,19416.159051118077
1239651798,1239568660,A28,AA028,Padeniya - Anuradhapura,trunk,False,"['70', '50']",2,Anuradhapura - Padeniya Road,19416.15905111807
1239651798,1239725256,A28,AA028,Padeniya - Anuradhapura,trunk,False,"['70', '50']",,Anuradhapura - Padeniya Road,11455.455031019339
1239725256,2638058713,A28,AA028,Padeniya - Anuradhapura,trunk,False,"['70', '50']",2,Anuradhapura - Padeniya Road,8956.297760310526
1239725256,1239651798,A28,AA028,Padeniya - Anuradhapura,trunk,False,"['70', '50']",,Anuradhapura - Padeniya Road,11455.455031019343
1241520120,258523315,A11,AA011,Maradankadawela - Habarana - Tirikkondiadimadu,trunk,False,"['70', '60']",2,"['Habarana-Trincomalee-Batticaloa Road', 'Habarana-Polonnaruwa-Batticaloa Road']",10728.042220751498
1241520120,1241520208,A11,AA011,Maradankadawela - Habarana - Tirikkondiadimadu,trunk,False,70,2,Habarana-Trincomalee-Batticaloa Road,221.80703530921633
1241520208,1241520120,A11,AA011,Maradankadawela - Habarana - Tirikkondiadimadu,trunk,False,70,2,Habarana-Trincomalee-Batticaloa Road,221.80703530921636
1241520208,2285202897,A11,AA011,Maradankadawela - Habarana - Tirikkondiadimadu,trunk,False,70,2,Habarana-Trincomalee-Batticaloa Road,6621.404027800603
1241527366,9322671515,A11,AA011,Maradankadawela - Habarana - Tirikkondiadimadu,trunk,False,50,2,Habarana-Polonnaruwa-Batticaloa Road,41.53874159279151
1241527366,2304485540,A11,AA011,Maradankadawela - Habarana - Tirikkondiadimadu,trunk,False,"['70', '30', '60', '50']",2,"['Manampitiya Bridge', 'Habarana-Polonnaruwa-Batticaloa Road']",10205.402798293522
1241527372,9322671515,A11,AA011,Maradankadawela - Habarana - Tirikkondiadimadu,trunk,False,50,2,Habarana-Polonnaruwa-Batticaloa Road,1686.4785045138483
1241527372,9394230354,A11,AA011,Maradankadawela - Habarana - Tirikkondiadimadu,trunk,False,50,2,Habarana-Polonnaruwa-Batticaloa Road,644.7937383080227
1242694031,4139418521,A6,AA006,Ambepussa - Kurunegala - Trincomalee,trunk,False,60,2,Kandy Road,34.73972859174893
1242694031,4139420762,A6,AA006,Ambepussa - Kurunegala - Trincomalee,trunk,False,60,2,Kandy Road,953.194456680362
1242695993,3805434522,A12,AA012,Puttalam - Trincomalee,trunk,False,60,,Puttalam-Anuradhapura-Trincomalee Road,3902.289333517795
1242695993,1242700513,A12,AA012,Puttalam - Trincomalee,trunk,False,60,,Puttalam-Anuradhapura-Trincomalee Road,959.49780859549
1242700513,1242695993,A12,AA012,Puttalam - Trincomalee,trunk,False,60,,Puttalam-Anuradhapura-Trincomalee Road,959.4978085954901
1242700513,1242703950,A12,AA012,Puttalam - Trincomalee,trunk,False,60,,Puttalam-Anuradhapura-Trincomalee Road,1480.4158684573954
1242703950,1242700513,A12,AA012,Puttalam - Trincomalee,trunk,False,60,,Puttalam-Anuradhapura-Trincomalee Road,1480.4158684573954
1242703950,2093935801,A12,AA012,Puttalam - Trincomalee,trunk,False,60,,Puttalam-Anuradhapura-Trincomalee Road,29411.171585208
1242715443,6537569534,A6,AA006,Ambepussa - Kurunegala - Trincomalee,trunk,False,60,2,Kandy Road,3827.8852360894443
1242715443,1242786013,A6,AA006,Ambepussa - Kurunegala - Trincomalee,trunk,False,60,2,Kandy Road,10769.242551171808
1242786013,1242715443,A6,AA006,Ambepussa - Kurunegala - Trincomalee,trunk,False,60,2,Kandy Road,10769.242551171807
1242786013,2094947243,A6,AA006,Ambepussa - Kurunegala - Trincomalee,trunk,False,60,2,Kandy Road,7030.063987436609
1242787976,1242795111,A6,AA006,Ambepussa - Kurunegala - Trincomalee,trunk,False,60,2,Inner Harbour Road,358.9178092362778
1242787976,904233218,A6,AA006,Ambepussa - Kurunegala - Trincomalee,trunk,False,60,2,Inner Harbour Road,1009.0396472939547
1242795099,13929460688,A6,AA006,Ambepussa - Kurunegala - Trincomalee,trunk,True,40,1,Inner Harbour Road,22.111870612666607
1242795099,1242795111,A6,AA006,Ambepussa - Kurunegala - Trincomalee,trunk,False,60,2,Inner Harbour Road,340.97075375635234
1242795111,1242795099,A6,AA006,Ambepussa - Kurunegala - Trincomalee,trunk,False,60,2,Inner Harbour Road,340.9707537563523
1242795111,1242787976,A6,AA006,Ambepussa - Kurunegala - Trincomalee,trunk,False,60,2,Inner Harbour Road,358.9178092362778
1242795139,4139440649,A6,AA006,Ambepussa - Kurunegala - Trincomalee,trunk,False,60,2,Kandy Road,174.41311616070558
1242795139,4062727240,A6,AA006,Ambepussa - Kurunegala - Trincomalee,trunk,False,60,2,Kandy Road,980.7248748377955
1245043305,4136824661,A32,AA032,Navakkuli - Kerativu - Mannar,trunk,False,70,,Navatkuli-Karaitivu-Mannar Road,8122.292352329173
1245043305,4137314888,A32,AA032,Navakkuli - Kerativu - Mannar,trunk,False,70,2,"['Sangupiddi Causeway', 'Navatkuli-Keraitivu-Mannar Road', 'Navatkuli-Karaitivu-Mannar Road']",18254.426943875624
1247060927,1239435066,A10,AA010,Katugastota - Kurunegala - Puttalam,trunk,False,60,2,Kurunegala - Puttalam Road,512.0703957611063
1247060927,1239436268,A10,AA010,Katugastota - Kurunegala - Puttalam,trunk,False,60,2,Kurunegala - Puttalam Road,5049.377388374281
1249801968,3774582589,A2,AA002,Colombo - Galle - Hambantota - Wellawaya,trunk,True,"['60', '50']",2,Galle Road,397.957620894051
1249801969,635164747,A2,AA002,Colombo - Galle - Hambantota - Wellawaya,trunk,True,50,2,Galle Road,1044.9983757369691
1249855906,50422936,A2,AA002,Colombo - Galle - Hambantota - Wellawaya,trunk,True,60,"['3', '2']",Galle Road,1556.327541053004
1268335758,2155584783,A3,AA003,Peliyagoda - Puttalam,trunk,True,70,2,Negombo Road,563.0451653299131
1269994723,4087054265,A3,AA003,Peliyagoda - Puttalam,trunk,True,60,2,Negombo Road,700.7722575290566
1274137040,665214512,A2,AA002,Colombo - Galle - Hambantota - Wellawaya,trunk,True,"['70', '60']","['3', '4']",Galle Road,24.144065850340994
1278003886,599347546,A2,AA002,Colombo - Galle - Hambantota - Wellawaya,trunk,True,60,3,Galle Road,1548.9245304308583
1278003887,2361900638,A2,AA002,Colombo - Galle - Hambantota - Wellawaya,trunk,True,50,3,Galle Road,819.4447029326735
1278079600,3164356590,A0,AA000,Kollupitiya - Sri Jayewardenepura,trunk,True,60,3,Alexandra Roundabout,25.95504240033646
1278079600,1280044911,A0,AA000,Kollupitiya - Sri Jayewardenepura,trunk,True,50,3,Ananda Coomaraswamy Mawatha,633.4801469588353
1278079633,1278079600,A0,AA000,Kollupitiya - Sri Jayewardenepura,trunk,True,60,3,Alexandra Roundabout,3.4715382339540324
1278079635,3164356590,A0,AA000,Kollupitiya - Sri Jayewardenepura,trunk,True,50,3,Ananda Coomaraswamy Mawatha,703.1517310806005
1278086414,2507098828,A3,AA003,Peliyagoda - Puttalam,trunk,True,60,2,Negombo Road,10.79447783045331
1278086605,651637359,A33,AA033,Ja-Ela - Ekala - Gampaha - Yakkala,trunk,False,60,2,Gampaha-Ja Ela Road,448.3142120811903
1278086605,2155580115,A33,AA033,Ja-Ela - Ekala - Gampaha - Yakkala,trunk,True,50,2,Gampaha-Ja Ela Road,63.55012015583456
1278169498,651637344,A33,AA033,Ja-Ela - Ekala - Gampaha - Yakkala,trunk,False,60,2,Gampaha-Ja Ela Road,24.298000064674746
1278169498,651637359,A33,AA033,Ja-Ela - Ekala - Gampaha - Yakkala,trunk,False,60,2,Gampaha-Ja Ela Road,15.096377877215154
1280044911,1307336317,A0,AA000,Kollupitiya - Sri Jayewardenepura,trunk,True,50,3,Ananda Coomaraswamy Mawatha,52.84503630534453
1280044917,6524681177,A0,AA000,Kollupitiya - Sri Jayewardenepura,trunk,True,50,3,Ananda Coomaraswamy Mawatha,123.14591635717755
1280869010,665241266,A4,AA004,Colombo - Ratnapura - Wellawaya - Batticaloa,trunk,True,60,,York Street,22.791923502608984
1280869013,665241266,A4,AA004,Colombo - Ratnapura - Wellawaya - Batticaloa,trunk,True,60,2,Lotus Road,40.961460136220275
1282529649,5352929666,A2,AA002,Colombo - Galle - Hambantota - Wellawaya,trunk,False,70,4,Matara Road,19.401608209571453
1282529649,7094563039,A2,AA002,Colombo - Galle - Hambantota - Wellawaya,trunk,False,70,4,Matara Road,1893.3556476082217
1307336317,6277534245,A0,AA000,Kollupitiya - Sri Jayewardenepura,trunk,True,60,,Ananda Coomaraswamy Mawatha,7.534026847762631
1307348559,2131864641,A0,AA000,Kollupitiya - Sri Jayewardenepura,trunk,True,60,3,Dudley Senanayake Mawatha (Castle Street),32.118437576766105
1331893829,3820002302,A5,AA005,Peradeniya - Badulla - Chenkaladi,trunk,False,50,1,Kandy Road,52.65909617483237
1331893829,3815809876,A5,AA005,Peradeniya - Badulla - Chenkaladi,trunk,False,50,2,Kandy Road,392.20002306410305
1331893829,2035811614,A5,AA005,Peradeniya - Badulla - Chenkaladi,trunk,False,50,1,Kandy Road,53.3158192735346
1340667695,1428650220,A2,AA002,Colombo - Galle - Hambantota - Wellawaya,trunk,False,70,"['2', '4']",Matara-Hambantota Road,1003.1066786816169
1340667695,77379011,A2,AA002,Colombo - Galle - Hambantota - Wellawaya,trunk,False,70,4,Matara-Hambantota Road,11499.342150467852
1346379037,1280044917,A0,AA000,Kollupitiya - Sri Jayewardenepura,trunk,True,"['60', '50']",3,Ananda Coomaraswamy Mawatha,41.795167844016696
1364655117,1640240442,A2,AA002,Colombo - Galle - Hambantota - Wellawaya,trunk,False,70,4,Matara Road,2275.8774523265006
1364655117,1397140981,A2,AA002,Colombo - Galle - Hambantota - Wellawaya,trunk,False,60,2,Matara Road,33.40484074890382
1397090864,603247200,A2,AA002,Colombo - Galle - Hambantota - Wellawaya,trunk,False,60,2,Matara Road,129.72652704551564
1397090864,3935855296,A2,AA002,Colombo - Galle - Hambantota - Wellawaya,trunk,False,60,2,Matara Road,1031.9377559687355
1397099240,1181395615,A2,AA002,Colombo - Galle - Hambantota - Wellawaya,trunk,False,60,2,Matara Road,304.1241941111307
1397099240,1397128195,A2,AA002,Colombo - Galle - Hambantota - Wellawaya,trunk,False,60,2,Matara Road,373.54967334428807
1397128195,603247200,A2,AA002,Colombo - Galle - Hambantota - Wellawaya,trunk,False,60,2,Matara Road,24.717032394575668
1397128195,1397099240,A2,AA002,Colombo - Galle - Hambantota - Wellawaya,trunk,False,60,2,Matara Road,373.5496733442881
1397140981,1397147766,A2,AA002,Colombo - Galle - Hambantota - Wellawaya,trunk,False,60,2,Matara Road,949.569202575352
1397140981,1364655117,A2,AA002,Colombo - Galle - Hambantota - Wellawaya,trunk,False,60,2,Matara Road,33.40484074890382
1397147766,3935855297,A2,AA002,Colombo - Galle - Hambantota - Wellawaya,trunk,False,60,2,Matara Road,741.8332056025913
1397147766,1397140981,A2,AA002,Colombo - Galle - Hambantota - Wellawaya,trunk,False,60,2,Matara Road,949.5692025753519
1400433848,5169879074,A10,AA010,Katugastota - Kurunegala - Puttalam,trunk,True,40,,Katugastota-Kurunegala-Puttalam Road,33.96434764824868
1400433848,618604210,A10,AA010,Katugastota - Kurunegala - Puttalam,trunk,False,60,,Katugastota-Kurunegala-Puttalam Road,206.79482615064882
1400433849,5169879054,A12,AA012,Puttalam - Trincomalee,trunk,True,40,,Anuradhapura Road,31.205745652739356
1400433849,1400433850,A12,AA012,Puttalam - Trincomalee,trunk,False,60,,Anuradhapura Road,2457.3669137694437
1400433850,1400433849,A12,AA012,Puttalam - Trincomalee,trunk,False,60,,Anuradhapura Road,2457.3669137694433
1400433850,4140943341,A12,AA012,Puttalam - Trincomalee,trunk,True,70,,,44.36841508985056
1401456407,1401456461,A12,AA012,Puttalam - Trincomalee,trunk,False,60,,Puttalam-Anuradhapura-Trincomalee Road,4331.198570701877
1401456407,2093612570,A12,AA012,Puttalam - Trincomalee,trunk,False,60,,Puttalam-Anuradhapura-Trincomalee Road,7702.633486416554
1401456461,1401456407,A12,AA012,Puttalam - Trincomalee,trunk,False,60,,Puttalam-Anuradhapura-Trincomalee Road,4331.198570701879
1401456461,7185588314,A12,AA012,Puttalam - Trincomalee,trunk,True,60,,Puttalam Road,98.54527988592987
1401472757,1181921828,A13,AA013,Galkulama - Anuradhapura,trunk,False,70,2,K. B. Ratnayake Mawatha,253.65748570335577
1401472808,12118609956,A13,AA013,Galkulama - Anuradhapura,trunk,False,70,,Bandaranaike Mawatha,428.6868750708805
1401472937,12118609958,A13,AA013,Galkulama - Anuradhapura,trunk,True,70,,Bandaranaike Mawatha,42.363093746536094
1401472941,12118609956,A13,AA013,Galkulama - Anuradhapura,trunk,True,70,,Bandaranaike Mawatha,34.451158053323006
1401473045,11743149450,A13,AA013,Galkulama - Anuradhapura,trunk,True,70,,Bandaranaike Mawatha,21.92437428507111
1401473049,11572133444,A13,AA013,Galkulama - Anuradhapura,trunk,True,70,,Bandaranaike Mawatha,36.45475550964904
1401473103,1401473132,A12,AA012,Puttalam - Trincomalee,trunk,True,70,,Jayanthi Mawatha,39.62825553404545
1401473103,13567087001,A12,AA012,Puttalam - Trincomalee,trunk,False,60,,Jayanthi Mawatha,1414.1302862902899
1418994146,665685929,A2,AA002,Colombo - Galle - Hambantota - Wellawaya,trunk_link,False,50,,,9.109201766437913
1418994146,1425700953,A2,AA002,Colombo - Galle - Hambantota - Wellawaya,trunk,True,50,3,Galle Road,936.6055659807123
1420351659,1614298412,A2,AA002,Colombo - Galle - Hambantota - Wellawaya,trunk,False,70,2,Galle Road,1523.5707288165327
1420351659,1420351935,A2,AA002,Colombo - Galle - Hambantota - Wellawaya,trunk,False,"['70', '60']",2,Galle Road,2160.7117308583775
1420351935,1420351659,A2,AA002,Colombo - Galle - Hambantota - Wellawaya,trunk,False,"['70', '60']",2,Galle Road,2160.7117308583775
1420351935,2083533106,A2,AA002,Colombo - Galle - Hambantota - Wellawaya,trunk,False,60,,Galle Road,2049.9881261564706
1425700952,3448778696,A2,AA002,Colombo - Galle - Hambantota - Wellawaya,trunk,True,"['60', '50']","['3', '2']",Galle Road,865.1378303813706
1425700953,1278003887,A2,AA002,Colombo - Galle - Hambantota - Wellawaya,trunk,True,50,3,Galle Road,21.742200576359973
1427371818,1427371952,A1,AA001,Colombo - Kandy,trunk,False,70,2,Colombo-Kandy Road,3133.1944920119095
1427371818,3167641878,A1,AA001,Colombo - Kandy,trunk,False,70,2,Colombo-Kandy Road,2760.5683096894777
1427371952,1427371978,A1,AA001,Colombo - Kandy,trunk,False,70,2,Colombo-Kandy Road,582.9145919632646
1427371952,1427371818,A1,AA001,Colombo - Kandy,trunk,False,70,2,Colombo-Kandy Road,3133.1944920119104
1427371978,617967898,A1,AA001,Colombo - Kandy,trunk,False,70,2,Colombo-Kandy Road,464.94212262703326
1427371978,1427371952,A1,AA001,Colombo - Kandy,trunk,False,70,2,Colombo-Kandy Road,582.9145919632643
1428448780,1235750064,A0,AA000,Kollupitiya - Sri Jayewardenepura,trunk,True,70,3,Sri Jayewardenepura Mawatha,38.10886716886358
1428650220,3699494976,A2,AA002,Colombo - Galle - Hambantota - Wellawaya,trunk,False,70,2,Matara-Hambantota Road,5584.115236390617
1428650220,1340667695,A2,AA002,Colombo - Galle - Hambantota - Wellawaya,trunk,False,70,"['4', '2']",Matara-Hambantota Road,1003.106678681617
1428665347,1985676796,A18,AA018,Pelmadulla - Embilipitiya - Nonagama,trunk,False,72,2,Embilipitiya-Nonagama Road,5591.468892610185
1428665347,3699457435,A18,AA018,Pelmadulla - Embilipitiya - Nonagama,trunk,False,72,2,Embilipitiya-Nonagama Road,1697.6758261441882
1429213457,6947814997,A0,AA000,Kollupitiya - Sri Jayewardenepura,trunk,True,70,3,Sri Jayewardenepura Mawatha,12.944525965544457
1429213459,403875118,A0,AA000,Kollupitiya - Sri Jayewardenepura,trunk,True,70,2,Sri Jayewardenepura Mawatha,45.53644763601168
1430578050,129615686,A4,AA004,Colombo - Ratnapura - Wellawaya - Batticaloa,trunk,False,60,,High Level Road,1612.9135343327318
1430578050,3379393108,A4,AA004,Colombo - Ratnapura - Wellawaya - Batticaloa,trunk,True,60,,High Level Road,918.107750994151
1431441533,61802550,A1,AA001,Colombo - Kandy,trunk,True,60,3,Baseline Road,91.02903861291011
1431441535,665686664,A1,AA001,Colombo - Kandy,trunk,True,60,3,"['Baseline Road', 'Dr. Danister de Silva Mawatha']",563.9323598899387
1446610177,2079215806,A8,AA008,Panadura - Nambapana - Ratnapura,trunk,False,"['70', '50']",2,Horana Road,6351.806636442795
1446610177,11765244590,A8,AA008,Panadura - Nambapana - Ratnapura,trunk,False,"['70', '50']",2,Horana Road,5316.135421980932
1446610199,245519497,A8,AA008,Panadura - Nambapana - Ratnapura,trunk,False,50,2,Ratnapura Road,25.719062035215792
1446610199,245519498,A8,AA008,Panadura - Nambapana - Ratnapura,trunk,False,50,2,Ratnapura Road,134.17202951218877
1453000665,4136994000,A35,AA035,Paranthan - Kachchai - Mullaitivu,trunk,True,60,,Paranthan-Mullaittivu Road,120.31008449926692
1453000665,1453000766,A35,AA035,Paranthan - Kachchai - Mullaitivu,trunk,False,60,,Paranthan-Mullaitivu Road,929.3885774187218
1453000766,5217538839,A35,AA035,Paranthan - Kachchai - Mullaitivu,trunk,False,60,,"['Mankulam - Mullaitivu', 'Paranthan-Mullaitivu Road']",15946.525643440438
1453000766,1453000665,A35,AA035,Paranthan - Kachchai - Mullaitivu,trunk,False,60,,Paranthan-Mullaitivu Road,929.3885774187218
1457319623,6281782186,A34,AA034,Mankulam - Mullaitivu,trunk,False,60,,Mankulam - Mullaitivu,2104.996982753485
1457319623,3679319579,A34,AA034,Mankulam - Mullaitivu,trunk,False,60,,Mankulam - Mullaitivu,17818.877859698357
1475773455,3849049823,A3,AA003,Peliyagoda - Puttalam,trunk,True,60,2,Negombo Road,3461.2916387319738
1475786189,403899785,A3,AA003,Peliyagoda - Puttalam,trunk,True,60,2,Negombo Road,1143.6937360630163
1478609150,4693290695,A3,AA003,Peliyagoda - Puttalam,trunk,True,70,2,Colombo-Puttalam Road,1583.3470253414916
1506183874,3377393479,A2,AA002,Colombo - Galle - Hambantota - Wellawaya,trunk,True,60,2,Colombo Road,199.46808438023047
1535398426,3064572227,A10,AA010,Katugastota - Kurunegala - Puttalam,trunk,False,60,,Kurunegala - Puttalam Road,1680.1596738100138
1535398426,3066364582,A10,AA010,Katugastota - Kurunegala - Puttalam,trunk,False,60,,"['Kurunegala - Puttalam Road', 'Kurunegala-Puttalam Road']",2563.0693843373247
1535398451,4067964375,A10,AA010,Katugastota - Kurunegala - Puttalam,trunk,False,70,,Kurunegala - Kandy Road,336.9318298458183
1535398451,4067967894,A10,AA010,Katugastota - Kurunegala - Puttalam,trunk,False,70,,Kurunegala - Kandy Road,1718.9134485905704
1541715354,2382030363,A15,AA015,Batticaloa - Tirikkondiadimadu - Trincomalee,trunk,True,50,2,Trincomalee Road,309.12543487672446
1545169133,3316015809,A4,AA004,Colombo - Ratnapura - Wellawaya - Batticaloa,trunk,False,60,2,"['Pottuvil-Batticaloa Road', 'Kaliyodai Bridge']",9284.687942743409
1545169133,3302172264,A4,AA004,Colombo - Ratnapura - Wellawaya - Batticaloa,trunk,False,60,2,Pottuvil-Batticaloa Road,1961.7003676876147
1571011417,3289420458,A33,AA033,Ja-Ela - Ekala - Gampaha - Yakkala,trunk,True,30,1,Gampaha-Ja Ela Road,28.71727143515827
1599036622,3279700971,A2,AA002,Colombo - Galle - Hambantota - Wellawaya,trunk,False,60,2,Matara Road,1753.5449039686468
1599036622,6542960916,A2,AA002,Colombo - Galle - Hambantota - Wellawaya,trunk,True,60,2,Matara Road,508.4283932564899
1614298412,1138480331,A2,AA002,Colombo - Galle - Hambantota - Wellawaya,trunk,False,70,2,Galle Road,59.00173347303018
1614298412,1420351659,A2,AA002,Colombo - Galle - Hambantota - Wellawaya,trunk,False,70,2,Galle Road,1523.5707288165331
1617989288,1779605042,A2,AA002,Colombo - Galle - Hambantota - Wellawaya,trunk,False,70,2,Galle Road,4247.678638204778
1617989288,3749027775,A2,AA002,Colombo - Galle - Hambantota - Wellawaya,trunk,False,70,2,Galle Road,4886.080268113503
1636603514,6492863077,A17,AA017,Galle - Deniyaya - Madampe,trunk,True,70,2,Akuressa Road,46.60407502732741
1636603514,2434214580,A17,AA017,Galle - Deniyaya - Madampe,trunk,False,70,2,Akuressa Road,6706.695034156455
1637717826,1094458277,A2,AA002,Colombo - Galle - Hambantota - Wellawaya,trunk,False,70,2,Galle Road,9747.534513892722
1637717826,1779605042,A2,AA002,Colombo - Galle - Hambantota - Wellawaya,trunk,False,70,2,Galle Road,3047.637414495731
1640240442,3365313019,A2,AA002,Colombo - Galle - Hambantota - Wellawaya,trunk,False,70,4,Matara Road,14.686239287617566
1640240442,1364655117,A2,AA002,Colombo - Galle - Hambantota - Wellawaya,trunk,False,70,4,Matara Road,2275.8774523265
1642975181,7042347620,A9,AA009,Kandy - Jaffna,trunk,False,70,2,Kandy - Jaffna Road,165.5383594037551
1642975181,1141723502,A9,AA009,Kandy - Jaffna,trunk,False,70,2,Kandy - Jaffna Road,18410.392583079432
1650097492,4885745120,A2,AA002,Colombo - Galle - Hambantota - Wellawaya,trunk,True,60,2,New Tangalle Road,44.58828233724543
1650097492,2155946168,A2,AA002,Colombo - Galle - Hambantota - Wellawaya,trunk,False,60,2,New Tangalle Road,815.0660494564441
1651774036,1692793167,A9,AA009,Kandy - Jaffna,trunk,False,70,2,Kandy-Jaffna Road,800.9346692860973
1651774036,258025517,A9,AA009,Kandy - Jaffna,trunk,False,70,2,Kandy-Jaffna Road,280.2920990150264
1651774095,6218784870,A6,AA006,Ambepussa - Kurunegala - Trincomalee,trunk,True,60,2,Kurunegala-Dambulla Road,156.52781249190159
1667080259,7103753926,A2,AA002,Colombo - Galle - Hambantota - Wellawaya,trunk,True,60,,Galle Road,1743.9284776636548
1667080259,1138324553,A2,AA002,Colombo - Galle - Hambantota - Wellawaya,trunk,False,60,,Galle Road,985.0590883370502
1668906602,1039403582,A0,AA000,Kollupitiya - Sri Jayewardenepura,trunk,True,70,2,Sri Jayewardenepura Mawatha,37.82838421705324
1674485421,1139248145,A2,AA002,Colombo - Galle - Hambantota - Wellawaya,trunk,False,70,4,Matara Road,9054.232373168627
1674485421,3081634069,A2,AA002,Colombo - Galle - Hambantota - Wellawaya,trunk,True,70,3,Matara Road,198.30571198139742
1674509843,1674510036,A2,AA002,Colombo - Galle - Hambantota - Wellawaya,trunk,True,70,2,Matara Road,590.7614789215363
1674509843,1233269778,A2,AA002,Colombo - Galle - Hambantota - Wellawaya,trunk,False,70,4,Matara Road,252.23076955059628
1674509938,10575124012,A2,AA002,Colombo - Galle - Hambantota - Wellawaya,trunk,True,70,2,Matara Road,119.82897363990077
1674510036,5352929666,A2,AA002,Colombo - Galle - Hambantota - Wellawaya,trunk,False,70,4,Matara Road,1155.5026543934036
1674510036,1674509843,A2,AA002,Colombo - Galle - Hambantota - Wellawaya,trunk,True,70,2,Matara Road,590.8666735679246
1675667180,1899261664,A15,AA015,Batticaloa - Tirikkondiadimadu - Trincomalee,trunk,False,60,2,Trincomalee Road,766.5889684010567
1675667180,13743364556,A15,AA015,Batticaloa - Tirikkondiadimadu - Trincomalee,trunk,False,"['60', '50']",2,Trincomalee Road,11616.83552934913
1675705732,60654455,A2,AA002,Colombo - Galle - Hambantota - Wellawaya,trunk,False,60,4,Matara Road,243.06514426080494
1675705732,1599036622,A2,AA002,Colombo - Galle - Hambantota - Wellawaya,trunk,True,60,2,Matara Road,604.6558268380012
1676479570,6277491043,A4,AA004,Colombo - Ratnapura - Wellawaya - Batticaloa,trunk,True,50,2,H. Sri Nassanka Mawatha (Maya Avenue),44.08050877381804
1676479570,4011680781,A4,AA004,Colombo - Ratnapura - Wellawaya - Batticaloa,trunk,False,50,4,H. Sri Nassanka Mawatha (Maya Avenue),354.9984673952262
1681115626,6495299632,A15,AA015,Batticaloa - Tirikkondiadimadu - Trincomalee,trunk,True,50,2,Trincomalee Road,35.205882779909174
1681115626,1899261664,A15,AA015,Batticaloa - Tirikkondiadimadu - Trincomalee,trunk,False,60,2,Trincomalee Road,215.4658167051593
1683151514,1683151517,A2,AA002,Colombo - Galle - Hambantota - Wellawaya,trunk,True,70,2,Galle Road,7.781469855197292
1683151516,7085684184,A2,AA002,Colombo - Galle - Hambantota - Wellawaya,trunk,True,60,2,Galle Road,538.982943216904
1683151517,9565952987,A2,AA002,Colombo - Galle - Hambantota - Wellawaya,trunk,True,70,2,Galle Road,311.78191179400443
1684344771,1684401699,A27,AA027,Ampara - Uhana - MahaOya,trunk,False,70,2,Kandy Road,166.41476151244305
1684344771,2082247583,A27,AA027,Ampara - Uhana - MahaOya,trunk,True,50,1,Kandy Road,103.86076853087111
1684401661,1684401699,A27,AA027,Ampara - Uhana - MahaOya,trunk,False,70,2,Kandy Road,306.684604457569
1684401661,2082247570,A27,AA027,Ampara - Uhana - MahaOya,trunk,False,70,2,Ampara-Uhana-Maha Oya Road,574.8623199636098
1684401699,1684401661,A27,AA027,Ampara - Uhana - MahaOya,trunk,False,70,2,Kandy Road,306.684604457569
1684401699,1684344771,A27,AA027,Ampara - Uhana - MahaOya,trunk,False,70,2,Kandy Road,166.41476151244308
1684534472,11715824051,A31,AA031,Karativu - Ampara,trunk,True,50,1,Karativu-Ampara Road,270.62344417811056
1684534495,2082247577,A31,AA031,Karativu - Ampara,trunk,True,50,1,Karativu-Ampara Road,241.63076100188013
1684534497,1685409301,A25,AA025,Siyambalanduwa - Damana - Ampara,trunk,False,60,2,Siyambalanduwa-Damana-Ampara Road,3306.0189674119715
1684534497,11715824039,A25,AA025,Siyambalanduwa - Damana - Ampara,trunk,True,60,1,Siyambalanduwa-Damana-Ampara Road,13.342536100914328
1684534499,1792802761,A31,AA031,Karativu - Ampara,trunk,False,70,2,Karativu-Ampara Road,7212.82927073435
1684534499,11715824054,A31,AA031,Karativu - Ampara,trunk,False,70,2,Karativu-Ampara Road,638.5966318609511
1684534503,1691633509,A31,AA031,Karativu - Ampara,trunk,True,50,1,Karativu-Ampara Road,14.957925121535421
1684534515,13876145708,A25,AA025,Siyambalanduwa - Damana - Ampara,trunk,True,60,1,Siyambalanduwa-Damana-Ampara Road,12.346117428939536
1684534515,11715824040,A31,AA031,Karativu - Ampara,trunk,True,50,1,Karativu-Ampara Road,5.891363178344634
1685409092,1979513531,A25,AA025,Siyambalanduwa - Damana - Ampara,trunk,False,60,2,Siyambalanduwa-Damana-Ampara Road,686.8078186961623
1685409092,13901998344,A25,AA025,Siyambalanduwa - Damana - Ampara,trunk,False,60,2,Siyambalanduwa-Damana-Ampara Road,1643.10276512224
1685409301,1979513531,A25,AA025,Siyambalanduwa - Damana - Ampara,trunk,False,60,2,Siyambalanduwa-Damana-Ampara Road,2038.357148831299
1685409301,1684534497,A25,AA025,Siyambalanduwa - Damana - Ampara,trunk,False,60,2,Siyambalanduwa-Damana-Ampara Road,3306.018967411971
1685488386,1877385011,A25,AA025,Siyambalanduwa - Damana - Ampara,trunk,False,60,2,Siyambalanduwa-Damana-Ampara Road,18775.617553243206
1685598193,1981159934,A9,AA009,Kandy - Jaffna,trunk,False,60,,Jaffna-Kandy Road,2470.2158650203473
1685598193,1732790481,A9,AA009,Kandy - Jaffna,trunk,False,60,,Jaffna-Kandy Road,9230.153053856833
1685802576,7051044595,A15,AA015,Batticaloa - Tirikkondiadimadu - Trincomalee,trunk,False,60,2,"['Trincomalee-Batticaloa Road', 'Gangai Bridge', 'Upparu Bridge', 'Ralkuli Bridge']",12090.477226038935
1685802576,13914032191,A15,AA015,Batticaloa - Tirikkondiadimadu - Trincomalee,trunk,True,60,1,Trincomalee-Batticaloa Road,16.942320527101288
1685803214,9394245013,A15,AA015,Batticaloa - Tirikkondiadimadu - Trincomalee,trunk,False,60,2,Trincomalee-Batticaloa Road,21.60735731641902
1685803214,3377492839,A15,AA015,Batticaloa - Tirikkondiadimadu - Trincomalee,trunk,False,60,2,Trincomalee-Batticaloa Road,2379.9925456303636
1691633509,1684534495,A31,AA031,Karativu - Ampara,trunk,True,50,1,Karativu-Ampara Road,141.1557318997661
1692793167,1651774036,A9,AA009,Kandy - Jaffna,trunk,False,70,2,Kandy-Jaffna Road,800.9346692860976
1692793167,4911274821,A9,AA009,Kandy - Jaffna,trunk,True,70,2,Kandy-Jaffna Road,500.7483221665037
1694691156,5300884107,A4,AA004,Colombo - Ratnapura - Wellawaya - Batticaloa,trunk,True,72,2,Colombo Road,236.06647268741418
1694691223,912268077,A4,AA004,Colombo - Ratnapura - Wellawaya - Batticaloa,trunk,False,"['72', '60']",2,"['Main Street', 'Warakatota New Bridge', 'CRWB', 'Ratunapura-Wellawaya Road']",3202.9560859873523
1694691223,1694695673,A4,AA004,Colombo - Ratnapura - Wellawaya - Batticaloa,trunk,False,72,2,Main Street,357.9651416462715
1694695673,1694691223,A4,AA004,Colombo - Ratnapura - Wellawaya - Batticaloa,trunk,False,72,2,Main Street,357.96514164627143
1694695673,5299485480,A4,AA004,Colombo - Ratnapura - Wellawaya - Batticaloa,trunk,False,72,2,Main Street,246.87676250302792
1697437102,129610044,A4,AA004,Colombo - Ratnapura - Wellawaya - Batticaloa,trunk,False,60,"['1', '2']",High Level Road,5120.462948047062
1697437102,1723172770,A4,AA004,Colombo - Ratnapura - Wellawaya - Batticaloa,trunk,False,60,1,High Level Road,77.38784509196975
1697583102,129607626,A4,AA004,Colombo - Ratnapura - Wellawaya - Batticaloa,trunk,False,60,1,High Level Road,61.51756094245445
1697583102,619883043,A4,AA004,Colombo - Ratnapura - Wellawaya - Batticaloa,trunk,False,60,"['1', '2']",High Level Road,6609.443887265691
1708349295,1828234049,A4,AA004,Colombo - Ratnapura - Wellawaya - Batticaloa,trunk,False,50,2,Main Street,350.79799038423386
1708349295,1708349377,A4,AA004,Colombo - Ratnapura - Wellawaya - Batticaloa,trunk,False,50,2,Main Street,70.87024359495118
1708349356,4891891444,A4,AA004,Colombo - Ratnapura - Wellawaya - Batticaloa,trunk,False,72,2,Ratunapura-Wellawaya Road,8.121135192890925
1708349356,1708362766,A4,AA004,Colombo - Ratnapura - Wellawaya - Batticaloa,trunk,False,72,2,Ratunapura-Wellawaya Road,35.17681027300241
1708349359,4891891444,A4,AA004,Colombo - Ratnapura - Wellawaya - Batticaloa,trunk,False,72,2,Ratunapura-Wellawaya Road,21.89423752295052
1708349359,1828217445,A4,AA004,Colombo - Ratnapura - Wellawaya - Batticaloa,trunk,False,"['72', '50']",2,"['Main Street', 'Ratunapura-Wellawaya Road']",93.95052080968992
1708349370,4891891342,A4,AA004,Colombo - Ratnapura - Wellawaya - Batticaloa,trunk,True,50,1,Ratunapura-Wellawaya Road,27.045016995353983
1708349370,4851094548,A4,AA004,Colombo - Ratnapura - Wellawaya - Batticaloa,trunk,False,72,2,Ratunapura-Wellawaya Road,15354.478068631259
1708349377,1708349295,A4,AA004,Colombo - Ratnapura - Wellawaya - Batticaloa,trunk,False,50,2,Main Street,70.87024359495118
1708349377,6228139618,A4,AA004,Colombo - Ratnapura - Wellawaya - Batticaloa,trunk,True,50,1,Ratunapura-Wellawaya Road,21.628923376339284
1708362766,1708362825,A4,AA004,Colombo - Ratnapura - Wellawaya - Batticaloa,trunk,False,72,2,Ratunapura-Wellawaya Road,295.73382030335074
1708362766,1708349356,A4,AA004,Colombo - Ratnapura - Wellawaya - Batticaloa,trunk,False,72,2,Ratunapura-Wellawaya Road,35.17681027300241
1708362825,2077442148,A4,AA004,Colombo - Ratnapura - Wellawaya - Batticaloa,trunk,False,72,2,Ratunapura-Wellawaya Road,3293.4986404317096
1708362825,1708362766,A4,AA004,Colombo - Ratnapura - Wellawaya - Batticaloa,trunk,False,72,2,Ratunapura-Wellawaya Road,295.7338203033508
1709997728,1709997745,A4,AA004,Colombo - Ratnapura - Wellawaya - Batticaloa,trunk,False,72,2,Ratunapura-Wellawaya Road,24.02754523849331
1709997728,2077442148,A4,AA004,Colombo - Ratnapura - Wellawaya - Batticaloa,trunk,False,72,2,Ratunapura-Wellawaya Road,13267.016163183749
1709997745,1712467077,A4,AA004,Colombo - Ratnapura - Wellawaya - Batticaloa,trunk,False,72,2,Ratunapura-Wellawaya Road,11288.535796682469
1709997745,1709997728,A4,AA004,Colombo - Ratnapura - Wellawaya - Batticaloa,trunk,False,72,2,Ratunapura-Wellawaya Road,24.027545238493314
1712466837,1712467077,A4,AA004,Colombo - Ratnapura - Wellawaya - Batticaloa,trunk,False,72,2,Ratunapura-Wellawaya Road,105.01355522351709
1712466837,603240427,A4,AA004,Colombo - Ratnapura - Wellawaya - Batticaloa,trunk,False,72,2,Ratunapura-Wellawaya Road,9453.594698430648
1712467077,1709997745,A4,AA004,Colombo - Ratnapura - Wellawaya - Batticaloa,trunk,False,72,2,Ratunapura-Wellawaya Road,11288.535796682463
1712467077,1712466837,A4,AA004,Colombo - Ratnapura - Wellawaya - Batticaloa,trunk,False,72,2,Ratunapura-Wellawaya Road,105.0135552235171
1720491739,2401225758,A4,AA004,Colombo - Ratnapura - Wellawaya - Batticaloa,trunk,False,70,2,Wellawaya-Pottuvil Road,8001.525298165551
1720491739,3351203885,A4,AA004,Colombo - Ratnapura - Wellawaya - Batticaloa,trunk,False,70,2,Wellawaya-Pottuvil Road,6175.005006783507
1720902666,3674777304,A2,AA002,Colombo - Galle - Hambantota - Wellawaya,trunk,False,70,2,Hambantota-Wellawaya Road,1799.6282651972379
1720902666,3677422292,A2,AA002,Colombo - Galle - Hambantota - Wellawaya,trunk,False,70,2,Hambantota-Wellawaya Road,1306.3005463769364
1722823167,1809805397,A4,AA004,Colombo - Ratnapura - Wellawaya - Batticaloa,trunk,False,70,2,Wellawaya-Pottuvil Road,7143.188067196888
1722823167,2401225758,A4,AA004,Colombo - Ratnapura - Wellawaya - Batticaloa,trunk,False,70,2,Wellawaya-Pottuvil Road,413.3764311436773
1723172770,1697437102,A4,AA004,Colombo - Ratnapura - Wellawaya - Batticaloa,trunk,False,60,1,High Level Road,77.38784509196977
1723172770,129607626,A4,AA004,Colombo - Ratnapura - Wellawaya - Batticaloa,trunk,False,60,1,High Level Road,464.77146848766074
1723290054,3145257097,A18,AA018,Pelmadulla - Embilipitiya - Nonagama,trunk,False,72,,Pelmadulla-Embilipitiya Road,26.292767839203297
1723290054,4045295806,A18,AA018,Pelmadulla - Embilipitiya - Nonagama,trunk,False,72,,Pelmadulla-Embilipitiya Road,15323.231889661018
1723700615,1750944667,A4,AA004,Colombo - Ratnapura - Wellawaya - Batticaloa,trunk,False,72,,Colombo Road,1233.8443144430828
1723700615,3937818079,A4,AA004,Colombo - Ratnapura - Wellawaya - Batticaloa,trunk,True,72,,Colombo Road,44.81602300684703
1725053695,2231309667,A4,AA004,Colombo - Ratnapura - Wellawaya - Batticaloa,trunk,False,70,2,Pottuvil-Batticloa Road,16820.02293045544
1725053695,4067142493,A4,AA004,Colombo - Ratnapura - Wellawaya - Batticaloa,trunk,False,70,2,Pottuvil-Batticloa Road,28105.99100431554
1725061738,3899387299,A15,AA015,Batticaloa - Tirikkondiadimadu - Trincomalee,trunk,False,"['60', '50']",2,"['Oddaimavadi Bridge', 'Trincomalee Road']",1086.3527484201431
1725061738,6685478667,A15,AA015,Batticaloa - Tirikkondiadimadu - Trincomalee,trunk,False,60,2,Trincomalee Road,2611.6434521834685
1725061816,9567743870,A15,AA015,Batticaloa - Tirikkondiadimadu - Trincomalee,trunk,False,60,2,Trincomalee Road,1601.1628089535636
1725061816,1725061828,A15,AA015,Batticaloa - Tirikkondiadimadu - Trincomalee,trunk,False,60,2,Trincomalee Road,90.51665167344993
1725061828,1725061816,A15,AA015,Batticaloa - Tirikkondiadimadu - Trincomalee,trunk,False,60,2,Trincomalee Road,90.51665167344993
1725061828,3377492839,A15,AA015,Batticaloa - Tirikkondiadimadu - Trincomalee,trunk,False,60,2,"['Trincomalee-Batticaloa Road', 'Panichchankeni Bridge', 'Batticaloa-Trincomalee Road', 'Verugal Aru Bridge']",50639.865621903125
1727358941,3813344287,A9,AA009,Kandy - Jaffna,trunk,False,60,2,Matale Road,772.5292378925122
1727358941,258049267,A9,AA009,Kandy - Jaffna,trunk,False,60,2,Matale Road,2671.0327318817635
1728748120,3753591917,A9,AA009,Kandy - Jaffna,trunk,True,60,,Kandy - Jaffna Road,53.422182086394166
1728748206,5156577888,A29,AA029,Vavuniya - Horowopotana,trunk,False,60,,Vavuniya-Horowpotana Road,23650.15674909614
1728748206,3753591216,A29,AA029,Vavuniya - Horowopotana,trunk,False,60,,Vavuniya-Horowpotana Road,337.0934014193801
1728838958,7085505934,A9,AA009,Kandy - Jaffna,trunk,False,60,,Kandy-Jaffna Road,20.571084286209057
1728838958,6538140524,A9,AA009,Kandy - Jaffna,trunk,False,"['70', '60']",,"['Kandy-Jaffna Road', 'Kandy - Jaffna Road', 'Jaffna-Kandy Road']",23729.926632968734
1728838995,1728838958,A30,AA030,Vavuniya - Parayanalankulam,trunk,True,60,,Mannar-Vavuniya Road,66.09916600517931
1728838995,1729992697,A30,AA030,Vavuniya - Parayanalankulam,trunk,False,60,,Vavuniya - Parayanalankulam,1005.2314288097626
1729992697,6661265112,A30,AA030,Vavuniya - Parayanalankulam,trunk,False,60,,Vavuniya - Parayanalankulam,3289.7203625728193
1729992697,1728838995,A30,AA030,Vavuniya - Parayanalankulam,trunk,False,60,,Vavuniya - Parayanalankulam,1005.2314288097626
1731470195,12620876473,A3,AA003,Peliyagoda - Puttalam,trunk,False,70,2,Colombo-Puttalam Road,5452.681835692102
1731470195,308865192,A3,AA003,Peliyagoda - Puttalam,trunk,False,70,2,Colombo-Puttalam Road,204.09668458036734
1731470200,4140985755,A10,AA010,Katugastota - Kurunegala - Puttalam,trunk,False,60,,Katugastota-Kurunegala-Puttalam Road,19.386885722721903
1731470200,4140985756,A10,AA010,Katugastota - Kurunegala - Puttalam,trunk,False,60,,Katugastota-Kurunegala-Puttalam Road,1805.9612157623787
1731568828,308865192,A3,AA003,Peliyagoda - Puttalam,trunk,False,70,2,Colombo-Puttalam Road,24070.416962447453
1731568828,3649870415,A3,AA003,Peliyagoda - Puttalam,trunk,False,70,2,Colombo-Puttalam Road,15889.173916542588
1732626393,1732626412,A14,AA014,Medawachchiya - Mannar - Talaimannar,trunk,False,60,,Medawachchiya-Talaimannar Road,6065.87401915569
1732626393,6250328435,A14,AA014,Medawachchiya - Mannar - Talaimannar,trunk,False,60,,Medawachchiya-Talaimannar Road,13167.331562240393
1732626412,1971685346,A14,AA014,Medawachchiya - Mannar - Talaimannar,trunk,False,60,,Medawachchiya-Talaimannar Road,13520.47716157244
1732626412,1732626393,A14,AA014,Medawachchiya - Mannar - Talaimannar,trunk,False,60,,Medawachchiya-Talaimannar Road,6065.874019155692
1732642149,2085159352,A14,AA014,Medawachchiya - Mannar - Talaimannar,trunk,False,60,,Medawachchiya-Talaimannar Road,23146.468381760253
1732642149,1971685346,A14,AA014,Medawachchiya - Mannar - Talaimannar,trunk,False,60,,Medawachchiya-Talaimannar Road,4211.045289625782
1732642149,6661265112,A30,AA030,Vavuniya - Parayanalankulam,trunk,False,60,,Vavuniya - Parayanalankulam,31249.46983283199
1732649294,1981159938,A14,AA014,Medawachchiya - Mannar - Talaimannar,trunk,False,60,,Medawachchiya-Talaimannar Road,15785.732090310583
1732649294,2085159352,A14,AA014,Medawachchiya - Mannar - Talaimannar,trunk,False,60,,Medawachchiya-Talaimannar Road,2500.398590613495
1732790481,1685598193,A9,AA009,Kandy - Jaffna,trunk,False,60,,Jaffna-Kandy Road,9230.15305385684
1732790481,1886079221,A9,AA009,Kandy - Jaffna,trunk,False,60,,Jaffna-Kandy Road,1704.5208727249587
1735981103,7042347624,A35,AA035,Paranthan - Kachchai - Mullaitivu,trunk,True,70,,Paranthan - Mullaitivu,29.877108917301516
1735981103,7042347632,A9,AA009,Kandy - Jaffna,trunk,False,70,2,Kandy - Jaffna Road,7.664957437378372
1735981103,7042347620,A9,AA009,Kandy - Jaffna,trunk,False,70,2,Kandy - Jaffna Road,19.58994842868601
1737618827,2152800310,A18,AA018,Pelmadulla - Embilipitiya - Nonagama,trunk,False,60,,Pelmadulla-Embilipitiya Road,6033.451426475687
1737618827,4851072866,A18,AA018,Pelmadulla - Embilipitiya - Nonagama,trunk,True,,1,Pelmadulla-Embilipitiya Road,21.304596961369324
1740742111,5576657112,A12,AA012,Puttalam - Trincomalee,trunk,False,50,,Puttalam-Anuradhapura-Trincomalee Road,129.08186779728842
1740742111,3492721845,A29,AA029,Vavuniya - Horowopotana,trunk,False,60,,Vavuniya-Horowpotana Road,18180.852386889823
1740742111,2093935801,A12,AA012,Puttalam - Trincomalee,trunk,False,"['70', '60', '50']",,Puttalam-Anuradhapura-Trincomalee Road,11783.019957570632
1744448774,13055938742,A2,AA002,Colombo - Galle - Hambantota - Wellawaya,trunk,False,70,2,Hambantota-Wellawaya Road,18.427190930241963
1744448774,13689191650,A2,AA002,Colombo - Galle - Hambantota - Wellawaya,trunk,False,70,2,Hambantota-Wellawaya Road,4907.281445220159
1745895523,1813587322,A2,AA002,Colombo - Galle - Hambantota - Wellawaya,trunk,False,70,2,Tangalle Road,9876.97251735543
1745895523,13709350352,A2,AA002,Colombo - Galle - Hambantota - Wellawaya,trunk,False,70,2,Tangalle Road,27.23694024683934
1750306782,3256396052,A2,AA002,Colombo - Galle - Hambantota - Wellawaya,trunk,False,70,2,"['Matara-Hambantota Road', 'Tangalle Road']",7389.58399057851
1750306782,33389466,A2,AA002,Colombo - Galle - Hambantota - Wellawaya,trunk,False,70,2,Tangalle Road,3009.232842937476
1750869639,4045295806,A18,AA018,Pelmadulla - Embilipitiya - Nonagama,trunk,False,72,,Pelmadulla-Embilipitiya Road,14695.511689619947
1750869639,1780055690,A17,AA017,Galle - Deniyaya - Madampe,trunk,False,70,2,Ratnapura Road,12331.015522067017
1750869639,1751015081,A18,AA018,Pelmadulla - Embilipitiya - Nonagama,trunk,False,"['72', '60']",,Pelmadulla-Embilipitiya Road,5486.104108308531
1750944667,1723700615,A4,AA004,Colombo - Ratnapura - Wellawaya - Batticaloa,trunk,False,72,,Colombo Road,1233.844314443083
1750944667,3937837967,A4,AA004,Colombo - Ratnapura - Wellawaya - Batticaloa,trunk,True,72,,Colombo Road,36.17200208899702
1751015081,1750869639,A18,AA018,Pelmadulla - Embilipitiya - Nonagama,trunk,False,"['72', '60']",,Pelmadulla-Embilipitiya Road,5486.104108308529
1751015081,2152800360,A18,AA018,Pelmadulla - Embilipitiya - Nonagama,trunk,False,60,,Pelmadulla-Embilipitiya Road,1296.2834528087255
1751020481,3937818139,A4,AA004,Colombo - Ratnapura - Wellawaya - Batticaloa,trunk,False,72,2,Colombo Road,254.0748818782389
1751020481,2149942832,A4,AA004,Colombo - Ratnapura - Wellawaya - Batticaloa,trunk,False,72,2,Colombo Road,3578.2706231392076
1779605042,1637717826,A2,AA002,Colombo - Galle - Hambantota - Wellawaya,trunk,False,70,2,Galle Road,3047.6374144957313
1779605042,1617989288,A2,AA002,Colombo - Galle - Hambantota - Wellawaya,trunk,False,70,2,Galle Road,4247.678638204777
1780055679,1780055690,A17,AA017,Galle - Deniyaya - Madampe,trunk,False,70,2,Ratnapura Road,44.436565769519646
1780055679,2017404189,A17,AA017,Galle - Deniyaya - Madampe,trunk,False,70,2,Ratnapura Road,17583.600943960213
1780055690,1750869639,A17,AA017,Galle - Deniyaya - Madampe,trunk,False,70,2,Ratnapura Road,12331.015522067024
1780055690,1780055679,A17,AA017,Galle - Deniyaya - Madampe,trunk,False,70,2,Ratnapura Road,44.436565769519646
1781355217,60797926,A2,AA002,Colombo - Galle - Hambantota - Wellawaya,trunk,False,70,"['2', '4']",Galle Road,1673.3593103400183
1781355217,54398901,A2,AA002,Colombo - Galle - Hambantota - Wellawaya,trunk,False,70,4,Galle Road,1065.94419479047
1783942571,4814119812,A26,AA026,Kandy - Mahiyangana - Padiyatalawa,trunk,True,50,2,Kandy-Mahiyanganaya-Padiyatalawa Road,28.577089767910557
1783942571,1783942945,A26,AA026,Kandy - Mahiyangana - Padiyatalawa,trunk,False,60,,Kandy-Mahiyanganaya-Padiyatalawa Road,8042.899723052878
1783942945,10130033784,A26,AA026,Kandy - Mahiyangana - Padiyatalawa,trunk,False,60,,Kandy-Mahiyanganaya-Padiyatalawa Road,3326.986789890501
1783942945,1783942571,A26,AA026,Kandy - Mahiyangana - Padiyatalawa,trunk,False,60,,Kandy-Mahiyanganaya-Padiyatalawa Road,8042.8997230528785
1783974992,10016226413,A5,AA005,Peradeniya - Badulla - Chenkaladi,trunk,False,70,2,Badulla-Chenkaladi Road,8.741670621414244
1783974992,10016226406,A5,AA005,Peradeniya - Badulla - Chenkaladi,trunk,False,70,2,Badulla-Chenkaladi Road,36.96482880431259
1791337297,1979375863,A22,AA022,Passara - Moneragala,trunk,False,70,2,Passara-Moneragala Road,6858.5329480956325
1791337297,1945675344,A22,AA022,Passara - Moneragala,trunk,True,50,1,Passara-Moneragala Road,32.64976933628951
1792664495,268931354,A4,AA004,Colombo - Ratnapura - Wellawaya - Batticaloa,trunk,False,50,6,Sri Sambuddhatwa Jayanthi Mawatha (Havelock Road),24.081835659985433
1792664495,4011682730,A4,AA004,Colombo - Ratnapura - Wellawaya - Batticaloa,trunk,False,"['60', '50']","['6', '5', '3']",Sri Sambuddhatwa Jayanthi Mawatha (Havelock Road),416.49391091799254
1792802761,1684534499,A31,AA031,Karativu - Ampara,trunk,False,70,2,Karativu-Ampara Road,7212.829270734348
1792802761,2902881148,A31,AA031,Karativu - Ampara,trunk,False,70,2,Karativu-Ampara Road,6561.953724171682
1792802797,1792802798,A31,AA031,Karativu - Ampara,trunk,False,70,2,Karativu-Ampara Road,1460.4401679661964
1792802797,3316122472,A31,AA031,Karativu - Ampara,trunk,False,70,2,Karativu-Ampara Road,3022.565764413583
1792802798,12761661747,A31,AA031,Karativu - Ampara,trunk,True,50,1,Karativu-Ampara Road,36.46278486544857
1792802798,1792802797,A31,AA031,Karativu - Ampara,trunk,False,70,2,Karativu-Ampara Road,1460.4401679661971
1795321756,4663255502,A2,AA002,Colombo - Galle - Hambantota - Wellawaya,trunk,True,50,2,Galle Road,308.9699095252252
1795321763,1795321756,A2,AA002,Colombo - Galle - Hambantota - Wellawaya,trunk,True,50,2,Galle Road,388.2305205639244
1795321908,1795321763,A2,AA002,Colombo - Galle - Hambantota - Wellawaya,trunk,True,70,,Galle Road,317.70709210870336
1795321973,2340037600,A2,AA002,Colombo - Galle - Hambantota - Wellawaya,trunk,True,70,,Galle Road,451.556788958728
1795322023,2079240023,A2,AA002,Colombo - Galle - Hambantota - Wellawaya,trunk,True,70,,Galle Road,92.61290561913802
1795322086,2347147693,A2,AA002,Colombo - Galle - Hambantota - Wellawaya,trunk,True,70,,Galle Road,14.922330460222213
1796922853,2079537942,A8,AA008,Panadura - Nambapana - Ratnapura,trunk,False,50,2,Ratnapura Road,42.88341402539773
1796922853,253718899,A8,AA008,Panadura - Nambapana - Ratnapura,trunk,False,"['70', '50']",2,Ratnapura Road,13020.355516633586
1796922874,2079537942,A8,AA008,Panadura - Nambapana - Ratnapura,trunk,False,70,2,Ratnapura Road,1030.5039444526285
1796922874,5264919265,A8,AA008,Panadura - Nambapana - Ratnapura,trunk,False,70,2,Ratnapura Road,15328.977556365713
1797858594,5264919265,A8,AA008,Panadura - Nambapana - Ratnapura,trunk,False,70,2,Ratnapura Road,1097.6216299271
1797858594,310860950,A8,AA008,Panadura - Nambapana - Ratnapura,trunk,False,"['70', '50']",2,Ratnapura Road,17821.80118892629
1797964180,1803663804,A4,AA004,Colombo - Ratnapura - Wellawaya - Batticaloa,trunk,False,60,2,Colombo Road,154.4918498767295
1797964180,3491135824,A7,AA007,Avissawella - Hatton - Nuwara Eliya,trunk,False,60,2,Yatiyantota Road,26.572622027013615
1797964206,1803663804,A4,AA004,Colombo - Ratnapura - Wellawaya - Batticaloa,trunk,False,60,1,Colombo Road,83.90317217302277
1797964206,2141873197,A4,AA004,Colombo - Ratnapura - Wellawaya - Batticaloa,trunk,False,60,"['1', '2']","['High Level Road', 'Colombo Road']",3842.199081018821
1803663804,1797964180,A4,AA004,Colombo - Ratnapura - Wellawaya - Batticaloa,trunk,False,60,2,Colombo Road,154.4918498767295
1803663804,1797964206,A4,AA004,Colombo - Ratnapura - Wellawaya - Batticaloa,trunk,False,60,1,Colombo Road,83.90317217302277
1807810047,4959610635,A5,AA005,Peradeniya - Badulla - Chenkaladi,trunk,False,70,2,Badulla-Chenkaladi Road,40128.90246631225
1809637851,3804182781,A9,AA009,Kandy - Jaffna,trunk,True,60,4,Madawala Road,60.41751983375299
1809637872,1809637851,A9,AA009,Kandy - Jaffna,trunk,True,60,4,Madawala Road,18.06556524618633
1809805271,2404061091,A2,AA002,Colombo - Galle - Hambantota - Wellawaya,trunk,False,70,2,Hambantota-Wellawaya Road,2357.1944627426155
1809805271,3674901134,A2,AA002,Colombo - Galle - Hambantota - Wellawaya,trunk,False,70,2,Hambantota-Wellawaya Road,219.05720817889545
1809805397,1945675344,A4,AA004,Colombo - Ratnapura - Wellawaya - Batticaloa,trunk,False,70,2,Wellawaya-Pottuvil Road,21.384596808274992
1809805397,1722823167,A4,AA004,Colombo - Ratnapura - Wellawaya - Batticaloa,trunk,False,70,2,Wellawaya-Pottuvil Road,7143.188067196884
1809805397,1791337297,A22,AA022,Passara - Moneragala,trunk,True,50,1,Passara-Moneragala Road,40.89316127359302
1809805500,2418603897,A4,AA004,Colombo - Ratnapura - Wellawaya - Batticaloa,trunk,False,70,2,Wellawaya-Pottuvil Road,90.77193161003892
1809805500,1945675344,A4,AA004,Colombo - Ratnapura - Wellawaya - Batticaloa,trunk,False,70,2,Wellawaya-Pottuvil Road,2361.1466133515514
1809828943,974346527,A4,AA004,Colombo - Ratnapura - Wellawaya - Batticaloa,trunk,False,70,2,"['Colombo - Ratnapura - Wellawaya - Batticaloa Road', 'Wellawaya-Pottuvil Road']",26901.37832134951
1809828943,3622789896,A4,AA004,Colombo - Ratnapura - Wellawaya - Batticaloa,trunk,False,70,2,Wellawaya-Pottuvil Road,814.5124690213748
1812292194,1231840453,A24,AA024,Matara - Akuressa,trunk,False,"['72', '60']",2,Matara-Akuressa Road,3122.826144795471
1812292194,1231840374,A24,AA024,Matara - Akuressa,trunk,False,60,,Matara-Akuressa Road,1254.0793509026944
1813587322,3279650334,A2,AA002,Colombo - Galle - Hambantota - Wellawaya,trunk,False,70,2,Tangalle Road,4331.2457516802
1813587322,1745895523,A2,AA002,Colombo - Galle - Hambantota - Wellawaya,trunk,False,70,2,Tangalle Road,9876.972517355423
1818583225,3699494976,A2,AA002,Colombo - Galle - Hambantota - Wellawaya,trunk,False,70,2,Matara-Hambantota Road,7.03936094435123
1818583225,1985676681,A2,AA002,Colombo - Galle - Hambantota - Wellawaya,trunk,False,70,"['4', '2']",Matara-Hambantota Road,6897.168291620069
1822627568,1138325594,A2,AA002,Colombo - Galle - Hambantota - Wellawaya,trunk,True,60,,Galle Road,122.4891723559977
1828217445,4891890160,A4,AA004,Colombo - Ratnapura - Wellawaya - Batticaloa,trunk,True,50,2,Main Street,12.967589814132351
1828217445,1708349359,A4,AA004,Colombo - Ratnapura - Wellawaya - Batticaloa,trunk,False,"['72', '50']",2,"['Main Street', 'Ratunapura-Wellawaya Road']",93.95052080968992
1828234049,1708349295,A4,AA004,Colombo - Ratnapura - Wellawaya - Batticaloa,trunk,False,50,2,Main Street,350.79799038423386
1830490073,5273425373,A5,AA005,Peradeniya - Badulla - Chenkaladi,trunk,False,60,2,T. B. Panabokke Mawatha (Gangasiri Road),573.3261088470248
1830490073,4142250033,A5,AA005,Peradeniya - Badulla - Chenkaladi,trunk,False,60,2,"['Gampola Bridge', 'Nuwara Eliya Road']",149.50222424316323
1834922625,1834981477,A5,AA005,Peradeniya - Badulla - Chenkaladi,trunk,False,60,2,Nuwara Eliya Road,9410.655324042395
1834922625,49378902,A5,AA005,Peradeniya - Badulla - Chenkaladi,trunk,False,60,2,Nuwara Eliya Road,12237.541873641998
1834981477,1834922625,A5,AA005,Peradeniya - Badulla - Chenkaladi,trunk,False,60,2,Nuwara Eliya Road,9410.655324042404
1834981477,3254670926,A5,AA005,Peradeniya - Badulla - Chenkaladi,trunk,False,60,2,Nuwara Eliya Road,2657.5856767534283
1840750860,2966142458,A1,AA001,Colombo - Kandy,trunk,True,60,"['3', '2']",Colombo-Kandy Road,1873.2918366185293
1841475983,3960797183,A2,AA002,Colombo - Galle - Hambantota - Wellawaya,trunk,True,60,2,Matara-Hambantota Road,23.979453269792696
1841475983,3592218007,A2,AA002,Colombo - Galle - Hambantota - Wellawaya,trunk,False,70,2,Matara-Hambantota Road,314.9885980934355
1847947584,3658420115,A3,AA003,Peliyagoda - Puttalam,trunk,True,70,2,Colombo-Puttalam Road,12.974060506591508
1855322535,263179584,A5,AA005,Peradeniya - Badulla - Chenkaladi,trunk,False,50,2,Meewatura Road,1680.9618925720652
1855322535,13625281401,A5,AA005,Peradeniya - Badulla - Chenkaladi,trunk,False,50,2,"['Penideniya Bridge', 'Penideniya Road']",254.60154747268842
1856812802,6209749472,A6,AA006,Ambepussa - Kurunegala - Trincomalee,trunk,False,70,2,Ambepussa-Kurunegala Road,142.2929194718175
1856812802,2083007739,A6,AA006,Ambepussa - Kurunegala - Trincomalee,trunk,False,70,2,Ambepussa-Kurunegala Road,20.703150765142066
1862815981,1862815989,A4,AA004,Colombo - Ratnapura - Wellawaya - Batticaloa,trunk,False,60,2,High Level Road,16.034770914738107
1862815981,2141873197,A4,AA004,Colombo - Ratnapura - Wellawaya - Batticaloa,trunk,False,60,"['1', '2']",High Level Road,11785.81259028304
1862815989,1862815981,A4,AA004,Colombo - Ratnapura - Wellawaya - Batticaloa,trunk,False,60,2,High Level Road,16.034770914738107
1862815989,1150403364,A4,AA004,Colombo - Ratnapura - Wellawaya - Batticaloa,trunk,False,60,"['1', '2']",High Level Road,1014.3062410958298
1863416592,3307476616,A1,AA001,Colombo - Kandy,trunk,True,60,3,Pradeepa Mawatha,624.7523116245743
1863416593,619224226,A1,AA001,Colombo - Kandy,trunk,True,60,3,Dr. Danister de Silva Mawatha,12.665319192494476
1863416593,1863416592,A1,AA001,Colombo - Kandy,trunk,True,60,3,Sri Saddharma Mawatha,957.3248094487991
1863416596,619224226,A1,AA001,Colombo - Kandy,trunk,True,60,3,Sri Saddharma Mawatha,960.1173683714211
1863416599,619224223,A1,AA001,Colombo - Kandy,trunk,True,60,3,Dr. Danister de Silva Mawatha,12.57731002375926
1863456297,3073676023,A1,AA001,Colombo - Kandy,trunk,True,60,2,Olcott Mawatha,194.93075637238846
1877385011,1685488386,A25,AA025,Siyambalanduwa - Damana - Ampara,trunk,False,60,2,Siyambalanduwa-Damana-Ampara Road,18775.617553243206
1877385011,3693930754,A25,AA025,Siyambalanduwa - Damana - Ampara,trunk,False,60,2,Siyambalanduwa-Damana-Ampara Road,12324.840930069236
1879056247,2661675127,A4,AA004,Colombo - Ratnapura - Wellawaya - Batticaloa,trunk,False,70,2,Pottuvil-Batticaloa Road,5.102750698136887
1879056247,2661675134,A4,AA004,Colombo - Ratnapura - Wellawaya - Batticaloa,trunk,False,70,2,Pottuvil-Batticaloa Road,280.99401520248944
1879056356,3320202231,A4,AA004,Colombo - Ratnapura - Wellawaya - Batticaloa,trunk,False,70,2,Pottuvil-Batticaloa Road,64.5857071147974
1879056356,3316122451,A4,AA004,Colombo - Ratnapura - Wellawaya - Batticaloa,trunk,False,60,2,Pottuvil-Batticaloa Road,4222.4997233981485
1880354575,1880354577,A4,AA004,Colombo - Ratnapura - Wellawaya - Batticaloa,trunk,False,70,2,Pottuvil-Batticaloa Road,425.1415561000399
1880354575,1147026886,A4,AA004,Colombo - Ratnapura - Wellawaya - Batticaloa,trunk,False,70,2,Pottuvil-Batticaloa Road,17489.757920804317
1880354577,2661675134,A4,AA004,Colombo - Ratnapura - Wellawaya - Batticaloa,trunk,False,70,2,Pottuvil-Batticaloa Road,12320.020702968723
1880354577,1880354575,A4,AA004,Colombo - Ratnapura - Wellawaya - Batticaloa,trunk,False,70,2,Pottuvil-Batticaloa Road,425.14155610003996
1880414150,7100451968,A15,AA015,Batticaloa - Tirikkondiadimadu - Trincomalee,trunk,False,60,2,Trincomalee-Batticaloa Road,7934.497086491596
1880414150,9428150314,A15,AA015,Batticaloa - Tirikkondiadimadu - Trincomalee,trunk,False,60,2,"['Trincomalee-Batticaloa Road', 'Kiliveddi Bridge']",9029.10721882519
1880627764,8032417732,A12,AA012,Puttalam - Trincomalee,trunk,False,60,,Puttalam-Anuradhapura-Trincomalee Road,58.490796719561054
1880627764,2833604332,A12,AA012,Puttalam - Trincomalee,trunk,False,60,,Puttalam-Anuradhapura-Trincomalee Road,1396.8392023576987
1880627813,8032417735,A9,AA009,Kandy - Jaffna,trunk,False,70,2,Kandy-Jaffna Road,292.2509030953581
1880627813,3518417590,A9,AA009,Kandy - Jaffna,trunk,False,70,2,Kandy-Jaffna Road,9359.640588605884
1880627815,2093935800,A9,AA009,Kandy - Jaffna,trunk,False,70,,Kandy-Jaffna Road,7624.0198431039225
1880627815,8032417734,A9,AA009,Kandy - Jaffna,trunk,False,70,,Kandy-Jaffna Road,116.96011744196498
1881982667,5156577885,A29,AA029,Vavuniya - Horowopotana,trunk,False,60,,Vavuniya-Horowpotana Road,53.14919875280466
1881982667,3492721845,A29,AA029,Vavuniya - Horowopotana,trunk,False,60,,Vavuniya-Horowpotana Road,3829.608308712307
1883639101,7262802916,A4,AA004,Colombo - Ratnapura - Wellawaya - Batticaloa,trunk,True,60,2,New Kalmunai Road,1348.2167337821136
1883639101,1147026886,A4,AA004,Colombo - Ratnapura - Wellawaya - Batticaloa,trunk,False,60,2,New Kalmunai Road,637.7598656056504
1886079221,13749558430,A9,AA009,Kandy - Jaffna,trunk,False,70,,Kandy-Jaffna Road,23.032291752149572
1886079221,1732790481,A9,AA009,Kandy - Jaffna,trunk,False,60,,Jaffna-Kandy Road,1704.5208727249585
1886079226,13749558417,A20,AA020,Anuradhapura - Rambewa,trunk,True,60,1,Jaffna Road,22.37316144462252
1886464452,2093613917,A32,AA032,Navakkuli - Kerativu - Mannar,trunk,False,60,,"['Navatkuli - Kerativu-Mannar Road', 'Karaitivu-Mannar Road', 'Navakkuli - Kerativu - Mannar Road', 'Navatkuli-Keraitivu-Mannar Road']",25911.10159948341
1886464452,2079870063,A32,AA032,Navakkuli - Kerativu - Mannar,trunk,False,60,,Navakkuli - Kerativu - Mannar Road,10224.041876791167
1889362399,3649878436,A3,AA003,Peliyagoda - Puttalam,trunk,False,70,2,Colombo-Puttalam Road,5521.317788996045
1889362399,1889362430,A3,AA003,Peliyagoda - Puttalam,trunk,False,70,2,Colombo-Puttalam Road,6044.816363194001
1889362430,1889362399,A3,AA003,Peliyagoda - Puttalam,trunk,False,70,2,Colombo-Puttalam Road,6044.816363193998
1889362430,2842889275,A3,AA003,Peliyagoda - Puttalam,trunk,False,70,2,Colombo-Puttalam Road,1590.251542880491
1895649423,3476851295,A15,AA015,Batticaloa - Tirikkondiadimadu - Trincomalee,trunk,False,60,2,Trincomalee Road,1446.617564416056
1895649423,2565428392,A15,AA015,Batticaloa - Tirikkondiadimadu - Trincomalee,trunk,False,60,2,Trincomalee Road,3538.771383611072
1895831908,4212767857,A15,AA015,Batticaloa - Tirikkondiadimadu - Trincomalee,trunk,False,50,2,Trincomalee Road,14.831662510439427
1895831908,3476851315,A15,AA015,Batticaloa - Tirikkondiadimadu - Trincomalee,trunk,False,60,2,Trincomalee Road,10743.673327099526
1899261664,1681115626,A15,AA015,Batticaloa - Tirikkondiadimadu - Trincomalee,trunk,False,60,2,Trincomalee Road,215.46581670515934
1899261664,1675667180,A15,AA015,Batticaloa - Tirikkondiadimadu - Trincomalee,trunk,False,60,2,Trincomalee Road,766.5889684010566
1908190206,1280869010,A4,AA004,Colombo - Ratnapura - Wellawaya - Batticaloa,trunk,True,60,,York Street,31.405287367676568
1912464464,3354483657,A0,AA000,Kollupitiya - Sri Jayewardenepura,trunk,True,70,"['3', '2']",Sri Jayewardenepura Mawatha,275.2859615691293
1924772358,3664895152,A3,AA003,Peliyagoda - Puttalam,trunk,True,60,2,Kandy Road,59.93345543503031
1924772358,325009601,A3,AA003,Peliyagoda - Puttalam,trunk,False,60,4,Kandy Road,374.710984261841
1945604950,1945605121,A5,AA005,Peradeniya - Badulla - Chenkaladi,trunk,False,"['70', '60']",2,"['Passara Road', 'Badulla-Passara Road']",14678.940149443213
1945604950,3298069926,A5,AA005,Peradeniya - Badulla - Chenkaladi,trunk,False,60,2,Passara Road,897.6424650441119
1945605121,13872342556,A5,AA005,Peradeniya - Badulla - Chenkaladi,trunk,False,70,2,Badulla-Passara Road,3340.483088675497
1945605121,1945604950,A5,AA005,Peradeniya - Badulla - Chenkaladi,trunk,False,"['70', '60']",2,"['Passara Road', 'Badulla-Passara Road']",14678.940149443224
1945644699,13872342556,A5,AA005,Peradeniya - Badulla - Chenkaladi,trunk,False,70,2,Badulla-Chenkaladi Road,16.862810462038738
1945644699,3527283166,A5,AA005,Peradeniya - Badulla - Chenkaladi,trunk,False,70,2,Badulla-Chenkaladi Road,2575.5535506353035
1945675344,1809805397,A4,AA004,Colombo - Ratnapura - Wellawaya - Batticaloa,trunk,False,70,2,Wellawaya-Pottuvil Road,21.384596808274992
1945675344,1809805500,A4,AA004,Colombo - Ratnapura - Wellawaya - Batticaloa,trunk,False,70,2,Wellawaya-Pottuvil Road,2361.14661335155
1971623281,2833604333,A12,AA012,Puttalam - Trincomalee,trunk,False,60,,Puttalam-Anuradhapura-Trincomalee Road,6061.994181129243
1971623281,5055655471,A12,AA012,Puttalam - Trincomalee,trunk,False,60,,Mihintale Road,2770.548905475873
1971685346,1732642149,A14,AA014,Medawachchiya - Mannar - Talaimannar,trunk,False,60,,Medawachchiya-Talaimannar Road,4211.045289625782
1971685346,1732626412,A14,AA014,Medawachchiya - Mannar - Talaimannar,trunk,False,60,,Medawachchiya-Talaimannar Road,13520.477161572438
1974694446,1974698432,A26,AA026,Kandy - Mahiyangana - Padiyatalawa,trunk,False,60,,Kandy-Mahiyanganaya-Padiyatalawa Road,91.71887062675798
1974694446,3822754793,A26,AA026,Kandy - Mahiyangana - Padiyatalawa,trunk,False,60,,Kandy-Mahiyanganaya-Padiyatalawa Road,280.4428637977141
1974698353,1783942571,A26,AA026,Kandy - Mahiyangana - Padiyatalawa,trunk,True,50,2,Kandy-Mahiyanganaya-Padiyatalawa Road,28.86434744085852
1974698416,1974698432,A26,AA026,Kandy - Mahiyangana - Padiyatalawa,trunk,False,60,,Kandy-Mahiyanganaya-Padiyatalawa Road,148.71722012469272
1974698416,10065277058,A26,AA026,Kandy - Mahiyangana - Padiyatalawa,trunk,False,60,,Kandy-Mahiyanganaya-Padiyatalawa Road,545.6729885071555
1974698432,1974694446,A26,AA026,Kandy - Mahiyangana - Padiyatalawa,trunk,False,60,,Kandy-Mahiyanganaya-Padiyatalawa Road,91.71887062675798
1974698432,1974698416,A26,AA026,Kandy - Mahiyangana - Padiyatalawa,trunk,False,60,,Kandy-Mahiyanganaya-Padiyatalawa Road,148.71722012469272
1976110894,13700965134,A10,AA010,Katugastota - Kurunegala - Puttalam,trunk,False,60,,Katugastota-Kurunegala-Puttalam Road,3631.469109634221
1976110894,4913504514,A10,AA010,Katugastota - Kurunegala - Puttalam,trunk,False,60,,Katugastota-Kurunegala-Puttalam Road,4585.183130907586
1979346418,2401185742,A5,AA005,Peradeniya - Badulla - Chenkaladi,trunk,False,70,2,Badulla-Chenkaladi Road,4761.877400750816
1979346418,2398925514,A5,AA005,Peradeniya - Badulla - Chenkaladi,trunk,False,70,2,Badulla-Chenkaladi Road,622.3400781687171
1979375863,6685173555,A22,AA022,Passara - Moneragala,trunk,False,70,2,Passara-Moneragala Road,235.5790113409593
1979375863,1791337297,A22,AA022,Passara - Moneragala,trunk,False,70,2,Passara-Moneragala Road,6858.532948095629
1979513531,1685409092,A25,AA025,Siyambalanduwa - Damana - Ampara,trunk,False,60,2,Siyambalanduwa-Damana-Ampara Road,686.807818696162
1979513531,1685409301,A25,AA025,Siyambalanduwa - Damana - Ampara,trunk,False,60,2,Siyambalanduwa-Damana-Ampara Road,2038.3571488312987
1979513536,13901998344,A25,AA025,Siyambalanduwa - Damana - Ampara,trunk,False,60,2,Siyambalanduwa-Damana-Ampara Road,3349.5115876061236
1980552001,258049453,A9,AA009,Kandy - Jaffna,trunk,False,70,,Kandy-Jaffna Road,5588.810016391811
1980552001,258049396,A9,AA009,Kandy - Jaffna,trunk,False,70,,Kandy-Jaffna Road,410.00932537997016
1980552009,3616502607,A9,AA009,Kandy - Jaffna,trunk,False,60,2,Matale Road,1015.2087022738142
1980552009,3804182781,A9,AA009,Kandy - Jaffna,trunk,False,60,2,Matale Road,2974.089303621952
1980566512,1980566518,A1,AA001,Colombo - Kandy,trunk,False,70,2,Colombo-Kandy Road,11.21860690142353
1980566512,7087535778,A1,AA001,Colombo - Kandy,trunk,False,70,2,Colombo-Kandy Road,7185.388467216301
1980566518,1980566512,A1,AA001,Colombo - Kandy,trunk,False,70,2,Colombo-Kandy Road,11.21860690142353
1980566518,13811688268,A1,AA001,Colombo - Kandy,trunk,False,70,2,Colombo-Kandy Road,5541.768201578902
1981147403,7599684152,A9,AA009,Kandy - Jaffna,trunk,False,70,2,,8.159719420650056
1981147403,7927509189,A9,AA009,Kandy - Jaffna,trunk,False,70,2,Anuradhapura Road,6742.264875877117
1981147403,904233239,A6,AA006,Ambepussa - Kurunegala - Trincomalee,trunk,True,40,1,Dambulla-Habarana Road,66.84998140233017
1981147409,3518425514,A9,AA009,Kandy - Jaffna,trunk,True,"['40', '60']",,Anuradhapura Road,179.34543642072228
1981159934,4137378450,A9,AA009,Kandy - Jaffna,trunk,True,60,,Jaffna-Kandy Road,30.477104751494775
1981159934,1685598193,A9,AA009,Kandy - Jaffna,trunk,False,60,,Jaffna-Kandy Road,2470.2158650203464
1981159938,4137378456,A14,AA014,Medawachchiya - Mannar - Talaimannar,trunk,True,60,,Medawachchiya-Talaimannar Road,41.65124700664496
1981159938,1732649294,A14,AA014,Medawachchiya - Mannar - Talaimannar,trunk,False,60,,Medawachchiya-Talaimannar Road,15785.732090310583
1981159944,4137378462,A9,AA009,Kandy - Jaffna,trunk,True,60,,Jaffna-Kandy Road,35.807743347539464
1981159944,7085697362,A9,AA009,Kandy - Jaffna,trunk,False,60,,"['Kandy-Jaffna Road', 'Kandy - Jaffna Road']",22469.119654223286
1981183266,7085505934,A9,AA009,Kandy - Jaffna,trunk,False,60,,Kandy-Jaffna Road,36.02449456202579
1981183266,2407760102,A9,AA009,Kandy - Jaffna,trunk,False,60,,Kandy-Jaffna Road,172.20160772601193
1981468985,2835617074,A12,AA012,Puttalam - Trincomalee,trunk,True,60,,Maithripala Senanayake Mawatha (Main Street),27.099809415557562
1981468985,566574620,A12,AA012,Puttalam - Trincomalee,trunk,False,60,,Maithripala Senanayake Mawatha (Main Street),709.1928890592952
1985676681,3699457435,A18,AA018,Pelmadulla - Embilipitiya - Nonagama,trunk,False,72,2,Embilipitiya-Nonagama Road,11534.663235338305
1985676681,4838849617,A2,AA002,Colombo - Galle - Hambantota - Wellawaya,trunk,False,70,"['4', '2']",Matara-Hambantota Road,3882.8981926474926
1985676681,1818583225,A2,AA002,Colombo - Galle - Hambantota - Wellawaya,trunk,False,70,"['4', '2']",Matara-Hambantota Road,6897.168291620067
1985676796,3147021776,A18,AA018,Pelmadulla - Embilipitiya - Nonagama,trunk,False,72,2,Embilipitiya-Nonagama Road,11549.852028524143
1985676796,1428665347,A18,AA018,Pelmadulla - Embilipitiya - Nonagama,trunk,False,72,2,Embilipitiya-Nonagama Road,5591.468892610186
1986887586,4838849617,A2,AA002,Colombo - Galle - Hambantota - Wellawaya,trunk,False,70,2,Matara-Hambantota Road,138.67439331435878
1986887586,8726439508,A2,AA002,Colombo - Galle - Hambantota - Wellawaya,trunk,False,70,2,Matara-Hambantota Road,4600.955298157052
1990178209,2093612570,A12,AA012,Puttalam - Trincomalee,trunk,False,60,,Puttalam-Anuradhapura-Trincomalee Road,2602.583696425504
1990178209,2093612506,A12,AA012,Puttalam - Trincomalee,trunk,False,60,,Puttalam-Anuradhapura-Trincomalee Road,11494.775979774027
2001999485,10016226406,A5,AA005,Peradeniya - Badulla - Chenkaladi,trunk,False,70,2,Badulla-Chenkaladi Road,23079.381429330562
2001999485,4959610635,A5,AA005,Peradeniya - Badulla - Chenkaladi,trunk,False,70,2,Badulla-Chenkaladi Road,2920.0528845068425
2011981296,5190957525,A5,AA005,Peradeniya - Badulla - Chenkaladi,trunk,False,60,2,Badulla Road,118.88299045569867
2011981296,2145571047,A5,AA005,Peradeniya - Badulla - Chenkaladi,trunk,False,60,2,Nuwara Eliya Road,9269.214063399553
2011981296,10166776387,A16,AA016,Beragala - Hali-Ela,trunk,False,"['70', '50']",2,"['Bandarawela Road', 'Badulla-Bandarawela Road']",3638.194823905239
2015265415,6509327434,A21,AA021,Kegalle - Bulathkohupitiya - Karawanella,trunk,True,40,1,Kegalle-Bulathkohupitiya-Karawanella Road,38.15188349783376
2015265415,3514826047,A21,AA021,Kegalle - Bulathkohupitiya - Karawanella,trunk,False,60,2,Kegalle-Bulathkohupitiya-Karawanella Road,4807.631434322453
2015265450,2021573972,A7,AA007,Avissawella - Hatton - Nuwara Eliya,trunk,False,60,2,Yatiyantota Road,1610.4247255045948
2015265450,3217150039,A7,AA007,Avissawella - Hatton - Nuwara Eliya,trunk,True,40,1,Yatiyantota Road,30.406301876267726
2017404189,1780055679,A17,AA017,Galle - Deniyaya - Madampe,trunk,False,70,2,Ratnapura Road,17583.600943960235
2017404189,4267522204,A17,AA017,Galle - Deniyaya - Madampe,trunk,False,70,2,Ratnapura Road,34529.02903584013
2021573972,2015265450,A7,AA007,Avissawella - Hatton - Nuwara Eliya,trunk,False,60,2,Yatiyantota Road,1610.4247255045946
2021573972,2087260972,A7,AA007,Avissawella - Hatton - Nuwara Eliya,trunk,False,60,2,Yatiyantota Road,4352.897709726697
2024988651,3172043469,A6,AA006,Ambepussa - Kurunegala - Trincomalee,trunk,False,70,2,Kurunegala-Dambulla Road,259.7095689449244
2024988651,2025020177,A6,AA006,Ambepussa - Kurunegala - Trincomalee,trunk,False,70,2,Kurunegala-Dambulla Road,10306.344104833677
2025020177,2093606919,A6,AA006,Ambepussa - Kurunegala - Trincomalee,trunk,False,70,2,Kurunegala-Dambulla Road,1811.9784851224608
2025020177,2024988651,A6,AA006,Ambepussa - Kurunegala - Trincomalee,trunk,False,70,2,Kurunegala-Dambulla Road,10306.344104833674
2026106458,2552014491,A16,AA016,Beragala - Hali-Ela,trunk,False,60,2,Beragala-Hali-Ela Road,1534.444804752338
2026106458,77381284,A16,AA016,Beragala - Hali-Ela,trunk,False,60,2,Beragala-Hali-Ela Road,155.92811919812362
2026114935,2078611991,A5,AA005,Peradeniya - Badulla - Chenkaladi,trunk,False,60,2,Nuwara Eliya-Badulla Road,249.9653033120913
2026114935,2026114937,A5,AA005,Peradeniya - Badulla - Chenkaladi,trunk,False,60,2,Nuwara Eliya-Badulla Road,157.48646124988238
2026114937,2026114935,A5,AA005,Peradeniya - Badulla - Chenkaladi,trunk,False,60,2,Nuwara Eliya-Badulla Road,157.48646124988235
2026114937,49368243,A5,AA005,Peradeniya - Badulla - Chenkaladi,trunk,False,60,2,Nuwara Eliya-Badulla Road,351.4177650315423
2028303897,4787694002,A1,AA001,Colombo - Kandy,trunk,True,70,2,Colombo-Kandy Road,1396.7529091879956
2028303947,3600553588,A1,AA001,Colombo - Kandy,trunk,True,70,2,Colombo-Kandy Road,2384.8457198480555
2034206073,268931354,A4,AA004,Colombo - Ratnapura - Wellawaya - Batticaloa,trunk,True,50,,Sri Sambuddhatwa Jayanthi Mawatha (Havelock Road),399.48242956506937
2035811429,77682693,A5,AA005,Peradeniya - Badulla - Chenkaladi,trunk,False,50,2,Queen Elizabeth Drive,202.26184497315472
2035811429,3820002325,A5,AA005,Peradeniya - Badulla - Chenkaladi,trunk,False,50,1,Queen Elizabeth Drive,19.097673312787343
2035811429,3820002304,A5,AA005,Peradeniya - Badulla - Chenkaladi,trunk,False,50,,Queen Elizabeth Drive,18.192425923088088
2035811614,1331893829,A5,AA005,Peradeniya - Badulla - Chenkaladi,trunk,False,50,1,Kandy Road,53.3158192735346
2051320917,2732633603,A6,AA006,Ambepussa - Kurunegala - Trincomalee,trunk,False,70,2,Dambulla-Habarana Road,7170.387378606548
2051320917,4397554917,A6,AA006,Ambepussa - Kurunegala - Trincomalee,trunk,False,70,2,Dambulla-Habarana Road,7277.130486712201
2055564960,10065277052,A26,AA026,Kandy - Mahiyangana - Padiyatalawa,trunk,False,60,,Kandy-Mahiyanganaya-Padiyatalawa Road,4850.028794737806
2055564960,3203303832,A26,AA026,Kandy - Mahiyangana - Padiyatalawa,trunk,False,60,,"['Kandy-Mahiyanganaya-Padiyatalawa Road', 'Kandy-Mahiyanganaya Road']",34864.539204437664
2057041156,3293925970,A5,AA005,Peradeniya - Badulla - Chenkaladi,trunk,True,60,2,Badulla Road,114.26726684999005
2057041156,5190957525,A5,AA005,Peradeniya - Badulla - Chenkaladi,trunk,False,60,2,Badulla Road,2444.000980154292
2057045370,8736765754,A5,AA005,Peradeniya - Badulla - Chenkaladi,trunk,False,60,2,Bandarawela Road,311.5980732435418
2057045370,2057046125,A5,AA005,Peradeniya - Badulla - Chenkaladi,trunk,False,60,2,Bandarawela Road,681.8010154943037
2057046125,2057045370,A5,AA005,Peradeniya - Badulla - Chenkaladi,trunk,False,60,2,Bandarawela Road,681.8010154943038
2057046125,3293925970,A5,AA005,Peradeniya - Badulla - Chenkaladi,trunk,False,60,2,Bandarawela Road,2504.06887300048
2064203704,2155634710,A3,AA003,Peliyagoda - Puttalam,trunk,True,60,2,Negombo Road,610.7384348543346
2066330708,3150421787,A0,AA000,Kollupitiya - Sri Jayewardenepura,trunk,True,60,2,Dudley Senanayake Mawatha (Castle Street),10.29106031259758
2068162856,7030921398,A4,AA004,Colombo - Ratnapura - Wellawaya - Batticaloa,trunk,True,60,4,High Level Road,1001.265034948217
2068162856,129615686,A4,AA004,Colombo - Ratnapura - Wellawaya - Batticaloa,trunk,False,60,,High Level Road,2043.7095440486084
2068162900,7030921386,A4,AA004,Colombo - Ratnapura - Wellawaya - Batticaloa,trunk,True,60,2,High Level Road,35.183554462716984
2071116345,619956323,A4,AA004,Colombo - Ratnapura - Wellawaya - Batticaloa,trunk,False,50,,High Level Road,16.81489729007958
2071116345,129615924,A4,AA004,Colombo - Ratnapura - Wellawaya - Batticaloa,trunk,False,"['60', '50']",,High Level Road,975.8163318056762
2074229848,2907684935,A1,AA001,Colombo - Kandy,trunk,False,60,2,Colombo-Kandy Road,36.83053563620556
2074229848,2078328569,A1,AA001,Colombo - Kandy,trunk,False,60,2,Colombo-Kandy Road,1057.34597401541
2077442148,1709997728,A4,AA004,Colombo - Ratnapura - Wellawaya - Batticaloa,trunk,False,72,2,Ratunapura-Wellawaya Road,13267.016163183747
2077442148,1708362825,A4,AA004,Colombo - Ratnapura - Wellawaya - Batticaloa,trunk,False,72,2,Ratunapura-Wellawaya Road,3293.49864043171
2078322240,13676334893,A26,AA026,Kandy - Mahiyangana - Padiyatalawa,trunk,False,60,2,Anagarika Dharmapala Mawatha,462.63237086255754
2078322240,8605932100,A26,AA026,Kandy - Mahiyangana - Padiyatalawa,trunk,False,60,2,Anagarika Dharmapala Mawatha,19.886028940719036
2078328569,2074229848,A1,AA001,Colombo - Kandy,trunk,False,60,2,Colombo-Kandy Road,1057.34597401541
2078328569,2910325921,A1,AA001,Colombo - Kandy,trunk,False,60,2,Colombo Road,331.2379291210902
2078331482,13625281401,A5,AA005,Peradeniya - Badulla - Chenkaladi,trunk,False,50,2,Penideniya Road,259.40405524878815
2078331482,258029159,A5,AA005,Peradeniya - Badulla - Chenkaladi,trunk,False,50,2,Penideniya Road,446.09821529029574
2078611991,49368092,A5,AA005,Peradeniya - Badulla - Chenkaladi,trunk,False,60,2,Nuwara Eliya-Badulla Road,6026.814144401003
2078611991,2026114935,A5,AA005,Peradeniya - Badulla - Chenkaladi,trunk,False,60,2,Nuwara Eliya-Badulla Road,249.96530331209127
2078972805,2078949382,A4,AA004,Colombo - Ratnapura - Wellawaya - Batticaloa,trunk,True,60,2,Baily Road,228.27007141922405
2079053667,1541715354,A15,AA015,Batticaloa - Tirikkondiadimadu - Trincomalee,trunk,True,50,2,"['Koddamunai Bridge', 'Trincomalee Road']",128.10310911863547
2079053698,12119430734,A15,AA015,Batticaloa - Tirikkondiadimadu - Trincomalee,trunk,False,40,2,Fort Road,328.170012478375
2079053698,2364192267,A15,AA015,Batticaloa - Tirikkondiadimadu - Trincomalee,trunk,False,40,2,"['Bazaar Street', 'Chapel Street']",268.2665301945252
2079215806,2339285633,A8,AA008,Panadura - Nambapana - Ratnapura,trunk,False,"['70', '50']",2,Horana Road,3395.2417954464913
2079215806,1446610177,A8,AA008,Panadura - Nambapana - Ratnapura,trunk,False,"['70', '50']",2,Horana Road,6351.806636442794
2079240021,12109482771,A2,AA002,Colombo - Galle - Hambantota - Wellawaya,trunk,False,50,4,Galle Road,49.7938656606064
2079240021,2337340596,A2,AA002,Colombo - Galle - Hambantota - Wellawaya,trunk,True,50,2,Galle Road,842.9156831001916
2079240023,2340036296,A2,AA002,Colombo - Galle - Hambantota - Wellawaya,trunk,True,70,,Galle Road,109.16270743661266
2079240044,1795322023,A2,AA002,Colombo - Galle - Hambantota - Wellawaya,trunk,True,70,,Galle Road,236.2210560518579
2079537942,1796922853,A8,AA008,Panadura - Nambapana - Ratnapura,trunk,False,50,2,Ratnapura Road,42.88341402539773
2079537942,1796922874,A8,AA008,Panadura - Nambapana - Ratnapura,trunk,False,70,2,Ratnapura Road,1030.5039444526285
2079870056,6250328436,A14,AA014,Medawachchiya - Mannar - Talaimannar,trunk,False,60,,Medawachchiya-Talaimannar Road,1047.2918490365973
2079870056,2079870057,A14,AA014,Medawachchiya - Mannar - Talaimannar,trunk,False,60,,Medawachchiya-Talaimannar Road,52.22937865669621
2079870057,2079870056,A14,AA014,Medawachchiya - Mannar - Talaimannar,trunk,False,60,,Medawachchiya-Talaimannar Road,52.22937865669622
2079870057,4137190998,A14,AA014,Medawachchiya - Mannar - Talaimannar,trunk,False,60,,Medawachchiya-Talaimannar Road,3635.417309056206
2079870063,1886464452,A32,AA032,Navakkuli - Kerativu - Mannar,trunk,False,60,,Navakkuli - Kerativu - Mannar Road,10224.041876791174
2079870063,3492878507,A32,AA032,Navakkuli - Kerativu - Mannar,trunk,False,60,,Navakkuli - Kerativu - Mannar Road,5096.126563375083
2082215258,2382030373,A4,AA004,Colombo - Ratnapura - Wellawaya - Batticaloa,trunk,True,60,2,Bar Road,312.10222516350103
2082247570,2646389088,A27,AA027,Ampara - Uhana - MahaOya,trunk,False,70,2,Ampara-Uhana-Maha Oya Road,4130.141943873478
2082247570,1684401661,A27,AA027,Ampara - Uhana - MahaOya,trunk,False,70,2,Ampara-Uhana-Maha Oya Road,574.8623199636099
2082247577,2082247572,A31,AA031,Karativu - Ampara,trunk,True,50,1,D. S. Senanayake Road,650.9903680293901
2082247579,1684344771,A27,AA027,Ampara - Uhana - MahaOya,trunk,True,50,1,Kandy Road,103.22963577733675
2083007739,1856812802,A6,AA006,Ambepussa - Kurunegala - Trincomalee,trunk,False,70,2,Ambepussa-Kurunegala Road,20.703150765142066
2083007739,5764078202,A6,AA006,Ambepussa - Kurunegala - Trincomalee,trunk,False,70,2,Ambepussa-Kurunegala Road,6965.305742223589
2083007820,258049381,A9,AA009,Kandy - Jaffna,trunk,False,50,2,Kandy Road,79.62581484284559
2083007820,3662474355,A9,AA009,Kandy - Jaffna,trunk,True,60,,Kandy Road,30.373887312556437
2083533106,1420351935,A2,AA002,Colombo - Galle - Hambantota - Wellawaya,trunk,False,60,,Galle Road,2049.9881261564706
2083533106,10130181979,A2,AA002,Colombo - Galle - Hambantota - Wellawaya,trunk,False,60,,"['Dummalamodara Bridge', 'Galle Road']",9506.284249499704
2085159352,1732649294,A14,AA014,Medawachchiya - Mannar - Talaimannar,trunk,False,60,,Medawachchiya-Talaimannar Road,2500.398590613494
2085159352,1732642149,A14,AA014,Medawachchiya - Mannar - Talaimannar,trunk,False,60,,Medawachchiya-Talaimannar Road,23146.46838176024
2087260972,8169922827,A7,AA007,Avissawella - Hatton - Nuwara Eliya,trunk,False,60,2,Yatiyantota Road,14.139150794278082
2087260972,2021573972,A7,AA007,Avissawella - Hatton - Nuwara Eliya,trunk,False,60,2,Yatiyantota Road,4352.897709726696
2087261005,5841721869,A21,AA021,Kegalle - Bulathkohupitiya - Karawanella,trunk,True,40,1,Kegalle-Bulathkohupitiya-Karawanella Road,27.185963028165997
2087261005,445260233,A21,AA021,Kegalle - Bulathkohupitiya - Karawanella,trunk,False,60,2,"['Kegalle-Bulathkohupitiya-Karawanella Road', 'Warawala New Bridge']",1774.1057364962817
2093606919,2025020177,A6,AA006,Ambepussa - Kurunegala - Trincomalee,trunk,False,70,2,Kurunegala-Dambulla Road,1811.9784851224608
2093606919,7770372639,A6,AA006,Ambepussa - Kurunegala - Trincomalee,trunk,False,70,2,Kurunegala-Dambulla Road,9618.028956462353
2093608214,2093608215,A6,AA006,Ambepussa - Kurunegala - Trincomalee,trunk,True,70,2,Kurunegala-Dambulla Road,512.2851001127619
2093608215,3522149875,A6,AA006,Ambepussa - Kurunegala - Trincomalee,trunk,True,70,2,Kurunegala-Dambulla Road,19.231373465700496
2093610826,2959495457,A12,AA012,Puttalam - Trincomalee,trunk,False,60,,Puttalam-Anuradhapura-Trincomalee Road,12850.668807167396
2093610826,5270751465,A12,AA012,Puttalam - Trincomalee,trunk,False,60,,Puttalam-Anuradhapura-Trincomalee Road,4556.110306760647
2093611694,2840975728,A28,AA028,Padeniya - Anuradhapura,trunk,False,"['70', '50']",,Anuradhapura - Padeniya Road,1238.774299440712
2093611694,615737752,A28,AA028,Padeniya - Anuradhapura,trunk,False,"['70', '50']",,Anuradhapura - Padeniya Road,17956.941244842918
2093612347,2093612506,A12,AA012,Puttalam - Trincomalee,trunk,False,60,,Puttalam-Anuradhapura-Trincomalee Road,5219.792456885824
2093612347,2959495457,A12,AA012,Puttalam - Trincomalee,trunk,False,60,,Puttalam-Anuradhapura-Trincomalee Road,10751.10426931201
2093612506,1990178209,A12,AA012,Puttalam - Trincomalee,trunk,False,60,,Puttalam-Anuradhapura-Trincomalee Road,11494.775979774027
2093612506,2093612347,A12,AA012,Puttalam - Trincomalee,trunk,False,60,,Puttalam-Anuradhapura-Trincomalee Road,5219.792456885824
2093612570,1401456407,A12,AA012,Puttalam - Trincomalee,trunk,False,60,,Puttalam-Anuradhapura-Trincomalee Road,7702.633486416555
2093612570,1990178209,A12,AA012,Puttalam - Trincomalee,trunk,False,60,,Puttalam-Anuradhapura-Trincomalee Road,2602.583696425504
2093612778,3204549182,A12,AA012,Puttalam - Trincomalee,trunk,False,60,,Puttalam-Anuradhapura-Trincomalee Road,1679.1833903178085
2093612778,3204562797,A12,AA012,Puttalam - Trincomalee,trunk,False,60,,Puttalam-Anuradhapura-Trincomalee Road,6987.3149192086
2093613917,4137314869,A32,AA032,Navakkuli - Kerativu - Mannar,trunk,False,60,,Navatkuli-Keraitivu-Mannar Road,36755.12799486394
2093613917,1886464452,A32,AA032,Navakkuli - Kerativu - Mannar,trunk,False,60,,"['Navatkuli - Kerativu-Mannar Road', 'Karaitivu-Mannar Road', 'Navakkuli - Kerativu - Mannar Road', 'Navatkuli-Keraitivu-Mannar Road']",25911.101599483398
2093935572,8032417733,A12,AA012,Puttalam - Trincomalee,trunk,False,60,,Puttalam-Anuradhapura-Trincomalee Road,1255.116852844144
2093935572,3204562797,A12,AA012,Puttalam - Trincomalee,trunk,False,60,,Puttalam-Anuradhapura-Trincomalee Road,19799.688339561533
2093935800,13749558419,A9,AA009,Kandy - Jaffna,trunk,False,70,,Kandy-Jaffna Road,1627.750470492456
2093935800,1880627815,A9,AA009,Kandy - Jaffna,trunk,False,70,,Kandy-Jaffna Road,7624.019843103922
2093935801,1242703950,A12,AA012,Puttalam - Trincomalee,trunk,False,60,,Puttalam-Anuradhapura-Trincomalee Road,29411.17158520803
2093935801,1740742111,A12,AA012,Puttalam - Trincomalee,trunk,False,"['70', '60', '50']",,Puttalam-Anuradhapura-Trincomalee Road,11783.019957570627
2094554407,2837518575,A28,AA028,Padeniya - Anuradhapura,trunk,False,"['70', '50']",,Anuradhapura - Padeniya Road,2642.8969754137074
2094554407,2840975747,A28,AA028,Padeniya - Anuradhapura,trunk,False,"['70', '50']",,Anuradhapura - Padeniya Road,7604.711651889651
2094947243,1242786013,A6,AA006,Ambepussa - Kurunegala - Trincomalee,trunk,False,60,2,Kandy Road,7030.063987436613
2094947243,1235814824,A6,AA006,Ambepussa - Kurunegala - Trincomalee,trunk,False,60,2,Kandy Road,10971.26399508322
2105382093,5372968715,A1,AA001,Colombo - Kandy,trunk,True,60,2,Olcott Mawatha,1123.606736035613
2105405964,3937903239,A1,AA001,Colombo - Kandy,trunk,True,60,2,Olcott Mawatha,338.2142080598177
2122125311,618514969,A0,AA000,Kollupitiya - Sri Jayewardenepura,trunk,True,70,3,Sri Jayewardenepura Mawatha,14.04545443565693
2131510192,3343547728,A10,AA010,Katugastota - Kurunegala - Puttalam,trunk,False,70,2,Galagedara Road,1736.2575075293873
2131510192,570765771,A10,AA010,Katugastota - Kurunegala - Puttalam,trunk,False,70,2,Galagedara Road,897.3271114997514
2131864641,1235750071,A0,AA000,Kollupitiya - Sri Jayewardenepura,trunk,True,70,3,Dudley Senanayake Mawatha (Castle Street),602.283607178725
2141873197,1797964206,A4,AA004,Colombo - Ratnapura - Wellawaya - Batticaloa,trunk,False,60,"['1', '2']","['High Level Road', 'Colombo Road']",3842.199081018821
2141873197,1862815981,A4,AA004,Colombo - Ratnapura - Wellawaya - Batticaloa,trunk,False,60,"['1', '2']",High Level Road,11785.812590283049
2145042656,10166776387,A16,AA016,Beragala - Hali-Ela,trunk,False,70,2,Badulla-Bandarawela Road,4862.206379938496
2145042656,49364356,A16,AA016,Beragala - Hali-Ela,trunk,False,70,2,Badulla-Bandarawela Road,4930.730258955187
2145113802,3794035028,A21,AA021,Kegalle - Bulathkohupitiya - Karawanella,trunk,False,60,2,Kalugalla Mawatha,466.1150444067138
2145113802,3219914005,A21,AA021,Kegalle - Bulathkohupitiya - Karawanella,trunk,True,60,1,Kalugalla Mawatha,34.172832559893635
2145113863,3221200523,A21,AA021,Kegalle - Bulathkohupitiya - Karawanella,trunk,False,60,2,Kegalle-Bulathkohupitiya-Karawanella Road,632.0873980981568
2145113863,3221213836,A21,AA021,Kegalle - Bulathkohupitiya - Karawanella,trunk,False,60,2,Kegalle-Bulathkohupitiya-Karawanella Road,4112.1814037253125
2145219371,3693930754,A25,AA025,Siyambalanduwa - Damana - Ampara,trunk,False,60,2,Siyambalanduwa-Damana-Ampara Road,15109.881270879825
2145219371,6685195536,A25,AA025,Siyambalanduwa - Damana - Ampara,trunk,True,50,1,Siyambalanduwa-Damana-Ampara Road,30.056459443473575
2145571047,1147075948,A5,AA005,Peradeniya - Badulla - Chenkaladi,trunk,False,60,2,Nuwara Eliya Road,472.4963306553291
2145571047,2011981296,A5,AA005,Peradeniya - Badulla - Chenkaladi,trunk,False,60,2,Nuwara Eliya Road,9269.21406339954
2149942832,1751020481,A4,AA004,Colombo - Ratnapura - Wellawaya - Batticaloa,trunk,False,72,2,Colombo Road,3578.2706231392076
2149942832,8421010098,A4,AA004,Colombo - Ratnapura - Wellawaya - Batticaloa,trunk,False,72,2,Colombo Road,3969.10022741843
2152800248,2152800360,A18,AA018,Pelmadulla - Embilipitiya - Nonagama,trunk,True,60,1,Pelmadulla-Embilipitiya Road,19.428587006891842
2152800310,1737618827,A18,AA018,Pelmadulla - Embilipitiya - Nonagama,trunk,False,60,,Pelmadulla-Embilipitiya Road,6033.451426475692
2152800310,2152800385,A18,AA018,Pelmadulla - Embilipitiya - Nonagama,trunk,True,60,1,Pelmadulla-Embilipitiya Road,15.998980266744539
2152800360,2152921941,A18,AA018,Pelmadulla - Embilipitiya - Nonagama,trunk,True,60,1,Pelmadulla-Embilipitiya Road,18.838789016415006
2152800360,1751015081,A18,AA018,Pelmadulla - Embilipitiya - Nonagama,trunk,False,60,,Pelmadulla-Embilipitiya Road,1296.2834528087255
2152817015,849238535,A9,AA009,Kandy - Jaffna,trunk,False,60,,Kandy - Jaffna Road,4415.905677626777
2152817015,849241788,A9,AA009,Kandy - Jaffna,trunk,False,60,,Kandy - Jaffna Road,1553.6779235548047
2152832499,1146591926,A9,AA009,Kandy - Jaffna,trunk,False,"['70', '60']",2,Kandy - Jaffna Road,29012.12472454576
2152832499,8626940908,A9,AA009,Kandy - Jaffna,trunk,True,70,"['1', '2']",Kandy - Jaffna Road,2717.355284134215
2155579750,2155634707,A3,AA003,Peliyagoda - Puttalam,trunk,True,60,2,Negombo Road,4608.420144489349
2155579905,3851226779,A3,AA003,Peliyagoda - Puttalam,trunk,True,60,2,Negombo Road,731.6705131963646
2155580074,12509374263,A3,AA003,Peliyagoda - Puttalam,trunk,True,60,2,Negombo Road,3266.647684831791
2155580113,2155579905,A3,AA003,Peliyagoda - Puttalam,trunk,True,60,2,Negombo Road,2978.981523892571
2155580115,2155580074,A3,AA003,Peliyagoda - Puttalam,trunk,True,60,2,Negombo Road,174.24467503256932
2155580125,3849049820,A3,AA003,Peliyagoda - Puttalam,trunk,True,60,2,Negombo Road,25.967583745338352
2155580131,2684604208,A3,AA003,Peliyagoda - Puttalam,trunk,True,60,2,Negombo Road,540.6738216416801
2155584783,4087054250,A3,AA003,Peliyagoda - Puttalam,trunk,True,70,2,Negombo Road,284.5981097997188
2155584793,2506028803,A3,AA003,Peliyagoda - Puttalam,trunk,True,60,2,Negombo Road,4247.110340520693
2155584797,2155584835,A3,AA003,Peliyagoda - Puttalam,trunk,True,70,2,Negombo Road,603.6498766193964
2155584835,1268335758,A3,AA003,Peliyagoda - Puttalam,trunk,True,70,2,Negombo Road,1070.3142925428172
2155634701,4426787286,A3,AA003,Peliyagoda - Puttalam,trunk,True,60,2,Negombo Road,504.5884771531373
2155634707,2155634708,A3,AA003,Peliyagoda - Puttalam,trunk,True,60,2,Negombo Road,582.2071487985379
2155634708,13684572987,A3,AA003,Peliyagoda - Puttalam,trunk,True,60,2,Negombo Road,12.806936920422341
2155634710,5804555891,A3,AA003,Peliyagoda - Puttalam,trunk,True,60,2,Negombo Road,12.545182142666953
2155666096,2155584793,A3,AA003,Peliyagoda - Puttalam,trunk,True,70,2,Negombo Road,716.8279593366125
2155672282,2155827812,A17,AA017,Galle - Deniyaya - Madampe,trunk,False,70,2,Deniyaya Road,828.5878781615229
2155672282,3203084587,A17,AA017,Galle - Deniyaya - Madampe,trunk,False,70,2,Deniyaya Road,1426.623788265155
2155827775,3203084587,A17,AA017,Galle - Deniyaya - Madampe,trunk,False,70,2,Deniyaya Road,7835.938972666726
2155827775,3211908158,A17,AA017,Galle - Deniyaya - Madampe,trunk,False,70,2,Deniyaya Road,11125.789326314085
2155827812,4267522204,A17,AA017,Galle - Deniyaya - Madampe,trunk,False,70,2,"['Deniyaya Road', 'Ratnapura Road']",7810.734301318371
2155827812,2155672282,A17,AA017,Galle - Deniyaya - Madampe,trunk,False,70,2,Deniyaya Road,828.5878781615232
2155946168,250131773,A2,AA002,Colombo - Galle - Hambantota - Wellawaya,trunk,False,70,2,Tangalle Road,1231.6150869410083
2155946168,1650097492,A2,AA002,Colombo - Galle - Hambantota - Wellawaya,trunk,False,60,2,New Tangalle Road,815.066049456444
2164965693,2190965493,A17,AA017,Galle - Deniyaya - Madampe,trunk,False,70,2,Deniyaya Road,1101.0579871979621
2164965693,98554769,A17,AA017,Galle - Deniyaya - Madampe,trunk,False,70,2,Deniyaya Road,99.23555392430534
2186928769,1239435091,A10,AA010,Katugastota - Kurunegala - Puttalam,trunk,True,50,1,Kurunegala - Puttalam Road,20.380668936637115
2186928769,6511383114,A10,AA010,Katugastota - Kurunegala - Puttalam,trunk,False,"['60', '50']",2,"['Kurunegala - Puttalam Road', 'Katugastota-Kurunegala-Puttalam Road']",4799.252535092286
2190932692,3211908158,A17,AA017,Galle - Deniyaya - Madampe,trunk,False,70,2,Deniyaya Road,998.3062527741167
2190932692,3445493696,A17,AA017,Galle - Deniyaya - Madampe,trunk,False,70,2,Deniyaya Road,13300.088863971325
2190965493,2190965800,A17,AA017,Galle - Deniyaya - Madampe,trunk,False,70,2,Deniyaya Road,129.41277937460262
2190965493,2164965693,A17,AA017,Galle - Deniyaya - Madampe,trunk,False,70,2,Deniyaya Road,1101.0579871979626
2190965800,3445493696,A17,AA017,Galle - Deniyaya - Madampe,trunk,False,70,2,Deniyaya Road,257.0597871427326
2190965800,2190965493,A17,AA017,Galle - Deniyaya - Madampe,trunk,False,70,2,Deniyaya Road,129.4127793746026
2231309667,7103763194,A4,AA004,Colombo - Ratnapura - Wellawaya - Batticaloa,trunk,True,70,2,Pottuvil-Batticaloa Road,50.34540087316659
2231309667,1725053695,A4,AA004,Colombo - Ratnapura - Wellawaya - Batticaloa,trunk,False,70,2,Pottuvil-Batticloa Road,16820.022930455423
2247695861,2247695870,A4,AA004,Colombo - Ratnapura - Wellawaya - Batticaloa,trunk,True,50,2,H. Sri Nassanka Mawatha (High Level Road),14.239339131071258
2247695870,2247695871,A4,AA004,Colombo - Ratnapura - Wellawaya - Batticaloa,trunk,True,50,2,High Level Road,34.96122821650211
2247695871,127660889,A4,AA004,Colombo - Ratnapura - Wellawaya - Batticaloa,trunk,True,50,2,High Level Road,307.32817499254776
2279244474,9394230350,A11,AA011,Maradankadawela - Habarana - Tirikkondiadimadu,trunk,True,50,2,Habarana-Polonnaruwa-Batticaloa Road,548.3748348731588
2279244474,7024993693,A11,AA011,Maradankadawela - Habarana - Tirikkondiadimadu,trunk,False,50,2,Habarana-Polonnaruwa-Batticaloa Road,280.83485500647123
2285202897,1241520208,A11,AA011,Maradankadawela - Habarana - Tirikkondiadimadu,trunk,False,70,2,Habarana-Trincomalee-Batticaloa Road,6621.404027800605
2285202897,3213759120,A11,AA011,Maradankadawela - Habarana - Tirikkondiadimadu,trunk,False,"['70', '60']",2,Habarana-Trincomalee-Batticaloa Road,3430.376177828795
2288824399,258523358,A11,AA011,Maradankadawela - Habarana - Tirikkondiadimadu,trunk,True,"['60', '50']",2,Habarana-Polonnaruwa-Batticaloa Road,195.0687759007772
2304485540,6685478661,A11,AA011,Maradankadawela - Habarana - Tirikkondiadimadu,trunk,False,"['70', '60', '50']",2,Habarana-Polonnaruwa-Batticaloa Road,44091.63416687226
2304485540,1241527366,A11,AA011,Maradankadawela - Habarana - Tirikkondiadimadu,trunk,False,"['70', '30', '60', '50']",2,"['Manampitiya Bridge', 'Habarana-Polonnaruwa-Batticaloa Road']",10205.40279829353
2334261008,937250000,A26,AA026,Kandy - Mahiyangana - Padiyatalawa,trunk,False,70,2,Kandy-Mahiyanganaya Road,9581.621707339096
2334261008,3203303832,A26,AA026,Kandy - Mahiyangana - Padiyatalawa,trunk,False,"['70', '60']",2,"['Oruthota Bridge', 'Kandy-Mahiyanganaya Road']",17343.71732834953
2337340596,2340032516,A2,AA002,Colombo - Galle - Hambantota - Wellawaya,trunk,False,70,2,Galle Road,1687.8423751581695
2337340596,2079240021,A2,AA002,Colombo - Galle - Hambantota - Wellawaya,trunk,True,50,2,Galle Road,841.7112198064469
2337932210,3226211756,A1,AA001,Colombo - Kandy,trunk,False,60,,"['Mawanella Bridge', 'Old Colombo Road', 'Main Street']",382.29427768287013
2337932210,3224668762,A1,AA001,Colombo - Kandy,trunk,False,60,,Old Colombo Road,910.6474594919171
2338839291,3718488871,A1,AA001,Colombo - Kandy,trunk,False,60,,Main Street,355.05242619338605
2338839291,3226211756,A1,AA001,Colombo - Kandy,trunk,False,60,,Main Street,114.77950026479348
2339285632,2339297860,A2,AA002,Colombo - Galle - Hambantota - Wellawaya,trunk,True,50,2,Galle Road,186.32694317578407
2339285633,2339297862,A8,AA008,Panadura - Nambapana - Ratnapura,trunk,True,50,1,Horana Road,91.92479644828643
2339285633,2079215806,A8,AA008,Panadura - Nambapana - Ratnapura,trunk,False,"['70', '50']",2,Horana Road,3395.241795446491
2339297860,2339297862,A2,AA002,Colombo - Galle - Hambantota - Wellawaya,trunk,True,50,2,Galle Road,12.539498486853624
2339297860,2339285633,A8,AA008,Panadura - Nambapana - Ratnapura,trunk,True,50,1,Horana Road,91.83165205243046
2339297862,7037793029,A2,AA002,Colombo - Galle - Hambantota - Wellawaya,trunk,True,50,2,Galle Road,184.2706695053704
2339297865,652378597,A2,AA002,Colombo - Galle - Hambantota - Wellawaya,trunk,True,50,2,Galle Road,186.71709216370135
2339297871,50415021,A2,AA002,Colombo - Galle - Hambantota - Wellawaya,trunk,True,50,2,Galle Road,242.58999356414765
2339297873,2339297865,A2,AA002,Colombo - Galle - Hambantota - Wellawaya,trunk,True,50,3,Galle Road,13.176782269340022
2339297877,2339297881,A2,AA002,Colombo - Galle - Hambantota - Wellawaya,trunk,True,50,2,Galle Road,245.84725709860498
2339297881,2339365433,A2,AA002,Colombo - Galle - Hambantota - Wellawaya,trunk,True,50,2,Galle Road,233.55455745609274
2339320507,2339326606,A2,AA002,Colombo - Galle - Hambantota - Wellawaya,trunk,True,60,,Old Galle Road,36.09624851490863
2339320507,651747031,A2,AA002,Colombo - Galle - Hambantota - Wellawaya,trunk,False,50,2,Old Galle Road,5811.081702129547
2339326610,2339320507,A2,AA002,Colombo - Galle - Hambantota - Wellawaya,trunk,True,60,,Old Galle Road,32.77497402644762
2339326619,2339297877,A2,AA002,Colombo - Galle - Hambantota - Wellawaya,trunk,True,50,2,Galle Road,226.02692733164483
2339365431,2339297871,A2,AA002,Colombo - Galle - Hambantota - Wellawaya,trunk,True,50,2,Galle Road,233.7788136465352
2339365433,2339285632,A2,AA002,Colombo - Galle - Hambantota - Wellawaya,trunk,True,50,2,Galle Road,749.0820982841524
2340032514,2347147693,A2,AA002,Colombo - Galle - Hambantota - Wellawaya,trunk,True,70,2,Galle Road,178.6423277683166
2340032515,2340032521,A2,AA002,Colombo - Galle - Hambantota - Wellawaya,trunk,True,50,2,Galle Road,385.07338086761763
2340032516,2337340596,A2,AA002,Colombo - Galle - Hambantota - Wellawaya,trunk,False,70,2,Galle Road,1687.8423751581693
2340032516,2340037594,A2,AA002,Colombo - Galle - Hambantota - Wellawaya,trunk,True,70,,Galle Road,254.17923894519046
2340032521,2340032539,A2,AA002,Colombo - Galle - Hambantota - Wellawaya,trunk,True,70,2,Galle Road,316.9821220101595
2340032526,2340037602,A2,AA002,Colombo - Galle - Hambantota - Wellawaya,trunk,True,70,2,Galle Road,110.05573210747494
2340032530,2340037601,A2,AA002,Colombo - Galle - Hambantota - Wellawaya,trunk,True,70,2,Galle Road,92.72274300070046
2340032539,2340036297,A2,AA002,Colombo - Galle - Hambantota - Wellawaya,trunk,True,70,2,Galle Road,347.77340428957814
2340036296,1795321908,A2,AA002,Colombo - Galle - Hambantota - Wellawaya,trunk,True,70,,Galle Road,345.6118825570133
2340036297,2340032530,A2,AA002,Colombo - Galle - Hambantota - Wellawaya,trunk,True,70,2,Galle Road,109.25091157634436
2340037594,1795321973,A2,AA002,Colombo - Galle - Hambantota - Wellawaya,trunk,True,70,,Galle Road,111.95554681752822
2340037597,2340037598,A2,AA002,Colombo - Galle - Hambantota - Wellawaya,trunk,True,70,2,Galle Road,390.0965835301632
2340037598,2340032526,A2,AA002,Colombo - Galle - Hambantota - Wellawaya,trunk,True,70,2,Galle Road,453.24200448291054
2340037600,1795322086,A2,AA002,Colombo - Galle - Hambantota - Wellawaya,trunk,True,70,,Galle Road,389.18322849897197
2340037601,2340032514,A2,AA002,Colombo - Galle - Hambantota - Wellawaya,trunk,True,70,2,Galle Road,235.1549448312869
2340037602,2340032516,A2,AA002,Colombo - Galle - Hambantota - Wellawaya,trunk,True,70,2,Galle Road,254.14806870986763
2347147693,2340037597,A2,AA002,Colombo - Galle - Hambantota - Wellawaya,trunk,True,70,2,Galle Road,14.772157540656123
2347147693,2079240044,A2,AA002,Colombo - Galle - Hambantota - Wellawaya,trunk,True,70,,Galle Road,180.6091197396154
2361900638,1278003886,A2,AA002,Colombo - Galle - Hambantota - Wellawaya,trunk,True,50,3,Galle Road,277.0414253259021
2361900649,652384089,A2,AA002,Colombo - Galle - Hambantota - Wellawaya,trunk,True,60,3,Galle Road,818.0911055398965
2362937346,3785620361,A6,AA006,Ambepussa - Kurunegala - Trincomalee,trunk,False,70,2,Ambepussa-Kurunegala Road,5109.314933368285
2362937346,3064600110,A6,AA006,Ambepussa - Kurunegala - Trincomalee,trunk,False,70,2,Ambepussa-Kurunegala Road,4304.5107249823495
2364192267,2079053698,A15,AA015,Batticaloa - Tirikkondiadimadu - Trincomalee,trunk,False,40,2,"['Bazaar Street', 'Chapel Street']",268.2665301945253
2364192267,2079053722,A15,AA015,Batticaloa - Tirikkondiadimadu - Trincomalee,trunk,True,40,1,Bazaar Street,40.159824856514675
2364192275,2364192267,A15,AA015,Batticaloa - Tirikkondiadimadu - Trincomalee,trunk,True,40,1,Bazaar Street,35.58896195953844
2366743826,4693290694,A3,AA003,Peliyagoda - Puttalam,trunk,True,70,2,Colombo-Puttalam Road,824.6834581880555
2375441056,6688367855,A3,AA003,Peliyagoda - Puttalam,trunk,True,70,2,Colombo-Puttalam Road,145.215731983238
2382030370,9427844828,A15,AA015,Batticaloa - Tirikkondiadimadu - Trincomalee,trunk,True,50,2,Trincomalee Road,313.943329622526
2382030398,2078949358,A4,AA004,Colombo - Ratnapura - Wellawaya - Batticaloa,trunk,True,60,2,Bar Road,346.49472236311954
2382076784,937249756,A26,AA026,Kandy - Mahiyangana - Padiyatalawa,trunk,False,60,2,Hewaheta Road,43.478087752794465
2382076798,2382076796,A26,AA026,Kandy - Mahiyangana - Padiyatalawa,trunk,True,70,,Kandy-Mahiyanganaya Road,25.40230382132894
2382076798,937250000,A26,AA026,Kandy - Mahiyangana - Padiyatalawa,trunk,False,70,2,Kandy-Mahiyanganaya Road,536.2456648700047
2382152045,8605932100,A26,AA026,Kandy - Mahiyangana - Padiyatalawa,trunk,False,60,2,Anagarika Dharmapala Mawatha,8.882390245078657
2382152045,937249756,A26,AA026,Kandy - Mahiyangana - Padiyatalawa,trunk,False,60,2,Hewaheta Road,2425.650181609854
2398925514,1979346418,A5,AA005,Peradeniya - Badulla - Chenkaladi,trunk,False,70,2,Badulla-Chenkaladi Road,622.3400781687172
2398925514,5286754885,A5,AA005,Peradeniya - Badulla - Chenkaladi,trunk,False,70,2,Badulla-Chenkaladi Road,44.04825500487372
2398934524,4837295492,A5,AA005,Peradeniya - Badulla - Chenkaladi,trunk,False,70,2,Badulla-Chenkaladi Road,2986.61168814315
2398934524,3527283166,A5,AA005,Peradeniya - Badulla - Chenkaladi,trunk,False,70,2,Badulla-Chenkaladi Road,30026.20756784535
2400768904,3527283166,A22,AA022,Passara - Moneragala,trunk,False,70,2,Passara-Moneragala Road,16350.201982772078
2400768904,6685173555,A22,AA022,Passara - Moneragala,trunk,False,70,2,Passara-Moneragala Road,9944.652156880487
2401185742,10016226414,A5,AA005,Peradeniya - Badulla - Chenkaladi,trunk,False,70,2,Badulla-Chenkaladi Road,21250.997848312025
2401185742,1979346418,A5,AA005,Peradeniya - Badulla - Chenkaladi,trunk,False,70,2,Badulla-Chenkaladi Road,4761.877400750817
2401225758,1722823167,A4,AA004,Colombo - Ratnapura - Wellawaya - Batticaloa,trunk,False,70,2,Wellawaya-Pottuvil Road,413.37643114367734
2401225758,1720491739,A4,AA004,Colombo - Ratnapura - Wellawaya - Batticaloa,trunk,False,70,2,Wellawaya-Pottuvil Road,8001.525298165553
2404061091,2544591508,A2,AA002,Colombo - Galle - Hambantota - Wellawaya,trunk,False,70,2,Hambantota-Wellawaya Road,9.098376564272884
2404061091,1809805271,A2,AA002,Colombo - Galle - Hambantota - Wellawaya,trunk,False,70,2,Hambantota-Wellawaya Road,2357.194462742615
2407608224,8933799511,A33,AA033,Ja-Ela - Ekala - Gampaha - Yakkala,trunk,True,50,2,Gampaha-Yakkala Road,464.0710557968611
2407760102,1981183266,A9,AA009,Kandy - Jaffna,trunk,False,60,,Kandy-Jaffna Road,172.2016077260119
2407760102,6266383660,A9,AA009,Kandy - Jaffna,trunk,True,70,,Kandy-Jaffna Road,28.100077155802694
2418603889,11169238186,A4,AA004,Colombo - Ratnapura - Wellawaya - Batticaloa,trunk,True,50,1,Wellawaya-Pottuvil Road,25.067879483839963
2418603889,3622789896,A4,AA004,Colombo - Ratnapura - Wellawaya - Batticaloa,trunk,False,70,2,Wellawaya-Pottuvil Road,6454.072033059849
2418603897,4071257599,A4,AA004,Colombo - Ratnapura - Wellawaya - Batticaloa,trunk,True,50,1,Wellawaya-Pottuvil Road,20.201628982076844
2418603897,1809805500,A4,AA004,Colombo - Ratnapura - Wellawaya - Batticaloa,trunk,False,70,2,Wellawaya-Pottuvil Road,90.77193161003892
2434214580,252541774,A17,AA017,Galle - Deniyaya - Madampe,trunk,False,70,2,"['Akuressa Road', 'Deniyaya Road']",1335.5657526816403
2434214580,1636603514,A17,AA017,Galle - Deniyaya - Madampe,trunk,False,70,2,Akuressa Road,6706.69503415646
2499038749,2068162856,A4,AA004,Colombo - Ratnapura - Wellawaya - Batticaloa,trunk,True,60,,High Level Road,610.2735947731326
2499283524,5216483982,A3,AA003,Peliyagoda - Puttalam,trunk,True,60,2,Negombo Road,43.5017557989963
2499283525,1475786189,A3,AA003,Peliyagoda - Puttalam,trunk,True,60,2,Negombo Road,8.353453057557303
2499287720,3780516724,A1,AA001,Colombo - Kandy,trunk,True,60,2,Colombo-Kandy Road,10.909199041384568
2505983167,253022461,A1,AA001,Colombo - Kandy,trunk,True,60,2,Colombo-Kandy Road,112.49445849338836
2506028803,2509007852,A3,AA003,Peliyagoda - Puttalam,trunk,True,60,2,Negombo Road,31.581826903276617
2507098804,2155580125,A3,AA003,Peliyagoda - Puttalam,trunk,True,60,2,Negombo Road,38.09658064203096
2507098828,7037741108,A3,AA003,Peliyagoda - Puttalam,trunk,True,60,2,Negombo Road,564.0436853322059
2508106197,3805872959,A3,AA003,Peliyagoda - Puttalam,trunk,True,60,2,Negombo Road,1832.7639675398007
2509007852,3268563915,A3,AA003,Peliyagoda - Puttalam,trunk,True,60,2,Negombo Road,82.35705056040138
2523753994,2552014491,A16,AA016,Beragala - Hali-Ela,trunk,False,60,2,Beragala-Hali-Ela Road,5458.134373156501
2523753994,2646312392,A16,AA016,Beragala - Hali-Ela,trunk,False,60,2,Beragala-Hali-Ela Road,41.83614179167181
2544591508,2404061091,A2,AA002,Colombo - Galle - Hambantota - Wellawaya,trunk,False,70,2,Hambantota-Wellawaya Road,9.098376564272884
2544591508,10132667231,A2,AA002,Colombo - Galle - Hambantota - Wellawaya,trunk,False,70,2,Hambantota-Wellawaya Road,10759.97287424337
2552014491,2523753994,A16,AA016,Beragala - Hali-Ela,trunk,False,60,2,Beragala-Hali-Ela Road,5458.134373156504
2552014491,2026106458,A16,AA016,Beragala - Hali-Ela,trunk,False,60,2,Beragala-Hali-Ela Road,1534.4448047523379
2558293072,6509196188,A9,AA009,Kandy - Jaffna,trunk,True,60,,Katugastota Road,49.135100478122645
2565428392,6685474060,A15,AA015,Batticaloa - Tirikkondiadimadu - Trincomalee,trunk,True,40,1,Trincomalee Road,30.185398532929433
2565428392,1895649423,A15,AA015,Batticaloa - Tirikkondiadimadu - Trincomalee,trunk,False,60,2,Trincomalee Road,3538.7713836110715
2568176828,2568176881,A24,AA024,Matara - Akuressa,trunk,True,60,2,Matara-Akuressa Road,13.554550152604705
2568176862,3398081271,A24,AA024,Matara - Akuressa,trunk,True,60,2,Akuressa Road,28.62083585524825
2568176881,12625589425,A24,AA024,Matara - Akuressa,trunk,True,"['60', '50']",2,Akuressa Road,638.3916414048448
2568225710,7409403107,A14,AA014,Medawachchiya - Mannar - Talaimannar,trunk,False,"['25', '60']",,Medawachchiya-Talaimannar Road,30186.7385577914
2608995079,2828629366,A7,AA007,Avissawella - Hatton - Nuwara Eliya,trunk,False,50,2,Main Street,23.020053551690737
2608995079,3517327762,A7,AA007,Avissawella - Hatton - Nuwara Eliya,trunk,False,"['70', '50']",2,"['Main Street', 'Nanu Oya Road']",3864.121893171222
2610876638,44265232,A2,AA002,Colombo - Galle - Hambantota - Wellawaya,trunk,False,70,2,"['Tissa Road', 'Kuda Oya Bridge', 'Hambantota-Wellawaya Road']",24937.55996510796
2610876638,610955288,A2,AA002,Colombo - Galle - Hambantota - Wellawaya,trunk,False,70,2,Hambantota-Wellawaya Road,9404.737550035608
2638058705,8279649724,A28,AA028,Padeniya - Anuradhapura,trunk,True,40,,Anuradhapura - Padeniya Road,32.36344369250063
2638058705,2638058713,A28,AA028,Padeniya - Anuradhapura,trunk,False,50,,Anuradhapura - Padeniya Road,181.94620542822713
2638058713,1239725256,A28,AA028,Padeniya - Anuradhapura,trunk,False,"['70', '50']",2,Anuradhapura - Padeniya Road,8956.297760310525
2638058713,2638058705,A28,AA028,Padeniya - Anuradhapura,trunk,False,50,,Anuradhapura - Padeniya Road,181.94620542822716
2638058811,4396503415,A28,AA028,Padeniya - Anuradhapura,trunk,True,40,,Anuradhapura - Padeniya Road,41.13720328134568
2638058811,615737752,A28,AA028,Padeniya - Anuradhapura,trunk,False,50,,Anuradhapura - Padeniya Road,434.7543615542862
2646312392,2523753994,A16,AA016,Beragala - Hali-Ela,trunk,False,60,2,Beragala-Hali-Ela Road,41.83614179167181
2646312392,598168296,A16,AA016,Beragala - Hali-Ela,trunk,False,70,2,Badulla Road,2848.127290336586
2646389088,3649840867,A27,AA027,Ampara - Uhana - MahaOya,trunk,False,70,2,Ampara-Uhana-Maha Oya Road,4929.264179724035
2646389088,2082247570,A27,AA027,Ampara - Uhana - MahaOya,trunk,False,70,2,Ampara-Uhana-Maha Oya Road,4130.141943873476
2661675127,1879056247,A4,AA004,Colombo - Ratnapura - Wellawaya - Batticaloa,trunk,False,70,2,Pottuvil-Batticaloa Road,5.102750698136887
2661675127,3320202231,A4,AA004,Colombo - Ratnapura - Wellawaya - Batticaloa,trunk,False,70,2,Pottuvil-Batticaloa Road,258.5857659872131
2661675134,1879056247,A4,AA004,Colombo - Ratnapura - Wellawaya - Batticaloa,trunk,False,70,2,Pottuvil-Batticaloa Road,280.99401520248944
2661675134,1880354577,A4,AA004,Colombo - Ratnapura - Wellawaya - Batticaloa,trunk,False,70,2,Pottuvil-Batticaloa Road,12320.020702968723
2662800973,13740014576,A4,AA004,Colombo - Ratnapura - Wellawaya - Batticaloa,trunk,True,60,2,Kalmunai Road,6.22891255600128
2684604208,2507098804,A3,AA003,Peliyagoda - Puttalam,trunk,True,60,2,Negombo Road,10.37175878045672
2722759262,13367298684,A24,AA024,Matara - Akuressa,trunk,False,60,2,Matara-Akuressa Road,2145.706077139927
2722759262,2568176828,A24,AA024,Matara - Akuressa,trunk,True,60,2,Matara-Akuressa Road,59.8739537314795
2731988159,4903819699,A6,AA006,Ambepussa - Kurunegala - Trincomalee,trunk,True,60,2,Kurunegala-Dambulla Road,123.75495336029044
2731988170,6289622879,A9,AA009,Kandy - Jaffna,trunk,True,70,,Kandy-Jaffna Road,28.92659651072341
2731988196,1981147403,A9,AA009,Kandy - Jaffna,trunk,True,50,2,Kandy-Jaffna Road,1304.7466277117057
2731988214,4911274820,A9,AA009,Kandy - Jaffna,trunk,True,70,2,Kandy-Jaffna Road,249.02118693393743
2731988222,6289622879,A6,AA006,Ambepussa - Kurunegala - Trincomalee,trunk,True,60,2,Kurunegala-Dambulla Road,10.012622018387596
2732633603,5202667325,A6,AA006,Ambepussa - Kurunegala - Trincomalee,trunk,False,70,2,Dambulla-Habarana Road,64.21261576307927
2732633603,2051320917,A6,AA006,Ambepussa - Kurunegala - Trincomalee,trunk,False,70,2,Dambulla-Habarana Road,7170.387378606545
2822277593,7024993693,A11,AA011,Maradankadawela - Habarana - Tirikkondiadimadu,trunk,False,50,2,Habarana-Polonnaruwa-Batticaloa Road,1150.673053488887
2823998635,2854966358,A1,AA001,Colombo - Kandy,trunk,True,70,2,"['Colombo-Kandy Road', 'Galtota Oya Bridge', 'Attanagalu Oya Bridge']",1184.3732662878726
2828629366,2608995079,A7,AA007,Avissawella - Hatton - Nuwara Eliya,trunk,False,50,2,Main Street,23.020053551690737
2828629366,4507913122,A7,AA007,Avissawella - Hatton - Nuwara Eliya,trunk,False,50,2,Main Street,333.3496681498412
2833604324,2833604333,A12,AA012,Puttalam - Trincomalee,trunk,True,60,,Puttalam-Anuradhapura-Trincomalee Road,54.30472274365615
2833604332,2833604323,A12,AA012,Puttalam - Trincomalee,trunk,True,60,,Puttalam-Anuradhapura-Trincomalee Road,43.12695981350192
2833604332,1880627764,A12,AA012,Puttalam - Trincomalee,trunk,False,60,,Puttalam-Anuradhapura-Trincomalee Road,1396.8392023576985
2833604333,2833604339,A12,AA012,Puttalam - Trincomalee,trunk,True,70,,,54.82943418733423
2833604333,1971623281,A12,AA012,Puttalam - Trincomalee,trunk,False,60,,Puttalam-Anuradhapura-Trincomalee Road,6061.994181129244
2833604338,2833604332,A12,AA012,Puttalam - Trincomalee,trunk,True,70,,,43.145164715166516
2833604877,1886079226,A20,AA020,Anuradhapura - Rambewa,trunk,True,60,1,Jaffna Road,6309.976899256772
2833834344,5785122163,A12,AA012,Puttalam - Trincomalee,trunk,False,60,,"['Nivatthakachetiya Mawatha', 'Nivatthakachethiya Mawatha']",1758.853424189086
2833834344,5055655450,A12,AA012,Puttalam - Trincomalee,trunk,True,60,,Nivatthakachetiya Mawatha,26.406806079039242
2833834360,4137371245,A20,AA020,Anuradhapura - Rambewa,trunk,True,60,1,Jaffna Road,45.28662050773834
2833834360,11593705874,A20,AA020,Anuradhapura - Rambewa,trunk,False,70,2,Jaffna Road,1026.5340213679794
2835617071,1146218640,A12,AA012,Puttalam - Trincomalee,trunk,True,60,,Harischandra Mawatha,30.157055039693066
2835617079,1981468985,A12,AA012,Puttalam - Trincomalee,trunk,True,60,,Maithripala Senanayake Mawatha (Main Street),26.535059905721397
2837518575,9041600946,A28,AA028,Padeniya - Anuradhapura,trunk,True,40,,Anuradhapura - Padeniya Road,34.59159044084592
2837518575,2094554407,A28,AA028,Padeniya - Anuradhapura,trunk,False,"['70', '50']",,Anuradhapura - Padeniya Road,2642.896975413708
2837518594,9041600940,A28,AA028,Padeniya - Anuradhapura,trunk,True,40,,Anuradhapura - Padeniya Road,30.33139212789229
2837518594,13564710647,A28,AA028,Padeniya - Anuradhapura,trunk,False,"['70', '50']",,"['Anuradhapura - Padeniya Road', 'Padeniya-Anuradhapura Road']",10335.336395074788
2840975728,2093611694,A28,AA028,Padeniya - Anuradhapura,trunk,False,"['70', '50']",,Anuradhapura - Padeniya Road,1238.774299440712
2840975728,12815082889,A28,AA028,Padeniya - Anuradhapura,trunk,True,40,,Anuradhapura - Padeniya Road,35.785509859403895
2840975747,12815082884,A28,AA028,Padeniya - Anuradhapura,trunk,True,40,,Anuradhapura - Padeniya Road,37.26134142650887
2840975747,2094554407,A28,AA028,Padeniya - Anuradhapura,trunk,False,"['70', '50']",,Anuradhapura - Padeniya Road,7604.711651889652
2842889275,1889362430,A3,AA003,Peliyagoda - Puttalam,trunk,False,70,2,Colombo-Puttalam Road,1590.2515428804907
2842889275,3658572657,A3,AA003,Peliyagoda - Puttalam,trunk,False,70,2,Colombo-Puttalam Road,6466.6587170122375
2854966358,3270476305,A1,AA001,Colombo - Kandy,trunk,True,70,2,Colombo-Kandy Road,952.322346369691
2902109603,1239435066,A10,AA010,Katugastota - Kurunegala - Puttalam,trunk,True,50,1,Kurunegala - Puttalam Road,34.64076670313044
2902109607,3204336190,A10,AA010,Katugastota - Kurunegala - Puttalam,trunk,True,50,1,Kurunegala - Puttalam Road,18.982855186427443
2902881148,1792802761,A31,AA031,Karativu - Ampara,trunk,False,70,2,Karativu-Ampara Road,6561.95372417168
2902881148,12761661750,A31,AA031,Karativu - Ampara,trunk,False,70,2,Karativu-Ampara Road,1547.0587444327014
2907674340,2907684935,A1,AA001,Colombo - Kandy,trunk,False,60,2,Colombo-Kandy Road,501.49709011217664
2907674340,3226356899,A1,AA001,Colombo - Kandy,trunk,False,60,2,Colombo-Kandy Road,1785.2748819454973
2907684935,2907674340,A1,AA001,Colombo - Kandy,trunk,False,60,2,Colombo-Kandy Road,501.4970901121766
2907684935,2074229848,A1,AA001,Colombo - Kandy,trunk,False,60,2,Colombo-Kandy Road,36.83053563620556
2910325921,2078328569,A1,AA001,Colombo - Kandy,trunk,False,60,2,Colombo Road,331.23792912109025
2910325921,13625464816,A1,AA001,Colombo - Kandy,trunk,False,60,2,Colombo Road,309.3342379223256
2920465482,3316015809,A4,AA004,Colombo - Ratnapura - Wellawaya - Batticaloa,trunk,False,60,2,Pottuvil-Batticaloa Road,5187.788246429437
2920465482,9406713271,A4,AA004,Colombo - Ratnapura - Wellawaya - Batticaloa,trunk,True,60,,Pottuvil-Batticaloa Road,23.425018322132868
2925773146,1274137040,A2,AA002,Colombo - Galle - Hambantota - Wellawaya,trunk,True,70,3,Galle Road,49.90725433071269
2925773146,665214513,A2,AA002,Colombo - Galle - Hambantota - Wellawaya,"['trunk', 'trunk_link']",True,60,2,Galle Road,128.20093267906242
2959495457,2093612347,A12,AA012,Puttalam - Trincomalee,trunk,False,60,,Puttalam-Anuradhapura-Trincomalee Road,10751.104269312005
2959495457,2093610826,A12,AA012,Puttalam - Trincomalee,trunk,False,60,,Puttalam-Anuradhapura-Trincomalee Road,12850.668807167398
2966142356,3816390084,A1,AA001,Colombo - Kandy,trunk,True,60,2,Colombo-Kandy Road,1959.2298537035515
2966142456,2966142356,A1,AA001,Colombo - Kandy,trunk,True,60,"['3', '2']",Colombo-Kandy Road,1877.2294858082198
2966142458,2966142462,A1,AA001,Colombo - Kandy,trunk,True,60,2,Colombo-Kandy Road,35.42784427502206
2966142462,5559025503,A1,AA001,Colombo - Kandy,trunk,True,60,2,Colombo-Kandy Road,20.04734744026339
2966142464,2966142468,A1,AA001,Colombo - Kandy,trunk,True,60,2,Colombo-Kandy Road,25.943542458709796
2966142468,2966142485,A1,AA001,Colombo - Kandy,trunk,True,60,2,Colombo-Kandy Road,220.57677421855428
2966142476,3345071368,A1,AA001,Colombo - Kandy,trunk,True,60,2,Colombo-Kandy Road,242.45028460226212
2966142485,13662447481,A1,AA001,Colombo - Kandy,trunk,True,60,2,Colombo-Kandy Road,238.20227104886465
2966142501,4784496254,A1,AA001,Colombo - Kandy,trunk,True,60,2,Colombo-Kandy Road,29.71614559512043
3021911951,3218446414,A9,AA009,Kandy - Jaffna,trunk,False,60,,"['Katugastota Road', 'D. S. Senanayake Veediya (Trincomalee Street)']",995.488990505548
3021911951,5693657962,A9,AA009,Kandy - Jaffna,trunk,True,60,2,"['Sri Dalada Veediya', 'D. S. Senanayake Veediya (Trincomalee Street)']",709.05739438643
3033937981,3033937986,A1,AA001,Colombo - Kandy,trunk,True,60,2,Sirimavo Bandaranaike Mawatha (Peradeniya Road),9.111510673821497
3033937986,3810784671,A1,AA001,Colombo - Kandy,trunk,True,60,2,Sirimavo Bandaranaike Mawatha (Peradeniya Road),202.16606848500874
3064234194,4394543338,A10,AA010,Katugastota - Kurunegala - Puttalam,trunk,False,70,2,Kurunegala Road,37.291327203833006
3064234194,5239569079,A10,AA010,Katugastota - Kurunegala - Puttalam,trunk,False,70,2,"['Galagedara Road', 'Kurunegala Road']",4033.6266255995797
3064234503,3064234504,A10,AA010,Katugastota - Kurunegala - Puttalam,trunk,False,70,2,Kurunegala - Kandy Road,26.66091113608313
3064234503,3586058707,A10,AA010,Katugastota - Kurunegala - Puttalam,trunk,False,70,2,Kurunegala - Kandy Road,11915.074495419623
3064234504,3064234503,A10,AA010,Katugastota - Kurunegala - Puttalam,trunk,False,70,2,Kurunegala - Kandy Road,26.66091113608313
3064234504,4067967894,A10,AA010,Katugastota - Kurunegala - Puttalam,trunk,False,70,2,Kurunegala - Kandy Road,8258.341638460233
3064571973,4905293870,A6,AA006,Ambepussa - Kurunegala - Trincomalee,trunk,True,70,2,Kurunegala-Dambulla Road,548.3396017101134
3064571979,4067964377,A10,AA010,Katugastota - Kurunegala - Puttalam,trunk,False,70,,Kurunegala - Kandy Road,1253.0769798688025
3064571979,617806911,A10,AA010,Katugastota - Kurunegala - Puttalam,trunk,True,70,,Kurunegala - Kandy Road,44.45034307369994
3064572227,1535398426,A10,AA010,Katugastota - Kurunegala - Puttalam,trunk,False,60,,Kurunegala - Puttalam Road,1680.1596738100134
3064572227,617806943,A10,AA010,Katugastota - Kurunegala - Puttalam,trunk,True,50,,Kurunegala - Puttalam Road,297.3105494138804
3064600110,2362937346,A6,AA006,Ambepussa - Kurunegala - Trincomalee,trunk,False,70,2,Ambepussa-Kurunegala Road,4304.5107249823495
3064600110,9562328827,A6,AA006,Ambepussa - Kurunegala - Trincomalee,trunk,True,70,2,Ambepussa-Kurunegala Road,1390.5157269209435
3066364582,1535398426,A10,AA010,Katugastota - Kurunegala - Puttalam,trunk,False,60,,"['Kurunegala - Puttalam Road', 'Kurunegala-Puttalam Road']",2563.0693843373247
3066364582,3066364711,A10,AA010,Katugastota - Kurunegala - Puttalam,trunk,False,60,,Kurunegala-Puttalam Road,697.7853539014093
3066364711,3066364582,A10,AA010,Katugastota - Kurunegala - Puttalam,trunk,False,60,,Kurunegala-Puttalam Road,697.7853539014094
3066364711,1239436241,A10,AA010,Katugastota - Kurunegala - Puttalam,trunk,False,"['70', '60']",2,Kurunegala-Puttalam Road,4432.708354803901
3073676023,4577768759,A1,AA001,Colombo - Kandy,trunk,True,60,2,Olcott Mawatha,18.078459171987575
3078591002,324994643,A1,AA001,Colombo - Kandy,trunk,True,60,2,Colombo-Kandy Road,1750.0188966992653
3081634069,6266871671,A2,AA002,Colombo - Galle - Hambantota - Wellawaya,trunk,True,70,3,Matara Road,8.113021190577104
3081634071,1674485421,A2,AA002,Colombo - Galle - Hambantota - Wellawaya,trunk,True,70,2,Matara Road,160.3631595677894
3081634077,3081634071,A2,AA002,Colombo - Galle - Hambantota - Wellawaya,trunk,True,70,2,Matara Road,37.84119103845614
3081634087,3081634077,A2,AA002,Colombo - Galle - Hambantota - Wellawaya,trunk,True,70,,Matara Road,8.571363888250042
3081634094,3081634087,A2,AA002,Colombo - Galle - Hambantota - Wellawaya,trunk,True,70,3,Matara Road,39.73714001115289
3088508684,3088508692,A9,AA009,Kandy - Jaffna,trunk,True,60,4,Madawala Road,55.90255893817487
3088508691,7037556016,A9,AA009,Kandy - Jaffna,trunk,True,60,4,Madawala Road,255.33699738669236
3088508692,3088508691,A9,AA009,Kandy - Jaffna,trunk,True,60,4,Madawala Road,14.46998222647204
3088508709,3088516296,A10,AA010,Katugastota - Kurunegala - Puttalam,trunk,False,60,2,T. B. Illangaratne Mawatha (Galagedara Road),14.631106007693607
3088508720,3088508729,A9,AA009,Kandy - Jaffna,trunk,True,60,4,Madawala Road,6.235787535455528
3088508720,3088508732,A10,AA010,Katugastota - Kurunegala - Puttalam,trunk,False,60,2,T. B. Illangaratne Mawatha (Galagedara Road),57.164599418731555
3088508729,1809637872,A9,AA009,Kandy - Jaffna,trunk,True,60,4,Madawala Road,275.4342947614591
3088508732,3088508720,A10,AA010,Katugastota - Kurunegala - Puttalam,trunk,False,60,2,T. B. Illangaratne Mawatha (Galagedara Road),57.164599418731555
3088508732,3088508767,A10,AA010,Katugastota - Kurunegala - Puttalam,trunk,False,60,2,T. B. Illangaratne Mawatha (Galagedara Road),9.615779490202046
3088508746,570765602,A10,AA010,Katugastota - Kurunegala - Puttalam,trunk,False,60,2,T. B. Illangaratne Mawatha (Galagedara Road),205.69552222975886
3088508746,3088508750,A10,AA010,Katugastota - Kurunegala - Puttalam,trunk,False,60,2,T. B. Illangaratne Mawatha (Galagedara Road),9.849925367231023
3088508750,3088508746,A10,AA010,Katugastota - Kurunegala - Puttalam,trunk,False,60,2,T. B. Illangaratne Mawatha (Galagedara Road),9.849925367231023
3088508750,3088516296,A10,AA010,Katugastota - Kurunegala - Puttalam,trunk,False,60,2,T. B. Illangaratne Mawatha (Galagedara Road),46.07766834879414
3088508767,3088508732,A10,AA010,Katugastota - Kurunegala - Puttalam,trunk,False,60,2,T. B. Illangaratne Mawatha (Galagedara Road),9.615779490202046
3088508767,570765602,A10,AA010,Katugastota - Kurunegala - Puttalam,trunk,False,60,2,T. B. Illangaratne Mawatha (Galagedara Road),195.04731668784632
3088516296,3088508709,A10,AA010,Katugastota - Kurunegala - Puttalam,trunk,False,60,2,T. B. Illangaratne Mawatha (Galagedara Road),14.631106007693607
3088516296,3088508750,A10,AA010,Katugastota - Kurunegala - Puttalam,trunk,False,60,2,T. B. Illangaratne Mawatha (Galagedara Road),46.07766834879414
3090078667,3090559903,A4,AA004,Colombo - Ratnapura - Wellawaya - Batticaloa,trunk,False,72,2,Colombo-Ratnapura Road,391.25883593947
3090078667,309033793,A4,AA004,Colombo - Ratnapura - Wellawaya - Batticaloa,trunk,False,72,2,Colombo-Ratnapura Road,12430.393449969246
3090456359,3090460074,A2,AA002,Colombo - Galle - Hambantota - Wellawaya,trunk,False,50,2,Galle Road,58.22283213954621
3090456359,60797926,A2,AA002,Colombo - Galle - Hambantota - Wellawaya,trunk,False,"['70', '50']",2,Galle Road,6431.443333586592
3090460074,3090460083,A2,AA002,Colombo - Galle - Hambantota - Wellawaya,trunk,False,50,2,Galle Road,50.00417022297897
3090460074,3090456359,A2,AA002,Colombo - Galle - Hambantota - Wellawaya,trunk,False,50,2,Galle Road,58.22283213954621
3090460083,198851718,A2,AA002,Colombo - Galle - Hambantota - Wellawaya,trunk,False,"['70', '50']","['4', '2']",Galle Road,4466.136577000103
3090460083,3090460074,A2,AA002,Colombo - Galle - Hambantota - Wellawaya,trunk,False,50,2,Galle Road,50.00417022297897
3090559903,8421010097,A4,AA004,Colombo - Ratnapura - Wellawaya - Batticaloa,trunk,False,72,2,"['Colombo-Ratnapura Road', 'Kuru Ganga Bridge', 'Colombo Road']",15373.941235043842
3090559903,3090078667,A4,AA004,Colombo - Ratnapura - Wellawaya - Batticaloa,trunk,False,72,2,Colombo-Ratnapura Road,391.25883593947
3095525776,3491138212,A7,AA007,Avissawella - Hatton - Nuwara Eliya,trunk,False,60,2,Yatiyantota Road,27.876916150565187
3095525776,127659606,A7,AA007,Avissawella - Hatton - Nuwara Eliya,trunk,False,60,2,"['Talduwa Bridge', 'Yatiyantota Road']",1381.5003487937115
3109024823,5969036508,A4,AA004,Colombo - Ratnapura - Wellawaya - Batticaloa,trunk,True,60,2,High Level Road,35.27946841066111
3109068245,3899387302,A15,AA015,Batticaloa - Tirikkondiadimadu - Trincomalee,trunk,False,60,2,Trincomalee Road,56.090217979779105
3109068245,3899387303,A15,AA015,Batticaloa - Tirikkondiadimadu - Trincomalee,trunk,False,60,2,Trincomalee Road,54.96651918921003
3109068245,6685474058,A15,AA015,Batticaloa - Tirikkondiadimadu - Trincomalee,trunk,False,60,2,Trincomalee Road,1548.2320326181932
3120470733,3514813026,A21,AA021,Kegalle - Bulathkohupitiya - Karawanella,trunk,False,60,2,Kegalle-Bulathkohupitiya-Karawanella Road,3487.879698449876
3120470733,3763282547,A21,AA021,Kegalle - Bulathkohupitiya - Karawanella,trunk,False,60,2,Kegalle-Bulathkohupitiya-Karawanella Road,8801.259758072423
3129331583,2015265450,A7,AA007,Avissawella - Hatton - Nuwara Eliya,trunk,True,40,1,Yatiyantota Road,31.259924186736196
3136299955,259648440,A4,AA004,Colombo - Ratnapura - Wellawaya - Batticaloa,trunk,True,60,2,Sir Chittampalam A. Gardiner Mawatha,583.1750123662018
3136385191,3141171382,A1,AA001,Colombo - Kandy,trunk,True,60,2,Chatham Street,46.093643293467295
3136385191,3136385193,A4,AA004,Colombo - Ratnapura - Wellawaya - Batticaloa,trunk,True,60,2,"['Chatham Street', 'Lotus Road']",67.72326660930904
3136385193,1280869013,A4,AA004,Colombo - Ratnapura - Wellawaya - Batticaloa,trunk,True,50,4,Lotus Road,87.42783708986516
3136385196,1863456297,A1,AA001,Colombo - Kandy,trunk,True,60,2,Olcott Mawatha,751.0550992773241
3141171382,3136385196,A1,AA001,Colombo - Kandy,trunk,True,60,2,Olcott Mawatha,31.94231911754258
3145257097,1723290054,A18,AA018,Pelmadulla - Embilipitiya - Nonagama,trunk,False,72,,Pelmadulla-Embilipitiya Road,26.292767839203297
3145257097,3155986410,A18,AA018,Pelmadulla - Embilipitiya - Nonagama,trunk,False,72,,Pelmadulla-Embilipitiya Road,10273.094512468855
3147021776,1985676796,A18,AA018,Pelmadulla - Embilipitiya - Nonagama,trunk,False,72,2,Embilipitiya-Nonagama Road,11549.852028524141
3147021776,10131009918,A18,AA018,Pelmadulla - Embilipitiya - Nonagama,trunk,False,72,2,Embilipitiya-Nonagama Road,34.74975840333732
3147058584,10131009918,A18,AA018,Pelmadulla - Embilipitiya - Nonagama,trunk,False,72,2,Embilipitiya-Nonagama Road,178.29172396582942
3147058584,3147058592,A18,AA018,Pelmadulla - Embilipitiya - Nonagama,trunk,False,72,2,Embilipitiya-Nonagama Road,25.450212594523506
3147058586,3147058592,A18,AA018,Pelmadulla - Embilipitiya - Nonagama,trunk,False,72,,Pelmadulla-Embilipitiya Road,20.79135134093165
3147058586,3155986410,A18,AA018,Pelmadulla - Embilipitiya - Nonagama,trunk,False,72,,Pelmadulla-Embilipitiya Road,924.1105580250805
3147058592,3147058586,A18,AA018,Pelmadulla - Embilipitiya - Nonagama,trunk,False,72,,Pelmadulla-Embilipitiya Road,20.79135134093165
3147058592,3147058584,A18,AA018,Pelmadulla - Embilipitiya - Nonagama,trunk,False,72,2,Embilipitiya-Nonagama Road,25.450212594523506
3150421787,1307348559,A0,AA000,Kollupitiya - Sri Jayewardenepura,trunk,True,60,"['3', '2']",Dudley Senanayake Mawatha (Castle Street),468.22436377773397
3150421800,635117662,A0,AA000,Kollupitiya - Sri Jayewardenepura,trunk,True,60,2,Dudley Senanayake Mawatha (Castle Street),10.524782370030481
3155986410,3147058586,A18,AA018,Pelmadulla - Embilipitiya - Nonagama,trunk,False,72,,Pelmadulla-Embilipitiya Road,924.1105580250805
3155986410,3145257097,A18,AA018,Pelmadulla - Embilipitiya - Nonagama,trunk,False,72,,Pelmadulla-Embilipitiya Road,10273.094512468855
3157384370,603240642,A4,AA004,Colombo - Ratnapura - Wellawaya - Batticaloa,trunk,False,72,2,Ratunapura-Wellawaya Road,17645.39603431525
3157384370,603240427,A4,AA004,Colombo - Ratnapura - Wellawaya - Batticaloa,trunk,False,72,2,Ratunapura-Wellawaya Road,17715.306080638173
3164356590,269202453,A0,AA000,Kollupitiya - Sri Jayewardenepura,trunk,True,60,3,Alexandra Roundabout,4.351130940308701
3164393649,259648460,A4,AA004,Colombo - Ratnapura - Wellawaya - Batticaloa,trunk,False,60,"['3', '2']",Sir James Peiris Mawatha,256.2575304207622
3167641878,1427371818,A1,AA001,Colombo - Kandy,trunk,False,70,2,Colombo-Kandy Road,2760.5683096894772
3167641878,617823296,A1,AA001,Colombo - Kandy,trunk,False,70,2,Colombo-Kandy Road,6061.307674086278
3169826275,3217407684,A5,AA005,Peradeniya - Badulla - Chenkaladi,trunk,False,60,2,Nuwara Eliya Road,2504.5155868132842
3169826275,4142250035,A5,AA005,Peradeniya - Badulla - Chenkaladi,trunk,False,60,2,Nuwara Eliya Road,1917.6616391273676
3170533571,3088508709,A9,AA009,Kandy - Jaffna,trunk,True,60,4,Madawala Road,5.891176342160315
3172043469,904233581,A6,AA006,Ambepussa - Kurunegala - Trincomalee,trunk,True,70,2,Kurunegala-Dambulla Road,88.63098514296044
3172043469,2024988651,A6,AA006,Ambepussa - Kurunegala - Trincomalee,trunk,False,70,2,Kurunegala-Dambulla Road,259.7095689449244
3174892783,6227950806,A6,AA006,Ambepussa - Kurunegala - Trincomalee,trunk,True,70,2,Ambepussa-Kurunegala Road,23.118579940654584
3199600250,7291030424,A33,AA033,Ja-Ela - Ekala - Gampaha - Yakkala,trunk,True,60,2,Gampaha-Ja Ela Road,1907.8304093148947
3203084587,2155672282,A17,AA017,Galle - Deniyaya - Madampe,trunk,False,70,2,Deniyaya Road,1426.6237882651549
3203084587,2155827775,A17,AA017,Galle - Deniyaya - Madampe,trunk,False,70,2,Deniyaya Road,7835.938972666733
3203303832,2334261008,A26,AA026,Kandy - Mahiyangana - Padiyatalawa,trunk,False,"['70', '60']",2,"['Oruthota Bridge', 'Kandy-Mahiyanganaya Road']",17343.717328349532
3203303832,2055564960,A26,AA026,Kandy - Mahiyangana - Padiyatalawa,trunk,False,60,,"['Kandy-Mahiyanganaya-Padiyatalawa Road', 'Kandy-Mahiyanganaya Road']",34864.5392044376
3204336187,2902101194,A10,AA010,Katugastota - Kurunegala - Puttalam,trunk,True,50,1,Kurunegala - Puttalam Road,18.12471096160458
3204549182,3557522184,A12,AA012,Puttalam - Trincomalee,trunk,False,"['70', '60']",,Puttalam-Anuradhapura-Trincomalee Road,11258.294451820988
3204549182,2093612778,A12,AA012,Puttalam - Trincomalee,trunk,False,60,,Puttalam-Anuradhapura-Trincomalee Road,1679.1833903178085
3204562797,2093612778,A12,AA012,Puttalam - Trincomalee,trunk,False,60,,Puttalam-Anuradhapura-Trincomalee Road,6987.314919208599
3204562797,2093935572,A12,AA012,Puttalam - Trincomalee,trunk,False,60,,Puttalam-Anuradhapura-Trincomalee Road,19799.688339561533
3206095333,4789587325,A1,AA001,Colombo - Kandy,trunk,True,70,2,Colombo-Kandy Road,1591.6717682251742
3211908158,2155827775,A17,AA017,Galle - Deniyaya - Madampe,trunk,False,70,2,Deniyaya Road,11125.789326314096
3211908158,2190932692,A17,AA017,Galle - Deniyaya - Madampe,trunk,False,70,2,Deniyaya Road,998.3062527741166
3213759120,2285202897,A11,AA011,Maradankadawela - Habarana - Tirikkondiadimadu,trunk,False,"['70', '60']",2,Habarana-Trincomalee-Batticaloa Road,3430.3761778287962
3213759120,258025225,A11,AA011,Maradankadawela - Habarana - Tirikkondiadimadu,trunk,False,"['70', '60', '50']",2,Habarana-Trincomalee-Batticaloa Road,18362.741077875216
3215382447,1190507161,A7,AA007,Avissawella - Hatton - Nuwara Eliya,trunk,False,70,2,Hatton Road,5105.832204294173
3215382447,3215585621,A7,AA007,Avissawella - Hatton - Nuwara Eliya,trunk,False,70,2,"['Colombo Road', 'Gingathena Road']",9775.77132286711
3215585621,3216973603,A7,AA007,Avissawella - Hatton - Nuwara Eliya,trunk,False,70,2,Gingathena Road,23825.75165697038
3215585621,3215382447,A7,AA007,Avissawella - Hatton - Nuwara Eliya,trunk,False,70,2,"['Colombo Road', 'Gingathena Road']",9775.771322867111
3216973603,3216973606,A7,AA007,Avissawella - Hatton - Nuwara Eliya,trunk,False,70,2,Gingathena Road,12.568613144166951
3216973603,3215585621,A7,AA007,Avissawella - Hatton - Nuwara Eliya,trunk,False,70,2,Gingathena Road,23825.7516569704
3216973606,3216973603,A7,AA007,Avissawella - Hatton - Nuwara Eliya,trunk,False,70,2,Gingathena Road,12.568613144166951
3216973606,3217149379,A7,AA007,Avissawella - Hatton - Nuwara Eliya,trunk,False,70,2,Gingathena Road,5278.870927378851
3217149379,3216973606,A7,AA007,Avissawella - Hatton - Nuwara Eliya,trunk,False,70,2,Gingathena Road,5278.870927378853
3217149379,3129331580,A7,AA007,Avissawella - Hatton - Nuwara Eliya,trunk,True,40,1,Gingathena Road,36.56041661399978
3217150024,198601066,A21,AA021,Kegalle - Bulathkohupitiya - Karawanella,trunk,True,40,1,Kegalle-Bulathkohupitiya-Karawanella Road,37.15052376164802
3217150036,3217149379,A7,AA007,Avissawella - Hatton - Nuwara Eliya,trunk,True,40,1,Gingathena Road,37.42752236012638
3217232039,2015265415,A21,AA021,Kegalle - Bulathkohupitiya - Karawanella,trunk,True,40,1,Kegalle-Bulathkohupitiya-Karawanella Road,35.72724167116916
3217407684,3169826275,A5,AA005,Peradeniya - Badulla - Chenkaladi,trunk,False,60,2,Nuwara Eliya Road,2504.515586813284
3217407684,49378902,A5,AA005,Peradeniya - Badulla - Chenkaladi,trunk,False,60,2,Nuwara Eliya Road,1393.4015711438205
3218446414,3021911951,A9,AA009,Kandy - Jaffna,trunk,False,60,,"['Katugastota Road', 'D. S. Senanayake Veediya (Trincomalee Street)']",995.4889905055479
3218446414,4019244695,A9,AA009,Kandy - Jaffna,trunk,True,60,,Katugastota Road,30.143829622276865
3219884852,3803143155,A1,AA001,Colombo - Kandy,trunk,False,70,2,Colombo-Kandy Road,550.0531802954121
3219884852,3224489753,A1,AA001,Colombo - Kandy,trunk,False,70,2,Colombo-Kandy Road,103.7553128707707
3219885863,4929241947,A21,AA021,Kegalle - Bulathkohupitiya - Karawanella,trunk,True,60,1,Bulathkohupitiya Road,20.16347556777946
3219914004,4929241573,A21,AA021,Kegalle - Bulathkohupitiya - Karawanella,trunk,True,60,1,Kalugalla Mawatha,21.479398605299558
3219914093,445970143,A1,AA001,Colombo - Kandy,trunk,False,70,2,Colombo-Kandy Road,1127.1254738856012
3219914093,3794028977,A1,AA001,Colombo - Kandy,trunk,False,70,2,Colombo-Kandy Road,130.64289558652968
3219994344,4929242050,A1,AA001,Colombo - Kandy,trunk,False,70,2,Colombo-Kandy Road,509.40626164989516
3219994344,3220121962,A1,AA001,Colombo - Kandy,trunk,False,70,2,Colombo-Kandy Road,223.98849534101987
3219994344,3796385433,A1,AA001,Colombo - Kandy,trunk,False,70,2,Colombo-Kandy Road,296.67130069369705
3220016719,3220025120,A21,AA021,Kegalle - Bulathkohupitiya - Karawanella,trunk,False,60,2,Kegalle-Bulathkohupitiya-Karawanella Road,39.26135918351568
3220016719,3221200523,A21,AA021,Kegalle - Bulathkohupitiya - Karawanella,trunk,False,60,2,Kegalle-Bulathkohupitiya-Karawanella Road,2808.5290130591625
3220025120,4929241586,A21,AA021,Kegalle - Bulathkohupitiya - Karawanella,trunk,False,60,2,Kegalle-Bulathkohupitiya-Karawanella Road,2174.1697072112474
3220025120,3220016719,A21,AA021,Kegalle - Bulathkohupitiya - Karawanella,trunk,False,60,2,Kegalle-Bulathkohupitiya-Karawanella Road,39.26135918351568
3220121962,3224489753,A1,AA001,Colombo - Kandy,trunk,False,70,2,Colombo-Kandy Road,73.35202055970979
3220121962,3219994344,A1,AA001,Colombo - Kandy,trunk,False,70,2,Colombo-Kandy Road,223.98849534101987
3221200523,3220016719,A21,AA021,Kegalle - Bulathkohupitiya - Karawanella,trunk,False,60,2,Kegalle-Bulathkohupitiya-Karawanella Road,2808.529013059162
3221200523,2145113863,A21,AA021,Kegalle - Bulathkohupitiya - Karawanella,trunk,False,60,2,Kegalle-Bulathkohupitiya-Karawanella Road,632.0873980981567
3221213836,3763282547,A21,AA021,Kegalle - Bulathkohupitiya - Karawanella,trunk,False,60,2,Kegalle-Bulathkohupitiya-Karawanella Road,2405.278196427778
3221213836,2145113863,A21,AA021,Kegalle - Bulathkohupitiya - Karawanella,trunk,False,60,2,Kegalle-Bulathkohupitiya-Karawanella Road,4112.181403725311
3224468484,1239489717,A6,AA006,Ambepussa - Kurunegala - Trincomalee,trunk,True,70,2,Ambepussa-Kurunegala Road,28.93989695171631
3224468489,3224468484,A6,AA006,Ambepussa - Kurunegala - Trincomalee,trunk,True,70,2,Ambepussa-Kurunegala Road,197.69544996561336
3224468489,3739999316,A6,AA006,Ambepussa - Kurunegala - Trincomalee,trunk,False,70,2,Ambepussa-Kurunegala Road,2768.2479582726523
3224489753,3219884852,A1,AA001,Colombo - Kandy,trunk,False,70,2,Colombo-Kandy Road,103.7553128707707
3224489753,3220121962,A1,AA001,Colombo - Kandy,trunk,False,70,2,Colombo-Kandy Road,73.35202055970979
3224668762,2337932210,A1,AA001,Colombo - Kandy,trunk,False,60,,Old Colombo Road,910.6474594919172
3224668762,445969634,A1,AA001,Colombo - Kandy,trunk,True,60,,Old Colombo Road,49.112258419265785
3226211756,2338839291,A1,AA001,Colombo - Kandy,trunk,False,60,,Main Street,114.77950026479348
3226211756,2337932210,A1,AA001,Colombo - Kandy,trunk,False,60,,"['Mawanella Bridge', 'Main Street', 'Old Colombo Road']",382.29427768287013
3226275220,3237492320,A1,AA001,Colombo - Kandy,trunk,False,60,2,Colombo-Kandy Road,4024.159661374814
3226275220,3718488870,A1,AA001,Colombo - Kandy,trunk,False,60,2,"['Colombo-Kandy Road', 'Kandy Road']",9122.140120383068
3226356899,2907674340,A1,AA001,Colombo - Kandy,trunk,False,60,2,Colombo-Kandy Road,1785.2748819454976
3226356899,3237492327,A1,AA001,Colombo - Kandy,trunk,False,60,2,Colombo-Kandy Road,510.3116583036436
3237363036,2407760102,A9,AA009,Kandy - Jaffna,trunk,True,60,,Kandy-Jaffna Road,38.00832221704586
3237363045,3753591216,A29,AA029,Vavuniya - Horowopotana,trunk,True,60,,Vavuniya-Horowpotana Road,57.33379069749893
3237363045,4137095171,A9,AA009,Kandy - Jaffna,trunk,True,60,,Kandy - Jaffna Road,19.49325262244644
3237363047,3237363036,A9,AA009,Kandy - Jaffna,trunk,True,60,,Kandy - Jaffna Road,46.15853743082855
3237363047,3753591917,A9,AA009,Kandy - Jaffna,trunk,False,60,,Kandy - Jaffna Road,514.0676773270932
3237492320,3237492327,A1,AA001,Colombo - Kandy,trunk,False,60,2,Colombo-Kandy Road,22.478159359325378
3237492320,3226275220,A1,AA001,Colombo - Kandy,trunk,False,60,2,Colombo-Kandy Road,4024.1596613748134
3237492327,3237492320,A1,AA001,Colombo - Kandy,trunk,False,60,2,Colombo-Kandy Road,22.478159359325378
3237492327,3226356899,A1,AA001,Colombo - Kandy,trunk,False,60,2,Colombo-Kandy Road,510.31165830364347
3252971709,1278086605,A33,AA033,Ja-Ela - Ekala - Gampaha - Yakkala,trunk,True,50,2,Gampaha-Ja Ela Road,15.616144106341839
3254670926,1834981477,A5,AA005,Peradeniya - Badulla - Chenkaladi,trunk,False,60,2,Nuwara Eliya Road,2657.5856767534274
3254670926,3584750699,A5,AA005,Peradeniya - Badulla - Chenkaladi,trunk,False,60,2,"['Kandy Road', 'Nuwara Eliya Road']",20790.350960383254
3256396052,1750306782,A2,AA002,Colombo - Galle - Hambantota - Wellawaya,trunk,False,70,2,"['Matara-Hambantota Road', 'Tangalle Road']",7389.583990578506
3256396052,102737773,A2,AA002,Colombo - Galle - Hambantota - Wellawaya,trunk,False,70,2,Matara-Hambantota Road,39.88064403954145
3268563914,3268563916,A3,AA003,Peliyagoda - Puttalam,trunk,True,60,2,Negombo Road,86.62868382768058
3268563915,2508106197,A3,AA003,Peliyagoda - Puttalam,trunk,True,60,2,Negombo Road,55.75186646587801
3268563916,1269994723,A3,AA003,Peliyagoda - Puttalam,trunk,True,60,2,Negombo Road,4275.820557241231
3270476305,324969585,A1,AA001,Colombo - Kandy,trunk,True,70,2,Colombo-Kandy Road,687.6516848978741
3271092634,3302172264,A4,AA004,Colombo - Ratnapura - Wellawaya - Batticaloa,trunk,True,"['70', '60']",2,Pottuvil-Batticaloa Road,423.2543774740991
3279650333,3279650334,A2,AA002,Colombo - Galle - Hambantota - Wellawaya,trunk,False,70,2,Tangalle Road,15.849890822568891
3279650333,250131591,A2,AA002,Colombo - Galle - Hambantota - Wellawaya,trunk,False,70,2,Tangalle Road,332.7302011272334
3279650334,3279650333,A2,AA002,Colombo - Galle - Hambantota - Wellawaya,trunk,False,70,2,Tangalle Road,15.849890822568891
3279650334,1813587322,A2,AA002,Colombo - Galle - Hambantota - Wellawaya,trunk,False,70,2,Tangalle Road,4331.245751680202
3279700855,13695573497,A2,AA002,Colombo - Galle - Hambantota - Wellawaya,trunk,True,60,,Matara Road,9.938374495791061
3279700855,1181395615,A2,AA002,Colombo - Galle - Hambantota - Wellawaya,trunk,False,60,2,Matara Road,301.75239730463466
3279700971,13695595627,A2,AA002,Colombo - Galle - Hambantota - Wellawaya,trunk,True,60,2,Matara Road,79.82244934130223
3279700971,1599036622,A2,AA002,Colombo - Galle - Hambantota - Wellawaya,trunk,False,60,2,Matara Road,1753.5449039686464
3289420399,3797644308,A33,AA033,Ja-Ela - Ekala - Gampaha - Yakkala,trunk,True,30,1,Gampaha-Ja Ela Road,30.237485268397332
3289420458,3289420454,A33,AA033,Ja-Ela - Ekala - Gampaha - Yakkala,trunk,True,30,1,Gampaha-Ja Ela Road,29.124606371616228
3289420458,667536145,A33,AA033,Ja-Ela - Ekala - Gampaha - Yakkala,trunk,False,"['70', '50']",2,Gampaha-Ja Ela Road,2166.9011388413887
3293925970,2057041156,A5,AA005,Peradeniya - Badulla - Chenkaladi,trunk,True,60,2,Badulla Road,87.253003155122
3293925970,2057046125,A5,AA005,Peradeniya - Badulla - Chenkaladi,trunk,False,60,2,Bandarawela Road,2504.0688730004795
3298069926,1945604950,A5,AA005,Peradeniya - Badulla - Chenkaladi,trunk,False,60,2,Passara Road,897.6424650441119
3302140237,7103763200,A4,AA004,Colombo - Ratnapura - Wellawaya - Batticaloa,trunk,True,70,2,Pottuvil-Batticaloa Road,302.54824580646704
3302140241,7103763193,A4,AA004,Colombo - Ratnapura - Wellawaya - Batticaloa,trunk,True,70,2,Pottuvil-Batticaloa Road,283.03236881170955
3302172264,1545169133,A4,AA004,Colombo - Ratnapura - Wellawaya - Batticaloa,trunk,False,60,2,Pottuvil-Batticaloa Road,1961.7003676876154
3302172264,11765584301,A4,AA004,Colombo - Ratnapura - Wellawaya - Batticaloa,trunk,True,60,2,Pottuvil-Batticaloa Road,422.35694245653144
3316015809,1545169133,A4,AA004,Colombo - Ratnapura - Wellawaya - Batticaloa,trunk,False,60,2,"['Pottuvil-Batticaloa Road', 'Kaliyodai Bridge']",9284.687942743405
3316015809,2920465482,A4,AA004,Colombo - Ratnapura - Wellawaya - Batticaloa,trunk,False,60,2,Pottuvil-Batticaloa Road,5187.78824642944
3316122451,3316122459,A4,AA004,Colombo - Ratnapura - Wellawaya - Batticaloa,trunk,True,60,,Pottuvil-Batticaloa Road,23.340937045819977
3316122451,1879056356,A4,AA004,Colombo - Ratnapura - Wellawaya - Batticaloa,trunk,False,60,2,Pottuvil-Batticaloa Road,4222.499723398149
3316122455,3316122451,A4,AA004,Colombo - Ratnapura - Wellawaya - Batticaloa,trunk,True,60,,Pottuvil-Batticaloa Road,22.33332748330671
3316122462,2920465482,A4,AA004,Colombo - Ratnapura - Wellawaya - Batticaloa,trunk,True,60,,Pottuvil-Batticaloa Road,26.234505265659248
3316122466,3316122472,A31,AA031,Karativu - Ampara,trunk,True,50,1,Karativu-Ampara Road,21.677112401233927
3316122472,1792802797,A31,AA031,Karativu - Ampara,trunk,False,70,2,Karativu-Ampara Road,3022.565764413584
3316122472,3316122454,A31,AA031,Karativu - Ampara,trunk,True,50,1,Karativu-Ampara Road,22.175986525659233
3320202231,1879056356,A4,AA004,Colombo - Ratnapura - Wellawaya - Batticaloa,trunk,False,70,2,Pottuvil-Batticaloa Road,64.5857071147974
3320202231,2661675127,A4,AA004,Colombo - Ratnapura - Wellawaya - Batticaloa,trunk,False,70,2,Pottuvil-Batticaloa Road,258.5857659872131
3336273920,4914548524,A9,AA009,Kandy - Jaffna,trunk,False,60,,Anuradhapura Road,6090.4117440259015
3336273920,3336273922,A9,AA009,Kandy - Jaffna,trunk,True,60,,Anuradhapura Road,57.571807219199925
3336273922,1981147409,A9,AA009,Kandy - Jaffna,trunk,True,60,,Anuradhapura Road,43.59435568255199
3340914298,6537213315,A4,AA004,Colombo - Ratnapura - Wellawaya - Batticaloa,trunk,True,60,4,Kumaran Ratnam Road,49.88188182087502
3343547728,5239569079,A10,AA010,Katugastota - Kurunegala - Puttalam,trunk,False,70,2,Galagedara Road,982.7053134266887
3343547728,2131510192,A10,AA010,Katugastota - Kurunegala - Puttalam,trunk,False,70,2,Galagedara Road,1736.257507529388
3345071368,3345071370,A1,AA001,Colombo - Kandy,trunk,True,60,2,Colombo-Kandy Road,18.12428629855499
3345071370,2966142456,A1,AA001,Colombo - Kandy,trunk,True,60,3,Colombo-Kandy Road,54.67373088701931
3350595478,11715848170,A31,AA031,Karativu - Ampara,trunk,True,50,1,D. S. Senanayake Road,650.8730815615457
3351203885,1720491739,A4,AA004,Colombo - Ratnapura - Wellawaya - Batticaloa,trunk,False,70,2,Wellawaya-Pottuvil Road,6175.005006783508
3351203885,1135398600,A4,AA004,Colombo - Ratnapura - Wellawaya - Batticaloa,trunk,False,70,2,Wellawaya-Pottuvil Road,9735.630610187773
3354483657,618528183,A0,AA000,Kollupitiya - Sri Jayewardenepura,trunk,True,70,2,Sri Jayewardenepura Mawatha,66.10504827111384
3354661040,4582456531,A4,AA004,Colombo - Ratnapura - Wellawaya - Batticaloa,trunk,True,60,,,103.41831612421407
3355393361,1278079633,A0,AA000,Kollupitiya - Sri Jayewardenepura,trunk,True,60,3,Alexandra Roundabout,27.927488851418985
3355393375,10682149765,A0,AA000,Kollupitiya - Sri Jayewardenepura,trunk,True,60,2,Horton Place,247.3544818679681
3355393375,269202456,A0,AA000,Kollupitiya - Sri Jayewardenepura,trunk,True,60,3,Alexandra Roundabout,14.737979758315205
3355393382,3355393375,A0,AA000,Kollupitiya - Sri Jayewardenepura,trunk,True,60,3,Alexandra Roundabout,3.7754321476227117
3364860604,970058024,A2,AA002,Colombo - Galle - Hambantota - Wellawaya,trunk,True,40,2,"['Mahaanaama Bridge', 'Anagarika Dharmapala Mawatha', 'Tangalle Road']",358.644187823156
3364864049,3410002327,A24,AA024,Matara - Akuressa,trunk,True,70,2,Akuressa Road,23.258803062725217
3364883416,374112182,A24,AA024,Matara - Akuressa,trunk,True,70,2,Akuressa Road,516.3713636514107
3365313019,1640240442,A2,AA002,Colombo - Galle - Hambantota - Wellawaya,trunk,False,70,4,Matara Road,14.686239287617566
3365313019,10575124012,A2,AA002,Colombo - Galle - Hambantota - Wellawaya,trunk,False,70,4,Matara Road,852.1762308761522
3377492839,1725061828,A15,AA015,Batticaloa - Tirikkondiadimadu - Trincomalee,trunk,False,60,2,"['Trincomalee-Batticaloa Road', 'Panichchankeni Bridge', 'Batticaloa-Trincomalee Road', 'Verugal Aru Bridge']",50639.86562190315
3377492839,1685803214,A15,AA015,Batticaloa - Tirikkondiadimadu - Trincomalee,trunk,False,60,2,Trincomalee-Batticaloa Road,2379.9925456303636
3379393108,619883043,A4,AA004,Colombo - Ratnapura - Wellawaya - Batticaloa,trunk,False,60,2,High Level Road,1471.4195900450406
3379393108,1430578050,A4,AA004,Colombo - Ratnapura - Wellawaya - Batticaloa,trunk,True,60,,High Level Road,916.7595105447633
3390634865,3390658487,A7,AA007,Avissawella - Hatton - Nuwara Eliya,trunk,False,70,2,Nanu Oya Road,1648.796002158344
3390634865,77684317,A5,AA005,Peradeniya - Badulla - Chenkaladi,trunk,False,60,2,Badulla Road,210.64461658396417
3390634865,3815814909,A5,AA005,Peradeniya - Badulla - Chenkaladi,trunk,False,60,2,Badulla Road,941.8073108970433
3390636008,3682574805,A5,AA005,Peradeniya - Badulla - Chenkaladi,trunk,False,60,2,"['Nuwara Eliya-Badulla Road', 'Badulla Road']",9794.598901188674
3390636008,77684317,A5,AA005,Peradeniya - Badulla - Chenkaladi,trunk,False,60,2,Badulla Road,138.27039407974019
3390658487,247141016,A7,AA007,Avissawella - Hatton - Nuwara Eliya,trunk,False,70,2,"['Main Street', 'Nanu Oya Road']",4512.264223209642
3390658487,3390634865,A7,AA007,Avissawella - Hatton - Nuwara Eliya,trunk,False,70,2,Nanu Oya Road,1648.7960021583442
3398081271,3398081272,A24,AA024,Matara - Akuressa,trunk,True,60,2,Matara-Akuressa Road,13.082009493974384
3398081272,5771476347,A24,AA024,Matara - Akuressa,trunk,True,60,2,Matara-Akuressa Road,32.6799657667704
3403175022,324997506,A1,AA001,Colombo - Kandy,trunk,True,60,2,Colombo-Kandy Road,34.584945026116756
3422963193,5375634189,A26,AA026,Kandy - Mahiyangana - Padiyatalawa,"['primary', 'trunk']",False,"['70', '60', '50']",2,"['Anagarika Dharmapala Mawatha', 'Weera Madduma Bandara Mawatha', 'Sangaraja Mawatha']",1167.499429696583
3422963193,13676334893,A26,AA026,Kandy - Mahiyangana - Padiyatalawa,trunk,False,60,2,Anagarika Dharmapala Mawatha,19.54804986943897
3431855593,4621924226,A1,AA001,Colombo - Kandy,trunk,True,60,2,Colombo-Kandy Road,440.01277822277507
3431855654,3431855630,A1,AA001,Colombo - Kandy,trunk,True,60,2,Colombo-Kandy Road,148.92339031673117
3431908601,2499283524,A3,AA003,Peliyagoda - Puttalam,trunk,True,60,2,Negombo Road,7.363630222706257
3445493696,2190932692,A17,AA017,Galle - Deniyaya - Madampe,trunk,False,70,2,Deniyaya Road,13300.088863971316
3445493696,2190965800,A17,AA017,Galle - Deniyaya - Madampe,trunk,False,70,2,Deniyaya Road,257.0597871427326
3448778695,651747031,A2,AA002,Colombo - Galle - Hambantota - Wellawaya,trunk,False,50,,Galle Road,912.2766141263276
3448778695,665685929,A2,AA002,Colombo - Galle - Hambantota - Wellawaya,trunk,True,50,,Galle Road,43.45209181571613
3448778696,6266463975,A2,AA002,Colombo - Galle - Hambantota - Wellawaya,trunk,True,50,,Galle Road,86.22740982361728
3448778696,665685929,A2,AA002,Colombo - Galle - Hambantota - Wellawaya,trunk,True,50,,Galle Road,74.25288688339369
3474422106,847851287,A9,AA009,Kandy - Jaffna,trunk,True,60,,Jaffna-Kandy Road,41.47227391481373
3474422106,4136824664,A32,AA032,Navakkuli - Kerativu - Mannar,trunk,True,70,,,12.265281247766945
3476851295,1895649423,A15,AA015,Batticaloa - Tirikkondiadimadu - Trincomalee,trunk,False,60,2,Trincomalee Road,1446.6175644160564
3476851315,1895831908,A15,AA015,Batticaloa - Tirikkondiadimadu - Trincomalee,trunk,False,60,2,Trincomalee Road,10743.673327099521
3478101817,258029175,A1,AA001,Colombo - Kandy,trunk,True,60,2,Sirimavo Bandaranaike Mawatha (Peradeniya Road),330.73935940256285
3478551526,733573148,A1,AA001,Colombo - Kandy,trunk,True,60,2,Colombo-Kandy Road,170.8495359950517
3491135822,1797964180,A4,AA004,Colombo - Ratnapura - Wellawaya - Batticaloa,trunk,True,60,2,Ratnapura Road,28.737815284916437
3491135824,3491138212,A7,AA007,Avissawella - Hatton - Nuwara Eliya,trunk,False,60,2,Yatiyantota Road,91.24184120053953
3491135824,1797964180,A7,AA007,Avissawella - Hatton - Nuwara Eliya,trunk,False,60,2,Yatiyantota Road,26.572622027013615
3491138212,3095525776,A7,AA007,Avissawella - Hatton - Nuwara Eliya,trunk,False,60,2,Yatiyantota Road,27.876916150565187
3491138212,3491135824,A7,AA007,Avissawella - Hatton - Nuwara Eliya,trunk,False,60,2,Yatiyantota Road,91.24184120053951
3492721845,1881982667,A29,AA029,Vavuniya - Horowopotana,trunk,False,60,,Vavuniya-Horowpotana Road,3829.608308712307
3492721845,1740742111,A29,AA029,Vavuniya - Horowopotana,trunk,False,60,,Vavuniya-Horowpotana Road,18180.852386889834
3492878507,2079870063,A32,AA032,Navakkuli - Kerativu - Mannar,trunk,False,60,,Navakkuli - Kerativu - Mannar Road,5096.1265633750845
3502106859,619152165,A0,AA000,Kollupitiya - Sri Jayewardenepura,trunk,True,70,3,Sri Jayewardenepura Mawatha,92.56289930267454
3510278658,309033793,A4,AA004,Colombo - Ratnapura - Wellawaya - Batticaloa,trunk,False,60,2,Ratnapura Road,663.2803121137661
3510278658,3491135822,A4,AA004,Colombo - Ratnapura - Wellawaya - Batticaloa,trunk,True,60,2,Ratnapura Road,84.79047740965363
3514813026,5153486366,A21,AA021,Kegalle - Bulathkohupitiya - Karawanella,trunk,False,60,2,Kegalle-Bulathkohupitiya-Karawanella Road,111.62171229617402
3514813026,3120470733,A21,AA021,Kegalle - Bulathkohupitiya - Karawanella,trunk,False,60,2,Kegalle-Bulathkohupitiya-Karawanella Road,3487.879698449874
3514826047,2015265415,A21,AA021,Kegalle - Bulathkohupitiya - Karawanella,trunk,False,60,2,Kegalle-Bulathkohupitiya-Karawanella Road,4807.631434322453
3514826047,5153486366,A21,AA021,Kegalle - Bulathkohupitiya - Karawanella,trunk,False,60,2,Kegalle-Bulathkohupitiya-Karawanella Road,5045.141135893115
3517327762,2608995079,A7,AA007,Avissawella - Hatton - Nuwara Eliya,trunk,False,"['70', '50']",2,"['Main Street', 'Nanu Oya Road']",3864.121893171224
3517327762,247140495,A7,AA007,Avissawella - Hatton - Nuwara Eliya,trunk,False,70,2,Nanu Oya Road,6773.409854846219
3518417590,1880627813,A9,AA009,Kandy - Jaffna,trunk,False,70,2,Kandy-Jaffna Road,9359.640588605884
3518417590,3518418201,A9,AA009,Kandy - Jaffna,trunk,True,70,,Kandy-Jaffna Road,33.69859423693312
3518418193,3518418194,A9,AA009,Kandy - Jaffna,trunk,True,60,,Kandy-Jaffna Road,36.886143032202234
3518418194,3518418208,A9,AA009,Kandy - Jaffna,trunk,True,60,,Kandy-Jaffna Road,34.44669594007705
3518418194,4139580626,A9,AA009,Kandy - Jaffna,trunk,False,70,2,Anuradhapura Road,6550.890845401829
3518418196,1028522781,A13,AA013,Galkulama - Anuradhapura,trunk,False,60,2,Kandy Road,4743.710566605695
3518418196,3518418214,A13,AA013,Galkulama - Anuradhapura,trunk,True,60,,Kandy Road,24.42135861819491
3518418199,3518417590,A9,AA009,Kandy - Jaffna,trunk,True,70,,Kandy-Jaffna Road,30.59886203465081
3518418203,3518418196,A13,AA013,Galkulama - Anuradhapura,trunk,True,60,,Kandy Road,28.761880112420098
3518425501,5302260394,A9,AA009,Kandy - Jaffna,trunk,True,50,,Anuradhapura Road,158.98211761454428
3518425508,7035050524,A9,AA009,Kandy - Jaffna,trunk,True,"['60', '40']",,Anuradhapura Road,178.6116892342132
3518437204,567011739,A9,AA009,Kandy - Jaffna,trunk,False,60,,Anuradhapura Road,4868.34211294909
3518437204,567011644,A9,AA009,Kandy - Jaffna,trunk,False,60,,Anuradhapura Road,6027.422589111788
3522149875,7765135906,A6,AA006,Ambepussa - Kurunegala - Trincomalee,trunk,True,70,2,Kurunegala-Dambulla Road,459.77472998543715
3527283166,2398934524,A5,AA005,Peradeniya - Badulla - Chenkaladi,trunk,False,70,2,Badulla-Chenkaladi Road,30026.20756784539
3527283166,1945644699,A5,AA005,Peradeniya - Badulla - Chenkaladi,trunk,False,70,2,Badulla-Chenkaladi Road,2575.5535506353035
3527283166,2400768904,A22,AA022,Passara - Moneragala,trunk,False,70,2,Passara-Moneragala Road,16350.201982772052
3538149112,619227153,A1,AA001,Colombo - Kandy,primary,True,60,"['3', '2']","['Panchikawatte Road', 'Sri Sangaraja Mawatha']",75.46416618833499
3538149112,619227137,A1,AA001,Colombo - Kandy,trunk,True,60,2,Sri Sangaraja Mawatha,33.11964171390482
3538150718,3538180787,A1,AA001,Colombo - Kandy,trunk,True,60,2,Olcott Mawatha,12.206551464421045
3538180787,10268955041,A1,AA001,Colombo - Kandy,trunk,True,60,2,Sri Sangaraja Mawatha,18.640250588389993
3556443371,3799736775,A1,AA001,Colombo - Kandy,"['primary', 'trunk']",True,60,2,"['Olcott Mawatha', 'Orabi Pasha Mawatha']",207.0950925091512
3556443371,3556443375,A1,AA001,Colombo - Kandy,"['primary', 'trunk']",True,60,"['2', '4']","['Orabi Pasha Mawatha', 'Sri Sangaraja Mawatha']",47.61761537315616
3556443375,3538149112,A1,AA001,Colombo - Kandy,trunk,True,60,4,Sri Sangaraja Mawatha,562.6836587998164
3557474363,6540075345,A11,AA011,Maradankadawela - Habarana - Tirikkondiadimadu,trunk,False,60,2,Maradankadawala-Habarana Road,15267.57303482075
3557522184,5576657112,A12,AA012,Puttalam - Trincomalee,trunk,False,"['70', '50']",,Puttalam-Anuradhapura-Trincomalee Road,1222.9774279647122
3557522184,3204549182,A12,AA012,Puttalam - Trincomalee,trunk,False,"['70', '60']",,Puttalam-Anuradhapura-Trincomalee Road,11258.29445182099
3574703794,250731003,A0,AA000,Kollupitiya - Sri Jayewardenepura,trunk,True,70,2,Sri Jayewardenepura Mawatha,12.22011254754298
3575249194,5248343532,A6,AA006,Ambepussa - Kurunegala - Trincomalee,trunk,True,70,2,Ambepussa-Kurunegala Road,20.564412711417166
3577871618,403899740,A3,AA003,Peliyagoda - Puttalam,trunk,True,60,2,Negombo Road,718.9887357568614
3584750699,49371992,A5,AA005,Peradeniya - Badulla - Chenkaladi,trunk,False,60,2,Kandy Road,552.0827390859298
3584750699,3254670926,A5,AA005,Peradeniya - Badulla - Chenkaladi,trunk,False,60,2,"['Kandy Road', 'Nuwara Eliya Road']",20790.35096038325
3586058707,3064234503,A10,AA010,Katugastota - Kurunegala - Puttalam,trunk,False,70,2,Kurunegala - Kandy Road,11915.07449541963
3586058707,4394543338,A10,AA010,Katugastota - Kurunegala - Puttalam,trunk,False,70,,Kurunegala - Kandy Road,280.7936761390316
3591084262,263155120,A5,AA005,Peradeniya - Badulla - Chenkaladi,trunk,False,60,2,Kandy Road,3715.249965668684
3591084262,3871146838,A5,AA005,Peradeniya - Badulla - Chenkaladi,trunk,True,60,1,Kandy Road,22.772129577388295
3591964802,445969634,A1,AA001,Colombo - Kandy,trunk,False,70,2,Colombo-Kandy Road,15.232435503127205
3591964802,3224668762,A1,AA001,Colombo - Kandy,trunk,True,60,,Old Colombo Road,41.90693057738668
3592218007,1841475983,A2,AA002,Colombo - Galle - Hambantota - Wellawaya,trunk,False,70,2,Matara-Hambantota Road,314.9885980934355
3592218007,102737846,A2,AA002,Colombo - Galle - Hambantota - Wellawaya,trunk,False,70,2,Matara-Hambantota Road,432.4873255749472
3594147916,3697151657,A2,AA002,Colombo - Galle - Hambantota - Wellawaya,trunk,True,60,2,New Tangalle Road,7.458104160096136
3600553588,13663348779,A1,AA001,Colombo - Kandy,trunk,True,70,2,Colombo-Kandy Road,72.53252649051399
3600557544,2966142476,A1,AA001,Colombo - Kandy,trunk,True,60,2,Colombo-Kandy Road,300.0280159274365
3616502607,258049265,A9,AA009,Kandy - Jaffna,trunk,False,60,2,Matale Road,6985.746955928254
3616502607,1980552009,A9,AA009,Kandy - Jaffna,trunk,False,60,2,Matale Road,1015.208702273814
3617768739,127658312,A2,AA002,Colombo - Galle - Hambantota - Wellawaya,trunk,True,60,4,Galle Road,486.2763242089684
3618872658,3780823908,A1,AA001,Colombo - Kandy,trunk,True,60,2,Sirimavo Bandaranaike Mawatha (Peradeniya Road),21.955710035081708
3618872658,3810784671,A1,AA001,Colombo - Kandy,trunk,False,60,"['2', '4']",Sirimavo Bandaranaike Mawatha (Peradeniya Road),1175.8403731081837
3620006922,258049379,A9,AA009,Kandy - Jaffna,trunk,False,60,2,Kandy Road,2092.5428335391075
3620006922,3645486728,A9,AA009,Kandy - Jaffna,trunk,False,60,2,Kandy Road,1101.3050221886917
3621305202,1231840374,A24,AA024,Matara - Akuressa,trunk,False,60,,Matara-Akuressa Road,225.18611157032257
3621305202,13367298677,A24,AA024,Matara - Akuressa,trunk,True,60,,Matara-Akuressa Road,71.96822679016617
3622789896,1809828943,A4,AA004,Colombo - Ratnapura - Wellawaya - Batticaloa,trunk,False,70,2,Wellawaya-Pottuvil Road,814.5124690213747
3622789896,2418603889,A4,AA004,Colombo - Ratnapura - Wellawaya - Batticaloa,trunk,False,70,2,Wellawaya-Pottuvil Road,6454.07203305985
3637344649,6248011188,A2,AA002,Colombo - Galle - Hambantota - Wellawaya,trunk,True,70,2,Hambantota-Wellawaya Road,143.98289076477738
3645486728,3813344287,A9,AA009,Kandy - Jaffna,trunk,False,60,2,Matale Road,2831.4016243545234
3645486728,3620006922,A9,AA009,Kandy - Jaffna,trunk,False,60,2,Kandy Road,1101.3050221886917
3649840867,5289221658,A27,AA027,Ampara - Uhana - MahaOya,trunk,False,70,2,Ampara-Uhana-Maha Oya Road,2571.19740890212
3649840867,2646389088,A27,AA027,Ampara - Uhana - MahaOya,trunk,False,70,2,Ampara-Uhana-Maha Oya Road,4929.264179724037
3649864139,3649878436,A3,AA003,Peliyagoda - Puttalam,trunk,True,70,,Colombo-Puttalam Road,54.83798721693039
3649864144,3649876602,A3,AA003,Peliyagoda - Puttalam,trunk,True,70,,Colombo-Puttalam Road,33.36254305529212
3649870415,3649873087,A3,AA003,Peliyagoda - Puttalam,trunk,False,70,2,Colombo-Puttalam Road,6636.977322179792
3649870415,1731568828,A3,AA003,Peliyagoda - Puttalam,trunk,False,70,2,Colombo-Puttalam Road,15889.173916542595
3649873087,3649870415,A3,AA003,Peliyagoda - Puttalam,trunk,False,70,2,Colombo-Puttalam Road,6636.977322179794
3649873087,3649874915,A3,AA003,Peliyagoda - Puttalam,trunk,True,70,,Colombo-Puttalam Road,58.98327371957589
3649874902,3649873087,A3,AA003,Peliyagoda - Puttalam,trunk,True,70,,Colombo-Puttalam Road,60.69918078368994
3649874902,3649874915,A3,AA003,Peliyagoda - Puttalam,trunk,True,70,,Colombo-Puttalam Road,18.42194837419849
3649874906,3649874902,A3,AA003,Peliyagoda - Puttalam,trunk,True,70,,Colombo-Puttalam Road,6.464769338021073
3649874915,3649876603,A3,AA003,Peliyagoda - Puttalam,trunk,True,70,,Colombo-Puttalam Road,143.7496584709707
3649874915,3649874906,A3,AA003,Peliyagoda - Puttalam,trunk,True,70,,Colombo-Puttalam Road,22.80998633831929
3649876604,3649874906,A3,AA003,Peliyagoda - Puttalam,trunk,True,70,,Colombo-Puttalam Road,153.45378635102892
3649878435,3649864133,A3,AA003,Peliyagoda - Puttalam,trunk,True,70,,Colombo-Puttalam Road,30.34807094604777
3649878436,3649878439,A3,AA003,Peliyagoda - Puttalam,trunk,True,70,,Colombo-Puttalam Road,55.81693741942394
3649878436,1889362399,A3,AA003,Peliyagoda - Puttalam,trunk,False,70,2,Colombo-Puttalam Road,5521.317788996049
3658420115,6695505199,A3,AA003,Peliyagoda - Puttalam,trunk,True,70,2,Colombo-Puttalam Road,12.956123735416265
3658420115,639266144,A3,AA003,Peliyagoda - Puttalam,trunk,False,70,,Colombo-Puttalam Road,2529.0501640621187
3658467161,3658467162,A3,AA003,Peliyagoda - Puttalam,trunk,False,70,2,Colombo-Puttalam Road,17.793676796438415
3658467161,3658572654,A3,AA003,Peliyagoda - Puttalam,trunk,False,70,2,Colombo-Puttalam Road,7550.502012892152
3658467162,3658467161,A3,AA003,Peliyagoda - Puttalam,trunk,False,70,2,Colombo-Puttalam Road,17.793676796438415
3658467162,639266144,A3,AA003,Peliyagoda - Puttalam,trunk,False,70,2,Colombo-Puttalam Road,6269.609094970507
3658572654,3658572657,A3,AA003,Peliyagoda - Puttalam,trunk,False,70,2,Colombo-Puttalam Road,16.715137769794794
3658572654,3658467161,A3,AA003,Peliyagoda - Puttalam,trunk,False,70,2,Colombo-Puttalam Road,7550.5020128921515
3658572657,2842889275,A3,AA003,Peliyagoda - Puttalam,trunk,False,70,2,Colombo-Puttalam Road,6466.658717012239
3658572657,3658572654,A3,AA003,Peliyagoda - Puttalam,trunk,False,70,2,Colombo-Puttalam Road,16.715137769794794
3662474355,258049379,A9,AA009,Kandy - Jaffna,trunk,True,60,1,Kandy Road,44.75381318348026
3662474376,2083007820,A9,AA009,Kandy - Jaffna,trunk,True,60,,Kandy Road,25.98669255646474
3664895173,4426797157,A3,AA003,Peliyagoda - Puttalam,trunk,True,60,2,Negombo Road,334.6359338119609
3674777304,610951677,A2,AA002,Colombo - Galle - Hambantota - Wellawaya,trunk,False,70,2,Hambantota-Wellawaya Road,4118.514540177036
3674777304,1720902666,A2,AA002,Colombo - Galle - Hambantota - Wellawaya,trunk,False,70,2,Hambantota-Wellawaya Road,1799.6282651972376
3674901134,1809805271,A2,AA002,Colombo - Galle - Hambantota - Wellawaya,trunk,False,70,2,Hambantota-Wellawaya Road,219.05720817889545
3674901134,13689191650,A2,AA002,Colombo - Galle - Hambantota - Wellawaya,trunk,False,70,2,Hambantota-Wellawaya Road,7222.095684470747
3677422292,1720902666,A2,AA002,Colombo - Galle - Hambantota - Wellawaya,trunk,False,70,2,Hambantota-Wellawaya Road,1306.3005463769364
3677422292,610970078,A2,AA002,Colombo - Galle - Hambantota - Wellawaya,trunk,False,70,2,Hambantota-Wellawaya Road,6040.490463872481
3679319579,1457319623,A34,AA034,Mankulam - Mullaitivu,trunk,False,60,,Mankulam - Mullaitivu,17818.877859698354
3679319579,6286620946,A34,AA034,Mankulam - Mullaitivu,trunk,True,60,,Mankulam - Mullaitivu,20.341393313284133
3682574805,49368092,A5,AA005,Peradeniya - Badulla - Chenkaladi,trunk,False,60,2,Nuwara Eliya-Badulla Road,7809.7673670896
3682574805,3390636008,A5,AA005,Peradeniya - Badulla - Chenkaladi,trunk,False,60,2,"['Nuwara Eliya-Badulla Road', 'Badulla Road']",9794.598901188663
3693930754,1877385011,A25,AA025,Siyambalanduwa - Damana - Ampara,trunk,False,60,2,Siyambalanduwa-Damana-Ampara Road,12324.840930069244
3693930754,2145219371,A25,AA025,Siyambalanduwa - Damana - Ampara,trunk,False,60,2,Siyambalanduwa-Damana-Ampara Road,15109.881270879823
3697145064,13695148146,A2,AA002,Colombo - Galle - Hambantota - Wellawaya,trunk,True,60,2,New Tangalle Road,120.4143061509348
3697151657,1650097492,A2,AA002,Colombo - Galle - Hambantota - Wellawaya,trunk,True,60,2,New Tangalle Road,42.48136646130438
3699457435,1985676681,A18,AA018,Pelmadulla - Embilipitiya - Nonagama,trunk,False,72,2,Embilipitiya-Nonagama Road,11534.663235338308
3699457435,1428665347,A18,AA018,Pelmadulla - Embilipitiya - Nonagama,trunk,False,72,2,Embilipitiya-Nonagama Road,1697.675826144189
3699494976,1818583225,A2,AA002,Colombo - Galle - Hambantota - Wellawaya,trunk,False,70,2,Matara-Hambantota Road,7.03936094435123
3699494976,1428650220,A2,AA002,Colombo - Galle - Hambantota - Wellawaya,trunk,False,70,2,Matara-Hambantota Road,5584.115236390617
3710121977,258049598,A9,AA009,Kandy - Jaffna,trunk,False,70,,Kandy-Jaffna Road,1454.4645205201195
3710121977,258049453,A9,AA009,Kandy - Jaffna,trunk,False,70,,"['Kandy-Jaffna Road', 'Nalanda Oya Bridge']",20137.307211494415
3718488870,3718488874,A1,AA001,Colombo - Kandy,trunk,True,50,1,Main Street,68.089612602032
3718488870,3226275220,A1,AA001,Colombo - Kandy,trunk,False,60,2,"['Kandy Road', 'Colombo-Kandy Road']",9122.140120383065
3718488871,2338839291,A1,AA001,Colombo - Kandy,trunk,False,60,,Main Street,355.052426193386
3718488874,3718488871,A1,AA001,Colombo - Kandy,trunk,True,50,1,Main Street,15.343889933199392
3730047332,6685195539,A4,AA004,Colombo - Ratnapura - Wellawaya - Batticaloa,trunk,True,60,1,Wellawaya-Pottuvil Road,33.91196549365667
3730047332,4067142483,A4,AA004,Colombo - Ratnapura - Wellawaya - Batticaloa,trunk,False,70,2,Wellawaya-Pottuvil Road,33378.52280056773
3737231765,667426156,A1,AA001,Colombo - Kandy,trunk,True,70,2,Colombo-Kandy Road,495.5601000830566
3739999316,3785620361,A6,AA006,Ambepussa - Kurunegala - Trincomalee,trunk,False,70,2,Ambepussa-Kurunegala Road,4220.293200804609
3739999316,3224468489,A6,AA006,Ambepussa - Kurunegala - Trincomalee,trunk,False,70,2,Ambepussa-Kurunegala Road,2768.2479582726514
3742192393,678335411,A4,AA004,Colombo - Ratnapura - Wellawaya - Batticaloa,trunk,False,50,4,Sri Sambuddhatwa Jayanthi Mawatha (Havelock Road),563.5474974223089
3742192393,3742213227,A4,AA004,Colombo - Ratnapura - Wellawaya - Batticaloa,trunk,True,70,3,Sri Sambuddhatwa Jayanthi Mawatha (Havelock Road),46.48979158679775
3742192428,3742220438,A4,AA004,Colombo - Ratnapura - Wellawaya - Batticaloa,trunk,True,70,3,Sri Sambuddhatwa Jayanthi Mawatha (Havelock Road),254.6661034104802
3742213226,3742192393,A4,AA004,Colombo - Ratnapura - Wellawaya - Batticaloa,trunk,True,70,3,Sri Sambuddhatwa Jayanthi Mawatha (Havelock Road),43.89377837837954
3742213227,3742220440,A4,AA004,Colombo - Ratnapura - Wellawaya - Batticaloa,trunk,True,70,3,Sri Sambuddhatwa Jayanthi Mawatha (Havelock Road),222.11553615083795
3742220437,6277459304,A4,AA004,Colombo - Ratnapura - Wellawaya - Batticaloa,trunk,True,70,3,Sri Sambuddhatwa Jayanthi Mawatha (Havelock Road),254.569780851833
3742220438,3742220439,A4,AA004,Colombo - Ratnapura - Wellawaya - Batticaloa,trunk,True,70,3,Sri Sambuddhatwa Jayanthi Mawatha (Havelock Road),10.262229898802925
3742220439,3742213226,A4,AA004,Colombo - Ratnapura - Wellawaya - Batticaloa,trunk,True,70,3,Sri Sambuddhatwa Jayanthi Mawatha (Havelock Road),221.35263507853156
3742220440,3742220437,A4,AA004,Colombo - Ratnapura - Wellawaya - Batticaloa,trunk,True,70,3,Sri Sambuddhatwa Jayanthi Mawatha (Havelock Road),10.180475126303065
3749027775,1138481094,A2,AA002,Colombo - Galle - Hambantota - Wellawaya,trunk,True,70,,Galle Road,80.69753849860857
3749027775,1617989288,A2,AA002,Colombo - Galle - Hambantota - Wellawaya,trunk,False,70,2,Galle Road,4886.0802681135
3753591216,6266383668,A29,AA029,Vavuniya - Horowopotana,trunk,True,60,,Vavuniya-Horowpotana Road,24.959521770752428
3753591216,1728748206,A29,AA029,Vavuniya - Horowopotana,trunk,False,60,,Vavuniya-Horowpotana Road,337.09340141938014
3753591917,7085697358,A9,AA009,Kandy - Jaffna,trunk,True,60,,Kandy - Jaffna Road,52.74249398084564
3753591917,3237363047,A9,AA009,Kandy - Jaffna,trunk,False,60,,Kandy - Jaffna Road,514.0676773270933
3763282547,3221213836,A21,AA021,Kegalle - Bulathkohupitiya - Karawanella,trunk,False,60,2,Kegalle-Bulathkohupitiya-Karawanella Road,2405.278196427778
3763282547,3120470733,A21,AA021,Kegalle - Bulathkohupitiya - Karawanella,trunk,False,60,2,Kegalle-Bulathkohupitiya-Karawanella Road,8801.25975807242
3770168315,3799742997,A33,AA033,Ja-Ela - Ekala - Gampaha - Yakkala,trunk,True,40,2,,47.926373699677654
3770168315,3770168316,A33,AA033,Ja-Ela - Ekala - Gampaha - Yakkala,trunk,False,40,2,Orutota Road,23.52308211560592
3770168316,4068148608,A33,AA033,Ja-Ela - Ekala - Gampaha - Yakkala,trunk,False,40,2,Orutota Road,165.45124873894193
3770168316,3770168315,A33,AA033,Ja-Ela - Ekala - Gampaha - Yakkala,trunk,False,40,2,Orutota Road,23.52308211560592
3774582589,60797439,A2,AA002,Colombo - Galle - Hambantota - Wellawaya,trunk,True,60,2,Galle Road,217.0198490538684
3780516705,2499287720,A1,AA001,Colombo - Kandy,trunk,True,60,2,Colombo-Kandy Road,35.076077073695664
3780516724,5197144868,A1,AA001,Colombo - Kandy,trunk,True,60,2,Colombo-Kandy Road,8.229360805356226
3781723165,3136385191,A1,AA001,Colombo - Kandy,trunk,True,60,5,Chatham Street,158.22903485960097
3785620361,2362937346,A6,AA006,Ambepussa - Kurunegala - Trincomalee,trunk,False,70,2,Ambepussa-Kurunegala Road,5109.314933368287
3785620361,3739999316,A6,AA006,Ambepussa - Kurunegala - Trincomalee,trunk,False,70,2,Ambepussa-Kurunegala Road,4220.293200804608
3794028977,3803143155,A1,AA001,Colombo - Kandy,trunk,False,70,2,Colombo-Kandy Road,536.2433366010932
3794028977,3803143156,A1,AA001,Colombo - Kandy,trunk,False,70,2,Colombo-Kandy Road,539.699558527832
3794028977,3219914093,A1,AA001,Colombo - Kandy,trunk,False,70,2,Colombo-Kandy Road,130.64289558652968
3794035028,2145113802,A21,AA021,Kegalle - Bulathkohupitiya - Karawanella,trunk,False,60,2,Kalugalla Mawatha,466.1150444067139
3794035028,3796385433,A1,AA001,Colombo - Kandy,trunk,False,70,2,Colombo-Kandy Road,103.21223245966364
3794035028,3803143156,A1,AA001,Colombo - Kandy,trunk,False,70,2,Colombo-Kandy Road,550.0006320026187
3796385433,3219994344,A1,AA001,Colombo - Kandy,trunk,False,70,2,Colombo-Kandy Road,296.67130069369705
3796385433,3794035028,A1,AA001,Colombo - Kandy,trunk,False,70,2,Colombo-Kandy Road,103.21223245966364
3797644263,3797730069,A33,AA033,Ja-Ela - Ekala - Gampaha - Yakkala,trunk,False,40,2,Gampaha-Ja Ela Road,142.8001167713733
3797644275,3797644308,A33,AA033,Ja-Ela - Ekala - Gampaha - Yakkala,trunk,False,40,2,Gampaha-Ja Ela Road,183.6578811736441
3797644308,3289420390,A33,AA033,Ja-Ela - Ekala - Gampaha - Yakkala,trunk,True,30,1,Gampaha-Ja Ela Road,29.00999934474277
3797644308,3797644275,A33,AA033,Ja-Ela - Ekala - Gampaha - Yakkala,trunk,False,40,2,Gampaha-Ja Ela Road,183.65788117364414
3797730069,3799742997,A33,AA033,Ja-Ela - Ekala - Gampaha - Yakkala,trunk,False,40,2,,20.461873913429823
3797730069,3797644263,A33,AA033,Ja-Ela - Ekala - Gampaha - Yakkala,trunk,False,40,2,Gampaha-Ja Ela Road,142.8001167713733
3797730069,3770168316,A33,AA033,Ja-Ela - Ekala - Gampaha - Yakkala,trunk,True,40,2,Gampaha - Ja Ela Road,58.59036232356131
3799736775,2105382093,A1,AA001,Colombo - Kandy,trunk,True,60,2,Olcott Mawatha,342.46491452656784
3799742997,3797730069,A33,AA033,Ja-Ela - Ekala - Gampaha - Yakkala,trunk,False,40,2,,20.461873913429823
3799780749,8933799512,A33,AA033,Ja-Ela - Ekala - Gampaha - Yakkala,trunk,True,60,1,Gampaha-Yakkala Road,44.264635365528434
3799780753,843513354,A33,AA033,Ja-Ela - Ekala - Gampaha - Yakkala,trunk,True,50,2,Colombo Road,138.48343155411507
3803143155,3794028977,A1,AA001,Colombo - Kandy,trunk,False,70,2,Colombo-Kandy Road,536.2433366010933
3803143155,3219884852,A1,AA001,Colombo - Kandy,trunk,False,70,2,Colombo-Kandy Road,550.0531802954121
3803143156,3794035028,A1,AA001,Colombo - Kandy,trunk,False,70,2,Colombo-Kandy Road,550.0006320026185
3803143156,3794028977,A1,AA001,Colombo - Kandy,trunk,False,70,2,Colombo-Kandy Road,539.699558527832
3804182781,1980552009,A9,AA009,Kandy - Jaffna,trunk,False,60,2,Matale Road,2974.0893036219522
3805434522,1242695993,A12,AA012,Puttalam - Trincomalee,trunk,False,60,,Puttalam-Anuradhapura-Trincomalee Road,3902.2893335177946
3805434522,1242694031,A12,AA012,Puttalam - Trincomalee,trunk,True,60,,Puttalam-Anuradhapura-Trincomalee Road,40.92245236901111
3805872958,3268563914,A3,AA003,Peliyagoda - Puttalam,trunk,True,60,2,Negombo Road,1885.2250940326255
3805872959,2155579750,A3,AA003,Peliyagoda - Puttalam,trunk,True,60,2,Negombo Road,950.4807337514649
3810784671,5139375451,A1,AA001,Colombo - Kandy,trunk,True,60,2,Sirimavo Bandaranaike Mawatha (Peradeniya Road),200.6273524612212
3810784671,3618872658,A1,AA001,Colombo - Kandy,trunk,False,60,"['4', '2']",Sirimavo Bandaranaike Mawatha (Peradeniya Road),1175.8403731081833
3813344287,3645486728,A9,AA009,Kandy - Jaffna,trunk,False,60,2,Matale Road,2831.401624354526
3813344287,1727358941,A9,AA009,Kandy - Jaffna,trunk,False,60,2,Matale Road,772.5292378925124
3815809876,1331893829,A5,AA005,Peradeniya - Badulla - Chenkaladi,trunk,False,50,2,Kandy Road,392.20002306410305
3815814909,3390634865,A5,AA005,Peradeniya - Badulla - Chenkaladi,trunk,False,60,2,Badulla Road,941.8073108970434
3816390084,324988637,A1,AA001,Colombo - Kandy,trunk,True,60,2,Colombo-Kandy Road,24.22319944803972
3820002302,1331893829,A5,AA005,Peradeniya - Badulla - Chenkaladi,trunk,False,50,1,Kandy Road,52.659096174832364
3820002304,2035811429,A5,AA005,Peradeniya - Badulla - Chenkaladi,trunk,False,50,,Queen Elizabeth Drive,18.192425923088088
3820002325,2035811429,A5,AA005,Peradeniya - Badulla - Chenkaladi,trunk,False,50,1,Queen Elizabeth Drive,19.097673312787347
3822124809,635795993,A2,AA002,Colombo - Galle - Hambantota - Wellawaya,trunk,True,70,"['5', '4']",Galle Road,371.92209289386784
3822164769,1683151516,A2,AA002,Colombo - Galle - Hambantota - Wellawaya,trunk,True,60,2,Galle Road,7.2950451548191895
3822754793,1974694446,A26,AA026,Kandy - Mahiyangana - Padiyatalawa,trunk,False,60,,Kandy-Mahiyanganaya-Padiyatalawa Road,280.44286379771404
3822754793,4814119777,A26,AA026,Kandy - Mahiyangana - Padiyatalawa,trunk,True,50,2,Kandy-Mahiyanganaya-Padiyatalawa Road,64.74369360224321
3825207097,3355420037,A2,AA002,Colombo - Galle - Hambantota - Wellawaya,trunk,True,60,2,Janadhipathi Mawatha,309.9539036714549
3836856289,13431444645,A26,AA026,Kandy - Mahiyangana - Padiyatalawa,trunk,True,60,1,Kandy-Mahiyanganaya-Padiyatalawa Road,29.206959282840575
3849049820,2155580115,A3,AA003,Peliyagoda - Puttalam,trunk,True,60,2,Negombo Road,32.363775267452105
3849049820,3252971709,A33,AA033,Ja-Ela - Ekala - Gampaha - Yakkala,trunk,True,50,2,Gampaha-Ja Ela Road,26.201169222872103
3849049823,1278086414,A3,AA003,Peliyagoda - Puttalam,trunk,True,60,2,Negombo Road,78.54887917225241
3851226779,6540645130,A3,AA003,Peliyagoda - Puttalam,trunk,True,60,2,Negombo Road,2974.3093879768307
3851353586,5319765722,A19,AA019,Polgahawela - Kegalle,trunk,False,60,2,Polgahawela-Kegalle Road,6434.910080425157
3851353586,617968149,A19,AA019,Polgahawela - Kegalle,trunk,False,60,2,Polgahawela-Kegalle Road,4400.680248236388
3864419806,324988797,A1,AA001,Colombo - Kandy,trunk,True,60,2,Colombo-Kandy Road,32.30871667715088
3864419811,1840750860,A1,AA001,Colombo - Kandy,trunk,True,60,2,Colombo-Kandy Road,1993.14128205042
3871134706,3591084262,A5,AA005,Peradeniya - Badulla - Chenkaladi,trunk,True,60,1,Kandy Road,22.024923717566004
3871146838,5273425373,A5,AA005,Peradeniya - Badulla - Chenkaladi,trunk,True,60,1,T. B. Panabokke Mawatha (Gangasiri Road),25.68226785442379
3891382236,843513352,A33,AA033,Ja-Ela - Ekala - Gampaha - Yakkala,trunk,True,50,2,Colombo Road,128.77478718829371
3899387299,3899387301,A15,AA015,Batticaloa - Tirikkondiadimadu - Trincomalee,trunk,False,60,2,Trincomalee Road,43.08541952642196
3899387299,13907822736,A15,AA015,Batticaloa - Tirikkondiadimadu - Trincomalee,trunk,False,60,2,Trincomalee Road,42.62103533011346
3899387299,1725061738,A15,AA015,Batticaloa - Tirikkondiadimadu - Trincomalee,trunk,False,"['60', '50']",2,"['Oddaimavadi Bridge', 'Trincomalee Road']",1086.352748420143
3899387301,3899387299,A15,AA015,Batticaloa - Tirikkondiadimadu - Trincomalee,trunk,False,60,2,Trincomalee Road,43.08541952642196
3899387302,3109068245,A15,AA015,Batticaloa - Tirikkondiadimadu - Trincomalee,trunk,False,60,2,Trincomalee Road,56.090217979779105
3899387303,3109068245,A15,AA015,Batticaloa - Tirikkondiadimadu - Trincomalee,trunk,False,60,2,Trincomalee Road,54.96651918921003
3927772236,2087261005,A21,AA021,Kegalle - Bulathkohupitiya - Karawanella,trunk,True,40,1,Kegalle-Bulathkohupitiya-Karawanella Road,24.710967808756553
3935855296,3935855297,A2,AA002,Colombo - Galle - Hambantota - Wellawaya,trunk,False,60,2,Matara Road,22.00879961251886
3935855296,1397090864,A2,AA002,Colombo - Galle - Hambantota - Wellawaya,trunk,False,60,2,Matara Road,1031.9377559687355
3935855297,3935855296,A2,AA002,Colombo - Galle - Hambantota - Wellawaya,trunk,False,60,2,Matara Road,22.00879961251886
3935855297,1397147766,A2,AA002,Colombo - Galle - Hambantota - Wellawaya,trunk,False,60,2,Matara Road,741.8332056025914
3937818066,1723700615,A4,AA004,Colombo - Ratnapura - Wellawaya - Batticaloa,trunk,True,72,,Colombo Road,46.157333030434216
3937818093,3937818139,A4,AA004,Colombo - Ratnapura - Wellawaya - Batticaloa,trunk,True,72,,Colombo Road,43.07496444555307
3937818139,3937818064,A4,AA004,Colombo - Ratnapura - Wellawaya - Batticaloa,trunk,True,72,,Colombo Road,44.73417813087879
3937818139,1751020481,A4,AA004,Colombo - Ratnapura - Wellawaya - Batticaloa,trunk,False,72,2,Colombo Road,254.07488187823895
3937837818,310860950,A4,AA004,Colombo - Ratnapura - Wellawaya - Batticaloa,trunk,False,72,2,Colombo Road,2890.616570051721
3937837818,3937837841,A4,AA004,Colombo - Ratnapura - Wellawaya - Batticaloa,trunk,True,72,2,Colombo Road,38.37272956206877
3937837843,3937837818,A4,AA004,Colombo - Ratnapura - Wellawaya - Batticaloa,trunk,True,72,,Colombo Road,36.281404246189375
3937837959,1750944667,A4,AA004,Colombo - Ratnapura - Wellawaya - Batticaloa,trunk,True,72,,Colombo Road,38.56918974907524
3937903239,3538150718,A1,AA001,Colombo - Kandy,trunk,True,60,2,Olcott Mawatha,163.54832635800884
3945809610,6292190587,A4,AA004,Colombo - Ratnapura - Wellawaya - Batticaloa,trunk,True,60,2,High Level Road,33.5965735434597
3960797187,1841475983,A2,AA002,Colombo - Galle - Hambantota - Wellawaya,trunk,True,60,2,Matara-Hambantota Road,27.393010155883815
3960868163,77379011,A2,AA002,Colombo - Galle - Hambantota - Wellawaya,trunk,False,70,4,Matara-Hambantota Road,19.925510212326756
3960868163,77379074,A2,AA002,Colombo - Galle - Hambantota - Wellawaya,trunk,False,70,4,Matara-Hambantota Road,496.9723444852067
3964896717,652533088,A0,AA000,Kollupitiya - Sri Jayewardenepura,trunk,True,70,3,Dudley Senanayake Mawatha (Castle Street),50.10868683173362
3983328377,3983328743,A1,AA001,Colombo - Kandy,trunk,True,60,2,Sirimavo Bandaranaike Mawatha (Peradeniya Road),48.036347834263545
3983328377,13671477050,A1,AA001,Colombo - Kandy,trunk,False,60,2,Sirimavo Bandaranaike Mawatha (Peradeniya Road),3862.9603245764
3983329767,3983328377,A1,AA001,Colombo - Kandy,trunk,True,60,2,Sirimavo Bandaranaike Mawatha (Peradeniya Road),49.64570514913653
4004620069,4004630079,A1,AA001,Colombo - Kandy,trunk,True,50,1,Sri Dalada Veediya,20.194983508084622
4004620076,6324979463,A1,AA001,Colombo - Kandy,trunk,True,60,2,Sri Dalada Veediya,25.311121686289006
4004621090,11367587826,A1,AA001,Colombo - Kandy,trunk,False,60,2,Sirimavo Bandaranaike Mawatha (Peradeniya Road),7.0928514510752265
4004621090,13615512124,A1,AA001,Colombo - Kandy,trunk,False,60,2,Sirimavo Bandaranaike Mawatha (Peradeniya Road),20.416929603160348
4004630079,8936981953,A1,AA001,Colombo - Kandy,trunk,True,60,2,Sri Dalada Veediya,74.29873183672088
4011680781,6260211179,A4,AA004,Colombo - Ratnapura - Wellawaya - Batticaloa,trunk,True,70,2,H. Sri Nassanka Mawatha (Maya Avenue),40.56421615919217
4011680781,1676479570,A4,AA004,Colombo - Ratnapura - Wellawaya - Batticaloa,trunk,False,50,4,H. Sri Nassanka Mawatha (Maya Avenue),354.99846739522627
4011682730,619195378,A4,AA004,Colombo - Ratnapura - Wellawaya - Batticaloa,trunk,True,70,2,Sri Sambuddhatwa Jayanthi Mawatha (Havelock Road),51.048646666352965
4011682730,1792664495,A4,AA004,Colombo - Ratnapura - Wellawaya - Batticaloa,trunk,False,"['60', '50']","['6', '5', '3']",Sri Sambuddhatwa Jayanthi Mawatha (Havelock Road),416.49391091799254
4019244692,8865864661,A9,AA009,Kandy - Jaffna,trunk,True,60,,Katugastota Road,324.310895121544
4019244695,4019244692,A9,AA009,Kandy - Jaffna,trunk,True,60,,Katugastota Road,12.403940737448975
4019244724,3218446414,A9,AA009,Kandy - Jaffna,trunk,True,60,,Katugastota Road,51.26836004133523
4045295806,1750869639,A18,AA018,Pelmadulla - Embilipitiya - Nonagama,trunk,False,72,,Pelmadulla-Embilipitiya Road,14695.511689619952
4045295806,1723290054,A18,AA018,Pelmadulla - Embilipitiya - Nonagama,trunk,False,72,,Pelmadulla-Embilipitiya Road,15323.231889661005
4062727240,4062722950,A6,AA006,Ambepussa - Kurunegala - Trincomalee,trunk,True,40,1,Kandy Road,24.431486015301378
4062727240,1242795139,A6,AA006,Ambepussa - Kurunegala - Trincomalee,trunk,False,60,2,Kandy Road,980.7248748377957
4067142483,3730047332,A4,AA004,Colombo - Ratnapura - Wellawaya - Batticaloa,trunk,False,70,2,Wellawaya-Pottuvil Road,33378.52280056772
4067142493,1725053695,A4,AA004,Colombo - Ratnapura - Wellawaya - Batticaloa,trunk,False,70,2,Pottuvil-Batticloa Road,28105.991004315525
4067964375,1535398451,A10,AA010,Katugastota - Kurunegala - Puttalam,trunk,False,70,,Kurunegala - Kandy Road,336.9318298458183
4067964377,3064571979,A10,AA010,Katugastota - Kurunegala - Puttalam,trunk,False,70,,Kurunegala - Kandy Road,1253.0769798688025
4067967894,3064234504,A10,AA010,Katugastota - Kurunegala - Puttalam,trunk,False,70,2,Kurunegala - Kandy Road,8258.341638460235
4067967894,1535398451,A10,AA010,Katugastota - Kurunegala - Puttalam,trunk,False,70,,Kurunegala - Kandy Road,1718.9134485905704
4068148608,637009411,A33,AA033,Ja-Ela - Ekala - Gampaha - Yakkala,trunk,False,40,2,Colombo Road,105.5287493243486
4068148608,3770168316,A33,AA033,Ja-Ela - Ekala - Gampaha - Yakkala,trunk,False,40,2,Orutota Road,165.45124873894193
4071257597,2418603897,A4,AA004,Colombo - Ratnapura - Wellawaya - Batticaloa,trunk,True,50,1,Wellawaya-Pottuvil Road,20.50198276117371
4087054248,292783948,A3,AA003,Peliyagoda - Puttalam,trunk,True,60,2,Negombo Road,268.2604726136546
4087054250,2155666096,A3,AA003,Peliyagoda - Puttalam,trunk,True,70,2,Negombo Road,4.511472085777926
4087054259,6275242615,A3,AA003,Peliyagoda - Puttalam,trunk,True,60,2,Negombo Road,6.988023516764473
4087054265,4087054259,A3,AA003,Peliyagoda - Puttalam,trunk,True,60,2,Negombo Road,18.656676071317634
4108748752,5252242470,A7,AA007,Avissawella - Hatton - Nuwara Eliya,trunk,False,70,2,Talawakelle Road,5539.726563625849
4108748752,4108748760,A7,AA007,Avissawella - Hatton - Nuwara Eliya,trunk,False,70,2,Talawakelle Road,347.92535364153025
4108748760,4108748752,A7,AA007,Avissawella - Hatton - Nuwara Eliya,trunk,False,70,2,Talawakelle Road,347.9253536415302
4108748760,247140202,A7,AA007,Avissawella - Hatton - Nuwara Eliya,trunk,False,70,2,Talawakelle Road,4187.92191182538
4136824661,4136824662,A32,AA032,Navakkuli - Kerativu - Mannar,trunk,True,70,,Navatkuli-Karaitivu-Mannar Road,45.305389574071704
4136824661,1245043305,A32,AA032,Navakkuli - Kerativu - Mannar,trunk,False,70,,Navatkuli-Karaitivu-Mannar Road,8122.292352329173
4136824662,4136824665,A32,AA032,Navakkuli - Kerativu - Mannar,trunk,True,70,,Navatkuli-Karaitivu-Mannar Road,14.455819892106447
4136824662,1148494612,A9,AA009,Kandy - Jaffna,trunk,True,70,,Navatkuli-Karaitivu-Mannar Road,45.14501912295813
4136824664,4136824662,A9,AA009,Kandy - Jaffna,trunk,True,60,,Kandy - Jaffna Road,20.14691358517821
4136824664,4136824661,A32,AA032,Navakkuli - Kerativu - Mannar,trunk,True,70,,,31.422157955386773
4136824665,3474422106,A9,AA009,Kandy - Jaffna,trunk,True,60,,Jaffna-Kandy Road,17.79540310099508
4136868892,847869821,A9,AA009,Kandy - Jaffna,trunk,False,70,2,Kandy - Jaffna Road,29.284997192201917
4136868892,1148495443,A9,AA009,Kandy - Jaffna,trunk,False,70,2,Kandy - Jaffna Road,4141.07900018841
4136994000,6538060317,A35,AA035,Paranthan - Kachchai - Mullaitivu,trunk,True,60,,Paranthan-Mullaittivu Road,30.25989904394792
4136994005,1453000665,A35,AA035,Paranthan - Kachchai - Mullaitivu,trunk,True,60,,Paranthan-Mullaitivu Road,147.21976873481464
4136994008,7042347643,A35,AA035,Paranthan - Kachchai - Mullaitivu,trunk,False,"['70', '60', '50']",,"['Paranthan-Mullaittivu Road', 'Paranthan - Mullaitivu', 'Paranthan-Mullaitivu Highway']",35565.39676999346
4136994008,6545546146,A35,AA035,Paranthan - Kachchai - Mullaitivu,trunk,True,60,,Paranthan-Mullaitivu Road,267.1997195513077
4137095171,3237363036,A29,AA029,Vavuniya - Horowopotana,trunk,True,60,,Vavuniya-Horowpotana Road,19.776176819483254
4137095171,6266383664,A9,AA009,Kandy - Jaffna,trunk,True,60,,Kandy - Jaffna Road,21.64068868900845
4137184213,7409403107,A14,AA014,Medawachchiya - Mannar - Talaimannar,trunk,True,60,,Medawachchiya-Talaimannar Road,52.7724318469546
4137190998,2079870057,A14,AA014,Medawachchiya - Mannar - Talaimannar,trunk,False,60,,Medawachchiya-Talaimannar Road,3635.417309056205
4137190998,1661614342,A14,AA014,Medawachchiya - Mannar - Talaimannar,trunk,True,60,,Medawachchiya-Talaimannar Road,45.6684520646118
4137190999,4137190998,A14,AA014,Medawachchiya - Mannar - Talaimannar,trunk,True,70,,,47.68271138698977
4137314869,4137314878,A32,AA032,Navakkuli - Kerativu - Mannar,trunk,True,70,,Navatkuli-Karaitivu-Mannar Road,34.658608214114324
4137314869,2093613917,A32,AA032,Navakkuli - Kerativu - Mannar,trunk,False,60,,Navatkuli-Keraitivu-Mannar Road,36755.12799486395
4137314871,4137314869,A32,AA032,Navakkuli - Kerativu - Mannar,trunk,True,70,,Navatkuli-Karaitivu-Mannar Road,34.186311118402024
4137314881,4137314888,A32,AA032,Navakkuli - Kerativu - Mannar,trunk,True,70,,Navatkuli-Karaitivu-Mannar Road,33.3130593286985
4137314888,4137314887,A32,AA032,Navakkuli - Kerativu - Mannar,trunk,True,70,,Navatkuli-Karaitivu-Mannar Road,34.452546621966796
4137314888,1245043305,A32,AA032,Navakkuli - Kerativu - Mannar,trunk,False,70,2,"['Sangupiddi Causeway', 'Navatkuli-Karaitivu-Mannar Road', 'Navatkuli-Keraitivu-Mannar Road']",18254.42694387563
4137349471,13564710647,A28,AA028,Padeniya - Anuradhapura,trunk,True,40,,Padeniya-Anuradhapura Road,31.325715133554247
4137349478,13564710682,A12,AA012,Puttalam - Trincomalee,trunk,True,,,Puttalam Road,28.216849636478106
4137349486,4137353395,A12,AA012,Puttalam - Trincomalee,trunk,True,70,,Puttalam Road,50.35959614939564
4137349488,4137349479,A12,AA012,Puttalam - Trincomalee,trunk,True,60,,Puttalam Road,51.32922564648282
4137353396,566569982,A12,AA012,Puttalam - Trincomalee,trunk,True,70,,Jayanthi Mawatha,36.644424823418504
4137359438,1401473107,A13,AA013,Galkulama - Anuradhapura,trunk,True,70,,Bandaranaike Mawatha,49.13606528496128
4137359438,11743149450,A13,AA013,Galkulama - Anuradhapura,trunk,False,70,,Bandaranaike Mawatha,523.0422173566874
4137359440,8795417511,A12,AA012,Puttalam - Trincomalee,trunk,True,60,,Jayanthi Mawatha,42.445969870147934
4137359440,602759879,A12,AA012,Puttalam - Trincomalee,trunk,False,60,,Jayanthi Mawatha,610.4144991870897
4137371245,5055655462,A20,AA020,Anuradhapura - Rambewa,trunk,True,"['70', '60']",,Anuradhapura Road,123.25459514024517
4137378452,1981159938,A14,AA014,Medawachchiya - Mannar - Talaimannar,trunk,True,60,,Medawachchiya-Talaimannar Road,44.457558512270154
4137378455,1981159934,A9,AA009,Kandy - Jaffna,trunk,True,70,,,30.547599778125583
4137378458,1981159944,A9,AA009,Kandy - Jaffna,trunk,True,70,,,39.73881381681905
4139418521,6537569535,A6,AA006,Ambepussa - Kurunegala - Trincomalee,trunk,False,60,2,Kandy Road,2315.379249579983
4139418521,1242694031,A6,AA006,Ambepussa - Kurunegala - Trincomalee,trunk,False,60,2,Kandy Road,34.73972859174893
4139418521,3805434522,A12,AA012,Puttalam - Trincomalee,trunk,True,60,,Puttalam-Anuradhapura-Trincomalee Road,28.688733391449098
4139420762,4062722959,A6,AA006,Ambepussa - Kurunegala - Trincomalee,trunk,True,40,1,Kandy Road,43.085046234621984
4139420762,1242694031,A6,AA006,Ambepussa - Kurunegala - Trincomalee,trunk,False,60,2,Kandy Road,953.1944566803618
4139440649,1242795139,A6,AA006,Ambepussa - Kurunegala - Trincomalee,trunk,False,60,2,Kandy Road,174.41311616070556
4139440649,13929460698,A6,AA006,Ambepussa - Kurunegala - Trincomalee,trunk,True,40,1,Kandy Road,30.375731517268136
4139580626,567011644,A9,AA009,Kandy - Jaffna,trunk,True,60,,Anuradhapura Road,672.9751384286418
4139580626,3518418194,A9,AA009,Kandy - Jaffna,trunk,False,70,2,Anuradhapura Road,6550.890845401834
4139586563,7185616200,A12,AA012,Puttalam - Trincomalee,trunk,True,60,,Puttalam Road,11.553346940477223
4140943332,4140943337,A12,AA012,Puttalam - Trincomalee,trunk,True,70,,,11.865771491643041
4140943337,1400433850,A12,AA012,Puttalam - Trincomalee,trunk,True,60,,Anuradhapura Road,35.34382907885565
4140943337,4140943341,A12,AA012,Puttalam - Trincomalee,trunk,True,70,,,20.363261432516772
4140943341,618605190,A12,AA012,Puttalam - Trincomalee,trunk,True,70,,,13.578657866058329
4140943341,618605190,A12,AA012,Puttalam - Trincomalee,trunk,True,"['70', '60']",,Puttalam-Anuradhapura-Trincomalee Road,55.54122346148087
4140985755,1731470200,A10,AA010,Katugastota - Kurunegala - Puttalam,trunk,False,60,,Katugastota-Kurunegala-Puttalam Road,19.386885722721903
4140985755,6509597375,A10,AA010,Katugastota - Kurunegala - Puttalam,trunk,False,60,,Katugastota-Kurunegala-Puttalam Road,6789.090941593922
4140985756,5169879067,A10,AA010,Katugastota - Kurunegala - Puttalam,trunk,True,40,,Katugastota-Kurunegala-Puttalam Road,35.58729107987981
4140985756,1731470200,A10,AA010,Katugastota - Kurunegala - Puttalam,trunk,False,60,,Katugastota-Kurunegala-Puttalam Road,1805.9612157623787
4142250033,1830490073,A5,AA005,Peradeniya - Badulla - Chenkaladi,trunk,False,60,2,"['Gampola Bridge', 'Nuwara Eliya Road']",149.50222424316323
4142250033,4142250035,A5,AA005,Peradeniya - Badulla - Chenkaladi,trunk,False,60,2,Nuwara Eliya Road,18.253714736443637
4142250035,4142250033,A5,AA005,Peradeniya - Badulla - Chenkaladi,trunk,False,60,2,Nuwara Eliya Road,18.253714736443637
4142250035,3169826275,A5,AA005,Peradeniya - Badulla - Chenkaladi,trunk,False,60,2,Nuwara Eliya Road,1917.6616391273685
4147052689,2155634701,A3,AA003,Peliyagoda - Puttalam,trunk,True,60,2,Negombo Road,594.8452914714459
4152511797,4147052689,A3,AA003,Peliyagoda - Puttalam,trunk,True,60,2,Negombo Road,39.19540778703318
4152530090,3403175022,A1,AA001,Colombo - Kandy,trunk,True,60,2,Colombo-Kandy Road,26.392713260566673
4177584094,2382076798,A26,AA026,Kandy - Mahiyangana - Padiyatalawa,trunk,True,70,,Kandy-Mahiyanganaya Road,25.39720914475862
4177584096,937249756,A26,AA026,Kandy - Mahiyangana - Padiyatalawa,trunk,False,60,2,Hewaheta Road,39.290080792142945
4197383649,1346379037,A0,AA000,Kollupitiya - Sri Jayewardenepura,trunk,True,60,,Ananda Coomaraswamy Mawatha,12.13460008308826
4212767857,1895831908,A15,AA015,Batticaloa - Tirikkondiadimadu - Trincomalee,trunk,False,50,2,Trincomalee Road,14.831662510439427
4212767857,13743364556,A15,AA015,Batticaloa - Tirikkondiadimadu - Trincomalee,trunk,False,50,2,Trincomalee Road,18.736145441507475
4212767857,1807810047,A5,AA005,Peradeniya - Badulla - Chenkaladi,trunk,True,60,1,Badulla-Chenkaladi Road,37.34371966561451
4231244458,637763018,A33,AA033,Ja-Ela - Ekala - Gampaha - Yakkala,trunk,True,70,2,Gampaha-Ja Ela Road,36.50031377663801
4267522204,2017404189,A17,AA017,Galle - Deniyaya - Madampe,trunk,False,70,2,Ratnapura Road,34529.02903584017
4267522204,2155827812,A17,AA017,Galle - Deniyaya - Madampe,trunk,False,70,2,"['Deniyaya Road', 'Ratnapura Road']",7810.734301318377
4336068793,1235814824,A6,AA006,Ambepussa - Kurunegala - Trincomalee,trunk,False,60,2,Kandy Road,32.72041266837245
4336068793,901010009,A6,AA006,Ambepussa - Kurunegala - Trincomalee,trunk,False,60,2,Kandy Road,3352.3365347442914
4365280289,13850088952,A16,AA016,Beragala - Hali-Ela,trunk,True,60,1,Main Street,39.508689752962496
4365280295,77381284,A16,AA016,Beragala - Hali-Ela,trunk,True,40,1,Beragala-Hali-Ela Road,26.924766108899362
4388603896,325009601,A3,AA003,Peliyagoda - Puttalam,trunk,True,60,2,Kandy Road,50.510074818023945
4394543338,3064234194,A10,AA010,Katugastota - Kurunegala - Puttalam,trunk,False,70,2,Kurunegala Road,37.291327203833006
4394543338,3586058707,A10,AA010,Katugastota - Kurunegala - Puttalam,trunk,False,70,,Kurunegala - Kandy Road,280.79367613903156
4397554917,2051320917,A6,AA006,Ambepussa - Kurunegala - Trincomalee,trunk,False,70,2,Dambulla-Habarana Road,7277.130486712203
4406211219,12815082893,A28,AA028,Padeniya - Anuradhapura,trunk,True,40,2,,15.217215212489386
4422642586,1863416599,A1,AA001,Colombo - Kandy,trunk,True,60,3,Dr. Danister de Silva Mawatha,361.2975655805057
4426787286,5216483990,A3,AA003,Peliyagoda - Puttalam,trunk,True,60,2,Negombo Road,1093.364254191295
4426797157,2499283525,A3,AA003,Peliyagoda - Puttalam,trunk,True,60,2,Negombo Road,1042.8544453342988
4476504845,3780516705,A1,AA001,Colombo - Kandy,trunk,True,60,2,Colombo-Kandy Road,193.01932991999735
4507913122,247140202,A7,AA007,Avissawella - Hatton - Nuwara Eliya,trunk,False,"['70', '50']",2,"['Main Street', 'Talawakelle Road']",5755.458720877072
4507913122,2828629366,A7,AA007,Avissawella - Hatton - Nuwara Eliya,trunk,False,50,2,Main Street,333.34966814984114
4515020714,620384473,A2,AA002,Colombo - Galle - Hambantota - Wellawaya,trunk,True,60,2,Galle Road,325.1453590463906
4515020715,669218019,A2,AA002,Colombo - Galle - Hambantota - Wellawaya,trunk,True,60,"['4', '2']",Galle Road,255.3619079624061
4515020730,7085654864,A2,AA002,Colombo - Galle - Hambantota - Wellawaya,trunk,True,60,2,Galle Road,53.50363003712501
4515020731,665214513,A2,AA002,Colombo - Galle - Hambantota - Wellawaya,"['trunk', 'trunk_link']",True,60,2,Galle Road,332.4366405321365
4548513547,4944052746,A6,AA006,Ambepussa - Kurunegala - Trincomalee,trunk,True,70,2,Kurunegala-Dambulla Road,335.46856511297966
4577768759,2105405964,A1,AA001,Colombo - Kandy,trunk,True,60,2,Olcott Mawatha,135.68290877141231
4582456531,635857020,A4,AA004,Colombo - Ratnapura - Wellawaya - Batticaloa,trunk,True,60,,,99.31962841187749
4582456531,4582456543,A4,AA004,Colombo - Ratnapura - Wellawaya - Batticaloa,trunk,False,50,4,High Level Road,357.9700109562124
4582456531,258030081,A4,AA004,Colombo - Ratnapura - Wellawaya - Batticaloa,trunk,False,50,4,High Level Road,679.8829698243587
4582456543,651260245,A4,AA004,Colombo - Ratnapura - Wellawaya - Batticaloa,trunk,False,50,4,High Level Road,867.1735478792352
4582456543,635857018,A4,AA004,Colombo - Ratnapura - Wellawaya - Batticaloa,trunk,True,60,,,173.303702987203
4582456543,4582456531,A4,AA004,Colombo - Ratnapura - Wellawaya - Batticaloa,trunk,False,50,4,High Level Road,357.9700109562124
4585299247,619905141,A1,AA001,Colombo - Kandy,trunk,True,70,2,Colombo-Kandy Road,316.3524696142946
4621924226,325000016,A1,AA001,Colombo - Kandy,trunk,True,60,2,Colombo-Kandy Road,248.85180049417872
4663255502,7037793024,A2,AA002,Colombo - Galle - Hambantota - Wellawaya,trunk,True,50,,Galle Road,18.35706494791702
4692166467,6230792100,A0,AA000,Kollupitiya - Sri Jayewardenepura,trunk,True,60,3,Sri Jayewardenepura Mawatha,67.46717000620072
4692166486,7625469738,A0,AA000,Kollupitiya - Sri Jayewardenepura,trunk,True,70,3,Sri Jayewardenepura Mawatha,177.42469260026533
4693290694,2375441056,A3,AA003,Peliyagoda - Puttalam,trunk,True,70,2,Colombo-Puttalam Road,1579.9301917961625
4693290695,6695505185,A3,AA003,Peliyagoda - Puttalam,trunk,True,70,2,Colombo-Puttalam Road,836.3557191668348
4784496253,6536506696,A1,AA001,Colombo - Kandy,trunk,True,"['70', '60']",2,Colombo-Kandy Road,1331.2200952347007
4784496254,3600557544,A1,AA001,Colombo - Kandy,trunk,True,60,2,Colombo-Kandy Road,18.178778997462494
4784496273,4784496253,A1,AA001,Colombo - Kandy,trunk,True,60,2,Colombo-Kandy Road,15.654086876294919
4784496273,13662447481,A1,AA001,Colombo - Kandy,trunk,False,60,,Colombo-Kandy Road,67.90894321950637
4785723709,2966142501,A1,AA001,Colombo - Kandy,trunk,True,"['70', '60']",2,Colombo-Kandy Road,1319.8792695065454
4785723991,4785723709,A1,AA001,Colombo - Kandy,trunk,True,70,2,Colombo-Kandy Road,176.9839879832246
4785724017,4785723991,A1,AA001,Colombo - Kandy,trunk,True,70,2,Colombo-Kandy Road,27.089180314983324
4787694002,4789587324,A1,AA001,Colombo - Kandy,trunk,True,70,2,Colombo-Kandy Road,2584.4350837669886
4789587324,4585299247,A1,AA001,Colombo - Kandy,trunk,True,70,2,Colombo-Kandy Road,1588.499167990532
4789587325,658424660,A1,AA001,Colombo - Kandy,trunk,True,70,2,Colombo-Kandy Road,2583.5384406850126
4789942110,5316468079,A1,AA001,Colombo - Kandy,trunk,True,70,2,Colombo-Kandy Road,12.604506717732457
4790000815,3206095333,A1,AA001,Colombo - Kandy,trunk,True,70,2,Colombo-Kandy Road,298.85321207417985
4790000816,6536495262,A1,AA001,Colombo - Kandy,trunk,True,70,2,Colombo-Kandy Road,245.02770144939035
4790001153,5316437634,A1,AA001,Colombo - Kandy,trunk,True,70,2,Colombo-Kandy Road,5.528750048642426
4790019632,4790030895,A1,AA001,Colombo - Kandy,trunk,True,70,2,Colombo-Kandy Road,51.25399629876528
4790019634,4790019632,A1,AA001,Colombo - Kandy,trunk,True,70,2,Colombo-Kandy Road,11.501163907454837
4790030893,4789942110,A1,AA001,Colombo - Kandy,trunk,True,70,2,Colombo-Kandy Road,51.31118538331838
4790030894,4963408994,A1,AA001,Colombo - Kandy,trunk,True,70,2,Colombo-Kandy Road,2319.6797879503856
4790030895,4790030894,A1,AA001,Colombo - Kandy,trunk,True,70,2,Colombo-Kandy Road,11.666902018144103
4790030896,4790030893,A1,AA001,Colombo - Kandy,trunk,True,70,2,Colombo-Kandy Road,11.62808561049371
4798976659,2066330708,A0,AA000,Kollupitiya - Sri Jayewardenepura,trunk,True,60,2,Dudley Senanayake Mawatha (Castle Street),129.74613661769857
4798976659,127658294,A0,AA000,Kollupitiya - Sri Jayewardenepura,trunk,False,60,2,"['Dudley Senanayake Mawatha', 'Horton Place']",589.0864614214894
4807150323,4807150339,A10,AA010,Katugastota - Kurunegala - Puttalam,trunk,True,50,2,Katugastota-Kurunegala-Puttalam Road,43.747301414245456
4807150337,4807150338,A10,AA010,Katugastota - Kurunegala - Puttalam,trunk,True,50,2,Katugastota-Kurunegala-Puttalam Road,44.34584111838164
4807150338,4807150328,A10,AA010,Katugastota - Kurunegala - Puttalam,trunk,True,50,2,Katugastota-Kurunegala-Puttalam Road,43.27008435151977
4807150338,6509597376,A10,AA010,Katugastota - Kurunegala - Puttalam,trunk,False,60,,Katugastota-Kurunegala-Puttalam Road,17860.27683309689
4807150339,4807150333,A10,AA010,Katugastota - Kurunegala - Puttalam,trunk,True,50,2,Katugastota-Kurunegala-Puttalam Road,44.05788542550487
4807150339,4913504514,A10,AA010,Katugastota - Kurunegala - Puttalam,trunk,False,60,,Katugastota-Kurunegala-Puttalam Road,10640.503974172723
4814119737,4814119780,A26,AA026,Kandy - Mahiyangana - Padiyatalawa,trunk,True,50,2,Kandy-Mahiyanganaya-Padiyatalawa Road,111.89111948771529
4814119747,4814119803,A26,AA026,Kandy - Mahiyangana - Padiyatalawa,trunk,True,50,2,Kandy-Mahiyanganaya-Padiyatalawa Road,108.75810574929562
4814119752,3822754793,A26,AA026,Kandy - Mahiyangana - Padiyatalawa,trunk,True,50,2,Kandy-Mahiyanganaya-Padiyatalawa Road,61.81703751751889
4814119802,1974698353,A26,AA026,Kandy - Mahiyangana - Padiyatalawa,trunk,True,50,2,Kandy-Mahiyanganaya-Padiyatalawa Road,46.520310796112035
4814119803,4814119802,A26,AA026,Kandy - Mahiyangana - Padiyatalawa,trunk,True,50,2,Kandy-Mahiyanganaya-Padiyatalawa Road,9.838045775607949
4814119811,4814119737,A26,AA026,Kandy - Mahiyangana - Padiyatalawa,trunk,True,50,2,Kandy-Mahiyanganaya-Padiyatalawa Road,10.665852660170085
4814119812,4814119811,A26,AA026,Kandy - Mahiyangana - Padiyatalawa,trunk,True,50,2,Kandy-Mahiyanganaya-Padiyatalawa Road,45.82516695534425
4817216282,1039421894,A0,AA000,Kollupitiya - Sri Jayewardenepura,trunk,True,50,2,Sri Jayewardenepura Mawatha,109.49950866964794
4837295492,5286754885,A5,AA005,Peradeniya - Badulla - Chenkaladi,trunk,False,70,2,Badulla-Chenkaladi Road,2308.200660709935
4837295492,2398934524,A5,AA005,Peradeniya - Badulla - Chenkaladi,trunk,False,70,2,Badulla-Chenkaladi Road,2986.61168814315
4838849617,1986887586,A2,AA002,Colombo - Galle - Hambantota - Wellawaya,trunk,False,70,2,Matara-Hambantota Road,138.67439331435878
4838849617,1985676681,A2,AA002,Colombo - Galle - Hambantota - Wellawaya,trunk,False,70,"['4', '2']",Matara-Hambantota Road,3882.898192647493
4851065488,4851094548,A4,AA004,Colombo - Ratnapura - Wellawaya - Batticaloa,trunk,False,72,2,Ratunapura-Wellawaya Road,8232.637925307425
4851065488,4851072864,A4,AA004,Colombo - Ratnapura - Wellawaya - Batticaloa,trunk,True,50,1,Ratnapura-Wellawaya Road,23.0913860489084
4851065489,912268077,A4,AA004,Colombo - Ratnapura - Wellawaya - Batticaloa,trunk,False,72,2,Ratunapura-Wellawaya Road,14509.573653307601
4851065489,4851065502,A4,AA004,Colombo - Ratnapura - Wellawaya - Batticaloa,trunk,True,50,1,Ratnapura-Wellawaya Road,40.06458668609422
4851065496,4851065489,A4,AA004,Colombo - Ratnapura - Wellawaya - Batticaloa,trunk,True,50,1,Ratnapura-Wellawaya Road,40.58424637528973
4851066124,1737618827,A18,AA018,Pelmadulla - Embilipitiya - Nonagama,trunk,True,40,1,Pelmadulla-Embilipitiya Road,19.552919489104383
4851072874,4851065488,A4,AA004,Colombo - Ratnapura - Wellawaya - Batticaloa,trunk,True,50,1,Ratnapura-Wellawaya Road,25.48449155548942
4851094548,1708349370,A4,AA004,Colombo - Ratnapura - Wellawaya - Batticaloa,trunk,False,72,2,Ratunapura-Wellawaya Road,15354.478068631264
4851094548,4851065488,A4,AA004,Colombo - Ratnapura - Wellawaya - Batticaloa,trunk,False,72,2,Ratunapura-Wellawaya Road,8232.637925307421
4881181012,6495594259,A4,AA004,Colombo - Ratnapura - Wellawaya - Batticaloa,trunk,True,60,2,New Kalmunai Road,1923.6106986570003
4885745120,3697145064,A2,AA002,Colombo - Galle - Hambantota - Wellawaya,trunk,True,60,2,New Tangalle Road,7.783174100217752
4891890160,1828234049,A4,AA004,Colombo - Ratnapura - Wellawaya - Batticaloa,trunk,True,50,2,Main Street,235.64506067320784
4891891444,1708349356,A4,AA004,Colombo - Ratnapura - Wellawaya - Batticaloa,trunk,False,72,2,Ratunapura-Wellawaya Road,8.121135192890925
4891891444,1708349359,A4,AA004,Colombo - Ratnapura - Wellawaya - Batticaloa,trunk,False,72,2,Ratunapura-Wellawaya Road,21.89423752295052
4903819698,2731988138,A6,AA006,Ambepussa - Kurunegala - Trincomalee,trunk,True,60,2,Kurunegala-Dambulla Road,163.52642738397074
4903819699,4903819843,A6,AA006,Ambepussa - Kurunegala - Trincomalee,trunk,True,60,2,Kurunegala-Dambulla Road,964.5780742777121
4903819840,6218784867,A6,AA006,Ambepussa - Kurunegala - Trincomalee,trunk,True,60,2,Kurunegala-Dambulla Road,498.26085417448564
4903819843,4903819840,A6,AA006,Ambepussa - Kurunegala - Trincomalee,trunk,True,60,2,Kurunegala-Dambulla Road,157.05515111437552
4905293870,4944055432,A6,AA006,Ambepussa - Kurunegala - Trincomalee,trunk,True,70,2,Kurunegala-Dambulla Road,140.04723877137022
4911274820,1692793167,A9,AA009,Kandy - Jaffna,trunk,True,70,2,Kandy-Jaffna Road,499.4362933752102
4911274821,2731988170,A9,AA009,Kandy - Jaffna,trunk,True,70,2,Kandy-Jaffna Road,209.2555598551802
4913504514,1976110894,A10,AA010,Katugastota - Kurunegala - Puttalam,trunk,False,60,,Katugastota-Kurunegala-Puttalam Road,4585.183130907587
4913504514,4807150339,A10,AA010,Katugastota - Kurunegala - Puttalam,trunk,False,60,,Katugastota-Kurunegala-Puttalam Road,10640.503974172725
4914548524,8014344204,A9,AA009,Kandy - Jaffna,trunk,False,60,,Anuradhapura Road,3852.0571406423883
4914548524,3336273920,A9,AA009,Kandy - Jaffna,trunk,False,60,,Anuradhapura Road,6090.411744025901
4929241573,2145113802,A21,AA021,Kegalle - Bulathkohupitiya - Karawanella,trunk,True,60,1,Kalugalla Mawatha,13.175652051452786
4929241586,3220025120,A21,AA021,Kegalle - Bulathkohupitiya - Karawanella,trunk,False,60,2,Kegalle-Bulathkohupitiya-Karawanella Road,2174.169707211246
4929241586,4929241911,A21,AA021,Kegalle - Bulathkohupitiya - Karawanella,trunk,True,60,1,Bulathkohupitiya Road,26.85099730444638
4929241606,5237485234,A1,AA001,Colombo - Kandy,trunk,False,70,2,Colombo-Kandy Road,21.648487412918836
4929241606,570766494,A1,AA001,Colombo - Kandy,trunk,False,70,2,Colombo-Kandy Road,998.8320817211704
4929241610,5237485233,A1,AA001,Colombo - Kandy,trunk,False,70,2,Colombo-Kandy Road,25.91117928906658
4929241610,445970143,A1,AA001,Colombo - Kandy,trunk,False,70,2,Colombo-Kandy Road,545.6090534528324
4929241932,4929241586,A21,AA021,Kegalle - Bulathkohupitiya - Karawanella,trunk,True,60,1,Bulathkohupitiya Road,23.670934259146186
4929241947,4929241911,A21,AA021,Kegalle - Bulathkohupitiya - Karawanella,trunk,True,60,1,Bulathkohupitiya Road,39.61250553903603
4929242043,4929242050,A1,AA001,Colombo - Kandy,trunk,False,70,2,Colombo-Kandy Road,14.777798171815531
4929242043,617968149,A1,AA001,Colombo - Kandy,trunk,False,70,2,Colombo-Kandy Road,340.3670428196574
4929242050,4929242043,A1,AA001,Colombo - Kandy,trunk,False,70,2,Colombo-Kandy Road,14.777798171815531
4929242050,3219994344,A1,AA001,Colombo - Kandy,trunk,False,70,2,Colombo-Kandy Road,509.4062616498952
4944052730,3172043469,A6,AA006,Ambepussa - Kurunegala - Trincomalee,trunk,True,70,2,Kurunegala-Dambulla Road,88.06176636988592
4944052746,4944052730,A6,AA006,Ambepussa - Kurunegala - Trincomalee,trunk,True,70,2,Kurunegala-Dambulla Road,1135.138623017267
4944055432,9513937138,A6,AA006,Ambepussa - Kurunegala - Trincomalee,trunk,True,70,2,Kurunegala-Dambulla Road,23.882391316171542
4944055507,5248343437,A10,AA010,Katugastota - Kurunegala - Puttalam,trunk,True,50,,Kurunegala - Puttalam Road,347.85997078146784
4944055508,4944055634,A6,AA006,Ambepussa - Kurunegala - Trincomalee,trunk,True,70,2,Kurunegala-Dambulla Road,7.304546841460351
4944055508,4944055507,A10,AA010,Katugastota - Kurunegala - Puttalam,trunk,True,50,,Kurunegala - Puttalam Road,28.97466531798144
4944055634,9513937138,A10,AA010,Katugastota - Kurunegala - Puttalam,trunk,True,50,,Kurunegala - Puttalam Road,9.26675280869925
4944055634,9568699369,A6,AA006,Ambepussa - Kurunegala - Trincomalee,trunk,True,70,2,Kurunegala-Dambulla Road,24.53906761650424
4959610635,1807810047,A5,AA005,Peradeniya - Badulla - Chenkaladi,trunk,False,70,2,Badulla-Chenkaladi Road,40128.90246631225
4959610635,2001999485,A5,AA005,Peradeniya - Badulla - Chenkaladi,trunk,False,70,2,Badulla-Chenkaladi Road,2920.0528845068425
4959610635,5289221658,A27,AA027,Ampara - Uhana - MahaOya,trunk,False,70,2,"['Ampara Road', 'Ampara-Uhana-Maha Oya Road']",44812.18670605856
4963408990,2407608224,A33,AA033,Ja-Ela - Ekala - Gampaha - Yakkala,trunk,True,50,2,Gampaha-Yakkala Road,3454.629085226745
4963408990,4963408992,A33,AA033,Ja-Ela - Ekala - Gampaha - Yakkala,trunk,True,60,1,Gampaha-Yakkala Road,125.37713861912212
4963408992,2823998635,A1,AA001,Colombo - Kandy,trunk,True,70,2,Colombo-Kandy Road,483.37792352187347
4963408994,4963408992,A1,AA001,Colombo - Kandy,trunk,True,70,2,Colombo-Kandy Road,10.36570900700113
4963408994,4963408990,A33,AA033,Ja-Ela - Ekala - Gampaha - Yakkala,trunk,True,60,1,Gampaha-Yakkala Road,123.04441699223332
4973240985,77844809,A16,AA016,Beragala - Hali-Ela,trunk,True,60,1,Main Street,472.515322882734
5018474141,77844809,A16,AA016,Beragala - Hali-Ela,trunk,False,70,2,Badulla-Bandarawela Road,5444.360603624775
5018474141,77512695,A16,AA016,Beragala - Hali-Ela,trunk,True,70,1,Badulla-Bandarawela Road,121.0312769114422
5055655447,8953454696,A20,AA020,Anuradhapura - Rambewa,trunk,True,60,,Anuradhapura Road,124.52269315415646
5055655457,5055655471,A12,AA012,Puttalam - Trincomalee,trunk,True,60,,Mihintale Road,29.12905948390723
5055655461,2833834344,A12,AA012,Puttalam - Trincomalee,trunk,True,60,,Nivatthakachetiya Mawatha,28.499391670257694
5055655471,1971623281,A12,AA012,Puttalam - Trincomalee,trunk,False,60,,Mihintale Road,2770.548905475873
5055655471,5055655453,A12,AA012,Puttalam - Trincomalee,trunk,True,,,Mihintale Road,28.059288867529766
5139375451,3478101817,A1,AA001,Colombo - Kandy,trunk,True,60,2,Sirimavo Bandaranaike Mawatha (Peradeniya Road),35.49844071866066
5140888508,3219914003,A21,AA021,Kegalle - Bulathkohupitiya - Karawanella,trunk,True,60,1,Bulathkohupitiya Road,55.53510050804715
5142136907,610951677,A2,AA002,Colombo - Galle - Hambantota - Wellawaya,trunk,True,70,2,Hambantota-Wellawaya Road,1811.4544618131806
5142136908,5142136907,A2,AA002,Colombo - Galle - Hambantota - Wellawaya,trunk,True,70,2,Hambantota-Wellawaya Road,8.229439687534123
5144316608,5144316609,A2,AA002,Colombo - Galle - Hambantota - Wellawaya,trunk,True,70,2,Hambantota-Wellawaya Road,8.428851886333431
5144316609,6248011187,A2,AA002,Colombo - Galle - Hambantota - Wellawaya,trunk,True,70,2,Hambantota-Wellawaya Road,354.9571494072079
5153458214,5153458215,A21,AA021,Kegalle - Bulathkohupitiya - Karawanella,trunk,False,60,2,Kegalle-Bulathkohupitiya-Karawanella Road,23.021994371076378
5153458214,198601066,A21,AA021,Kegalle - Bulathkohupitiya - Karawanella,trunk,False,60,2,Kegalle-Bulathkohupitiya-Karawanella Road,2853.2931798839895
5153458215,5153458214,A21,AA021,Kegalle - Bulathkohupitiya - Karawanella,trunk,False,60,2,Kegalle-Bulathkohupitiya-Karawanella Road,23.021994371076378
5153458215,445260233,A21,AA021,Kegalle - Bulathkohupitiya - Karawanella,trunk,False,60,2,Kegalle-Bulathkohupitiya-Karawanella Road,1797.4039743232445
5153486366,3514826047,A21,AA021,Kegalle - Bulathkohupitiya - Karawanella,trunk,False,60,2,Kegalle-Bulathkohupitiya-Karawanella Road,5045.141135893115
5153486366,3514813026,A21,AA021,Kegalle - Bulathkohupitiya - Karawanella,trunk,False,60,2,Kegalle-Bulathkohupitiya-Karawanella Road,111.62171229617402
5156577885,1881982667,A29,AA029,Vavuniya - Horowopotana,trunk,False,60,,Vavuniya-Horowpotana Road,53.14919875280466
5156577888,1728748206,A29,AA029,Vavuniya - Horowopotana,trunk,False,60,,Vavuniya-Horowpotana Road,23650.156749096124
5169879060,1400433849,A12,AA012,Puttalam - Trincomalee,trunk,True,40,,Anuradhapura Road,35.60512096812331
5169879064,4140985756,A10,AA010,Katugastota - Kurunegala - Puttalam,trunk,True,40,,Katugastota-Kurunegala-Puttalam Road,32.72169465654683
5169879070,1400433848,A10,AA010,Katugastota - Kurunegala - Puttalam,trunk,True,40,,Katugastota-Kurunegala-Puttalam Road,33.87074601966388
5190957525,2057041156,A5,AA005,Peradeniya - Badulla - Chenkaladi,trunk,False,60,2,Badulla Road,2444.0009801542924
5190957525,2011981296,A5,AA005,Peradeniya - Badulla - Chenkaladi,trunk,False,60,2,Badulla Road,118.88299045569867
5197144862,5197144866,A1,AA001,Colombo - Kandy,trunk,True,60,2,Colombo-Kandy Road,86.07030284632444
5197144866,2499287720,A1,AA001,Colombo - Kandy,trunk,True,60,2,Colombo-Kandy Road,7.2957572899515855
5197144866,6225766462,A1,AA001,Colombo - Kandy,trunk,True,60,2,Colombo-Kandy Road,74.5043704151892
5197144868,5197144866,A1,AA001,Colombo - Kandy,trunk,True,60,2,Colombo-Kandy Road,11.372553431812843
5197144868,3078591002,A1,AA001,Colombo - Kandy,trunk,True,60,2,Colombo-Kandy Road,1057.5906941336953
5202667325,2732633603,A6,AA006,Ambepussa - Kurunegala - Trincomalee,trunk,False,70,2,Dambulla-Habarana Road,64.21261576307927
5202667325,904233239,A6,AA006,Ambepussa - Kurunegala - Trincomalee,trunk,False,70,2,Dambulla-Habarana Road,6354.086915070234
5212489397,3364864049,A24,AA024,Matara - Akuressa,trunk,True,70,2,Akuressa Road,490.16750222543334
5212489400,5212490356,A24,AA024,Matara - Akuressa,trunk,True,70,2,Akuressa Road,410.06580386919234
5212490345,5212489400,A24,AA024,Matara - Akuressa,trunk,True,70,2,Akuressa Road,150.22046338426617
5212490356,5212489397,A24,AA024,Matara - Akuressa,trunk,True,70,2,Akuressa Road,314.3479070744559
5216483982,325011481,A3,AA003,Peliyagoda - Puttalam,trunk,True,60,2,Negombo Road,994.1430618457523
5216483990,3431908601,A3,AA003,Peliyagoda - Puttalam,trunk,True,60,2,Negombo Road,59.870296390824265
5217538839,1453000766,A35,AA035,Paranthan - Kachchai - Mullaitivu,trunk,False,60,,"['Mankulam - Mullaitivu', 'Paranthan-Mullaitivu Road']",15946.525643440427
5217538839,6281776284,A34,AA034,Mankulam - Mullaitivu,trunk,False,60,,"['Mankulam - Mullaitivu', 'Mankulam-Mullaitivu Road']",3925.257467124613
5234940057,12126721597,A2,AA002,Colombo - Galle - Hambantota - Wellawaya,trunk,True,60,2,Colombo Road,194.4365900856615
5237485233,5237485234,A1,AA001,Colombo - Kandy,trunk,False,70,2,Colombo-Kandy Road,6.861041017937746
5237485233,4929241610,A1,AA001,Colombo - Kandy,trunk,False,70,2,Colombo-Kandy Road,25.91117928906658
5237485234,4929241606,A1,AA001,Colombo - Kandy,trunk,False,70,2,Colombo-Kandy Road,21.648487412918836
5237485234,5237485233,A1,AA001,Colombo - Kandy,trunk,False,70,2,Colombo-Kandy Road,6.861041017937746
5239569079,3064234194,A10,AA010,Katugastota - Kurunegala - Puttalam,trunk,False,70,2,"['Galagedara Road', 'Kurunegala Road']",4033.626625599576
5239569079,3343547728,A10,AA010,Katugastota - Kurunegala - Puttalam,trunk,False,70,2,Galagedara Road,982.7053134266886
5245953959,617806916,A10,AA010,Katugastota - Kurunegala - Puttalam,trunk,True,70,,Kurunegala - Kandy Road,52.957227448742096
5245953965,3064571979,A10,AA010,Katugastota - Kurunegala - Puttalam,trunk,True,70,,Kurunegala - Kandy Road,50.78786589450373
5248343437,3064572227,A10,AA010,Katugastota - Kurunegala - Puttalam,trunk,True,50,,Kurunegala - Puttalam Road,291.7126026084178
5248343448,4944055634,A10,AA010,Katugastota - Kurunegala - Puttalam,trunk,True,50,,Kurunegala - Puttalam Road,30.366280678925317
5248343520,4944055508,A6,AA006,Ambepussa - Kurunegala - Trincomalee,trunk,True,70,2,Ambepussa-Kurunegala Road,30.826803361154937
5248343532,5248343520,A6,AA006,Ambepussa - Kurunegala - Trincomalee,trunk,True,70,2,Ambepussa-Kurunegala Road,684.6417705002617
5252242470,4108748752,A7,AA007,Avissawella - Hatton - Nuwara Eliya,trunk,False,70,2,Talawakelle Road,5539.726563625848
5252242488,247139339,A7,AA007,Avissawella - Hatton - Nuwara Eliya,trunk,False,70,2,Hatton Road,7998.773326826269
5264919265,1796922874,A8,AA008,Panadura - Nambapana - Ratnapura,trunk,False,70,2,Ratnapura Road,15328.977556365708
5264919265,1797858594,A8,AA008,Panadura - Nambapana - Ratnapura,trunk,False,70,2,Ratnapura Road,1097.6216299271005
5270751465,2093610826,A12,AA012,Puttalam - Trincomalee,trunk,False,60,,Puttalam-Anuradhapura-Trincomalee Road,4556.110306760648
5273425373,1830490073,A5,AA005,Peradeniya - Badulla - Chenkaladi,trunk,False,60,2,T. B. Panabokke Mawatha (Gangasiri Road),573.3261088470247
5273425373,3871146840,A5,AA005,Peradeniya - Badulla - Chenkaladi,trunk,True,60,1,T. B. Panabokke Mawatha (Gangasiri Road),25.28956632169342
5280287630,2028303897,A1,AA001,Colombo - Kandy,trunk,True,70,2,Colombo-Kandy Road,2460.3087956827176
5280287631,5280287630,A1,AA001,Colombo - Kandy,trunk,True,70,2,Colombo-Kandy Road,7.349610708306295
5286754885,2398925514,A5,AA005,Peradeniya - Badulla - Chenkaladi,trunk,False,70,2,Badulla-Chenkaladi Road,44.04825500487372
5286754885,4837295492,A5,AA005,Peradeniya - Badulla - Chenkaladi,trunk,False,70,2,Badulla-Chenkaladi Road,2308.200660709935
5289221658,4959610635,A27,AA027,Ampara - Uhana - MahaOya,trunk,False,70,2,"['Ampara-Uhana-Maha Oya Road', 'Ampara Road']",44812.18670605855
5289221658,3649840867,A27,AA027,Ampara - Uhana - MahaOya,trunk,False,70,2,Ampara-Uhana-Maha Oya Road,2571.1974089021205
5299485480,1694695673,A4,AA004,Colombo - Ratnapura - Wellawaya - Batticaloa,trunk,False,72,2,Main Street,246.87676250302792
5300884107,5300890594,A4,AA004,Colombo - Ratnapura - Wellawaya - Batticaloa,trunk,True,72,1,Colombo Road,23.477249476739505
5300890594,5299485480,A4,AA004,Colombo - Ratnapura - Wellawaya - Batticaloa,trunk,True,72,2,Main Street,329.3101253103507
5302260364,602759923,A9,AA009,Kandy - Jaffna,trunk,True,50,,Anuradhapura Road,538.6551385347753
5302260374,3518425520,A9,AA009,Kandy - Jaffna,trunk,True,50,,Anuradhapura Road,162.72622085412434
5302260378,5302260404,A9,AA009,Kandy - Jaffna,trunk,True,50,,Anuradhapura Road,45.24176616227778
5302260392,5302260378,A9,AA009,Kandy - Jaffna,trunk,True,50,,Anuradhapura Road,543.7629164176403
5302260394,5302260392,A9,AA009,Kandy - Jaffna,trunk,True,50,,Anuradhapura Road,7.5133405643207976
5302260404,5302260364,A9,AA009,Kandy - Jaffna,trunk,True,50,,Anuradhapura Road,45.062942256633804
5302260404,7927504084,A9,AA009,Kandy - Jaffna,trunk,False,"['60', '50']",,Anuradhapura Road,10401.01518740633
5303300108,310860950,A4,AA004,Colombo - Ratnapura - Wellawaya - Batticaloa,trunk,False,72,2,Colombo Road,128.132524585521
5303300108,1694691156,A4,AA004,Colombo - Ratnapura - Wellawaya - Batticaloa,trunk,True,72,2,Colombo Road,558.5996796944258
5315984604,5315984610,A33,AA033,Ja-Ela - Ekala - Gampaha - Yakkala,trunk,True,50,2,Colombo Road,128.71157592161282
5315984609,3799780754,A33,AA033,Ja-Ela - Ekala - Gampaha - Yakkala,trunk,True,50,2,Colombo Road,133.08211872151278
5315984610,5315984609,A33,AA033,Ja-Ela - Ekala - Gampaha - Yakkala,trunk,True,50,2,Colombo Road,70.40405682548229
5315988825,637009411,A33,AA033,Ja-Ela - Ekala - Gampaha - Yakkala,trunk,False,40,2,Colombo Road,86.8289594737405
5315988834,5315984604,A33,AA033,Ja-Ela - Ekala - Gampaha - Yakkala,trunk,True,50,2,Colombo Road,165.95977502822444
5316437630,4790001153,A1,AA001,Colombo - Kandy,trunk,True,70,2,Colombo-Kandy Road,28.846140884387136
5316437634,4790000815,A1,AA001,Colombo - Kandy,trunk,True,70,2,Colombo-Kandy Road,16.49370544546606
5316468079,6536495259,A1,AA001,Colombo - Kandy,trunk,True,70,2,Colombo-Kandy Road,124.28151877796239
5319762817,1239489675,A19,AA019,Polgahawela - Kegalle,trunk,False,60,2,Polgahawela-Kegalle Road,75.10648442357866
5319762817,6227950832,A19,AA019,Polgahawela - Kegalle,trunk,False,50,,Polgahawela-Kegalle Road,57.52576071565257
5319765722,3851353586,A19,AA019,Polgahawela - Kegalle,trunk,False,60,2,Polgahawela-Kegalle Road,6434.910080425156
5319765722,6227950822,A19,AA019,Polgahawela - Kegalle,trunk,True,,,Polgahawela-Kegalle Road,54.580454142229875
5320836383,9562328822,A6,AA006,Ambepussa - Kurunegala - Trincomalee,trunk,True,70,2,Ambepussa-Kurunegala Road,686.8253467424685
5342371002,5353821700,A19,AA019,Polgahawela - Kegalle,trunk,True,,,Polgahawela-Kegalle Road,21.981578255535364
5352929666,1282529649,A2,AA002,Colombo - Galle - Hambantota - Wellawaya,trunk,False,70,4,Matara Road,19.401608209571453
5352929666,1674510036,A2,AA002,Colombo - Galle - Hambantota - Wellawaya,trunk,False,70,4,Matara Road,1155.5026543934036
5353821700,5319765722,A19,AA019,Polgahawela - Kegalle,trunk,True,60,2,Polgahawela-Kegalle Road,36.69732207019788
5353842347,6209749472,A6,AA006,Ambepussa - Kurunegala - Trincomalee,trunk,False,70,2,Ambepussa-Kurunegala Road,8134.284815877257
5353842347,5353863009,A6,AA006,Ambepussa - Kurunegala - Trincomalee,trunk,True,70,2,Ambepussa-Kurunegala Road,108.82048467404593
5353863009,3224468489,A6,AA006,Ambepussa - Kurunegala - Trincomalee,trunk,True,70,2,Ambepussa-Kurunegala Road,234.66242952855828
5364431661,566569982,A12,AA012,Puttalam - Trincomalee,trunk,False,60,,Jayanthi Mawatha,1168.5265192076108
5364431661,13572508097,A12,AA012,Puttalam - Trincomalee,trunk,True,60,,Jayanthi Mawatha,201.55970432430635
5372968715,3136385193,A4,AA004,Colombo - Ratnapura - Wellawaya - Batticaloa,trunk,True,60,2,Lotus Road,38.30896492367225
5375634189,3422963193,A26,AA026,Kandy - Mahiyangana - Padiyatalawa,"['primary', 'trunk']",False,"['70', '60', '50']",2,"['Anagarika Dharmapala Mawatha', 'Weera Madduma Bandara Mawatha', 'Sangaraja Mawatha']",1167.4994296965829
5445976497,849241788,A9,AA009,Kandy - Jaffna,trunk,False,40,,Jaffna - Kankesanthurai Road,532.014646370777
5445976497,7098642099,A9,AA009,Kandy - Jaffna,trunk,True,40,,Jaffna - Kankesanthurai Road,55.802317605333215
5559025503,2966142464,A1,AA001,Colombo - Kandy,trunk,True,60,2,Colombo-Kandy Road,18.614439538451467
5565782276,619918508,A4,AA004,Colombo - Ratnapura - Wellawaya - Batticaloa,trunk,False,50,,High Level Road,186.8598001318412
5565782276,9676457521,A4,AA004,Colombo - Ratnapura - Wellawaya - Batticaloa,trunk,False,50,,High Level Road,95.82802240864834
5576657112,1740742111,A12,AA012,Puttalam - Trincomalee,trunk,False,50,,Puttalam-Anuradhapura-Trincomalee Road,129.08186779728842
5576657112,3557522184,A12,AA012,Puttalam - Trincomalee,trunk,False,"['70', '50']",,Puttalam-Anuradhapura-Trincomalee Road,1222.9774279647124
5693657962,257926216,A1,AA001,Colombo - Kandy,trunk,False,60,2,Sri Dalada Veediya,63.216586126728835
5764078202,2083007739,A6,AA006,Ambepussa - Kurunegala - Trincomalee,trunk,False,70,2,Ambepussa-Kurunegala Road,6965.305742223588
5764078202,7087535778,A6,AA006,Ambepussa - Kurunegala - Trincomalee,trunk,True,70,2,Ambepussa-Kurunegala Road,85.50355339113972
5771476347,2722759262,A24,AA024,Matara - Akuressa,trunk,True,60,2,Matara-Akuressa Road,24.959370581135047
5785122163,566574620,A12,AA012,Puttalam - Trincomalee,trunk,False,60,,Maithripala Senanayake Mawatha (Main Street),78.60922146554856
5785122163,2833834344,A12,AA012,Puttalam - Trincomalee,trunk,False,60,,"['Nivatthakachetiya Mawatha', 'Nivatthakachethiya Mawatha']",1758.8534241890854
5804555891,313407297,A3,AA003,Peliyagoda - Puttalam,trunk,True,70,2,Colombo-Puttalam Road,4201.387136475753
5804555894,2155584797,A3,AA003,Peliyagoda - Puttalam,trunk,True,70,2,Negombo Road,12.39809713723785
5969036508,3914008960,A4,AA004,Colombo - Ratnapura - Wellawaya - Batticaloa,trunk,True,60,2,High Level Road,38.3042913390656
5969063938,2068162900,A4,AA004,Colombo - Ratnapura - Wellawaya - Batticaloa,trunk,True,60,2,High Level Road,687.4615159125149
6006772899,9676457522,A4,AA004,Colombo - Ratnapura - Wellawaya - Batticaloa,trunk,False,50,,High Level Road,380.5893659133328
6006772899,642867474,A4,AA004,Colombo - Ratnapura - Wellawaya - Batticaloa,trunk,False,"['60', '50']",4,High Level Road,60.93792829124786
6209749472,5353842347,A6,AA006,Ambepussa - Kurunegala - Trincomalee,trunk,False,70,2,Ambepussa-Kurunegala Road,8134.284815877261
6209749472,1856812802,A6,AA006,Ambepussa - Kurunegala - Trincomalee,trunk,False,70,2,Ambepussa-Kurunegala Road,142.29291947181747
6218784867,562824120,A6,AA006,Ambepussa - Kurunegala - Trincomalee,trunk,True,60,2,Kurunegala-Dambulla Road,404.2796019320486
6218784868,1651774095,A6,AA006,Ambepussa - Kurunegala - Trincomalee,trunk,True,60,2,Kurunegala-Dambulla Road,497.7041303290682
6218784870,4903819698,A6,AA006,Ambepussa - Kurunegala - Trincomalee,trunk,True,60,2,Kurunegala-Dambulla Road,963.9393060323329
6225766462,324997495,A1,AA001,Colombo - Kandy,trunk,True,60,"['3', '2']",Colombo-Kandy Road,151.92294320776907
6227950792,6227950833,A19,AA019,Polgahawela - Kegalle,trunk,False,50,,Polgahawela-Kegalle Road,15.166548832089175
6227950792,6227950826,A19,AA019,Polgahawela - Kegalle,trunk,False,50,,Polgahawela-Kegalle Road,749.76483015369
6227950806,5353842347,A6,AA006,Ambepussa - Kurunegala - Trincomalee,trunk,True,70,2,Ambepussa-Kurunegala Road,79.62458737303533
6227950822,6227950826,A19,AA019,Polgahawela - Kegalle,trunk,True,,,Polgahawela-Kegalle Road,29.28935851224908
6227950824,5342371002,A19,AA019,Polgahawela - Kegalle,trunk,True,,,Polgahawela-Kegalle Road,3.2604665646303315
6227950826,6227950792,A19,AA019,Polgahawela - Kegalle,trunk,False,50,,Polgahawela-Kegalle Road,749.7648301536901
6227950826,6227950824,A19,AA019,Polgahawela - Kegalle,trunk,True,,,Polgahawela-Kegalle Road,28.947664859579916
6227950832,6227950833,A19,AA019,Polgahawela - Kegalle,trunk,False,50,,Polgahawela-Kegalle Road,9.125320269698907
6227950832,5319762817,A19,AA019,Polgahawela - Kegalle,trunk,False,50,,Polgahawela-Kegalle Road,57.525760715652574
6227950833,6227950832,A19,AA019,Polgahawela - Kegalle,trunk,False,50,,Polgahawela-Kegalle Road,9.125320269698907
6227950833,6227950792,A19,AA019,Polgahawela - Kegalle,trunk,False,50,,Polgahawela-Kegalle Road,15.166548832089175
6228139620,1708349370,A4,AA004,Colombo - Ratnapura - Wellawaya - Batticaloa,trunk,True,50,1,Ratunapura-Wellawaya Road,26.469243041581297
6228139621,1708349377,A4,AA004,Colombo - Ratnapura - Wellawaya - Batticaloa,trunk,True,50,1,Ratunapura-Wellawaya Road,22.211469981924033
6230792100,258053453,A0,AA000,Kollupitiya - Sri Jayewardenepura,trunk,True,60,3,Sri Jayewardenepura Mawatha,14.19914404459636
6230885416,662848124,A0,AA000,Kollupitiya - Sri Jayewardenepura,trunk,True,70,2,Sri Jayewardenepura Mawatha,10.610838738417918
6248011187,6248011210,A2,AA002,Colombo - Galle - Hambantota - Wellawaya,trunk,True,70,2,Hambantota-Wellawaya Road,152.52041831894869
6248011188,5142136908,A2,AA002,Colombo - Galle - Hambantota - Wellawaya,trunk,True,70,2,Hambantota-Wellawaya Road,355.867196126748
6250328435,6250328436,A14,AA014,Medawachchiya - Mannar - Talaimannar,trunk,False,60,,Medawachchiya-Talaimannar Road,17.59502746051481
6250328435,1732626393,A14,AA014,Medawachchiya - Mannar - Talaimannar,trunk,False,60,,Medawachchiya-Talaimannar Road,13167.331562240393
6250328436,6250328435,A14,AA014,Medawachchiya - Mannar - Talaimannar,trunk,False,60,,Medawachchiya-Talaimannar Road,17.59502746051481
6250328436,2079870056,A14,AA014,Medawachchiya - Mannar - Talaimannar,trunk,False,60,,Medawachchiya-Talaimannar Road,1047.2918490365976
6258386252,6258386253,A4,AA004,Colombo - Ratnapura - Wellawaya - Batticaloa,trunk,True,60,4,Kumaran Ratnam Road,28.806248208711825
6258386253,6258386258,A4,AA004,Colombo - Ratnapura - Wellawaya - Batticaloa,trunk,True,60,,Sir James Peiris Mawatha,49.05727987115468
6258386258,259648460,A4,AA004,Colombo - Ratnapura - Wellawaya - Batticaloa,trunk,False,60,3,Sir James Peiris Mawatha,901.3383872089436
6266383660,3237363045,A9,AA009,Kandy - Jaffna,trunk,True,70,,Kandy-Jaffna Road,15.8142372317762
6266383664,3237363047,A9,AA009,Kandy - Jaffna,trunk,True,60,,Kandy - Jaffna Road,10.269435130379746
6266383668,4137095171,A29,AA029,Vavuniya - Horowopotana,trunk,True,60,,Vavuniya-Horowpotana Road,18.698379436126572
6266463975,3448778695,A2,AA002,Colombo - Galle - Hambantota - Wellawaya,trunk,True,50,,Galle Road,27.825619437666735
6266871671,309913698,A2,AA002,Colombo - Galle - Hambantota - Wellawaya,trunk,True,70,"['3', '2']",Matara Road,182.27814102787488
6272317584,13695573498,A2,AA002,Colombo - Galle - Hambantota - Wellawaya,trunk,True,60,,Matara Road,30.462648277133436
6272317584,13695595606,A2,AA002,Colombo - Galle - Hambantota - Wellawaya,trunk,True,60,2,Matara Road,75.01058473197901
6275242615,4087054248,A3,AA003,Peliyagoda - Puttalam,trunk,True,60,2,Negombo Road,17.638017066577003
6276892160,2155580131,A3,AA003,Peliyagoda - Puttalam,trunk,True,60,2,Negombo Road,27.368914231240726
6277459304,2034206073,A4,AA004,Colombo - Ratnapura - Wellawaya - Batticaloa,trunk,True,70,2,Sri Sambuddhatwa Jayanthi Mawatha (Havelock Road),41.72800644102825
6277491043,206594633,A4,AA004,Colombo - Ratnapura - Wellawaya - Batticaloa,trunk,True,50,2,H. Sri Nassanka Mawatha (Maya Avenue),77.84737158033539
6277534245,4197383649,A0,AA000,Kollupitiya - Sri Jayewardenepura,trunk,True,60,,Ananda Coomaraswamy Mawatha,4.063839782053517
6281776284,6281782186,A34,AA034,Mankulam - Mullaitivu,trunk,False,60,,Mankulam - Mullaitivu,16.18972539364359
6281776284,5217538839,A34,AA034,Mankulam - Mullaitivu,trunk,False,60,,"['Mankulam - Mullaitivu', 'Mankulam-Mullaitivu Road']",3925.257467124613
6281782186,6281776284,A34,AA034,Mankulam - Mullaitivu,trunk,False,60,,Mankulam - Mullaitivu,16.18972539364359
6281782186,1457319623,A34,AA034,Mankulam - Mullaitivu,trunk,False,60,,Mankulam - Mullaitivu,2104.9969827534856
6286620938,6286620951,A34,AA034,Mankulam - Mullaitivu,trunk,True,60,,Mankulam - Mullaitivu,59.62771004936006
6286620946,6286620938,A34,AA034,Mankulam - Mullaitivu,trunk,True,60,,Mankulam - Mullaitivu,48.035395297010425
6286620951,3679319579,A34,AA034,Mankulam - Mullaitivu,trunk,True,60,,Mankulam - Mullaitivu,127.48222067709109
6286620951,634172980,A34,AA034,Mankulam - Mullaitivu,trunk,False,60,,Mankulam - Mullaitivu,23382.420017136905
6289622879,2731988118,A9,AA009,Kandy - Jaffna,trunk,True,70,,Kandy-Jaffna Road,10.713009908476776
6289622879,2731988159,A6,AA006,Ambepussa - Kurunegala - Trincomalee,trunk,True,60,2,Kurunegala-Dambulla Road,28.75427111222117
6291947089,13567087001,A12,AA012,Puttalam - Trincomalee,trunk,True,60,,Jayanthi Mawatha,85.15998716370486
6292190472,3109024823,A4,AA004,Colombo - Ratnapura - Wellawaya - Batticaloa,trunk,True,60,2,High Level Road,20.231323074793654
6292190587,5969063938,A4,AA004,Colombo - Ratnapura - Wellawaya - Batticaloa,trunk,True,60,2,High Level Road,620.1548647701328
6294143289,2418603889,A4,AA004,Colombo - Ratnapura - Wellawaya - Batticaloa,trunk,True,50,1,Wellawaya-Pottuvil Road,23.973840331551706
6294563995,5445976497,A9,AA009,Kandy - Jaffna,trunk,True,40,,Jaffna - Kankesanthurai Road,57.44902312592599
6324979463,13615512124,A1,AA001,Colombo - Kandy,trunk,False,60,2,"['Sirimavo Bandaranaike Mawatha (Peradeniya Road)', 'Sri Dalada Veediya']",127.57840426376053
6324979463,4004620083,A1,AA001,Colombo - Kandy,trunk,True,60,2,Sri Dalada Veediya,27.317520661751455
6388461497,661806557,A2,AA002,Colombo - Galle - Hambantota - Wellawaya,trunk,True,60,2,Galle Road,217.09660618636943
6407621053,1863416596,A1,AA001,Colombo - Kandy,trunk,True,60,3,Pradeepa Mawatha,616.0406024182959
6475692032,44534497,A2,AA002,Colombo - Galle - Hambantota - Wellawaya,trunk,True,60,2,Main Street,35.62220707583714
6484110688,7030628001,A4,AA004,Colombo - Ratnapura - Wellawaya - Batticaloa,trunk,True,60,"['3', '2']",High Level Road,1799.297691465249
6484110688,13682136254,A4,AA004,Colombo - Ratnapura - Wellawaya - Batticaloa,trunk,True,60,2,High Level Road,70.06938226505002
6492863077,6492867598,A17,AA017,Galle - Deniyaya - Madampe,trunk,True,70,2,Akuressa Road,32.31231476398257
6492867585,6492867596,A17,AA017,Galle - Deniyaya - Madampe,trunk,True,70,2,Akuressa Road,47.658347560380896
6492867596,59947552,A17,AA017,Galle - Deniyaya - Madampe,trunk,False,70,2,Akuressa Road,1304.4375188705828
6492867596,13698912444,A17,AA017,Galle - Deniyaya - Madampe,trunk,True,70,2,Akuressa Road,48.28238897786182
6492867598,13698912446,A17,AA017,Galle - Deniyaya - Madampe,trunk,True,70,2,Akuressa Road,12.997871232992166
6492867599,13698912417,A17,AA017,Galle - Deniyaya - Madampe,trunk,True,70,2,Akuressa Road,30.866278548399112
6495299632,6495299701,A15,AA015,Batticaloa - Tirikkondiadimadu - Trincomalee,trunk,True,50,2,Trincomalee Road,1384.2436418197979
6495299637,6495299644,A15,AA015,Batticaloa - Tirikkondiadimadu - Trincomalee,trunk,True,50,2,Trincomalee Road,9.833499936559724
6495299640,1681115626,A15,AA015,Batticaloa - Tirikkondiadimadu - Trincomalee,trunk,True,50,2,Trincomalee Road,26.382271496327217
6495299644,6495299640,A15,AA015,Batticaloa - Tirikkondiadimadu - Trincomalee,trunk,True,50,2,Trincomalee Road,12.754649924601807
6495299700,6495299637,A15,AA015,Batticaloa - Tirikkondiadimadu - Trincomalee,trunk,True,50,2,Trincomalee Road,1377.3053420598799
6495299701,6495343855,A15,AA015,Batticaloa - Tirikkondiadimadu - Trincomalee,trunk,True,50,2,Trincomalee Road,94.5555565736473
6495299702,6495299700,A15,AA015,Batticaloa - Tirikkondiadimadu - Trincomalee,trunk,True,50,2,Trincomalee Road,93.83131868909946
6495343851,6495299702,A15,AA015,Batticaloa - Tirikkondiadimadu - Trincomalee,trunk,True,50,2,Trincomalee Road,320.82314927770153
6495343855,6495343850,A15,AA015,Batticaloa - Tirikkondiadimadu - Trincomalee,trunk,True,50,2,Trincomalee Road,325.07440601007085
6495360806,2078972802,A4,AA004,Colombo - Ratnapura - Wellawaya - Batticaloa,trunk,True,60,2,Baily Road,227.68798286916808
6495360843,2082215258,A4,AA004,Colombo - Ratnapura - Wellawaya - Batticaloa,trunk,True,60,2,Bar Road,41.412132369739034
6495398254,6495398255,A4,AA004,Colombo - Ratnapura - Wellawaya - Batticaloa,trunk,True,60,2,Kalmunai Road,142.37724949904768
6495398255,13740014577,A4,AA004,Colombo - Ratnapura - Wellawaya - Batticaloa,trunk,True,60,2,"['Batticaloa Road', 'Kalmunai Road']",404.35316488239584
6495398267,6495398254,A4,AA004,Colombo - Ratnapura - Wellawaya - Batticaloa,trunk,True,60,2,"['Kalmunai Road', 'New Kallady Bridge']",640.9913552130678
6495398268,6495398199,A4,AA004,Colombo - Ratnapura - Wellawaya - Batticaloa,trunk,True,60,2,Kalmunai Road,297.91431773726595
6495398269,6495398268,A4,AA004,Colombo - Ratnapura - Wellawaya - Batticaloa,trunk,True,60,2,Kalmunai Road,12.106588582129605
6495398273,6495398267,A4,AA004,Colombo - Ratnapura - Wellawaya - Batticaloa,trunk,True,60,2,Kalmunai Road,299.78798507316947
6495594238,2822277593,A11,AA011,Maradankadawela - Habarana - Tirikkondiadimadu,trunk,True,60,,Habarana-Polonnaruwa-Batticaloa Road,40.09047444112483
6495594259,7262773170,A4,AA004,Colombo - Ratnapura - Wellawaya - Batticaloa,trunk,True,60,2,New Kalmunai Road,1392.9960111172763
6495594260,6495621993,A4,AA004,Colombo - Ratnapura - Wellawaya - Batticaloa,trunk,True,60,2,New Kalmunai Road,1923.912762885005
6495621993,6495621995,A4,AA004,Colombo - Ratnapura - Wellawaya - Batticaloa,trunk,True,60,2,New Kalmunai Road,696.4625645494191
6495621994,4881181012,A4,AA004,Colombo - Ratnapura - Wellawaya - Batticaloa,trunk,True,60,2,New Kalmunai Road,696.6365143381684
6495621995,4712510859,A4,AA004,Colombo - Ratnapura - Wellawaya - Batticaloa,trunk,True,60,2,New Kalmunai Road,1042.7166043185644
6509196188,8865864660,A9,AA009,Kandy - Jaffna,trunk,True,60,,Katugastota Road,6.512789619631771
6509196189,6509196200,A9,AA009,Kandy - Jaffna,trunk,True,60,,Katugastota Road,107.75627360775803
6509196200,4019244724,A9,AA009,Kandy - Jaffna,trunk,True,60,,Katugastota Road,189.27932668402025
6509597375,6509597376,A10,AA010,Katugastota - Kurunegala - Puttalam,trunk,False,60,,Katugastota-Kurunegala-Puttalam Road,20.76044460775822
6509597375,4140985755,A10,AA010,Katugastota - Kurunegala - Puttalam,trunk,False,60,,Katugastota-Kurunegala-Puttalam Road,6789.090941593921
6509597376,4807150338,A10,AA010,Katugastota - Kurunegala - Puttalam,trunk,False,60,,Katugastota-Kurunegala-Puttalam Road,17860.27683309689
6509597376,6509597375,A10,AA010,Katugastota - Kurunegala - Puttalam,trunk,False,60,,Katugastota-Kurunegala-Puttalam Road,20.76044460775822
6509727157,6509727158,A10,AA010,Katugastota - Kurunegala - Puttalam,trunk,False,60,,Katugastota-Kurunegala-Puttalam Road,26.54196522826343
6509727157,13700965134,A10,AA010,Katugastota - Kurunegala - Puttalam,trunk,False,60,,Katugastota-Kurunegala-Puttalam Road,5106.431259973713
6509727158,6509727157,A10,AA010,Katugastota - Kurunegala - Puttalam,trunk,False,60,,Katugastota-Kurunegala-Puttalam Road,26.54196522826343
6509727158,6511383113,A10,AA010,Katugastota - Kurunegala - Puttalam,trunk,False,60,,Katugastota-Kurunegala-Puttalam Road,10842.016287242332
6511383094,6511383114,A10,AA010,Katugastota - Kurunegala - Puttalam,trunk,True,40,,Katugastota-Kurunegala-Puttalam Road,38.76553147149605
6511383096,6511383113,A10,AA010,Katugastota - Kurunegala - Puttalam,trunk,True,40,,Katugastota-Kurunegala-Puttalam Road,43.46338297389406
6511383113,6509727158,A10,AA010,Katugastota - Kurunegala - Puttalam,trunk,False,60,,Katugastota-Kurunegala-Puttalam Road,10842.016287242326
6511383113,6511383095,A10,AA010,Katugastota - Kurunegala - Puttalam,trunk,True,40,,Katugastota-Kurunegala-Puttalam Road,39.61809933402946
6511383114,6511383112,A10,AA010,Katugastota - Kurunegala - Puttalam,trunk,True,40,,Katugastota-Kurunegala-Puttalam Road,39.079886379520126
6511383114,2186928769,A10,AA010,Katugastota - Kurunegala - Puttalam,trunk,False,"['60', '50']",2,"['Kurunegala - Puttalam Road', 'Katugastota-Kurunegala-Puttalam Road']",4799.252535092285
6511383115,1239568660,A28,AA028,Padeniya - Anuradhapura,trunk,True,40,,Anuradhapura - Padeniya Road,35.86055890777687
6524681176,191799826,A0,AA000,Kollupitiya - Sri Jayewardenepura,trunk,True,50,3,Ananda Coomaraswamy Mawatha,423.7235314786428
6524681177,9628046175,A0,AA000,Kollupitiya - Sri Jayewardenepura,trunk,True,50,3,Ananda Coomaraswamy Mawatha,45.38944838591913
6524681177,6524681178,A4,AA004,Colombo - Ratnapura - Wellawaya - Batticaloa,trunk,True,,1,Sir Ernest de Silva Mawatha,62.38722237013549
6524681178,269351942,A4,AA004,Colombo - Ratnapura - Wellawaya - Batticaloa,trunk,False,60,4,Sir Ernest de Silva Mawatha,291.34363365619134
6524681178,6524681176,A4,AA004,Colombo - Ratnapura - Wellawaya - Batticaloa,trunk,True,,,Sir Ernest de Silva Mawatha,74.0851348570128
6535741179,5197144862,A1,AA001,Colombo - Kandy,trunk,True,60,2,Colombo-Kandy Road,984.3289768304091
6536495259,6536495261,A1,AA001,Colombo - Kandy,trunk,True,70,2,"['Colombo-Kandy Road', 'Uruwel Oya Bridge']",485.59721451647215
6536495260,4790019634,A1,AA001,Colombo - Kandy,trunk,True,70,2,Colombo-Kandy Road,124.91087606298274
6536495261,5316437630,A1,AA001,Colombo - Kandy,trunk,True,70,2,Colombo-Kandy Road,217.04859935880435
6536495262,6536495260,A1,AA001,Colombo - Kandy,trunk,True,70,2,"['Colombo-Kandy Road', 'Uruwel Oya Bridge']",489.43944001652113
6536506696,5280287631,A1,AA001,Colombo - Kandy,trunk,True,70,2,Colombo-Kandy Road,204.29912065270054
6537213315,10268958222,A4,AA004,Colombo - Ratnapura - Wellawaya - Batticaloa,trunk,True,60,4,Kumaran Ratnam Road,540.8624700695698
6537569534,6537569535,A6,AA006,Ambepussa - Kurunegala - Trincomalee,trunk,False,60,2,Kandy Road,21.796240006405963
6537569534,1242715443,A6,AA006,Ambepussa - Kurunegala - Trincomalee,trunk,False,60,2,Kandy Road,3827.8852360894457
6537569535,904233493,A15,AA015,Batticaloa - Tirikkondiadimadu - Trincomalee,trunk,True,40,1,Trincomalee-Batticaloa Road,72.24616169549307
6537569535,6537569534,A6,AA006,Ambepussa - Kurunegala - Trincomalee,trunk,False,60,2,Kandy Road,21.796240006405963
6537569535,4139418521,A6,AA006,Ambepussa - Kurunegala - Trincomalee,trunk,False,60,2,Kandy Road,2315.379249579983
6538060310,4136994008,A35,AA035,Paranthan - Kachchai - Mullaitivu,trunk,True,60,,Paranthan-Mullaittivu Road,267.77909324937116
6538060311,6545546148,A35,AA035,Paranthan - Kachchai - Mullaitivu,trunk,True,60,,Paranthan-Mullaitivu Road,14.422461576787905
6538060317,7034868585,A35,AA035,Paranthan - Kachchai - Mullaitivu,trunk,True,60,,Paranthan-Mullaittivu Road,9.11209616358648
6538060317,6538060311,A35,AA035,Paranthan - Kachchai - Mullaitivu,trunk,True,60,,Paranthan-Mullaitivu Road,17.431603204413076
6538140524,6538140529,A9,AA009,Kandy - Jaffna,trunk,False,70,,Kandy - Jaffna Road,35.44763798852624
6538140524,1728838958,A9,AA009,Kandy - Jaffna,trunk,False,"['70', '60']",,"['Kandy-Jaffna Road', 'Kandy - Jaffna Road', 'Jaffna-Kandy Road']",23729.92663296873
6538140529,6538140524,A9,AA009,Kandy - Jaffna,trunk,False,70,,Kandy - Jaffna Road,35.44763798852624
6538140529,634172980,A9,AA009,Kandy - Jaffna,trunk,False,"['70', '60']",,"['Kandy-Jaffna Road', 'Kandy - Jaffna Road']",21407.351033831168
6540075345,6540075346,A11,AA011,Maradankadawela - Habarana - Tirikkondiadimadu,trunk,False,60,,Maradankadawala-Habarana Road,26.50719429186671
6540075345,3557474363,A11,AA011,Maradankadawela - Habarana - Tirikkondiadimadu,trunk,False,60,2,Maradankadawala-Habarana Road,15267.573034820758
6540075346,6540075345,A11,AA011,Maradankadawela - Habarana - Tirikkondiadimadu,trunk,False,60,,Maradankadawala-Habarana Road,26.50719429186671
6540075346,567011837,A11,AA011,Maradankadawela - Habarana - Tirikkondiadimadu,trunk,False,60,,Maradankadawala-Habarana Road,991.1658137275957
6540645130,4152511797,A3,AA003,Peliyagoda - Puttalam,trunk,True,60,2,Negombo Road,83.10432996244243
6542960916,1675705732,A2,AA002,Colombo - Galle - Hambantota - Wellawaya,trunk,True,60,2,Matara Road,106.91769409646597
6545241018,77379074,A2,AA002,Colombo - Galle - Hambantota - Wellawaya,trunk,True,70,2,Matara-Hambantota Road,14.575863707599206
6545546146,6545546148,A35,AA035,Paranthan - Kachchai - Mullaitivu,trunk,True,60,,Paranthan-Mullaitivu Road,9.040433550273539
6545546146,7034868585,A35,AA035,Paranthan - Kachchai - Mullaitivu,trunk,True,60,,Paranthan-Mullaitivu Road,30.708694580754482
6545546148,6538060310,A35,AA035,Paranthan - Kachchai - Mullaitivu,trunk,True,60,,"['Paranthan-Mullaittivu Road', 'Paranthan-Mullaitivu Road']",19.85019723496807
6658588595,44265239,A23,AA023,Wellawaya - Ella - Kumbalwela,trunk,False,60,2,Wellawaya-Ella-Kumbalwela Road,26697.636944844773
6658588595,49364006,A23,AA023,Wellawaya - Ella - Kumbalwela,trunk,False,60,2,Wellawaya-Ella-Kumbalwela Road,364.41618512586575
6661265112,1732642149,A30,AA030,Vavuniya - Parayanalankulam,trunk,False,60,,Vavuniya - Parayanalankulam,31249.469832831983
6661265112,1729992697,A30,AA030,Vavuniya - Parayanalankulam,trunk,False,60,,Vavuniya - Parayanalankulam,3289.7203625728184
6685173555,1979375863,A22,AA022,Passara - Moneragala,trunk,False,70,2,Passara-Moneragala Road,235.57901134095934
6685173555,2400768904,A22,AA022,Passara - Moneragala,trunk,False,70,2,Passara-Moneragala Road,9944.652156880487
6685420675,6495398269,A4,AA004,Colombo - Ratnapura - Wellawaya - Batticaloa,trunk,True,60,2,"['Kalmunai Road', 'New Kallady Bridge']",626.3862407177311
6685474007,2565428392,A15,AA015,Batticaloa - Tirikkondiadimadu - Trincomalee,trunk,True,40,1,Trincomalee Road,30.68129429603198
6685474058,3109068245,A15,AA015,Batticaloa - Tirikkondiadimadu - Trincomalee,trunk,False,60,2,Trincomalee Road,1548.2320326181932
6685474058,13904633852,A15,AA015,Batticaloa - Tirikkondiadimadu - Trincomalee,trunk,True,40,1,Trincomalee Road,23.41428170168863
6685474058,5906022857,A15,AA015,Batticaloa - Tirikkondiadimadu - Trincomalee,trunk,True,40,1,Trincomalee Road,25.879840113071985
6685478660,9567743870,A15,AA015,Batticaloa - Tirikkondiadimadu - Trincomalee,trunk,True,60,1,Trincomalee Road,49.63600979150073
6685478661,2304485540,A11,AA011,Maradankadawela - Habarana - Tirikkondiadimadu,trunk,False,"['70', '60', '50']",2,Habarana-Polonnaruwa-Batticaloa Road,44091.63416687221
6685478667,1725061738,A15,AA015,Batticaloa - Tirikkondiadimadu - Trincomalee,trunk,False,60,2,Trincomalee Road,2611.643452183469
6688367855,5804555894,A3,AA003,Peliyagoda - Puttalam,trunk,True,70,2,Colombo-Puttalam Road,4197.540708515831
6695208838,974346527,A4,AA004,Colombo - Ratnapura - Wellawaya - Batticaloa,trunk,True,60,1,Wellawaya-Pottuvil Road,40.56610602931814
6695208839,3730047332,A4,AA004,Colombo - Ratnapura - Wellawaya - Batticaloa,trunk,True,60,1,Wellawaya-Pottuvil Road,27.84525910764636
6695208840,2145219371,A25,AA025,Siyambalanduwa - Damana - Ampara,trunk,True,50,1,Siyambalanduwa-Damana-Ampara Road,30.905129769815133
6695505185,1847947584,A3,AA003,Peliyagoda - Puttalam,trunk,True,70,2,Colombo-Puttalam Road,4.983307625578148
6695505187,2366743826,A3,AA003,Peliyagoda - Puttalam,trunk,True,70,2,Colombo-Puttalam Road,20.51975466775913
6695505199,6695505187,A3,AA003,Peliyagoda - Puttalam,trunk,True,70,2,Colombo-Puttalam Road,7.3411010849801785
6721753073,6721810540,A1,AA001,Colombo - Kandy,trunk,True,70,2,Colombo-Kandy Road,10.21597229757615
6721810540,4790030896,A1,AA001,Colombo - Kandy,trunk,True,70,2,Colombo-Kandy Road,2322.1858832654852
6947814997,619152185,A0,AA000,Kollupitiya - Sri Jayewardenepura,trunk,True,70,3,Sri Jayewardenepura Mawatha,147.50899566370725
7024993693,2279244474,A11,AA011,Maradankadawela - Habarana - Tirikkondiadimadu,trunk,False,50,2,Habarana-Polonnaruwa-Batticaloa Road,280.83485500647123
7024993693,2822277593,A11,AA011,Maradankadawela - Habarana - Tirikkondiadimadu,trunk,False,50,2,Habarana-Polonnaruwa-Batticaloa Road,1150.673053488887
7030628001,7030628002,A4,AA004,Colombo - Ratnapura - Wellawaya - Batticaloa,trunk,True,60,3,High Level Road,14.539412231970383
7030628002,129615826,A4,AA004,Colombo - Ratnapura - Wellawaya - Batticaloa,trunk,True,60,"['3', '2']",High Level Road,1972.8334412872862
7030921385,2499038749,A4,AA004,Colombo - Ratnapura - Wellawaya - Batticaloa,trunk,True,60,4,High Level Road,381.80110409061837
7030921401,7030921451,A4,AA004,Colombo - Ratnapura - Wellawaya - Batticaloa,trunk,True,60,2,High Level Road,722.3814484182255
7030921451,6292190472,A4,AA004,Colombo - Ratnapura - Wellawaya - Batticaloa,trunk,True,60,2,High Level Road,560.6916187948285
7034868585,4136994005,A35,AA035,Paranthan - Kachchai - Mullaitivu,trunk,True,60,,Paranthan-Mullaitivu Road,17.296978030216227
7035050523,3336273920,A9,AA009,Kandy - Jaffna,trunk,True,60,,Anuradhapura Road,57.256317637189596
7035050524,7035050523,A9,AA009,Kandy - Jaffna,trunk,True,60,,Anuradhapura Road,45.263775971678186
7037556016,3170533571,A9,AA009,Kandy - Jaffna,trunk,True,60,4,Madawala Road,26.294523728442844
7037556017,2558293072,A9,AA009,Kandy - Jaffna,trunk,True,60,"['4', '2']","['Katugastota Road', 'Katugastota Bridge']",2181.8114035421045
7037741108,13684572988,A3,AA003,Peliyagoda - Puttalam,trunk,True,60,2,Negombo Road,4.940146160989257
7037743601,7037743630,A4,AA004,Colombo - Ratnapura - Wellawaya - Batticaloa,trunk,True,50,2,H. Sri Nassanka Mawatha (High Level Road),9.789527017237301
7037743630,7037743638,A4,AA004,Colombo - Ratnapura - Wellawaya - Batticaloa,trunk,True,50,2,"['H. Sri Nassanka Mawatha (High Level Road)', 'H. Sri Nassanka Mawatha (Maya Avenue)']",407.77437374106995
7037743638,7037743641,A4,AA004,Colombo - Ratnapura - Wellawaya - Batticaloa,trunk,True,50,2,H. Sri Nassanka Mawatha (Maya Avenue),18.3609300472924
7037743640,1676479570,A4,AA004,Colombo - Ratnapura - Wellawaya - Batticaloa,trunk,True,50,2,H. Sri Nassanka Mawatha (Maya Avenue),48.96011269168504
7037743641,7037743640,A4,AA004,Colombo - Ratnapura - Wellawaya - Batticaloa,trunk,True,50,2,H. Sri Nassanka Mawatha (Maya Avenue),60.45632217624771
7037793024,2339297873,A2,AA002,Colombo - Galle - Hambantota - Wellawaya,trunk,True,50,3,Galle Road,183.4438662123368
7037793029,2340032515,A2,AA002,Colombo - Galle - Hambantota - Wellawaya,trunk,True,50,2,Galle Road,326.99480118597893
7042347620,1735981103,A9,AA009,Kandy - Jaffna,trunk,False,70,2,Kandy - Jaffna Road,19.58994842868601
7042347620,1642975181,A9,AA009,Kandy - Jaffna,trunk,False,70,2,Kandy - Jaffna Road,165.5383594037551
7042347620,7042347624,A35,AA035,Paranthan - Kachchai - Mullaitivu,trunk_link,True,70,,Paranthan - Mullaitivu,38.12663930932375
7042347623,7042347632,A9,AA009,Kandy - Jaffna,trunk,False,70,2,Kandy - Jaffna Road,16.36028532746363
7042347623,8626940908,A9,AA009,Kandy - Jaffna,trunk,False,70,2,Kandy - Jaffna Road,2891.45534231676
7042347624,7042347643,A35,AA035,Paranthan - Kachchai - Mullaitivu,trunk,True,70,,Paranthan - Mullaitivu,9.667122453596992
7042347625,7042347632,A35,AA035,Paranthan - Kachchai - Mullaitivu,trunk,True,,,,30.375023516337635
7042347625,7042347623,A35,AA035,Paranthan - Kachchai - Mullaitivu,trunk_link,True,,,,34.89054561913284
7042347632,7042347623,A9,AA009,Kandy - Jaffna,trunk,False,70,2,Kandy - Jaffna Road,16.36028532746363
7042347632,1735981103,A9,AA009,Kandy - Jaffna,trunk,False,70,2,Kandy - Jaffna Road,7.664957437378372
7042347643,7042347625,A35,AA035,Paranthan - Kachchai - Mullaitivu,trunk,True,,,,9.020068989929609
7042347643,4136994008,A35,AA035,Paranthan - Kachchai - Mullaitivu,trunk,False,"['70', '60', '50']",,"['Paranthan-Mullaittivu Road', 'Paranthan - Mullaitivu', 'Paranthan-Mullaitivu Highway']",35565.39676999351
7051044595,7051044596,A15,AA015,Batticaloa - Tirikkondiadimadu - Trincomalee,trunk,False,60,2,Trincomalee-Batticaloa Road,22.797384064716752
7051044595,1685802576,A15,AA015,Batticaloa - Tirikkondiadimadu - Trincomalee,trunk,False,60,2,"['Trincomalee-Batticaloa Road', 'Gangai Bridge', 'Upparu Bridge', 'Ralkuli Bridge']",12090.477226038935
7051044596,7051044595,A15,AA015,Batticaloa - Tirikkondiadimadu - Trincomalee,trunk,False,60,2,Trincomalee-Batticaloa Road,22.797384064716752
7051044596,904233493,A15,AA015,Batticaloa - Tirikkondiadimadu - Trincomalee,trunk,False,60,2,"['Trincomalee-Batticaloa Road', 'Kinniya Bridge']",10738.195900467432
7071757658,901010009,A6,AA006,Ambepussa - Kurunegala - Trincomalee,trunk,False,70,2,Kandy Road,28383.901985852248
7071757658,13942702875,A6,AA006,Ambepussa - Kurunegala - Trincomalee,trunk,False,70,2,Kandy Road,15226.412159382613
7081602426,191794675,A2,AA002,Colombo - Galle - Hambantota - Wellawaya,trunk,True,60,2,Galle Face Centre Road,296.18241748600826
7081602427,8944102122,A2,AA002,Colombo - Galle - Hambantota - Wellawaya,trunk,True,60,2,Galle Face Centre Road,735.4073518032459
7085495071,10603977996,A2,AA002,Colombo - Galle - Hambantota - Wellawaya,trunk,True,60,"['3', '2']",Galle Road,1388.8543932908963
7085505932,1728838995,A30,AA030,Vavuniya - Parayanalankulam,trunk,True,60,,Mannar-Vavuniya Road,30.780288817937695
7085505934,1981183266,A9,AA009,Kandy - Jaffna,trunk,False,60,,Kandy-Jaffna Road,36.02449456202579
7085505934,1728838958,A9,AA009,Kandy - Jaffna,trunk,False,60,,Kandy-Jaffna Road,20.571084286209057
7085505934,7085505932,A30,AA030,Vavuniya - Parayanalankulam,trunk,True,60,,Mannar-Vavuniya Road,49.73010230082454
7085506299,7085525494,A2,AA002,Colombo - Galle - Hambantota - Wellawaya,trunk,True,60,3,Galle Road,13.097183820210576
7085525494,1249855906,A2,AA002,Colombo - Galle - Hambantota - Wellawaya,trunk,True,60,3,Galle Road,397.95778470697354
7085525496,60798009,A2,AA002,Colombo - Galle - Hambantota - Wellawaya,trunk,True,60,3,Galle Road,12.775149313375591
7085654863,4515020731,A2,AA002,Colombo - Galle - Hambantota - Wellawaya,trunk,True,60,2,Galle Road,54.332904957309516
7085654864,666881493,A2,AA002,Colombo - Galle - Hambantota - Wellawaya,trunk,True,60,2,Galle Road,161.24739213509986
7085684184,60797056,A2,AA002,Colombo - Galle - Hambantota - Wellawaya,trunk,True,"['60', '50']",2,Galle Road,943.9866384197607
7085690885,1683151514,A2,AA002,Colombo - Galle - Hambantota - Wellawaya,trunk,True,70,2,Galle Road,538.4513604737299
7085697356,7085697362,A9,AA009,Kandy - Jaffna,trunk,True,60,,Kandy - Jaffna Road,284.69494451320395
7085697357,1728748120,A9,AA009,Kandy - Jaffna,trunk,True,60,,Kandy - Jaffna Road,123.78963234359152
7085697358,7085697356,A9,AA009,Kandy - Jaffna,trunk,True,60,,Kandy - Jaffna Road,124.94737037792615
7085697362,1981159944,A9,AA009,Kandy - Jaffna,trunk,False,60,,"['Kandy-Jaffna Road', 'Kandy - Jaffna Road']",22469.119654223297
7085697362,7085697357,A9,AA009,Kandy - Jaffna,trunk,True,60,,Kandy - Jaffna Road,285.03172632287544
7087535778,1980566512,A1,AA001,Colombo - Kandy,trunk,False,70,2,Colombo-Kandy Road,7185.3884672163
7087535778,617967952,A1,AA001,Colombo - Kandy,trunk,False,70,2,Colombo-Kandy Road,19.896927697693002
7094563039,1139248145,A2,AA002,Colombo - Galle - Hambantota - Wellawaya,trunk,False,70,4,Matara Road,13.553421351741003
7094563039,1282529649,A2,AA002,Colombo - Galle - Hambantota - Wellawaya,trunk,False,70,4,Matara Road,1893.3556476082222
7094700078,13625464816,A1,AA001,Colombo - Kandy,trunk,False,60,2,Colombo Road,382.0280455546369
7094700078,35436490,A1,AA001,Colombo - Kandy,trunk,False,60,2,Colombo Road,18.097789566163705
7095171150,54398901,A2,AA002,Colombo - Galle - Hambantota - Wellawaya,trunk,False,70,4,Galle Road,3568.449395602606
7095171150,1506183874,A2,AA002,Colombo - Galle - Hambantota - Wellawaya,trunk,True,70,2,Galle Road,1200.3776860538962
7100451968,13914032195,A15,AA015,Batticaloa - Tirikkondiadimadu - Trincomalee,trunk,False,60,2,Trincomalee-Batticaloa Road,15.886983471874762
7100451968,13914032183,A15,AA015,Batticaloa - Tirikkondiadimadu - Trincomalee,trunk,True,60,1,Trincomalee-Batticaloa Road,15.842376426825991
7100451968,1880414150,A15,AA015,Batticaloa - Tirikkondiadimadu - Trincomalee,trunk,False,60,2,Trincomalee-Batticaloa Road,7934.497086491602
7103753925,1667080259,A2,AA002,Colombo - Galle - Hambantota - Wellawaya,trunk,True,60,,Galle Road,1747.4666211926133
7103753926,60797607,A2,AA002,Colombo - Galle - Hambantota - Wellawaya,trunk,True,60,,Galle Road,12.668549953916413
7103760769,7103753925,A2,AA002,Colombo - Galle - Hambantota - Wellawaya,trunk,True,60,,Galle Road,11.866626076682426
7103763193,2231309667,A4,AA004,Colombo - Ratnapura - Wellawaya - Batticaloa,trunk,True,70,2,Pottuvil-Batticaloa Road,50.180481950224035
7103763194,3302140243,A4,AA004,Colombo - Ratnapura - Wellawaya - Batticaloa,trunk,True,70,2,Pottuvil-Batticaloa Road,282.8166631949636
7103763199,3302140240,A4,AA004,Colombo - Ratnapura - Wellawaya - Batticaloa,trunk,True,60,2,Pottuvil-Batticaloa Road,302.2148809200251
7103763200,3271092634,A4,AA004,Colombo - Ratnapura - Wellawaya - Batticaloa,trunk,True,70,2,Pottuvil-Batticaloa Road,942.0902614873365
7153699537,7081602426,A2,AA002,Colombo - Galle - Hambantota - Wellawaya,trunk,True,60,2,Galle Face Centre Road,730.2488924166898
7185588314,4139586563,A12,AA012,Puttalam - Trincomalee,trunk,True,60,,Puttalam Road,64.8957794313027
7185616200,13564859299,A12,AA012,Puttalam - Trincomalee,trunk,True,60,,Puttalam Road,131.31746281751754
7227878082,3088508758,A9,AA009,Kandy - Jaffna,trunk,True,60,"['4', '2']","['Katugastota Road', 'Katugastota Bridge']",2223.8347737667073
7262773169,6495594260,A4,AA004,Colombo - Ratnapura - Wellawaya - Batticaloa,trunk,True,60,2,New Kalmunai Road,1392.6548399739504
7262773170,1147030351,A4,AA004,Colombo - Ratnapura - Wellawaya - Batticaloa,trunk,True,60,2,New Kalmunai Road,93.90440286465055
7262802916,7262773169,A4,AA004,Colombo - Ratnapura - Wellawaya - Batticaloa,trunk,True,60,2,New Kalmunai Road,95.48232035959123
7291030424,651637344,A33,AA033,Ja-Ela - Ekala - Gampaha - Yakkala,trunk,False,60,2,Gampaha-Ja Ela Road,730.5555564818425
7291030424,4231244456,A33,AA033,Ja-Ela - Ekala - Gampaha - Yakkala,trunk,True,60,2,Gampaha-Ja Ela Road,1900.2834390240828
7409403107,4137198917,A14,AA014,Medawachchiya - Mannar - Talaimannar,trunk,True,70,,,54.67245018262208
7409403107,2568225710,A14,AA014,Medawachchiya - Mannar - Talaimannar,trunk,False,"['25', '60']",,Medawachchiya-Talaimannar Road,30186.73855779135
7599684152,1981147403,A9,AA009,Kandy - Jaffna,trunk,False,70,2,,8.159719420650056
7599684152,2731988210,A9,AA009,Kandy - Jaffna,trunk,True,"['70', '50']",2,Kandy-Jaffna Road,1302.1825430700785
7621971271,13083883262,A1,AA001,Colombo - Kandy,trunk,True,70,2,Colombo-Kandy Road,537.7721847060836
7621971279,7621986814,A1,AA001,Colombo - Kandy,trunk,True,70,2,Colombo-Kandy Road,1116.4184194938566
7621986814,7621986858,A1,AA001,Colombo - Kandy,trunk,True,70,2,Colombo-Kandy Road,676.6179082646652
7621986858,7621986929,A1,AA001,Colombo - Kandy,trunk,True,70,2,"['Colombo-Kandy Road', 'Galtota Oya Bridge', 'Attanagalu Oya Bridge']",2136.344051218873
7621986929,6721753073,A1,AA001,Colombo - Kandy,trunk,True,70,2,Colombo-Kandy Road,484.8926520348652
7625469738,618514963,A0,AA000,Kollupitiya - Sri Jayewardenepura,trunk,True,70,3,Sri Jayewardenepura Mawatha,648.3456599433264
7734473410,6495594239,A11,AA011,Maradankadawela - Habarana - Tirikkondiadimadu,trunk,True,50,2,Habarana-Polonnaruwa-Batticaloa Road,184.1657380721384
7765114184,562824290,A6,AA006,Ambepussa - Kurunegala - Trincomalee,trunk,True,70,2,Kurunegala-Dambulla Road,854.1209058931631
7765135906,562824120,A6,AA006,Ambepussa - Kurunegala - Trincomalee,trunk,False,70,2,Kurunegala-Dambulla Road,13003.767020487727
7765135906,12488644097,A6,AA006,Ambepussa - Kurunegala - Trincomalee,trunk,True,70,2,Kurunegala-Dambulla Road,459.8454635996207
7770372639,7770372644,A6,AA006,Ambepussa - Kurunegala - Trincomalee,trunk,True,70,2,Kurunegala-Dambulla Road,1443.0586115962838
7770372639,2093606919,A6,AA006,Ambepussa - Kurunegala - Trincomalee,trunk,False,70,2,Kurunegala-Dambulla Road,9618.028956462356
7770372644,562824290,A6,AA006,Ambepussa - Kurunegala - Trincomalee,trunk,False,70,2,Kurunegala-Dambulla Road,13764.04257624421
7770372644,7770372639,A6,AA006,Ambepussa - Kurunegala - Trincomalee,trunk,True,70,2,Kurunegala-Dambulla Road,1444.1858795063786
7786917078,7786924226,A1,AA001,Colombo - Kandy,trunk,True,60,2,Colombo-Kandy Road,2422.284185125705
7786924226,7786924237,A1,AA001,Colombo - Kandy,trunk,True,60,2,Colombo-Kandy Road,497.0976619432361
7786924237,7786924250,A1,AA001,Colombo - Kandy,trunk,True,60,2,Colombo-Kandy Road,984.545101573495
7786924250,7621971279,A1,AA001,Colombo - Kandy,trunk,True,70,2,Colombo-Kandy Road,535.5161144167372
7927504077,7927509189,A9,AA009,Kandy - Jaffna,trunk,True,70,2,Anuradhapura Road,290.60353284453095
7927504084,5302260404,A9,AA009,Kandy - Jaffna,trunk,False,"['60', '50']",,Anuradhapura Road,10401.01518740633
7927504084,7927504077,A9,AA009,Kandy - Jaffna,trunk,True,70,2,Anuradhapura Road,349.73971867498807
7927509189,1981147403,A9,AA009,Kandy - Jaffna,trunk,False,70,2,Anuradhapura Road,6742.264875877115
7927509189,566553126,A9,AA009,Kandy - Jaffna,trunk,True,70,2,Anuradhapura Road,293.22457813933306
8014319682,8014319683,A11,AA011,Maradankadawela - Habarana - Tirikkondiadimadu,trunk,False,60,,Maradankadawala-Habarana Road,9.406376905386974
8014319682,567011739,A9,AA009,Kandy - Jaffna,trunk,True,60,,Anuradhapura Road,402.94043906403004
8014319683,8014319682,A11,AA011,Maradankadawela - Habarana - Tirikkondiadimadu,trunk,False,60,,Maradankadawala-Habarana Road,9.406376905386974
8014319683,567011837,A11,AA011,Maradankadawela - Habarana - Tirikkondiadimadu,trunk,False,60,,Maradankadawala-Habarana Road,8699.668906474277
8014319683,8014344204,A9,AA009,Kandy - Jaffna,trunk,True,60,,Anuradhapura Road,145.1238923786828
8014344204,4914548524,A9,AA009,Kandy - Jaffna,trunk,False,60,,Anuradhapura Road,3852.0571406423883
8014344204,8014319682,A9,AA009,Kandy - Jaffna,trunk,True,60,,Anuradhapura Road,145.19362630962786
8032417732,1880627764,A12,AA012,Puttalam - Trincomalee,trunk,False,60,,Puttalam-Anuradhapura-Trincomalee Road,58.490796719561054
8032417732,8032417737,A12,AA012,Puttalam - Trincomalee,trunk,True,60,,Puttalam-Anuradhapura-Trincomalee Road,30.04848995947885
8032417733,2093935572,A12,AA012,Puttalam - Trincomalee,trunk,False,60,,Puttalam-Anuradhapura-Trincomalee Road,1255.116852844144
8032417733,8032417743,A12,AA012,Puttalam - Trincomalee,trunk,True,60,,Puttalam-Anuradhapura-Trincomalee Road,24.504763502455212
8032417734,1880627815,A9,AA009,Kandy - Jaffna,trunk,False,70,,Kandy-Jaffna Road,116.96011744196497
8032417734,8032417746,A9,AA009,Kandy - Jaffna,trunk,True,70,,Kandy-Jaffna Road,22.523127659707647
8032417735,8032417740,A9,AA009,Kandy - Jaffna,trunk,True,70,1,Kandy-Jaffna Road,21.98939984824004
8032417735,1880627813,A9,AA009,Kandy - Jaffna,trunk,False,70,2,Kandy-Jaffna Road,292.2509030953582
8032417737,8032417734,A9,AA009,Kandy - Jaffna,trunk,True,70,,Kandy-Jaffna Road,22.158068367238055
8032417737,8032417746,A9,AA009,Kandy - Jaffna,trunk,True,60,,Jaffna-Kandy Road,14.486472788716505
8032417740,8032417732,A12,AA012,Puttalam - Trincomalee,trunk,True,60,,Puttalam-Anuradhapura-Trincomalee Road,31.260814733115446
8032417740,8032417737,A9,AA009,Kandy - Jaffna,trunk,True,60,,Jaffna-Kandy Road,13.387532843753712
8032417743,8032417735,A9,AA009,Kandy - Jaffna,trunk,True,70,1,Kandy-Jaffna Road,22.62427877386855
8032417743,8032417740,A9,AA009,Kandy - Jaffna,trunk,True,60,,Jaffna-Kandy Road,11.116302304243465
8032417746,8032417733,A12,AA012,Puttalam - Trincomalee,trunk,True,60,,Puttalam-Anuradhapura-Trincomalee Road,24.272807732774336
8032417746,8032417743,A9,AA009,Kandy - Jaffna,trunk,True,60,,Jaffna-Kandy Road,10.922782169275681
8082580144,10130181954,A2,AA002,Colombo - Galle - Hambantota - Wellawaya,trunk,True,60,,Galle Road,18.813348410485723
8112505448,403899731,A3,AA003,Peliyagoda - Puttalam,trunk,True,60,2,Negombo Road,729.3403137688653
8169922827,2087260972,A7,AA007,Avissawella - Hatton - Nuwara Eliya,trunk,False,60,2,Yatiyantota Road,14.139150794278082
8169922827,191856851,A7,AA007,Avissawella - Hatton - Nuwara Eliya,trunk,False,60,2,Yatiyantota Road,868.0802294017783
8279646115,2638058705,A28,AA028,Padeniya - Anuradhapura,trunk,True,40,,Anuradhapura - Padeniya Road,31.34879414486237
8279649718,2638058811,A28,AA028,Padeniya - Anuradhapura,trunk,True,40,,Anuradhapura - Padeniya Road,36.45851506543307
8421010097,8421010098,A4,AA004,Colombo - Ratnapura - Wellawaya - Batticaloa,trunk,False,72,2,Colombo Road,15.907936858841964
8421010097,3090559903,A4,AA004,Colombo - Ratnapura - Wellawaya - Batticaloa,trunk,False,72,2,"['Colombo-Ratnapura Road', 'Kuru Ganga Bridge', 'Colombo Road']",15373.941235043832
8421010098,2149942832,A4,AA004,Colombo - Ratnapura - Wellawaya - Batticaloa,trunk,False,72,2,Colombo Road,3969.100227418431
8421010098,8421010097,A4,AA004,Colombo - Ratnapura - Wellawaya - Batticaloa,trunk,False,72,2,Colombo Road,15.907936858841964
8605932100,2382152045,A26,AA026,Kandy - Mahiyangana - Padiyatalawa,trunk,False,60,2,Anagarika Dharmapala Mawatha,8.882390245078657
8605932100,2078322240,A26,AA026,Kandy - Mahiyangana - Padiyatalawa,trunk,False,60,2,Anagarika Dharmapala Mawatha,19.886028940719036
8626940908,7042347623,A9,AA009,Kandy - Jaffna,trunk,False,70,2,Kandy - Jaffna Road,2891.4553423167595
8626940908,2152832499,A9,AA009,Kandy - Jaffna,trunk,True,70,"['1', '2']",Kandy - Jaffna Road,2717.817957006098
8703211017,47822231,A2,AA002,Colombo - Galle - Hambantota - Wellawaya,trunk,False,70,4,Matara Road,861.042435461083
8703211017,59947552,A2,AA002,Colombo - Galle - Hambantota - Wellawaya,trunk,False,70,4,Matara Road,546.3724385768845
8726439508,8726439509,A2,AA002,Colombo - Galle - Hambantota - Wellawaya,trunk,False,70,2,Matara-Hambantota Road,16.313949711699053
8726439508,1986887586,A2,AA002,Colombo - Galle - Hambantota - Wellawaya,trunk,False,70,2,Matara-Hambantota Road,4600.955298157052
8726439509,8726439508,A2,AA002,Colombo - Galle - Hambantota - Wellawaya,trunk,False,70,2,Matara-Hambantota Road,16.313949711699053
8736765754,10607575538,A5,AA005,Peradeniya - Badulla - Chenkaladi,trunk,False,60,2,Bandarawela Road,158.59931480993254
8736765754,2057045370,A5,AA005,Peradeniya - Badulla - Chenkaladi,trunk,False,60,2,Bandarawela Road,311.5980732435418
8770467948,4139420762,A6,AA006,Ambepussa - Kurunegala - Trincomalee,trunk,True,40,1,Kandy Road,39.12044646335557
8795417507,1401473103,A12,AA012,Puttalam - Trincomalee,trunk,True,60,,Jayanthi Mawatha,36.07207817155881
8795417512,4137359438,A13,AA013,Galkulama - Anuradhapura,trunk,True,70,,Bandaranaike Mawatha,53.54232355940736
8865864660,6509196189,A9,AA009,Kandy - Jaffna,trunk,True,60,,Katugastota Road,14.526399717591296
8865864661,7227878082,A9,AA009,Kandy - Jaffna,trunk,True,60,,Katugastota Road,6.250637844137022
8933799511,8933799512,A33,AA033,Ja-Ela - Ekala - Gampaha - Yakkala,trunk,True,50,2,Gampaha-Yakkala Road,77.40342820609266
8933799512,3592104628,A33,AA033,Ja-Ela - Ekala - Gampaha - Yakkala,trunk,True,60,1,Gampaha-Yakkala Road,42.909017931356104
8936981953,257926216,A1,AA001,Colombo - Kandy,trunk,True,60,2,Sri Dalada Veediya,131.86073142386482
8944102122,12564186527,A2,AA002,Colombo - Galle - Hambantota - Wellawaya,trunk,True,60,2,Galle Face Centre Road,200.80897837404808
9041600943,2837518594,A28,AA028,Padeniya - Anuradhapura,trunk,True,40,,Anuradhapura - Padeniya Road,30.055866085559597
9041600949,2837518575,A28,AA028,Padeniya - Anuradhapura,trunk,True,40,,Anuradhapura - Padeniya Road,34.704952459421335
9201280517,4004630079,A1,AA001,Colombo - Kandy,trunk,True,50,1,Sri Dalada Veediya,23.159159419091992
9322671515,1241527366,A11,AA011,Maradankadawela - Habarana - Tirikkondiadimadu,trunk,False,50,2,Habarana-Polonnaruwa-Batticaloa Road,41.53874159279151
9322671515,1241527372,A11,AA011,Maradankadawela - Habarana - Tirikkondiadimadu,trunk,False,50,2,Habarana-Polonnaruwa-Batticaloa Road,1686.4785045138483
9394230349,2279244474,A11,AA011,Maradankadawela - Habarana - Tirikkondiadimadu,trunk,True,50,2,Habarana-Polonnaruwa-Batticaloa Road,547.9949607039408
9394230350,9394230354,A11,AA011,Maradankadawela - Habarana - Tirikkondiadimadu,trunk,True,50,2,Habarana-Polonnaruwa-Batticaloa Road,1205.3437102253167
9394230354,1241527372,A11,AA011,Maradankadawela - Habarana - Tirikkondiadimadu,trunk,False,50,2,Habarana-Polonnaruwa-Batticaloa Road,644.7937383080226
9394230354,9429896951,A11,AA011,Maradankadawela - Habarana - Tirikkondiadimadu,trunk,True,50,2,Habarana-Polonnaruwa-Batticaloa Road,168.1917866683242
9394245013,9428150314,A15,AA015,Batticaloa - Tirikkondiadimadu - Trincomalee,trunk,False,60,2,Trincomalee-Batticaloa Road,22.245917692158162
9394245013,1685803214,A15,AA015,Batticaloa - Tirikkondiadimadu - Trincomalee,trunk,False,60,2,Trincomalee-Batticaloa Road,21.60735731641902
9407052257,3618872658,A1,AA001,Colombo - Kandy,trunk,True,60,2,Sirimavo Bandaranaike Mawatha (Peradeniya Road),18.69893697049803
9427844828,2079053659,A15,AA015,Batticaloa - Tirikkondiadimadu - Trincomalee,trunk,True,50,2,"['Koddamunai Bridge', 'Trincomalee Road']",128.67599718768597
9428150314,1880414150,A15,AA015,Batticaloa - Tirikkondiadimadu - Trincomalee,trunk,False,60,2,"['Trincomalee-Batticaloa Road', 'Kiliveddi Bridge']",9029.107218825176
9428150314,9394245013,A15,AA015,Batticaloa - Tirikkondiadimadu - Trincomalee,trunk,False,60,2,Trincomalee-Batticaloa Road,22.24591769215816
9429896951,9429896955,A11,AA011,Maradankadawela - Habarana - Tirikkondiadimadu,trunk,True,50,2,Habarana-Polonnaruwa-Batticaloa Road,53.02426066061398
9429896955,9394230349,A11,AA011,Maradankadawela - Habarana - Tirikkondiadimadu,trunk,True,50,2,Habarana-Polonnaruwa-Batticaloa Road,985.6842690990746
9468271507,3825207097,A2,AA002,Colombo - Galle - Hambantota - Wellawaya,trunk,True,60,2,Janadhipathi Mawatha,34.870608163072106
9513937129,3575249194,A6,AA006,Ambepussa - Kurunegala - Trincomalee,trunk,True,70,2,Ambepussa-Kurunegala Road,7.164286019084335
9513937130,9562328826,A6,AA006,Ambepussa - Kurunegala - Trincomalee,trunk,True,70,2,Ambepussa-Kurunegala Road,28.71150299955834
9513937134,9568699375,A10,AA010,Katugastota - Kurunegala - Puttalam,trunk,True,50,1,Kurunegala - Kandy Road,31.68890892675519
9513937134,617806916,A10,AA010,Katugastota - Kurunegala - Puttalam,trunk,False,50,4,Kurunegala - Kandy Road,89.83825020195857
9513937138,9568699375,A6,AA006,Ambepussa - Kurunegala - Trincomalee,trunk,True,70,2,Kurunegala-Dambulla Road,7.673415023986255
9513937138,9513937134,A10,AA010,Katugastota - Kurunegala - Puttalam,trunk,True,50,1,Kurunegala - Kandy Road,30.88416997199912
9562328822,9562328834,A6,AA006,Ambepussa - Kurunegala - Trincomalee,trunk,True,70,2,Ambepussa-Kurunegala Road,19.792977676639865
9562328826,3064600110,A6,AA006,Ambepussa - Kurunegala - Trincomalee,trunk,True,70,2,Ambepussa-Kurunegala Road,1396.8885712824424
9562328827,9513937129,A6,AA006,Ambepussa - Kurunegala - Trincomalee,trunk,True,70,2,Ambepussa-Kurunegala Road,28.543481326186885
9562328834,9513937130,A6,AA006,Ambepussa - Kurunegala - Trincomalee,trunk,True,70,2,Ambepussa-Kurunegala Road,7.482125797742875
9565952986,3822164769,A2,AA002,Colombo - Galle - Hambantota - Wellawaya,trunk,True,60,2,Galle Road,312.86715197507493
9565952987,618273393,A2,AA002,Colombo - Galle - Hambantota - Wellawaya,trunk,True,70,"['4', '2']",Galle Road,129.51132767441936
9567743870,9396246082,A15,AA015,Batticaloa - Tirikkondiadimadu - Trincomalee,trunk,True,60,1,Trincomalee Road,49.937526296979364
9567743870,1725061816,A15,AA015,Batticaloa - Tirikkondiadimadu - Trincomalee,trunk,False,60,2,Trincomalee Road,1601.1628089535639
9568699369,4548513547,A6,AA006,Ambepussa - Kurunegala - Trincomalee,trunk,True,70,2,Kurunegala-Dambulla Road,354.9932175750768
9568699375,4944055508,A10,AA010,Katugastota - Kurunegala - Puttalam,trunk,True,50,,Kurunegala - Puttalam Road,9.42717989488264
9568699375,5320836383,A6,AA006,Ambepussa - Kurunegala - Trincomalee,trunk,True,70,2,Ambepussa-Kurunegala Road,30.385783472902748
9572634367,3836856289,A26,AA026,Kandy - Mahiyangana - Padiyatalawa,trunk,True,60,1,Kandy-Mahiyanganaya-Padiyatalawa Road,2437.4349939199183
9572634367,10130033784,A26,AA026,Kandy - Mahiyangana - Padiyatalawa,trunk,False,60,,"['Kandy-Mahiyanganaya-Padiyatalawa Road', 'Ulhitiya Oya Bridge']",15330.114597076716
9577055310,9676457522,A4,AA004,Colombo - Ratnapura - Wellawaya - Batticaloa,trunk,False,50,,High Level Road,26.184169673512432
9577055310,9577055313,A4,AA004,Colombo - Ratnapura - Wellawaya - Batticaloa,trunk,False,50,,High Level Road,14.412129829960168
9577055313,9676457521,A4,AA004,Colombo - Ratnapura - Wellawaya - Batticaloa,trunk,False,50,,High Level Road,20.402268968281984
9577055313,9577055310,A4,AA004,Colombo - Ratnapura - Wellawaya - Batticaloa,trunk,False,50,,High Level Road,14.412129829960168
9628046175,6524681176,A0,AA000,Kollupitiya - Sri Jayewardenepura,trunk,True,50,3,Ananda Coomaraswamy Mawatha,34.0512190455878
9628046175,3164393649,A4,AA004,Colombo - Ratnapura - Wellawaya - Batticaloa,trunk,True,60,4,Sir Ernest de Silva Mawatha,124.01673037636658
9634869050,10130181953,A2,AA002,Colombo - Galle - Hambantota - Wellawaya,trunk,True,60,,Galle Road,78.63990692436535
9676457521,9577055313,A4,AA004,Colombo - Ratnapura - Wellawaya - Batticaloa,trunk,False,50,,High Level Road,20.402268968281984
9676457521,5565782276,A4,AA004,Colombo - Ratnapura - Wellawaya - Batticaloa,trunk,False,50,,High Level Road,95.82802240864834
9676457522,9577055310,A4,AA004,Colombo - Ratnapura - Wellawaya - Batticaloa,trunk,False,50,,High Level Road,26.184169673512432
9676457522,6006772899,A4,AA004,Colombo - Ratnapura - Wellawaya - Batticaloa,trunk,False,50,,High Level Road,380.5893659133328
9795422576,250131881,A2,AA002,Colombo - Galle - Hambantota - Wellawaya,trunk,True,"['40', '60']",2,"['Mahanama Bridge', 'New Tangalle Road', 'Anagarika Dharmapala Mawatha', 'Tangalle Road']",386.47662792908153
9924565830,13673393240,A4,AA004,Colombo - Ratnapura - Wellawaya - Batticaloa,trunk,True,50,3,Cumaratunga Munidasa Mawatha,219.1754509155677
9959089698,129615942,A4,AA004,Colombo - Ratnapura - Wellawaya - Batticaloa,trunk,False,50,4,High Level Road,24.78476408691185
9959089698,129615924,A4,AA004,Colombo - Ratnapura - Wellawaya - Batticaloa,trunk,False,50,4,High Level Road,565.3707484888826
10016226406,2001999485,A5,AA005,Peradeniya - Badulla - Chenkaladi,trunk,False,70,2,Badulla-Chenkaladi Road,23079.38142933055
10016226406,1783974992,A5,AA005,Peradeniya - Badulla - Chenkaladi,trunk,False,70,2,Badulla-Chenkaladi Road,36.96482880431259
10016226413,1783974992,A5,AA005,Peradeniya - Badulla - Chenkaladi,trunk,False,70,2,Badulla-Chenkaladi Road,8.741670621414244
10016226413,10016226414,A5,AA005,Peradeniya - Badulla - Chenkaladi,trunk,False,70,2,Badulla-Chenkaladi Road,17.57878337321784
10016226413,13431444639,A26,AA026,Kandy - Mahiyangana - Padiyatalawa,trunk,True,60,1,Kandy-Mahiyanganaya-Padiyatalawa Road,25.660071034241405
10016226414,2401185742,A5,AA005,Peradeniya - Badulla - Chenkaladi,trunk,False,70,2,Badulla-Chenkaladi Road,21250.99784831201
10016226414,10016226413,A5,AA005,Peradeniya - Badulla - Chenkaladi,trunk,False,70,2,Badulla-Chenkaladi Road,17.57878337321784
10065277052,10065277058,A26,AA026,Kandy - Mahiyangana - Padiyatalawa,trunk,False,60,,Kandy-Mahiyanganaya-Padiyatalawa Road,21.126461571888136
10065277052,2055564960,A26,AA026,Kandy - Mahiyangana - Padiyatalawa,trunk,False,60,,Kandy-Mahiyanganaya-Padiyatalawa Road,4850.028794737806
10065277058,1974698416,A26,AA026,Kandy - Mahiyangana - Padiyatalawa,trunk,False,60,,Kandy-Mahiyanganaya-Padiyatalawa Road,545.6729885071555
10065277058,10065277052,A26,AA026,Kandy - Mahiyangana - Padiyatalawa,trunk,False,60,,Kandy-Mahiyanganaya-Padiyatalawa Road,21.126461571888136
10130033784,9572634367,A26,AA026,Kandy - Mahiyangana - Padiyatalawa,trunk,False,60,,"['Kandy-Mahiyanganaya-Padiyatalawa Road', 'Ulhitiya Oya Bridge']",15330.11459707672
10130033784,1783942945,A26,AA026,Kandy - Mahiyangana - Padiyatalawa,trunk,False,60,,Kandy-Mahiyanganaya-Padiyatalawa Road,3326.9867898905018
10130181940,10130181950,A2,AA002,Colombo - Galle - Hambantota - Wellawaya,trunk,True,60,,Galle Road,722.7070220859607
10130181941,1822627568,A2,AA002,Colombo - Galle - Hambantota - Wellawaya,trunk,True,60,,Galle Road,722.7750171184147
10130181943,10130181940,A2,AA002,Colombo - Galle - Hambantota - Wellawaya,trunk,True,60,,Galle Road,719.3362190689467
10130181950,10130181952,A2,AA002,Colombo - Galle - Hambantota - Wellawaya,trunk,True,60,,Galle Road,403.40709505725533
10130181951,10130181941,A2,AA002,Colombo - Galle - Hambantota - Wellawaya,trunk,True,60,,Galle Road,721.9348610608154
10130181952,8082580144,A2,AA002,Colombo - Galle - Hambantota - Wellawaya,trunk,True,60,,Galle Road,79.17772174327223
10130181953,10130181951,A2,AA002,Colombo - Galle - Hambantota - Wellawaya,trunk,True,60,,Galle Road,402.84854078770127
10130181954,10130181979,A2,AA002,Colombo - Galle - Hambantota - Wellawaya,trunk,True,60,,Galle Road,212.07477929891434
10130181979,2083533106,A2,AA002,Colombo - Galle - Hambantota - Wellawaya,trunk,False,60,,"['Dummalamodara Bridge', 'Galle Road']",9506.284249499708
10130181979,50415206,A2,AA002,Colombo - Galle - Hambantota - Wellawaya,trunk,True,60,,Galle Road,210.78314326699103
10131009918,3147021776,A18,AA018,Pelmadulla - Embilipitiya - Nonagama,trunk,False,72,2,Embilipitiya-Nonagama Road,34.74975840333732
10131009918,3147058584,A18,AA018,Pelmadulla - Embilipitiya - Nonagama,trunk,False,72,2,Embilipitiya-Nonagama Road,178.29172396582942
10132667231,610955288,A2,AA002,Colombo - Galle - Hambantota - Wellawaya,trunk,False,70,2,Hambantota-Wellawaya Road,17.677736464247207
10132667231,2544591508,A2,AA002,Colombo - Galle - Hambantota - Wellawaya,trunk,False,70,2,Hambantota-Wellawaya Road,10759.972874243367
10166776387,2145042656,A16,AA016,Beragala - Hali-Ela,trunk,False,70,2,Badulla-Bandarawela Road,4862.206379938495
10166776387,2011981296,A16,AA016,Beragala - Hali-Ela,trunk,False,"['70', '50']",2,"['Bandarawela Road', 'Badulla-Bandarawela Road']",3638.1948239052394
10219043311,3964896717,A0,AA000,Kollupitiya - Sri Jayewardenepura,trunk,True,70,3,Dudley Senanayake Mawatha (Castle Street),607.0493343394483
10268955041,3556443375,A1,AA001,Colombo - Kandy,trunk,True,60,2,Sri Sangaraja Mawatha,33.42711785848851
10268958222,6258386252,A4,AA004,Colombo - Ratnapura - Wellawaya - Batticaloa,trunk,True,60,4,Kumaran Ratnam Road,16.55826734650785
10575124012,3365313019,A2,AA002,Colombo - Galle - Hambantota - Wellawaya,trunk,False,70,4,Matara Road,852.1762308761524
10575124012,11542234718,A2,AA002,Colombo - Galle - Hambantota - Wellawaya,trunk,True,70,2,Matara Road,114.19508261934094
10603977925,7085506299,A2,AA002,Colombo - Galle - Hambantota - Wellawaya,trunk,True,60,3,Galle Road,1092.0862780682126
10603977996,6388461497,A2,AA002,Colombo - Galle - Hambantota - Wellawaya,trunk,True,60,2,Galle Road,1908.712071702839
10603977997,10603977925,A2,AA002,Colombo - Galle - Hambantota - Wellawaya,trunk,True,60,"['3', '2']",Galle Road,1387.747216668146
10607575538,8736765754,A5,AA005,Peradeniya - Badulla - Chenkaladi,trunk,False,60,2,Bandarawela Road,158.59931480993254
10607575538,3884338673,A5,AA005,Peradeniya - Badulla - Chenkaladi,trunk,True,"['40', '50']","['1', '2']","['Lower Street', 'Bandarawela Road']",621.1766932850453
10682149765,10682149766,A0,AA000,Kollupitiya - Sri Jayewardenepura,trunk,True,60,2,Horton Place,6.812347439917892
10682149766,248608270,A0,AA000,Kollupitiya - Sri Jayewardenepura,trunk,True,60,2,Horton Place,20.77038189217402
10682149772,269202456,A0,AA000,Kollupitiya - Sri Jayewardenepura,trunk,True,60,2,Horton Place,247.56991328072328
10682149773,10682149772,A0,AA000,Kollupitiya - Sri Jayewardenepura,trunk,True,60,2,Horton Place,6.951897600320674
10771363400,258030081,A4,AA004,Colombo - Ratnapura - Wellawaya - Batticaloa,trunk,True,50,2,High Level Road,27.332167765919017
10771363401,12741337236,A4,AA004,Colombo - Ratnapura - Wellawaya - Batticaloa,trunk,True,50,2,High Level Road,795.8045839112087
11367587826,13671477050,A1,AA001,Colombo - Kandy,trunk,False,60,2,Sirimavo Bandaranaike Mawatha (Peradeniya Road),24.7357652498588
11367587826,4004621090,A1,AA001,Colombo - Kandy,trunk,False,60,2,Sirimavo Bandaranaike Mawatha (Peradeniya Road),7.0928514510752265
11542234718,11542234727,A2,AA002,Colombo - Galle - Hambantota - Wellawaya,trunk,True,70,2,Matara Road,357.4230740002206
11542234727,33389255,A2,AA002,Colombo - Galle - Hambantota - Wellawaya,trunk,False,70,4,Matara Road,2138.7679300489185
11542234727,1674509938,A2,AA002,Colombo - Galle - Hambantota - Wellawaya,trunk,True,70,2,Matara Road,355.1841367273434
11572133444,1401473006,A13,AA013,Galkulama - Anuradhapura,trunk,True,70,,Bandaranaike Mawatha,34.29020495850064
11572133444,12118609958,A13,AA013,Galkulama - Anuradhapura,trunk,False,70,,Bandaranaike Mawatha,278.88171473042496
11593705874,2833834360,A20,AA020,Anuradhapura - Rambewa,trunk,False,70,2,Jaffna Road,1026.5340213679794
11593705874,2833604877,A20,AA020,Anuradhapura - Rambewa,trunk,True,60,1,Jaffna Road,7057.658584063834
11715824035,1684534515,A25,AA025,Siyambalanduwa - Damana - Ampara,trunk,True,60,1,Siyambalanduwa-Damana-Ampara Road,8.123969638769971
11715824035,11715824054,A31,AA031,Karativu - Ampara,trunk,True,50,1,Karativu-Ampara Road,44.2557614933157
11715824039,11715824040,A25,AA025,Siyambalanduwa - Damana - Ampara,trunk,True,60,1,Siyambalanduwa-Damana-Ampara Road,17.97040913003796
11715824040,11715824035,A25,AA025,Siyambalanduwa - Damana - Ampara,trunk,True,60,1,Siyambalanduwa-Damana-Ampara Road,8.39836122867366
11715824040,13876145704,A31,AA031,Karativu - Ampara,trunk,True,50,1,Karativu-Ampara Road,33.87805297303205
11715824044,11715824064,A31,AA031,Karativu - Ampara,trunk,True,50,1,Karativu-Ampara Road,13.679399076770965
11715824051,1684534503,A31,AA031,Karativu - Ampara,trunk,True,50,1,Karativu-Ampara Road,145.47395446499405
11715824052,11715824059,A31,AA031,Karativu - Ampara,trunk,True,50,1,Karativu-Ampara Road,270.96124881919286
11715824054,1684534499,A31,AA031,Karativu - Ampara,trunk,False,70,2,Karativu-Ampara Road,638.5966318609512
11715824054,13876145712,A31,AA031,Karativu - Ampara,trunk,True,50,1,Karativu-Ampara Road,26.562541097158878
11715824059,11715824035,A31,AA031,Karativu - Ampara,trunk,True,50,1,Karativu-Ampara Road,166.8037880795633
11715824064,11715824052,A31,AA031,Karativu - Ampara,trunk,True,50,1,Karativu-Ampara Road,145.50068942546827
11715824066,11715824044,A31,AA031,Karativu - Ampara,trunk,True,50,1,Karativu-Ampara Road,141.80458476865857
11715848170,11715824066,A31,AA031,Karativu - Ampara,trunk,True,50,1,Karativu-Ampara Road,241.50564438153577
11743149450,1401473074,A13,AA013,Galkulama - Anuradhapura,trunk,True,70,,Bandaranaike Mawatha,21.47605481371192
11743149450,4137359438,A13,AA013,Galkulama - Anuradhapura,trunk,False,70,,Bandaranaike Mawatha,523.0422173566875
11765244590,1212770520,A8,AA008,Panadura - Nambapana - Ratnapura,trunk,False,70,2,Horana Road,9.122124580316804
11765244590,1446610177,A8,AA008,Panadura - Nambapana - Ratnapura,trunk,False,"['70', '50']",2,Horana Road,5316.135421980934
11765584301,7103763199,A4,AA004,Colombo - Ratnapura - Wellawaya - Batticaloa,trunk,True,60,2,Pottuvil-Batticaloa Road,942.0756883759493
12109482770,12109482771,A2,AA002,Colombo - Galle - Hambantota - Wellawaya,trunk,False,50,4,Galle Road,19.790343709477447
12109482770,50415165,A2,AA002,Colombo - Galle - Hambantota - Wellawaya,trunk,False,"['60', '50']",4,Galle Road,4154.12525690179
12109482771,2079240021,A2,AA002,Colombo - Galle - Hambantota - Wellawaya,trunk,False,50,4,Galle Road,49.7938656606064
12109482771,12109482770,A2,AA002,Colombo - Galle - Hambantota - Wellawaya,trunk,False,50,4,Galle Road,19.790343709477447
12118609956,1401472905,A13,AA013,Galkulama - Anuradhapura,trunk,True,70,,Bandaranaike Mawatha,33.276496310380104
12118609956,1401472808,A13,AA013,Galkulama - Anuradhapura,trunk,False,70,,Bandaranaike Mawatha,428.68687507088055
12118609958,1401472976,A13,AA013,Galkulama - Anuradhapura,trunk,True,70,,Bandaranaike Mawatha,42.59798377014991
12118609958,11572133444,A13,AA013,Galkulama - Anuradhapura,trunk,False,70,,Bandaranaike Mawatha,278.88171473042496
12119430734,2079053698,A15,AA015,Batticaloa - Tirikkondiadimadu - Trincomalee,trunk,False,40,2,Fort Road,328.170012478375
12126721593,7095171150,A2,AA002,Colombo - Galle - Hambantota - Wellawaya,trunk,True,70,2,Galle Road,1197.0319711386512
12126721597,12126721593,A2,AA002,Colombo - Galle - Hambantota - Wellawaya,trunk,True,"['70', '60']",2,"['Colombo Road', 'Galle Road']",14.334627200413433
12328410054,3594147916,A2,AA002,Colombo - Galle - Hambantota - Wellawaya,trunk,True,60,2,New Tangalle Road,114.09959485662935
12373680251,61802472,A1,AA001,Colombo - Kandy,trunk,True,60,3,Dr. Danister de Silva Mawatha,47.38540229991015
12488644096,7765114184,A6,AA006,Ambepussa - Kurunegala - Trincomalee,trunk,True,70,2,Kurunegala-Dambulla Road,511.51496095747706
12488644097,12488644096,A6,AA006,Ambepussa - Kurunegala - Trincomalee,trunk,True,70,2,Kurunegala-Dambulla Road,23.031000742771045
12509374263,2155580113,A3,AA003,Peliyagoda - Puttalam,trunk,True,60,2,Negombo Road,465.9857939671251
12620876473,13686682350,A3,AA003,Peliyagoda - Puttalam,trunk,False,70,2,Colombo-Puttalam Road,259.9574742984615
12620876473,1731470195,A3,AA003,Peliyagoda - Puttalam,trunk,False,70,2,Colombo-Puttalam Road,5452.681835692102
12625589425,5212490345,A24,AA024,Matara - Akuressa,trunk,True,"['70', '50']",2,Akuressa Road,1902.592893297175
12625589426,2568176862,A24,AA024,Matara - Akuressa,trunk,True,"['60', '50']",2,Akuressa Road,613.3274491102701
12741337236,7037743601,A4,AA004,Colombo - Ratnapura - Wellawaya - Batticaloa,trunk,True,50,2,High Level Road,18.181222556187365
12761661746,12761661750,A31,AA031,Karativu - Ampara,trunk,True,50,1,Karativu-Ampara Road,99.92083055442885
12761661748,1792802798,A31,AA031,Karativu - Ampara,trunk,True,50,1,Karativu-Ampara Road,34.24832513225139
12761661750,2902881148,A31,AA031,Karativu - Ampara,trunk,False,70,2,Karativu-Ampara Road,1547.058744432701
12761661750,12761661737,A31,AA031,Karativu - Ampara,trunk,True,50,1,Karativu-Ampara Road,100.09221964763402
12815082884,12815082888,A28,AA028,Padeniya - Anuradhapura,trunk,True,40,2,,1.8280942386760206
12815082885,12815082884,A28,AA028,Padeniya - Anuradhapura,trunk,True,40,2,,12.833283801037291
12815082885,2840975747,A28,AA028,Padeniya - Anuradhapura,trunk,True,40,,Anuradhapura - Padeniya Road,37.28612592649493
12815082886,2840975728,A28,AA028,Padeniya - Anuradhapura,trunk,True,40,,Anuradhapura - Padeniya Road,34.31195440470186
12815082886,12815082889,A28,AA028,Padeniya - Anuradhapura,trunk,True,40,2,,12.983902156684042
12815082887,12815082886,A28,AA028,Padeniya - Anuradhapura,trunk,True,40,2,,2.4465142885499933
12815082888,12815082887,A28,AA028,Padeniya - Anuradhapura,trunk,True,40,2,,16.894673730271357
12815082889,4406211219,A28,AA028,Padeniya - Anuradhapura,trunk,True,40,2,,2.7795620559088206
12815082893,12815082885,A28,AA028,Padeniya - Anuradhapura,trunk,True,40,2,,2.192955425838911
13055938742,1744448774,A2,AA002,Colombo - Galle - Hambantota - Wellawaya,trunk,False,70,2,Hambantota-Wellawaya Road,18.427190930241963
13055938742,610970078,A2,AA002,Colombo - Galle - Hambantota - Wellawaya,trunk,False,70,2,Hambantota-Wellawaya Road,22.520256794110413
13083883262,3737231765,A1,AA001,Colombo - Kandy,trunk,True,70,2,Colombo-Kandy Road,984.5932031459212
13367298677,13367298678,A24,AA024,Matara - Akuressa,trunk,True,60,,Matara-Akuressa Road,70.3101263926849
13367298678,13367298684,A24,AA024,Matara - Akuressa,trunk,True,60,,Matara-Akuressa Road,82.87096676917724
13367298684,3621305202,A24,AA024,Matara - Akuressa,trunk,True,60,,Matara-Akuressa Road,225.3883206149087
13367298684,2722759262,A24,AA024,Matara - Akuressa,trunk,False,60,2,Matara-Akuressa Road,2145.706077139927
13399644563,1429213459,A0,AA000,Kollupitiya - Sri Jayewardenepura,trunk,True,70,2,Sri Jayewardenepura Mawatha,29.13050050954966
13425538963,678334696,A4,AA004,Colombo - Ratnapura - Wellawaya - Batticaloa,trunk,True,50,,Sri Sambuddhatwa Jayanthi Mawatha (Havelock Road),21.275119520106767
13431444639,3836856289,A26,AA026,Kandy - Mahiyangana - Padiyatalawa,trunk,True,60,1,Kandy-Mahiyanganaya-Padiyatalawa Road,16.77394975542974
13431444645,1783974992,A26,AA026,Kandy - Mahiyangana - Padiyatalawa,trunk,True,60,1,Kandy-Mahiyanganaya-Padiyatalawa Road,21.43643613626764
13564710647,2837518594,A28,AA028,Padeniya - Anuradhapura,trunk,False,"['70', '50']",,"['Anuradhapura - Padeniya Road', 'Padeniya-Anuradhapura Road']",10335.336395074786
13564710647,4137349478,A28,AA028,Padeniya - Anuradhapura,trunk,True,,,Padeniya-Anuradhapura Road,29.477258972502582
13564710682,4137349482,A12,AA012,Puttalam - Trincomalee,trunk,True,,,Puttalam Road,28.737826211825396
13564710682,13564859299,A12,AA012,Puttalam - Trincomalee,trunk,False,60,,Puttalam Road,2191.5899686760945
13564859299,1401456461,A12,AA012,Puttalam - Trincomalee,trunk,True,,,Puttalam Road,299.69375832810533
13564859299,13564710682,A12,AA012,Puttalam - Trincomalee,trunk,False,60,,Puttalam Road,2191.589968676094
13567087001,1401473103,A12,AA012,Puttalam - Trincomalee,trunk,False,60,,Jayanthi Mawatha,1414.1302862902892
13567087001,13567087012,A12,AA012,Puttalam - Trincomalee,trunk,True,,,Jayanthi Mawatha,67.56063246695862
13567087010,4137359440,A12,AA012,Puttalam - Trincomalee,trunk,True,,,Jayanthi Mawatha,42.654731704758085
13567087012,13567087034,A12,AA012,Puttalam - Trincomalee,trunk,True,,,Jayanthi Mawatha,17.435685693470823
13567087026,5364431661,A12,AA012,Puttalam - Trincomalee,trunk,True,,,Jayanthi Mawatha,192.44490100221188
13567087027,13567087026,A12,AA012,Puttalam - Trincomalee,trunk,True,,,Jayanthi Mawatha,16.678148326530124
13567087034,13567087027,A12,AA012,Puttalam - Trincomalee,trunk,True,,,Jayanthi Mawatha,6.768735561483118
13572508097,6291947089,A12,AA012,Puttalam - Trincomalee,trunk,True,60,,Jayanthi Mawatha,6.564197160970084
13577179092,13577179096,A20,AA020,Anuradhapura - Rambewa,trunk,True,60,1,Jaffna Road,17.036024489237928
13577179096,2833834360,A20,AA020,Anuradhapura - Rambewa,trunk,True,60,1,Jaffna Road,35.05754211050945
13615512124,6324979463,A1,AA001,Colombo - Kandy,trunk,False,60,2,"['Sirimavo Bandaranaike Mawatha (Peradeniya Road)', 'Sri Dalada Veediya']",127.57840426376052
13615512124,4004621090,A1,AA001,Colombo - Kandy,trunk,False,60,2,Sirimavo Bandaranaike Mawatha (Peradeniya Road),20.416929603160348
13625281401,1855322535,A5,AA005,Peradeniya - Badulla - Chenkaladi,trunk,False,50,2,"['Penideniya Bridge', 'Penideniya Road']",254.60154747268854
13625281401,2078331482,A5,AA005,Peradeniya - Badulla - Chenkaladi,trunk,False,50,2,Penideniya Road,259.4040552487882
13625464816,2910325921,A1,AA001,Colombo - Kandy,trunk,False,60,2,Colombo Road,309.3342379223255
13625464816,7094700078,A1,AA001,Colombo - Kandy,trunk,False,60,2,Colombo Road,382.02804555463683
13656692423,669217870,A2,AA002,Colombo - Galle - Hambantota - Wellawaya,trunk,True,60,2,Janadhipathi Mawatha,348.32214138769046
13662447481,4784496254,A1,AA001,Colombo - Kandy,trunk,True,60,2,Colombo-Kandy Road,74.15999137480668
13662447481,4784496273,A1,AA001,Colombo - Kandy,trunk,False,60,,Colombo-Kandy Road,67.90894321950636
13663348779,4785724017,A1,AA001,Colombo - Kandy,trunk,True,70,2,Colombo-Kandy Road,7.387619403660602
13671477050,11367587826,A1,AA001,Colombo - Kandy,trunk,False,60,2,Sirimavo Bandaranaike Mawatha (Peradeniya Road),24.7357652498588
13671477050,3983328377,A1,AA001,Colombo - Kandy,trunk,False,60,2,Sirimavo Bandaranaike Mawatha (Peradeniya Road),3862.9603245763997
13673393240,13673393243,A4,AA004,Colombo - Ratnapura - Wellawaya - Batticaloa,trunk,True,50,3,Cumaratunga Munidasa Mawatha,25.152512794989068
13673393243,191816795,A4,AA004,Colombo - Ratnapura - Wellawaya - Batticaloa,trunk,True,50,3,Cumaratunga Munidasa Mawatha,69.55243521664909
13676334893,3422963193,A26,AA026,Kandy - Mahiyangana - Padiyatalawa,trunk,False,60,2,Anagarika Dharmapala Mawatha,19.54804986943897
13676334893,2078322240,A26,AA026,Kandy - Mahiyangana - Padiyatalawa,trunk,False,60,2,Anagarika Dharmapala Mawatha,462.6323708625575
13684572987,6276892160,A3,AA003,Peliyagoda - Puttalam,trunk,True,60,2,Negombo Road,4.9253544027245315
13684572988,620529017,A3,AA003,Peliyagoda - Puttalam,trunk,True,60,2,Negombo Road,595.6521751154207
13686682347,13686682350,A3,AA003,Peliyagoda - Puttalam,trunk,False,50,1,Colombo-Puttalam Road,26.34757644181997
13686682350,12620876473,A3,AA003,Peliyagoda - Puttalam,trunk,False,70,2,Colombo-Puttalam Road,259.95747429846153
13686682350,13686682367,A3,AA003,Peliyagoda - Puttalam,trunk,False,50,1,Colombo-Puttalam Road,30.043645181096423
13686682350,13686682347,A3,AA003,Peliyagoda - Puttalam,trunk,False,50,1,Colombo-Puttalam Road,26.347576441819974
13686682355,618604210,A10,AA010,Katugastota - Kurunegala - Puttalam,trunk,True,50,1,Katugastota-Puttalam Road,26.559440455489558
13686682358,618604210,A10,AA010,Katugastota - Kurunegala - Puttalam,trunk,True,50,1,Katugastota-Puttalam Road,27.041165332510722
13686682367,13686682350,A3,AA003,Peliyagoda - Puttalam,trunk,False,50,1,Colombo-Puttalam Road,30.043645181096416
13689191650,1744448774,A2,AA002,Colombo - Galle - Hambantota - Wellawaya,trunk,False,70,2,Hambantota-Wellawaya Road,4907.2814452201565
13689191650,3674901134,A2,AA002,Colombo - Galle - Hambantota - Wellawaya,trunk,False,70,2,Hambantota-Wellawaya Road,7222.095684470749
13695573497,6272317584,A2,AA002,Colombo - Galle - Hambantota - Wellawaya,trunk,True,60,,Matara Road,41.34846634446068
13695573498,3279700855,A2,AA002,Colombo - Galle - Hambantota - Wellawaya,trunk,True,60,,Matara Road,15.694925419088268
13698912417,1636603514,A17,AA017,Galle - Deniyaya - Madampe,trunk,True,70,2,Akuressa Road,46.26335201466516
13698912444,13698912445,A17,AA017,Galle - Deniyaya - Madampe,trunk,True,70,2,Akuressa Road,22.119631886686133
13698912445,6492867599,A17,AA017,Galle - Deniyaya - Madampe,trunk,True,70,2,Akuressa Road,13.122292858571786
13698912446,6492867585,A17,AA017,Galle - Deniyaya - Madampe,trunk,True,70,2,Akuressa Road,21.711828558191616
13700965134,6509727157,A10,AA010,Katugastota - Kurunegala - Puttalam,trunk,False,60,,Katugastota-Kurunegala-Puttalam Road,5106.431259973714
13700965134,1976110894,A10,AA010,Katugastota - Kurunegala - Puttalam,trunk,False,60,,Katugastota-Kurunegala-Puttalam Road,3631.4691096342203
13709350352,1745895523,A2,AA002,Colombo - Galle - Hambantota - Wellawaya,trunk,False,70,2,Tangalle Road,27.23694024683934
13709350352,33389417,A2,AA002,Colombo - Galle - Hambantota - Wellawaya,trunk,False,70,2,Tangalle Road,147.13699273102299
13739751298,44265234,A4,AA004,Colombo - Ratnapura - Wellawaya - Batticaloa,trunk,False,70,2,Wellawaya-Pottuvil Road,7.393315541458427
13739751298,603240642,A4,AA004,Colombo - Ratnapura - Wellawaya - Batticaloa,trunk,False,70,2,Wellawaya-Pottuvil Road,234.58471272532043
13740014575,6495621994,A4,AA004,Colombo - Ratnapura - Wellawaya - Batticaloa,trunk,True,60,2,New Kalmunai Road,1039.0952295029554
13740014576,6685420675,A4,AA004,Colombo - Ratnapura - Wellawaya - Batticaloa,trunk,True,60,2,Kalmunai Road,538.4394075897626
13743364556,4212767857,A15,AA015,Batticaloa - Tirikkondiadimadu - Trincomalee,trunk,False,50,2,Trincomalee Road,18.736145441507475
13743364556,1807810047,A5,AA005,Peradeniya - Badulla - Chenkaladi,trunk,True,60,1,Badulla-Chenkaladi Road,46.97131756564065
13743364556,1675667180,A15,AA015,Batticaloa - Tirikkondiadimadu - Trincomalee,trunk,False,"['60', '50']",2,Trincomalee Road,11616.835529349126
13749558417,1886079221,A20,AA020,Anuradhapura - Rambewa,trunk,True,60,1,Jaffna Road,39.1871699321335
13749558419,13749558430,A9,AA009,Kandy - Jaffna,trunk,False,70,,Kandy-Jaffna Road,25.058029212515386
13749558419,2093935800,A9,AA009,Kandy - Jaffna,trunk,False,70,,Kandy-Jaffna Road,1627.7504704924556
13749558428,1886079226,A20,AA020,Anuradhapura - Rambewa,trunk,True,60,1,Jaffna Road,20.900031602861862
13749558430,1886079221,A9,AA009,Kandy - Jaffna,trunk,False,70,,Kandy-Jaffna Road,23.032291752149572
13749558430,13749558419,A9,AA009,Kandy - Jaffna,trunk,False,70,,Kandy-Jaffna Road,25.058029212515386
13749558430,13749558428,A20,AA020,Anuradhapura - Rambewa,trunk,True,60,1,Jaffna Road,25.078239330145976
13811688265,617968149,A1,AA001,Colombo - Kandy,trunk,False,70,2,Colombo-Kandy Road,4352.451240173629
13811688265,13811688268,A1,AA001,Colombo - Kandy,trunk,False,70,2,Colombo-Kandy Road,22.614237806574444
13811688268,13811688265,A1,AA001,Colombo - Kandy,trunk,False,70,2,Colombo-Kandy Road,22.614237806574444
13811688268,1980566518,A1,AA001,Colombo - Kandy,trunk,False,70,2,Colombo-Kandy Road,5541.768201578903
13850088952,4973240985,A16,AA016,Beragala - Hali-Ela,trunk,True,60,1,Main Street,23.014983579754514
13872342556,1945644699,A5,AA005,Peradeniya - Badulla - Chenkaladi,trunk,False,70,2,Badulla-Chenkaladi Road,16.862810462038738
13872342556,1945605121,A5,AA005,Peradeniya - Badulla - Chenkaladi,trunk,False,70,2,Badulla-Passara Road,3340.4830886754985
13876145704,1684534472,A31,AA031,Karativu - Ampara,trunk,True,50,1,Karativu-Ampara Road,126.53202042942713
13876145708,1684534497,A25,AA025,Siyambalanduwa - Damana - Ampara,trunk,True,60,1,Siyambalanduwa-Damana-Ampara Road,14.235133495177543
13876145712,1684534515,A31,AA031,Karativu - Ampara,trunk,True,50,1,Karativu-Ampara Road,15.321586200326093
13901998344,1685409092,A25,AA025,Siyambalanduwa - Damana - Ampara,trunk,False,60,2,Siyambalanduwa-Damana-Ampara Road,1643.1027651222407
13901998344,1979513536,A25,AA025,Siyambalanduwa - Damana - Ampara,trunk,False,60,2,Siyambalanduwa-Damana-Ampara Road,3349.511587606125
13907822736,3899387299,A15,AA015,Batticaloa - Tirikkondiadimadu - Trincomalee,trunk,False,60,2,Trincomalee Road,42.62103533011346
13914032183,1685802576,A15,AA015,Batticaloa - Tirikkondiadimadu - Trincomalee,trunk,True,60,1,Trincomalee-Batticaloa Road,16.735090308182247
13914032191,13914032195,A15,AA015,Batticaloa - Tirikkondiadimadu - Trincomalee,trunk,True,60,1,Trincomalee-Batticaloa Road,14.038436187626475
13914032195,7100451968,A15,AA015,Batticaloa - Tirikkondiadimadu - Trincomalee,trunk,False,60,2,Trincomalee-Batticaloa Road,15.886983471874762
13929460693,1242795099,A6,AA006,Ambepussa - Kurunegala - Trincomalee,trunk,True,40,1,Inner Harbour Road,22.308161244873386
13929460695,4139440649,A6,AA006,Ambepussa - Kurunegala - Trincomalee,trunk,True,40,1,Kandy Road,32.04854700412966
13942702875,7071757658,A6,AA006,Ambepussa - Kurunegala - Trincomalee,trunk,False,70,2,Kandy Road,15226.41215938263
