u,v,matched_ref,route_no,road_name,highway,oneway,maxspeed,lanes,name,segment_length_m
33389341,250131773,A2,AA002,Colombo - Galle - Hambantota - Wellawaya,trunk,False,70,2,Tangalle Road,431.2512243866413
33389341,33389417,A2,AA002,Colombo - Galle - Hambantota - Wellawaya,trunk,False,70,2,Tangalle Road,2950.973138555022
33389417,13709350352,A2,AA002,Colombo - Galle - Hambantota - Wellawaya,trunk,False,70,2,Tangalle Road,147.13699273102299
33389417,33389341,A2,AA002,Colombo - Galle - Hambantota - Wellawaya,trunk,False,70,2,Tangalle Road,2950.973138555024
33389466,1750306782,A2,AA002,Colombo - Galle - Hambantota - Wellawaya,trunk,False,70,2,Tangalle Road,3009.2328429374757
33389466,250131591,A2,AA002,Colombo - Galle - Hambantota - Wellawaya,trunk,False,70,2,Tangalle Road,4824.890602888663
35436490,258029156,A1,AA001,Colombo - Kandy,trunk,False,60,2,Colombo Road,192.31415942434043
35436490,7094700078,A1,AA001,Colombo - Kandy,trunk,False,60,2,Colombo Road,18.0977895661637
44265232,610955288,A2,AA002,Colombo - Galle - Hambantota - Wellawaya,trunk,False,70,2,"['Hambantota-Wellawaya Road', 'Tissa Road', 'Kuda Oya Bridge']",34342.35005420332
44265232,44265234,A2,AA002,Colombo - Galle - Hambantota - Wellawaya,trunk,False,70,2,Tissa Road,428.26964759668834
44265234,1135398600,A4,AA004,Colombo - Ratnapura - Wellawaya - Batticaloa,trunk,False,70,2,Wellawaya-Pottuvil Road,555.8492928618789
44265234,44265232,A2,AA002,Colombo - Galle - Hambantota - Wellawaya,trunk,False,70,2,Tissa Road,428.26964759668834
44265234,603240642,A4,AA004,Colombo - Ratnapura - Wellawaya - Batticaloa,trunk,False,70,2,Wellawaya-Pottuvil Road,241.97802826677886
44534497,138713209,A2,AA002,Colombo - Galle - Hambantota - Wellawaya,trunk,True,60,2,Main Street,36.209397655338385
44534497,44534546,A2,AA002,Colombo - Galle - Hambantota - Wellawaya,trunk,False,60,4,Main Street,30.402935461902736
44534546,44534497,A2,AA002,Colombo - Galle - Hambantota - Wellawaya,trunk,False,60,4,Main Street,30.402935461902732
47822231,8703211017,A2,AA002,Colombo - Galle - Hambantota - Wellawaya,trunk,False,70,4,Matara Road,861.0424354610827
47822231,47824936,A2,AA002,Colombo - Galle - Hambantota - Wellawaya,trunk,False,70,4,Matara Road,111.43194604167623
47824936,47822231,A2,AA002,Colombo - Galle - Hambantota - Wellawaya,trunk,False,70,4,Matara Road,111.43194604167624
49364006,49364356,A23,AA023,Wellawaya - Ella - Kumbalwela,trunk,False,60,2,Wellawaya-Ella-Kumbalwela Road,2805.211052211549
49364006,6658588595,A23,AA023,Wellawaya - Ella - Kumbalwela,trunk,False,60,2,Wellawaya-Ella-Kumbalwela Road,364.4161851258657
49364356,49364006,A23,AA023,Wellawaya - Ella - Kumbalwela,trunk,False,60,2,Wellawaya-Ella-Kumbalwela Road,2805.211052211549
49364356,77512695,A16,AA016,Beragala - Hali-Ela,trunk,False,70,2,Badulla-Bandarawela Road,2283.3246660648438
49364356,2145042656,A16,AA016,Beragala - Hali-Ela,trunk,False,70,2,Badulla-Bandarawela Road,4930.730258955189
49368092,2078611991,A5,AA005,Peradeniya - Badulla - Chenkaladi,trunk,False,60,2,Nuwara Eliya-Badulla Road,6026.814144400998
49368092,3682574805,A5,AA005,Peradeniya - Badulla - Chenkaladi,trunk,False,60,2,Nuwara Eliya-Badulla Road,7809.767367089599
49368243,1147075948,A5,AA005,Peradeniya - Badulla - Chenkaladi,trunk,False,60,2,Nuwara Eliya-Badulla Road,13724.341341810417
49368243,2026114937,A5,AA005,Peradeniya - Badulla - Chenkaladi,trunk,False,60,2,Nuwara Eliya-Badulla Road,351.41776503154233
49371992,77682693,A5,AA005,Peradeniya - Badulla - Chenkaladi,trunk,False,50,2,Queen Elizabeth Drive,608.455498087745
49371992,3584750699,A5,AA005,Peradeniya - Badulla - Chenkaladi,trunk,False,60,2,Kandy Road,552.0827390859297
49378902,3217407684,A5,AA005,Peradeniya - Badulla - Chenkaladi,trunk,False,60,2,Nuwara Eliya Road,1393.4015711438212
49378902,1834922625,A5,AA005,Peradeniya - Badulla - Chenkaladi,trunk,False,60,2,Nuwara Eliya Road,12237.541873641989
50366409,617823296,A1,AA001,Colombo - Kandy,trunk,False,70,2,Colombo-Kandy Road,4160.765647352335
50366409,324965926,A1,AA001,Colombo - Kandy,trunk,False,70,2,Colombo-Kandy Road,335.9360775890669
50366409,324965995,A1,AA001,Colombo - Kandy,trunk,False,70,2,Colombo-Kandy Road,330.9629780008951
50415021,665685894,A2,AA002,Colombo - Galle - Hambantota - Wellawaya,trunk,True,50,2,Galle Road,196.87949808937424
50415165,12109482770,A2,AA002,Colombo - Galle - Hambantota - Wellawaya,trunk,False,"['60', '50']",4,Galle Road,4154.12525690179
50415165,1138325237,A2,AA002,Colombo - Galle - Hambantota - Wellawaya,trunk,False,60,,Galle Road,2352.628101421247
50415206,9634869050,A2,AA002,Colombo - Galle - Hambantota - Wellawaya,trunk,True,60,,Galle Road,19.60995242044626
50422936,2361900649,A2,AA002,Colombo - Galle - Hambantota - Wellawaya,trunk,True,60,3,Galle Road,282.72137840280834
59947552,6492867596,A17,AA017,Galle - Deniyaya - Madampe,trunk,False,70,2,Akuressa Road,1304.4375188705828
59947552,8703211017,A2,AA002,Colombo - Galle - Hambantota - Wellawaya,trunk,False,70,4,Matara Road,546.3724385768845
59947552,309913698,A2,AA002,Colombo - Galle - Hambantota - Wellawaya,trunk,False,70,4,Matara Road,188.50371828543953
60797056,60797372,A2,AA002,Colombo - Galle - Hambantota - Wellawaya,trunk,True,50,2,Galle Road,144.1291780472259
60797372,60797439,A2,AA002,Colombo - Galle - Hambantota - Wellawaya,trunk,True,"['50', '60']",2,Galle Road,1528.1868458886988
60797439,10603977997,A2,AA002,Colombo - Galle - Hambantota - Wellawaya,trunk,True,60,2,Galle Road,1906.126514105971
60797607,1138325237,A2,AA002,Colombo - Galle - Hambantota - Wellawaya,trunk,True,60,,Galle Road,199.3106675861649
60797926,3090460074,A2,AA002,Colombo - Galle - Hambantota - Wellawaya,trunk,False,"['50', '70']",2,Galle Road,6489.666165726135
60797926,1781355217,A2,AA002,Colombo - Galle - Hambantota - Wellawaya,trunk,False,70,"['4', '2']",Galle Road,1673.359310340018
60798009,7085495071,A2,AA002,Colombo - Galle - Hambantota - Wellawaya,trunk,True,60,3,Galle Road,1092.565359681876
61802472,1431441533,A1,AA001,Colombo - Kandy,trunk,True,60,3,"['Baseline Road', 'Dr. Danister de Silva Mawatha']",634.05652534005
61802550,253022456,A1,AA001,Colombo - Kandy,trunk,True,60,3,New Kelani Bridge Road,36.45854002437077
77368738,3379676395,A2,AA002,Colombo - Galle - Hambantota - Wellawaya,trunk,True,60,2,Colombo Road,44.060571699630074
77379011,1340667695,A2,AA002,Colombo - Galle - Hambantota - Wellawaya,trunk,False,70,4,Matara-Hambantota Road,11499.342150467854
77379011,3960868163,A2,AA002,Colombo - Galle - Hambantota - Wellawaya,trunk,False,70,4,Matara-Hambantota Road,19.925510212326756
77379074,3960797189,A2,AA002,Colombo - Galle - Hambantota - Wellawaya,trunk,True,70,2,Matara-Hambantota Road,15.27669336906111
77379074,3960868163,A2,AA002,Colombo - Galle - Hambantota - Wellawaya,trunk,False,70,4,Matara-Hambantota Road,496.9723444852068
77381284,4365280299,A16,AA016,Beragala - Hali-Ela,trunk,True,40,1,Beragala-Hali-Ela Road,28.69666258752661
77381284,2026106458,A16,AA016,Beragala - Hali-Ela,trunk,False,60,2,Beragala-Hali-Ela Road,155.92811919812365
77512695,49364356,A16,AA016,Beragala - Hali-Ela,trunk,False,70,2,Badulla-Bandarawela Road,2283.3246660648447
77512695,5018474141,A16,AA016,Beragala - Hali-Ela,trunk,True,70,1,Badulla-Bandarawela Road,126.78346274702972
77682693,2035811429,A5,AA005,Peradeniya - Badulla - Chenkaladi,trunk,False,50,2,Queen Elizabeth Drive,202.26184497315472
77682693,49371992,A5,AA005,Peradeniya - Badulla - Chenkaladi,trunk,False,50,2,Queen Elizabeth Drive,608.4554980877447
77684317,3390636008,A5,AA005,Peradeniya - Badulla - Chenkaladi,trunk,False,60,2,Badulla Road,138.27039407974019
77684317,3390634865,A5,AA005,Peradeniya - Badulla - Chenkaladi,trunk,False,60,2,Badulla Road,210.6446165839642
77844809,5018474141,A16,AA016,Beragala - Hali-Ela,trunk,False,70,2,Badulla-Bandarawela Road,5444.360603624775
91030247,7153699537,A2,AA002,Colombo - Galle - Hambantota - Wellawaya,trunk,True,60,2,Galle Face Centre Road,202.43382226570338
98554099,98554144,A17,AA017,Galle - Deniyaya - Madampe,trunk,False,70,2,Deniyaya Road,2551.310207965684
98554099,2434214580,A17,AA017,Galle - Deniyaya - Madampe,trunk,False,70,2,"['Deniyaya Road', 'Akuressa Road']",9773.785967478303
98554144,98554769,A17,AA017,Galle - Deniyaya - Madampe,trunk,False,70,2,"['Deniyaya Road', 'Akuressa Road']",12228.575767434484
98554144,98554099,A17,AA017,Galle - Deniyaya - Madampe,trunk,False,70,2,Deniyaya Road,2551.3102079656837
98554769,2164965693,A17,AA017,Galle - Deniyaya - Madampe,trunk,False,70,2,Deniyaya Road,99.23555392430535
98554769,98554144,A17,AA017,Galle - Deniyaya - Madampe,trunk,False,70,2,"['Deniyaya Road', 'Akuressa Road']",12228.57576743448
98554769,1231840453,A24,AA024,Matara - Akuressa,trunk,False,"['72', '70']",2,"['Matara-Akuressa Road', 'Matara Road']",9075.628777470327
102737773,102737884,A2,AA002,Colombo - Galle - Hambantota - Wellawaya,trunk,False,70,2,Matara-Hambantota Road,50.55579977530333
102737773,3256396052,A2,AA002,Colombo - Galle - Hambantota - Wellawaya,trunk,False,70,2,Matara-Hambantota Road,39.88064403954145
102737846,1841475983,A2,AA002,Colombo - Galle - Hambantota - Wellawaya,trunk,False,70,2,Matara-Hambantota Road,747.4759236683827
102737846,102737884,A2,AA002,Colombo - Galle - Hambantota - Wellawaya,trunk,False,70,2,Matara-Hambantota Road,54.839047166000306
102737884,102737846,A2,AA002,Colombo - Galle - Hambantota - Wellawaya,trunk,False,70,2,Matara-Hambantota Road,54.83904716600031
102737884,102737773,A2,AA002,Colombo - Galle - Hambantota - Wellawaya,trunk,False,70,2,Matara-Hambantota Road,50.55579977530333
127659606,191856851,A7,AA007,Avissawella - Hatton - Nuwara Eliya,trunk,False,60,2,Yatiyantota Road,5453.6356650867
127659606,3095525776,A7,AA007,Avissawella - Hatton - Nuwara Eliya,trunk,False,60,2,"['Talduwa Bridge', 'Yatiyantota Road']",1381.500348793711
129605583,1212770520,A8,AA008,Panadura - Nambapana - Ratnapura,trunk,False,"['50', '70']",2,Horana Road,2630.4971084531153
129605583,256663997,A8,AA008,Panadura - Nambapana - Ratnapura,trunk,False,50,2,Horana Road,399.2120778133854
129607626,1723172770,A4,AA004,Colombo - Ratnapura - Wellawaya - Batticaloa,trunk,False,60,1,High Level Road,464.7714684876607
129607626,1697583102,A4,AA004,Colombo - Ratnapura - Wellawaya - Batticaloa,trunk,False,60,1,High Level Road,61.51756094245445
129610044,1150403364,A4,AA004,Colombo - Ratnapura - Wellawaya - Batticaloa,trunk,False,60,2,High Level Road,1145.286693329016
129610044,1697437102,A4,AA004,Colombo - Ratnapura - Wellawaya - Batticaloa,trunk,False,60,"['2', '1']",High Level Road,5120.462948047061
129615686,2068162856,A4,AA004,Colombo - Ratnapura - Wellawaya - Batticaloa,trunk,False,60,,High Level Road,2043.7095440486082
129615686,1430578050,A4,AA004,Colombo - Ratnapura - Wellawaya - Batticaloa,trunk,False,60,,High Level Road,1612.913534332732
129615826,635164975,A4,AA004,Colombo - Ratnapura - Wellawaya - Batticaloa,trunk,True,60,"['3', '2']",High Level Road,1975.0103667312417
129615826,642867474,A4,AA004,Colombo - Ratnapura - Wellawaya - Batticaloa,trunk,False,60,4,High Level Road,70.0928172002756
129615869,619918508,A4,AA004,Colombo - Ratnapura - Wellawaya - Batticaloa,trunk,False,50,,High Level Road,616.1506795231898
129615869,619956323,A4,AA004,Colombo - Ratnapura - Wellawaya - Batticaloa,trunk,False,50,,High Level Road,1443.4758677644256
129615924,9959089698,A4,AA004,Colombo - Ratnapura - Wellawaya - Batticaloa,trunk,False,50,4,High Level Road,565.3707484888826
129615924,2071116345,A4,AA004,Colombo - Ratnapura - Wellawaya - Batticaloa,trunk,False,"['50', '60']",,High Level Road,975.8163318056761
129615942,9959089698,A4,AA004,Colombo - Ratnapura - Wellawaya - Batticaloa,trunk,False,50,4,High Level Road,24.78476408691185
129615942,651260245,A4,AA004,Colombo - Ratnapura - Wellawaya - Batticaloa,trunk,False,50,4,High Level Road,33.45358333579149
130019052,4515020714,A2,AA002,Colombo - Galle - Hambantota - Wellawaya,trunk,True,60,,Galle Road,255.19733919850887
130445177,1138481094,A2,AA002,Colombo - Galle - Hambantota - Wellawaya,trunk,False,70,2,Galle Road,302.9117384758351
130445177,130445589,A2,AA002,Colombo - Galle - Hambantota - Wellawaya,trunk,False,70,2,Galle Road,1274.4915828396406
130445589,130445177,A2,AA002,Colombo - Galle - Hambantota - Wellawaya,trunk,False,70,2,Galle Road,1274.4915828396404
130445589,248048875,A2,AA002,Colombo - Galle - Hambantota - Wellawaya,trunk,False,70,"['4', '2']",Galle Road,5841.741378795209
130462216,1675705732,A2,AA002,Colombo - Galle - Hambantota - Wellawaya,trunk,False,60,"['4', '2']",Matara Road,10563.988616485507
138713219,5234940056,A2,AA002,Colombo - Galle - Hambantota - Wellawaya,trunk,True,60,2,Colombo Road,44.044767751726624
191792898,666903979,A2,AA002,Colombo - Galle - Hambantota - Wellawaya,trunk,True,"['60', '70']",4,Galle Road,188.14636817703823
191794735,7081602427,A2,AA002,Colombo - Galle - Hambantota - Wellawaya,trunk,True,60,2,Galle Face Centre Road,297.2191736547771
191816795,6524681178,A4,AA004,Colombo - Ratnapura - Wellawaya - Batticaloa,trunk,False,60,4,Sir Ernest de Silva Mawatha,673.2806931197188
191856851,8169922827,A7,AA007,Avissawella - Hatton - Nuwara Eliya,trunk,False,60,2,Yatiyantota Road,868.0802294017784
191856851,127659606,A7,AA007,Avissawella - Hatton - Nuwara Eliya,trunk,False,60,2,Yatiyantota Road,5453.6356650867065
198601066,3217150026,A21,AA021,Kegalle - Bulathkohupitiya - Karawanella,trunk,True,40,1,Kegalle-Bulathkohupitiya-Karawanella Road,36.65761657148429
198601066,5153458214,A21,AA021,Kegalle - Bulathkohupitiya - Karawanella,trunk,False,60,2,Kegalle-Bulathkohupitiya-Karawanella Road,2853.293179883989
198851718,248048875,A2,AA002,Colombo - Galle - Hambantota - Wellawaya,trunk,False,70,"['4', '2']",Galle Road,5949.013666842821
198851718,3090460083,A2,AA002,Colombo - Galle - Hambantota - Wellawaya,trunk,False,"['50', '70']","['4', '2']",Galle Road,4466.136577000102
206596162,1475773455,A3,AA003,Peliyagoda - Puttalam,trunk,True,60,2,Negombo Road,474.18491407964456
206597309,3268563914,A3,AA003,Peliyagoda - Puttalam,trunk,True,60,2,Negombo Road,2835.987624287946
245519497,1446610199,A8,AA008,Panadura - Nambapana - Ratnapura,trunk,False,50,2,Ratnapura Road,25.719062035215792
245519497,256663997,A8,AA008,Panadura - Nambapana - Ratnapura,trunk,False,50,2,Horana Road,355.8081136687123
245519498,1446610199,A8,AA008,Panadura - Nambapana - Ratnapura,trunk,False,50,2,Ratnapura Road,134.17202951218877
245519498,253718899,A8,AA008,Panadura - Nambapana - Ratnapura,trunk,False,50,2,Ratnapura Road,371.69642207194715
247139123,247139339,A7,AA007,Avissawella - Hatton - Nuwara Eliya,trunk,False,70,2,Hatton Road,5319.431763175388
247139123,1190507161,A7,AA007,Avissawella - Hatton - Nuwara Eliya,trunk,False,70,2,Hatton Road,703.0620367899877
247139339,5252242488,A7,AA007,Avissawella - Hatton - Nuwara Eliya,trunk,False,70,2,Hatton Road,7998.773326826268
247139339,247139123,A7,AA007,Avissawella - Hatton - Nuwara Eliya,trunk,False,70,2,Hatton Road,5319.431763175384
247140202,4108748760,A7,AA007,Avissawella - Hatton - Nuwara Eliya,trunk,False,70,2,Talawakelle Road,4187.921911825382
247140202,4507913122,A7,AA007,Avissawella - Hatton - Nuwara Eliya,trunk,False,"['50', '70']",2,"['Main Street', 'Talawakelle Road']",5755.458720877075
247140495,247140995,A7,AA007,Avissawella - Hatton - Nuwara Eliya,trunk,False,70,2,Nanu Oya Road,10280.07102737902
247140495,3517327762,A7,AA007,Avissawella - Hatton - Nuwara Eliya,trunk,False,70,2,Nanu Oya Road,6773.409854846212
247140995,247141016,A7,AA007,Avissawella - Hatton - Nuwara Eliya,trunk,False,"['50', '70']",2,"['Nanu Oya Road', 'Main Street']",875.7626020622546
247140995,247140495,A7,AA007,Avissawella - Hatton - Nuwara Eliya,trunk,False,70,2,Nanu Oya Road,10280.071027379012
247141016,247140995,A7,AA007,Avissawella - Hatton - Nuwara Eliya,trunk,False,"['50', '70']",2,"['Nanu Oya Road', 'Main Street']",875.7626020622546
247141016,3390658487,A7,AA007,Avissawella - Hatton - Nuwara Eliya,trunk,False,70,2,"['Nanu Oya Road', 'Main Street']",4512.2642232096405
248048875,130445589,A2,AA002,Colombo - Galle - Hambantota - Wellawaya,trunk,False,70,"['4', '2']",Galle Road,5841.741378795212
248048875,198851718,A2,AA002,Colombo - Galle - Hambantota - Wellawaya,trunk,False,70,"['4', '2']",Galle Road,5949.01366684282
248608270,4798976659,A0,AA000,Kollupitiya - Sri Jayewardenepura,trunk,False,60,2,"['Horton Place', 'Dudley Senanayake Mawatha']",1008.8768983568024
248608270,269202456,A0,AA000,Kollupitiya - Sri Jayewardenepura,trunk,True,60,2,Horton Place,276.62443198354896
250131591,33389466,A2,AA002,Colombo - Galle - Hambantota - Wellawaya,trunk,False,70,2,Tangalle Road,4824.890602888662
250131591,3279650333,A2,AA002,Colombo - Galle - Hambantota - Wellawaya,trunk,False,70,2,Tangalle Road,332.73020112723333
250131773,33389341,A2,AA002,Colombo - Galle - Hambantota - Wellawaya,trunk,False,70,2,Tangalle Road,431.2512243866413
250131773,2155946168,A2,AA002,Colombo - Galle - Hambantota - Wellawaya,trunk,False,70,2,Tangalle Road,1231.615086941008
250731003,13399644563,A0,AA000,Kollupitiya - Sri Jayewardenepura,trunk,True,70,2,Sri Jayewardenepura Mawatha,194.5978892106902
253022446,4422642586,A1,AA001,Colombo - Kandy,trunk,True,60,3,Dr. Danister de Silva Mawatha,45.79910257605009
253022456,324997824,A1,AA001,Colombo - Kandy,trunk,True,60,3,"['New Kelani Bridge', 'New Kelani Bridge Road']",725.6829789979121
253022458,1431441535,A1,AA001,Colombo - Kandy,trunk,True,60,3,"['New Kelani Bridge Road', 'Baseline Road']",117.36681790209214
253022461,253022458,A1,AA001,Colombo - Kandy,trunk,True,60,3,"['New Kelani Bridge', 'New Kelani Bridge Road']",672.5635543445587
253718899,1796922853,A8,AA008,Panadura - Nambapana - Ratnapura,trunk,False,"['50', '70']",2,Ratnapura Road,13020.355516633577
253718899,245519498,A8,AA008,Panadura - Nambapana - Ratnapura,trunk,False,50,2,Ratnapura Road,371.69642207194715
256663997,129605583,A8,AA008,Panadura - Nambapana - Ratnapura,trunk,False,50,2,Horana Road,399.2120778133854
256663997,245519497,A8,AA008,Panadura - Nambapana - Ratnapura,trunk,False,50,2,Horana Road,355.8081136687123
257926216,5693657962,A1,AA001,Colombo - Kandy,trunk,False,60,2,Sri Dalada Veediya,63.216586126728835
257926316,2078322240,A26,AA026,Kandy - Mahiyangana - Padiyatalawa,"['primary', 'trunk']",False,"['50', '60', '70']",2,"['Anagarika Dharmapala Mawatha', 'Weera Madduma Bandara Mawatha', 'Sangaraja Mawatha']",1796.309931485611
258025225,3213759120,A11,AA011,Maradankadawela - Habarana - Tirikkondiadimadu,trunk,False,"['60', '50', '70']",2,Habarana-Trincomalee-Batticaloa Road,18362.741077875224
258025517,1651774036,A9,AA009,Kandy - Jaffna,trunk,False,70,2,Kandy-Jaffna Road,280.2920990150264
258025517,258049598,A9,AA009,Kandy - Jaffna,trunk,False,70,2,Kandy-Jaffna Road,17026.085197342418
258029156,258029159,A5,AA005,Peradeniya - Badulla - Chenkaladi,trunk,False,50,2,Gampola Road,424.8171791821777
258029156,258029175,A1,AA001,Colombo - Kandy,trunk,False,60,2,Sirimavo Bandaranaike Mawatha (Peradeniya Road),112.73482127975241
258029156,35436490,A1,AA001,Colombo - Kandy,trunk,False,60,2,Colombo Road,192.3141594243405
258029159,258029156,A5,AA005,Peradeniya - Badulla - Chenkaladi,trunk,False,50,2,Gampola Road,424.8171791821777
258029159,2078331482,A5,AA005,Peradeniya - Badulla - Chenkaladi,trunk,False,50,2,Penideniya Road,446.09821529029574
258029175,258029156,A1,AA001,Colombo - Kandy,trunk,False,60,2,Sirimavo Bandaranaike Mawatha (Peradeniya Road),112.73482127975241
258029175,3033937981,A1,AA001,Colombo - Kandy,trunk,True,60,2,Sirimavo Bandaranaike Mawatha (Peradeniya Road),337.39670291247495
258030081,12741337236,A4,AA004,Colombo - Ratnapura - Wellawaya - Batticaloa,trunk,True,50,2,High Level Road,824.1568976002881
258030081,4582456531,A4,AA004,Colombo - Ratnapura - Wellawaya - Batticaloa,trunk,False,50,4,High Level Road,679.8829698243587
258049267,3616502607,A9,AA009,Kandy - Jaffna,trunk,False,60,2,Matale Road,7098.490197743153
258049267,1727358941,A9,AA009,Kandy - Jaffna,trunk,False,60,2,Matale Road,2671.0327318817626
258049379,3662474367,A9,AA009,Kandy - Jaffna,trunk,True,60,1,Kandy Road,43.04168653218087
258049379,3620006922,A9,AA009,Kandy - Jaffna,trunk,False,60,2,Kandy Road,2092.542833539106
258049381,2083007820,A9,AA009,Kandy - Jaffna,trunk,False,50,2,Kandy Road,79.6258148428456
258049396,258049381,A9,AA009,Kandy - Jaffna,trunk,True,60,2,Main Street (Trincomalee Street),1169.287596475904
258049396,1980552001,A9,AA009,Kandy - Jaffna,trunk,False,70,,Kandy-Jaffna Road,410.0093253799701
258049453,3710121977,A9,AA009,Kandy - Jaffna,trunk,False,70,,"['Kandy-Jaffna Road', 'Nalanda Oya Bridge']",20137.30721149442
258049453,1980552001,A9,AA009,Kandy - Jaffna,trunk,False,70,,Kandy-Jaffna Road,5588.810016391812
258049598,258025517,A9,AA009,Kandy - Jaffna,trunk,False,70,2,Kandy-Jaffna Road,17026.085197342407
258049598,3710121977,A9,AA009,Kandy - Jaffna,trunk,False,70,,Kandy-Jaffna Road,1454.4645205201195
258053453,6230885416,A0,AA000,Kollupitiya - Sri Jayewardenepura,trunk,True,70,2,Sri Jayewardenepura Mawatha,102.74331506360572
258523345,2285202897,A11,AA011,Maradankadawela - Habarana - Tirikkondiadimadu,trunk,False,"['60', '70']",2,"['Habarana-Trincomalee-Batticaloa Road', 'Habarana-Polonnaruwa-Batticaloa Road']",18609.544641877783
258523345,6495594239,A11,AA011,Maradankadawela - Habarana - Tirikkondiadimadu,trunk,True,50,2,Habarana-Polonnaruwa-Batticaloa Road,662.2777375798757
263155217,3591084262,A5,AA005,Peradeniya - Badulla - Chenkaladi,trunk,False,60,2,Kandy Road,7193.103089148947
263155217,263179584,A5,AA005,Peradeniya - Badulla - Chenkaladi,trunk,False,60,2,Kandy Road,3014.0291505740593
263179584,1855322535,A5,AA005,Peradeniya - Badulla - Chenkaladi,trunk,False,50,2,Meewatura Road,1680.9618925720654
263179584,263155217,A5,AA005,Peradeniya - Badulla - Chenkaladi,trunk,False,60,2,Kandy Road,3014.0291505740597
268931354,3742220438,A4,AA004,Colombo - Ratnapura - Wellawaya - Batticaloa,trunk,True,"['50', '70']","['3', '2']",Sri Sambuddhatwa Jayanthi Mawatha (Havelock Road),701.0433606433593
268931354,4011682730,A4,AA004,Colombo - Ratnapura - Wellawaya - Batticaloa,trunk,False,"['50', '60']","['5', '3', '6']",Sri Sambuddhatwa Jayanthi Mawatha (Havelock Road),440.5757465779779
269202456,3355393361,A0,AA000,Kollupitiya - Sri Jayewardenepura,trunk,True,60,3,Alexandra Roundabout,6.311465138196319
275517851,663702778,A0,AA000,Kollupitiya - Sri Jayewardenepura,trunk,True,70,4,Sri Jayewardenepura Mawatha,184.2274226723783
292783948,403881177,A3,AA003,Peliyagoda - Puttalam,trunk,True,60,2,Negombo Road,560.7916894835016
309033793,3510278658,A4,AA004,Colombo - Ratnapura - Wellawaya - Batticaloa,trunk,False,60,2,Ratnapura Road,663.2803121137661
309033793,3090078667,A4,AA004,Colombo - Ratnapura - Wellawaya - Batticaloa,trunk,False,72,2,Colombo-Ratnapura Road,12430.393449969244
309913698,59947552,A2,AA002,Colombo - Galle - Hambantota - Wellawaya,trunk,False,70,4,Matara Road,188.5037182854395
309913698,3081634094,A2,AA002,Colombo - Galle - Hambantota - Wellawaya,trunk,True,70,3,Matara Road,141.90421076674986
310860950,3937837818,A4,AA004,Colombo - Ratnapura - Wellawaya - Batticaloa,trunk,False,72,2,Colombo Road,2890.6165700517217
310860950,5303300108,A4,AA004,Colombo - Ratnapura - Wellawaya - Batticaloa,trunk,False,72,2,Colombo Road,128.13252458552097
310860950,1797858594,A8,AA008,Panadura - Nambapana - Ratnapura,trunk,False,"['50', '70']",2,Ratnapura Road,17821.801188926314
310863031,2152800310,A18,AA018,Pelmadulla - Embilipitiya - Nonagama,trunk,True,60,1,Pelmadulla-Embilipitiya Road,15.928074876251738
311128308,1094458277,A2,AA002,Colombo - Galle - Hambantota - Wellawaya,trunk,False,70,2,Galle Road,1538.1200264014954
311128308,1138480331,A2,AA002,Colombo - Galle - Hambantota - Wellawaya,trunk,False,70,2,Galle Road,13.811689563362455
313407297,1478609150,A3,AA003,Peliyagoda - Puttalam,trunk,True,70,2,Colombo-Puttalam Road,149.09675031404842
324965926,50366409,A1,AA001,Colombo - Kandy,trunk,False,70,2,Colombo-Kandy Road,335.93607758906705
324965995,7786924226,A1,AA001,Colombo - Kandy,trunk,True,60,2,Colombo-Kandy Road,3609.242969408794
324965995,50366409,A1,AA001,Colombo - Kandy,trunk,False,70,2,Colombo-Kandy Road,330.9629780008951
324969585,7621971271,A1,AA001,Colombo - Kandy,trunk,True,70,2,Colombo-Kandy Road,1103.290147613051
324988637,3864419806,A1,AA001,Colombo - Kandy,trunk,True,60,2,Colombo-Kandy Road,6.953611012969262
324988797,733573148,A1,AA001,Colombo - Kandy,trunk,True,60,2,Colombo-Kandy Road,374.09520377214784
324994643,3864419811,A1,AA001,Colombo - Kandy,trunk,True,60,2,Colombo-Kandy Road,412.3549737722015
324997495,621175136,A1,AA001,Colombo - Kandy,trunk,True,60,"['3', '2']","['Colombo-Kandy Road', 'Kelani Railway Flyover']",1541.3715999887975
324997506,3431855628,A1,AA001,Colombo - Kandy,trunk,True,60,2,Colombo-Kandy Road,410.8338573545063
324997824,324998173,A1,AA001,Colombo - Kandy,trunk,True,60,2,Colombo-Kandy Road,49.27216465722033
324998173,2499137348,A1,AA001,Colombo - Kandy,trunk,True,60,2,Colombo-Kandy Road,55.80395655126346
325000016,4476504845,A1,AA001,Colombo - Kandy,trunk,True,60,"['3', '2']","['Colombo-Kandy Road', 'Kelani Railway Flyover']",1538.9042273151547
325003402,1924772358,A3,AA003,Peliyagoda - Puttalam,trunk,True,60,2,Kandy Road,61.03024758348499
325009601,1924772358,A3,AA003,Peliyagoda - Puttalam,trunk,False,60,4,Kandy Road,374.710984261841
325009601,3431855608,A3,AA003,Peliyagoda - Puttalam,trunk,True,60,2,Kandy Road,50.28899397069773
325011481,3664895156,A3,AA003,Peliyagoda - Puttalam,trunk,True,60,2,Negombo Road,339.19568810630165
403875118,275517851,A0,AA000,Kollupitiya - Sri Jayewardenepura,trunk,True,70,3,Sri Jayewardenepura Mawatha,830.0918834172778
403881177,2064203704,A3,AA003,Peliyagoda - Puttalam,trunk,True,60,2,Negombo Road,1064.8396916799315
403899731,206596162,A3,AA003,Peliyagoda - Puttalam,trunk,True,60,2,Negombo Road,2976.385608115868
403899740,8112505448,A3,AA003,Peliyagoda - Puttalam,trunk,True,60,2,Negombo Road,2973.6727650321686
403899785,3577871618,A3,AA003,Peliyagoda - Puttalam,trunk,True,60,2,Negombo Road,507.9508578010118
445260233,2087261005,A21,AA021,Kegalle - Bulathkohupitiya - Karawanella,trunk,False,60,2,"['Kegalle-Bulathkohupitiya-Karawanella Road', 'Warawala New Bridge']",1774.1057364962817
445260233,5153458215,A21,AA021,Kegalle - Bulathkohupitiya - Karawanella,trunk,False,60,2,Kegalle-Bulathkohupitiya-Karawanella Road,1797.4039743232447
445969634,3591964802,A1,AA001,Colombo - Kandy,trunk,False,70,2,Colombo-Kandy Road,15.232435503127205
445969634,570766494,A1,AA001,Colombo - Kandy,trunk,False,70,2,Colombo-Kandy Road,7497.275694167877
445970143,4929241610,A1,AA001,Colombo - Kandy,trunk,False,70,2,Colombo-Kandy Road,545.6090534528324
445970143,3794028977,A1,AA001,Colombo - Kandy,trunk,False,70,2,Colombo-Kandy Road,1257.7683694721309
566569982,1181921887,A12,AA012,Puttalam - Trincomalee,trunk,True,60,,Jayanthi Mawatha,36.921663093566444
566569982,5364431661,A12,AA012,Puttalam - Trincomalee,trunk,False,60,,Jayanthi Mawatha,1168.5265192076106
566574620,1981468985,A12,AA012,Puttalam - Trincomalee,trunk,False,60,,Maithripala Senanayake Mawatha (Main Street),709.1928890592951
566574620,5785122163,A12,AA012,Puttalam - Trincomalee,trunk,False,60,,Maithripala Senanayake Mawatha (Main Street),78.60922146554857
567011644,567011739,A9,AA009,Kandy - Jaffna,trunk,False,60,,Anuradhapura Road,10895.764702060882
567011644,4139580626,A9,AA009,Kandy - Jaffna,trunk,True,60,,Anuradhapura Road,673.2655297105733
567011739,567011644,A9,AA009,Kandy - Jaffna,trunk,False,60,,Anuradhapura Road,10895.764702060878
567011739,8014319683,A9,AA009,Kandy - Jaffna,trunk,True,60,,Anuradhapura Road,403.33965650768
570765602,3088508767,A10,AA010,Katugastota - Kurunegala - Puttalam,trunk,False,60,2,T. B. Illangaratne Mawatha (Galagedara Road),195.04731668784632
570765602,3088508746,A10,AA010,Katugastota - Kurunegala - Puttalam,trunk,False,60,2,T. B. Illangaratne Mawatha (Galagedara Road),205.69552222975886
570765602,570765771,A10,AA010,Katugastota - Kurunegala - Puttalam,trunk,False,70,2,"['Galagedara Road', 'T. B. Illangaratne Mawatha (Galagedara Road)']",5640.373193555527
570765771,2131510192,A10,AA010,Katugastota - Kurunegala - Puttalam,trunk,False,70,2,Galagedara Road,897.327111499751
570765771,570765602,A10,AA010,Katugastota - Kurunegala - Puttalam,trunk,False,70,2,"['Galagedara Road', 'T. B. Illangaratne Mawatha (Galagedara Road)']",5640.3731935555215
570766494,445969634,A1,AA001,Colombo - Kandy,trunk,False,70,2,Colombo-Kandy Road,7497.275694167882
570766494,4929241606,A1,AA001,Colombo - Kandy,trunk,False,70,2,Colombo-Kandy Road,998.8320817211704
598168274,603240427,A16,AA016,Beragala - Hali-Ela,trunk,False,70,2,Haputale Road,6272.8661452386295
598168274,598168296,A16,AA016,Beragala - Hali-Ela,trunk,False,50,2,Main Street,208.19196035357555
598168296,2646312392,A16,AA016,Beragala - Hali-Ela,trunk,False,70,2,Badulla Road,2848.127290336585
598168296,598168274,A16,AA016,Beragala - Hali-Ela,trunk,False,50,2,Main Street,208.19196035357555
599347546,7085525496,A2,AA002,Colombo - Galle - Hambantota - Wellawaya,trunk,True,60,3,Galle Road,397.2042933885434
602759879,1146218640,A12,AA012,Puttalam - Trincomalee,trunk,False,60,,Harischandra Mawatha,504.41038331689435
602759879,4137359440,A12,AA012,Puttalam - Trincomalee,trunk,False,60,,Jayanthi Mawatha,610.4144991870899
603240427,598168274,A16,AA016,Beragala - Hali-Ela,trunk,False,70,2,Haputale Road,6272.866145238628
603240427,3157384370,A4,AA004,Colombo - Ratnapura - Wellawaya - Batticaloa,trunk,False,72,2,Ratunapura-Wellawaya Road,17715.306080638173
603240427,1712466837,A4,AA004,Colombo - Ratnapura - Wellawaya - Batticaloa,trunk,False,72,2,Ratunapura-Wellawaya Road,9453.59469843065
603240642,6658588595,A23,AA023,Wellawaya - Ella - Kumbalwela,trunk,False,60,2,"['Wellawaya-Ella-Kumbalwela Road', 'Major Montegu Jayawickrama Mawatha']",27106.55510497856
603240642,3157384370,A4,AA004,Colombo - Ratnapura - Wellawaya - Batticaloa,trunk,False,72,2,Ratunapura-Wellawaya Road,17645.396034315265
603240642,44265234,A4,AA004,Colombo - Ratnapura - Wellawaya - Batticaloa,trunk,False,70,2,Wellawaya-Pottuvil Road,241.9780282667789
603247200,1397128195,A2,AA002,Colombo - Galle - Hambantota - Wellawaya,trunk,False,60,2,Matara Road,24.717032394575668
603247200,1397090864,A2,AA002,Colombo - Galle - Hambantota - Wellawaya,trunk,False,60,2,Matara Road,129.72652704551567
610951677,5144316608,A2,AA002,Colombo - Galle - Hambantota - Wellawaya,trunk,True,70,2,Hambantota-Wellawaya Road,1812.7445395111713
610951677,1720902666,A2,AA002,Colombo - Galle - Hambantota - Wellawaya,trunk,False,70,2,Hambantota-Wellawaya Road,5918.142805374274
610955288,10132667231,A2,AA002,Colombo - Galle - Hambantota - Wellawaya,trunk,False,70,2,Hambantota-Wellawaya Road,17.677736464247207
610955288,44265232,A2,AA002,Colombo - Galle - Hambantota - Wellawaya,trunk,False,70,2,"['Hambantota-Wellawaya Road', 'Tissa Road', 'Kuda Oya Bridge']",34342.35005420334
610970078,13055938742,A2,AA002,Colombo - Galle - Hambantota - Wellawaya,trunk,False,70,2,Hambantota-Wellawaya Road,22.520256794110413
610970078,1720902666,A2,AA002,Colombo - Galle - Hambantota - Wellawaya,trunk,False,70,2,Hambantota-Wellawaya Road,7346.791010249417
617806916,5245953970,A10,AA010,Katugastota - Kurunegala - Puttalam,trunk,True,70,,Kurunegala - Kandy Road,51.27793507020702
617806916,9513937134,A10,AA010,Katugastota - Kurunegala - Puttalam,trunk,False,50,4,Kurunegala - Kandy Road,100.57656668326891
617823296,50366409,A1,AA001,Colombo - Kandy,trunk,False,70,2,Colombo-Kandy Road,4160.765647352336
617823296,3167641878,A1,AA001,Colombo - Kandy,trunk,False,70,2,Colombo-Kandy Road,6061.30767408628
617967898,1427371978,A1,AA001,Colombo - Kandy,trunk,False,70,2,Colombo-Kandy Road,464.94212262703326
617967898,617967952,A1,AA001,Colombo - Kandy,trunk,False,70,2,Colombo-Kandy Road,1833.4282886137325
617967952,617967898,A1,AA001,Colombo - Kandy,trunk,False,70,2,Colombo-Kandy Road,1833.4282886137323
617967952,7087535778,A1,AA001,Colombo - Kandy,trunk,False,70,2,Colombo-Kandy Road,19.896927697693002
617968149,13811688265,A1,AA001,Colombo - Kandy,trunk,False,70,2,Colombo-Kandy Road,4352.451240173632
617968149,4929242043,A1,AA001,Colombo - Kandy,trunk,False,70,2,Colombo-Kandy Road,340.36704281965723
617968149,3851353586,A19,AA019,Polgahawela - Kegalle,trunk,False,60,2,Polgahawela-Kegalle Road,4400.680248236393
618027759,1963939812,A0,AA000,Kollupitiya - Sri Jayewardenepura,trunk,True,60,3,Srimath Anagarika Dharmapala Mawatha,60.30783895661899
618273393,191792898,A2,AA002,Colombo - Galle - Hambantota - Wellawaya,trunk,True,60,4,Galle Road,1668.5862128387137
618273393,9565952986,A2,AA002,Colombo - Galle - Hambantota - Wellawaya,trunk,True,"['60', '55']",2,Galle Road,130.39749857349207
618514963,10219043311,A0,AA000,Kollupitiya - Sri Jayewardenepura,trunk,True,70,3,Sri Jayewardenepura Mawatha,53.39291451993948
618514969,4692166486,A0,AA000,Kollupitiya - Sri Jayewardenepura,trunk,True,70,3,Sri Jayewardenepura Mawatha,75.1255438744767
618528183,2122125311,A0,AA000,Kollupitiya - Sri Jayewardenepura,trunk,True,70,2,Sri Jayewardenepura Mawatha,107.82583910107383
618604210,1400433848,A10,AA010,Katugastota - Kurunegala - Puttalam,trunk,False,60,,Katugastota-Kurunegala-Puttalam Road,206.79482615064882
619152165,1429213457,A0,AA000,Kollupitiya - Sri Jayewardenepura,trunk,True,70,3,Sri Jayewardenepura Mawatha,182.47689932538123
619152185,1912464464,A0,AA000,Kollupitiya - Sri Jayewardenepura,trunk,True,70,3,Sri Jayewardenepura Mawatha,654.4597631543917
619195381,4011680781,A4,AA004,Colombo - Ratnapura - Wellawaya - Batticaloa,trunk,True,70,2,H. Sri Nassanka Mawatha (Maya Avenue),46.794933120261604
619195388,4011682730,A4,AA004,Colombo - Ratnapura - Wellawaya - Batticaloa,trunk,True,70,2,Sri Sambuddhatwa Jayanthi Mawatha (Havelock Road),50.07065200684556
619224223,1863416593,A1,AA001,Colombo - Kandy,trunk,True,60,2,Sri Saddharma Mawatha,14.080038079144455
619224226,1863416599,A1,AA001,Colombo - Kandy,trunk,True,60,2,Sri Saddharma Mawatha,13.572393503895206
619224226,12373680251,A1,AA001,Colombo - Kandy,trunk,True,60,3,Dr. Danister de Silva Mawatha,355.33023842518946
619227137,6407621053,A1,AA001,Colombo - Kandy,trunk,True,60,2,Sri Sangaraja Mawatha,34.42990220421891
619883043,1697583102,A4,AA004,Colombo - Ratnapura - Wellawaya - Batticaloa,trunk,False,60,"['2', '1']",High Level Road,6609.4438872656965
619883043,3379393108,A4,AA004,Colombo - Ratnapura - Wellawaya - Batticaloa,trunk,False,60,2,High Level Road,1471.4195900450409
619905141,4790000816,A1,AA001,Colombo - Kandy,trunk,True,70,2,Colombo-Kandy Road,5.697068498507607
619918508,129615869,A4,AA004,Colombo - Ratnapura - Wellawaya - Batticaloa,trunk,False,50,,High Level Road,616.1506795231898
619918508,5565782276,A4,AA004,Colombo - Ratnapura - Wellawaya - Batticaloa,trunk,False,50,,High Level Road,186.8598001318412
619956323,2071116345,A4,AA004,Colombo - Ratnapura - Wellawaya - Batticaloa,trunk,False,50,,High Level Road,16.81489729007958
619956323,129615869,A4,AA004,Colombo - Ratnapura - Wellawaya - Batticaloa,trunk,False,50,,High Level Road,1443.4758677644259
620529017,206597309,A3,AA003,Peliyagoda - Puttalam,trunk,True,60,2,Negombo Road,4606.569182994666
621175136,4152530090,A1,AA001,Colombo - Kandy,trunk,True,60,2,Colombo-Kandy Road,226.34564877032108
635117662,4798976659,A0,AA000,Kollupitiya - Sri Jayewardenepura,trunk,True,60,2,Dudley Senanayake Mawatha (Castle Street),129.80434669981926
635164747,7085690885,A2,AA002,Colombo - Galle - Hambantota - Wellawaya,trunk,True,"['50', '70']",2,Galle Road,951.553682250559
635164975,910154883,A4,AA004,Colombo - Ratnapura - Wellawaya - Batticaloa,trunk,True,60,3,High Level Road,13.96923130893299
635166169,4692166467,A0,AA000,Kollupitiya - Sri Jayewardenepura,trunk,True,60,3,Sri Jayewardenepura Mawatha,168.64101313512185
635855735,3354661040,A4,AA004,Colombo - Ratnapura - Wellawaya - Batticaloa,trunk,True,60,,,47.68528608937726
635855755,635857021,A4,AA004,Colombo - Ratnapura - Wellawaya - Batticaloa,trunk,True,60,,,30.894357653720846
635857018,635855735,A4,AA004,Colombo - Ratnapura - Wellawaya - Batticaloa,trunk,True,60,,,39.90335074719237
635857020,635855755,A4,AA004,Colombo - Ratnapura - Wellawaya - Batticaloa,trunk,True,60,,,55.52171019387363
635857021,4582456543,A4,AA004,Colombo - Ratnapura - Wellawaya - Batticaloa,trunk,True,60,,,173.06691830180594
637009411,4068148608,A33,AA033,Ja-Ela - Ekala - Gampaha - Yakkala,trunk,False,40,2,Colombo Road,105.5287493243486
637009411,5315988825,A33,AA033,Ja-Ela - Ekala - Gampaha - Yakkala,trunk,False,40,2,Colombo Road,86.8289594737405
637763018,638969238,A33,AA033,Ja-Ela - Ekala - Gampaha - Yakkala,trunk,True,60,2,Gampaha-Ja Ela Road,35.297436420884246
637763018,667529248,A33,AA033,Ja-Ela - Ekala - Gampaha - Yakkala,trunk,False,"['60', '50']",2,Gampaha-Ja Ela Road,7111.099368477626
642867474,129615826,A4,AA004,Colombo - Ratnapura - Wellawaya - Batticaloa,trunk,False,60,4,High Level Road,70.0928172002756
642867474,6006772899,A4,AA004,Colombo - Ratnapura - Wellawaya - Batticaloa,trunk,False,"['60', '50']",4,High Level Road,60.93792829124786
651260245,129615942,A4,AA004,Colombo - Ratnapura - Wellawaya - Batticaloa,trunk,False,50,4,High Level Road,33.45358333579149
651260245,4582456543,A4,AA004,Colombo - Ratnapura - Wellawaya - Batticaloa,trunk,False,50,4,High Level Road,867.1735478792351
651637344,1278169498,A33,AA033,Ja-Ela - Ekala - Gampaha - Yakkala,trunk,False,60,2,Gampaha-Ja Ela Road,24.298000064674746
651637344,7291030424,A33,AA033,Ja-Ela - Ekala - Gampaha - Yakkala,trunk,False,60,2,Gampaha-Ja Ela Road,730.5555564818425
651637359,1278169498,A33,AA033,Ja-Ela - Ekala - Gampaha - Yakkala,trunk,False,60,2,Gampaha-Ja Ela Road,15.096377877215154
651637359,1278086605,A33,AA033,Ja-Ela - Ekala - Gampaha - Yakkala,trunk,False,60,2,Gampaha-Ja Ela Road,448.3142120811902
651747031,3448778695,A2,AA002,Colombo - Galle - Hambantota - Wellawaya,trunk,False,50,,Galle Road,912.2766141263277
651747031,2339320507,A2,AA002,Colombo - Galle - Hambantota - Wellawaya,trunk,False,50,2,Old Galle Road,5811.081702129544
652378597,2339365431,A2,AA002,Colombo - Galle - Hambantota - Wellawaya,trunk,True,50,2,Galle Road,748.4556462928002
652384089,1425700952,A2,AA002,Colombo - Galle - Hambantota - Wellawaya,trunk,True,60,3,Galle Road,20.419040892912065
652533088,3150421800,A0,AA000,Kollupitiya - Sri Jayewardenepura,trunk,True,60,2,Dudley Senanayake Mawatha (Castle Street),451.4892838764278
658424660,2028303947,A1,AA001,Colombo - Kandy,trunk,True,70,2,Colombo-Kandy Road,1397.13396420329
662848124,3574703794,A0,AA000,Kollupitiya - Sri Jayewardenepura,trunk,True,70,2,Sri Jayewardenepura Mawatha,71.21711643228139
663702778,4817216282,A0,AA000,Kollupitiya - Sri Jayewardenepura,trunk,True,70,3,Sri Jayewardenepura Mawatha,355.195865690381
665214512,665214513,A0,AA000,Kollupitiya - Sri Jayewardenepura,trunk,True,60,1,Srimath Anagarika Dharmapala Mawatha,72.16704844401258
665214512,4515020730,A2,AA002,Colombo - Galle - Hambantota - Wellawaya,trunk,True,60,2,Galle Road,311.97325822805817
665214513,618027759,A0,AA000,Kollupitiya - Sri Jayewardenepura,trunk,True,60,5,Srimath Anagarika Dharmapala Mawatha,99.27945144415936
665240022,255040405,A4,AA004,Colombo - Ratnapura - Wellawaya - Batticaloa,trunk,True,60,"['4', '2']",Sir Chittampalam A. Gardiner Mawatha,601.8056103361938
665685894,2339326612,A2,AA002,Colombo - Galle - Hambantota - Wellawaya,trunk,True,50,2,Galle Road,29.070647610016817
665685929,1418994146,A2,AA002,Colombo - Galle - Hambantota - Wellawaya,trunk_link,False,50,,,9.109201766437913
665685929,6266463975,A2,AA002,Colombo - Galle - Hambantota - Wellawaya,trunk_link,True,,,,19.15299518528448
665686664,253022446,A1,AA001,Colombo - Kandy,trunk,True,60,3,Dr. Danister de Silva Mawatha,117.95825671995748
666903979,2925773146,A2,AA002,Colombo - Galle - Hambantota - Wellawaya,trunk,True,70,"['4', '5']",Galle Road,1789.9685679330837
667426156,324965926,A1,AA001,Colombo - Kandy,trunk,True,"['60', '70']",2,Colombo-Kandy Road,3604.573952850833
667529248,667536145,A33,AA033,Ja-Ela - Ekala - Gampaha - Yakkala,trunk,False,50,2,Gampaha-Ja Ela Road,231.08497910986475
667529248,637763018,A33,AA033,Ja-Ela - Ekala - Gampaha - Yakkala,trunk,False,"['50', '60']",2,Gampaha-Ja Ela Road,7111.099368477621
667536145,3289420458,A33,AA033,Ja-Ela - Ekala - Gampaha - Yakkala,trunk,False,"['50', '70']",2,Gampaha-Ja Ela Road,2166.9011388413896
667536145,667529248,A33,AA033,Ja-Ela - Ekala - Gampaha - Yakkala,trunk,False,50,2,Gampaha-Ja Ela Road,231.08497910986472
678334663,678334730,A4,AA004,Colombo - Ratnapura - Wellawaya - Batticaloa,trunk,True,30,,,25.907519740148754
678334679,678335411,A4,AA004,Colombo - Ratnapura - Wellawaya - Batticaloa,trunk,True,60,,Sri Sambuddhatwa Jayanthi Mawatha (Havelock Road),45.442908028392495
678334696,678334663,A4,AA004,Colombo - Ratnapura - Wellawaya - Batticaloa,trunk,True,50,,,34.361488046170216
678334722,678334679,A4,AA004,Colombo - Ratnapura - Wellawaya - Batticaloa,trunk,True,60,,,36.34233823825056
678334735,191816795,A4,AA004,Colombo - Ratnapura - Wellawaya - Batticaloa,trunk,True,50,3,"['Cumaratunga Munidasa Mawatha', 'Philip Gunawardene Mawatha (Reid Avenue)']",1016.9677670070577
678335411,3742192393,A4,AA004,Colombo - Ratnapura - Wellawaya - Batticaloa,trunk,False,50,4,Sri Sambuddhatwa Jayanthi Mawatha (Havelock Road),563.5474974223089
678335411,13425538963,A4,AA004,Colombo - Ratnapura - Wellawaya - Batticaloa,trunk,True,50,,Sri Sambuddhatwa Jayanthi Mawatha (Havelock Road),19.103817135322984
733573148,6535741179,A1,AA001,Colombo - Kandy,trunk,True,60,2,Colombo-Kandy Road,1751.2230436065759
843513352,5315988823,A33,AA033,Ja-Ela - Ekala - Gampaha - Yakkala,trunk,True,50,2,Colombo Road,168.19509735564088
843513354,3891382236,A33,AA033,Ja-Ela - Ekala - Gampaha - Yakkala,trunk,True,50,2,Colombo Road,70.55579140719252
910154883,13682136255,A4,AA004,Colombo - Ratnapura - Wellawaya - Batticaloa,trunk,True,60,"['3', '2']",High Level Road,1857.0099661909505
912268077,4851065489,A4,AA004,Colombo - Ratnapura - Wellawaya - Batticaloa,trunk,False,72,2,Ratunapura-Wellawaya Road,14509.573653307598
912268077,1694691223,A4,AA004,Colombo - Ratnapura - Wellawaya - Batticaloa,trunk,False,"['60', '72']",2,"['Ratunapura-Wellawaya Road', 'CRWB', 'Warakatota New Bridge', 'Main Street']",3202.956085987354
937249756,2382076784,A26,AA026,Kandy - Mahiyangana - Padiyatalawa,trunk,False,60,2,Hewaheta Road,43.478087752794465
937249756,4177584096,A26,AA026,Kandy - Mahiyangana - Padiyatalawa,trunk,False,60,2,Hewaheta Road,39.290080792142945
937249756,2382152045,A26,AA026,Kandy - Mahiyangana - Padiyatalawa,trunk,False,60,2,Hewaheta Road,2425.6501816098544
937250000,2382076798,A26,AA026,Kandy - Mahiyangana - Padiyatalawa,trunk,False,70,2,Kandy-Mahiyanganaya Road,536.2456648700045
937250000,2334261008,A26,AA026,Kandy - Mahiyangana - Padiyatalawa,trunk,False,70,2,Kandy-Mahiyanganaya Road,9581.621707339105
970058024,12328410054,A2,AA002,Colombo - Galle - Hambantota - Wellawaya,trunk,True,60,2,New Tangalle Road,43.70464082168749
974346527,2418603889,A4,AA004,Colombo - Ratnapura - Wellawaya - Batticaloa,trunk,False,70,2,"['Wellawaya-Pottuvil Road', 'Colombo - Ratnapura - Wellawaya - Batticaloa Road']",34162.231329383205
974346527,6695208837,A4,AA004,Colombo - Ratnapura - Wellawaya - Batticaloa,trunk,True,60,1,Wellawaya-Pottuvil Road,39.699057124053525
1028522566,1028522781,A13,AA013,Galkulama - Anuradhapura,trunk,False,60,2,New Kandy Road,2725.584431077746
1028522566,1028522572,A13,AA013,Galkulama - Anuradhapura,trunk,False,60,2,Airport Road,5550.221143313936
1028522572,1028522566,A13,AA013,Galkulama - Anuradhapura,trunk,False,60,2,Airport Road,5550.221143313941
1028522572,1401472757,A13,AA013,Galkulama - Anuradhapura,trunk,False,70,2,K. B. Ratnayake Mawatha,1963.7572189433545
1028522781,1028522566,A13,AA013,Galkulama - Anuradhapura,trunk,False,60,2,New Kandy Road,2725.584431077747
1028522781,3518418196,A13,AA013,Galkulama - Anuradhapura,trunk,False,60,2,Kandy Road,4743.710566605693
1039403582,3502106859,A0,AA000,Kollupitiya - Sri Jayewardenepura,trunk,True,70,3,Sri Jayewardenepura Mawatha,339.9170940965589
1039412973,1668906602,A0,AA000,Kollupitiya - Sri Jayewardenepura,trunk,True,70,2,Sri Jayewardenepura Mawatha,8.778060365775506
1039421894,1039412973,A0,AA000,Kollupitiya - Sri Jayewardenepura,trunk,True,50,2,Sri Jayewardenepura Mawatha,10.518476681259147
1094458277,311128308,A2,AA002,Colombo - Galle - Hambantota - Wellawaya,trunk,False,70,2,Galle Road,1538.1200264014951
1094458277,1637717826,A2,AA002,Colombo - Galle - Hambantota - Wellawaya,trunk,False,70,2,Galle Road,9747.534513892717
1135398600,3351203885,A4,AA004,Colombo - Ratnapura - Wellawaya - Batticaloa,trunk,False,70,2,Wellawaya-Pottuvil Road,9735.630610187773
1135398600,44265234,A4,AA004,Colombo - Ratnapura - Wellawaya - Batticaloa,trunk,False,70,2,Wellawaya-Pottuvil Road,555.8492928618788
1138324553,1138325594,A2,AA002,Colombo - Galle - Hambantota - Wellawaya,trunk,False,60,,Galle Road,782.8552361286878
1138324553,1667080259,A2,AA002,Colombo - Galle - Hambantota - Wellawaya,trunk,False,60,,Galle Road,985.0590883370503
1138325237,50415165,A2,AA002,Colombo - Galle - Hambantota - Wellawaya,trunk,False,60,,Galle Road,2352.628101421248
1138325237,7103760769,A2,AA002,Colombo - Galle - Hambantota - Wellawaya,trunk,True,60,,Galle Road,201.16507212404636
1138325594,10130181940,A2,AA002,Colombo - Galle - Hambantota - Wellawaya,trunk,True,60,,Galle Road,844.3463164897706
1138325594,1138324553,A2,AA002,Colombo - Galle - Hambantota - Wellawaya,trunk,False,60,,Galle Road,782.8552361286879
1138480331,311128308,A2,AA002,Colombo - Galle - Hambantota - Wellawaya,trunk,False,70,2,Galle Road,13.811689563362455
1138480331,1614298412,A2,AA002,Colombo - Galle - Hambantota - Wellawaya,trunk,False,70,2,Galle Road,59.00173347303017
1138481094,3749027775,A2,AA002,Colombo - Galle - Hambantota - Wellawaya,trunk,True,70,,Galle Road,87.00110637905527
1138481094,130445177,A2,AA002,Colombo - Galle - Hambantota - Wellawaya,trunk,False,70,2,Galle Road,302.911738475835
1146218640,2835617079,A12,AA012,Puttalam - Trincomalee,trunk,True,60,,Harischandra Mawatha,31.12616218829956
1146218640,602759879,A12,AA012,Puttalam - Trincomalee,trunk,False,60,,Harischandra Mawatha,504.4103833168944
1147030351,1883639101,A4,AA004,Colombo - Ratnapura - Wellawaya - Batticaloa,trunk,True,60,2,New Kalmunai Road,1352.7156246926274
1147075948,2011981296,A5,AA005,Peradeniya - Badulla - Chenkaladi,trunk,False,60,2,Nuwara Eliya Road,9741.710394054862
1147075948,49368243,A5,AA005,Peradeniya - Badulla - Chenkaladi,trunk,False,60,2,Nuwara Eliya-Badulla Road,13724.341341810437
1150403364,1862815989,A4,AA004,Colombo - Ratnapura - Wellawaya - Batticaloa,trunk,False,60,"['2', '1']",High Level Road,1014.3062410958299
1150403364,129610044,A4,AA004,Colombo - Ratnapura - Wellawaya - Batticaloa,trunk,False,60,2,High Level Road,1145.286693329016
1181395615,3279700855,A2,AA002,Colombo - Galle - Hambantota - Wellawaya,trunk,False,60,2,Matara Road,301.7523973046347
1181395615,1397128195,A2,AA002,Colombo - Galle - Hambantota - Wellawaya,trunk,False,60,2,Matara Road,677.6738674554189
1190507161,247139123,A7,AA007,Avissawella - Hatton - Nuwara Eliya,trunk,False,70,2,Hatton Road,703.0620367899876
1190507161,3215382447,A7,AA007,Avissawella - Hatton - Nuwara Eliya,trunk,False,70,2,Hatton Road,5105.832204294175
1212770520,11765244590,A8,AA008,Panadura - Nambapana - Ratnapura,trunk,False,70,2,Horana Road,9.122124580316804
1212770520,129605583,A8,AA008,Panadura - Nambapana - Ratnapura,trunk,False,"['50', '70']",2,Horana Road,2630.497108453115
1231840453,98554769,A24,AA024,Matara - Akuressa,trunk,False,"['72', '70']",2,"['Matara-Akuressa Road', 'Matara Road']",9075.628777470336
1231840453,3621305202,A24,AA024,Matara - Akuressa,trunk,False,"['60', '72']",2,Matara-Akuressa Road,4602.091607268489
1231840774,12625589426,A24,AA024,Matara - Akuressa,trunk,True,"['50', '70']",2,Akuressa Road,1907.110793281838
1231840826,1231840774,A24,AA024,Matara - Akuressa,trunk,True,70,2,Akuressa Road,561.6574751750015
1235750064,635166169,A0,AA000,Kollupitiya - Sri Jayewardenepura,trunk,True,"['60', '70']",3,Sri Jayewardenepura Mawatha,632.7827257460931
1235750071,1428448780,A0,AA000,Kollupitiya - Sri Jayewardenepura,trunk,True,70,3,Dudley Senanayake Mawatha (Castle Street),34.78816243289144
1239435066,2902101196,A10,AA010,Katugastota - Kurunegala - Puttalam,trunk,True,50,1,Kurunegala - Puttalam Road,34.5156560347308
1239435066,3064572227,A10,AA010,Katugastota - Kurunegala - Puttalam,trunk,False,"['60', '70']",2,"['Kurunegala-Puttalam Road', 'Kurunegala - Puttalam Road']",19123.059223900727
1239435069,2186928769,A10,AA010,Katugastota - Kurunegala - Puttalam,trunk,True,50,1,Kurunegala - Puttalam Road,20.71999770456564
1239489670,3174892783,A19,AA019,Polgahawela - Kegalle,trunk,True,,,Polgahawela-Kegalle Road,28.28291674137889
1239489675,1239489670,A19,AA019,Polgahawela - Kegalle,trunk,True,60,,Polgahawela-Kegalle Road,37.50427713475828
1239489675,5319762817,A19,AA019,Polgahawela - Kegalle,trunk,False,60,2,Polgahawela-Kegalle Road,75.10648442357866
1239489695,1239489675,A19,AA019,Polgahawela - Kegalle,trunk,True,60,,Polgahawela-Kegalle Road,36.951225349896625
1239489717,1239489695,A19,AA019,Polgahawela - Kegalle,trunk,True,60,,Polgahawela-Kegalle Road,36.07036730523605
1241527366,9322671515,A11,AA011,Maradankadawela - Habarana - Tirikkondiadimadu,trunk,False,50,2,Habarana-Polonnaruwa-Batticaloa Road,41.53874159279151
1241527366,2304485540,A11,AA011,Maradankadawela - Habarana - Tirikkondiadimadu,trunk,False,"['60', '30', '50', '70']",2,"['Manampitiya Bridge', 'Habarana-Polonnaruwa-Batticaloa Road']",10205.402798293522
1249855906,50422936,A2,AA002,Colombo - Galle - Hambantota - Wellawaya,trunk,True,60,"['3', '2']",Galle Road,1556.327541053004
1268335758,2155584783,A3,AA003,Peliyagoda - Puttalam,trunk,True,70,2,Negombo Road,563.0451653299131
1269994723,4087054265,A3,AA003,Peliyagoda - Puttalam,trunk,True,60,2,Negombo Road,700.7722575290566
1274137040,665214512,A2,AA002,Colombo - Galle - Hambantota - Wellawaya,trunk,True,"['60', '70']","['4', '3']",Galle Road,24.144065850340994
1278003886,599347546,A2,AA002,Colombo - Galle - Hambantota - Wellawaya,trunk,True,60,3,Galle Road,1548.9245304308583
1278003887,2361900638,A2,AA002,Colombo - Galle - Hambantota - Wellawaya,trunk,True,50,3,Galle Road,819.4447029326735
1278079600,3164356590,A0,AA000,Kollupitiya - Sri Jayewardenepura,trunk,True,60,3,Alexandra Roundabout,25.95504240033646
1278079600,1280044911,A0,AA000,Kollupitiya - Sri Jayewardenepura,trunk,True,50,3,Ananda Coomaraswamy Mawatha,633.4801469588353
1278079633,1278079600,A0,AA000,Kollupitiya - Sri Jayewardenepura,trunk,True,60,3,Alexandra Roundabout,3.4715382339540324
1278079635,3164356590,A0,AA000,Kollupitiya - Sri Jayewardenepura,trunk,True,50,3,Ananda Coomaraswamy Mawatha,703.1517310806005
1278086414,2507098828,A3,AA003,Peliyagoda - Puttalam,trunk,True,60,2,Negombo Road,10.79447783045331
1278086605,651637359,A33,AA033,Ja-Ela - Ekala - Gampaha - Yakkala,trunk,False,60,2,Gampaha-Ja Ela Road,448.3142120811903
1278086605,2155580115,A33,AA033,Ja-Ela - Ekala - Gampaha - Yakkala,trunk,True,50,2,Gampaha-Ja Ela Road,63.55012015583456
1278169498,651637344,A33,AA033,Ja-Ela - Ekala - Gampaha - Yakkala,trunk,False,60,2,Gampaha-Ja Ela Road,24.298000064674746
1278169498,651637359,A33,AA033,Ja-Ela - Ekala - Gampaha - Yakkala,trunk,False,60,2,Gampaha-Ja Ela Road,15.096377877215154
1280044911,6277534245,A0,AA000,Kollupitiya - Sri Jayewardenepura,trunk,True,"['50', '60']",3,Ananda Coomaraswamy Mawatha,60.37906315310716
1280869010,665241266,A4,AA004,Colombo - Ratnapura - Wellawaya - Batticaloa,trunk,True,60,,York Street,22.791923502608984
1280869013,665241266,A4,AA004,Colombo - Ratnapura - Wellawaya - Batticaloa,trunk,True,60,2,Lotus Road,40.961460136220275
1282529649,5352929666,A2,AA002,Colombo - Galle - Hambantota - Wellawaya,trunk,False,70,4,Matara Road,19.401608209571453
1282529649,1674485421,A2,AA002,Colombo - Galle - Hambantota - Wellawaya,trunk,False,70,4,Matara Road,10961.14144212859
1307348559,2131864641,A0,AA000,Kollupitiya - Sri Jayewardenepura,trunk,True,60,3,Dudley Senanayake Mawatha (Castle Street),32.118437576766105
1331893829,3820002302,A5,AA005,Peradeniya - Badulla - Chenkaladi,trunk,False,50,1,Kandy Road,52.65909617483237
1331893829,3815809876,A5,AA005,Peradeniya - Badulla - Chenkaladi,trunk,False,50,2,Kandy Road,392.20002306410305
1331893829,2035811614,A5,AA005,Peradeniya - Badulla - Chenkaladi,trunk,False,50,1,Kandy Road,53.3158192735346
1340667695,1428650220,A2,AA002,Colombo - Galle - Hambantota - Wellawaya,trunk,False,70,"['4', '2']",Matara-Hambantota Road,1003.1066786816169
1340667695,77379011,A2,AA002,Colombo - Galle - Hambantota - Wellawaya,trunk,False,70,4,Matara-Hambantota Road,11499.342150467852
1346379037,6524681177,A0,AA000,Kollupitiya - Sri Jayewardenepura,trunk,True,"['60', '50']",3,Ananda Coomaraswamy Mawatha,164.94108420119426
1364655117,10575124012,A2,AA002,Colombo - Galle - Hambantota - Wellawaya,trunk,False,70,4,Matara Road,3142.739922490271
1364655117,1397140981,A2,AA002,Colombo - Galle - Hambantota - Wellawaya,trunk,False,60,2,Matara Road,33.40484074890382
1397090864,603247200,A2,AA002,Colombo - Galle - Hambantota - Wellawaya,trunk,False,60,2,Matara Road,129.72652704551564
1397090864,3935855296,A2,AA002,Colombo - Galle - Hambantota - Wellawaya,trunk,False,60,2,Matara Road,1031.9377559687355
1397128195,603247200,A2,AA002,Colombo - Galle - Hambantota - Wellawaya,trunk,False,60,2,Matara Road,24.717032394575668
1397128195,1181395615,A2,AA002,Colombo - Galle - Hambantota - Wellawaya,trunk,False,60,2,Matara Road,677.6738674554188
1397140981,3935855297,A2,AA002,Colombo - Galle - Hambantota - Wellawaya,trunk,False,60,2,Matara Road,1691.4024081779437
1397140981,1364655117,A2,AA002,Colombo - Galle - Hambantota - Wellawaya,trunk,False,60,2,Matara Road,33.40484074890382
1400433848,5169879074,A10,AA010,Katugastota - Kurunegala - Puttalam,trunk,True,40,,Katugastota-Kurunegala-Puttalam Road,33.96434764824868
1400433848,618604210,A10,AA010,Katugastota - Kurunegala - Puttalam,trunk,False,60,,Katugastota-Kurunegala-Puttalam Road,206.79482615064882
1401456461,5270751465,A12,AA012,Puttalam - Trincomalee,trunk,False,60,,Puttalam-Anuradhapura-Trincomalee Road,59508.86757344379
1401456461,7185588314,A12,AA012,Puttalam - Trincomalee,trunk,True,60,,Puttalam Road,98.54527988592987
1401472757,1028522572,A13,AA013,Galkulama - Anuradhapura,trunk,False,70,2,K. B. Ratnayake Mawatha,1963.7572189433552
1401472808,12118609956,A13,AA013,Galkulama - Anuradhapura,trunk,False,70,,Bandaranaike Mawatha,428.6868750708805
1401472937,12118609958,A13,AA013,Galkulama - Anuradhapura,trunk,True,70,,Bandaranaike Mawatha,42.363093746536094
1401472941,12118609956,A13,AA013,Galkulama - Anuradhapura,trunk,True,70,,Bandaranaike Mawatha,34.451158053323006
1401473045,11743149450,A13,AA013,Galkulama - Anuradhapura,trunk,True,70,,Bandaranaike Mawatha,21.92437428507111
1401473049,11572133444,A13,AA013,Galkulama - Anuradhapura,trunk,True,70,,Bandaranaike Mawatha,36.45475550964904
1401473103,1401473132,A12,AA012,Puttalam - Trincomalee,trunk,True,70,,Jayanthi Mawatha,39.62825553404545
1401473103,13567087001,A12,AA012,Puttalam - Trincomalee,trunk,False,60,,Jayanthi Mawatha,1414.1302862902899
1418994146,665685929,A2,AA002,Colombo - Galle - Hambantota - Wellawaya,trunk_link,False,50,,,9.109201766437913
1418994146,1425700953,A2,AA002,Colombo - Galle - Hambantota - Wellawaya,trunk,True,50,3,Galle Road,936.6055659807123
1420351659,1614298412,A2,AA002,Colombo - Galle - Hambantota - Wellawaya,trunk,False,70,2,Galle Road,1523.5707288165327
1420351659,2083533106,A2,AA002,Colombo - Galle - Hambantota - Wellawaya,trunk,False,"['60', '70']",2,Galle Road,4210.699857014849
1425700952,3448778696,A2,AA002,Colombo - Galle - Hambantota - Wellawaya,trunk,True,"['60', '50']","['3', '2']",Galle Road,865.1378303813706
1425700953,1278003887,A2,AA002,Colombo - Galle - Hambantota - Wellawaya,trunk,True,50,3,Galle Road,21.742200576359973
1427371818,1427371952,A1,AA001,Colombo - Kandy,trunk,False,70,2,Colombo-Kandy Road,3133.1944920119095
1427371818,3167641878,A1,AA001,Colombo - Kandy,trunk,False,70,2,Colombo-Kandy Road,2760.5683096894777
1427371952,1427371978,A1,AA001,Colombo - Kandy,trunk,False,70,2,Colombo-Kandy Road,582.9145919632646
1427371952,1427371818,A1,AA001,Colombo - Kandy,trunk,False,70,2,Colombo-Kandy Road,3133.1944920119104
1427371978,617967898,A1,AA001,Colombo - Kandy,trunk,False,70,2,Colombo-Kandy Road,464.94212262703326
1427371978,1427371952,A1,AA001,Colombo - Kandy,trunk,False,70,2,Colombo-Kandy Road,582.9145919632643
1428448780,1235750064,A0,AA000,Kollupitiya - Sri Jayewardenepura,trunk,True,70,3,Sri Jayewardenepura Mawatha,38.10886716886358
1428650220,3699494976,A2,AA002,Colombo - Galle - Hambantota - Wellawaya,trunk,False,70,2,Matara-Hambantota Road,5584.115236390617
1428650220,1340667695,A2,AA002,Colombo - Galle - Hambantota - Wellawaya,trunk,False,70,"['4', '2']",Matara-Hambantota Road,1003.106678681617
1428665347,1985676796,A18,AA018,Pelmadulla - Embilipitiya - Nonagama,trunk,False,72,2,Embilipitiya-Nonagama Road,5591.468892610185
1428665347,1985676681,A18,AA018,Pelmadulla - Embilipitiya - Nonagama,trunk,False,72,2,Embilipitiya-Nonagama Road,13232.339061482495
1429213457,6947814997,A0,AA000,Kollupitiya - Sri Jayewardenepura,trunk,True,70,3,Sri Jayewardenepura Mawatha,12.944525965544457
1429213459,403875118,A0,AA000,Kollupitiya - Sri Jayewardenepura,trunk,True,70,2,Sri Jayewardenepura Mawatha,45.53644763601168
1430578050,129615686,A4,AA004,Colombo - Ratnapura - Wellawaya - Batticaloa,trunk,False,60,,High Level Road,1612.9135343327318
1430578050,3379393108,A4,AA004,Colombo - Ratnapura - Wellawaya - Batticaloa,trunk,True,60,,High Level Road,918.107750994151
1431441533,61802550,A1,AA001,Colombo - Kandy,trunk,True,60,3,Baseline Road,91.02903861291011
1431441535,665686664,A1,AA001,Colombo - Kandy,trunk,True,60,3,"['Baseline Road', 'Dr. Danister de Silva Mawatha']",563.9323598899387
1446610177,2339285633,A8,AA008,Panadura - Nambapana - Ratnapura,trunk,False,"['50', '70']",2,Horana Road,9747.048431889283
1446610177,11765244590,A8,AA008,Panadura - Nambapana - Ratnapura,trunk,False,"['50', '70']",2,Horana Road,5316.135421980932
1446610199,245519497,A8,AA008,Panadura - Nambapana - Ratnapura,trunk,False,50,2,Ratnapura Road,25.719062035215792
1446610199,245519498,A8,AA008,Panadura - Nambapana - Ratnapura,trunk,False,50,2,Ratnapura Road,134.17202951218877
1475773455,3849049823,A3,AA003,Peliyagoda - Puttalam,trunk,True,60,2,Negombo Road,3461.2916387319738
1475786189,403899785,A3,AA003,Peliyagoda - Puttalam,trunk,True,60,2,Negombo Road,1143.6937360630163
1478609150,4693290695,A3,AA003,Peliyagoda - Puttalam,trunk,True,70,2,Colombo-Puttalam Road,1583.3470253414916
1506183874,3377393479,A2,AA002,Colombo - Galle - Hambantota - Wellawaya,trunk,True,60,2,Colombo Road,199.46808438023047
1571011417,3289420458,A33,AA033,Ja-Ela - Ekala - Gampaha - Yakkala,trunk,True,30,1,Gampaha-Ja Ela Road,28.71727143515827
1599036622,3279700971,A2,AA002,Colombo - Galle - Hambantota - Wellawaya,trunk,False,60,2,Matara Road,1753.5449039686468
1599036622,6542960916,A2,AA002,Colombo - Galle - Hambantota - Wellawaya,trunk,True,60,2,Matara Road,508.4283932564899
1614298412,1138480331,A2,AA002,Colombo - Galle - Hambantota - Wellawaya,trunk,False,70,2,Galle Road,59.00173347303018
1614298412,1420351659,A2,AA002,Colombo - Galle - Hambantota - Wellawaya,trunk,False,70,2,Galle Road,1523.5707288165331
1617989288,1637717826,A2,AA002,Colombo - Galle - Hambantota - Wellawaya,trunk,False,70,2,Galle Road,7295.3160527005075
1617989288,3749027775,A2,AA002,Colombo - Galle - Hambantota - Wellawaya,trunk,False,70,2,Galle Road,4886.080268113503
1636603514,6492863077,A17,AA017,Galle - Deniyaya - Madampe,trunk,True,70,2,Akuressa Road,46.60407502732741
1636603514,2434214580,A17,AA017,Galle - Deniyaya - Madampe,trunk,False,70,2,Akuressa Road,6706.695034156455
1637717826,1094458277,A2,AA002,Colombo - Galle - Hambantota - Wellawaya,trunk,False,70,2,Galle Road,9747.534513892722
1637717826,1617989288,A2,AA002,Colombo - Galle - Hambantota - Wellawaya,trunk,False,70,2,Galle Road,7295.316052700513
1650097492,4885745120,A2,AA002,Colombo - Galle - Hambantota - Wellawaya,trunk,True,60,2,New Tangalle Road,44.58828233724543
1650097492,2155946168,A2,AA002,Colombo - Galle - Hambantota - Wellawaya,trunk,False,60,2,New Tangalle Road,815.0660494564441
1651774036,1692793167,A9,AA009,Kandy - Jaffna,trunk,False,70,2,Kandy-Jaffna Road,800.9346692860973
1651774036,258025517,A9,AA009,Kandy - Jaffna,trunk,False,70,2,Kandy-Jaffna Road,280.2920990150264
1667080259,7103753926,A2,AA002,Colombo - Galle - Hambantota - Wellawaya,trunk,True,60,,Galle Road,1743.9284776636548
1667080259,1138324553,A2,AA002,Colombo - Galle - Hambantota - Wellawaya,trunk,False,60,,Galle Road,985.0590883370502
1668906602,1039403582,A0,AA000,Kollupitiya - Sri Jayewardenepura,trunk,True,70,2,Sri Jayewardenepura Mawatha,37.82838421705324
1674485421,1282529649,A2,AA002,Colombo - Galle - Hambantota - Wellawaya,trunk,False,70,4,Matara Road,10961.141442128586
1674485421,3081634069,A2,AA002,Colombo - Galle - Hambantota - Wellawaya,trunk,True,70,3,Matara Road,198.30571198139742
1674509843,1674510036,A2,AA002,Colombo - Galle - Hambantota - Wellawaya,trunk,True,70,2,Matara Road,590.7614789215363
1674509843,11542234727,A2,AA002,Colombo - Galle - Hambantota - Wellawaya,trunk,False,70,4,Matara Road,5005.26451979842
1674509938,10575124012,A2,AA002,Colombo - Galle - Hambantota - Wellawaya,trunk,True,70,2,Matara Road,119.82897363990077
1674510036,5352929666,A2,AA002,Colombo - Galle - Hambantota - Wellawaya,trunk,False,70,4,Matara Road,1155.5026543934036
1674510036,1674509843,A2,AA002,Colombo - Galle - Hambantota - Wellawaya,trunk,True,70,2,Matara Road,590.8666735679246
1675705732,130462216,A2,AA002,Colombo - Galle - Hambantota - Wellawaya,trunk,False,60,"['4', '2']",Matara Road,10563.988616485509
1675705732,1599036622,A2,AA002,Colombo - Galle - Hambantota - Wellawaya,trunk,True,60,2,Matara Road,604.6558268380012
1676479570,6277491043,A4,AA004,Colombo - Ratnapura - Wellawaya - Batticaloa,trunk,True,50,2,H. Sri Nassanka Mawatha (Maya Avenue),44.08050877381804
1676479570,4011680781,A4,AA004,Colombo - Ratnapura - Wellawaya - Batticaloa,trunk,False,50,4,H. Sri Nassanka Mawatha (Maya Avenue),354.9984673952262
1683151514,1683151517,A2,AA002,Colombo - Galle - Hambantota - Wellawaya,trunk,True,70,2,Galle Road,7.781469855197292
1683151516,7085684184,A2,AA002,Colombo - Galle - Hambantota - Wellawaya,trunk,True,60,2,Galle Road,538.982943216904
1683151517,9565952987,A2,AA002,Colombo - Galle - Hambantota - Wellawaya,trunk,True,70,2,Galle Road,311.78191179400443
1684534495,2082247572,A31,AA031,Karativu - Ampara,trunk,True,60,,"['D S Senanayake Road', 'Ampara-Karaitivu Road']",886.5247038264181
1684534497,1685409092,A25,AA025,Siyambalanduwa - Damana - Ampara,trunk,False,60,2,Siyambalanduwa-Damana-Ampara Road,6029.632556441808
1684534497,11715824039,A25,AA025,Siyambalanduwa - Damana - Ampara,trunk,True,60,1,Siyambalanduwa-Damana-Ampara Road,13.342536100914328
1684534515,13876145708,A25,AA025,Siyambalanduwa - Damana - Ampara,trunk,True,60,1,Siyambalanduwa-Damana-Ampara Road,12.346117428939536
1684534515,11715824040,A31,AA031,Karativu - Ampara,trunk,True,60,,Ampara-Karaitivu Road,5.891363178344634
1685409092,1684534497,A25,AA025,Siyambalanduwa - Damana - Ampara,trunk,False,60,2,Siyambalanduwa-Damana-Ampara Road,6029.632556441806
1685409092,1979513536,A25,AA025,Siyambalanduwa - Damana - Ampara,trunk,False,60,2,Siyambalanduwa-Damana-Ampara Road,4974.992257625096
1685488386,2145219371,A25,AA025,Siyambalanduwa - Damana - Ampara,trunk,False,60,2,Siyambalanduwa-Damana-Ampara Road,46210.97365609604
1692793167,1651774036,A9,AA009,Kandy - Jaffna,trunk,False,70,2,Kandy-Jaffna Road,800.9346692860976
1692793167,4911274821,A9,AA009,Kandy - Jaffna,trunk,True,70,2,Kandy-Jaffna Road,500.7483221665037
1694691156,5300884107,A4,AA004,Colombo - Ratnapura - Wellawaya - Batticaloa,trunk,True,72,2,Colombo Road,236.06647268741418
1694691223,912268077,A4,AA004,Colombo - Ratnapura - Wellawaya - Batticaloa,trunk,False,"['60', '72']",2,"['CRWB', 'Ratunapura-Wellawaya Road', 'Warakatota New Bridge', 'Main Street']",3202.9560859873523
1694691223,1694695673,A4,AA004,Colombo - Ratnapura - Wellawaya - Batticaloa,trunk,False,72,2,Main Street,357.9651416462715
1694695673,1694691223,A4,AA004,Colombo - Ratnapura - Wellawaya - Batticaloa,trunk,False,72,2,Main Street,357.96514164627143
1694695673,5299485480,A4,AA004,Colombo - Ratnapura - Wellawaya - Batticaloa,trunk,False,72,2,Main Street,246.87676250302792
1697437102,129610044,A4,AA004,Colombo - Ratnapura - Wellawaya - Batticaloa,trunk,False,60,"['1', '2']",High Level Road,5120.462948047062
1697437102,1723172770,A4,AA004,Colombo - Ratnapura - Wellawaya - Batticaloa,trunk,False,60,1,High Level Road,77.38784509196975
1697583102,129607626,A4,AA004,Colombo - Ratnapura - Wellawaya - Batticaloa,trunk,False,60,1,High Level Road,61.51756094245445
1697583102,619883043,A4,AA004,Colombo - Ratnapura - Wellawaya - Batticaloa,trunk,False,60,"['1', '2']",High Level Road,6609.443887265691
1708349295,1828234049,A4,AA004,Colombo - Ratnapura - Wellawaya - Batticaloa,trunk,False,50,2,Main Street,350.79799038423386
1708349295,1708349377,A4,AA004,Colombo - Ratnapura - Wellawaya - Batticaloa,trunk,False,50,2,Main Street,70.87024359495118
1708349356,4891891444,A4,AA004,Colombo - Ratnapura - Wellawaya - Batticaloa,trunk,False,72,2,Ratunapura-Wellawaya Road,8.121135192890925
1708349356,1708362766,A4,AA004,Colombo - Ratnapura - Wellawaya - Batticaloa,trunk,False,72,2,Ratunapura-Wellawaya Road,35.17681027300241
1708349359,4891891444,A4,AA004,Colombo - Ratnapura - Wellawaya - Batticaloa,trunk,False,72,2,Ratunapura-Wellawaya Road,21.89423752295052
1708349359,1828217445,A4,AA004,Colombo - Ratnapura - Wellawaya - Batticaloa,trunk,False,"['50', '72']",2,"['Ratunapura-Wellawaya Road', 'Main Street']",93.95052080968992
1708349370,4891891342,A4,AA004,Colombo - Ratnapura - Wellawaya - Batticaloa,trunk,True,50,1,Ratunapura-Wellawaya Road,27.045016995353983
1708349370,4851065488,A4,AA004,Colombo - Ratnapura - Wellawaya - Batticaloa,trunk,False,72,2,Ratunapura-Wellawaya Road,23587.115993938693
1708349377,1708349295,A4,AA004,Colombo - Ratnapura - Wellawaya - Batticaloa,trunk,False,50,2,Main Street,70.87024359495118
1708349377,6228139618,A4,AA004,Colombo - Ratnapura - Wellawaya - Batticaloa,trunk,True,50,1,Ratunapura-Wellawaya Road,21.628923376339284
1708362766,1708362825,A4,AA004,Colombo - Ratnapura - Wellawaya - Batticaloa,trunk,False,72,2,Ratunapura-Wellawaya Road,295.73382030335074
1708362766,1708349356,A4,AA004,Colombo - Ratnapura - Wellawaya - Batticaloa,trunk,False,72,2,Ratunapura-Wellawaya Road,35.17681027300241
1708362825,2077442148,A4,AA004,Colombo - Ratnapura - Wellawaya - Batticaloa,trunk,False,72,2,Ratunapura-Wellawaya Road,3293.4986404317096
1708362825,1708362766,A4,AA004,Colombo - Ratnapura - Wellawaya - Batticaloa,trunk,False,72,2,Ratunapura-Wellawaya Road,295.7338203033508
1709997728,1709997745,A4,AA004,Colombo - Ratnapura - Wellawaya - Batticaloa,trunk,False,72,2,Ratunapura-Wellawaya Road,24.02754523849331
1709997728,2077442148,A4,AA004,Colombo - Ratnapura - Wellawaya - Batticaloa,trunk,False,72,2,Ratunapura-Wellawaya Road,13267.016163183749
1709997745,1712467077,A4,AA004,Colombo - Ratnapura - Wellawaya - Batticaloa,trunk,False,72,2,Ratunapura-Wellawaya Road,11288.535796682469
1709997745,1709997728,A4,AA004,Colombo - Ratnapura - Wellawaya - Batticaloa,trunk,False,72,2,Ratunapura-Wellawaya Road,24.027545238493314
1712466837,1712467077,A4,AA004,Colombo - Ratnapura - Wellawaya - Batticaloa,trunk,False,72,2,Ratunapura-Wellawaya Road,105.01355522351709
1712466837,603240427,A4,AA004,Colombo - Ratnapura - Wellawaya - Batticaloa,trunk,False,72,2,Ratunapura-Wellawaya Road,9453.594698430648
1712467077,1709997745,A4,AA004,Colombo - Ratnapura - Wellawaya - Batticaloa,trunk,False,72,2,Ratunapura-Wellawaya Road,11288.535796682463
1712467077,1712466837,A4,AA004,Colombo - Ratnapura - Wellawaya - Batticaloa,trunk,False,72,2,Ratunapura-Wellawaya Road,105.0135552235171
1720491739,1722823167,A4,AA004,Colombo - Ratnapura - Wellawaya - Batticaloa,trunk,False,70,2,Wellawaya-Pottuvil Road,8414.880881192448
1720491739,3351203885,A4,AA004,Colombo - Ratnapura - Wellawaya - Batticaloa,trunk,False,70,2,Wellawaya-Pottuvil Road,6175.005006783507
1720902666,610951677,A2,AA002,Colombo - Galle - Hambantota - Wellawaya,trunk,False,70,2,Hambantota-Wellawaya Road,5918.142805374273
1720902666,610970078,A2,AA002,Colombo - Galle - Hambantota - Wellawaya,trunk,False,70,2,Hambantota-Wellawaya Road,7346.791010249418
1722823167,1809805397,A4,AA004,Colombo - Ratnapura - Wellawaya - Batticaloa,trunk,False,70,2,Wellawaya-Pottuvil Road,7143.188067196888
1722823167,1720491739,A4,AA004,Colombo - Ratnapura - Wellawaya - Batticaloa,trunk,False,70,2,Wellawaya-Pottuvil Road,8414.88088119245
1723172770,1697437102,A4,AA004,Colombo - Ratnapura - Wellawaya - Batticaloa,trunk,False,60,1,High Level Road,77.38784509196977
1723172770,129607626,A4,AA004,Colombo - Ratnapura - Wellawaya - Batticaloa,trunk,False,60,1,High Level Road,464.77146848766074
1723290054,3145257097,A18,AA018,Pelmadulla - Embilipitiya - Nonagama,trunk,False,72,,Pelmadulla-Embilipitiya Road,26.292767839203297
1723290054,4045295806,A18,AA018,Pelmadulla - Embilipitiya - Nonagama,trunk,False,72,,Pelmadulla-Embilipitiya Road,15323.231889661018
1723700615,1750944667,A4,AA004,Colombo - Ratnapura - Wellawaya - Batticaloa,trunk,False,72,,Colombo Road,1233.8443144430828
1723700615,3937818079,A4,AA004,Colombo - Ratnapura - Wellawaya - Batticaloa,trunk,True,72,,Colombo Road,44.81602300684703
1725053695,2231309667,A4,AA004,Colombo - Ratnapura - Wellawaya - Batticaloa,trunk,False,70,2,Pottuvil-Batticloa Road,16820.02293045544
1725053695,4067142493,A4,AA004,Colombo - Ratnapura - Wellawaya - Batticaloa,trunk,False,70,2,Pottuvil-Batticloa Road,28105.99100431554
1727358941,3813344287,A9,AA009,Kandy - Jaffna,trunk,False,60,2,Matale Road,772.5292378925122
1727358941,258049267,A9,AA009,Kandy - Jaffna,trunk,False,60,2,Matale Road,2671.0327318817635
1731470200,4140985755,A10,AA010,Katugastota - Kurunegala - Puttalam,trunk,False,60,,Katugastota-Kurunegala-Puttalam Road,19.386885722721903
1731470200,4140985756,A10,AA010,Katugastota - Kurunegala - Puttalam,trunk,False,60,,Katugastota-Kurunegala-Puttalam Road,1805.9612157623787
1737618827,2152800310,A18,AA018,Pelmadulla - Embilipitiya - Nonagama,trunk,False,60,,Pelmadulla-Embilipitiya Road,6033.451426475687
1737618827,4851072866,A18,AA018,Pelmadulla - Embilipitiya - Nonagama,trunk,True,,1,Pelmadulla-Embilipitiya Road,21.304596961369324
1745895523,1813587322,A2,AA002,Colombo - Galle - Hambantota - Wellawaya,trunk,False,70,2,Tangalle Road,9876.97251735543
1745895523,13709350352,A2,AA002,Colombo - Galle - Hambantota - Wellawaya,trunk,False,70,2,Tangalle Road,27.23694024683934
1750306782,3256396052,A2,AA002,Colombo - Galle - Hambantota - Wellawaya,trunk,False,70,2,"['Matara-Hambantota Road', 'Tangalle Road']",7389.58399057851
1750306782,33389466,A2,AA002,Colombo - Galle - Hambantota - Wellawaya,trunk,False,70,2,Tangalle Road,3009.232842937476
1750869639,4045295806,A18,AA018,Pelmadulla - Embilipitiya - Nonagama,trunk,False,72,,Pelmadulla-Embilipitiya Road,14695.511689619947
1750869639,1780055690,A17,AA017,Galle - Deniyaya - Madampe,trunk,False,70,2,Ratnapura Road,12331.015522067017
1750869639,2152800360,A18,AA018,Pelmadulla - Embilipitiya - Nonagama,trunk,False,"['60', '72']",,Pelmadulla-Embilipitiya Road,6782.387561117253
1750944667,1723700615,A4,AA004,Colombo - Ratnapura - Wellawaya - Batticaloa,trunk,False,72,,Colombo Road,1233.844314443083
1750944667,3937837967,A4,AA004,Colombo - Ratnapura - Wellawaya - Batticaloa,trunk,True,72,,Colombo Road,36.17200208899702
1751020481,3937818139,A4,AA004,Colombo - Ratnapura - Wellawaya - Batticaloa,trunk,False,72,2,Colombo Road,254.0748818782389
1751020481,2149942832,A4,AA004,Colombo - Ratnapura - Wellawaya - Batticaloa,trunk,False,72,2,Colombo Road,3578.2706231392076
1780055679,1780055690,A17,AA017,Galle - Deniyaya - Madampe,trunk,False,70,2,Ratnapura Road,44.436565769519646
1780055679,2017404189,A17,AA017,Galle - Deniyaya - Madampe,trunk,False,70,2,Ratnapura Road,17583.600943960213
1780055690,1750869639,A17,AA017,Galle - Deniyaya - Madampe,trunk,False,70,2,Ratnapura Road,12331.015522067024
1780055690,1780055679,A17,AA017,Galle - Deniyaya - Madampe,trunk,False,70,2,Ratnapura Road,44.436565769519646
1781355217,60797926,A2,AA002,Colombo - Galle - Hambantota - Wellawaya,trunk,False,70,"['4', '2']",Galle Road,1673.3593103400183
1781355217,7095171150,A2,AA002,Colombo - Galle - Hambantota - Wellawaya,trunk,False,70,4,Galle Road,4634.393590393077
1783942571,10130033784,A26,AA026,Kandy - Mahiyangana - Padiyatalawa,trunk,False,60,,Kandy-Mahiyanganaya-Padiyatalawa Road,11369.88651294338
1783942571,4814119811,A26,AA026,Kandy - Mahiyangana - Padiyatalawa,trunk,True,50,2,Kandy-Mahiyanganaya-Padiyatalawa Road,74.40225672325481
1783974992,10016226413,A5,AA005,Peradeniya - Badulla - Chenkaladi,trunk,False,70,2,Badulla-Chenkaladi Road,8.741670621414244
1783974992,10016226406,A5,AA005,Peradeniya - Badulla - Chenkaladi,trunk,False,70,2,Badulla-Chenkaladi Road,36.96482880431259
1791337297,1979375863,A22,AA022,Passara - Moneragala,trunk,False,70,2,Passara-Moneragala Road,6858.5329480956325
1791337297,1945675344,A22,AA022,Passara - Moneragala,trunk,True,50,1,Passara-Moneragala Road,32.64976933628951
1792802798,12761661747,A31,AA031,Karativu - Ampara,trunk,True,50,,Ampara-Karavitu Road,72.77983081500285
1792802798,3316122472,A31,AA031,Karativu - Ampara,trunk,False,"['50', '60']",,Ampara-Karavitu Road,4449.643060424782
1795321756,4663255502,A2,AA002,Colombo - Galle - Hambantota - Wellawaya,trunk,True,50,2,Galle Road,308.9699095252252
1795321763,1795321756,A2,AA002,Colombo - Galle - Hambantota - Wellawaya,trunk,True,50,2,Galle Road,388.2305205639244
1795321908,1795321763,A2,AA002,Colombo - Galle - Hambantota - Wellawaya,trunk,True,70,,Galle Road,317.70709210870336
1795321973,2340037600,A2,AA002,Colombo - Galle - Hambantota - Wellawaya,trunk,True,70,,Galle Road,451.556788958728
1795322023,2340036296,A2,AA002,Colombo - Galle - Hambantota - Wellawaya,trunk,True,70,,Galle Road,201.77561305575068
1795322086,2347147693,A2,AA002,Colombo - Galle - Hambantota - Wellawaya,trunk,True,70,,Galle Road,14.922330460222213
1796922853,2079537942,A8,AA008,Panadura - Nambapana - Ratnapura,trunk,False,50,2,Ratnapura Road,42.88341402539773
1796922853,253718899,A8,AA008,Panadura - Nambapana - Ratnapura,trunk,False,"['50', '70']",2,Ratnapura Road,13020.355516633586
1796922874,2079537942,A8,AA008,Panadura - Nambapana - Ratnapura,trunk,False,70,2,Ratnapura Road,1030.5039444526285
1796922874,5264919265,A8,AA008,Panadura - Nambapana - Ratnapura,trunk,False,70,2,Ratnapura Road,15328.977556037855
1797858594,5264919265,A8,AA008,Panadura - Nambapana - Ratnapura,trunk,False,70,2,Ratnapura Road,1097.6216299271
1797858594,310860950,A8,AA008,Panadura - Nambapana - Ratnapura,trunk,False,"['50', '70']",2,Ratnapura Road,17821.80118892629
1797964180,1803663804,A4,AA004,Colombo - Ratnapura - Wellawaya - Batticaloa,trunk,False,60,2,Colombo Road,154.4918498767295
1797964180,3491135824,A7,AA007,Avissawella - Hatton - Nuwara Eliya,trunk,False,60,2,Yatiyantota Road,26.572622027013615
1797964206,1803663804,A4,AA004,Colombo - Ratnapura - Wellawaya - Batticaloa,trunk,False,60,1,Colombo Road,83.90317217302277
1797964206,2141873197,A4,AA004,Colombo - Ratnapura - Wellawaya - Batticaloa,trunk,False,60,"['2', '1']","['Colombo Road', 'High Level Road']",3842.199081018821
1803663804,1797964180,A4,AA004,Colombo - Ratnapura - Wellawaya - Batticaloa,trunk,False,60,2,Colombo Road,154.4918498767295
1803663804,1797964206,A4,AA004,Colombo - Ratnapura - Wellawaya - Batticaloa,trunk,False,60,1,Colombo Road,83.90317217302277
1807810047,4959610635,A5,AA005,Peradeniya - Badulla - Chenkaladi,trunk,False,70,2,Badulla-Chenkaladi Road,40128.90246631225
1809637851,3804182781,A9,AA009,Kandy - Jaffna,trunk,True,60,4,Madawala Road,60.41751983375299
1809637872,1809637851,A9,AA009,Kandy - Jaffna,trunk,True,60,4,Madawala Road,18.06556524618633
1809805271,2404061091,A2,AA002,Colombo - Galle - Hambantota - Wellawaya,trunk,False,70,2,Hambantota-Wellawaya Road,2357.1944627426155
1809805271,3674901134,A2,AA002,Colombo - Galle - Hambantota - Wellawaya,trunk,False,70,2,Hambantota-Wellawaya Road,219.05720817889545
1809805397,1945675344,A4,AA004,Colombo - Ratnapura - Wellawaya - Batticaloa,trunk,False,70,2,Wellawaya-Pottuvil Road,21.384596808274992
1809805397,1722823167,A4,AA004,Colombo - Ratnapura - Wellawaya - Batticaloa,trunk,False,70,2,Wellawaya-Pottuvil Road,7143.188067196884
1809805397,1791337297,A22,AA022,Passara - Moneragala,trunk,True,50,1,Passara-Moneragala Road,40.89316127359302
1809805500,2418603897,A4,AA004,Colombo - Ratnapura - Wellawaya - Batticaloa,trunk,False,70,2,Wellawaya-Pottuvil Road,90.77193161003892
1809805500,1945675344,A4,AA004,Colombo - Ratnapura - Wellawaya - Batticaloa,trunk,False,70,2,Wellawaya-Pottuvil Road,2361.1466133515514
1813587322,3279650334,A2,AA002,Colombo - Galle - Hambantota - Wellawaya,trunk,False,70,2,Tangalle Road,4331.2457516802
1813587322,1745895523,A2,AA002,Colombo - Galle - Hambantota - Wellawaya,trunk,False,70,2,Tangalle Road,9876.972517355423
1818583225,3699494976,A2,AA002,Colombo - Galle - Hambantota - Wellawaya,trunk,False,70,2,Matara-Hambantota Road,7.03936094435123
1818583225,1985676681,A2,AA002,Colombo - Galle - Hambantota - Wellawaya,trunk,False,70,"['4', '2']",Matara-Hambantota Road,6897.168291620069
1828217445,4891890160,A4,AA004,Colombo - Ratnapura - Wellawaya - Batticaloa,trunk,True,50,2,Main Street,12.967589814132351
1828217445,1708349359,A4,AA004,Colombo - Ratnapura - Wellawaya - Batticaloa,trunk,False,"['50', '72']",2,"['Ratunapura-Wellawaya Road', 'Main Street']",93.95052080968992
1828234049,1708349295,A4,AA004,Colombo - Ratnapura - Wellawaya - Batticaloa,trunk,False,50,2,Main Street,350.79799038423386
1830490073,5273425373,A5,AA005,Peradeniya - Badulla - Chenkaladi,trunk,False,60,2,T. B. Panabokke Mawatha (Gangasiri Road),573.3261088470248
1830490073,4142250033,A5,AA005,Peradeniya - Badulla - Chenkaladi,trunk,False,60,2,"['Gampola Bridge', 'Nuwara Eliya Road']",149.50222424316323
1834922625,1834981477,A5,AA005,Peradeniya - Badulla - Chenkaladi,trunk,False,60,2,Nuwara Eliya Road,9410.655324042395
1834922625,49378902,A5,AA005,Peradeniya - Badulla - Chenkaladi,trunk,False,60,2,Nuwara Eliya Road,12237.541873641998
1834981477,1834922625,A5,AA005,Peradeniya - Badulla - Chenkaladi,trunk,False,60,2,Nuwara Eliya Road,9410.655324042404
1834981477,3254670926,A5,AA005,Peradeniya - Badulla - Chenkaladi,trunk,False,60,2,Nuwara Eliya Road,2657.5856767534283
1840750860,2966142458,A1,AA001,Colombo - Kandy,trunk,True,60,"['3', '2']",Colombo-Kandy Road,1873.2918366185293
1841475983,3960797183,A2,AA002,Colombo - Galle - Hambantota - Wellawaya,trunk,True,60,2,Matara-Hambantota Road,23.979453269792696
1841475983,102737846,A2,AA002,Colombo - Galle - Hambantota - Wellawaya,trunk,False,70,2,Matara-Hambantota Road,747.4759236683827
1847947584,3658420115,A3,AA003,Peliyagoda - Puttalam,trunk,True,70,2,Colombo-Puttalam Road,12.974060506591508
1855322535,263179584,A5,AA005,Peradeniya - Badulla - Chenkaladi,trunk,False,50,2,Meewatura Road,1680.9618925720652
1855322535,13625281401,A5,AA005,Peradeniya - Badulla - Chenkaladi,trunk,False,50,2,"['Penideniya Bridge', 'Penideniya Road']",254.60154747268842
1862815981,1862815989,A4,AA004,Colombo - Ratnapura - Wellawaya - Batticaloa,trunk,False,60,2,High Level Road,16.034770914738107
1862815981,2141873197,A4,AA004,Colombo - Ratnapura - Wellawaya - Batticaloa,trunk,False,60,"['2', '1']",High Level Road,11785.81259028304
1862815989,1862815981,A4,AA004,Colombo - Ratnapura - Wellawaya - Batticaloa,trunk,False,60,2,High Level Road,16.034770914738107
1862815989,1150403364,A4,AA004,Colombo - Ratnapura - Wellawaya - Batticaloa,trunk,False,60,"['2', '1']",High Level Road,1014.3062410958298
1863416593,619224226,A1,AA001,Colombo - Kandy,trunk,True,60,3,Dr. Danister de Silva Mawatha,12.665319192494476
1863416593,3307476616,A1,AA001,Colombo - Kandy,trunk,True,60,3,"['Sri Saddharma Mawatha', 'Pradeepa Mawatha']",1582.0771210733737
1863416599,619224223,A1,AA001,Colombo - Kandy,trunk,True,60,3,Dr. Danister de Silva Mawatha,12.57731002375926
1880627813,8032417735,A9,AA009,Kandy - Jaffna,trunk,False,70,2,Kandy-Jaffna Road,292.2509030953581
1880627813,3518417590,A9,AA009,Kandy - Jaffna,trunk,False,70,2,Kandy-Jaffna Road,9359.640588605884
1880627815,13749558419,A9,AA009,Kandy - Jaffna,trunk,False,70,,Kandy-Jaffna Road,9251.77031359638
1880627815,8032417734,A9,AA009,Kandy - Jaffna,trunk,False,70,,Kandy-Jaffna Road,116.96011744196498
1883639101,7262802916,A4,AA004,Colombo - Ratnapura - Wellawaya - Batticaloa,trunk,True,60,2,New Kalmunai Road,1348.2167337821136
1883639101,3316122451,A4,AA004,Colombo - Ratnapura - Wellawaya - Batticaloa,trunk,False,"['60', '70']",2,"['Pottuvil-Batticaloa Road', 'New Kalmunai Road']",35704.45421092344
1886079221,13749558430,A9,AA009,Kandy - Jaffna,trunk,False,70,,Kandy-Jaffna Road,23.032291752149572
1886079226,13749558417,A20,AA020,Anuradhapura - Rambewa,trunk,True,60,1,Jaffna Road,22.37316144462252
1889362430,3649878436,A3,AA003,Peliyagoda - Puttalam,trunk,False,70,2,Colombo-Puttalam Road,11566.134152190038
1889362430,3658420115,A3,AA003,Peliyagoda - Puttalam,trunk,False,70,2,Colombo-Puttalam Road,24440.580346383726
1908190206,1280869010,A4,AA004,Colombo - Ratnapura - Wellawaya - Batticaloa,trunk,True,60,,York Street,31.405287367676568
1912464464,618528183,A0,AA000,Kollupitiya - Sri Jayewardenepura,trunk,True,70,"['3', '2']",Sri Jayewardenepura Mawatha,341.39100984024316
1924772358,3664895152,A3,AA003,Peliyagoda - Puttalam,trunk,True,60,2,Kandy Road,59.93345543503031
1924772358,325009601,A3,AA003,Peliyagoda - Puttalam,trunk,False,60,4,Kandy Road,374.710984261841
1945604950,1945605121,A5,AA005,Peradeniya - Badulla - Chenkaladi,trunk,False,"['60', '70']",2,"['Badulla-Passara Road', 'Passara Road']",14678.940149443213
1945604950,3298069926,A5,AA005,Peradeniya - Badulla - Chenkaladi,trunk,False,60,2,Passara Road,897.6424650441119
1945605121,13872342556,A5,AA005,Peradeniya - Badulla - Chenkaladi,trunk,False,70,2,Badulla-Passara Road,3340.483088675497
1945605121,1945604950,A5,AA005,Peradeniya - Badulla - Chenkaladi,trunk,False,"['60', '70']",2,"['Badulla-Passara Road', 'Passara Road']",14678.940149443224
1945644699,13872342556,A5,AA005,Peradeniya - Badulla - Chenkaladi,trunk,False,70,2,Badulla-Chenkaladi Road,16.862810462038738
1945644699,3527283166,A5,AA005,Peradeniya - Badulla - Chenkaladi,trunk,False,70,2,Badulla-Chenkaladi Road,2575.5535506353035
1945675344,1809805397,A4,AA004,Colombo - Ratnapura - Wellawaya - Batticaloa,trunk,False,70,2,Wellawaya-Pottuvil Road,21.384596808274992
1945675344,1809805500,A4,AA004,Colombo - Ratnapura - Wellawaya - Batticaloa,trunk,False,70,2,Wellawaya-Pottuvil Road,2361.14661335155
1971623281,5055655471,A12,AA012,Puttalam - Trincomalee,trunk,False,60,,Mihintale Road,2770.548905475873
1979346418,10016226414,A5,AA005,Peradeniya - Badulla - Chenkaladi,trunk,False,70,2,Badulla-Chenkaladi Road,26012.87524906283
1979346418,2398925514,A5,AA005,Peradeniya - Badulla - Chenkaladi,trunk,False,70,2,Badulla-Chenkaladi Road,622.3400781687171
1979375863,2400768904,A22,AA022,Passara - Moneragala,trunk,False,70,2,Passara-Moneragala Road,10180.237591994783
1979375863,1791337297,A22,AA022,Passara - Moneragala,trunk,False,70,2,Passara-Moneragala Road,6858.532948095629
1979513536,1685409092,A25,AA025,Siyambalanduwa - Damana - Ampara,trunk,False,60,2,Siyambalanduwa-Damana-Ampara Road,4974.992257625095
1980552001,258049453,A9,AA009,Kandy - Jaffna,trunk,False,70,,Kandy-Jaffna Road,5588.810016391811
1980552001,258049396,A9,AA009,Kandy - Jaffna,trunk,False,70,,Kandy-Jaffna Road,410.00932537997016
1980552009,3616502607,A9,AA009,Kandy - Jaffna,trunk,False,60,2,Matale Road,1015.2087022738142
1980552009,3804182781,A9,AA009,Kandy - Jaffna,trunk,False,60,2,Matale Road,2974.089303621952
1980566512,1980566518,A1,AA001,Colombo - Kandy,trunk,False,70,2,Colombo-Kandy Road,11.21860690142353
1980566512,7087535778,A1,AA001,Colombo - Kandy,trunk,False,70,2,Colombo-Kandy Road,7185.388467216301
1980566518,1980566512,A1,AA001,Colombo - Kandy,trunk,False,70,2,Colombo-Kandy Road,11.21860690142353
1980566518,13811688268,A1,AA001,Colombo - Kandy,trunk,False,70,2,Colombo-Kandy Road,5541.768201578902
1981147403,7599684152,A9,AA009,Kandy - Jaffna,trunk,False,70,2,Anuradhapura Road,9.552765861709922
1981147403,7927509189,A9,AA009,Kandy - Jaffna,trunk,False,70,2,Anuradhapura Road,6740.940288269221
1981147409,3518425514,A9,AA009,Kandy - Jaffna,trunk,True,"['60', '40']",,Anuradhapura Road,179.34543642072228
1981468985,2835617074,A12,AA012,Puttalam - Trincomalee,trunk,True,60,,Maithripala Senanayake Mawatha (Main Street),27.099809415557562
1981468985,566574620,A12,AA012,Puttalam - Trincomalee,trunk,False,60,,Maithripala Senanayake Mawatha (Main Street),709.1928890592952
1985676681,1428665347,A18,AA018,Pelmadulla - Embilipitiya - Nonagama,trunk,False,72,2,Embilipitiya-Nonagama Road,13232.339061482498
1985676681,8726439508,A2,AA002,Colombo - Galle - Hambantota - Wellawaya,trunk,False,70,"['4', '2']",Matara-Hambantota Road,8622.527884118903
1985676681,1818583225,A2,AA002,Colombo - Galle - Hambantota - Wellawaya,trunk,False,70,"['4', '2']",Matara-Hambantota Road,6897.168291620067
1985676796,3147021776,A18,AA018,Pelmadulla - Embilipitiya - Nonagama,trunk,False,72,2,Embilipitiya-Nonagama Road,11549.852028524143
1985676796,1428665347,A18,AA018,Pelmadulla - Embilipitiya - Nonagama,trunk,False,72,2,Embilipitiya-Nonagama Road,5591.468892610186
2011981296,5190957525,A5,AA005,Peradeniya - Badulla - Chenkaladi,trunk,False,60,2,Badulla Road,118.88299045569867
2011981296,1147075948,A5,AA005,Peradeniya - Badulla - Chenkaladi,trunk,False,60,2,Nuwara Eliya Road,9741.710394054886
2011981296,10166776387,A16,AA016,Beragala - Hali-Ela,trunk,False,"['50', '70']",2,"['Bandarawela Road', 'Badulla-Bandarawela Road']",3638.194823905239
2015265415,6509327434,A21,AA021,Kegalle - Bulathkohupitiya - Karawanella,trunk,True,40,1,Kegalle-Bulathkohupitiya-Karawanella Road,38.15188349783376
2015265415,3514826047,A21,AA021,Kegalle - Bulathkohupitiya - Karawanella,trunk,False,60,2,Kegalle-Bulathkohupitiya-Karawanella Road,4807.631434322453
2015265450,2021573972,A7,AA007,Avissawella - Hatton - Nuwara Eliya,trunk,False,60,2,Yatiyantota Road,1610.4247255045948
2015265450,3217150039,A7,AA007,Avissawella - Hatton - Nuwara Eliya,trunk,True,40,1,Yatiyantota Road,30.406301876267726
2017404189,1780055679,A17,AA017,Galle - Deniyaya - Madampe,trunk,False,70,2,Ratnapura Road,17583.600943960235
2017404189,4267522204,A17,AA017,Galle - Deniyaya - Madampe,trunk,False,70,2,Ratnapura Road,34529.02903584013
2021573972,2015265450,A7,AA007,Avissawella - Hatton - Nuwara Eliya,trunk,False,60,2,Yatiyantota Road,1610.4247255045946
2021573972,2087260972,A7,AA007,Avissawella - Hatton - Nuwara Eliya,trunk,False,60,2,Yatiyantota Road,4352.897709726697
2026106458,2552014491,A16,AA016,Beragala - Hali-Ela,trunk,False,60,2,Beragala-Hali-Ela Road,1534.444804752338
2026106458,77381284,A16,AA016,Beragala - Hali-Ela,trunk,False,60,2,Beragala-Hali-Ela Road,155.92811919812362
2026114935,2078611991,A5,AA005,Peradeniya - Badulla - Chenkaladi,trunk,False,60,2,Nuwara Eliya-Badulla Road,249.9653033120913
2026114935,2026114937,A5,AA005,Peradeniya - Badulla - Chenkaladi,trunk,False,60,2,Nuwara Eliya-Badulla Road,157.48646124988238
2026114937,2026114935,A5,AA005,Peradeniya - Badulla - Chenkaladi,trunk,False,60,2,Nuwara Eliya-Badulla Road,157.48646124988235
2026114937,49368243,A5,AA005,Peradeniya - Badulla - Chenkaladi,trunk,False,60,2,Nuwara Eliya-Badulla Road,351.4177650315423
2028303897,4787694002,A1,AA001,Colombo - Kandy,trunk,True,70,2,Colombo-Kandy Road,1396.7529091879956
2028303947,3600553588,A1,AA001,Colombo - Kandy,trunk,True,70,2,Colombo-Kandy Road,2384.8457198480555
2034206073,268931354,A4,AA004,Colombo - Ratnapura - Wellawaya - Batticaloa,trunk,True,50,,Sri Sambuddhatwa Jayanthi Mawatha (Havelock Road),399.48242956506937
2035811429,77682693,A5,AA005,Peradeniya - Badulla - Chenkaladi,trunk,False,50,2,Queen Elizabeth Drive,202.26184497315472
2035811429,3820002325,A5,AA005,Peradeniya - Badulla - Chenkaladi,trunk,False,50,1,Queen Elizabeth Drive,19.097673312787343
2035811429,3820002304,A5,AA005,Peradeniya - Badulla - Chenkaladi,trunk,False,50,,Queen Elizabeth Drive,18.192425923088088
2035811614,1331893829,A5,AA005,Peradeniya - Badulla - Chenkaladi,trunk,False,50,1,Kandy Road,53.3158192735346
2055564960,10065277052,A26,AA026,Kandy - Mahiyangana - Padiyatalawa,trunk,False,60,,Kandy-Mahiyanganaya-Padiyatalawa Road,4850.028794737806
2055564960,3203303832,A26,AA026,Kandy - Mahiyangana - Padiyatalawa,trunk,False,60,,"['Kandy-Mahiyanganaya-Padiyatalawa Road', 'Kandy-Mahiyanganaya Road']",34864.539204437664
2057041156,3293925970,A5,AA005,Peradeniya - Badulla - Chenkaladi,trunk,True,60,2,Badulla Road,114.26726684999005
2057041156,5190957525,A5,AA005,Peradeniya - Badulla - Chenkaladi,trunk,False,60,2,Badulla Road,2444.000980154292
2064203704,2155634710,A3,AA003,Peliyagoda - Puttalam,trunk,True,60,2,Negombo Road,610.7384348543346
2066330708,3150421787,A0,AA000,Kollupitiya - Sri Jayewardenepura,trunk,True,60,2,Dudley Senanayake Mawatha (Castle Street),10.29106031259758
2068162856,7030921398,A4,AA004,Colombo - Ratnapura - Wellawaya - Batticaloa,trunk,True,60,4,High Level Road,1001.265034948217
2068162856,129615686,A4,AA004,Colombo - Ratnapura - Wellawaya - Batticaloa,trunk,False,60,,High Level Road,2043.7095440486084
2068162900,7030921386,A4,AA004,Colombo - Ratnapura - Wellawaya - Batticaloa,trunk,True,60,2,High Level Road,35.183554462716984
2071116345,619956323,A4,AA004,Colombo - Ratnapura - Wellawaya - Batticaloa,trunk,False,50,,High Level Road,16.81489729007958
2071116345,129615924,A4,AA004,Colombo - Ratnapura - Wellawaya - Batticaloa,trunk,False,"['50', '60']",,High Level Road,975.8163318056762
2077442148,1709997728,A4,AA004,Colombo - Ratnapura - Wellawaya - Batticaloa,trunk,False,72,2,Ratunapura-Wellawaya Road,13267.016163183747
2077442148,1708362825,A4,AA004,Colombo - Ratnapura - Wellawaya - Batticaloa,trunk,False,72,2,Ratunapura-Wellawaya Road,3293.49864043171
2078322240,257926316,A26,AA026,Kandy - Mahiyangana - Padiyatalawa,"['primary', 'trunk']",False,"['60', '50', '70']",2,"['Anagarika Dharmapala Mawatha', 'Weera Madduma Bandara Mawatha', 'Sangaraja Mawatha']",1796.3099314856108
2078322240,8605932100,A26,AA026,Kandy - Mahiyangana - Padiyatalawa,trunk,False,60,2,Anagarika Dharmapala Mawatha,19.886028940719036
2078328569,2907674340,A1,AA001,Colombo - Kandy,trunk,False,60,2,Colombo-Kandy Road,1595.673599763792
2078328569,2910325921,A1,AA001,Colombo - Kandy,trunk,False,60,2,Colombo Road,331.2379291210902
2078331482,13625281401,A5,AA005,Peradeniya - Badulla - Chenkaladi,trunk,False,50,2,Penideniya Road,259.40405524878815
2078331482,258029159,A5,AA005,Peradeniya - Badulla - Chenkaladi,trunk,False,50,2,Penideniya Road,446.09821529029574
2078611991,49368092,A5,AA005,Peradeniya - Badulla - Chenkaladi,trunk,False,60,2,Nuwara Eliya-Badulla Road,6026.814144401003
2078611991,2026114935,A5,AA005,Peradeniya - Badulla - Chenkaladi,trunk,False,60,2,Nuwara Eliya-Badulla Road,249.96530331209127
2078972805,2078949382,A4,AA004,Colombo - Ratnapura - Wellawaya - Batticaloa,trunk,True,60,2,Baily Road,230.274799775647
2079240021,12109482771,A2,AA002,Colombo - Galle - Hambantota - Wellawaya,trunk,False,50,4,Galle Road,49.7938656606064
2079240021,2337340596,A2,AA002,Colombo - Galle - Hambantota - Wellawaya,trunk,True,50,2,Galle Road,842.9156831001916
2079537942,1796922853,A8,AA008,Panadura - Nambapana - Ratnapura,trunk,False,50,2,Ratnapura Road,42.88341402539773
2079537942,1796922874,A8,AA008,Panadura - Nambapana - Ratnapura,trunk,False,70,2,Ratnapura Road,1030.5039444526285
2083007820,258049381,A9,AA009,Kandy - Jaffna,trunk,False,50,2,Kandy Road,79.62581484284559
2083007820,3662474355,A9,AA009,Kandy - Jaffna,trunk,True,60,,Kandy Road,30.373887312556437
2083533106,1420351659,A2,AA002,Colombo - Galle - Hambantota - Wellawaya,trunk,False,"['60', '70']",2,Galle Road,4210.699857014847
2083533106,10130181979,A2,AA002,Colombo - Galle - Hambantota - Wellawaya,trunk,False,60,,"['Dummalamodara Bridge', 'Galle Road']",9506.284249499704
2087260972,8169922827,A7,AA007,Avissawella - Hatton - Nuwara Eliya,trunk,False,60,2,Yatiyantota Road,14.139150794278082
2087260972,2021573972,A7,AA007,Avissawella - Hatton - Nuwara Eliya,trunk,False,60,2,Yatiyantota Road,4352.897709726696
2087261005,5841721869,A21,AA021,Kegalle - Bulathkohupitiya - Karawanella,trunk,True,40,1,Kegalle-Bulathkohupitiya-Karawanella Road,27.185963028165997
2087261005,445260233,A21,AA021,Kegalle - Bulathkohupitiya - Karawanella,trunk,False,60,2,"['Kegalle-Bulathkohupitiya-Karawanella Road', 'Warawala New Bridge']",1774.1057364962817
2105382093,5372968715,A1,AA001,Colombo - Kandy,trunk,True,60,2,Olcott Mawatha,1123.606736035613
2105405964,3937903239,A1,AA001,Colombo - Kandy,trunk,True,60,2,Olcott Mawatha,338.2142080598177
2122125311,618514969,A0,AA000,Kollupitiya - Sri Jayewardenepura,trunk,True,70,3,Sri Jayewardenepura Mawatha,14.04545443565693
2131510192,3343547728,A10,AA010,Katugastota - Kurunegala - Puttalam,trunk,False,70,2,Galagedara Road,1736.2575075293873
2131510192,570765771,A10,AA010,Katugastota - Kurunegala - Puttalam,trunk,False,70,2,Galagedara Road,897.3271114997514
2131864641,1235750071,A0,AA000,Kollupitiya - Sri Jayewardenepura,trunk,True,70,3,Dudley Senanayake Mawatha (Castle Street),602.283607178725
2141873197,1797964206,A4,AA004,Colombo - Ratnapura - Wellawaya - Batticaloa,trunk,False,60,"['2', '1']","['Colombo Road', 'High Level Road']",3842.199081018821
2141873197,1862815981,A4,AA004,Colombo - Ratnapura - Wellawaya - Batticaloa,trunk,False,60,"['2', '1']",High Level Road,11785.812590283049
2145042656,10166776387,A16,AA016,Beragala - Hali-Ela,trunk,False,70,2,Badulla-Bandarawela Road,4862.206379938496
2145042656,49364356,A16,AA016,Beragala - Hali-Ela,trunk,False,70,2,Badulla-Bandarawela Road,4930.730258955187
2145113802,3794035028,A21,AA021,Kegalle - Bulathkohupitiya - Karawanella,trunk,False,60,2,Kalugalla Mawatha,466.1150444067138
2145113802,3219914005,A21,AA021,Kegalle - Bulathkohupitiya - Karawanella,trunk,True,60,1,Kalugalla Mawatha,34.172832559893635
2145113863,3221200523,A21,AA021,Kegalle - Bulathkohupitiya - Karawanella,trunk,False,60,2,Kegalle-Bulathkohupitiya-Karawanella Road,632.0873980981568
2145113863,3221213836,A21,AA021,Kegalle - Bulathkohupitiya - Karawanella,trunk,False,60,2,Kegalle-Bulathkohupitiya-Karawanella Road,4112.1814037253125
2145219371,1685488386,A25,AA025,Siyambalanduwa - Damana - Ampara,trunk,False,60,2,Siyambalanduwa-Damana-Ampara Road,46210.973656095994
2145219371,6685195536,A25,AA025,Siyambalanduwa - Damana - Ampara,trunk,True,50,1,Siyambalanduwa-Damana-Ampara Road,30.056459443473575
2149942832,1751020481,A4,AA004,Colombo - Ratnapura - Wellawaya - Batticaloa,trunk,False,72,2,Colombo Road,3578.2706231392076
2149942832,3090559903,A4,AA004,Colombo - Ratnapura - Wellawaya - Batticaloa,trunk,False,72,2,"['Kuru Ganga Bridge', 'Colombo Road', 'Colombo-Ratnapura Road']",19358.949399321093
2152800248,2152800360,A18,AA018,Pelmadulla - Embilipitiya - Nonagama,trunk,True,60,1,Pelmadulla-Embilipitiya Road,19.428587006891842
2152800310,1737618827,A18,AA018,Pelmadulla - Embilipitiya - Nonagama,trunk,False,60,,Pelmadulla-Embilipitiya Road,6033.451426475692
2152800310,2152800385,A18,AA018,Pelmadulla - Embilipitiya - Nonagama,trunk,True,60,1,Pelmadulla-Embilipitiya Road,15.998980266744539
2152800360,2152921941,A18,AA018,Pelmadulla - Embilipitiya - Nonagama,trunk,True,60,1,Pelmadulla-Embilipitiya Road,18.838789016415006
2152800360,1750869639,A18,AA018,Pelmadulla - Embilipitiya - Nonagama,trunk,False,"['60', '72']",,Pelmadulla-Embilipitiya Road,6782.387561117253
2155579750,2155634707,A3,AA003,Peliyagoda - Puttalam,trunk,True,60,2,Negombo Road,4608.420144489349
2155579905,3851226779,A3,AA003,Peliyagoda - Puttalam,trunk,True,60,2,Negombo Road,731.6705131963646
2155580113,2155579905,A3,AA003,Peliyagoda - Puttalam,trunk,True,60,2,Negombo Road,2978.981523892571
2155580115,12509374263,A3,AA003,Peliyagoda - Puttalam,trunk,True,60,2,Negombo Road,3440.89235986436
2155580125,3849049820,A3,AA003,Peliyagoda - Puttalam,trunk,True,60,2,Negombo Road,25.967583745338352
2155580131,2684604208,A3,AA003,Peliyagoda - Puttalam,trunk,True,60,2,Negombo Road,540.6738216416801
2155584783,4087054250,A3,AA003,Peliyagoda - Puttalam,trunk,True,70,2,Negombo Road,284.5981097997188
2155584793,2506028803,A3,AA003,Peliyagoda - Puttalam,trunk,True,60,2,Negombo Road,4247.110340520693
2155584797,2155584835,A3,AA003,Peliyagoda - Puttalam,trunk,True,70,2,Negombo Road,603.6498766193964
2155584835,1268335758,A3,AA003,Peliyagoda - Puttalam,trunk,True,70,2,Negombo Road,1070.3142925428172
2155634701,4426787286,A3,AA003,Peliyagoda - Puttalam,trunk,True,60,2,Negombo Road,504.5884771531373
2155634707,2155634708,A3,AA003,Peliyagoda - Puttalam,trunk,True,60,2,Negombo Road,582.2071487985379
2155634708,13684572987,A3,AA003,Peliyagoda - Puttalam,trunk,True,60,2,Negombo Road,12.806936920422341
2155634710,5804555891,A3,AA003,Peliyagoda - Puttalam,trunk,True,60,2,Negombo Road,12.545182142666953
2155666096,2155584793,A3,AA003,Peliyagoda - Puttalam,trunk,True,70,2,Negombo Road,716.8279593366125
2155672282,2155827812,A17,AA017,Galle - Deniyaya - Madampe,trunk,False,70,2,Deniyaya Road,828.5878781615229
2155672282,3203084587,A17,AA017,Galle - Deniyaya - Madampe,trunk,False,70,2,Deniyaya Road,1426.623788265155
2155827775,3203084587,A17,AA017,Galle - Deniyaya - Madampe,trunk,False,70,2,Deniyaya Road,7835.938972666726
2155827775,2190932692,A17,AA017,Galle - Deniyaya - Madampe,trunk,False,70,2,Deniyaya Road,12124.095579088198
2155827812,4267522204,A17,AA017,Galle - Deniyaya - Madampe,trunk,False,70,2,"['Deniyaya Road', 'Ratnapura Road']",7810.734301318371
2155827812,2155672282,A17,AA017,Galle - Deniyaya - Madampe,trunk,False,70,2,Deniyaya Road,828.5878781615232
2155946168,250131773,A2,AA002,Colombo - Galle - Hambantota - Wellawaya,trunk,False,70,2,Tangalle Road,1231.6150869410083
2155946168,1650097492,A2,AA002,Colombo - Galle - Hambantota - Wellawaya,trunk,False,60,2,New Tangalle Road,815.066049456444
2164965693,2190965493,A17,AA017,Galle - Deniyaya - Madampe,trunk,False,70,2,Deniyaya Road,1101.0579859875597
2164965693,98554769,A17,AA017,Galle - Deniyaya - Madampe,trunk,False,70,2,Deniyaya Road,99.23555392430534
2186928769,1239435091,A10,AA010,Katugastota - Kurunegala - Puttalam,trunk,True,50,1,Kurunegala - Puttalam Road,20.380668936637115
2186928769,6511383114,A10,AA010,Katugastota - Kurunegala - Puttalam,trunk,False,"['50', '60']",2,"['Kurunegala - Puttalam Road', 'Katugastota-Kurunegala-Puttalam Road']",4799.252535092286
2190932692,2155827775,A17,AA017,Galle - Deniyaya - Madampe,trunk,False,70,2,Deniyaya Road,12124.095579088205
2190932692,3445493696,A17,AA017,Galle - Deniyaya - Madampe,trunk,False,70,2,Deniyaya Road,13300.088863971325
2190965493,2190965800,A17,AA017,Galle - Deniyaya - Madampe,trunk,False,70,2,Deniyaya Road,129.41277937460262
2190965493,2164965693,A17,AA017,Galle - Deniyaya - Madampe,trunk,False,70,2,Deniyaya Road,1101.0579859875597
2190965800,3445493696,A17,AA017,Galle - Deniyaya - Madampe,trunk,False,70,2,Deniyaya Road,257.0597871427326
2190965800,2190965493,A17,AA017,Galle - Deniyaya - Madampe,trunk,False,70,2,Deniyaya Road,129.4127793746026
2231309667,7103763194,A4,AA004,Colombo - Ratnapura - Wellawaya - Batticaloa,trunk,True,70,2,Pottuvil-Batticaloa Road,50.34540087316659
2231309667,1725053695,A4,AA004,Colombo - Ratnapura - Wellawaya - Batticaloa,trunk,False,70,2,Pottuvil-Batticloa Road,16820.022930455423
2247695861,2247695870,A4,AA004,Colombo - Ratnapura - Wellawaya - Batticaloa,trunk,True,50,2,H. Sri Nassanka Mawatha (High Level Road),14.239339131071258
2247695870,2247695871,A4,AA004,Colombo - Ratnapura - Wellawaya - Batticaloa,trunk,True,50,2,High Level Road,34.96122821650211
2247695871,258030081,A4,AA004,Colombo - Ratnapura - Wellawaya - Batticaloa,trunk,True,50,2,High Level Road,815.5448219668755
2279244474,9394230350,A11,AA011,Maradankadawela - Habarana - Tirikkondiadimadu,trunk,True,50,2,Habarana-Polonnaruwa-Batticaloa Road,548.3748348731588
2279244474,2822277593,A11,AA011,Maradankadawela - Habarana - Tirikkondiadimadu,trunk,False,50,2,Habarana-Polonnaruwa-Batticaloa Road,1431.5079084953582
2285202897,258523345,A11,AA011,Maradankadawela - Habarana - Tirikkondiadimadu,trunk,False,"['60', '70']",2,"['Habarana-Trincomalee-Batticaloa Road', 'Habarana-Polonnaruwa-Batticaloa Road']",18609.544641877776
2285202897,3213759120,A11,AA011,Maradankadawela - Habarana - Tirikkondiadimadu,trunk,False,"['60', '70']",2,Habarana-Trincomalee-Batticaloa Road,3430.376177828795
2288824399,258523345,A11,AA011,Maradankadawela - Habarana - Tirikkondiadimadu,trunk,True,"['60', '50']",2,Habarana-Polonnaruwa-Batticaloa Road,673.1985152056604
2304485540,6685478661,A11,AA011,Maradankadawela - Habarana - Tirikkondiadimadu,trunk,False,"['50', '60', '70']",2,Habarana-Polonnaruwa-Batticaloa Road,44092.42811468723
2304485540,1241527366,A11,AA011,Maradankadawela - Habarana - Tirikkondiadimadu,trunk,False,"['50', '30', '60', '70']",2,"['Manampitiya Bridge', 'Habarana-Polonnaruwa-Batticaloa Road']",10205.40279829353
2334261008,937250000,A26,AA026,Kandy - Mahiyangana - Padiyatalawa,trunk,False,70,2,Kandy-Mahiyanganaya Road,9581.621707339096
2334261008,3203303832,A26,AA026,Kandy - Mahiyangana - Padiyatalawa,trunk,False,"['60', '70']",2,"['Kandy-Mahiyanganaya Road', 'Oruthota Bridge']",17343.71732834953
2337340596,2340032516,A2,AA002,Colombo - Galle - Hambantota - Wellawaya,trunk,False,70,2,Galle Road,1687.8423751581695
2337340596,2079240021,A2,AA002,Colombo - Galle - Hambantota - Wellawaya,trunk,True,50,2,Galle Road,841.7112198064469
2337932210,3226211756,A1,AA001,Colombo - Kandy,trunk,False,60,,"['Mawanella Bridge', 'Main Street', 'Old Colombo Road']",382.29427768287013
2337932210,3224668762,A1,AA001,Colombo - Kandy,trunk,False,60,,Old Colombo Road,910.6474594919171
2338839291,3718488871,A1,AA001,Colombo - Kandy,trunk,False,60,,Main Street,355.05242619338605
2338839291,3226211756,A1,AA001,Colombo - Kandy,trunk,False,60,,Main Street,114.77950026479348
2339285632,2339297860,A2,AA002,Colombo - Galle - Hambantota - Wellawaya,trunk,True,50,2,Galle Road,186.32694317578407
2339285633,2339297862,A8,AA008,Panadura - Nambapana - Ratnapura,trunk,True,50,1,Horana Road,91.92479644828643
2339285633,1446610177,A8,AA008,Panadura - Nambapana - Ratnapura,trunk,False,"['50', '70']",2,Horana Road,9747.048431889283
2339297860,2339297862,A2,AA002,Colombo - Galle - Hambantota - Wellawaya,trunk,True,50,2,Galle Road,12.539498486853624
2339297860,2339285633,A8,AA008,Panadura - Nambapana - Ratnapura,trunk,True,50,1,Horana Road,91.83165205243046
2339297862,7037793029,A2,AA002,Colombo - Galle - Hambantota - Wellawaya,trunk,True,50,2,Galle Road,184.2706695053704
2339297865,652378597,A2,AA002,Colombo - Galle - Hambantota - Wellawaya,trunk,True,50,2,Galle Road,186.71709216370135
2339297871,50415021,A2,AA002,Colombo - Galle - Hambantota - Wellawaya,trunk,True,50,2,Galle Road,242.58999356414765
2339297873,2339297865,A2,AA002,Colombo - Galle - Hambantota - Wellawaya,trunk,True,50,3,Galle Road,13.176782269340022
2339297877,2339297881,A2,AA002,Colombo - Galle - Hambantota - Wellawaya,trunk,True,50,2,Galle Road,245.84725709860498
2339297881,2339365433,A2,AA002,Colombo - Galle - Hambantota - Wellawaya,trunk,True,50,2,Galle Road,233.55455745609274
2339320507,2339326606,A2,AA002,Colombo - Galle - Hambantota - Wellawaya,trunk,True,60,,Old Galle Road,36.09624851490863
2339320507,651747031,A2,AA002,Colombo - Galle - Hambantota - Wellawaya,trunk,False,50,2,Old Galle Road,5811.081702129547
2339326610,2339320507,A2,AA002,Colombo - Galle - Hambantota - Wellawaya,trunk,True,60,,Old Galle Road,32.77497402644762
2339326619,2339297877,A2,AA002,Colombo - Galle - Hambantota - Wellawaya,trunk,True,50,2,Galle Road,226.02692733164483
2339365431,2339297871,A2,AA002,Colombo - Galle - Hambantota - Wellawaya,trunk,True,50,2,Galle Road,233.7788136465352
2339365433,2339285632,A2,AA002,Colombo - Galle - Hambantota - Wellawaya,trunk,True,50,2,Galle Road,749.0820982841524
2340032515,2340032521,A2,AA002,Colombo - Galle - Hambantota - Wellawaya,trunk,True,50,2,Galle Road,385.07338086761763
2340032516,2337340596,A2,AA002,Colombo - Galle - Hambantota - Wellawaya,trunk,False,70,2,Galle Road,1687.8423751581693
2340032516,2340037594,A2,AA002,Colombo - Galle - Hambantota - Wellawaya,trunk,True,70,,Galle Road,254.17923894519046
2340032521,2340032539,A2,AA002,Colombo - Galle - Hambantota - Wellawaya,trunk,True,70,2,Galle Road,316.9821220101595
2340032526,2340037602,A2,AA002,Colombo - Galle - Hambantota - Wellawaya,trunk,True,70,2,Galle Road,110.05573210747494
2340032539,2340036297,A2,AA002,Colombo - Galle - Hambantota - Wellawaya,trunk,True,70,2,Galle Road,347.77340428957814
2340036296,1795321908,A2,AA002,Colombo - Galle - Hambantota - Wellawaya,trunk,True,70,,Galle Road,345.6118825570133
2340036297,2340037601,A2,AA002,Colombo - Galle - Hambantota - Wellawaya,trunk,True,70,2,Galle Road,201.97365457704484
2340037594,1795321973,A2,AA002,Colombo - Galle - Hambantota - Wellawaya,trunk,True,70,,Galle Road,111.95554681752822
2340037597,2340037598,A2,AA002,Colombo - Galle - Hambantota - Wellawaya,trunk,True,70,2,Galle Road,390.0965835301632
2340037598,2340032526,A2,AA002,Colombo - Galle - Hambantota - Wellawaya,trunk,True,70,2,Galle Road,453.24200448291054
2340037600,1795322086,A2,AA002,Colombo - Galle - Hambantota - Wellawaya,trunk,True,70,,Galle Road,389.18322849897197
2340037601,2347147693,A2,AA002,Colombo - Galle - Hambantota - Wellawaya,trunk,True,70,2,Galle Road,413.7972725996035
2340037602,2340032516,A2,AA002,Colombo - Galle - Hambantota - Wellawaya,trunk,True,70,2,Galle Road,254.14806870986763
2347147693,2340037597,A2,AA002,Colombo - Galle - Hambantota - Wellawaya,trunk,True,70,2,Galle Road,14.772157540656123
2347147693,1795322023,A2,AA002,Colombo - Galle - Hambantota - Wellawaya,trunk,True,70,,Galle Road,416.83017579147327
2361900638,1278003886,A2,AA002,Colombo - Galle - Hambantota - Wellawaya,trunk,True,50,3,Galle Road,277.0414253259021
2361900649,652384089,A2,AA002,Colombo - Galle - Hambantota - Wellawaya,trunk,True,60,3,Galle Road,818.0911055398965
2366743826,4693290694,A3,AA003,Peliyagoda - Puttalam,trunk,True,70,2,Colombo-Puttalam Road,824.6834581880555
2375441056,6688367855,A3,AA003,Peliyagoda - Puttalam,trunk,True,70,2,Colombo-Puttalam Road,145.215731983238
2382030398,2078949358,A4,AA004,Colombo - Ratnapura - Wellawaya - Batticaloa,trunk,True,60,2,Bar Road,346.49472236311954
2382076784,937249756,A26,AA026,Kandy - Mahiyangana - Padiyatalawa,trunk,False,60,2,Hewaheta Road,43.478087752794465
2382076798,2382076796,A26,AA026,Kandy - Mahiyangana - Padiyatalawa,trunk,True,70,,Kandy-Mahiyanganaya Road,25.40230382132894
2382076798,937250000,A26,AA026,Kandy - Mahiyangana - Padiyatalawa,trunk,False,70,2,Kandy-Mahiyanganaya Road,536.2456648700047
2382152045,8605932100,A26,AA026,Kandy - Mahiyangana - Padiyatalawa,trunk,False,60,2,Anagarika Dharmapala Mawatha,8.882390245078657
2382152045,937249756,A26,AA026,Kandy - Mahiyangana - Padiyatalawa,trunk,False,60,2,Hewaheta Road,2425.650181609854
2398925514,1979346418,A5,AA005,Peradeniya - Badulla - Chenkaladi,trunk,False,70,2,Badulla-Chenkaladi Road,622.3400781687172
2398925514,5286754885,A5,AA005,Peradeniya - Badulla - Chenkaladi,trunk,False,70,2,Badulla-Chenkaladi Road,44.04825500487372
2400768904,3527283166,A22,AA022,Passara - Moneragala,trunk,False,70,2,Passara-Moneragala Road,16350.201982772078
2400768904,1979375863,A22,AA022,Passara - Moneragala,trunk,False,70,2,Passara-Moneragala Road,10180.237591994788
2404061091,2544591508,A2,AA002,Colombo - Galle - Hambantota - Wellawaya,trunk,False,70,2,Hambantota-Wellawaya Road,9.098376564272884
2404061091,1809805271,A2,AA002,Colombo - Galle - Hambantota - Wellawaya,trunk,False,70,2,Hambantota-Wellawaya Road,2357.194462742615
2407608224,8933799511,A33,AA033,Ja-Ela - Ekala - Gampaha - Yakkala,trunk,True,50,2,Gampaha-Yakkala Road,464.0710557968611
2418603889,11169238186,A4,AA004,Colombo - Ratnapura - Wellawaya - Batticaloa,trunk,True,50,1,Wellawaya-Pottuvil Road,25.067879483839963
2418603889,974346527,A4,AA004,Colombo - Ratnapura - Wellawaya - Batticaloa,trunk,False,70,2,"['Wellawaya-Pottuvil Road', 'Colombo - Ratnapura - Wellawaya - Batticaloa Road']",34162.23132938318
2418603897,4071257599,A4,AA004,Colombo - Ratnapura - Wellawaya - Batticaloa,trunk,True,50,1,Wellawaya-Pottuvil Road,20.201628982076844
2418603897,1809805500,A4,AA004,Colombo - Ratnapura - Wellawaya - Batticaloa,trunk,False,70,2,Wellawaya-Pottuvil Road,90.77193161003892
2434214580,98554099,A17,AA017,Galle - Deniyaya - Madampe,trunk,False,70,2,"['Deniyaya Road', 'Akuressa Road']",9773.785967478301
2434214580,1636603514,A17,AA017,Galle - Deniyaya - Madampe,trunk,False,70,2,Akuressa Road,6706.69503415646
2499038749,2068162856,A4,AA004,Colombo - Ratnapura - Wellawaya - Batticaloa,trunk,True,60,,High Level Road,610.2735947731326
2499283524,5216483982,A3,AA003,Peliyagoda - Puttalam,trunk,True,60,2,Negombo Road,43.5017557989963
2499283525,1475786189,A3,AA003,Peliyagoda - Puttalam,trunk,True,60,2,Negombo Road,8.353453057557303
2499287720,3780516724,A1,AA001,Colombo - Kandy,trunk,True,60,2,Colombo-Kandy Road,10.909199041384568
2505983167,253022461,A1,AA001,Colombo - Kandy,trunk,True,60,2,Colombo-Kandy Road,112.49445849338836
2506028803,2509007852,A3,AA003,Peliyagoda - Puttalam,trunk,True,60,2,Negombo Road,31.581826903276617
2507098804,2155580125,A3,AA003,Peliyagoda - Puttalam,trunk,True,60,2,Negombo Road,38.09658064203096
2507098828,7037741108,A3,AA003,Peliyagoda - Puttalam,trunk,True,60,2,Negombo Road,564.0436853322059
2508106197,2155579750,A3,AA003,Peliyagoda - Puttalam,trunk,True,60,2,Negombo Road,2783.2447012912517
2509007852,3268563915,A3,AA003,Peliyagoda - Puttalam,trunk,True,60,2,Negombo Road,82.35705056040138
2523753994,2552014491,A16,AA016,Beragala - Hali-Ela,trunk,False,60,2,Beragala-Hali-Ela Road,5458.134373156501
2523753994,2646312392,A16,AA016,Beragala - Hali-Ela,trunk,False,60,2,Beragala-Hali-Ela Road,41.83614179167181
2544591508,2404061091,A2,AA002,Colombo - Galle - Hambantota - Wellawaya,trunk,False,70,2,Hambantota-Wellawaya Road,9.098376564272884
2544591508,10132667231,A2,AA002,Colombo - Galle - Hambantota - Wellawaya,trunk,False,70,2,Hambantota-Wellawaya Road,10759.97287424337
2552014491,2523753994,A16,AA016,Beragala - Hali-Ela,trunk,False,60,2,Beragala-Hali-Ela Road,5458.134373156504
2552014491,2026106458,A16,AA016,Beragala - Hali-Ela,trunk,False,60,2,Beragala-Hali-Ela Road,1534.4448047523379
2558293072,6509196188,A9,AA009,Kandy - Jaffna,trunk,True,60,,Katugastota Road,49.135100478122645
2568176828,2568176881,A24,AA024,Matara - Akuressa,trunk,True,60,2,Matara-Akuressa Road,13.554550152604705
2568176862,3398081271,A24,AA024,Matara - Akuressa,trunk,True,60,2,Akuressa Road,28.62083585524825
2568176881,12625589425,A24,AA024,Matara - Akuressa,trunk,True,"['60', '50']",2,Akuressa Road,638.3916414048448
2608995079,2828629366,A7,AA007,Avissawella - Hatton - Nuwara Eliya,trunk,False,50,2,Main Street,23.020053551690737
2608995079,3517327762,A7,AA007,Avissawella - Hatton - Nuwara Eliya,trunk,False,"['50', '70']",2,"['Nanu Oya Road', 'Main Street']",3864.121893171222
2646312392,2523753994,A16,AA016,Beragala - Hali-Ela,trunk,False,60,2,Beragala-Hali-Ela Road,41.83614179167181
2646312392,598168296,A16,AA016,Beragala - Hali-Ela,trunk,False,70,2,Badulla Road,2848.127290336586
2662800973,6685420675,A4,AA004,Colombo - Ratnapura - Wellawaya - Batticaloa,trunk,True,60,2,Kalmunai Road,544.6683201457639
2684604208,2507098804,A3,AA003,Peliyagoda - Puttalam,trunk,True,60,2,Negombo Road,10.37175878045672
2722759262,13367298684,A24,AA024,Matara - Akuressa,trunk,False,60,2,Matara-Akuressa Road,2145.706077139927
2722759262,2568176828,A24,AA024,Matara - Akuressa,trunk,True,60,2,Matara-Akuressa Road,59.8739537314795
2731988170,6289622879,A9,AA009,Kandy - Jaffna,trunk,True,70,,Kandy-Jaffna Road,28.92659651072341
2731988196,1981147403,A9,AA009,Kandy - Jaffna,trunk,True,50,2,Kandy-Jaffna Road,1304.147489769007
2731988214,4911274820,A9,AA009,Kandy - Jaffna,trunk,True,70,2,Kandy-Jaffna Road,249.02118693393743
2822277593,2279244474,A11,AA011,Maradankadawela - Habarana - Tirikkondiadimadu,trunk,False,50,2,Habarana-Polonnaruwa-Batticaloa Road,1431.5079084953584
2823998635,2854966358,A1,AA001,Colombo - Kandy,trunk,True,70,2,"['Colombo-Kandy Road', 'Galtota Oya Bridge', 'Attanagalu Oya Bridge']",1184.3732662878726
2828629366,2608995079,A7,AA007,Avissawella - Hatton - Nuwara Eliya,trunk,False,50,2,Main Street,23.020053551690737
2828629366,4507913122,A7,AA007,Avissawella - Hatton - Nuwara Eliya,trunk,False,50,2,Main Street,333.3496681498412
2833834344,5785122163,A12,AA012,Puttalam - Trincomalee,trunk,False,60,,"['Nivatthakachethiya Mawatha', 'Nivatthakachetiya Mawatha']",1758.853424189086
2833834344,5055655450,A12,AA012,Puttalam - Trincomalee,trunk,True,60,,Nivatthakachetiya Mawatha,26.406806079039242
2833834360,4137371245,A20,AA020,Anuradhapura - Rambewa,trunk,True,60,1,Jaffna Road,45.28662050773834
2833834360,11593705874,A20,AA020,Anuradhapura - Rambewa,trunk,False,70,2,Jaffna Road,1026.5340213679794
2835617071,1146218640,A12,AA012,Puttalam - Trincomalee,trunk,True,60,,Harischandra Mawatha,30.157055039693066
2835617079,1981468985,A12,AA012,Puttalam - Trincomalee,trunk,True,60,,Maithripala Senanayake Mawatha (Main Street),26.535059905721397
2837518594,13564710647,A28,AA028,Padeniya - Anuradhapura,trunk,False,"['50', '70']",,"['Anuradhapura - Padeniya Road', 'Padeniya-Anuradhapura Road']",10335.336395074788
2854966358,3270476305,A1,AA001,Colombo - Kandy,trunk,True,70,2,Colombo-Kandy Road,952.322346369691
2902109603,1239435066,A10,AA010,Katugastota - Kurunegala - Puttalam,trunk,True,50,1,Kurunegala - Puttalam Road,34.64076670313044
2902109607,3204336190,A10,AA010,Katugastota - Kurunegala - Puttalam,trunk,True,50,1,Kurunegala - Puttalam Road,18.982855186427443
2907674340,2078328569,A1,AA001,Colombo - Kandy,trunk,False,60,2,Colombo-Kandy Road,1595.6735997637918
2907674340,3226356899,A1,AA001,Colombo - Kandy,trunk,False,60,2,Colombo-Kandy Road,1785.2748819454973
2910325921,2078328569,A1,AA001,Colombo - Kandy,trunk,False,60,2,Colombo Road,331.23792912109025
2910325921,13625464816,A1,AA001,Colombo - Kandy,trunk,False,60,2,Colombo Road,309.3342379223256
2920465482,3302172264,A4,AA004,Colombo - Ratnapura - Wellawaya - Batticaloa,trunk,False,60,2,"['Pottuvil-Batticaloa Road', 'Kaliyodai Bridge']",16434.04540773012
2920465482,9406713271,A4,AA004,Colombo - Ratnapura - Wellawaya - Batticaloa,trunk,True,60,,Pottuvil-Batticaloa Road,23.425018322132868
2925773146,1274137040,A2,AA002,Colombo - Galle - Hambantota - Wellawaya,trunk,True,70,3,Galle Road,49.90725433071269
2925773146,665214513,A2,AA002,Colombo - Galle - Hambantota - Wellawaya,"['trunk', 'trunk_link']",True,60,2,Galle Road,128.20093267906242
2966142456,3816390084,A1,AA001,Colombo - Kandy,trunk,True,60,"['3', '2']",Colombo-Kandy Road,3836.4593395117718
2966142458,2966142462,A1,AA001,Colombo - Kandy,trunk,True,60,2,Colombo-Kandy Road,35.42784427502206
2966142462,5559025503,A1,AA001,Colombo - Kandy,trunk,True,60,2,Colombo-Kandy Road,20.04734744026339
2966142464,2966142468,A1,AA001,Colombo - Kandy,trunk,True,60,2,Colombo-Kandy Road,25.943542458709796
2966142468,2966142485,A1,AA001,Colombo - Kandy,trunk,True,60,2,Colombo-Kandy Road,220.57677421855428
2966142476,3345071368,A1,AA001,Colombo - Kandy,trunk,True,60,2,Colombo-Kandy Road,242.45028460226212
2966142485,13662447481,A1,AA001,Colombo - Kandy,trunk,True,60,2,Colombo-Kandy Road,238.20227104886465
2966142501,4784496254,A1,AA001,Colombo - Kandy,trunk,True,60,2,Colombo-Kandy Road,29.71614559512043
3021911951,3218446414,A9,AA009,Kandy - Jaffna,trunk,False,60,,"['D. S. Senanayake Veediya (Trincomalee Street)', 'Katugastota Road']",995.488990505548
3021911951,5693657962,A9,AA009,Kandy - Jaffna,trunk,True,60,2,"['Sri Dalada Veediya', 'D. S. Senanayake Veediya (Trincomalee Street)']",709.05739438643
3033937981,3033937986,A1,AA001,Colombo - Kandy,trunk,True,60,2,Sirimavo Bandaranaike Mawatha (Peradeniya Road),9.111510673821497
3033937986,3810784671,A1,AA001,Colombo - Kandy,trunk,True,60,2,Sirimavo Bandaranaike Mawatha (Peradeniya Road),202.16606848500874
3064234194,4394543338,A10,AA010,Katugastota - Kurunegala - Puttalam,trunk,False,70,2,Kurunegala Road,37.291327203833006
3064234194,5239569079,A10,AA010,Katugastota - Kurunegala - Puttalam,trunk,False,70,2,"['Galagedara Road', 'Kurunegala Road']",4033.6266255995797
3064234504,4067964375,A10,AA010,Katugastota - Kurunegala - Puttalam,trunk,False,70,2,Kurunegala - Kandy Road,10317.856279198946
3064234504,3586058707,A10,AA010,Katugastota - Kurunegala - Puttalam,trunk,False,70,2,Kurunegala - Kandy Road,11941.735406555705
3064571979,4067964377,A10,AA010,Katugastota - Kurunegala - Puttalam,trunk,False,70,,Kurunegala - Kandy Road,1248.0352899855855
3064571979,617806911,A10,AA010,Katugastota - Kurunegala - Puttalam,trunk,True,70,,Kurunegala - Kandy Road,44.45034307369994
3064572227,1239435066,A10,AA010,Katugastota - Kurunegala - Puttalam,trunk,False,"['60', '70']",2,"['Kurunegala-Puttalam Road', 'Kurunegala - Puttalam Road']",19123.059223900742
3064572227,5248342416,A10,AA010,Katugastota - Kurunegala - Puttalam,trunk,True,50,,Kurunegala - Puttalam Road,302.9551208978033
3073676023,2105405964,A1,AA001,Colombo - Kandy,trunk,True,60,2,Olcott Mawatha,153.7613679433999
3078591002,324994643,A1,AA001,Colombo - Kandy,trunk,True,60,2,Colombo-Kandy Road,1750.0188966992653
3081634069,6266871671,A2,AA002,Colombo - Galle - Hambantota - Wellawaya,trunk,True,70,3,Matara Road,8.113021190577104
3081634071,1674485421,A2,AA002,Colombo - Galle - Hambantota - Wellawaya,trunk,True,70,2,Matara Road,160.3631595677894
3081634077,3081634071,A2,AA002,Colombo - Galle - Hambantota - Wellawaya,trunk,True,70,2,Matara Road,37.84119103845614
3081634087,3081634077,A2,AA002,Colombo - Galle - Hambantota - Wellawaya,trunk,True,70,,Matara Road,8.571363888250042
3081634094,3081634087,A2,AA002,Colombo - Galle - Hambantota - Wellawaya,trunk,True,70,3,Matara Road,39.73714001115289
3088508684,3088508692,A9,AA009,Kandy - Jaffna,trunk,True,60,4,Madawala Road,55.90255893817487
3088508691,7037556016,A9,AA009,Kandy - Jaffna,trunk,True,60,4,Madawala Road,255.33699738669236
3088508692,3088508691,A9,AA009,Kandy - Jaffna,trunk,True,60,4,Madawala Road,14.46998222647204
3088508709,3088516296,A10,AA010,Katugastota - Kurunegala - Puttalam,trunk,False,60,2,T. B. Illangaratne Mawatha (Galagedara Road),14.631106007693607
3088508720,3088508729,A9,AA009,Kandy - Jaffna,trunk,True,60,4,Madawala Road,6.235787535455528
3088508720,3088508732,A10,AA010,Katugastota - Kurunegala - Puttalam,trunk,False,60,2,T. B. Illangaratne Mawatha (Galagedara Road),57.164599418731555
3088508729,1809637872,A9,AA009,Kandy - Jaffna,trunk,True,60,4,Madawala Road,275.4342947614591
3088508732,3088508720,A10,AA010,Katugastota - Kurunegala - Puttalam,trunk,False,60,2,T. B. Illangaratne Mawatha (Galagedara Road),57.164599418731555
3088508732,3088508767,A10,AA010,Katugastota - Kurunegala - Puttalam,trunk,False,60,2,T. B. Illangaratne Mawatha (Galagedara Road),9.615779490202046
3088508746,570765602,A10,AA010,Katugastota - Kurunegala - Puttalam,trunk,False,60,2,T. B. Illangaratne Mawatha (Galagedara Road),205.69552222975886
3088508746,3088508750,A10,AA010,Katugastota - Kurunegala - Puttalam,trunk,False,60,2,T. B. Illangaratne Mawatha (Galagedara Road),9.849925367231023
3088508750,3088508746,A10,AA010,Katugastota - Kurunegala - Puttalam,trunk,False,60,2,T. B. Illangaratne Mawatha (Galagedara Road),9.849925367231023
3088508750,3088516296,A10,AA010,Katugastota - Kurunegala - Puttalam,trunk,False,60,2,T. B. Illangaratne Mawatha (Galagedara Road),46.07766834879414
3088508767,3088508732,A10,AA010,Katugastota - Kurunegala - Puttalam,trunk,False,60,2,T. B. Illangaratne Mawatha (Galagedara Road),9.615779490202046
3088508767,570765602,A10,AA010,Katugastota - Kurunegala - Puttalam,trunk,False,60,2,T. B. Illangaratne Mawatha (Galagedara Road),195.04731668784632
3088516296,3088508709,A10,AA010,Katugastota - Kurunegala - Puttalam,trunk,False,60,2,T. B. Illangaratne Mawatha (Galagedara Road),14.631106007693607
3088516296,3088508750,A10,AA010,Katugastota - Kurunegala - Puttalam,trunk,False,60,2,T. B. Illangaratne Mawatha (Galagedara Road),46.07766834879414
3090078667,3090559903,A4,AA004,Colombo - Ratnapura - Wellawaya - Batticaloa,trunk,False,72,2,Colombo-Ratnapura Road,391.25883593947
3090078667,309033793,A4,AA004,Colombo - Ratnapura - Wellawaya - Batticaloa,trunk,False,72,2,Colombo-Ratnapura Road,12430.393449969246
3090460074,3090460083,A2,AA002,Colombo - Galle - Hambantota - Wellawaya,trunk,False,50,2,Galle Road,50.00417022297897
3090460074,60797926,A2,AA002,Colombo - Galle - Hambantota - Wellawaya,trunk,False,"['50', '70']",2,Galle Road,6489.666165726138
3090460083,198851718,A2,AA002,Colombo - Galle - Hambantota - Wellawaya,trunk,False,"['50', '70']","['4', '2']",Galle Road,4466.136577000103
3090460083,3090460074,A2,AA002,Colombo - Galle - Hambantota - Wellawaya,trunk,False,50,2,Galle Road,50.00417022297897
3090559903,2149942832,A4,AA004,Colombo - Ratnapura - Wellawaya - Batticaloa,trunk,False,72,2,"['Kuru Ganga Bridge', 'Colombo Road', 'Colombo-Ratnapura Road']",19358.949399321104
3090559903,3090078667,A4,AA004,Colombo - Ratnapura - Wellawaya - Batticaloa,trunk,False,72,2,Colombo-Ratnapura Road,391.25883593947
3095525776,3491138212,A7,AA007,Avissawella - Hatton - Nuwara Eliya,trunk,False,60,2,Yatiyantota Road,27.876916150565187
3095525776,127659606,A7,AA007,Avissawella - Hatton - Nuwara Eliya,trunk,False,60,2,"['Talduwa Bridge', 'Yatiyantota Road']",1381.5003487937115
3109024823,5969036508,A4,AA004,Colombo - Ratnapura - Wellawaya - Batticaloa,trunk,True,60,2,High Level Road,35.27946841066111
3120470733,3514813026,A21,AA021,Kegalle - Bulathkohupitiya - Karawanella,trunk,False,60,2,Kegalle-Bulathkohupitiya-Karawanella Road,3487.879698449876
3120470733,3763282547,A21,AA021,Kegalle - Bulathkohupitiya - Karawanella,trunk,False,60,2,Kegalle-Bulathkohupitiya-Karawanella Road,8801.259758072423
3129331583,2015265450,A7,AA007,Avissawella - Hatton - Nuwara Eliya,trunk,True,40,1,Yatiyantota Road,31.259924186736196
3136299955,259648440,A4,AA004,Colombo - Ratnapura - Wellawaya - Batticaloa,trunk,True,60,2,Sir Chittampalam A. Gardiner Mawatha,583.1750123662018
3136385191,3141171382,A1,AA001,Colombo - Kandy,trunk,True,60,2,Chatham Street,46.093643293467295
3136385191,3136385193,A4,AA004,Colombo - Ratnapura - Wellawaya - Batticaloa,trunk,True,60,2,"['Lotus Road', 'Chatham Street']",67.72326660930904
3136385193,1280869013,A4,AA004,Colombo - Ratnapura - Wellawaya - Batticaloa,trunk,True,50,4,Lotus Road,87.42783708986516
3136385196,3073676023,A1,AA001,Colombo - Kandy,trunk,True,60,2,Olcott Mawatha,945.9858556497126
3141171382,3136385196,A1,AA001,Colombo - Kandy,trunk,True,60,2,Olcott Mawatha,31.94231911754258
3145257097,1723290054,A18,AA018,Pelmadulla - Embilipitiya - Nonagama,trunk,False,72,,Pelmadulla-Embilipitiya Road,26.292767839203297
3145257097,3155986410,A18,AA018,Pelmadulla - Embilipitiya - Nonagama,trunk,False,72,,Pelmadulla-Embilipitiya Road,10273.094512468855
3147021776,1985676796,A18,AA018,Pelmadulla - Embilipitiya - Nonagama,trunk,False,72,2,Embilipitiya-Nonagama Road,11549.852028524141
3147021776,10131009918,A18,AA018,Pelmadulla - Embilipitiya - Nonagama,trunk,False,72,2,Embilipitiya-Nonagama Road,34.74975840333732
3147058584,10131009918,A18,AA018,Pelmadulla - Embilipitiya - Nonagama,trunk,False,72,2,Embilipitiya-Nonagama Road,178.29172396582942
3147058584,3147058592,A18,AA018,Pelmadulla - Embilipitiya - Nonagama,trunk,False,72,2,Embilipitiya-Nonagama Road,25.450212594523506
3147058586,3147058592,A18,AA018,Pelmadulla - Embilipitiya - Nonagama,trunk,False,72,,Pelmadulla-Embilipitiya Road,20.79135134093165
3147058586,3155986410,A18,AA018,Pelmadulla - Embilipitiya - Nonagama,trunk,False,72,,Pelmadulla-Embilipitiya Road,924.1105580250805
3147058592,3147058586,A18,AA018,Pelmadulla - Embilipitiya - Nonagama,trunk,False,72,,Pelmadulla-Embilipitiya Road,20.79135134093165
3147058592,3147058584,A18,AA018,Pelmadulla - Embilipitiya - Nonagama,trunk,False,72,2,Embilipitiya-Nonagama Road,25.450212594523506
3150421787,1307348559,A0,AA000,Kollupitiya - Sri Jayewardenepura,trunk,True,60,"['3', '2']",Dudley Senanayake Mawatha (Castle Street),468.22436377773397
3150421800,635117662,A0,AA000,Kollupitiya - Sri Jayewardenepura,trunk,True,60,2,Dudley Senanayake Mawatha (Castle Street),10.524782370030481
3155986410,3147058586,A18,AA018,Pelmadulla - Embilipitiya - Nonagama,trunk,False,72,,Pelmadulla-Embilipitiya Road,924.1105580250805
3155986410,3145257097,A18,AA018,Pelmadulla - Embilipitiya - Nonagama,trunk,False,72,,Pelmadulla-Embilipitiya Road,10273.094512468855
3157384370,603240642,A4,AA004,Colombo - Ratnapura - Wellawaya - Batticaloa,trunk,False,72,2,Ratunapura-Wellawaya Road,17645.39603431525
3157384370,603240427,A4,AA004,Colombo - Ratnapura - Wellawaya - Batticaloa,trunk,False,72,2,Ratunapura-Wellawaya Road,17715.306080638173
3164356590,3355393375,A0,AA000,Kollupitiya - Sri Jayewardenepura,trunk,True,60,3,Alexandra Roundabout,31.71634659146316
3164393649,6258386258,A4,AA004,Colombo - Ratnapura - Wellawaya - Batticaloa,trunk,False,60,"['3', '2']",Sir James Peiris Mawatha,1157.5959176297058
3167641878,1427371818,A1,AA001,Colombo - Kandy,trunk,False,70,2,Colombo-Kandy Road,2760.5683096894772
3167641878,617823296,A1,AA001,Colombo - Kandy,trunk,False,70,2,Colombo-Kandy Road,6061.307674086278
3169826275,3217407684,A5,AA005,Peradeniya - Badulla - Chenkaladi,trunk,False,60,2,Nuwara Eliya Road,2504.5155868132842
3169826275,4142250035,A5,AA005,Peradeniya - Badulla - Chenkaladi,trunk,False,60,2,Nuwara Eliya Road,1917.6616391273676
3170533571,3088508709,A9,AA009,Kandy - Jaffna,trunk,True,60,4,Madawala Road,5.891176342160315
3199600250,7291030424,A33,AA033,Ja-Ela - Ekala - Gampaha - Yakkala,trunk,True,60,2,Gampaha-Ja Ela Road,1907.8304093148947
3203084587,2155672282,A17,AA017,Galle - Deniyaya - Madampe,trunk,False,70,2,Deniyaya Road,1426.6237882651549
3203084587,2155827775,A17,AA017,Galle - Deniyaya - Madampe,trunk,False,70,2,Deniyaya Road,7835.938972666733
3203303832,2334261008,A26,AA026,Kandy - Mahiyangana - Padiyatalawa,trunk,False,"['60', '70']",2,"['Kandy-Mahiyanganaya Road', 'Oruthota Bridge']",17343.717328349532
3203303832,2055564960,A26,AA026,Kandy - Mahiyangana - Padiyatalawa,trunk,False,60,,"['Kandy-Mahiyanganaya Road', 'Kandy-Mahiyanganaya-Padiyatalawa Road']",34864.5392044376
3204336187,2902101194,A10,AA010,Katugastota - Kurunegala - Puttalam,trunk,True,50,1,Kurunegala - Puttalam Road,18.12471096160458
3206095333,4789587325,A1,AA001,Colombo - Kandy,trunk,True,70,2,Colombo-Kandy Road,1591.6717682251742
3213759120,2285202897,A11,AA011,Maradankadawela - Habarana - Tirikkondiadimadu,trunk,False,"['60', '70']",2,Habarana-Trincomalee-Batticaloa Road,3430.3761778287962
3213759120,258025225,A11,AA011,Maradankadawela - Habarana - Tirikkondiadimadu,trunk,False,"['50', '60', '70']",2,Habarana-Trincomalee-Batticaloa Road,18362.741077875216
3215382447,1190507161,A7,AA007,Avissawella - Hatton - Nuwara Eliya,trunk,False,70,2,Hatton Road,5105.832204294173
3215382447,3215585621,A7,AA007,Avissawella - Hatton - Nuwara Eliya,trunk,False,70,2,"['Gingathena Road', 'Colombo Road']",9775.77132286711
3215585621,3216973603,A7,AA007,Avissawella - Hatton - Nuwara Eliya,trunk,False,70,2,Gingathena Road,23825.75165697038
3215585621,3215382447,A7,AA007,Avissawella - Hatton - Nuwara Eliya,trunk,False,70,2,"['Gingathena Road', 'Colombo Road']",9775.771322867111
3216973603,3216973606,A7,AA007,Avissawella - Hatton - Nuwara Eliya,trunk,False,70,2,Gingathena Road,12.568613144166951
3216973603,3215585621,A7,AA007,Avissawella - Hatton - Nuwara Eliya,trunk,False,70,2,Gingathena Road,23825.7516569704
3216973606,3216973603,A7,AA007,Avissawella - Hatton - Nuwara Eliya,trunk,False,70,2,Gingathena Road,12.568613144166951
3216973606,3217149379,A7,AA007,Avissawella - Hatton - Nuwara Eliya,trunk,False,70,2,Gingathena Road,5278.870927378851
3217149379,3216973606,A7,AA007,Avissawella - Hatton - Nuwara Eliya,trunk,False,70,2,Gingathena Road,5278.870927378853
3217149379,3129331580,A7,AA007,Avissawella - Hatton - Nuwara Eliya,trunk,True,40,1,Gingathena Road,36.56041661399978
3217150024,198601066,A21,AA021,Kegalle - Bulathkohupitiya - Karawanella,trunk,True,40,1,Kegalle-Bulathkohupitiya-Karawanella Road,37.15052376164802
3217150036,3217149379,A7,AA007,Avissawella - Hatton - Nuwara Eliya,trunk,True,40,1,Gingathena Road,37.42752236012638
3217232039,2015265415,A21,AA021,Kegalle - Bulathkohupitiya - Karawanella,trunk,True,40,1,Kegalle-Bulathkohupitiya-Karawanella Road,35.72724167116916
3217407684,3169826275,A5,AA005,Peradeniya - Badulla - Chenkaladi,trunk,False,60,2,Nuwara Eliya Road,2504.515586813284
3217407684,49378902,A5,AA005,Peradeniya - Badulla - Chenkaladi,trunk,False,60,2,Nuwara Eliya Road,1393.4015711438205
3218446414,3021911951,A9,AA009,Kandy - Jaffna,trunk,False,60,,"['D. S. Senanayake Veediya (Trincomalee Street)', 'Katugastota Road']",995.4889905055479
3218446414,4019244695,A9,AA009,Kandy - Jaffna,trunk,True,60,,Katugastota Road,30.143829622276865
3219884852,3803143155,A1,AA001,Colombo - Kandy,trunk,False,70,2,Colombo-Kandy Road,550.0531802954121
3219884852,3224489753,A1,AA001,Colombo - Kandy,trunk,False,70,2,Colombo-Kandy Road,103.7553128707707
3219885863,4929241947,A21,AA021,Kegalle - Bulathkohupitiya - Karawanella,trunk,True,60,1,Bulathkohupitiya Road,20.16347556777946
3219914004,4929241573,A21,AA021,Kegalle - Bulathkohupitiya - Karawanella,trunk,True,60,1,Kalugalla Mawatha,21.479398605299558
3219994344,4929242050,A1,AA001,Colombo - Kandy,trunk,False,70,2,Colombo-Kandy Road,509.40626164989516
3219994344,3220121962,A1,AA001,Colombo - Kandy,trunk,False,70,2,Colombo-Kandy Road,223.98849534101987
3219994344,3796385433,A1,AA001,Colombo - Kandy,trunk,False,70,2,Colombo-Kandy Road,296.67130069369705
3220016719,3220025120,A21,AA021,Kegalle - Bulathkohupitiya - Karawanella,trunk,False,60,2,Kegalle-Bulathkohupitiya-Karawanella Road,39.26135918351568
3220016719,3221200523,A21,AA021,Kegalle - Bulathkohupitiya - Karawanella,trunk,False,60,2,Kegalle-Bulathkohupitiya-Karawanella Road,2808.5290130591625
3220025120,4929241586,A21,AA021,Kegalle - Bulathkohupitiya - Karawanella,trunk,False,60,2,Kegalle-Bulathkohupitiya-Karawanella Road,2174.1697072112474
3220025120,3220016719,A21,AA021,Kegalle - Bulathkohupitiya - Karawanella,trunk,False,60,2,Kegalle-Bulathkohupitiya-Karawanella Road,39.26135918351568
3220121962,3224489753,A1,AA001,Colombo - Kandy,trunk,False,70,2,Colombo-Kandy Road,73.35202055970979
3220121962,3219994344,A1,AA001,Colombo - Kandy,trunk,False,70,2,Colombo-Kandy Road,223.98849534101987
3221200523,3220016719,A21,AA021,Kegalle - Bulathkohupitiya - Karawanella,trunk,False,60,2,Kegalle-Bulathkohupitiya-Karawanella Road,2808.529013059162
3221200523,2145113863,A21,AA021,Kegalle - Bulathkohupitiya - Karawanella,trunk,False,60,2,Kegalle-Bulathkohupitiya-Karawanella Road,632.0873980981567
3221213836,3763282547,A21,AA021,Kegalle - Bulathkohupitiya - Karawanella,trunk,False,60,2,Kegalle-Bulathkohupitiya-Karawanella Road,2405.278196427778
3221213836,2145113863,A21,AA021,Kegalle - Bulathkohupitiya - Karawanella,trunk,False,60,2,Kegalle-Bulathkohupitiya-Karawanella Road,4112.181403725311
3224489753,3219884852,A1,AA001,Colombo - Kandy,trunk,False,70,2,Colombo-Kandy Road,103.7553128707707
3224489753,3220121962,A1,AA001,Colombo - Kandy,trunk,False,70,2,Colombo-Kandy Road,73.35202055970979
3224668762,2337932210,A1,AA001,Colombo - Kandy,trunk,False,60,,Old Colombo Road,910.6474594919172
3224668762,445969634,A1,AA001,Colombo - Kandy,trunk,True,60,,Old Colombo Road,49.112258419265785
3226211756,2338839291,A1,AA001,Colombo - Kandy,trunk,False,60,,Main Street,114.77950026479348
3226211756,2337932210,A1,AA001,Colombo - Kandy,trunk,False,60,,"['Mawanella Bridge', 'Main Street', 'Old Colombo Road']",382.29427768287013
3226275220,3237492320,A1,AA001,Colombo - Kandy,trunk,False,60,2,Colombo-Kandy Road,4024.159661374814
3226275220,3718488870,A1,AA001,Colombo - Kandy,trunk,False,60,2,"['Colombo-Kandy Road', 'Kandy Road']",9122.140120383068
3226356899,2907674340,A1,AA001,Colombo - Kandy,trunk,False,60,2,Colombo-Kandy Road,1785.2748819454976
3226356899,3237492327,A1,AA001,Colombo - Kandy,trunk,False,60,2,Colombo-Kandy Road,510.3116583036436
3237492320,3237492327,A1,AA001,Colombo - Kandy,trunk,False,60,2,Colombo-Kandy Road,22.478159359325378
3237492320,3226275220,A1,AA001,Colombo - Kandy,trunk,False,60,2,Colombo-Kandy Road,4024.1596613748134
3237492327,3237492320,A1,AA001,Colombo - Kandy,trunk,False,60,2,Colombo-Kandy Road,22.478159359325378
3237492327,3226356899,A1,AA001,Colombo - Kandy,trunk,False,60,2,Colombo-Kandy Road,510.31165830364347
3252971709,1278086605,A33,AA033,Ja-Ela - Ekala - Gampaha - Yakkala,trunk,True,50,2,Gampaha-Ja Ela Road,15.616144106341839
3254670926,1834981477,A5,AA005,Peradeniya - Badulla - Chenkaladi,trunk,False,60,2,Nuwara Eliya Road,2657.5856767534274
3254670926,3584750699,A5,AA005,Peradeniya - Badulla - Chenkaladi,trunk,False,60,2,"['Kandy Road', 'Nuwara Eliya Road']",20790.350960383254
3256396052,1750306782,A2,AA002,Colombo - Galle - Hambantota - Wellawaya,trunk,False,70,2,"['Matara-Hambantota Road', 'Tangalle Road']",7389.583990578506
3256396052,102737773,A2,AA002,Colombo - Galle - Hambantota - Wellawaya,trunk,False,70,2,Matara-Hambantota Road,39.88064403954145
3268563914,3268563916,A3,AA003,Peliyagoda - Puttalam,trunk,True,60,2,Negombo Road,86.62868382768058
3268563915,2508106197,A3,AA003,Peliyagoda - Puttalam,trunk,True,60,2,Negombo Road,55.75186646587801
3268563916,1269994723,A3,AA003,Peliyagoda - Puttalam,trunk,True,60,2,Negombo Road,4275.820358725393
3270476305,324969585,A1,AA001,Colombo - Kandy,trunk,True,70,2,Colombo-Kandy Road,687.6516848978741
3279650333,3279650334,A2,AA002,Colombo - Galle - Hambantota - Wellawaya,trunk,False,70,2,Tangalle Road,15.849890822568891
3279650333,250131591,A2,AA002,Colombo - Galle - Hambantota - Wellawaya,trunk,False,70,2,Tangalle Road,332.7302011272334
3279650334,3279650333,A2,AA002,Colombo - Galle - Hambantota - Wellawaya,trunk,False,70,2,Tangalle Road,15.849890822568891
3279650334,1813587322,A2,AA002,Colombo - Galle - Hambantota - Wellawaya,trunk,False,70,2,Tangalle Road,4331.245751680202
3279700855,13695573497,A2,AA002,Colombo - Galle - Hambantota - Wellawaya,trunk,True,60,,Matara Road,9.938374495791061
3279700855,1181395615,A2,AA002,Colombo - Galle - Hambantota - Wellawaya,trunk,False,60,2,Matara Road,301.75239730463466
3279700971,13695595627,A2,AA002,Colombo - Galle - Hambantota - Wellawaya,trunk,True,60,2,Matara Road,79.82244934130223
3279700971,1599036622,A2,AA002,Colombo - Galle - Hambantota - Wellawaya,trunk,False,60,2,Matara Road,1753.5449039686464
3289420399,3797644308,A33,AA033,Ja-Ela - Ekala - Gampaha - Yakkala,trunk,True,30,1,Gampaha-Ja Ela Road,30.237485268397332
3289420458,3289420454,A33,AA033,Ja-Ela - Ekala - Gampaha - Yakkala,trunk,True,30,1,Gampaha-Ja Ela Road,29.124606371616228
3289420458,667536145,A33,AA033,Ja-Ela - Ekala - Gampaha - Yakkala,trunk,False,"['50', '70']",2,Gampaha-Ja Ela Road,2166.9011388413887
3293925970,2057041156,A5,AA005,Peradeniya - Badulla - Chenkaladi,trunk,True,60,2,Badulla Road,87.253003155122
3293925970,8736765754,A5,AA005,Peradeniya - Badulla - Chenkaladi,trunk,False,60,2,Bandarawela Road,3497.4679617383254
3298069926,1945604950,A5,AA005,Peradeniya - Badulla - Chenkaladi,trunk,False,60,2,Passara Road,897.6424650441119
3302140237,7103763200,A4,AA004,Colombo - Ratnapura - Wellawaya - Batticaloa,trunk,True,70,2,Pottuvil-Batticaloa Road,302.54824580646704
3302140241,7103763193,A4,AA004,Colombo - Ratnapura - Wellawaya - Batticaloa,trunk,True,70,2,Pottuvil-Batticaloa Road,283.03236881170955
3302172264,2920465482,A4,AA004,Colombo - Ratnapura - Wellawaya - Batticaloa,trunk,False,60,2,"['Pottuvil-Batticaloa Road', 'Kaliyodai Bridge']",16434.045407730133
3302172264,7103763199,A4,AA004,Colombo - Ratnapura - Wellawaya - Batticaloa,trunk,True,60,2,Pottuvil-Batticaloa Road,1364.118961963478
3316122451,3316122459,A4,AA004,Colombo - Ratnapura - Wellawaya - Batticaloa,trunk,True,60,,Pottuvil-Batticaloa Road,23.340937045819977
3316122451,1883639101,A4,AA004,Colombo - Ratnapura - Wellawaya - Batticaloa,trunk,False,"['60', '70']",2,"['Pottuvil-Batticaloa Road', 'New Kalmunai Road']",35704.454210923446
3316122455,3316122451,A4,AA004,Colombo - Ratnapura - Wellawaya - Batticaloa,trunk,True,60,,Pottuvil-Batticaloa Road,22.33332748330671
3316122462,2920465482,A4,AA004,Colombo - Ratnapura - Wellawaya - Batticaloa,trunk,True,60,,Pottuvil-Batticaloa Road,26.234505265659248
3316122466,3316122472,A31,AA031,Karativu - Ampara,trunk,True,60,,,22.64682751964798
3316122472,1792802798,A31,AA031,Karativu - Ampara,trunk,False,"['60', '50']",,Ampara-Karavitu Road,4449.643060424781
3316122472,3316122454,A31,AA031,Karativu - Ampara,trunk,True,60,,,22.878705297913285
3336273920,4914548524,A9,AA009,Kandy - Jaffna,trunk,False,60,,Anuradhapura Road,6090.4117440259015
3336273920,3336273922,A9,AA009,Kandy - Jaffna,trunk,True,60,,Anuradhapura Road,57.571807219199925
3336273922,1981147409,A9,AA009,Kandy - Jaffna,trunk,True,60,,Anuradhapura Road,43.59435568255199
3340914298,6537213315,A4,AA004,Colombo - Ratnapura - Wellawaya - Batticaloa,trunk,True,60,4,Kumaran Ratnam Road,49.88188182087502
3343547728,5239569079,A10,AA010,Katugastota - Kurunegala - Puttalam,trunk,False,70,2,Galagedara Road,982.7053134266887
3343547728,2131510192,A10,AA010,Katugastota - Kurunegala - Puttalam,trunk,False,70,2,Galagedara Road,1736.257507529388
3345071368,3345071370,A1,AA001,Colombo - Kandy,trunk,True,60,2,Colombo-Kandy Road,18.12428629855499
3345071370,2966142456,A1,AA001,Colombo - Kandy,trunk,True,60,3,Colombo-Kandy Road,54.67373088701931
3350595478,11715824066,A31,AA031,Karativu - Ampara,trunk,True,60,,"['D S Senanayake Road', 'Ampara-Karaitivu Road']",889.2039031171688
3351203885,1720491739,A4,AA004,Colombo - Ratnapura - Wellawaya - Batticaloa,trunk,False,70,2,Wellawaya-Pottuvil Road,6175.005006783508
3351203885,1135398600,A4,AA004,Colombo - Ratnapura - Wellawaya - Batticaloa,trunk,False,70,2,Wellawaya-Pottuvil Road,9735.630610187773
3354661040,4582456531,A4,AA004,Colombo - Ratnapura - Wellawaya - Batticaloa,trunk,True,60,,,103.41831612421407
3355393361,1278079633,A0,AA000,Kollupitiya - Sri Jayewardenepura,trunk,True,60,3,Alexandra Roundabout,27.927488851418985
3355393375,248608270,A0,AA000,Kollupitiya - Sri Jayewardenepura,trunk,True,60,2,Horton Place,274.93721120006
3355393375,269202456,A0,AA000,Kollupitiya - Sri Jayewardenepura,trunk,True,60,3,Alexandra Roundabout,14.737979758315205
3364860604,970058024,A2,AA002,Colombo - Galle - Hambantota - Wellawaya,trunk,True,40,2,"['Anagarika Dharmapala Mawatha', 'Tangalle Road', 'Mahaanaama Bridge']",358.644187823156
3364864049,3410002327,A24,AA024,Matara - Akuressa,trunk,True,70,2,Akuressa Road,23.258803062725217
3364883416,1231840826,A24,AA024,Matara - Akuressa,trunk,True,70,2,Akuressa Road,821.8204019140503
3379393108,619883043,A4,AA004,Colombo - Ratnapura - Wellawaya - Batticaloa,trunk,False,60,2,High Level Road,1471.4195900450406
3379393108,1430578050,A4,AA004,Colombo - Ratnapura - Wellawaya - Batticaloa,trunk,True,60,,High Level Road,916.7595105447633
3390634865,3390658487,A7,AA007,Avissawella - Hatton - Nuwara Eliya,trunk,False,70,2,Nanu Oya Road,1648.796002158344
3390634865,77684317,A5,AA005,Peradeniya - Badulla - Chenkaladi,trunk,False,60,2,Badulla Road,210.64461658396417
3390634865,3815814909,A5,AA005,Peradeniya - Badulla - Chenkaladi,trunk,False,60,2,Badulla Road,941.8073108970433
3390636008,3682574805,A5,AA005,Peradeniya - Badulla - Chenkaladi,trunk,False,60,2,"['Nuwara Eliya-Badulla Road', 'Badulla Road']",9794.598901188674
3390636008,77684317,A5,AA005,Peradeniya - Badulla - Chenkaladi,trunk,False,60,2,Badulla Road,138.27039407974019
3390658487,247141016,A7,AA007,Avissawella - Hatton - Nuwara Eliya,trunk,False,70,2,"['Nanu Oya Road', 'Main Street']",4512.264223209642
3390658487,3390634865,A7,AA007,Avissawella - Hatton - Nuwara Eliya,trunk,False,70,2,Nanu Oya Road,1648.7960021583442
3398081271,3398081272,A24,AA024,Matara - Akuressa,trunk,True,60,2,Matara-Akuressa Road,13.082009493974384
3398081272,5771476347,A24,AA024,Matara - Akuressa,trunk,True,60,2,Matara-Akuressa Road,32.6799657667704
3403175022,324997506,A1,AA001,Colombo - Kandy,trunk,True,60,2,Colombo-Kandy Road,34.584945026116756
3431855593,4621924226,A1,AA001,Colombo - Kandy,trunk,True,60,2,Colombo-Kandy Road,440.01277822277507
3431855654,3431855630,A1,AA001,Colombo - Kandy,trunk,True,60,2,Colombo-Kandy Road,148.92339031673117
3431908601,2499283524,A3,AA003,Peliyagoda - Puttalam,trunk,True,60,2,Negombo Road,7.363630222706257
3445493696,2190932692,A17,AA017,Galle - Deniyaya - Madampe,trunk,False,70,2,Deniyaya Road,13300.088863971316
3445493696,2190965800,A17,AA017,Galle - Deniyaya - Madampe,trunk,False,70,2,Deniyaya Road,257.0597871427326
3448778695,651747031,A2,AA002,Colombo - Galle - Hambantota - Wellawaya,trunk,False,50,,Galle Road,912.2766141263276
3448778695,665685929,A2,AA002,Colombo - Galle - Hambantota - Wellawaya,trunk,True,50,,Galle Road,43.45209181571613
3448778696,6266463975,A2,AA002,Colombo - Galle - Hambantota - Wellawaya,trunk,True,50,,Galle Road,86.22740982361728
3448778696,665685929,A2,AA002,Colombo - Galle - Hambantota - Wellawaya,trunk,True,50,,Galle Road,74.25288688339369
3478101817,258029175,A1,AA001,Colombo - Kandy,trunk,True,60,2,Sirimavo Bandaranaike Mawatha (Peradeniya Road),330.73935940256285
3491135822,1797964180,A4,AA004,Colombo - Ratnapura - Wellawaya - Batticaloa,trunk,True,60,2,Ratnapura Road,28.737815284916437
3491135824,3491138212,A7,AA007,Avissawella - Hatton - Nuwara Eliya,trunk,False,60,2,Yatiyantota Road,91.24184120053953
3491135824,1797964180,A7,AA007,Avissawella - Hatton - Nuwara Eliya,trunk,False,60,2,Yatiyantota Road,26.572622027013615
3491138212,3095525776,A7,AA007,Avissawella - Hatton - Nuwara Eliya,trunk,False,60,2,Yatiyantota Road,27.876916150565187
3491138212,3491135824,A7,AA007,Avissawella - Hatton - Nuwara Eliya,trunk,False,60,2,Yatiyantota Road,91.24184120053951
3492878507,4137314869,A32,AA032,Navakkuli - Kerativu - Mannar,trunk,False,60,,"['Karaitivu-Mannar Road', 'Navatkuli - Kerativu-Mannar Road', 'Navakkuli - Kerativu - Mannar Road', 'Navatkuli-Keraitivu-Mannar Road']",77986.39803451361
3502106859,619152165,A0,AA000,Kollupitiya - Sri Jayewardenepura,trunk,True,70,3,Sri Jayewardenepura Mawatha,92.56289930267454
3510278658,309033793,A4,AA004,Colombo - Ratnapura - Wellawaya - Batticaloa,trunk,False,60,2,Ratnapura Road,663.2803121137661
3510278658,3491135822,A4,AA004,Colombo - Ratnapura - Wellawaya - Batticaloa,trunk,True,60,2,Ratnapura Road,84.79047740965363
3514813026,5153486366,A21,AA021,Kegalle - Bulathkohupitiya - Karawanella,trunk,False,60,2,Kegalle-Bulathkohupitiya-Karawanella Road,111.62171229617402
3514813026,3120470733,A21,AA021,Kegalle - Bulathkohupitiya - Karawanella,trunk,False,60,2,Kegalle-Bulathkohupitiya-Karawanella Road,3487.879698449874
3514826047,2015265415,A21,AA021,Kegalle - Bulathkohupitiya - Karawanella,trunk,False,60,2,Kegalle-Bulathkohupitiya-Karawanella Road,4807.631434322453
3514826047,5153486366,A21,AA021,Kegalle - Bulathkohupitiya - Karawanella,trunk,False,60,2,Kegalle-Bulathkohupitiya-Karawanella Road,5045.141135893115
3517327762,2608995079,A7,AA007,Avissawella - Hatton - Nuwara Eliya,trunk,False,"['50', '70']",2,"['Nanu Oya Road', 'Main Street']",3864.121893171224
3517327762,247140495,A7,AA007,Avissawella - Hatton - Nuwara Eliya,trunk,False,70,2,Nanu Oya Road,6773.409854846219
3518417590,1880627813,A9,AA009,Kandy - Jaffna,trunk,False,70,2,Kandy-Jaffna Road,9359.640588605884
3518417590,3518418201,A9,AA009,Kandy - Jaffna,trunk,True,70,,Kandy-Jaffna Road,33.69859423693312
3518418193,3518418194,A9,AA009,Kandy - Jaffna,trunk,True,60,,Kandy-Jaffna Road,36.886143032202234
3518418194,3518418208,A9,AA009,Kandy - Jaffna,trunk,True,60,,Kandy-Jaffna Road,34.44669594007705
3518418194,4139580626,A9,AA009,Kandy - Jaffna,trunk,False,70,2,Anuradhapura Road,6550.890845401829
3518418196,1028522781,A13,AA013,Galkulama - Anuradhapura,trunk,False,60,2,Kandy Road,4743.710566605695
3518418196,3518418214,A13,AA013,Galkulama - Anuradhapura,trunk,True,60,,Kandy Road,24.42135861819491
3518418199,3518417590,A9,AA009,Kandy - Jaffna,trunk,True,70,,Kandy-Jaffna Road,30.59886203465081
3518418203,3518418196,A13,AA013,Galkulama - Anuradhapura,trunk,True,60,,Kandy Road,28.761880112420098
3518425501,5302260378,A9,AA009,Kandy - Jaffna,trunk,True,50,,Anuradhapura Road,710.2583745965054
3518425508,7035050524,A9,AA009,Kandy - Jaffna,trunk,True,"['60', '40']",,Anuradhapura Road,178.6116892342132
3527283166,5286754885,A5,AA005,Peradeniya - Badulla - Chenkaladi,trunk,False,70,2,Badulla-Chenkaladi Road,35320.27509635909
3527283166,1945644699,A5,AA005,Peradeniya - Badulla - Chenkaladi,trunk,False,70,2,Badulla-Chenkaladi Road,2575.5535506353035
3527283166,2400768904,A22,AA022,Passara - Moneragala,trunk,False,70,2,Passara-Moneragala Road,16350.201982772052
3538149112,619227153,A1,AA001,Colombo - Kandy,primary,True,60,"['3', '2']","['Panchikawatte Road', 'Sri Sangaraja Mawatha']",75.46416618833499
3538149112,619227137,A1,AA001,Colombo - Kandy,trunk,True,60,2,Sri Sangaraja Mawatha,33.11964171390482
3538180787,3556443375,A1,AA001,Colombo - Kandy,trunk,True,60,2,Sri Sangaraja Mawatha,52.0673684468785
3556443371,3799736775,A1,AA001,Colombo - Kandy,"['primary', 'trunk']",True,60,2,"['Olcott Mawatha', 'Orabi Pasha Mawatha']",207.0950925091512
3556443371,3556443375,A1,AA001,Colombo - Kandy,"['primary', 'trunk']",True,60,"['4', '2']","['Sri Sangaraja Mawatha', 'Orabi Pasha Mawatha']",47.61761537315616
3556443375,3538149112,A1,AA001,Colombo - Kandy,trunk,True,60,4,Sri Sangaraja Mawatha,562.6836587998164
3557474363,6540075345,A11,AA011,Maradankadawela - Habarana - Tirikkondiadimadu,trunk,False,60,2,Maradankadawala-Habarana Road,15272.008523575969
3574703794,250731003,A0,AA000,Kollupitiya - Sri Jayewardenepura,trunk,True,70,2,Sri Jayewardenepura Mawatha,12.22011254754298
3577871618,403899740,A3,AA003,Peliyagoda - Puttalam,trunk,True,60,2,Negombo Road,718.9887357568614
3584750699,49371992,A5,AA005,Peradeniya - Badulla - Chenkaladi,trunk,False,60,2,Kandy Road,552.0827390859298
3584750699,3254670926,A5,AA005,Peradeniya - Badulla - Chenkaladi,trunk,False,60,2,"['Kandy Road', 'Nuwara Eliya Road']",20790.35096038325
3586058707,3064234504,A10,AA010,Katugastota - Kurunegala - Puttalam,trunk,False,70,2,Kurunegala - Kandy Road,11941.735406555714
3586058707,4394543338,A10,AA010,Katugastota - Kurunegala - Puttalam,trunk,False,70,,Kurunegala - Kandy Road,280.7936761390316
3591084262,263155217,A5,AA005,Peradeniya - Badulla - Chenkaladi,trunk,False,60,2,Kandy Road,7193.103089148949
3591084262,3871146838,A5,AA005,Peradeniya - Badulla - Chenkaladi,trunk,True,60,1,Kandy Road,22.772129577388295
3591964802,445969634,A1,AA001,Colombo - Kandy,trunk,False,70,2,Colombo-Kandy Road,15.232435503127205
3591964802,3224668762,A1,AA001,Colombo - Kandy,trunk,True,60,,Old Colombo Road,41.90693057738668
3594147916,3697151657,A2,AA002,Colombo - Galle - Hambantota - Wellawaya,trunk,True,60,2,New Tangalle Road,7.458104160096136
3600553588,13663348779,A1,AA001,Colombo - Kandy,trunk,True,70,2,Colombo-Kandy Road,72.53252649051399
3600557544,2966142476,A1,AA001,Colombo - Kandy,trunk,True,60,2,Colombo-Kandy Road,300.0280159274365
3616502607,258049267,A9,AA009,Kandy - Jaffna,trunk,False,60,2,Matale Road,7098.490197743157
3616502607,1980552009,A9,AA009,Kandy - Jaffna,trunk,False,60,2,Matale Road,1015.208702273814
3618872658,3780823908,A1,AA001,Colombo - Kandy,trunk,True,60,2,Sirimavo Bandaranaike Mawatha (Peradeniya Road),21.955710035081708
3618872658,3810784671,A1,AA001,Colombo - Kandy,trunk,False,60,"['4', '2']",Sirimavo Bandaranaike Mawatha (Peradeniya Road),1175.8403731081837
3620006922,258049379,A9,AA009,Kandy - Jaffna,trunk,False,60,2,Kandy Road,2092.5428335391075
3620006922,3645486728,A9,AA009,Kandy - Jaffna,trunk,False,60,2,Kandy Road,1101.3050221886917
3621305202,1231840453,A24,AA024,Matara - Akuressa,trunk,False,"['60', '72']",2,Matara-Akuressa Road,4602.091607268488
3621305202,13367298677,A24,AA024,Matara - Akuressa,trunk,True,60,,Matara-Akuressa Road,71.96822679016617
3637344649,6248011188,A2,AA002,Colombo - Galle - Hambantota - Wellawaya,trunk,True,70,2,Hambantota-Wellawaya Road,143.98289076477738
3645486728,3813344287,A9,AA009,Kandy - Jaffna,trunk,False,60,2,Matale Road,2831.4016243545234
3645486728,3620006922,A9,AA009,Kandy - Jaffna,trunk,False,60,2,Kandy Road,1101.3050221886917
3649864139,3649878436,A3,AA003,Peliyagoda - Puttalam,trunk,True,70,,Colombo-Puttalam Road,54.83798721693039
3649864144,3649876602,A3,AA003,Peliyagoda - Puttalam,trunk,True,70,,Colombo-Puttalam Road,33.36254305529212
3649873087,12620876473,A3,AA003,Peliyagoda - Puttalam,trunk,False,70,2,Colombo-Puttalam Road,52253.34672144227
3649873087,3649874915,A3,AA003,Peliyagoda - Puttalam,trunk,True,70,,Colombo-Puttalam Road,58.98327371957589
3649874902,3649873087,A3,AA003,Peliyagoda - Puttalam,trunk,True,70,,Colombo-Puttalam Road,60.69918078368994
3649874902,3649874915,A3,AA003,Peliyagoda - Puttalam,trunk,True,70,,Colombo-Puttalam Road,18.42194837419849
3649874906,3649874902,A3,AA003,Peliyagoda - Puttalam,trunk,True,70,,Colombo-Puttalam Road,6.464769338021073
3649874915,3649876603,A3,AA003,Peliyagoda - Puttalam,trunk,True,70,,Colombo-Puttalam Road,143.7496584709707
3649874915,3649874906,A3,AA003,Peliyagoda - Puttalam,trunk,True,70,,Colombo-Puttalam Road,22.80998633831929
3649876604,3649874906,A3,AA003,Peliyagoda - Puttalam,trunk,True,70,,Colombo-Puttalam Road,153.45378635102892
3649878435,3649864133,A3,AA003,Peliyagoda - Puttalam,trunk,True,70,,Colombo-Puttalam Road,30.34807094604777
3649878436,3649878439,A3,AA003,Peliyagoda - Puttalam,trunk,True,70,,Colombo-Puttalam Road,55.81693741942394
3649878436,1889362430,A3,AA003,Peliyagoda - Puttalam,trunk,False,70,2,Colombo-Puttalam Road,11566.134152190049
3658420115,6695505199,A3,AA003,Peliyagoda - Puttalam,trunk,True,70,2,Colombo-Puttalam Road,12.956123735416265
3658420115,1889362430,A3,AA003,Peliyagoda - Puttalam,trunk,False,70,2,Colombo-Puttalam Road,24440.58034638376
3662474355,258049379,A9,AA009,Kandy - Jaffna,trunk,True,60,1,Kandy Road,44.75381318348026
3662474376,2083007820,A9,AA009,Kandy - Jaffna,trunk,True,60,,Kandy Road,25.98669255646474
3664895173,4426797157,A3,AA003,Peliyagoda - Puttalam,trunk,True,60,2,Negombo Road,334.6359338119609
3674901134,1809805271,A2,AA002,Colombo - Galle - Hambantota - Wellawaya,trunk,False,70,2,Hambantota-Wellawaya Road,219.05720817889545
3674901134,13689191650,A2,AA002,Colombo - Galle - Hambantota - Wellawaya,trunk,False,70,2,Hambantota-Wellawaya Road,7222.095684470747
3682574805,49368092,A5,AA005,Peradeniya - Badulla - Chenkaladi,trunk,False,60,2,Nuwara Eliya-Badulla Road,7809.7673670896
3682574805,3390636008,A5,AA005,Peradeniya - Badulla - Chenkaladi,trunk,False,60,2,"['Nuwara Eliya-Badulla Road', 'Badulla Road']",9794.598901188663
3697145064,13695148146,A2,AA002,Colombo - Galle - Hambantota - Wellawaya,trunk,True,60,2,New Tangalle Road,120.4143061509348
3697151657,1650097492,A2,AA002,Colombo - Galle - Hambantota - Wellawaya,trunk,True,60,2,New Tangalle Road,42.48136646130438
3699494976,1818583225,A2,AA002,Colombo - Galle - Hambantota - Wellawaya,trunk,False,70,2,Matara-Hambantota Road,7.03936094435123
3699494976,1428650220,A2,AA002,Colombo - Galle - Hambantota - Wellawaya,trunk,False,70,2,Matara-Hambantota Road,5584.115236390617
3710121977,258049598,A9,AA009,Kandy - Jaffna,trunk,False,70,,Kandy-Jaffna Road,1454.4645205201195
3710121977,258049453,A9,AA009,Kandy - Jaffna,trunk,False,70,,"['Kandy-Jaffna Road', 'Nalanda Oya Bridge']",20137.307211494415
3718488870,3718488874,A1,AA001,Colombo - Kandy,trunk,True,50,1,Main Street,68.089612602032
3718488870,3226275220,A1,AA001,Colombo - Kandy,trunk,False,60,2,"['Kandy Road', 'Colombo-Kandy Road']",9122.140120383065
3718488871,2338839291,A1,AA001,Colombo - Kandy,trunk,False,60,,Main Street,355.052426193386
3718488874,3718488871,A1,AA001,Colombo - Kandy,trunk,True,50,1,Main Street,15.343889933199392
3730047332,6685195539,A4,AA004,Colombo - Ratnapura - Wellawaya - Batticaloa,trunk,True,60,1,Wellawaya-Pottuvil Road,33.91196549365667
3730047332,4067142483,A4,AA004,Colombo - Ratnapura - Wellawaya - Batticaloa,trunk,False,70,2,Wellawaya-Pottuvil Road,33378.52280056773
3737231765,667426156,A1,AA001,Colombo - Kandy,trunk,True,70,2,Colombo-Kandy Road,495.5601000830566
3742192393,678335411,A4,AA004,Colombo - Ratnapura - Wellawaya - Batticaloa,trunk,False,50,4,Sri Sambuddhatwa Jayanthi Mawatha (Havelock Road),563.5474974223089
3742192393,3742220440,A4,AA004,Colombo - Ratnapura - Wellawaya - Batticaloa,trunk,True,70,3,Sri Sambuddhatwa Jayanthi Mawatha (Havelock Road),268.6053277376358
3742220437,2034206073,A4,AA004,Colombo - Ratnapura - Wellawaya - Batticaloa,trunk,True,70,"['3', '2']",Sri Sambuddhatwa Jayanthi Mawatha (Havelock Road),296.2977872928613
3742220438,3742220439,A4,AA004,Colombo - Ratnapura - Wellawaya - Batticaloa,trunk,True,70,3,Sri Sambuddhatwa Jayanthi Mawatha (Havelock Road),10.262229898802925
3742220439,3742192393,A4,AA004,Colombo - Ratnapura - Wellawaya - Batticaloa,trunk,True,70,3,Sri Sambuddhatwa Jayanthi Mawatha (Havelock Road),265.2464134569111
3742220440,3742220437,A4,AA004,Colombo - Ratnapura - Wellawaya - Batticaloa,trunk,True,70,3,Sri Sambuddhatwa Jayanthi Mawatha (Havelock Road),10.180475126303065
3749027775,1138481094,A2,AA002,Colombo - Galle - Hambantota - Wellawaya,trunk,True,70,,Galle Road,80.69753849860857
3749027775,1617989288,A2,AA002,Colombo - Galle - Hambantota - Wellawaya,trunk,False,70,2,Galle Road,4886.0802681135
3763282547,3221213836,A21,AA021,Kegalle - Bulathkohupitiya - Karawanella,trunk,False,60,2,Kegalle-Bulathkohupitiya-Karawanella Road,2405.278196427778
3763282547,3120470733,A21,AA021,Kegalle - Bulathkohupitiya - Karawanella,trunk,False,60,2,Kegalle-Bulathkohupitiya-Karawanella Road,8801.25975807242
3770168315,3799742997,A33,AA033,Ja-Ela - Ekala - Gampaha - Yakkala,trunk,True,40,2,,47.926373699677654
3770168315,3770168316,A33,AA033,Ja-Ela - Ekala - Gampaha - Yakkala,trunk,False,40,2,Orutota Road,23.52308211560592
3770168316,4068148608,A33,AA033,Ja-Ela - Ekala - Gampaha - Yakkala,trunk,False,40,2,Orutota Road,165.45124873894193
3770168316,3770168315,A33,AA033,Ja-Ela - Ekala - Gampaha - Yakkala,trunk,False,40,2,Orutota Road,23.52308211560592
3780516705,2499287720,A1,AA001,Colombo - Kandy,trunk,True,60,2,Colombo-Kandy Road,35.076077073695664
3780516724,5197144868,A1,AA001,Colombo - Kandy,trunk,True,60,2,Colombo-Kandy Road,8.229360805356226
3781723165,3136385191,A1,AA001,Colombo - Kandy,trunk,True,60,5,Chatham Street,158.22903485960097
3794028977,3803143155,A1,AA001,Colombo - Kandy,trunk,False,70,2,Colombo-Kandy Road,536.2433366010932
3794028977,3803143156,A1,AA001,Colombo - Kandy,trunk,False,70,2,Colombo-Kandy Road,539.699558527832
3794028977,445970143,A1,AA001,Colombo - Kandy,trunk,False,70,2,Colombo-Kandy Road,1257.7683694721309
3794035028,2145113802,A21,AA021,Kegalle - Bulathkohupitiya - Karawanella,trunk,False,60,2,Kalugalla Mawatha,466.1150444067139
3794035028,3796385433,A1,AA001,Colombo - Kandy,trunk,False,70,2,Colombo-Kandy Road,103.21223245966364
3794035028,3803143156,A1,AA001,Colombo - Kandy,trunk,False,70,2,Colombo-Kandy Road,550.0006320026187
3796385433,3219994344,A1,AA001,Colombo - Kandy,trunk,False,70,2,Colombo-Kandy Road,296.67130069369705
3796385433,3794035028,A1,AA001,Colombo - Kandy,trunk,False,70,2,Colombo-Kandy Road,103.21223245966364
3797644263,3797730069,A33,AA033,Ja-Ela - Ekala - Gampaha - Yakkala,trunk,False,40,2,Gampaha-Ja Ela Road,142.8001167713733
3797644275,3797644308,A33,AA033,Ja-Ela - Ekala - Gampaha - Yakkala,trunk,False,40,2,Gampaha-Ja Ela Road,183.6578811736441
3797644308,3289420390,A33,AA033,Ja-Ela - Ekala - Gampaha - Yakkala,trunk,True,30,1,Gampaha-Ja Ela Road,29.00999934474277
3797644308,3797644275,A33,AA033,Ja-Ela - Ekala - Gampaha - Yakkala,trunk,False,40,2,Gampaha-Ja Ela Road,183.65788117364414
3797730069,3799742997,A33,AA033,Ja-Ela - Ekala - Gampaha - Yakkala,trunk,False,40,2,,20.461873913429823
3797730069,3797644263,A33,AA033,Ja-Ela - Ekala - Gampaha - Yakkala,trunk,False,40,2,Gampaha-Ja Ela Road,142.8001167713733
3797730069,3770168316,A33,AA033,Ja-Ela - Ekala - Gampaha - Yakkala,trunk,True,40,2,Gampaha - Ja Ela Road,58.59036232356131
3799736775,2105382093,A1,AA001,Colombo - Kandy,trunk,True,60,2,Olcott Mawatha,342.46491452656784
3799742997,3797730069,A33,AA033,Ja-Ela - Ekala - Gampaha - Yakkala,trunk,False,40,2,,20.461873913429823
3799780749,8933799512,A33,AA033,Ja-Ela - Ekala - Gampaha - Yakkala,trunk,True,60,1,Gampaha-Yakkala Road,44.264635365528434
3799780753,843513354,A33,AA033,Ja-Ela - Ekala - Gampaha - Yakkala,trunk,True,50,2,Colombo Road,138.48343155411507
3803143155,3794028977,A1,AA001,Colombo - Kandy,trunk,False,70,2,Colombo-Kandy Road,536.2433366010933
3803143155,3219884852,A1,AA001,Colombo - Kandy,trunk,False,70,2,Colombo-Kandy Road,550.0531802954121
3803143156,3794035028,A1,AA001,Colombo - Kandy,trunk,False,70,2,Colombo-Kandy Road,550.0006320026185
3803143156,3794028977,A1,AA001,Colombo - Kandy,trunk,False,70,2,Colombo-Kandy Road,539.699558527832
3804182781,1980552009,A9,AA009,Kandy - Jaffna,trunk,False,60,2,Matale Road,2974.0893036219522
3810784671,5139375451,A1,AA001,Colombo - Kandy,trunk,True,60,2,Sirimavo Bandaranaike Mawatha (Peradeniya Road),200.6273524612212
3810784671,3618872658,A1,AA001,Colombo - Kandy,trunk,False,60,"['4', '2']",Sirimavo Bandaranaike Mawatha (Peradeniya Road),1175.8403731081833
3813344287,3645486728,A9,AA009,Kandy - Jaffna,trunk,False,60,2,Matale Road,2831.401624354526
3813344287,1727358941,A9,AA009,Kandy - Jaffna,trunk,False,60,2,Matale Road,772.5292378925124
3815809876,1331893829,A5,AA005,Peradeniya - Badulla - Chenkaladi,trunk,False,50,2,Kandy Road,392.20002306410305
3815814909,3390634865,A5,AA005,Peradeniya - Badulla - Chenkaladi,trunk,False,60,2,Badulla Road,941.8073108970434
3816390084,324988637,A1,AA001,Colombo - Kandy,trunk,True,60,2,Colombo-Kandy Road,24.22319944803972
3820002302,1331893829,A5,AA005,Peradeniya - Badulla - Chenkaladi,trunk,False,50,1,Kandy Road,52.659096174832364
3820002304,2035811429,A5,AA005,Peradeniya - Badulla - Chenkaladi,trunk,False,50,,Queen Elizabeth Drive,18.192425923088088
3820002325,2035811429,A5,AA005,Peradeniya - Badulla - Chenkaladi,trunk,False,50,1,Queen Elizabeth Drive,19.097673312787347
3822754793,10065277058,A26,AA026,Kandy - Mahiyangana - Padiyatalawa,trunk,False,60,,Kandy-Mahiyanganaya-Padiyatalawa Road,1066.5519430563204
3822754793,4814119777,A26,AA026,Kandy - Mahiyangana - Padiyatalawa,trunk,True,50,2,Kandy-Mahiyanganaya-Padiyatalawa Road,64.74369360224321
3825207097,3355420037,A2,AA002,Colombo - Galle - Hambantota - Wellawaya,trunk,True,60,2,Janadhipathi Mawatha,309.9539036714549
3836856289,13431444645,A26,AA026,Kandy - Mahiyangana - Padiyatalawa,trunk,True,60,1,Kandy-Mahiyanganaya-Padiyatalawa Road,29.206959282840575
3849049820,2155580115,A3,AA003,Peliyagoda - Puttalam,trunk,True,60,2,Negombo Road,32.363775267452105
3849049820,3252971709,A33,AA033,Ja-Ela - Ekala - Gampaha - Yakkala,trunk,True,50,2,Gampaha-Ja Ela Road,26.201169222872103
3849049823,1278086414,A3,AA003,Peliyagoda - Puttalam,trunk,True,60,2,Negombo Road,78.54887917225241
3851226779,6540645130,A3,AA003,Peliyagoda - Puttalam,trunk,True,60,2,Negombo Road,2974.3093879768307
3851353586,5319765722,A19,AA019,Polgahawela - Kegalle,trunk,False,60,2,Polgahawela-Kegalle Road,6434.910080425157
3851353586,617968149,A19,AA019,Polgahawela - Kegalle,trunk,False,60,2,Polgahawela-Kegalle Road,4400.680248236388
3864419806,324988797,A1,AA001,Colombo - Kandy,trunk,True,60,2,Colombo-Kandy Road,32.30871667715088
3864419811,1840750860,A1,AA001,Colombo - Kandy,trunk,True,60,2,Colombo-Kandy Road,1993.14128205042
3871134706,3591084262,A5,AA005,Peradeniya - Badulla - Chenkaladi,trunk,True,60,1,Kandy Road,22.024923717566004
3871146838,5273425373,A5,AA005,Peradeniya - Badulla - Chenkaladi,trunk,True,60,1,T. B. Panabokke Mawatha (Gangasiri Road),25.68226785442379
3891382236,843513352,A33,AA033,Ja-Ela - Ekala - Gampaha - Yakkala,trunk,True,50,2,Colombo Road,128.77478718829371
3927772236,2087261005,A21,AA021,Kegalle - Bulathkohupitiya - Karawanella,trunk,True,40,1,Kegalle-Bulathkohupitiya-Karawanella Road,24.710967808756553
3935855296,3935855297,A2,AA002,Colombo - Galle - Hambantota - Wellawaya,trunk,False,60,2,Matara Road,22.00879961251886
3935855296,1397090864,A2,AA002,Colombo - Galle - Hambantota - Wellawaya,trunk,False,60,2,Matara Road,1031.9377559687355
3935855297,3935855296,A2,AA002,Colombo - Galle - Hambantota - Wellawaya,trunk,False,60,2,Matara Road,22.00879961251886
3935855297,1397140981,A2,AA002,Colombo - Galle - Hambantota - Wellawaya,trunk,False,60,2,Matara Road,1691.4024081779432
3937818066,1723700615,A4,AA004,Colombo - Ratnapura - Wellawaya - Batticaloa,trunk,True,72,,Colombo Road,46.157333030434216
3937818093,3937818139,A4,AA004,Colombo - Ratnapura - Wellawaya - Batticaloa,trunk,True,72,,Colombo Road,43.07496444555307
3937818139,3937818064,A4,AA004,Colombo - Ratnapura - Wellawaya - Batticaloa,trunk,True,72,,Colombo Road,44.73417813087879
3937818139,1751020481,A4,AA004,Colombo - Ratnapura - Wellawaya - Batticaloa,trunk,False,72,2,Colombo Road,254.07488187823895
3937837818,310860950,A4,AA004,Colombo - Ratnapura - Wellawaya - Batticaloa,trunk,False,72,2,Colombo Road,2890.616570051721
3937837818,3937837841,A4,AA004,Colombo - Ratnapura - Wellawaya - Batticaloa,trunk,True,72,2,Colombo Road,38.37272956206877
3937837843,3937837818,A4,AA004,Colombo - Ratnapura - Wellawaya - Batticaloa,trunk,True,72,,Colombo Road,36.281404246189375
3937837959,1750944667,A4,AA004,Colombo - Ratnapura - Wellawaya - Batticaloa,trunk,True,72,,Colombo Road,38.56918974907524
3937903239,3538180787,A1,AA001,Colombo - Kandy,trunk,True,60,2,Olcott Mawatha,175.7548778224299
3945809610,6292190587,A4,AA004,Colombo - Ratnapura - Wellawaya - Batticaloa,trunk,True,60,2,High Level Road,33.5965735434597
3960797187,1841475983,A2,AA002,Colombo - Galle - Hambantota - Wellawaya,trunk,True,60,2,Matara-Hambantota Road,27.393010155883815
3960868163,77379011,A2,AA002,Colombo - Galle - Hambantota - Wellawaya,trunk,False,70,4,Matara-Hambantota Road,19.925510212326756
3960868163,77379074,A2,AA002,Colombo - Galle - Hambantota - Wellawaya,trunk,False,70,4,Matara-Hambantota Road,496.9723444852067
3964896717,652533088,A0,AA000,Kollupitiya - Sri Jayewardenepura,trunk,True,70,3,Dudley Senanayake Mawatha (Castle Street),50.10868683173362
3983328377,3983328743,A1,AA001,Colombo - Kandy,trunk,True,60,2,Sirimavo Bandaranaike Mawatha (Peradeniya Road),48.036347834263545
3983328377,13671477050,A1,AA001,Colombo - Kandy,trunk,False,60,2,Sirimavo Bandaranaike Mawatha (Peradeniya Road),3862.9603245764
3983329767,3983328377,A1,AA001,Colombo - Kandy,trunk,True,60,2,Sirimavo Bandaranaike Mawatha (Peradeniya Road),49.64570514913653
4004620069,4004630079,A1,AA001,Colombo - Kandy,trunk,True,50,1,Sri Dalada Veediya,20.194983508084622
4004620076,6324979463,A1,AA001,Colombo - Kandy,trunk,True,60,2,Sri Dalada Veediya,25.311121686289006
4004621090,11367587826,A1,AA001,Colombo - Kandy,trunk,False,60,2,Sirimavo Bandaranaike Mawatha (Peradeniya Road),7.0928514510752265
4004621090,13615512124,A1,AA001,Colombo - Kandy,trunk,False,60,2,Sirimavo Bandaranaike Mawatha (Peradeniya Road),20.416929603160348
4004630079,8936981953,A1,AA001,Colombo - Kandy,trunk,True,60,2,Sri Dalada Veediya,74.29873183672088
4011680781,6260211179,A4,AA004,Colombo - Ratnapura - Wellawaya - Batticaloa,trunk,True,70,2,H. Sri Nassanka Mawatha (Maya Avenue),40.56421615919217
4011680781,1676479570,A4,AA004,Colombo - Ratnapura - Wellawaya - Batticaloa,trunk,False,50,4,H. Sri Nassanka Mawatha (Maya Avenue),354.99846739522627
4011682730,619195378,A4,AA004,Colombo - Ratnapura - Wellawaya - Batticaloa,trunk,True,70,2,Sri Sambuddhatwa Jayanthi Mawatha (Havelock Road),51.048646666352965
4011682730,268931354,A4,AA004,Colombo - Ratnapura - Wellawaya - Batticaloa,trunk,False,"['50', '60']","['5', '3', '6']",Sri Sambuddhatwa Jayanthi Mawatha (Havelock Road),440.57574657797795
4019244692,8865864661,A9,AA009,Kandy - Jaffna,trunk,True,60,,Katugastota Road,324.310895121544
4019244695,4019244692,A9,AA009,Kandy - Jaffna,trunk,True,60,,Katugastota Road,12.403940737448975
4019244724,3218446414,A9,AA009,Kandy - Jaffna,trunk,True,60,,Katugastota Road,51.26836004133523
4045295806,1750869639,A18,AA018,Pelmadulla - Embilipitiya - Nonagama,trunk,False,72,,Pelmadulla-Embilipitiya Road,14695.511689619952
4045295806,1723290054,A18,AA018,Pelmadulla - Embilipitiya - Nonagama,trunk,False,72,,Pelmadulla-Embilipitiya Road,15323.231889661005
4067142483,3730047332,A4,AA004,Colombo - Ratnapura - Wellawaya - Batticaloa,trunk,False,70,2,Wellawaya-Pottuvil Road,33378.52280056772
4067142493,1725053695,A4,AA004,Colombo - Ratnapura - Wellawaya - Batticaloa,trunk,False,70,2,Pottuvil-Batticloa Road,28105.991004315525
4067964375,3064234504,A10,AA010,Katugastota - Kurunegala - Puttalam,trunk,False,70,2,Kurunegala - Kandy Road,10317.856279198946
4067964377,3064571979,A10,AA010,Katugastota - Kurunegala - Puttalam,trunk,False,70,,Kurunegala - Kandy Road,1248.0352899855855
4068148608,637009411,A33,AA033,Ja-Ela - Ekala - Gampaha - Yakkala,trunk,False,40,2,Colombo Road,105.5287493243486
4068148608,3770168316,A33,AA033,Ja-Ela - Ekala - Gampaha - Yakkala,trunk,False,40,2,Orutota Road,165.45124873894193
4071257597,2418603897,A4,AA004,Colombo - Ratnapura - Wellawaya - Batticaloa,trunk,True,50,1,Wellawaya-Pottuvil Road,20.50198276117371
4087054248,292783948,A3,AA003,Peliyagoda - Puttalam,trunk,True,60,2,Negombo Road,268.2604726136546
4087054250,2155666096,A3,AA003,Peliyagoda - Puttalam,trunk,True,70,2,Negombo Road,4.511472085777926
4087054259,6275242615,A3,AA003,Peliyagoda - Puttalam,trunk,True,60,2,Negombo Road,6.988023516764473
4087054265,4087054259,A3,AA003,Peliyagoda - Puttalam,trunk,True,60,2,Negombo Road,18.656676071317634
4108748752,5252242470,A7,AA007,Avissawella - Hatton - Nuwara Eliya,trunk,False,70,2,Talawakelle Road,5539.726563625849
4108748752,4108748760,A7,AA007,Avissawella - Hatton - Nuwara Eliya,trunk,False,70,2,Talawakelle Road,347.92535364153025
4108748760,4108748752,A7,AA007,Avissawella - Hatton - Nuwara Eliya,trunk,False,70,2,Talawakelle Road,347.9253536415302
4108748760,247140202,A7,AA007,Avissawella - Hatton - Nuwara Eliya,trunk,False,70,2,Talawakelle Road,4187.92191182538
4137314869,3492878507,A32,AA032,Navakkuli - Kerativu - Mannar,trunk,False,60,,"['Karaitivu-Mannar Road', 'Navatkuli - Kerativu-Mannar Road', 'Navakkuli - Kerativu - Mannar Road', 'Navatkuli-Keraitivu-Mannar Road']",77986.39803451374
4137349471,13564710647,A28,AA028,Padeniya - Anuradhapura,trunk,True,40,,Padeniya-Anuradhapura Road,31.325715133554247
4137349478,13564710682,A12,AA012,Puttalam - Trincomalee,trunk,True,,,Puttalam Road,28.216849636478106
4137349486,4137353395,A12,AA012,Puttalam - Trincomalee,trunk,True,70,,Puttalam Road,50.35959614939564
4137349488,4137349479,A12,AA012,Puttalam - Trincomalee,trunk,True,60,,Puttalam Road,51.32922564648282
4137353396,566569982,A12,AA012,Puttalam - Trincomalee,trunk,True,70,,Jayanthi Mawatha,36.644424823418504
4137359438,1401473107,A13,AA013,Galkulama - Anuradhapura,trunk,True,70,,Bandaranaike Mawatha,49.13606528496128
4137359438,11743149450,A13,AA013,Galkulama - Anuradhapura,trunk,False,70,,Bandaranaike Mawatha,523.0422173566874
4137359440,8795417511,A12,AA012,Puttalam - Trincomalee,trunk,True,60,,Jayanthi Mawatha,42.445969870147934
4137359440,602759879,A12,AA012,Puttalam - Trincomalee,trunk,False,60,,Jayanthi Mawatha,610.4144991870897
4137371245,5055655462,A20,AA020,Anuradhapura - Rambewa,trunk,True,"['60', '70']",,Anuradhapura Road,123.25459514024517
4139580626,567011644,A9,AA009,Kandy - Jaffna,trunk,True,60,,Anuradhapura Road,672.9751384286418
4139580626,3518418194,A9,AA009,Kandy - Jaffna,trunk,False,70,2,Anuradhapura Road,6550.890845401834
4139586563,7185616200,A12,AA012,Puttalam - Trincomalee,trunk,True,60,,Puttalam Road,11.553346940477223
4140985755,1731470200,A10,AA010,Katugastota - Kurunegala - Puttalam,trunk,False,60,,Katugastota-Kurunegala-Puttalam Road,19.386885722721903
4140985755,4807150338,A10,AA010,Katugastota - Kurunegala - Puttalam,trunk,False,60,,Katugastota-Kurunegala-Puttalam Road,24670.128219298567
4140985756,5169879067,A10,AA010,Katugastota - Kurunegala - Puttalam,trunk,True,40,,Katugastota-Kurunegala-Puttalam Road,35.58729107987981
4140985756,1731470200,A10,AA010,Katugastota - Kurunegala - Puttalam,trunk,False,60,,Katugastota-Kurunegala-Puttalam Road,1805.9612157623787
4142250033,1830490073,A5,AA005,Peradeniya - Badulla - Chenkaladi,trunk,False,60,2,"['Gampola Bridge', 'Nuwara Eliya Road']",149.50222424316323
4142250033,4142250035,A5,AA005,Peradeniya - Badulla - Chenkaladi,trunk,False,60,2,Nuwara Eliya Road,18.253714736443637
4142250035,4142250033,A5,AA005,Peradeniya - Badulla - Chenkaladi,trunk,False,60,2,Nuwara Eliya Road,18.253714736443637
4142250035,3169826275,A5,AA005,Peradeniya - Badulla - Chenkaladi,trunk,False,60,2,Nuwara Eliya Road,1917.6616391273685
4147052689,2155634701,A3,AA003,Peliyagoda - Puttalam,trunk,True,60,2,Negombo Road,594.8452914714459
4152511797,4147052689,A3,AA003,Peliyagoda - Puttalam,trunk,True,60,2,Negombo Road,39.19540778703318
4152530090,3403175022,A1,AA001,Colombo - Kandy,trunk,True,60,2,Colombo-Kandy Road,26.392713260566673
4177584094,2382076798,A26,AA026,Kandy - Mahiyangana - Padiyatalawa,trunk,True,70,,Kandy-Mahiyanganaya Road,25.39720914475862
4177584096,937249756,A26,AA026,Kandy - Mahiyangana - Padiyatalawa,trunk,False,60,2,Hewaheta Road,39.290080792142945
4197383649,1346379037,A0,AA000,Kollupitiya - Sri Jayewardenepura,trunk,True,60,,Ananda Coomaraswamy Mawatha,12.13460008308826
4212767857,1807810047,A5,AA005,Peradeniya - Badulla - Chenkaladi,trunk,True,60,1,Badulla-Chenkaladi Road,37.34371966561451
4231244458,637763018,A33,AA033,Ja-Ela - Ekala - Gampaha - Yakkala,trunk,True,70,2,Gampaha-Ja Ela Road,36.50031377663801
4267522204,2017404189,A17,AA017,Galle - Deniyaya - Madampe,trunk,False,70,2,Ratnapura Road,34529.02903584017
4267522204,2155827812,A17,AA017,Galle - Deniyaya - Madampe,trunk,False,70,2,"['Deniyaya Road', 'Ratnapura Road']",7810.734301318377
4365280289,13850088952,A16,AA016,Beragala - Hali-Ela,trunk,True,60,1,Main Street,39.508689752962496
4365280295,77381284,A16,AA016,Beragala - Hali-Ela,trunk,True,40,1,Beragala-Hali-Ela Road,26.924766108899362
4388603896,325009601,A3,AA003,Peliyagoda - Puttalam,trunk,True,60,2,Kandy Road,50.510074818023945
4394543338,3064234194,A10,AA010,Katugastota - Kurunegala - Puttalam,trunk,False,70,2,Kurunegala Road,37.291327203833006
4394543338,3586058707,A10,AA010,Katugastota - Kurunegala - Puttalam,trunk,False,70,,Kurunegala - Kandy Road,280.79367613903156
4422642586,1863416599,A1,AA001,Colombo - Kandy,trunk,True,60,3,Dr. Danister de Silva Mawatha,361.2975655805057
4426787286,5216483990,A3,AA003,Peliyagoda - Puttalam,trunk,True,60,2,Negombo Road,1093.364254191295
4426797157,2499283525,A3,AA003,Peliyagoda - Puttalam,trunk,True,60,2,Negombo Road,1042.8544453342988
4476504845,3780516705,A1,AA001,Colombo - Kandy,trunk,True,60,2,Colombo-Kandy Road,193.01932991999735
4507913122,247140202,A7,AA007,Avissawella - Hatton - Nuwara Eliya,trunk,False,"['50', '70']",2,"['Main Street', 'Talawakelle Road']",5755.458720877072
4507913122,2828629366,A7,AA007,Avissawella - Hatton - Nuwara Eliya,trunk,False,50,2,Main Street,333.34966814984114
4515020714,7085654863,A2,AA002,Colombo - Galle - Hambantota - Wellawaya,trunk,True,60,2,Galle Road,486.2614681474722
4515020715,669218019,A2,AA002,Colombo - Galle - Hambantota - Wellawaya,trunk,True,60,"['4', '2']",Galle Road,255.3619079624061
4515020730,7085654864,A2,AA002,Colombo - Galle - Hambantota - Wellawaya,trunk,True,60,2,Galle Road,53.50363003712501
4515020731,665214513,A2,AA002,Colombo - Galle - Hambantota - Wellawaya,"['trunk', 'trunk_link']",True,60,2,Galle Road,332.4366405321365
4582456531,635857020,A4,AA004,Colombo - Ratnapura - Wellawaya - Batticaloa,trunk,True,60,,,99.31962841187749
4582456531,4582456543,A4,AA004,Colombo - Ratnapura - Wellawaya - Batticaloa,trunk,False,50,4,High Level Road,357.9700109562124
4582456531,258030081,A4,AA004,Colombo - Ratnapura - Wellawaya - Batticaloa,trunk,False,50,4,High Level Road,679.8829698243587
4582456543,651260245,A4,AA004,Colombo - Ratnapura - Wellawaya - Batticaloa,trunk,False,50,4,High Level Road,867.1735478792352
4582456543,635857018,A4,AA004,Colombo - Ratnapura - Wellawaya - Batticaloa,trunk,True,60,,,173.303702987203
4582456543,4582456531,A4,AA004,Colombo - Ratnapura - Wellawaya - Batticaloa,trunk,False,50,4,High Level Road,357.9700109562124
4585299247,619905141,A1,AA001,Colombo - Kandy,trunk,True,70,2,Colombo-Kandy Road,316.3524696142946
4621924226,325000016,A1,AA001,Colombo - Kandy,trunk,True,60,2,Colombo-Kandy Road,248.85180049417872
4663255502,7037793024,A2,AA002,Colombo - Galle - Hambantota - Wellawaya,trunk,True,50,,Galle Road,18.35706494791702
4692166467,6230792100,A0,AA000,Kollupitiya - Sri Jayewardenepura,trunk,True,60,3,Sri Jayewardenepura Mawatha,67.46717000620072
4692166486,7625469738,A0,AA000,Kollupitiya - Sri Jayewardenepura,trunk,True,70,3,Sri Jayewardenepura Mawatha,177.42469260026533
4693290694,2375441056,A3,AA003,Peliyagoda - Puttalam,trunk,True,70,2,Colombo-Puttalam Road,1579.9301917961625
4693290695,6695505185,A3,AA003,Peliyagoda - Puttalam,trunk,True,70,2,Colombo-Puttalam Road,836.3557191668348
4784496253,6536506696,A1,AA001,Colombo - Kandy,trunk,True,"['60', '70']",2,Colombo-Kandy Road,1331.2200952347007
4784496254,3600557544,A1,AA001,Colombo - Kandy,trunk,True,60,2,Colombo-Kandy Road,18.178778997462494
4784496273,4784496253,A1,AA001,Colombo - Kandy,trunk,True,60,2,Colombo-Kandy Road,15.654086876294919
4784496273,13662447481,A1,AA001,Colombo - Kandy,trunk,False,60,,Colombo-Kandy Road,67.90894321950637
4785723709,2966142501,A1,AA001,Colombo - Kandy,trunk,True,"['60', '70']",2,Colombo-Kandy Road,1319.8792695065454
4785723991,4785723709,A1,AA001,Colombo - Kandy,trunk,True,70,2,Colombo-Kandy Road,176.9839879832246
4785724017,4785723991,A1,AA001,Colombo - Kandy,trunk,True,70,2,Colombo-Kandy Road,27.089180314983324
4787694002,4789587324,A1,AA001,Colombo - Kandy,trunk,True,70,2,Colombo-Kandy Road,2584.4350837669886
4789587324,4585299247,A1,AA001,Colombo - Kandy,trunk,True,70,2,Colombo-Kandy Road,1588.499167990532
4789587325,658424660,A1,AA001,Colombo - Kandy,trunk,True,70,2,Colombo-Kandy Road,2583.5384406850126
4789942110,5316468079,A1,AA001,Colombo - Kandy,trunk,True,70,2,Colombo-Kandy Road,12.604506717732457
4790000815,3206095333,A1,AA001,Colombo - Kandy,trunk,True,70,2,Colombo-Kandy Road,298.85321207417985
4790000816,6536495262,A1,AA001,Colombo - Kandy,trunk,True,70,2,Colombo-Kandy Road,245.02770144939035
4790001153,5316437634,A1,AA001,Colombo - Kandy,trunk,True,70,2,Colombo-Kandy Road,5.528750048642426
4790019632,4790030895,A1,AA001,Colombo - Kandy,trunk,True,70,2,Colombo-Kandy Road,51.25399629876528
4790019634,4790019632,A1,AA001,Colombo - Kandy,trunk,True,70,2,Colombo-Kandy Road,11.501163907454837
4790030893,4789942110,A1,AA001,Colombo - Kandy,trunk,True,70,2,Colombo-Kandy Road,51.31118538331838
4790030894,4963408994,A1,AA001,Colombo - Kandy,trunk,True,70,2,Colombo-Kandy Road,2319.6797879503856
4790030895,4790030894,A1,AA001,Colombo - Kandy,trunk,True,70,2,Colombo-Kandy Road,11.666902018144103
4790030896,4790030893,A1,AA001,Colombo - Kandy,trunk,True,70,2,Colombo-Kandy Road,11.62808561049371
4798976659,2066330708,A0,AA000,Kollupitiya - Sri Jayewardenepura,trunk,True,60,2,Dudley Senanayake Mawatha (Castle Street),129.74613661769857
4798976659,248608270,A0,AA000,Kollupitiya - Sri Jayewardenepura,trunk,False,60,2,"['Horton Place', 'Dudley Senanayake Mawatha']",1008.8768983568026
4807150323,4807150339,A10,AA010,Katugastota - Kurunegala - Puttalam,trunk,True,50,2,Katugastota-Kurunegala-Puttalam Road,43.747301414245456
4807150337,4807150338,A10,AA010,Katugastota - Kurunegala - Puttalam,trunk,True,50,2,Katugastota-Kurunegala-Puttalam Road,44.34584111838164
4807150338,4807150328,A10,AA010,Katugastota - Kurunegala - Puttalam,trunk,True,50,2,Katugastota-Kurunegala-Puttalam Road,43.27008435151977
4807150338,4140985755,A10,AA010,Katugastota - Kurunegala - Puttalam,trunk,False,60,,Katugastota-Kurunegala-Puttalam Road,24670.12821929859
4807150339,4807150333,A10,AA010,Katugastota - Kurunegala - Puttalam,trunk,True,50,2,Katugastota-Kurunegala-Puttalam Road,44.05788542550487
4807150339,4913504514,A10,AA010,Katugastota - Kurunegala - Puttalam,trunk,False,60,,Katugastota-Kurunegala-Puttalam Road,10640.503974172723
4814119737,4814119780,A26,AA026,Kandy - Mahiyangana - Padiyatalawa,trunk,True,50,2,Kandy-Mahiyanganaya-Padiyatalawa Road,111.89111948771529
4814119747,4814119803,A26,AA026,Kandy - Mahiyangana - Padiyatalawa,trunk,True,50,2,Kandy-Mahiyanganaya-Padiyatalawa Road,108.75810574929562
4814119752,3822754793,A26,AA026,Kandy - Mahiyangana - Padiyatalawa,trunk,True,50,2,Kandy-Mahiyanganaya-Padiyatalawa Road,61.81703751751889
4814119802,1783942571,A26,AA026,Kandy - Mahiyangana - Padiyatalawa,trunk,True,50,2,Kandy-Mahiyanganaya-Padiyatalawa Road,75.38465823697055
4814119803,4814119802,A26,AA026,Kandy - Mahiyangana - Padiyatalawa,trunk,True,50,2,Kandy-Mahiyanganaya-Padiyatalawa Road,9.838045775607949
4814119811,4814119737,A26,AA026,Kandy - Mahiyangana - Padiyatalawa,trunk,True,50,2,Kandy-Mahiyanganaya-Padiyatalawa Road,10.665852660170085
4817216282,1039421894,A0,AA000,Kollupitiya - Sri Jayewardenepura,trunk,True,50,2,Sri Jayewardenepura Mawatha,109.49950866964794
4851065488,1708349370,A4,AA004,Colombo - Ratnapura - Wellawaya - Batticaloa,trunk,False,72,2,Ratunapura-Wellawaya Road,23587.1159939387
4851065488,4851072864,A4,AA004,Colombo - Ratnapura - Wellawaya - Batticaloa,trunk,True,50,1,Ratnapura-Wellawaya Road,23.0913860489084
4851065489,912268077,A4,AA004,Colombo - Ratnapura - Wellawaya - Batticaloa,trunk,False,72,2,Ratunapura-Wellawaya Road,14509.573653307601
4851065489,4851065502,A4,AA004,Colombo - Ratnapura - Wellawaya - Batticaloa,trunk,True,50,1,Ratnapura-Wellawaya Road,40.06458668609422
4851065496,4851065489,A4,AA004,Colombo - Ratnapura - Wellawaya - Batticaloa,trunk,True,50,1,Ratnapura-Wellawaya Road,40.58424637528973
4851066124,1737618827,A18,AA018,Pelmadulla - Embilipitiya - Nonagama,trunk,True,40,1,Pelmadulla-Embilipitiya Road,19.552919489104383
4851072874,4851065488,A4,AA004,Colombo - Ratnapura - Wellawaya - Batticaloa,trunk,True,50,1,Ratnapura-Wellawaya Road,25.48449155548942
4881181012,6495594259,A4,AA004,Colombo - Ratnapura - Wellawaya - Batticaloa,trunk,True,60,2,New Kalmunai Road,1923.6106986570003
4885745120,3697145064,A2,AA002,Colombo - Galle - Hambantota - Wellawaya,trunk,True,60,2,New Tangalle Road,7.783174100217752
4891890160,1828234049,A4,AA004,Colombo - Ratnapura - Wellawaya - Batticaloa,trunk,True,50,2,Main Street,235.64506067320784
4891891444,1708349356,A4,AA004,Colombo - Ratnapura - Wellawaya - Batticaloa,trunk,False,72,2,Ratunapura-Wellawaya Road,8.121135192890925
4891891444,1708349359,A4,AA004,Colombo - Ratnapura - Wellawaya - Batticaloa,trunk,False,72,2,Ratunapura-Wellawaya Road,21.89423752295052
4911274820,1692793167,A9,AA009,Kandy - Jaffna,trunk,True,70,2,Kandy-Jaffna Road,499.4362933752102
4911274821,2731988170,A9,AA009,Kandy - Jaffna,trunk,True,70,2,Kandy-Jaffna Road,209.2555598551802
4913504514,6511383113,A10,AA010,Katugastota - Kurunegala - Puttalam,trunk,False,60,,Katugastota-Kurunegala-Puttalam Road,24191.641752986117
4913504514,4807150339,A10,AA010,Katugastota - Kurunegala - Puttalam,trunk,False,60,,Katugastota-Kurunegala-Puttalam Road,10640.503974172725
4914548524,8014344204,A9,AA009,Kandy - Jaffna,trunk,False,60,,Anuradhapura Road,3852.0571406423883
4914548524,3336273920,A9,AA009,Kandy - Jaffna,trunk,False,60,,Anuradhapura Road,6090.411744025901
4929241573,2145113802,A21,AA021,Kegalle - Bulathkohupitiya - Karawanella,trunk,True,60,1,Kalugalla Mawatha,13.175652051452786
4929241586,3220025120,A21,AA021,Kegalle - Bulathkohupitiya - Karawanella,trunk,False,60,2,Kegalle-Bulathkohupitiya-Karawanella Road,2174.169707211246
4929241586,4929241911,A21,AA021,Kegalle - Bulathkohupitiya - Karawanella,trunk,True,60,1,Bulathkohupitiya Road,26.85099730444638
4929241606,5237485234,A1,AA001,Colombo - Kandy,trunk,False,70,2,Colombo-Kandy Road,21.648487412918836
4929241606,570766494,A1,AA001,Colombo - Kandy,trunk,False,70,2,Colombo-Kandy Road,998.8320817211704
4929241610,5237485233,A1,AA001,Colombo - Kandy,trunk,False,70,2,Colombo-Kandy Road,25.91117928906658
4929241610,445970143,A1,AA001,Colombo - Kandy,trunk,False,70,2,Colombo-Kandy Road,545.6090534528324
4929241932,4929241586,A21,AA021,Kegalle - Bulathkohupitiya - Karawanella,trunk,True,60,1,Bulathkohupitiya Road,23.670934259146186
4929241947,4929241911,A21,AA021,Kegalle - Bulathkohupitiya - Karawanella,trunk,True,60,1,Bulathkohupitiya Road,39.61250553903603
4929242043,4929242050,A1,AA001,Colombo - Kandy,trunk,False,70,2,Colombo-Kandy Road,14.777798171815531
4929242043,617968149,A1,AA001,Colombo - Kandy,trunk,False,70,2,Colombo-Kandy Road,340.3670428196574
4929242050,4929242043,A1,AA001,Colombo - Kandy,trunk,False,70,2,Colombo-Kandy Road,14.777798171815531
4929242050,3219994344,A1,AA001,Colombo - Kandy,trunk,False,70,2,Colombo-Kandy Road,509.4062616498952
4944055507,5248343437,A10,AA010,Katugastota - Kurunegala - Puttalam,trunk,True,50,,Kurunegala - Puttalam Road,353.67881017881484
4944055508,4944055507,A10,AA010,Katugastota - Kurunegala - Puttalam,trunk,True,50,,Kurunegala - Puttalam Road,17.40263409197116
4944055634,9513937138,A10,AA010,Katugastota - Kurunegala - Puttalam,trunk,True,50,,Kurunegala - Puttalam Road,8.85566501562154
4959610635,1807810047,A5,AA005,Peradeniya - Badulla - Chenkaladi,trunk,False,70,2,Badulla-Chenkaladi Road,40128.90246631225
4959610635,10016226406,A5,AA005,Peradeniya - Badulla - Chenkaladi,trunk,False,70,2,Badulla-Chenkaladi Road,25999.434313837417
4963408990,2407608224,A33,AA033,Ja-Ela - Ekala - Gampaha - Yakkala,trunk,True,50,2,Gampaha-Yakkala Road,3454.629085226745
4963408990,4963408992,A33,AA033,Ja-Ela - Ekala - Gampaha - Yakkala,trunk,True,60,1,Gampaha-Yakkala Road,125.37713861912212
4963408992,2823998635,A1,AA001,Colombo - Kandy,trunk,True,70,2,Colombo-Kandy Road,483.37792352187347
4963408994,4963408992,A1,AA001,Colombo - Kandy,trunk,True,70,2,Colombo-Kandy Road,10.36570900700113
4963408994,4963408990,A33,AA033,Ja-Ela - Ekala - Gampaha - Yakkala,trunk,True,60,1,Gampaha-Yakkala Road,123.04441699223332
4973240985,77844809,A16,AA016,Beragala - Hali-Ela,trunk,True,60,1,Main Street,472.515322882734
5018474141,77844809,A16,AA016,Beragala - Hali-Ela,trunk,False,70,2,Badulla-Bandarawela Road,5444.360603624775
5018474141,77512695,A16,AA016,Beragala - Hali-Ela,trunk,True,70,1,Badulla-Bandarawela Road,121.0312769114422
5055655447,8953454696,A20,AA020,Anuradhapura - Rambewa,trunk,True,60,,Anuradhapura Road,124.52269315415646
5055655457,5055655471,A12,AA012,Puttalam - Trincomalee,trunk,True,60,,Mihintale Road,29.12905948390723
5055655461,2833834344,A12,AA012,Puttalam - Trincomalee,trunk,True,60,,Nivatthakachetiya Mawatha,28.499391670257694
5055655471,1971623281,A12,AA012,Puttalam - Trincomalee,trunk,False,60,,Mihintale Road,2770.548905475873
5055655471,5055655453,A12,AA012,Puttalam - Trincomalee,trunk,True,,,Mihintale Road,28.059288867529766
5139375451,3478101817,A1,AA001,Colombo - Kandy,trunk,True,60,2,Sirimavo Bandaranaike Mawatha (Peradeniya Road),35.49844071866066
5140888508,3219914003,A21,AA021,Kegalle - Bulathkohupitiya - Karawanella,trunk,True,60,1,Bulathkohupitiya Road,55.53510050804715
5142136907,610951677,A2,AA002,Colombo - Galle - Hambantota - Wellawaya,trunk,True,70,2,Hambantota-Wellawaya Road,1811.4544618131806
5142136908,5142136907,A2,AA002,Colombo - Galle - Hambantota - Wellawaya,trunk,True,70,2,Hambantota-Wellawaya Road,8.229439687534123
5144316608,5144316609,A2,AA002,Colombo - Galle - Hambantota - Wellawaya,trunk,True,70,2,Hambantota-Wellawaya Road,8.428851886333431
5144316609,6248011187,A2,AA002,Colombo - Galle - Hambantota - Wellawaya,trunk,True,70,2,Hambantota-Wellawaya Road,354.9571494072079
5153458214,5153458215,A21,AA021,Kegalle - Bulathkohupitiya - Karawanella,trunk,False,60,2,Kegalle-Bulathkohupitiya-Karawanella Road,23.021994371076378
5153458214,198601066,A21,AA021,Kegalle - Bulathkohupitiya - Karawanella,trunk,False,60,2,Kegalle-Bulathkohupitiya-Karawanella Road,2853.2931798839895
5153458215,5153458214,A21,AA021,Kegalle - Bulathkohupitiya - Karawanella,trunk,False,60,2,Kegalle-Bulathkohupitiya-Karawanella Road,23.021994371076378
5153458215,445260233,A21,AA021,Kegalle - Bulathkohupitiya - Karawanella,trunk,False,60,2,Kegalle-Bulathkohupitiya-Karawanella Road,1797.4039743232445
5153486366,3514826047,A21,AA021,Kegalle - Bulathkohupitiya - Karawanella,trunk,False,60,2,Kegalle-Bulathkohupitiya-Karawanella Road,5045.141135893115
5153486366,3514813026,A21,AA021,Kegalle - Bulathkohupitiya - Karawanella,trunk,False,60,2,Kegalle-Bulathkohupitiya-Karawanella Road,111.62171229617402
5169879064,4140985756,A10,AA010,Katugastota - Kurunegala - Puttalam,trunk,True,40,,Katugastota-Kurunegala-Puttalam Road,32.72169465654683
5169879070,1400433848,A10,AA010,Katugastota - Kurunegala - Puttalam,trunk,True,40,,Katugastota-Kurunegala-Puttalam Road,33.87074601966388
5190957525,2057041156,A5,AA005,Peradeniya - Badulla - Chenkaladi,trunk,False,60,2,Badulla Road,2444.0009801542924
5190957525,2011981296,A5,AA005,Peradeniya - Badulla - Chenkaladi,trunk,False,60,2,Badulla Road,118.88299045569867
5197144862,5197144866,A1,AA001,Colombo - Kandy,trunk,True,60,2,Colombo-Kandy Road,86.07030284632444
5197144866,2499287720,A1,AA001,Colombo - Kandy,trunk,True,60,2,Colombo-Kandy Road,7.2957572899515855
5197144866,6225766462,A1,AA001,Colombo - Kandy,trunk,True,60,2,Colombo-Kandy Road,74.5043704151892
5197144868,5197144866,A1,AA001,Colombo - Kandy,trunk,True,60,2,Colombo-Kandy Road,11.372553431812843
5197144868,3078591002,A1,AA001,Colombo - Kandy,trunk,True,60,2,Colombo-Kandy Road,1057.5906941336953
5212490345,5212490356,A24,AA024,Matara - Akuressa,trunk,True,70,2,Akuressa Road,560.2862672534585
5212490356,3364864049,A24,AA024,Matara - Akuressa,trunk,True,70,2,Akuressa Road,804.515409299889
5216483982,325011481,A3,AA003,Peliyagoda - Puttalam,trunk,True,60,2,Negombo Road,994.1430618457523
5216483990,3431908601,A3,AA003,Peliyagoda - Puttalam,trunk,True,60,2,Negombo Road,59.870296390824265
5234940057,12126721597,A2,AA002,Colombo - Galle - Hambantota - Wellawaya,trunk,True,60,2,Colombo Road,194.4365900856615
5237485233,5237485234,A1,AA001,Colombo - Kandy,trunk,False,70,2,Colombo-Kandy Road,6.861041017937746
5237485233,4929241610,A1,AA001,Colombo - Kandy,trunk,False,70,2,Colombo-Kandy Road,25.91117928906658
5237485234,4929241606,A1,AA001,Colombo - Kandy,trunk,False,70,2,Colombo-Kandy Road,21.648487412918836
5237485234,5237485233,A1,AA001,Colombo - Kandy,trunk,False,70,2,Colombo-Kandy Road,6.861041017937746
5239569079,3064234194,A10,AA010,Katugastota - Kurunegala - Puttalam,trunk,False,70,2,"['Galagedara Road', 'Kurunegala Road']",4033.626625599576
5239569079,3343547728,A10,AA010,Katugastota - Kurunegala - Puttalam,trunk,False,70,2,Galagedara Road,982.7053134266886
5245953959,617806916,A10,AA010,Katugastota - Kurunegala - Puttalam,trunk,True,70,,Kurunegala - Kandy Road,52.957227448742096
5245953965,3064571979,A10,AA010,Katugastota - Kurunegala - Puttalam,trunk,True,70,,Kurunegala - Kandy Road,50.78786589450373
5248342416,5248343448,A10,AA010,Katugastota - Kurunegala - Puttalam,trunk,True,50,,Kurunegala - Puttalam Road,342.05813630998216
5248343437,3064572227,A10,AA010,Katugastota - Kurunegala - Puttalam,trunk,True,50,,Kurunegala - Puttalam Road,297.7222717693929
5248343448,4944055634,A10,AA010,Katugastota - Kurunegala - Puttalam,trunk,True,50,,Kurunegala - Puttalam Road,24.029239664634453
5252242470,4108748752,A7,AA007,Avissawella - Hatton - Nuwara Eliya,trunk,False,70,2,Talawakelle Road,5539.726563625848
5252242488,247139339,A7,AA007,Avissawella - Hatton - Nuwara Eliya,trunk,False,70,2,Hatton Road,7998.773326826269
5264919265,1796922874,A8,AA008,Panadura - Nambapana - Ratnapura,trunk,False,70,2,Ratnapura Road,15328.977556037848
5264919265,1797858594,A8,AA008,Panadura - Nambapana - Ratnapura,trunk,False,70,2,Ratnapura Road,1097.6216299271005
5270751465,1401456461,A12,AA012,Puttalam - Trincomalee,trunk,False,60,,Puttalam-Anuradhapura-Trincomalee Road,59508.86757344378
5273425373,1830490073,A5,AA005,Peradeniya - Badulla - Chenkaladi,trunk,False,60,2,T. B. Panabokke Mawatha (Gangasiri Road),573.3261088470247
5273425373,3871146840,A5,AA005,Peradeniya - Badulla - Chenkaladi,trunk,True,60,1,T. B. Panabokke Mawatha (Gangasiri Road),25.28956632169342
5280287630,2028303897,A1,AA001,Colombo - Kandy,trunk,True,70,2,Colombo-Kandy Road,2460.3087956827176
5280287631,5280287630,A1,AA001,Colombo - Kandy,trunk,True,70,2,Colombo-Kandy Road,7.349610708306295
5286754885,2398925514,A5,AA005,Peradeniya - Badulla - Chenkaladi,trunk,False,70,2,Badulla-Chenkaladi Road,44.04825500487372
5286754885,3527283166,A5,AA005,Peradeniya - Badulla - Chenkaladi,trunk,False,70,2,Badulla-Chenkaladi Road,35320.275096359066
5299485480,1694695673,A4,AA004,Colombo - Ratnapura - Wellawaya - Batticaloa,trunk,False,72,2,Main Street,246.87676250302792
5300884107,5300890594,A4,AA004,Colombo - Ratnapura - Wellawaya - Batticaloa,trunk,True,72,1,Colombo Road,23.477249476739505
5300890594,5299485480,A4,AA004,Colombo - Ratnapura - Wellawaya - Batticaloa,trunk,True,72,2,Main Street,329.3101253103507
5302260364,3518425520,A9,AA009,Kandy - Jaffna,trunk,True,50,,Anuradhapura Road,709.1451188120654
5302260378,5302260404,A9,AA009,Kandy - Jaffna,trunk,True,50,,Anuradhapura Road,45.24176616227778
5302260404,5302260364,A9,AA009,Kandy - Jaffna,trunk,True,50,,Anuradhapura Road,45.062942256633804
5302260404,7927504084,A9,AA009,Kandy - Jaffna,trunk,False,"['50', '60']",,Anuradhapura Road,10401.01518740633
5303300108,310860950,A4,AA004,Colombo - Ratnapura - Wellawaya - Batticaloa,trunk,False,72,2,Colombo Road,128.132524585521
5303300108,1694691156,A4,AA004,Colombo - Ratnapura - Wellawaya - Batticaloa,trunk,True,72,2,Colombo Road,558.5996796944258
5315984604,5315984610,A33,AA033,Ja-Ela - Ekala - Gampaha - Yakkala,trunk,True,50,2,Colombo Road,128.71157592161282
5315984609,3799780754,A33,AA033,Ja-Ela - Ekala - Gampaha - Yakkala,trunk,True,50,2,Colombo Road,133.08211872151278
5315984610,5315984609,A33,AA033,Ja-Ela - Ekala - Gampaha - Yakkala,trunk,True,50,2,Colombo Road,70.40405682548229
5315988825,637009411,A33,AA033,Ja-Ela - Ekala - Gampaha - Yakkala,trunk,False,40,2,Colombo Road,86.8289594737405
5315988834,5315984604,A33,AA033,Ja-Ela - Ekala - Gampaha - Yakkala,trunk,True,50,2,Colombo Road,165.95977502822444
5316437630,4790001153,A1,AA001,Colombo - Kandy,trunk,True,70,2,Colombo-Kandy Road,28.846140884387136
5316437634,4790000815,A1,AA001,Colombo - Kandy,trunk,True,70,2,Colombo-Kandy Road,16.49370544546606
5316468079,6536495259,A1,AA001,Colombo - Kandy,trunk,True,70,2,Colombo-Kandy Road,124.28151877796239
5319762817,1239489675,A19,AA019,Polgahawela - Kegalle,trunk,False,60,2,Polgahawela-Kegalle Road,75.10648442357866
5319762817,6227950832,A19,AA019,Polgahawela - Kegalle,trunk,False,50,,Polgahawela-Kegalle Road,57.52576071565257
5319765722,3851353586,A19,AA019,Polgahawela - Kegalle,trunk,False,60,2,Polgahawela-Kegalle Road,6434.910080425156
5319765722,6227950822,A19,AA019,Polgahawela - Kegalle,trunk,True,,,Polgahawela-Kegalle Road,54.580454142229875
5342371002,5353821700,A19,AA019,Polgahawela - Kegalle,trunk,True,,,Polgahawela-Kegalle Road,21.981578255535364
5352929666,1282529649,A2,AA002,Colombo - Galle - Hambantota - Wellawaya,trunk,False,70,4,Matara Road,19.401608209571453
5352929666,1674510036,A2,AA002,Colombo - Galle - Hambantota - Wellawaya,trunk,False,70,4,Matara Road,1155.5026543934036
5353821700,5319765722,A19,AA019,Polgahawela - Kegalle,trunk,True,60,2,Polgahawela-Kegalle Road,36.69732207019788
5364431661,566569982,A12,AA012,Puttalam - Trincomalee,trunk,False,60,,Jayanthi Mawatha,1168.5265192076108
5364431661,13572508097,A12,AA012,Puttalam - Trincomalee,trunk,True,60,,Jayanthi Mawatha,201.55970432430635
5372968715,3136385193,A4,AA004,Colombo - Ratnapura - Wellawaya - Batticaloa,trunk,True,60,2,Lotus Road,38.30896492367225
5559025503,2966142464,A1,AA001,Colombo - Kandy,trunk,True,60,2,Colombo-Kandy Road,18.614439538451467
5565782276,619918508,A4,AA004,Colombo - Ratnapura - Wellawaya - Batticaloa,trunk,False,50,,High Level Road,186.8598001318412
5565782276,9676457521,A4,AA004,Colombo - Ratnapura - Wellawaya - Batticaloa,trunk,False,50,,High Level Road,95.82802240864834
5693657962,257926216,A1,AA001,Colombo - Kandy,trunk,False,60,2,Sri Dalada Veediya,63.216586126728835
5771476347,2722759262,A24,AA024,Matara - Akuressa,trunk,True,60,2,Matara-Akuressa Road,24.959370581135047
5785122163,566574620,A12,AA012,Puttalam - Trincomalee,trunk,False,60,,Maithripala Senanayake Mawatha (Main Street),78.60922146554856
5785122163,2833834344,A12,AA012,Puttalam - Trincomalee,trunk,False,60,,"['Nivatthakachethiya Mawatha', 'Nivatthakachetiya Mawatha']",1758.8534241890854
5804555891,313407297,A3,AA003,Peliyagoda - Puttalam,trunk,True,70,2,Colombo-Puttalam Road,4201.387136475753
5804555894,2155584797,A3,AA003,Peliyagoda - Puttalam,trunk,True,70,2,Negombo Road,12.39809713723785
5969036508,3914008960,A4,AA004,Colombo - Ratnapura - Wellawaya - Batticaloa,trunk,True,60,2,High Level Road,38.3042913390656
5969063938,2068162900,A4,AA004,Colombo - Ratnapura - Wellawaya - Batticaloa,trunk,True,60,2,High Level Road,687.4615159125149
6006772899,9676457522,A4,AA004,Colombo - Ratnapura - Wellawaya - Batticaloa,trunk,False,50,,High Level Road,380.5893659133328
6006772899,642867474,A4,AA004,Colombo - Ratnapura - Wellawaya - Batticaloa,trunk,False,"['50', '60']",4,High Level Road,60.93792829124786
6225766462,324997495,A1,AA001,Colombo - Kandy,trunk,True,60,"['3', '2']",Colombo-Kandy Road,151.92294320776907
6227950792,6227950833,A19,AA019,Polgahawela - Kegalle,trunk,False,50,,Polgahawela-Kegalle Road,15.166548832089175
6227950792,6227950826,A19,AA019,Polgahawela - Kegalle,trunk,False,50,,Polgahawela-Kegalle Road,749.76483015369
6227950822,6227950826,A19,AA019,Polgahawela - Kegalle,trunk,True,,,Polgahawela-Kegalle Road,29.28935851224908
6227950824,5342371002,A19,AA019,Polgahawela - Kegalle,trunk,True,,,Polgahawela-Kegalle Road,3.2604665646303315
6227950826,6227950792,A19,AA019,Polgahawela - Kegalle,trunk,False,50,,Polgahawela-Kegalle Road,749.7648301536901
6227950826,6227950824,A19,AA019,Polgahawela - Kegalle,trunk,True,,,Polgahawela-Kegalle Road,28.947664859579916
6227950832,6227950833,A19,AA019,Polgahawela - Kegalle,trunk,False,50,,Polgahawela-Kegalle Road,9.125320269698907
6227950832,5319762817,A19,AA019,Polgahawela - Kegalle,trunk,False,50,,Polgahawela-Kegalle Road,57.525760715652574
6227950833,6227950832,A19,AA019,Polgahawela - Kegalle,trunk,False,50,,Polgahawela-Kegalle Road,9.125320269698907
6227950833,6227950792,A19,AA019,Polgahawela - Kegalle,trunk,False,50,,Polgahawela-Kegalle Road,15.166548832089175
6228139620,1708349370,A4,AA004,Colombo - Ratnapura - Wellawaya - Batticaloa,trunk,True,50,1,Ratunapura-Wellawaya Road,26.469243041581297
6228139621,1708349377,A4,AA004,Colombo - Ratnapura - Wellawaya - Batticaloa,trunk,True,50,1,Ratunapura-Wellawaya Road,22.211469981924033
6230792100,258053453,A0,AA000,Kollupitiya - Sri Jayewardenepura,trunk,True,60,3,Sri Jayewardenepura Mawatha,14.19914404459636
6230885416,662848124,A0,AA000,Kollupitiya - Sri Jayewardenepura,trunk,True,70,2,Sri Jayewardenepura Mawatha,10.610838738417918
6248011187,6248011210,A2,AA002,Colombo - Galle - Hambantota - Wellawaya,trunk,True,70,2,Hambantota-Wellawaya Road,152.52041831894869
6248011188,5142136908,A2,AA002,Colombo - Galle - Hambantota - Wellawaya,trunk,True,70,2,Hambantota-Wellawaya Road,355.867196126748
6258386252,6258386253,A4,AA004,Colombo - Ratnapura - Wellawaya - Batticaloa,trunk,True,60,4,Kumaran Ratnam Road,28.806248208711825
6258386253,6258386258,A4,AA004,Colombo - Ratnapura - Wellawaya - Batticaloa,trunk,True,60,,Sir James Peiris Mawatha,49.05727987115468
6258386258,3164393649,A4,AA004,Colombo - Ratnapura - Wellawaya - Batticaloa,trunk,False,60,"['3', '2']",Sir James Peiris Mawatha,1157.5959176297056
6266463975,3448778695,A2,AA002,Colombo - Galle - Hambantota - Wellawaya,trunk,True,50,,Galle Road,27.825619437666735
6266871671,309913698,A2,AA002,Colombo - Galle - Hambantota - Wellawaya,trunk,True,70,"['3', '2']",Matara Road,182.27814102787488
6272317584,13695573498,A2,AA002,Colombo - Galle - Hambantota - Wellawaya,trunk,True,60,,Matara Road,30.462648277133436
6272317584,13695595606,A2,AA002,Colombo - Galle - Hambantota - Wellawaya,trunk,True,60,2,Matara Road,75.01058473197901
6275242615,4087054248,A3,AA003,Peliyagoda - Puttalam,trunk,True,60,2,Negombo Road,17.638017066577003
6276892160,2155580131,A3,AA003,Peliyagoda - Puttalam,trunk,True,60,2,Negombo Road,27.368914231240726
6277491043,2247695861,A4,AA004,Colombo - Ratnapura - Wellawaya - Batticaloa,trunk,True,50,2,"['H. Sri Nassanka Mawatha (Maya Avenue)', 'H. Sri Nassanka Mawatha (High Level Road)']",483.3055655928134
6277534245,4197383649,A0,AA000,Kollupitiya - Sri Jayewardenepura,trunk,True,60,,Ananda Coomaraswamy Mawatha,4.063839782053517
6289622879,2731988118,A9,AA009,Kandy - Jaffna,trunk,True,70,,Kandy-Jaffna Road,10.713009908476776
6291947089,13567087001,A12,AA012,Puttalam - Trincomalee,trunk,True,60,,Jayanthi Mawatha,85.15998716370486
6292190472,3109024823,A4,AA004,Colombo - Ratnapura - Wellawaya - Batticaloa,trunk,True,60,2,High Level Road,20.231323074793654
6292190587,5969063938,A4,AA004,Colombo - Ratnapura - Wellawaya - Batticaloa,trunk,True,60,2,High Level Road,620.1548647701328
6294143289,2418603889,A4,AA004,Colombo - Ratnapura - Wellawaya - Batticaloa,trunk,True,50,1,Wellawaya-Pottuvil Road,23.973840331551706
6324979463,13615512124,A1,AA001,Colombo - Kandy,trunk,False,60,2,"['Sri Dalada Veediya', 'Sirimavo Bandaranaike Mawatha (Peradeniya Road)']",127.57840426376053
6324979463,4004620083,A1,AA001,Colombo - Kandy,trunk,True,60,2,Sri Dalada Veediya,27.317520661751455
6388461497,635164747,A2,AA002,Colombo - Galle - Hambantota - Wellawaya,trunk,True,"['60', '50']",2,Galle Road,1663.347937932628
6407621053,619224226,A1,AA001,Colombo - Kandy,trunk,True,60,3,"['Sri Saddharma Mawatha', 'Pradeepa Mawatha']",1576.157970789717
6475692032,44534497,A2,AA002,Colombo - Galle - Hambantota - Wellawaya,trunk,True,60,2,Main Street,35.62220707583714
6484110688,7030628001,A4,AA004,Colombo - Ratnapura - Wellawaya - Batticaloa,trunk,True,60,"['3', '2']",High Level Road,1799.297691465249
6484110688,13682136254,A4,AA004,Colombo - Ratnapura - Wellawaya - Batticaloa,trunk,True,60,2,High Level Road,70.06938226505002
6492863077,6492867598,A17,AA017,Galle - Deniyaya - Madampe,trunk,True,70,2,Akuressa Road,32.31231476398257
6492867585,6492867596,A17,AA017,Galle - Deniyaya - Madampe,trunk,True,70,2,Akuressa Road,47.658347560380896
6492867596,59947552,A17,AA017,Galle - Deniyaya - Madampe,trunk,False,70,2,Akuressa Road,1304.4375188705828
6492867596,13698912444,A17,AA017,Galle - Deniyaya - Madampe,trunk,True,70,2,Akuressa Road,48.28238897786182
6492867598,13698912446,A17,AA017,Galle - Deniyaya - Madampe,trunk,True,70,2,Akuressa Road,12.997871232992166
6492867599,13698912417,A17,AA017,Galle - Deniyaya - Madampe,trunk,True,70,2,Akuressa Road,30.866278548399112
6495360806,2078972802,A4,AA004,Colombo - Ratnapura - Wellawaya - Batticaloa,trunk,True,60,2,Baily Road,228.5617385684452
6495360843,2382030373,A4,AA004,Colombo - Ratnapura - Wellawaya - Batticaloa,trunk,True,60,2,Bar Road,353.51435753324
6495398254,6495398255,A4,AA004,Colombo - Ratnapura - Wellawaya - Batticaloa,trunk,True,60,2,Kalmunai Road,142.37724949904768
6495398255,13740014577,A4,AA004,Colombo - Ratnapura - Wellawaya - Batticaloa,trunk,True,60,2,"['Batticaloa Road', 'Kalmunai Road']",404.35316488239584
6495398273,6495398254,A4,AA004,Colombo - Ratnapura - Wellawaya - Batticaloa,trunk,True,60,2,"['New Kallady Bridge', 'Kalmunai Road']",941.6234642617696
6495594238,2822277593,A11,AA011,Maradankadawela - Habarana - Tirikkondiadimadu,trunk,True,60,,Habarana-Polonnaruwa-Batticaloa Road,40.09047444112483
6495594259,7262773170,A4,AA004,Colombo - Ratnapura - Wellawaya - Batticaloa,trunk,True,60,2,New Kalmunai Road,1392.9960111172763
6495594260,6495621993,A4,AA004,Colombo - Ratnapura - Wellawaya - Batticaloa,trunk,True,60,2,New Kalmunai Road,1923.912762885005
6495621993,6495621995,A4,AA004,Colombo - Ratnapura - Wellawaya - Batticaloa,trunk,True,60,2,New Kalmunai Road,696.4625645494191
6495621994,4881181012,A4,AA004,Colombo - Ratnapura - Wellawaya - Batticaloa,trunk,True,60,2,New Kalmunai Road,696.6365143381684
6495621995,4712510859,A4,AA004,Colombo - Ratnapura - Wellawaya - Batticaloa,trunk,True,60,2,New Kalmunai Road,1042.7166043185644
6509196188,8865864660,A9,AA009,Kandy - Jaffna,trunk,True,60,,Katugastota Road,6.512789619631771
6509196189,6509196200,A9,AA009,Kandy - Jaffna,trunk,True,60,,Katugastota Road,107.75627360775803
6509196200,4019244724,A9,AA009,Kandy - Jaffna,trunk,True,60,,Katugastota Road,189.27932668402025
6511383094,6511383114,A10,AA010,Katugastota - Kurunegala - Puttalam,trunk,True,40,,Katugastota-Kurunegala-Puttalam Road,38.76553147149605
6511383096,6511383113,A10,AA010,Katugastota - Kurunegala - Puttalam,trunk,True,40,,Katugastota-Kurunegala-Puttalam Road,43.46338297389406
6511383113,4913504514,A10,AA010,Katugastota - Kurunegala - Puttalam,trunk,False,60,,Katugastota-Kurunegala-Puttalam Road,24191.64175298611
6511383113,6511383095,A10,AA010,Katugastota - Kurunegala - Puttalam,trunk,True,40,,Katugastota-Kurunegala-Puttalam Road,39.61809933402946
6511383114,6511383112,A10,AA010,Katugastota - Kurunegala - Puttalam,trunk,True,40,,Katugastota-Kurunegala-Puttalam Road,39.079886379520126
6511383114,2186928769,A10,AA010,Katugastota - Kurunegala - Puttalam,trunk,False,"['60', '50']",2,"['Kurunegala - Puttalam Road', 'Katugastota-Kurunegala-Puttalam Road']",4799.252535092285
6524681176,6272039662,A0,AA000,Kollupitiya - Sri Jayewardenepura,trunk,True,"['50', '60']","['3', '2']",Ananda Coomaraswamy Mawatha,463.7482852980087
6524681177,9628046175,A0,AA000,Kollupitiya - Sri Jayewardenepura,trunk,True,50,3,Ananda Coomaraswamy Mawatha,45.38944838591913
6524681177,6524681178,A4,AA004,Colombo - Ratnapura - Wellawaya - Batticaloa,trunk,True,,1,Sir Ernest de Silva Mawatha,62.38722237013549
6524681178,191816795,A4,AA004,Colombo - Ratnapura - Wellawaya - Batticaloa,trunk,False,60,4,Sir Ernest de Silva Mawatha,673.2806931197188
6524681178,6524681176,A4,AA004,Colombo - Ratnapura - Wellawaya - Batticaloa,trunk,True,,,Sir Ernest de Silva Mawatha,74.0851348570128
6535741179,5197144862,A1,AA001,Colombo - Kandy,trunk,True,60,2,Colombo-Kandy Road,984.3289768304091
6536495259,6536495261,A1,AA001,Colombo - Kandy,trunk,True,70,2,"['Colombo-Kandy Road', 'Uruwel Oya Bridge']",485.59721451647215
6536495260,4790019634,A1,AA001,Colombo - Kandy,trunk,True,70,2,Colombo-Kandy Road,124.91087606298274
6536495261,5316437630,A1,AA001,Colombo - Kandy,trunk,True,70,2,Colombo-Kandy Road,217.04859935880435
6536495262,6536495260,A1,AA001,Colombo - Kandy,trunk,True,70,2,"['Colombo-Kandy Road', 'Uruwel Oya Bridge']",489.43944001652113
6536506696,5280287631,A1,AA001,Colombo - Kandy,trunk,True,70,2,Colombo-Kandy Road,204.29912065270054
6537213315,10268958222,A4,AA004,Colombo - Ratnapura - Wellawaya - Batticaloa,trunk,True,60,4,Kumaran Ratnam Road,540.8624700695698
6540075345,6540075346,A11,AA011,Maradankadawela - Habarana - Tirikkondiadimadu,trunk,False,60,,Maradankadawala-Habarana Road,26.50719429186671
6540075345,3557474363,A11,AA011,Maradankadawela - Habarana - Tirikkondiadimadu,trunk,False,60,2,Maradankadawala-Habarana Road,15272.008523575976
6540075346,6540075345,A11,AA011,Maradankadawela - Habarana - Tirikkondiadimadu,trunk,False,60,,Maradankadawala-Habarana Road,26.50719429186671
6540075346,8014319683,A11,AA011,Maradankadawela - Habarana - Tirikkondiadimadu,trunk,False,60,,Maradankadawala-Habarana Road,9690.834720201874
6540645130,4152511797,A3,AA003,Peliyagoda - Puttalam,trunk,True,60,2,Negombo Road,83.10432996244243
6542960916,1675705732,A2,AA002,Colombo - Galle - Hambantota - Wellawaya,trunk,True,60,2,Matara Road,106.91769409646597
6545241018,77379074,A2,AA002,Colombo - Galle - Hambantota - Wellawaya,trunk,True,70,2,Matara-Hambantota Road,14.575863707599206
6658588595,603240642,A23,AA023,Wellawaya - Ella - Kumbalwela,trunk,False,60,2,"['Wellawaya-Ella-Kumbalwela Road', 'Major Montegu Jayawickrama Mawatha']",27106.555104978557
6658588595,49364006,A23,AA023,Wellawaya - Ella - Kumbalwela,trunk,False,60,2,Wellawaya-Ella-Kumbalwela Road,364.41618512586575
6685420675,6495398199,A4,AA004,Colombo - Ratnapura - Wellawaya - Batticaloa,trunk,True,60,2,"['New Kallady Bridge', 'Kalmunai Road']",937.0783621236999
6685478660,9396246082,A11,AA011,Maradankadawela - Habarana - Tirikkondiadimadu,trunk,True,60,,,8.337367913946048
6685478661,2304485540,A11,AA011,Maradankadawela - Habarana - Tirikkondiadimadu,trunk,False,"['60', '50', '70']",2,Habarana-Polonnaruwa-Batticaloa Road,44092.42811468719
6685478661,6685478660,A11,AA011,Maradankadawela - Habarana - Tirikkondiadimadu,trunk,True,60,,,25.673325050585518
6685478667,6685478661,A11,AA011,Maradankadawela - Habarana - Tirikkondiadimadu,trunk,True,60,,,14.398320202565783
6688367855,5804555894,A3,AA003,Peliyagoda - Puttalam,trunk,True,70,2,Colombo-Puttalam Road,4197.540708515831
6695208838,974346527,A4,AA004,Colombo - Ratnapura - Wellawaya - Batticaloa,trunk,True,60,1,Wellawaya-Pottuvil Road,40.56610602931814
6695208839,3730047332,A4,AA004,Colombo - Ratnapura - Wellawaya - Batticaloa,trunk,True,60,1,Wellawaya-Pottuvil Road,27.84525910764636
6695208840,2145219371,A25,AA025,Siyambalanduwa - Damana - Ampara,trunk,True,50,1,Siyambalanduwa-Damana-Ampara Road,30.905129769815133
6695505185,1847947584,A3,AA003,Peliyagoda - Puttalam,trunk,True,70,2,Colombo-Puttalam Road,4.983307625578148
6695505187,2366743826,A3,AA003,Peliyagoda - Puttalam,trunk,True,70,2,Colombo-Puttalam Road,20.51975466775913
6695505199,6695505187,A3,AA003,Peliyagoda - Puttalam,trunk,True,70,2,Colombo-Puttalam Road,7.3411010849801785
6721753073,6721810540,A1,AA001,Colombo - Kandy,trunk,True,70,2,Colombo-Kandy Road,10.21597229757615
6721810540,4790030896,A1,AA001,Colombo - Kandy,trunk,True,70,2,Colombo-Kandy Road,2322.1858832654852
6947814997,619152185,A0,AA000,Kollupitiya - Sri Jayewardenepura,trunk,True,70,3,Sri Jayewardenepura Mawatha,147.50899566370725
7030628001,7030628002,A4,AA004,Colombo - Ratnapura - Wellawaya - Batticaloa,trunk,True,60,3,High Level Road,14.539412231970383
7030628002,129615826,A4,AA004,Colombo - Ratnapura - Wellawaya - Batticaloa,trunk,True,60,"['3', '2']",High Level Road,1972.8334412872862
7030921385,2499038749,A4,AA004,Colombo - Ratnapura - Wellawaya - Batticaloa,trunk,True,60,4,High Level Road,381.80110409061837
7030921401,7030921451,A4,AA004,Colombo - Ratnapura - Wellawaya - Batticaloa,trunk,True,60,2,High Level Road,722.3814484182255
7030921451,6292190472,A4,AA004,Colombo - Ratnapura - Wellawaya - Batticaloa,trunk,True,60,2,High Level Road,560.6916187948285
7035050523,3336273920,A9,AA009,Kandy - Jaffna,trunk,True,60,,Anuradhapura Road,57.256317637189596
7035050524,7035050523,A9,AA009,Kandy - Jaffna,trunk,True,60,,Anuradhapura Road,45.263775971678186
7037556016,3170533571,A9,AA009,Kandy - Jaffna,trunk,True,60,4,Madawala Road,26.294523728442844
7037556017,2558293072,A9,AA009,Kandy - Jaffna,trunk,True,60,"['4', '2']","['Katugastota Bridge', 'Katugastota Road']",2181.8114035421045
7037741108,13684572988,A3,AA003,Peliyagoda - Puttalam,trunk,True,60,2,Negombo Road,4.940146160989257
7037743601,7037743630,A4,AA004,Colombo - Ratnapura - Wellawaya - Batticaloa,trunk,True,50,2,H. Sri Nassanka Mawatha (High Level Road),9.789527017237301
7037743630,7037743641,A4,AA004,Colombo - Ratnapura - Wellawaya - Batticaloa,trunk,True,50,2,"['H. Sri Nassanka Mawatha (Maya Avenue)', 'H. Sri Nassanka Mawatha (High Level Road)']",426.13530378836236
7037743640,1676479570,A4,AA004,Colombo - Ratnapura - Wellawaya - Batticaloa,trunk,True,50,2,H. Sri Nassanka Mawatha (Maya Avenue),48.96011269168504
7037743641,7037743640,A4,AA004,Colombo - Ratnapura - Wellawaya - Batticaloa,trunk,True,50,2,H. Sri Nassanka Mawatha (Maya Avenue),60.45632217624771
7037793024,2339297873,A2,AA002,Colombo - Galle - Hambantota - Wellawaya,trunk,True,50,3,Galle Road,183.4438662123368
7037793029,2340032515,A2,AA002,Colombo - Galle - Hambantota - Wellawaya,trunk,True,50,2,Galle Road,326.99480118597893
7081602426,191794675,A2,AA002,Colombo - Galle - Hambantota - Wellawaya,trunk,True,60,2,Galle Face Centre Road,296.18241748600826
7081602427,8944102122,A2,AA002,Colombo - Galle - Hambantota - Wellawaya,trunk,True,60,2,Galle Face Centre Road,735.4073518032459
7085495071,10603977996,A2,AA002,Colombo - Galle - Hambantota - Wellawaya,trunk,True,60,"['3', '2']",Galle Road,1388.8543932908963
7085506299,7085525494,A2,AA002,Colombo - Galle - Hambantota - Wellawaya,trunk,True,60,3,Galle Road,13.097183820210576
7085525494,1249855906,A2,AA002,Colombo - Galle - Hambantota - Wellawaya,trunk,True,60,3,Galle Road,397.95778470697354
7085525496,60798009,A2,AA002,Colombo - Galle - Hambantota - Wellawaya,trunk,True,60,3,Galle Road,12.775149313375591
7085654863,4515020731,A2,AA002,Colombo - Galle - Hambantota - Wellawaya,trunk,True,60,2,Galle Road,54.332904957309516
7085654864,4515020715,A2,AA002,Colombo - Galle - Hambantota - Wellawaya,trunk,True,60,2,Galle Road,486.02347150978926
7085684184,60797056,A2,AA002,Colombo - Galle - Hambantota - Wellawaya,trunk,True,"['60', '50']",2,Galle Road,943.9866384197607
7085690885,1683151514,A2,AA002,Colombo - Galle - Hambantota - Wellawaya,trunk,True,70,2,Galle Road,538.4513604737299
7087535778,1980566512,A1,AA001,Colombo - Kandy,trunk,False,70,2,Colombo-Kandy Road,7185.3884672163
7087535778,617967952,A1,AA001,Colombo - Kandy,trunk,False,70,2,Colombo-Kandy Road,19.896927697693002
7094700078,13625464816,A1,AA001,Colombo - Kandy,trunk,False,60,2,Colombo Road,382.0280455546369
7094700078,35436490,A1,AA001,Colombo - Kandy,trunk,False,60,2,Colombo Road,18.097789566163705
7095171150,1781355217,A2,AA002,Colombo - Galle - Hambantota - Wellawaya,trunk,False,70,4,Galle Road,4634.393590393075
7095171150,1506183874,A2,AA002,Colombo - Galle - Hambantota - Wellawaya,trunk,True,70,2,Galle Road,1200.3776860538962
7103753925,1667080259,A2,AA002,Colombo - Galle - Hambantota - Wellawaya,trunk,True,60,,Galle Road,1747.4666211926133
7103753926,60797607,A2,AA002,Colombo - Galle - Hambantota - Wellawaya,trunk,True,60,,Galle Road,12.668549953916413
7103760769,7103753925,A2,AA002,Colombo - Galle - Hambantota - Wellawaya,trunk,True,60,,Galle Road,11.866626076682426
7103763193,2231309667,A4,AA004,Colombo - Ratnapura - Wellawaya - Batticaloa,trunk,True,70,2,Pottuvil-Batticaloa Road,50.180481950224035
7103763194,3302140243,A4,AA004,Colombo - Ratnapura - Wellawaya - Batticaloa,trunk,True,70,2,Pottuvil-Batticaloa Road,282.8166631949636
7103763199,3302140240,A4,AA004,Colombo - Ratnapura - Wellawaya - Batticaloa,trunk,True,60,2,Pottuvil-Batticaloa Road,302.2148809200251
7103763200,3302172264,A4,AA004,Colombo - Ratnapura - Wellawaya - Batticaloa,trunk,True,"['60', '70']",2,Pottuvil-Batticaloa Road,1365.155840364938
7153699537,7081602426,A2,AA002,Colombo - Galle - Hambantota - Wellawaya,trunk,True,60,2,Galle Face Centre Road,730.2488924166898
7185588314,4139586563,A12,AA012,Puttalam - Trincomalee,trunk,True,60,,Puttalam Road,64.8957794313027
7185616200,13564859299,A12,AA012,Puttalam - Trincomalee,trunk,True,60,,Puttalam Road,131.31746281751754
7227878082,3088508758,A9,AA009,Kandy - Jaffna,trunk,True,60,"['4', '2']","['Katugastota Bridge', 'Katugastota Road']",2223.8347737667073
7262773169,6495594260,A4,AA004,Colombo - Ratnapura - Wellawaya - Batticaloa,trunk,True,60,2,New Kalmunai Road,1392.6548399739504
7262773170,1147030351,A4,AA004,Colombo - Ratnapura - Wellawaya - Batticaloa,trunk,True,60,2,New Kalmunai Road,93.90440286465055
7262802916,7262773169,A4,AA004,Colombo - Ratnapura - Wellawaya - Batticaloa,trunk,True,60,2,New Kalmunai Road,95.48232035959123
7291030424,651637344,A33,AA033,Ja-Ela - Ekala - Gampaha - Yakkala,trunk,False,60,2,Gampaha-Ja Ela Road,730.5555564818425
7291030424,4231244456,A33,AA033,Ja-Ela - Ekala - Gampaha - Yakkala,trunk,True,60,2,Gampaha-Ja Ela Road,1900.2834390240828
7599684152,1981147403,A9,AA009,Kandy - Jaffna,trunk,False,70,2,Anuradhapura Road,9.552765861709922
7599684152,2731988210,A9,AA009,Kandy - Jaffna,trunk,True,"['50', '70']",2,Kandy-Jaffna Road,1301.7529217853557
7621971271,13083883262,A1,AA001,Colombo - Kandy,trunk,True,70,2,Colombo-Kandy Road,537.7721847060836
7621971279,7621986814,A1,AA001,Colombo - Kandy,trunk,True,70,2,Colombo-Kandy Road,1116.4184194938566
7621986814,7621986858,A1,AA001,Colombo - Kandy,trunk,True,70,2,Colombo-Kandy Road,676.6179082646652
7621986858,7621986929,A1,AA001,Colombo - Kandy,trunk,True,70,2,"['Colombo-Kandy Road', 'Galtota Oya Bridge', 'Attanagalu Oya Bridge']",2136.344051218873
7621986929,6721753073,A1,AA001,Colombo - Kandy,trunk,True,70,2,Colombo-Kandy Road,484.8926520348652
7625469738,618514963,A0,AA000,Kollupitiya - Sri Jayewardenepura,trunk,True,70,3,Sri Jayewardenepura Mawatha,648.3456599433264
7786924226,7786924237,A1,AA001,Colombo - Kandy,trunk,True,60,2,Colombo-Kandy Road,497.0976619432361
7786924237,7786924250,A1,AA001,Colombo - Kandy,trunk,True,60,2,Colombo-Kandy Road,984.545101573495
7786924250,7621971279,A1,AA001,Colombo - Kandy,trunk,True,70,2,Colombo-Kandy Road,535.5161144167372
7927504084,5302260404,A9,AA009,Kandy - Jaffna,trunk,False,"['60', '50']",,Anuradhapura Road,10401.01518740633
7927504084,7927509189,A9,AA009,Kandy - Jaffna,trunk,True,70,2,Anuradhapura Road,640.3432515195191
7927509189,1981147403,A9,AA009,Kandy - Jaffna,trunk,False,70,2,Anuradhapura Road,6740.940288269218
7927509189,7927504084,A9,AA009,Kandy - Jaffna,trunk,True,70,2,Anuradhapura Road,638.6231892480432
8014319682,8014319683,A11,AA011,Maradankadawela - Habarana - Tirikkondiadimadu,trunk,False,60,,Maradankadawala-Habarana Road,9.406376905386974
8014319682,567011739,A9,AA009,Kandy - Jaffna,trunk,True,60,,Anuradhapura Road,402.94043906403004
8014319683,8014319682,A11,AA011,Maradankadawela - Habarana - Tirikkondiadimadu,trunk,False,60,,Maradankadawala-Habarana Road,9.406376905386974
8014319683,6540075346,A11,AA011,Maradankadawela - Habarana - Tirikkondiadimadu,trunk,False,60,,Maradankadawala-Habarana Road,9690.834720201872
8014319683,8014344204,A9,AA009,Kandy - Jaffna,trunk,True,60,,Anuradhapura Road,145.1238923786828
8014344204,4914548524,A9,AA009,Kandy - Jaffna,trunk,False,60,,Anuradhapura Road,3852.0571406423883
8014344204,8014319682,A9,AA009,Kandy - Jaffna,trunk,True,60,,Anuradhapura Road,145.19362630962786
8032417734,1880627815,A9,AA009,Kandy - Jaffna,trunk,False,70,,Kandy-Jaffna Road,116.96011744196497
8032417734,8032417746,A9,AA009,Kandy - Jaffna,trunk,True,70,,Kandy-Jaffna Road,22.523127659707647
8032417735,8032417740,A9,AA009,Kandy - Jaffna,trunk,True,70,1,Kandy-Jaffna Road,21.98939984824004
8032417735,1880627813,A9,AA009,Kandy - Jaffna,trunk,False,70,2,Kandy-Jaffna Road,292.2509030953582
8032417737,8032417734,A9,AA009,Kandy - Jaffna,trunk,True,70,,Kandy-Jaffna Road,22.158068367238055
8032417743,8032417735,A9,AA009,Kandy - Jaffna,trunk,True,70,1,Kandy-Jaffna Road,22.62427877386855
8082580144,10130181954,A2,AA002,Colombo - Galle - Hambantota - Wellawaya,trunk,True,60,,Galle Road,18.813348410485723
8112505448,403899731,A3,AA003,Peliyagoda - Puttalam,trunk,True,60,2,Negombo Road,729.3403137688653
8169922827,2087260972,A7,AA007,Avissawella - Hatton - Nuwara Eliya,trunk,False,60,2,Yatiyantota Road,14.139150794278082
8169922827,191856851,A7,AA007,Avissawella - Hatton - Nuwara Eliya,trunk,False,60,2,Yatiyantota Road,868.0802294017783
8605932100,2382152045,A26,AA026,Kandy - Mahiyangana - Padiyatalawa,trunk,False,60,2,Anagarika Dharmapala Mawatha,8.882390245078657
8605932100,2078322240,A26,AA026,Kandy - Mahiyangana - Padiyatalawa,trunk,False,60,2,Anagarika Dharmapala Mawatha,19.886028940719036
8703211017,47822231,A2,AA002,Colombo - Galle - Hambantota - Wellawaya,trunk,False,70,4,Matara Road,861.042435461083
8703211017,59947552,A2,AA002,Colombo - Galle - Hambantota - Wellawaya,trunk,False,70,4,Matara Road,546.3724385768845
8726439508,8726439509,A2,AA002,Colombo - Galle - Hambantota - Wellawaya,trunk,False,70,2,Matara-Hambantota Road,16.313949711699053
8726439508,1985676681,A2,AA002,Colombo - Galle - Hambantota - Wellawaya,trunk,False,70,"['4', '2']",Matara-Hambantota Road,8622.527884118907
8726439509,8726439508,A2,AA002,Colombo - Galle - Hambantota - Wellawaya,trunk,False,70,2,Matara-Hambantota Road,16.313949711699053
8736765754,10607575538,A5,AA005,Peradeniya - Badulla - Chenkaladi,trunk,False,60,2,Bandarawela Road,158.59931480993254
8736765754,3293925970,A5,AA005,Peradeniya - Badulla - Chenkaladi,trunk,False,60,2,Bandarawela Road,3497.4679617383263
8795417507,1401473103,A12,AA012,Puttalam - Trincomalee,trunk,True,60,,Jayanthi Mawatha,36.07207817155881
8795417512,4137359438,A13,AA013,Galkulama - Anuradhapura,trunk,True,70,,Bandaranaike Mawatha,53.54232355940736
8865864660,6509196189,A9,AA009,Kandy - Jaffna,trunk,True,60,,Katugastota Road,14.526399717591296
8865864661,7227878082,A9,AA009,Kandy - Jaffna,trunk,True,60,,Katugastota Road,6.250637844137022
8933799511,8933799512,A33,AA033,Ja-Ela - Ekala - Gampaha - Yakkala,trunk,True,50,2,Gampaha-Yakkala Road,77.40342820609266
8933799512,3592104628,A33,AA033,Ja-Ela - Ekala - Gampaha - Yakkala,trunk,True,60,1,Gampaha-Yakkala Road,42.909017931356104
8936981953,257926216,A1,AA001,Colombo - Kandy,trunk,True,60,2,Sri Dalada Veediya,131.86073142386482
8944102122,12564186527,A2,AA002,Colombo - Galle - Hambantota - Wellawaya,trunk,True,60,2,Galle Face Centre Road,200.80897837404808
9201280517,4004630079,A1,AA001,Colombo - Kandy,trunk,True,50,1,Sri Dalada Veediya,23.159159419091992
9322671515,1241527366,A11,AA011,Maradankadawela - Habarana - Tirikkondiadimadu,trunk,False,50,2,Habarana-Polonnaruwa-Batticaloa Road,41.53874159279151
9322671515,9394230354,A11,AA011,Maradankadawela - Habarana - Tirikkondiadimadu,trunk,False,50,2,Habarana-Polonnaruwa-Batticaloa Road,2331.2722428218713
9394230349,2279244474,A11,AA011,Maradankadawela - Habarana - Tirikkondiadimadu,trunk,True,50,2,Habarana-Polonnaruwa-Batticaloa Road,547.9949607039408
9394230350,9394230354,A11,AA011,Maradankadawela - Habarana - Tirikkondiadimadu,trunk,True,50,2,Habarana-Polonnaruwa-Batticaloa Road,1205.3437102253167
9394230354,9322671515,A11,AA011,Maradankadawela - Habarana - Tirikkondiadimadu,trunk,False,50,2,Habarana-Polonnaruwa-Batticaloa Road,2331.272242821871
9394230354,9429896951,A11,AA011,Maradankadawela - Habarana - Tirikkondiadimadu,trunk,True,50,2,Habarana-Polonnaruwa-Batticaloa Road,168.1917866683242
9396246082,6685478667,A11,AA011,Maradankadawela - Habarana - Tirikkondiadimadu,trunk,True,60,,,8.173325516618902
9407052257,3618872658,A1,AA001,Colombo - Kandy,trunk,True,60,2,Sirimavo Bandaranaike Mawatha (Peradeniya Road),18.69893697049803
9429896951,9429896955,A11,AA011,Maradankadawela - Habarana - Tirikkondiadimadu,trunk,True,50,2,Habarana-Polonnaruwa-Batticaloa Road,53.02426066061398
9429896955,9394230349,A11,AA011,Maradankadawela - Habarana - Tirikkondiadimadu,trunk,True,50,2,Habarana-Polonnaruwa-Batticaloa Road,985.6842690990746
9468271507,3825207097,A2,AA002,Colombo - Galle - Hambantota - Wellawaya,trunk,True,60,2,Janadhipathi Mawatha,34.870608163072106
9513937134,9568699375,A10,AA010,Katugastota - Kurunegala - Puttalam,trunk,True,50,1,Kurunegala - Kandy Road,26.442800916311956
9513937134,617806916,A10,AA010,Katugastota - Kurunegala - Puttalam,trunk,False,50,4,Kurunegala - Kandy Road,100.57656668326891
9513937138,9513937134,A10,AA010,Katugastota - Kurunegala - Puttalam,trunk,True,50,1,Kurunegala - Kandy Road,24.66312354426319
9565952986,3822164769,A2,AA002,Colombo - Galle - Hambantota - Wellawaya,trunk,True,60,2,Galle Road,312.86715197507493
9565952987,618273393,A2,AA002,Colombo - Galle - Hambantota - Wellawaya,trunk,True,70,"['4', '2']",Galle Road,129.51132767441936
9568699375,4944055508,A10,AA010,Katugastota - Kurunegala - Puttalam,trunk,True,50,,Kurunegala - Puttalam Road,8.453094360174997
9572634367,3836856289,A26,AA026,Kandy - Mahiyangana - Padiyatalawa,trunk,True,60,1,Kandy-Mahiyanganaya-Padiyatalawa Road,2437.4349939199183
9572634367,10130033784,A26,AA026,Kandy - Mahiyangana - Padiyatalawa,trunk,False,60,,"['Kandy-Mahiyanganaya-Padiyatalawa Road', 'Ulhitiya Oya Bridge']",15330.114597076716
9577055310,9676457522,A4,AA004,Colombo - Ratnapura - Wellawaya - Batticaloa,trunk,False,50,,High Level Road,26.184169673512432
9577055310,9577055313,A4,AA004,Colombo - Ratnapura - Wellawaya - Batticaloa,trunk,False,50,,High Level Road,14.412129829960168
9577055313,9676457521,A4,AA004,Colombo - Ratnapura - Wellawaya - Batticaloa,trunk,False,50,,High Level Road,20.402268968281984
9577055313,9577055310,A4,AA004,Colombo - Ratnapura - Wellawaya - Batticaloa,trunk,False,50,,High Level Road,14.412129829960168
9628046175,6524681176,A0,AA000,Kollupitiya - Sri Jayewardenepura,trunk,True,50,3,Ananda Coomaraswamy Mawatha,34.0512190455878
9628046175,3164393649,A4,AA004,Colombo - Ratnapura - Wellawaya - Batticaloa,trunk,True,60,4,Sir Ernest de Silva Mawatha,124.01673037636658
9634869050,10130181953,A2,AA002,Colombo - Galle - Hambantota - Wellawaya,trunk,True,60,,Galle Road,78.63990692436535
9676457521,9577055313,A4,AA004,Colombo - Ratnapura - Wellawaya - Batticaloa,trunk,False,50,,High Level Road,20.402268968281984
9676457521,5565782276,A4,AA004,Colombo - Ratnapura - Wellawaya - Batticaloa,trunk,False,50,,High Level Road,95.82802240864834
9676457522,9577055310,A4,AA004,Colombo - Ratnapura - Wellawaya - Batticaloa,trunk,False,50,,High Level Road,26.184169673512432
9676457522,6006772899,A4,AA004,Colombo - Ratnapura - Wellawaya - Batticaloa,trunk,False,50,,High Level Road,380.5893659133328
9795422576,250131881,A2,AA002,Colombo - Galle - Hambantota - Wellawaya,trunk,True,"['60', '40']",2,"['Anagarika Dharmapala Mawatha', 'New Tangalle Road', 'Mahanama Bridge', 'Tangalle Road']",386.47662792908153
9959089698,129615942,A4,AA004,Colombo - Ratnapura - Wellawaya - Batticaloa,trunk,False,50,4,High Level Road,24.78476408691185
9959089698,129615924,A4,AA004,Colombo - Ratnapura - Wellawaya - Batticaloa,trunk,False,50,4,High Level Road,565.3707484888826
10016226406,4959610635,A5,AA005,Peradeniya - Badulla - Chenkaladi,trunk,False,70,2,Badulla-Chenkaladi Road,25999.434313837402
10016226406,1783974992,A5,AA005,Peradeniya - Badulla - Chenkaladi,trunk,False,70,2,Badulla-Chenkaladi Road,36.96482880431259
10016226413,1783974992,A5,AA005,Peradeniya - Badulla - Chenkaladi,trunk,False,70,2,Badulla-Chenkaladi Road,8.741670621414244
10016226413,10016226414,A5,AA005,Peradeniya - Badulla - Chenkaladi,trunk,False,70,2,Badulla-Chenkaladi Road,17.57878337321784
10016226413,13431444639,A26,AA026,Kandy - Mahiyangana - Padiyatalawa,trunk,True,60,1,Kandy-Mahiyanganaya-Padiyatalawa Road,25.660071034241405
10016226414,1979346418,A5,AA005,Peradeniya - Badulla - Chenkaladi,trunk,False,70,2,Badulla-Chenkaladi Road,26012.875249062818
10016226414,10016226413,A5,AA005,Peradeniya - Badulla - Chenkaladi,trunk,False,70,2,Badulla-Chenkaladi Road,17.57878337321784
10065277052,10065277058,A26,AA026,Kandy - Mahiyangana - Padiyatalawa,trunk,False,60,,Kandy-Mahiyanganaya-Padiyatalawa Road,21.126461571888136
10065277052,2055564960,A26,AA026,Kandy - Mahiyangana - Padiyatalawa,trunk,False,60,,Kandy-Mahiyanganaya-Padiyatalawa Road,4850.028794737806
10065277058,3822754793,A26,AA026,Kandy - Mahiyangana - Padiyatalawa,trunk,False,60,,Kandy-Mahiyanganaya-Padiyatalawa Road,1066.5519430563202
10065277058,10065277052,A26,AA026,Kandy - Mahiyangana - Padiyatalawa,trunk,False,60,,Kandy-Mahiyanganaya-Padiyatalawa Road,21.126461571888136
10130033784,9572634367,A26,AA026,Kandy - Mahiyangana - Padiyatalawa,trunk,False,60,,"['Kandy-Mahiyanganaya-Padiyatalawa Road', 'Ulhitiya Oya Bridge']",15330.11459707672
10130033784,1783942571,A26,AA026,Kandy - Mahiyangana - Padiyatalawa,trunk,False,60,,Kandy-Mahiyanganaya-Padiyatalawa Road,11369.886512943374
10130181940,10130181950,A2,AA002,Colombo - Galle - Hambantota - Wellawaya,trunk,True,60,,Galle Road,722.7070220859607
10130181941,1138325594,A2,AA002,Colombo - Galle - Hambantota - Wellawaya,trunk,True,60,,Galle Road,845.2641894744123
10130181950,10130181952,A2,AA002,Colombo - Galle - Hambantota - Wellawaya,trunk,True,60,,Galle Road,403.40709505725533
10130181951,10130181941,A2,AA002,Colombo - Galle - Hambantota - Wellawaya,trunk,True,60,,Galle Road,721.9348610608154
10130181952,8082580144,A2,AA002,Colombo - Galle - Hambantota - Wellawaya,trunk,True,60,,Galle Road,79.17772174327223
10130181953,10130181951,A2,AA002,Colombo - Galle - Hambantota - Wellawaya,trunk,True,60,,Galle Road,402.84854078770127
10130181954,10130181979,A2,AA002,Colombo - Galle - Hambantota - Wellawaya,trunk,True,60,,Galle Road,212.07477929891434
10130181979,2083533106,A2,AA002,Colombo - Galle - Hambantota - Wellawaya,trunk,False,60,,"['Dummalamodara Bridge', 'Galle Road']",9506.284249499708
10130181979,50415206,A2,AA002,Colombo - Galle - Hambantota - Wellawaya,trunk,True,60,,Galle Road,210.78314326699103
10131009918,3147021776,A18,AA018,Pelmadulla - Embilipitiya - Nonagama,trunk,False,72,2,Embilipitiya-Nonagama Road,34.74975840333732
10131009918,3147058584,A18,AA018,Pelmadulla - Embilipitiya - Nonagama,trunk,False,72,2,Embilipitiya-Nonagama Road,178.29172396582942
10132667231,610955288,A2,AA002,Colombo - Galle - Hambantota - Wellawaya,trunk,False,70,2,Hambantota-Wellawaya Road,17.677736464247207
10132667231,2544591508,A2,AA002,Colombo - Galle - Hambantota - Wellawaya,trunk,False,70,2,Hambantota-Wellawaya Road,10759.972874243367
10166776387,2145042656,A16,AA016,Beragala - Hali-Ela,trunk,False,70,2,Badulla-Bandarawela Road,4862.206379938495
10166776387,2011981296,A16,AA016,Beragala - Hali-Ela,trunk,False,"['50', '70']",2,"['Bandarawela Road', 'Badulla-Bandarawela Road']",3638.1948239052394
10219043311,3964896717,A0,AA000,Kollupitiya - Sri Jayewardenepura,trunk,True,70,3,Dudley Senanayake Mawatha (Castle Street),607.0493343394483
10268958222,6258386252,A4,AA004,Colombo - Ratnapura - Wellawaya - Batticaloa,trunk,True,60,4,Kumaran Ratnam Road,16.55826734650785
10575124012,1364655117,A2,AA002,Colombo - Galle - Hambantota - Wellawaya,trunk,False,70,4,Matara Road,3142.739922490271
10575124012,11542234718,A2,AA002,Colombo - Galle - Hambantota - Wellawaya,trunk,True,70,2,Matara Road,114.19508261934094
10603977925,7085506299,A2,AA002,Colombo - Galle - Hambantota - Wellawaya,trunk,True,60,3,Galle Road,1092.0862780682126
10603977996,6388461497,A2,AA002,Colombo - Galle - Hambantota - Wellawaya,trunk,True,60,2,Galle Road,1908.712071702839
10603977997,10603977925,A2,AA002,Colombo - Galle - Hambantota - Wellawaya,trunk,True,60,"['3', '2']",Galle Road,1387.747216668146
10607575538,8736765754,A5,AA005,Peradeniya - Badulla - Chenkaladi,trunk,False,60,2,Bandarawela Road,158.59931480993254
10607575538,3884338673,A5,AA005,Peradeniya - Badulla - Chenkaladi,trunk,True,"['50', '40']","['1', '2']","['Bandarawela Road', 'Lower Street']",621.1766932850453
11367587826,13671477050,A1,AA001,Colombo - Kandy,trunk,False,60,2,Sirimavo Bandaranaike Mawatha (Peradeniya Road),24.7357652498588
11367587826,4004621090,A1,AA001,Colombo - Kandy,trunk,False,60,2,Sirimavo Bandaranaike Mawatha (Peradeniya Road),7.0928514510752265
11542234718,11542234727,A2,AA002,Colombo - Galle - Hambantota - Wellawaya,trunk,True,70,2,Matara Road,357.4230740002206
11542234727,1674509843,A2,AA002,Colombo - Galle - Hambantota - Wellawaya,trunk,False,70,4,Matara Road,5005.264519798421
11542234727,1674509938,A2,AA002,Colombo - Galle - Hambantota - Wellawaya,trunk,True,70,2,Matara Road,355.1841367273434
11572133444,1401473006,A13,AA013,Galkulama - Anuradhapura,trunk,True,70,,Bandaranaike Mawatha,34.29020495850064
11572133444,12118609958,A13,AA013,Galkulama - Anuradhapura,trunk,False,70,,Bandaranaike Mawatha,278.88171473042496
11593705874,2833834360,A20,AA020,Anuradhapura - Rambewa,trunk,False,70,2,Jaffna Road,1026.5340213679794
11593705874,1886079226,A20,AA020,Anuradhapura - Rambewa,trunk,True,60,1,Jaffna Road,13367.635483320602
11715824035,1684534515,A25,AA025,Siyambalanduwa - Damana - Ampara,trunk,True,60,1,Siyambalanduwa-Damana-Ampara Road,8.123969638769971
11715824035,11715824054,A31,AA031,Karativu - Ampara,trunk,True,60,,Ampara-Karaitivu Road,44.2557614933157
11715824039,11715824040,A25,AA025,Siyambalanduwa - Damana - Ampara,trunk,True,60,1,Siyambalanduwa-Damana-Ampara Road,17.97040913003796
11715824040,11715824035,A25,AA025,Siyambalanduwa - Damana - Ampara,trunk,True,60,1,Siyambalanduwa-Damana-Ampara Road,8.39836122867366
11715824040,13876145704,A31,AA031,Karativu - Ampara,trunk,True,60,,Ampara-Karaitivu Road,33.87805297303205
11715824051,1684534495,A31,AA031,Karativu - Ampara,trunk,True,60,,Ampara-Karaitivu Road,301.7839399146309
11715824052,11715824035,A31,AA031,Karativu - Ampara,trunk,True,60,,Ampara-Karaitivu Road,437.9341124542489
11715824054,12761661750,A31,AA031,Karativu - Ampara,trunk,False,"['60', '50']",,"['Ampara-Karavitu Road', 'Ampara-Karaitivu Road']",15954.4062506747
11715824054,13876145712,A31,AA031,Karativu - Ampara,trunk,True,60,,Ampara-Karaitivu Road,26.562541097158878
11715824066,11715824052,A31,AA031,Karativu - Ampara,trunk,True,60,,Ampara-Karaitivu Road,300.9780097926511
11743149450,1401473074,A13,AA013,Galkulama - Anuradhapura,trunk,True,70,,Bandaranaike Mawatha,21.47605481371192
11743149450,4137359438,A13,AA013,Galkulama - Anuradhapura,trunk,False,70,,Bandaranaike Mawatha,523.0422173566875
11765244590,1212770520,A8,AA008,Panadura - Nambapana - Ratnapura,trunk,False,70,2,Horana Road,9.122124580316804
11765244590,1446610177,A8,AA008,Panadura - Nambapana - Ratnapura,trunk,False,"['50', '70']",2,Horana Road,5316.135421980934
12109482770,12109482771,A2,AA002,Colombo - Galle - Hambantota - Wellawaya,trunk,False,50,4,Galle Road,19.790343709477447
12109482770,50415165,A2,AA002,Colombo - Galle - Hambantota - Wellawaya,trunk,False,"['50', '60']",4,Galle Road,4154.12525690179
12109482771,2079240021,A2,AA002,Colombo - Galle - Hambantota - Wellawaya,trunk,False,50,4,Galle Road,49.7938656606064
12109482771,12109482770,A2,AA002,Colombo - Galle - Hambantota - Wellawaya,trunk,False,50,4,Galle Road,19.790343709477447
12118609956,1401472905,A13,AA013,Galkulama - Anuradhapura,trunk,True,70,,Bandaranaike Mawatha,33.276496310380104
12118609956,1401472808,A13,AA013,Galkulama - Anuradhapura,trunk,False,70,,Bandaranaike Mawatha,428.68687507088055
12118609958,1401472976,A13,AA013,Galkulama - Anuradhapura,trunk,True,70,,Bandaranaike Mawatha,42.59798377014991
12118609958,11572133444,A13,AA013,Galkulama - Anuradhapura,trunk,False,70,,Bandaranaike Mawatha,278.88171473042496
12126721593,7095171150,A2,AA002,Colombo - Galle - Hambantota - Wellawaya,trunk,True,70,2,Galle Road,1197.0319711386512
12126721597,12126721593,A2,AA002,Colombo - Galle - Hambantota - Wellawaya,trunk,True,"['60', '70']",2,"['Colombo Road', 'Galle Road']",14.334627200413433
12328410054,3594147916,A2,AA002,Colombo - Galle - Hambantota - Wellawaya,trunk,True,60,2,New Tangalle Road,114.09959485662935
12373680251,61802472,A1,AA001,Colombo - Kandy,trunk,True,60,3,Dr. Danister de Silva Mawatha,47.38540229991015
12509374263,2155580113,A3,AA003,Peliyagoda - Puttalam,trunk,True,60,2,Negombo Road,465.9857939671251
12620876473,13686682350,A3,AA003,Peliyagoda - Puttalam,trunk,False,70,2,Colombo-Puttalam Road,259.9574742984615
12620876473,3649873087,A3,AA003,Peliyagoda - Puttalam,trunk,False,70,2,Colombo-Puttalam Road,52253.34672144229
12625589425,5212490345,A24,AA024,Matara - Akuressa,trunk,True,"['50', '70']",2,Akuressa Road,1902.592893297175
12625589426,2568176862,A24,AA024,Matara - Akuressa,trunk,True,"['50', '60']",2,Akuressa Road,613.3274491102701
12741337236,7037743601,A4,AA004,Colombo - Ratnapura - Wellawaya - Batticaloa,trunk,True,50,2,High Level Road,18.181222556187365
12761661737,12761661748,A31,AA031,Karativu - Ampara,trunk,True,,,,19.44229282942199
12761661746,12761661737,A31,AA031,Karativu - Ampara,trunk,True,,,,7.36752525940979
12761661746,12761661750,A31,AA031,Karativu - Ampara,trunk,True,50,,Ampara-Karavitu Road,111.80673508845521
12761661747,12761661746,A31,AA031,Karativu - Ampara,trunk,True,,,,18.70202113691601
12761661748,12761661747,A31,AA031,Karativu - Ampara,trunk,True,,,,12.085123447118946
12761661748,1792802798,A31,AA031,Karativu - Ampara,trunk,True,50,,Ampara-Karavitu Road,68.85999341235403
12761661750,11715824054,A31,AA031,Karativu - Ampara,trunk,False,"['50', '60']",,"['Ampara-Karavitu Road', 'Ampara-Karaitivu Road']",15954.406250674687
12761661750,12761661737,A31,AA031,Karativu - Ampara,trunk,True,50,,Ampara-Karavitu Road,112.39290739172941
13055938742,610970078,A2,AA002,Colombo - Galle - Hambantota - Wellawaya,trunk,False,70,2,Hambantota-Wellawaya Road,22.520256794110413
13055938742,13689191650,A2,AA002,Colombo - Galle - Hambantota - Wellawaya,trunk,False,70,2,Hambantota-Wellawaya Road,4925.708636150402
13083883262,3737231765,A1,AA001,Colombo - Kandy,trunk,True,70,2,Colombo-Kandy Road,984.5932031459212
13367298677,13367298678,A24,AA024,Matara - Akuressa,trunk,True,60,,Matara-Akuressa Road,70.3101263926849
13367298678,13367298684,A24,AA024,Matara - Akuressa,trunk,True,60,,Matara-Akuressa Road,82.87096676917724
13367298684,3621305202,A24,AA024,Matara - Akuressa,trunk,True,60,,Matara-Akuressa Road,225.3883206149087
13367298684,2722759262,A24,AA024,Matara - Akuressa,trunk,False,60,2,Matara-Akuressa Road,2145.706077139927
13391214876,3808874254,A4,AA004,Colombo - Ratnapura - Wellawaya - Batticaloa,trunk,True,60,3,Philip Gunawardene Mawatha (Reid Avenue),139.85159648586387
13399644563,1429213459,A0,AA000,Kollupitiya - Sri Jayewardenepura,trunk,True,70,2,Sri Jayewardenepura Mawatha,29.13050050954966
13425538963,678334696,A4,AA004,Colombo - Ratnapura - Wellawaya - Batticaloa,trunk,True,50,,Sri Sambuddhatwa Jayanthi Mawatha (Havelock Road),21.275119520106767
13431444639,3836856289,A26,AA026,Kandy - Mahiyangana - Padiyatalawa,trunk,True,60,1,Kandy-Mahiyanganaya-Padiyatalawa Road,16.77394975542974
13431444645,1783974992,A26,AA026,Kandy - Mahiyangana - Padiyatalawa,trunk,True,60,1,Kandy-Mahiyanganaya-Padiyatalawa Road,21.43643613626764
13564710647,2837518594,A28,AA028,Padeniya - Anuradhapura,trunk,False,"['50', '70']",,"['Anuradhapura - Padeniya Road', 'Padeniya-Anuradhapura Road']",10335.336395074786
13564710647,4137349478,A28,AA028,Padeniya - Anuradhapura,trunk,True,,,Padeniya-Anuradhapura Road,29.477258972502582
13564710682,4137349482,A12,AA012,Puttalam - Trincomalee,trunk,True,,,Puttalam Road,28.737826211825396
13564710682,13564859299,A12,AA012,Puttalam - Trincomalee,trunk,False,60,,Puttalam Road,2191.5899686760945
13564859299,1401456461,A12,AA012,Puttalam - Trincomalee,trunk,True,,,Puttalam Road,299.69375832810533
13564859299,13564710682,A12,AA012,Puttalam - Trincomalee,trunk,False,60,,Puttalam Road,2191.589968676094
13567087001,1401473103,A12,AA012,Puttalam - Trincomalee,trunk,False,60,,Jayanthi Mawatha,1414.1302862902892
13567087001,13567087012,A12,AA012,Puttalam - Trincomalee,trunk,True,,,Jayanthi Mawatha,67.56063246695862
13567087010,4137359440,A12,AA012,Puttalam - Trincomalee,trunk,True,,,Jayanthi Mawatha,42.654731704758085
13567087012,13567087034,A12,AA012,Puttalam - Trincomalee,trunk,True,,,Jayanthi Mawatha,17.435685693470823
13567087026,5364431661,A12,AA012,Puttalam - Trincomalee,trunk,True,,,Jayanthi Mawatha,192.44490100221188
13567087027,13567087026,A12,AA012,Puttalam - Trincomalee,trunk,True,,,Jayanthi Mawatha,16.678148326530124
13567087034,13567087027,A12,AA012,Puttalam - Trincomalee,trunk,True,,,Jayanthi Mawatha,6.768735561483118
13572508097,6291947089,A12,AA012,Puttalam - Trincomalee,trunk,True,60,,Jayanthi Mawatha,6.564197160970084
13577179092,2833834360,A20,AA020,Anuradhapura - Rambewa,trunk,True,60,1,Jaffna Road,52.09356659974738
13615512124,6324979463,A1,AA001,Colombo - Kandy,trunk,False,60,2,"['Sri Dalada Veediya', 'Sirimavo Bandaranaike Mawatha (Peradeniya Road)']",127.57840426376052
13615512124,4004621090,A1,AA001,Colombo - Kandy,trunk,False,60,2,Sirimavo Bandaranaike Mawatha (Peradeniya Road),20.416929603160348
13625281401,1855322535,A5,AA005,Peradeniya - Badulla - Chenkaladi,trunk,False,50,2,"['Penideniya Bridge', 'Penideniya Road']",254.60154747268854
13625281401,2078331482,A5,AA005,Peradeniya - Badulla - Chenkaladi,trunk,False,50,2,Penideniya Road,259.4040552487882
13625464816,2910325921,A1,AA001,Colombo - Kandy,trunk,False,60,2,Colombo Road,309.3342379223255
13625464816,7094700078,A1,AA001,Colombo - Kandy,trunk,False,60,2,Colombo Road,382.02804555463683
13656692423,669217870,A2,AA002,Colombo - Galle - Hambantota - Wellawaya,trunk,True,60,2,Janadhipathi Mawatha,348.32214138769046
13662447481,4784496254,A1,AA001,Colombo - Kandy,trunk,True,60,2,Colombo-Kandy Road,74.15999137480668
13662447481,4784496273,A1,AA001,Colombo - Kandy,trunk,False,60,,Colombo-Kandy Road,67.90894321950636
13663348779,4785724017,A1,AA001,Colombo - Kandy,trunk,True,70,2,Colombo-Kandy Road,7.387619403660602
13671477050,11367587826,A1,AA001,Colombo - Kandy,trunk,False,60,2,Sirimavo Bandaranaike Mawatha (Peradeniya Road),24.7357652498588
13671477050,3983328377,A1,AA001,Colombo - Kandy,trunk,False,60,2,Sirimavo Bandaranaike Mawatha (Peradeniya Road),3862.9603245763997
13684572987,6276892160,A3,AA003,Peliyagoda - Puttalam,trunk,True,60,2,Negombo Road,4.9253544027245315
13684572988,620529017,A3,AA003,Peliyagoda - Puttalam,trunk,True,60,2,Negombo Road,595.6521751154207
13686682347,13686682350,A3,AA003,Peliyagoda - Puttalam,trunk,False,50,1,Colombo-Puttalam Road,26.34757644181997
13686682350,12620876473,A3,AA003,Peliyagoda - Puttalam,trunk,False,70,2,Colombo-Puttalam Road,259.95747429846153
13686682350,13686682367,A3,AA003,Peliyagoda - Puttalam,trunk,False,50,1,Colombo-Puttalam Road,30.043645181096423
13686682350,13686682347,A3,AA003,Peliyagoda - Puttalam,trunk,False,50,1,Colombo-Puttalam Road,26.347576441819974
13686682355,618604210,A10,AA010,Katugastota - Kurunegala - Puttalam,trunk,True,50,1,Katugastota-Puttalam Road,26.559440455489558
13686682358,618604210,A10,AA010,Katugastota - Kurunegala - Puttalam,trunk,True,50,1,Katugastota-Puttalam Road,27.041165332510722
13686682367,13686682350,A3,AA003,Peliyagoda - Puttalam,trunk,False,50,1,Colombo-Puttalam Road,30.043645181096416
13689191650,13055938742,A2,AA002,Colombo - Galle - Hambantota - Wellawaya,trunk,False,70,2,Hambantota-Wellawaya Road,4925.708636150398
13689191650,3674901134,A2,AA002,Colombo - Galle - Hambantota - Wellawaya,trunk,False,70,2,Hambantota-Wellawaya Road,7222.095684470749
13695573497,6272317584,A2,AA002,Colombo - Galle - Hambantota - Wellawaya,trunk,True,60,,Matara Road,41.34846634446068
13695573498,3279700855,A2,AA002,Colombo - Galle - Hambantota - Wellawaya,trunk,True,60,,Matara Road,15.694925419088268
13698912417,1636603514,A17,AA017,Galle - Deniyaya - Madampe,trunk,True,70,2,Akuressa Road,46.26335201466516
13698912444,13698912445,A17,AA017,Galle - Deniyaya - Madampe,trunk,True,70,2,Akuressa Road,22.119631886686133
13698912445,6492867599,A17,AA017,Galle - Deniyaya - Madampe,trunk,True,70,2,Akuressa Road,13.122292858571786
13698912446,6492867585,A17,AA017,Galle - Deniyaya - Madampe,trunk,True,70,2,Akuressa Road,21.711828558191616
13709350352,1745895523,A2,AA002,Colombo - Galle - Hambantota - Wellawaya,trunk,False,70,2,Tangalle Road,27.23694024683934
13709350352,33389417,A2,AA002,Colombo - Galle - Hambantota - Wellawaya,trunk,False,70,2,Tangalle Road,147.13699273102299
13740014575,6495621994,A4,AA004,Colombo - Ratnapura - Wellawaya - Batticaloa,trunk,True,60,2,New Kalmunai Road,1039.0952295029554
13743364556,1807810047,A5,AA005,Peradeniya - Badulla - Chenkaladi,trunk,True,60,1,Badulla-Chenkaladi Road,46.97131756564065
13749558417,1886079221,A20,AA020,Anuradhapura - Rambewa,trunk,True,60,1,Jaffna Road,39.1871699321335
13749558419,13749558430,A9,AA009,Kandy - Jaffna,trunk,False,70,,Kandy-Jaffna Road,25.058029212515386
13749558419,1880627815,A9,AA009,Kandy - Jaffna,trunk,False,70,,Kandy-Jaffna Road,9251.770313596377
13749558428,1886079226,A20,AA020,Anuradhapura - Rambewa,trunk,True,60,1,Jaffna Road,20.900031602861862
13749558430,1886079221,A9,AA009,Kandy - Jaffna,trunk,False,70,,Kandy-Jaffna Road,23.032291752149572
13749558430,13749558419,A9,AA009,Kandy - Jaffna,trunk,False,70,,Kandy-Jaffna Road,25.058029212515386
13749558430,13749558428,A20,AA020,Anuradhapura - Rambewa,trunk,True,60,1,Jaffna Road,25.078239330145976
13811688265,617968149,A1,AA001,Colombo - Kandy,trunk,False,70,2,Colombo-Kandy Road,4352.451240173629
13811688265,13811688268,A1,AA001,Colombo - Kandy,trunk,False,70,2,Colombo-Kandy Road,22.614237806574444
13811688268,13811688265,A1,AA001,Colombo - Kandy,trunk,False,70,2,Colombo-Kandy Road,22.614237806574444
13811688268,1980566518,A1,AA001,Colombo - Kandy,trunk,False,70,2,Colombo-Kandy Road,5541.768201578903
13850088952,4973240985,A16,AA016,Beragala - Hali-Ela,trunk,True,60,1,Main Street,23.014983579754514
13872342556,1945644699,A5,AA005,Peradeniya - Badulla - Chenkaladi,trunk,False,70,2,Badulla-Chenkaladi Road,16.862810462038738
13872342556,1945605121,A5,AA005,Peradeniya - Badulla - Chenkaladi,trunk,False,70,2,Badulla-Passara Road,3340.4830886754985
13876145704,11715824051,A31,AA031,Karativu - Ampara,trunk,True,60,,Ampara-Karaitivu Road,397.1488674895189
13876145708,1684534497,A25,AA025,Siyambalanduwa - Damana - Ampara,trunk,True,60,1,Siyambalanduwa-Damana-Ampara Road,14.235133495177543
13876145712,1684534515,A31,AA031,Karativu - Ampara,trunk,True,60,,Ampara-Karaitivu Road,15.321586200326093
