u,v,length_m,highway,name,oneway,ref
31363877,50392728,1523.4489777803312,primary,Henry Pedris Mawatha (Hirimbura Road),False,B128
31363877,1139090033,1198.356041448508,secondary,Sri Hemananda Mawatha,False,
31363877,1619271297,1404.4447031004884,secondary,Hirimbura Cross Road,False,
31363877,102750385,669.2324747488148,primary,Hirimbura Road,False,B128
33389197,3594319500,17.884022219864704,trunk,Anagarika Dharmapala Mawatha,True,New-A2/B535
33389255,1640241201,5850.283998049097,secondary,Imaduwa Road,False,
33389255,1233269778,2614.2620851401903,trunk,Matara Road,False,A2
33389255,11542234727,2138.767930048919,trunk,Matara Road,False,A2
33389341,1650097484,2209.9684485840194,primary,Beach Road,False,B524
33389341,250131773,431.2512243866413,trunk,Tangalle Road,False,A2
33389341,33389417,2950.973138555022,trunk,Tangalle Road,False,A2
33389417,13711501216,337.85951912076,primary,Circular Road,False,B557
33389417,13709350352,147.13699273102299,trunk,Tangalle Road,False,A2
33389417,33389341,2950.973138555024,trunk,Tangalle Road,False,A2
33389466,1750306782,3009.2328429374757,trunk,Tangalle Road,False,A2
33389466,1750306782,3820.24517620582,primary,Kudawella Road,False,B566
33389466,250131591,4824.890602888663,trunk,Tangalle Road,False,A2
33389625,41607659,438.2886888530183,primary,Jail Road,False,AB22
33389625,41607659,572.309096439065,trunk,"['Tissa Road', 'Wilmot Street (Main Street)']",False,Old A2
33389625,1814540652,1248.455915607535,trunk,Old Hambantota Road,False,Old A2
35436490,5120237603,38.7022192248244,primary,Gannoruwa Road,False,B365
35436490,258029156,192.31415942434043,trunk,Colombo Road,False,A1
35436490,7094700078,18.0977895661637,trunk,Colombo Road,False,A1
41607659,33389625,438.28868885301836,primary,Jail Road,False,AB22
41607659,33389625,572.309096439065,trunk,"['Tissa Road', 'Wilmot Street (Main Street)']",False,Old A2
41607659,41607666,615.1630472979531,trunk,Tissa Road,False,Old A2
41607666,1720902277,1670.7084208247747,trunk,Tissa Road,False,Old A2
41607666,41607659,615.1630472979531,trunk,Tissa Road,False,Old A2
41607666,41607686,3530.7254045888294,primary,Lewaya Road,False,B251
41607686,41607666,3530.7254045888303,primary,Lewaya Road,False,B251
41607686,5144316831,61.69269863291961,primary,Lewaya Road,True,B251
41607687,3637344649,14.925428489335571,trunk,,True,
44265232,1135398600,676.5113089354929,primary,Wellawaya Bypass Road,False,AB43
44265232,2610876638,24937.559965107946,trunk,"['Tissa Road', 'Kuda Oya Bridge', 'Hambantota-Wellawaya Road']",False,A2
44265232,603240642,502.881787819068,primary,Wellawaya Bypass Road,False,AB43
44265232,44265234,428.26964759668834,trunk,Tissa Road,False,A2
44265234,13739751298,7.393315541458427,trunk,Wellawaya-Pottuvil Road,False,A4
44265234,1135398600,555.8492928618789,trunk,Wellawaya-Pottuvil Road,False,A4
44265234,44265232,428.26964759668834,trunk,Tissa Road,False,A2
44265239,603240642,408.9181601337827,trunk,Major Montegu Jayawickrama Mawatha,False,A23
44265239,6658588595,26697.63694484478,trunk,Wellawaya-Ella-Kumbalwela Road,False,A23
44265239,13739751298,465.98135524507256,secondary,Ella Old Road,True,
44534440,54399243,25.093634852211796,primary,Baladaksha Mawatha,True,B37
44534440,1235775050,12.798971646783142,primary,,True,
44534497,138713209,36.209397655338385,trunk,Main Street,True,A2
44534497,44534546,30.402935461902736,trunk,Main Street,False,A2
44534546,47826162,70.21625456979645,trunk,Main Street,True,Old-A2
44534546,44534576,63.47887359338766,trunk,Sea Street,False,AB12/New A2
44534546,44534497,30.402935461902732,trunk,Main Street,False,A2
44534576,47826162,23.910247921114056,trunk_link,,False,
44534576,44534546,63.47887359338766,trunk,Sea Street,False,AB12/New A2
44534576,1138543695,345.26331313467864,trunk,Sea Street,False,AB12/New A2
47811685,50767449,1929.1842109387724,primary,Wakwella Road,False,B130
47811685,82800337,2184.085556640624,primary,Galle-Wakwella Road,False,B130
47811685,1242330004,2872.830088715559,secondary,Batuwanthuduwa Road,False,
47817820,1242562192,548.295673854288,primary,Olcott Mawatha,False,B128
47817820,1242562069,763.3435845302113,primary,Abdul Wahab Mawatha (Talapitiya Road),False,AB36
47822231,8703211017,861.0424354610827,trunk,Matara Road,False,A2
47822231,1242562069,241.6070128812607,primary,Bandaranaike Place (Talapitiya Road),False,B41
47822231,47824936,111.43194604167623,trunk,Matara Road,False,A2
47824104,1138543695,37.36702490050069,primary,Sea Street,True,AB34
47824104,47824132,27.34564059941789,trunk,Main Street,False,Old-A2
47824132,47824104,27.34564059941789,trunk,Main Street,False,Old-A2
47824132,50762807,43.58457510205871,trunk,Main Street,False,Old-A2
47824132,47824157,50.34909559378015,primary,Olcott Mawatha,True,B128
47824157,47824192,66.28483053083717,primary_link,,False,
47824157,47817820,280.33593617807594,primary,Olcott Mawatha,True,B128
47824192,47824104,50.4749649262535,trunk,Old Matara Road,True,Old-A2
47824192,47824157,66.28483053083717,primary_link,,False,
47824936,5234964214,47.50631636219557,trunk,Old Matara Road,True,Old-A2
47824936,130444698,45.26479078336064,trunk,Sea Street,False,AB12/New A2
47824936,47822231,111.43194604167624,trunk,Matara Road,False,A2
47826162,44534576,23.910247921114056,trunk_link,,False,
47826162,53095670,19.49435625945503,trunk,Main Street,False,Old-A2
49364006,13844131039,166.70574003236632,primary,Ella Station Road,False,B27-20
49364006,49364356,2805.211052211549,trunk,Wellawaya-Ella-Kumbalwela Road,False,A23
49364006,6658588595,364.4161851258657,trunk,Wellawaya-Ella-Kumbalwela Road,False,A23
49364356,49364006,2805.211052211549,trunk,Wellawaya-Ella-Kumbalwela Road,False,A23
49364356,77512695,2283.3246660648438,trunk,Badulla-Bandarawela Road,False,A16
49364356,2145042656,4930.730258955189,trunk,Badulla-Bandarawela Road,False,A16
49365524,49365945,574.5198334042293,primary,Bandarawela-Welimada Road,False,B44
49365524,4365280087,23.599942283487575,primary,Bandarawela-Welimada Road,True,B44
49365945,10682971402,984.9239461189167,primary,Bandarawela-Ettampitiya Road,False,B43
49365945,2915447204,10121.064177691,primary,Bandarawela-Welimada Road,False,B44
49365945,49365524,574.5198334042295,primary,Bandarawela-Welimada Road,False,B44
49368092,2078611991,6026.814144400998,trunk,Nuwara Eliya-Badulla Road,False,A5
49368092,3682574805,7809.767367089599,trunk,Nuwara Eliya-Badulla Road,False,A5
49368092,10110604172,12872.922579311151,primary,Keppetipola-Boralande-Haputale Road,False,B353
49368243,1147075948,13724.341341810417,trunk,Nuwara Eliya-Badulla Road,False,A5
49368243,2915447204,9545.089661905211,primary,Bandarawela-Welimada Road,False,B44
49368243,2026114937,351.41776503154233,trunk,Nuwara Eliya-Badulla Road,False,A5
49371992,6233687374,220.9476644863543,primary,Bandaranaike Mawatha,False,B331
49371992,77682693,608.455498087745,trunk,Queen Elizabeth Drive,False,A5
49371992,3584750699,552.0827390859297,trunk,Kandy Road,False,A5
49378902,3803459185,7395.780327704151,primary,Atabage-Dunukeulla Road,False,B621
49378902,3217407684,1393.4015711438212,trunk,Nuwara Eliya Road,False,A5
49378902,1834922625,12237.541873641989,trunk,Nuwara Eliya Road,False,A5
50366409,617823296,4160.765647352335,trunk,Colombo-Kandy Road,False,A1
50366409,324965926,335.9360775890669,trunk,Colombo-Kandy Road,False,A1
50366409,324965995,330.9629780008951,trunk,Colombo-Kandy Road,False,A1
50392728,31363877,1523.4489777803315,primary,Henry Pedris Mawatha (Hirimbura Road),False,B128
50392728,1242562192,304.46188241468514,primary,Olcott Mawatha,False,B128
50392728,1364675869,209.39839057567465,primary,H. K. Edmond Mawatha,False,B109
50415021,2339297877,9.786177622328667,trunk_link,,False,
50415021,665685894,196.87949808937424,trunk,Galle Road,True,A2
50415165,12109482770,4154.12525690179,trunk,Galle Road,False,A2
50415165,1138325237,2352.628101421247,trunk,Galle Road,False,A2
50415165,1795375615,5268.988335475314,primary,Waskaduwa-Bandaragama Road,False,B458
50415206,9634869050,19.60995242044626,trunk,Galle Road,True,A2
50415206,10130181954,9.774441289105324,primary_link,,False,
50422936,1278003886,11.199011996189471,primary_link,Katubedda-Piliyandala Road,False,
50422936,2361900649,282.72137840280834,trunk,Galle Road,True,A2
50422936,694987695,1809.550968067558,primary,Katubedda-Kospelena Road,False,B204
50422994,1533913627,30.95769114532755,primary,Railway Station Road,False,
50422994,60797432,18.06916527979088,primary,,False,
50422994,1838453702,39.44738852036642,secondary,,True,
50760908,1235775273,34.3947424301307,primary,Wakwella Road,True,B130
50760908,5182838447,177.67905144665593,primary,Wakwella Road,False,B130
50762807,47824132,43.58457510205871,trunk,Main Street,False,Old-A2
50767449,60797984,14.5249659552941,primary,Wakwella Road,False,B130
50767449,60797978,31.64729129970451,secondary,Kalegana-Gintota Road,True,
50767449,47811685,1929.1842109387728,primary,Wakwella Road,False,B130
50767449,102750385,1439.0657590284266,secondary,Kalegana - Karapitiya Road,False,
53095670,47826162,19.49435625945503,trunk,Main Street,False,Old-A2
53095670,50762807,260.7167023098085,trunk,Main Street,True,Old-A2
54398901,60797978,2954.3295822997584,secondary,Kalegana-Gintota Road,False,
54398901,1781355217,1065.9441947904702,trunk,Galle Road,False,A2
54398901,7095171150,3568.449395602604,trunk,Galle Road,False,A2
54399243,4796130131,339.02836173176087,primary,Baladaksha Mawatha,False,B37
54399243,1235775050,19.59554256772985,primary,Baladaksha Mawatha,True,B37
59947552,6492867596,1304.4375188705828,trunk,Akuressa Road,False,A17
59947552,8703211017,546.3724385768845,trunk,Matara Road,False,A2
59947552,309913698,188.50371828543953,trunk,Matara Road,False,A2
60654455,1231879141,7549.24345890907,secondary,Kamburugamuwa - Heanwala Road,False,
60654455,1231879141,6118.292848401263,trunk,Matara Road,False,A2
60654455,1675705732,243.06514426080494,trunk,Matara Road,False,A2
60796641,8701260315,188.3109642676413,secondary,Maitland Crescent,False,
60796731,13698430208,7.998924002896972,secondary,Fife Road,True,
60796731,13698430212,132.38491213730435,primary,Ven. Murutthettuwe Ananda Nahimi Mawatha (Thimbirigasyaya Road),True,
60796751,3742220437,69.56154539620367,primary,Ven. Murutthettuwe Ananda Nahimi Mawatha (Thimbirigasyaya Road),True,
60796751,9465124703,265.5480110928668,primary,Ven. Murutthettuwe Ananda Nahimi Mawatha (Thimbirigasyaya Road),False,
60797056,635164747,12.89684125034852,primary,Kotagama Sri Vachissara Mawatha,False,
60797056,635164739,226.2608456986703,primary,Kotagama Sri Vachissara Mawatha,False,B229
60797056,60797372,144.1291780472259,trunk,Galle Road,True,A2
60797372,621950451,228.04563829813185,primary,Anagarika Dharmapala Mawatha (Allen Avenue),False,B11
60797372,1249801968,913.2093759407792,trunk,Galle Road,True,A2
60797432,1533913610,18.560908643217985,secondary,,True,
60797432,50422994,18.06916527979088,primary,,False,
60797432,1533913594,33.312683310251025,primary,Hill Street (Dehiwela-Maharagama Road),False,B94
60797439,6388461497,8.30307919706129,primary,Kawdana Road,False,B547
60797439,598720858,1820.5917045828994,primary,Kawdana Road,False,B547
60797439,10603977997,1906.126514105971,trunk,Galle Road,True,A2
60797501,60796641,69.03127801903797,secondary,Maitland Crescent,True,
60797501,9981050817,126.74982124332283,secondary,Maitland Crescent,False,
60797607,7103760769,5.737989641789137,primary_link,,True,
60797607,1138325237,199.3106675861649,trunk,Galle Road,True,A2
60797926,6322017693,2409.5095667968526,primary,"['Racecourse Road', 'Kendala Road']",False,B61
60797926,3090456359,6431.443333586588,trunk,Galle Road,False,A2
60797926,1781355217,1673.359310340018,trunk,Galle Road,False,A2
60797978,60797984,31.771893269669526,secondary,Kalegana-Gintota Road,True,
60797978,54398901,2954.3295822997575,secondary,Kalegana-Gintota Road,False,
60797984,50767449,14.5249659552941,primary,Wakwella Road,False,B130
60797984,1139090033,835.3818752683499,primary,Wakwella Road,False,B130
60798009,7085506299,12.42495017962359,trunk_link,Air Port Road,True,
60798009,7085495071,1092.565359681876,trunk,Galle Road,True,A2
60798033,208541195,246.43533888806118,primary,Hill Street (Dehiwela-Maharagama Road),False,B94
60798033,150994801,555.5456498053707,primary,Hill Street (Dehiwela-Maharagama Road),False,B94
60798033,598720858,1124.026716281706,secondary,Cpt.Sumudu Rajapaksha Mawatha,False,
61802472,253022446,13.49750485977417,primary_link,,False,
61802472,1431441533,634.05652534005,trunk,"['Baseline Road', 'Dr. Danister de Silva Mawatha']",True,A1
61802472,4422645697,41.779990813337996,primary,Stace Road,False,
61802550,253022456,36.45854002437077,trunk,New Kelani Bridge Road,True,A1
61802550,1431441535,43.082116195820426,primary_link,,True,
61802550,664501764,88.14178167360205,primary,New Kelani Bridge Road,True,
61802753,1280044912,206.28754848150447,primary,Sir Marcus Fernando Mawatha,False,
61802753,1583879162,91.04250526639417,primary,Albert Crescent,True,
62783063,637603462,15.51569303070852,primary,,True,
62783063,191814043,299.2966901363862,trunk,Elvitigala Mawatha,True,AC8
77368738,5234940056,18.28551789182923,trunk,,True,
77368738,3379676395,44.060571699630074,trunk,Colombo Road,True,A2
77373725,77374718,6111.219715842562,primary,Dikwella-Beliatte Road,False,B101
77373725,1530689260,3931.545297093551,primary,Dikwella-Beliatte Road,False,B101
77373725,2157080287,4283.750743811185,secondary,,False,
77374718,2909552257,5006.370897098132,primary,Beliatte-Kirinda Road,False,B630
77374718,3771334922,199.16201110448407,primary,Dikwella-Beliatte Road,False,B101
77374718,77373725,6111.219715842563,primary,Dikwella-Beliatte Road,False,B101
77374761,3592199657,1122.7448142772741,primary,Beliatte-Tangalle Road,False,B141
77374761,3771334922,9.852938599906167,primary,,True,
77379011,1340667695,11499.342150467854,trunk,Matara-Hambantota Road,False,A2
77379011,3960868163,19.925510212326756,trunk,Matara-Hambantota Road,False,A2
77379074,3960797189,15.27669336906111,trunk,Matara-Hambantota Road,True,A2
77379074,3960868163,496.9723444852068,trunk,Matara-Hambantota Road,False,A2
77381284,4365280299,28.69666258752661,trunk,Beragala-Hali-Ela Road,True,A16
77381284,2026106458,155.92811919812365,trunk,Beragala-Hali-Ela Road,False,A16
77512695,49364356,2283.3246660648447,trunk,Badulla-Bandarawela Road,False,A16
77512695,5018474141,126.78346274702972,trunk,Badulla-Bandarawela Road,True,A16
77682074,2637064010,548.9061186696468,primary,Uda Pussellawa Road,False,B332
77682074,2035832311,42.52925229868191,primary,Uda Pussellawa Road,False,B332
77682074,2035832111,38.66858285624459,primary_link,,False,
77682693,2035811429,202.26184497315472,trunk,Queen Elizabeth Drive,False,A5
77682693,49371992,608.4554980877447,trunk,Queen Elizabeth Drive,False,A5
77682693,6720549508,183.78533796468045,primary,Lawson Street,True,B331-4
77684317,3390636008,138.27039407974019,trunk,Badulla Road,False,A5
77684317,3390634865,210.6446165839642,trunk,Badulla Road,False,A5
77684317,198476911,102.3906729357845,primary,Race Course Round Road,False,
77844809,1364596318,428.56555035158715,primary,Dharmawijaya Mawatha,False,AB8
77844809,5018474141,5444.360603624775,trunk,Badulla-Bandarawela Road,False,A16
82800337,1781355217,4316.083999311258,primary,"['Gintota Plywood Factory Road', 'Gintota-Wakwella Road']",False,B138
82800337,1093751150,8627.907151203257,secondary,"['Wakwella - Poddala Road', 'Sri Saranankara Road', 'Sandarawala - Rathgama Road']",False,
82800337,47811685,2184.0855566406253,primary,Galle-Wakwella Road,False,B130
91030247,7153699537,202.43382226570338,trunk,Galle Face Centre Road,True,A2
91030247,12564186527,25.00965603861876,trunk,Lotus Round About,True,
91030442,1280869006,349.44742022794793,primary,Lotus Road,False,AC15
91030442,3825202161,62.59419549075378,primary,Lotus Road,True,AC15
91031447,654159865,976.7360895810647,primary,"['N. H. M. Abdul Cader Mawatha', 'Sea Beach Road']",False,"['AC20', 'AC26']"
91031447,682687439,12.5829631007895,primary,N. H. M. Abdul Cader Mawatha,False,AC20
91032431,324701268,231.7990211678561,secondary,New Moor Street,True,
91032431,3816444773,282.11318779628044,secondary,"['New Moor Street', 'Dam Street']",False,
98554099,1233269765,1127.6640439851278,secondary,Imaduwa Road,False,
98554099,98554144,2551.310207965684,trunk,Deniyaya Road,False,A17
98554099,252541774,8438.220214796665,trunk,Deniyaya Road,False,A17
98554099,3492736839,11269.667251629307,primary,Yakkalamulla-Imaduwa Road,False,B238
98554144,266478204,9799.621242208215,primary,"['Weligama-Welipitiya Road', 'Welipitiya-Kananke Road']",False,B465
98554144,98554769,12228.575767434484,trunk,"['Akuressa Road', 'Deniyaya Road']",False,A17
98554144,98554099,2551.3102079656837,trunk,Deniyaya Road,False,A17
98554769,2164965693,99.23555392430535,trunk,Deniyaya Road,False,A17
98554769,98554144,12228.57576743448,trunk,"['Akuressa Road', 'Deniyaya Road']",False,A17
98554769,1231840453,9075.628777470327,trunk,"['Matara-Akuressa Road', 'Matara Road']",False,A24
102737773,2993960268,39.61124412899264,primary_link,,False,
102737773,102737884,50.55579977530333,trunk,Matara-Hambantota Road,False,A2
102737773,3256396052,39.88064403954145,trunk,Matara-Hambantota Road,False,A2
102737846,3592199657,8712.813464869054,primary,"['Pelapota-Beliatte Road', 'Tangalle-Kurundupokuna Road', 'Kadurupokuna-Pelapota Road']",False,B628
102737846,3592218007,432.4873255749472,trunk,Matara-Hambantota Road,False,A2
102737846,102737884,54.839047166000306,trunk,Matara-Hambantota Road,False,A2
102737884,102737846,54.83904716600031,trunk,Matara-Hambantota Road,False,A2
102737884,102737773,50.55579977530333,trunk,Matara-Hambantota Road,False,A2
102737884,2993960268,32.815439473935875,primary,Circular Road,False,B83
102750184,102750385,392.24121938146675,primary,Hirimbura Road,False,B128
102750184,1619271413,899.4936652410471,secondary,Kalegana - Karapitiya Road,False,
102750184,1242330004,2780.5542557910726,primary,Baddegama Road,False,B128
102750385,50767449,1439.0657590284268,secondary,Kalegana - Karapitiya Road,False,
102750385,31363877,669.2324747488146,primary,Hirimbura Road,False,B128
102750385,102750184,392.24121938146675,primary,Hirimbura Road,False,B128
103396809,1814540652,1553.1827574987992,secondary,New Road,False,
127657312,6234353218,8.22397503108211,primary,Dr. Colvin R. de Silva Mawatha (Union Place),True,
127657418,2034206245,647.9245490332594,secondary,Isipathana Mawatha,False,
127657418,127657445,208.49312650843308,secondary,Fife Road,False,
127657418,5759362469,452.46590635916215,secondary,Fife Road,False,
127657445,127657418,208.49312650843308,secondary,Fife Road,False,
127657445,1792664495,495.4558363802844,secondary,Park Road,False,
127657445,191814403,702.1934969608045,secondary,Park Road,False,
127658062,127658294,601.8424812217203,secondary,Wijerama Mawatha (McCarthy Road),False,
127658062,3185210184,575.8091767780109,primary,Ward Place,False,
127658062,3136338274,368.2109211493366,primary,Ward Place,False,
127658294,10660932931,706.6026630244243,secondary,Wijerama Mawatha (McCarthy Road),False,
127658294,127658062,601.8424812217203,secondary,Wijerama Mawatha (McCarthy Road),False,
127658294,248608270,419.7904369353131,trunk,Horton Place,False,A0
127658294,4798976659,589.0864614214894,trunk,"['Dudley Senanayake Mawatha', 'Horton Place']",False,A0
127658312,191792898,393.49623176918766,trunk,Galle Road,True,A2
127658312,618309296,225.53706916567086,secondary,Vajira Road,True,
127658568,13673393247,495.5442119271524,secondary,5th Lane,False,
127658568,3822124809,216.96755993961432,secondary,5th Lane,True,
127658568,127658599,260.11494338724026,trunk,R. A. de Mel Mawatha,True,
127658599,635079773,220.3408833489349,secondary,Alfred Place,True,
127658599,9924565829,415.4927766219641,secondary,Alfred Place,False,
127658599,2015155899,711.7713532984639,trunk,R. A. de Mel Mawatha,True,
127659606,127659819,3722.6102649687905,primary,Talduwa-Meewitigammana Road,False,B408
127659606,191856851,5453.6356650867,trunk,Yatiyantota Road,False,A7
127659606,3095525776,1381.500348793711,trunk,"['Talduwa Bridge', 'Yatiyantota Road']",False,A7
127659819,3883403618,13441.819934335448,primary,"['Gurugalla Bridge', 'Talduwa-Meewitigammana Road']",False,B408
127659819,127659606,3722.610264968791,primary,Talduwa-Meewitigammana Road,False,B408
127659819,2021573972,11743.4059676258,primary,Magmmana-Kurupetta-Daigala-Gurugalla Road,False,B603
127660871,253022345,546.0626495556236,secondary,Kirulapone Avenue,False,
127660871,2247695861,207.61067836565033,trunk,H. Sri Nassanka Mawatha (High Level Road),True,A4
127660889,635164786,231.83596410237067,secondary,Poorwarama Mawatha,False,
127660889,10771363400,480.88447920840866,trunk,High Level Road,True,A4
129605583,129606431,7471.855755998716,primary,Horana - Padukka Road,False,B123
129605583,1212770520,2630.4971084531153,trunk,Horana Road,False,A8
129605583,256663997,399.2120778133854,trunk,Horana Road,False,A8
129606431,13149927793,27.96148171658494,primary,Horana - Padukka Road,False,B123
129606431,129605583,7471.85575599872,primary,Horana - Padukka Road,False,B123
129606431,1430577735,34.42619979121272,primary,Kottawa Thalagala Road,True,B239
129607365,5366204208,40.6839968295766,primary,Galagedara - Padukka Road,False,B123
129607365,8626564846,9.810156007856122,primary,,True,
129607626,1697583653,86.62462968726685,primary,Galagedara - Padukka Road,False,B123
129607626,1723172770,464.7714684876607,trunk,High Level Road,False,A4
129607626,1697583102,61.51756094245445,trunk,High Level Road,False,A4
129610044,1150403426,872.3994120500791,primary,Hanwella Junction Road,False,B145
129610044,1150403364,1145.286693329016,trunk,High Level Road,False,A4
129610044,1697437102,5120.462948047061,trunk,High Level Road,False,A4
129615686,252542077,3875.326486650508,primary,Homagama Diyagama Road,False,B452
129615686,324918527,3208.4723944743,primary,"['Station Road', 'Homagama Athurugiriya road']",False,B452
129615686,2068162856,2043.7095440486082,trunk,High Level Road,False,A4
129615686,1430578050,1612.913534332732,trunk,High Level Road,False,A4
129615826,635164975,1975.0103667312417,trunk,High Level Road,True,A4
129615826,642867474,70.0928172002756,trunk,High Level Road,False,A4
129615869,255179552,2060.3333895063884,primary,Old Kottawa Road,False,B291
129615869,619918508,616.1506795231898,trunk,High Level Road,False,A4
129615869,619956323,1443.4758677644256,trunk,High Level Road,False,A4
129615924,1348104699,448.1800605394682,primary,Old Kesbawa Road,False,B134
129615924,250734844,1721.1619040398934,primary,Old Kesbawa Road,False,B134
129615924,9959089698,565.3707484888826,trunk,High Level Road,False,A4
129615924,2071116345,975.8163318056761,trunk,High Level Road,False,A4
129615942,9959089698,24.78476408691185,trunk,High Level Road,False,A4
129615942,651260245,33.45358333579149,trunk,High Level Road,False,A4
129615942,9959089701,27.277814330487708,primary,Pepiliyana Road,False,B389
129615942,275520231,501.9881710916891,primary,Subhadrarama Road,False,B389
129616162,10740616709,42.24177769577432,secondary,Stratford Avenue,True,
129616162,10740616716,48.97631539804752,secondary_link,,True,
129616162,10740616705,35.969304804677705,secondary,Stratford Avenue,True,
129616175,10740616731,40.0704865856173,primary,,True,B84
129616175,1978809439,407.26676346801884,primary,Dutugemunu Street,False,B84
129616175,10740616719,54.6817005484128,secondary,Sri Saranankara Road,True,
129616344,622293249,1607.3204767622683,secondary,Anderson Road,False,
129616344,208541425,561.7229950109651,primary,Hospital Road,False,B229
129616344,620401826,1464.851001474006,primary,"['Kotagama Sri Vachissara Mawatha', 'Hospital Road']",False,B229
130019052,4515020714,255.19733919850887,trunk,Galle Road,True,A2
130019052,669218019,10.967091554068391,trunk,Galle Face Roundabout,True,
130346191,652615607,2584.8772691447384,primary,"['Morris Road', 'H. K. Edmond Mawatha']",False,B109
130346191,1093698342,1963.7310919093713,primary,Labuduwa-Wanduramba Road,False,B248
130346191,6496069138,970.9703985001003,secondary,Karapitiya - Labuduwa Road,False,
130444698,1138543695,760.2431459434192,trunk,Sea Street,False,AB12/New A2
130444698,5234964214,38.147110964857845,trunk_link,,True,
130444698,47824936,45.264790783360624,trunk,Sea Street,False,AB12/New A2
130445177,1138481094,302.9117384758351,trunk,Galle Road,False,A2
130445177,130445309,235.54473613120663,trunk,Galle Road,False,A2
130445177,1138480058,2567.1793515666504,primary,Elpitiya Road,False,B14
130445309,130445177,235.54473613120663,trunk,Galle Road,False,A2
130445309,130445589,1038.946846708434,trunk,Galle Road,False,A2
130445309,1637776242,8371.188711648332,secondary,Ambalangoda -Batapola Road,False,
130445589,130445309,1038.946846708434,trunk,Galle Road,False,A2
130445589,248048875,5841.741378795209,trunk,Galle Road,False,A2
130445589,250132276,371.6312442286174,primary,Main Street,False,B49
130462216,12474497827,54.290694578918114,trunk,Anagarika Dharmapala Mawatha,False,New-A2/B535
130462216,1231879141,4202.630623823434,trunk,Matara Road,False,A2
130462216,12474497849,61.71348875571568,trunk,Kumaratunga Mawatha (Old Matara Road),False,Old-A2
138713153,1235775273,14.808550950020768,trunk,,True,
138713153,50760908,35.83405301520513,primary,Wakwella Road,True,B130
138713209,1235775279,3.4834206699965775,trunk,,True,
138713219,3379676395,18.86471055301372,trunk,,True,
138713219,5234940056,44.044767751726624,trunk,Colombo Road,True,A2
138714131,138714420,21.28524466487372,primary,Esplanade Road,True,B37
138714131,138714274,15.969235529646614,primary,,True,
138714274,44534440,6.868721713407233,primary,,True,
138714420,138714274,23.967002263363792,primary,Esplanade Road,True,B37
138714420,5182773491,92.70411689908602,primary,Esplanade Road,False,B37
150994801,621950451,1735.0015844412312,primary,Anagarika Dharmapala Mawatha (Allen Avenue),False,B11
150994801,60798033,555.5456498053705,primary,Hill Street (Dehiwela-Maharagama Road),False,B94
150994801,1533913594,634.9524372864987,primary,Hill Street (Dehiwela-Maharagama Road),False,B94
191792898,1274137038,211.96224874914438,primary,Bambalapitiya Station Road,True,
191792898,666903979,188.14636817703823,trunk,Galle Road,True,A2
191794675,9468145020,14.48651342484058,trunk,Galle Face Roundabout,True,
191794735,7081602427,297.2191736547771,trunk,Galle Face Centre Road,True,A2
191794735,191794675,12.834545931773944,trunk,Galle Face Roundabout,True,
191799826,6272039662,40.02475381936586,trunk,Ananda Coomaraswamy Mawatha,True,A0
191799826,3164371478,59.109966560918956,secondary_link,,True,
191813176,269351942,522.7423923553478,secondary,"['Inner Flower Road', ""St. Anthony's Mawatha""]",False,
191813176,635795993,219.77669526447,secondary,St. Anthony's Mawatha,True,
191813176,127658568,368.16792594438346,trunk,R. A. de Mel Mawatha,True,
191814043,253022302,13.633733403161282,secondary_link,,False,
191814043,254033158,1391.81684561428,secondary,Kirimandala Mawatha,False,
191814043,621816438,161.2859269690629,trunk,Elvitigala Mawatha,True,AC8
191814403,4513240962,26.642071708532004,secondary,Park Road,False,
191814403,127657445,702.1934969608046,secondary,Park Road,False,
191814403,4513240969,39.31178925570491,secondary_link,Park Road,True,
191816795,269351942,381.9370594635275,trunk,Sir Ernest de Silva Mawatha,False,A4
191816795,9243057496,195.48780522670108,secondary,Cambridge Place,True,
191816795,1316756516,377.91734265933064,secondary,Rajakeeya Mawatha (Race Course Avenue),True,
191849931,2035832247,959.3697632414222,primary,"[""Lady McCallum's Drive"", 'Hill Street']",False,B249
191849931,191850199,139.61849944535132,primary,Old Kandy Road (Old Bazaar Street),True,B331
191850199,2035763052,157.26426421118856,primary,Old Kandy Road (Old Bazaar Street),False,B331
191856851,3090078667,16573.736312264038,primary,"['Eheliyagoda-Dehiowita Road', 'Sudu Palama (White Bridge)']",False,B110
191856851,8169922827,868.0802294017784,trunk,Yatiyantota Road,False,A7
191856851,127659606,5453.6356650867065,trunk,Yatiyantota Road,False,A7
198476911,2035832111,757.7931254502076,primary,Race Course Round Road,False,B331-3
198476911,77684317,102.3906729357845,primary,Race Course Round Road,False,
198476911,3390636008,80.72252903123477,primary,Race Course Round Road,False,B331-3
198485623,3390658487,13068.247846064336,primary,Blackpool-Ambewela Road,False,B512
198485623,3682574805,7923.405969901732,primary,Rendapola-Ambewela Road,False,B507
198485623,10108470176,31063.741653286055,primary,"['Boralande-Ohiya Road', 'Pattipola-Horton Plains Road', 'Ambewela-Pattipola Road', 'Ohiya-Horton Plains Road']",False,"['B512', 'B508']"
198553743,4897029032,355.66881944634764,primary,Old Udapussellawa Road,False,B331
198553743,2035832311,591.3857684745093,primary,Uda Pussellawa Road,False,B332
198553743,2035845823,1199.5683777380464,primary,Uda Pussellawa Road,False,B332
198601066,3217150026,36.65761657148429,trunk,Kegalle-Bulathkohupitiya-Karawanella Road,True,A21
198601066,5153458214,2853.293179883989,trunk,Kegalle-Bulathkohupitiya-Karawanella Road,False,A21
198851718,248048875,5949.013666842821,trunk,Galle Road,False,A2
198851718,3090460083,4466.136577000102,trunk,Galle Road,False,A2
198851718,3249089698,4310.691095679701,primary,Hikkaduwa-Baddegama Road,False,B153
206594633,7037743638,10.838350411807331,secondary_link,,True,
206594633,127660871,197.84751564682773,trunk,"['H. Sri Nassanka Mawatha (High Level Road)', 'H. Sri Nassanka Mawatha (Maya Avenue)']",True,A4
206596162,2155580113,8.572884513125357,primary_link,,False,
206596162,1475773455,474.18491407964456,trunk,Negombo Road,True,A3
206597309,2155579750,8.23478760693337,primary_link,,False,
206597309,3805872958,950.760219611758,trunk,Negombo Road,True,A3
206597400,2068144084,2183.5690029322413,primary,Dehiwela Road (Dehiwela-Maharagama Road),False,B94
206597400,1737436578,587.678036027933,primary,Attidiya Road,False,B389
206597400,621909031,954.2601488191222,primary,"['Attidiya Road', 'Main Road']",False,B389
206597400,208541195,730.2720722136964,primary,Nikape Road (Dehiwela-Maharagama Road),False,B94
208541195,622293249,433.4261562379619,secondary,Pepiliyana Road,False,B389
208541195,60798033,246.4353388880612,primary,Hill Street (Dehiwela-Maharagama Road),False,B94
208541195,206597400,730.2720722136962,primary,Nikape Road (Dehiwela-Maharagama Road),False,B94
208541289,208541425,1335.7533940038124,primary,Colombo-Piliyandala-Horana Road,False,B84
208541289,9075818013,34.017029955666075,primary,Colombo-Piliyandala-Horana Road,True,B84
208541425,635855735,497.2211164117,primary,"['Stanley Thilakarathne Mawatha', 'S. De S. Jayasinghe Road']",False,B120
208541425,208541289,1335.7533940038124,primary,Colombo-Piliyandala-Horana Road,False,B84
208541425,129616344,561.7229950109652,primary,Hospital Road,False,B229
208541425,1978809439,1100.2041832431785,primary,Dutugemunu Street,False,B84
240378550,3816448619,41.142249157492905,primary,M. Vincent Perera Mawatha (Grandpass Road),False,
240378550,4422645697,766.9903285725279,primary,Stace Road,False,
240378550,4328924652,486.58756920334133,secondary,St. Joseph's Street,False,
240378559,325008951,10.086376764513217,primary_link,,False,
240378559,240378561,478.01684073878255,primary,Sirimavo Bandaranaike Mawatha (Prince of Wales Avenue),True,AC24
240378561,4814709482,24.805327691039388,primary,Sirimavo Bandaranaike Mawatha (Prince of Wales Avenue),True,AC24
240378561,4814709483,34.46407332912518,secondary,Madampitiya Road,False,
240378561,325008948,14.882875892070956,primary,Madampitiya Road,False,AB10
245519497,1446610199,25.719062035215792,trunk,Ratnapura Road,False,A8
245519497,256663997,355.8081136687123,trunk,Horana Road,False,A8
245519497,1489265551,26.30265586524626,primary,Horana-Anguruwatota Road,True,B157
245519498,256663997,743.8732404748358,primary,Sri Somananda Mawatha,True,B405
245519498,1446610199,134.17202951218877,trunk,Ratnapura Road,False,A8
245519498,253718899,371.69642207194715,trunk,Ratnapura Road,False,A8
245519512,2083588478,14175.656929120474,primary,"['Naragala Bridge', 'Nagoda-Kalawellawa-Bellapitiya Road']",False,B304
245519512,245519575,3915.448465933391,primary,Horana-Anguruwatota Road,False,B157
245519512,253718871,2548.3304010028246,primary,Horana-Anguruwatota Road,False,B157
245519575,245519747,16996.25733141605,primary,Horana-Kalutara Road,False,B224
245519575,265731258,5448.7142908617725,primary,"['Horana-Anguruwatota Road', 'Anguruwatota-Aluthgama Road']",False,B157
245519575,245519512,3915.4484659333907,primary,Horana-Anguruwatota Road,False,B157
245519747,7103753925,28.10506765894778,primary,Horana-Kalutara Road,True,B224
245519747,245519575,16996.257331416047,primary,Horana-Kalutara Road,False,B224
247139123,4109470048,1866.8839067127446,primary,Watawala Railway Station Road,False,B27-26
247139123,247139339,5319.431763175388,trunk,Hatton Road,False,A7
247139123,1190507161,703.0620367899877,trunk,Hatton Road,False,A7
247139339,4457853567,3319.5462906103544,primary,Rozella Station Road,False,B27-8
247139339,5252242488,7998.773326826268,trunk,Hatton Road,False,A7
247139339,247139123,5319.431763175384,trunk,Hatton Road,False,A7
247140202,4108748760,4187.921911825382,trunk,Talawakelle Road,False,A7
247140202,4507913122,5755.458720877075,trunk,"['Main Street', 'Talawakelle Road']",False,A7
247140202,2689283758,4862.4008430485865,primary,Nawalapitiya-Dimbula Road,False,B317
247140495,247140995,3217.2868756488383,primary,Radella Short Cut Road,False,B381
247140495,247140995,10280.07102737902,trunk,Nanu Oya Road,False,A7
247140495,3517327762,6773.409854846212,trunk,Nanu Oya Road,False,A7
247140995,247141016,875.7626020622546,trunk,"['Main Street', 'Nanu Oya Road']",False,A7
247140995,247140495,3217.286875648841,primary,Radella Short Cut Road,False,B381
247140995,247140495,10280.071027379012,trunk,Nanu Oya Road,False,A7
247141016,891638822,136.1799752303223,primary,Nanuoya Station Road,False,B27-6
247141016,247140995,875.7626020622546,trunk,"['Main Street', 'Nanu Oya Road']",False,A7
247141016,3390658487,4512.2642232096405,trunk,"['Main Street', 'Nanu Oya Road']",False,A7
247987689,3257914816,2109.743186618334,primary,Baddegama-Nayapamula-Nilhena Road,False,B153
247987689,3257848747,2171.128478761436,primary,Baddegama Road,False,B128
247987689,3257742983,1453.7251620957566,primary,"['Baddegama Road', 'Baddegama-Halpotota Road']",False,"['B128/ B153', 'B526/ B153']"
248048875,1637776242,7834.141760237001,primary,"['Batapola Road', 'Kahawa-Batapola Road']",False,B176
248048875,130445589,5841.741378795212,trunk,Galle Road,False,A2
248048875,198851718,5949.01366684282,trunk,Galle Road,False,A2
248049055,3249089698,21.009031557989335,primary,Hikkaduwa-Baddegama Road,False,B153
248049055,3257742983,5526.075236209983,primary,"['Hikkaduwa-Baddegama Road', 'Halpatota-Kurundugahahetekma Road']",False,"['B153', 'B143/ B153']"
248049055,11368215992,36.85560625183333,primary,Dodanduwa-Gonapinuwala Road,True,B106
248608270,127658294,419.7904369353131,trunk,Horton Place,False,A0
248608270,10682149773,22.102621102505,trunk,Horton Place,True,A0
248608286,3141171384,226.42068952143498,primary,Lotus Road,False,AC15
248608286,3922266713,32.97814414943439,primary_link,,True,
248608286,6498294707,30.969361284221225,primary,Lotus Road,False,AC15
250131591,4408220358,1580.6111388256156,primary,Dikwella-Beliatte Road,False,B101
250131591,33389466,4824.890602888662,trunk,Tangalle Road,False,A2
250131591,3279650333,332.73020112723333,trunk,Tangalle Road,False,A2
250131773,1745927593,621.7941951094228,primary,Meddewatte-Kekanadure-Yatiyana Road,False,B284
250131773,33389341,431.2512243866413,trunk,Tangalle Road,False,A2
250131773,2155946168,1231.615086941008,trunk,Tangalle Road,False,A2
250131881,3364860604,6.873470451487122,trunk_link,,False,
250131881,33389197,88.43481441158191,trunk,Anagarika Dharmapala Mawatha,True,New-A2/B535
250131881,1428670833,1490.722994663019,trunk,Kumaratunga Mawatha (Old Matara Road),False,Old-A2
250131908,3364860615,8.42739095440593,primary_link,,False,
250131908,1428670920,995.5033950605116,trunk,Anagarika Dharmapala Mawatha,True,New-A2/B535
250132276,130445589,371.6312442286174,primary,Main Street,False,B49
250730985,6514054696,670.291383933738,primary,Parliament Road,False,AB15
250730985,3379422351,426.3690893909475,primary,Parliament Drive,False,B531
250730985,1039407820,1065.5156662267766,primary,Parliament Road,False,AB15
250731003,3354483657,27.91280055613797,secondary,,False,
250731003,13399644563,194.5978892106902,trunk,Sri Jayewardenepura Mawatha,True,A0
250731057,635164942,179.426480782908,primary,Stanley Thilakarathne Mawatha,False,B120
250731057,3702135218,190.0222263106825,primary,Stanley Thilakarathne Mawatha,False,B120
250731057,275520231,855.5934283622536,primary,Old Kesbawa Road,False,B553
250731057,639689279,519.5818825853091,primary,Jinadasa Niyathapala Mawatha (Nawala Road),False,B307
250734529,6518088305,8.061119070428413,primary,Talawatugoda Road,False,
250734529,11141684456,47.69936676305703,secondary,Hokandara-Talawatugoda Road,False,
250734529,11141684467,43.81202275434027,primary,Pannipitiya Road,True,B47
250734844,129615924,1721.1619040398934,primary,Old Kesbawa Road,False,B134
250734844,2071116379,1942.5650214882087,primary,"['University Road', 'Sri Soratha Mawatha']",False,B316
250734844,3521510213,26.333211107144393,primary,Old Kesbawa Road,True,B134
252537325,1212770521,2896.389942744793,primary,Colombo - Horana Road,False,B84
252537325,1212770540,243.05963494960412,primary,Colombo - Horana Road,True,B84
252537345,7062428147,7.449817936364405,primary_link,,False,
252537345,256664021,1735.351606995937,primary,Colombo - Horana Road,True,B84
252537410,10170931060,420.20692376594326,primary,Kottawa-Thalagala Road,False,B239
252537410,665006631,4840.985940921968,primary,Piliyandala - Kottawa Road,False,B267
252537410,6292190479,896.4153810013162,primary,Kottawa - Horana Road,False,B239
252537800,639689279,282.35755549575936,primary,Welipara (Chandra Silva Mawatha),False,B534
252537800,618771179,1331.7676487810875,primary,Pagoda Road,False,B345
252537800,3702142136,154.6550090977355,primary,Pagoda Road,False,B345
252537863,7062380597,8.9366745363005,primary,Kirigampanuwa Road,False,B654
252537863,4955880477,6120.762767458062,primary,"['Kottawa-Mattegoda', 'Kottawa-Mattegoda Road', 'Kirigampanuwa Road']",False,B654
252537863,7062379366,893.0824548296063,primary,Colombo - Horana Road,True,B84
252538015,1348104699,907.6053353052263,secondary,Edirisinghe Road,False,
252538015,11959575861,441.4407597258954,primary,Old Kottawa Road,False,B291
252538015,255179552,820.4494619869832,primary,Old Kottawa Road,False,B291
252541774,7094563040,5308.8991060917215,secondary,Habaraduwa-Dikkumbura Road,False,
252541774,98554099,8438.220214796664,trunk,Deniyaya Road,False,A17
252541774,2434214580,1335.56575268164,trunk,"['Akuressa Road', 'Deniyaya Road']",False,A17
252542077,129615686,3875.3264866505065,primary,Homagama Diyagama Road,False,B452
252542077,254029970,6401.0386415838675,primary,"['Kottawa Thalagala Road', 'Kottawa-Thalagala Road']",False,B239
252542077,10170931056,5000.553351834471,primary,Kottawa-Thalagala Road,False,B239
253022302,191814043,13.633733403161282,secondary_link,,False,
253022302,637603462,291.7920517477329,trunk,Elvitigala Mawatha,True,AC8
253022345,127660871,546.0626495556236,secondary,Kirulapone Avenue,False,
253022345,3648987752,282.9461505988078,trunk,Kirulapone Avenue,True,
253022446,61802472,13.49750485977417,primary_link,,False,
253022446,1131882974,42.37692507156396,primary,Avissawella Road,False,B435
253022446,4422642586,45.79910257605009,trunk,Dr. Danister de Silva Mawatha,True,A1
253022456,324997824,725.6829789979121,trunk,"['New Kelani Bridge Road', 'New Kelani Bridge']",True,A1
253022458,61802550,91.71931429718965,primary_link,,True,
253022458,1431441535,117.36681790209214,trunk,"['New Kelani Bridge Road', 'Baseline Road']",True,A1
253022461,253022458,672.5635543445587,trunk,"['New Kelani Bridge Road', 'New Kelani Bridge']",True,A1
253022461,2499048594,518.8297656524343,trunk,Approach Road to Katunayake Expressway,False,
253026193,10902062124,8.387006092035197,primary_link,,True,
253026193,10902062114,1313.0814292000543,primary,Marine Drive,True,
253026210,253026193,454.48043523434785,primary,Marine Drive,True,
253026210,13673566348,1650.602111512711,primary,Marine Drive,False,
253718871,253718899,533.7800347602157,primary,Sri Aryawilasha Road,False,B404
253718871,245519512,2548.3304010028246,primary,Horana-Anguruwatota Road,False,B157
253718871,1489265551,404.72447233928904,primary,Horana-Anguruwatota Road,False,B157
253718899,253718871,533.7800347602158,primary,Sri Aryawilasha Road,False,B404
253718899,1796922853,13020.355516633577,trunk,Ratnapura Road,False,A8
253718899,245519498,371.69642207194715,trunk,Ratnapura Road,False,A8
253721036,11141684469,3386.9437815227507,primary,Pannipitiya Road,True,B47
254029970,11035177227,1547.2575661854967,primary,Kottawa Thalagala Road,False,B239
254029970,252542077,6401.038641583865,primary,"['Kottawa Thalagala Road', 'Kottawa-Thalagala Road']",False,B239
254029970,1430578050,6807.920699905481,secondary,Pitipana-Thalagala Road,False,
254033158,672817127,980.2403423299361,primary,Nawala Road,False,B470
254033158,3340955134,1656.1405936468736,primary,Nawala Road,False,B470
254033158,191814043,1391.8168456142798,secondary,Kirimandala Mawatha,False,
254365532,7062229418,9.46728281030491,primary_link,,False,
254365532,1691828074,298.9065732505173,primary,Colombo - Horana Road,True,B84
255040405,1908190206,61.61043087107734,trunk,,True,
255040405,3610863709,21.322305070355146,primary_link,,True,
255179552,252538015,820.4494619869831,primary,Old Kottawa Road,False,B291
255179552,129615869,2060.333389506388,primary,Old Kottawa Road,False,B291
255179552,255179558,197.07475791204743,primary,Madiwela Road,False,B530
255179558,255179593,1730.4614758571352,secondary,Madiwela Road,False,
255179558,2152938672,2123.886706791074,primary,"['Temple Road', 'New Hospital Road']",False,"['B530', 'AB5']"
255179558,255179552,197.07475791204746,primary,Madiwela Road,False,B530
255179593,255179558,1730.4614758571352,secondary,Madiwela Road,False,
255179593,6514093427,2323.672115048919,primary,Talawatugoda Road,False,B368
255179593,3804176571,547.748672613622,primary,Talawatugoda Road,False,B368
255361132,1278079713,9.40102005936633,secondary,Dr. C. W. W. Kannangara Mawatha (Alexandra Place),True,
255361132,3893909450,42.5050719475592,secondary,F. R. Senanayake Mawatha,True,
256663997,129605583,399.2120778133854,trunk,Horana Road,False,A8
256663997,245519497,355.8081136687123,trunk,Horana Road,False,A8
256664021,7062428087,7.560944382935574,primary_link,,False,
256664021,10308315023,206.97398742600825,primary,Colombo - Horana Road,True,B84
256664026,6260384168,27.32539578621904,primary,Pepiliyana Road,False,B389
256664026,1737485408,7.299612486563555,primary,Pepiliyana Road,False,B389
256664026,9075842358,31.411765098925613,primary,Colombo-Piliyandala-Horana Road,True,B84
256823957,6719733717,17.814889581236894,primary,Pelawatte Road,True,B47
256823957,3404831124,10.473609978780202,primary,Kaduwela Road (New Kandy Road),False,B240
256823957,3354710539,17.243378200572835,primary,Kaduwela Road (New Kandy Road),False,B240
257673145,3498479745,1175.584977626842,primary,Colombo - Horana Road,False,B84
257673145,3570836882,984.2364120450226,primary,Colombo - Horana Road,False,B84
257673145,4019531402,606.3712934551841,primary,Piliyandala - Kottawa Road,False,B267
257673162,665006657,608.0686913358858,primary,Piliyandala - Kottawa Road,False,B267
257673162,3498455049,43.597431980422634,primary,Piliyandala - Kottawa Road,True,B267
257926216,5693657962,63.216586126728835,trunk,Sri Dalada Veediya,False,A1
257926316,1909546344,19422.980965211147,"['primary', 'secondary']","['Thalathuoya - Moragolla Road', 'Kandy - Ampitiya - Thalatuoya Road', 'Ampitiya - Thalatuoya Road', 'Kandy - Thalathuoya - Moragolla Road', 'Ampitiya Road', 'Moragolla Road']",False,B195
257926316,4004597816,1553.0264253905827,primary,Sangaraja Mawatha,False,B518
257926316,5375634189,146.63008105703068,primary,Sangaraja Mawatha,False,B195
257927955,13671920564,825.4672034550925,primary,"['Gedige Vihara Mawatha', 'Adahanamaluwa Road']",False,B70
257927955,4019244692,102.95852853786691,primary,Gedige Vihara Mawatha,True,B70
258025225,2019733995,16556.98026210986,"['primary', 'secondary']","['Sigiriya Road', 'Illukwewa-Sigiriya Road', 'Moragaswewa-Illukwewa Road']",False,"['B294', 'B162']"
258025225,3213759120,18362.741077875224,trunk,Habarana-Trincomalee-Batticaloa Road,False,A11
258025225,3557474353,2254.092448554568,trunk,Habarana-Trincomalee-Batticaloa Road,False,
258025517,258057404,3440.189232094135,primary,Dambulla-Bakamuna-Kalagahawela Road,False,B615
258025517,1651774036,280.2920990150264,trunk,Kandy-Jaffna Road,False,A9
258025517,258049598,17026.085197342418,trunk,Kandy-Jaffna Road,False,A9
258029156,258029159,424.8171791821777,trunk,Gampola Road,False,A5
258029156,258029175,112.73482127975241,trunk,Sirimavo Bandaranaike Mawatha (Peradeniya Road),False,A1
258029156,35436490,192.3141594243405,trunk,Colombo Road,False,A1
258029159,258029156,424.8171791821777,trunk,Gampola Road,False,A5
258029159,2078331482,446.09821529029574,trunk,Penideniya Road,False,A5
258029159,263179584,2315.6477494413402,primary,Prof. E. O. E. Pereira Mawatha,False,AB37
258029175,258029156,112.73482127975241,trunk,Sirimavo Bandaranaike Mawatha (Peradeniya Road),False,A1
258029175,3033937981,337.39670291247495,trunk,Sirimavo Bandaranaike Mawatha (Peradeniya Road),True,A1
258030081,10771363401,28.352313689079345,trunk,High Level Road,True,A4
258030081,4582456531,679.8829698243587,trunk,High Level Road,False,A4
258049265,1836349438,82.20928993333027,secondary,Old Matale Road,True,B007
258049265,258049267,112.7432418149035,trunk,Matale Road,False,A9
258049265,3616502607,6985.746955928247,trunk,Matale Road,False,A9
258049267,258049265,112.74324181490347,trunk,Matale Road,False,A9
258049267,1727358941,2671.0327318817626,trunk,Matale Road,False,A9
258049379,3662474367,43.04168653218087,trunk,Kandy Road,True,A9
258049379,3620006922,2092.542833539106,trunk,Kandy Road,False,A9
258049381,258049396,1173.1046025132343,primary,King Street,True,B194
258049381,2083007820,79.6258148428456,trunk,Kandy Road,False,A9
258049396,258049381,1169.287596475904,trunk,Main Street (Trincomalee Street),True,A9
258049396,1980552001,410.0093253799701,trunk,Kandy-Jaffna Road,False,A9
258049453,3710121977,20137.30721149442,trunk,"['Kandy-Jaffna Road', 'Nalanda Oya Bridge']",False,A9
258049453,1980552001,5588.810016391812,trunk,Kandy-Jaffna Road,False,A9
258049453,2093606557,2419.225999703537,primary,Palapathwela-Galewela Road,False,B346
258049598,258025517,17026.085197342407,trunk,Kandy-Jaffna Road,False,A9
258049598,3710121977,1454.4645205201195,trunk,Kandy-Jaffna Road,False,A9
258049598,568948837,22013.267089311208,primary,Naula-Elahera Road,False,B312
258051365,3379422351,471.97805392128737,primary,Parliament Approach,False,B532
258053453,2122125311,25.297607468699663,primary,Nawala Road,True,B470
258053453,6230885416,102.74331506360572,trunk,Sri Jayewardenepura Mawatha,True,A0
258057404,896199017,14470.75573262069,"['primary', 'secondary']",Kandalama Road,False,B561
258057404,5075907972,19495.83712237785,primary,Dambulla-Bakamuna-Kalagahawela Road,False,B615
258057404,258025517,3440.189232094136,primary,Dambulla-Bakamuna-Kalagahawela Road,False,B615
258523315,4082665360,12820.304141652696,secondary,Polonnaruwa - Hingurakgoda Road,False,B552
258523315,258523345,1038.2913580164536,trunk,Habarana-Polonnaruwa-Batticaloa Road,False,A11
258523315,1241520120,10728.042220751511,trunk,"['Habarana-Trincomalee-Batticaloa Road', 'Habarana-Polonnaruwa-Batticaloa Road']",False,A11
258523345,258523315,1038.2913580164534,trunk,Habarana-Polonnaruwa-Batticaloa Road,False,A11
258523345,7734473410,478.1119995077374,trunk,Habarana-Polonnaruwa-Batticaloa Road,True,A11
258523358,7734473410,8.112740882503802,secondary,Galthambarawa Road,False,
258523358,258523345,478.12973930488323,trunk,Habarana-Polonnaruwa-Batticaloa Road,True,A11
259648440,3340914298,12.315723729297778,trunk,Slave Island Police Round About,True,
259648460,599137149,599.1739354536548,secondary,Perahera Mawatha,False,
259648460,6258386258,901.3383872089437,trunk,Sir James Peiris Mawatha,False,A4
259648460,3164393649,256.2575304207621,trunk,Sir James Peiris Mawatha,False,A4
263155120,3591084262,3715.249965668689,trunk,Kandy Road,False,A5
263155120,263155217,3477.853123480265,trunk,Kandy Road,False,A5
263155120,3756752965,3838.7515245880572,secondary,Weligalla-Ganhata Rd,False,
263155217,3237453500,4190.240144400992,primary,Gelioya-Embekke Road,False,B135
263155217,263155120,3477.853123480265,trunk,Kandy Road,False,A5
263155217,263179584,3014.0291505740593,trunk,Kandy Road,False,A5
263179584,1855322535,1680.9618925720654,trunk,Meewatura Road,False,A5
263179584,258029159,2315.647749441341,primary,Prof. E. O. E. Pereira Mawatha,False,AB37
263179584,263155217,3014.0291505740597,trunk,Kandy Road,False,A5
265731258,445265132,3237.6984444080595,primary,Narthupana-Warakagoda Road,False,B310
265731258,445265132,8405.111506639576,primary,"['Horana Road', 'Anguruwatota-Aluthgama Road']",False,B157
265731258,245519575,5448.7142908617725,primary,"['Horana-Anguruwatota Road', 'Anguruwatota-Aluthgama Road']",False,B157
266478204,98554144,9799.621242208208,primary,"['Weligama-Welipitiya Road', 'Welipitiya-Kananke Road']",False,B465
266478204,1500297617,1312.906419835463,primary,Akuressa Road,False,B466
266478204,1181395693,888.6770963271337,primary,"['Akuressa Road', 'Galbokka Road']",False,B466
266907986,13167532340,24.07136882268197,primary,Independence Avenue,True,AC1
266907986,619188579,77.43218554446449,secondary,Philip Gunawardena Mawatha,True,
268931354,1792664495,24.081835659985433,trunk,Sri Sambuddhatwa Jayanthi Mawatha (Havelock Road),False,A4
268931354,3742192428,446.37725723287906,trunk,Sri Sambuddhatwa Jayanthi Mawatha (Havelock Road),True,A4
268931537,618771179,837.7888849586749,primary,Kotte Road,False,B120
268931537,618771321,110.6292523410878,primary,Kotte Road,True,B120
268931740,60797501,633.8725195311584,secondary,Maitland Place,True,
268931740,3822138405,14.893331872990949,secondary,Maitland Place,False,
269202453,3191464509,158.50427519833346,secondary,Dr. C. W. W. Kannangara Mawatha (Alexandra Place),True,
269202453,3355393382,23.589783503531745,trunk,Alexandra Roundabout,True,A0
269202456,3355393361,6.311465138196319,trunk,Alexandra Roundabout,True,A0
269351924,7037743640,25.5308195199906,primary,Pamankada Road,True,AC21
269351924,9547857711,297.35103860160433,primary,Pamankada Road,False,AC21
269351942,6524681178,291.3436336561913,trunk,Sir Ernest de Silva Mawatha,False,A4
269351942,191816795,381.9370594635275,trunk,Sir Ernest de Silva Mawatha,False,A4
269351942,191813176,522.7423923553478,secondary,"['Inner Flower Road', ""St. Anthony's Mawatha""]",False,
270333418,5220461443,11.123863847951455,secondary_link,,True,
270333418,6233418792,946.9921085938674,primary,"['Gnanartha Pradeepaya Road', 'P. de S. Kularatne Mawatha']",True,AC19
270333419,270333418,45.71836870850207,secondary,Ananda Rajakaruna Mawatha (Campbell Place),True,
270333419,270333433,220.49644922461613,secondary,Ananda Rajakaruna Mawatha (Campbell Place),False,
270333433,618534074,1171.5494710408684,secondary,Sri Dhamma Mawatha (Campbell Avenue),False,
270333433,270333419,220.49644922461613,secondary,Ananda Rajakaruna Mawatha (Campbell Place),False,
270333433,6524306631,376.9326819750181,secondary,Ananda Rajakaruna Mawatha (Campbell Place),False,
275517837,618771188,2203.792231698122,primary,Kotte Road,False,B120
275517837,6947814999,180.3933549470169,primary,Kotte Road,True,B120
275517851,663702778,184.2274226723783,trunk,Sri Jayewardenepura Mawatha,True,A0
275520231,1348104699,436.5408312659377,primary,Old Kesbawa Road,False,B134
275520231,4580840142,662.7766220895393,primary,Rathmalana-Mirihana Road,False,B389
275520231,129615942,501.988171091689,primary,Subhadrarama Road,False,B389
275520231,250731057,855.5934283622536,primary,Old Kesbawa Road,False,B553
281864258,10771363401,332.7725404765413,secondary,Balapokuna Road,False,
281864258,1978809439,456.1077661034963,secondary,Balapokuna Road,False,
281864258,12741337237,439.11367739888686,secondary,Robert Gunawardena Mawatha,False,
291672423,6519129900,5095.44545566828,"['primary', 'secondary']",Piliyandala-Maharagama Road,False,B367
291672423,3803845891,1556.0548059529608,primary,Piliyandala-Maharagama Road,False,B367
291672423,665006631,628.7913737347487,primary,Kesbewa-Kosgaha Handiya Road,False,B510
292783948,2155584783,11.267299292826687,primary_link,,False,
292783948,403881177,560.7916894835016,trunk,Negombo Road,True,A3
308865192,2087539072,42162.78767443228,secondary,Palavi-Kalpitiya Road,False,B349
308865192,1731568828,24070.41696244744,trunk,Colombo-Puttalam Road,False,A3
308865192,1731470195,204.09668458036734,trunk,Colombo-Puttalam Road,False,A3
309033787,309033793,984.3944874525686,primary,Avissawella Bypass Road,False,AB45
309033787,1797964206,26.246074393611742,primary,Avissawella Bypass Road,False,AB45
309033793,309033787,984.3944874525682,primary,Avissawella Bypass Road,False,AB45
309033793,3510278658,663.2803121137661,trunk,Ratnapura Road,False,A4
309033793,3090078667,12430.393449969244,trunk,Colombo-Ratnapura Road,False,A4
309913698,59947552,188.5037182854395,trunk,Matara Road,False,A2
309913698,3081634094,141.90421076674986,trunk,Matara Road,True,A2
310845638,12856077378,9.10364331060924,secondary,Rahula Road,False,
310845638,1428668275,170.72509458883582,primary,Matara-Hakmana Road,True,B275
310860950,3937837818,2890.6165700517217,trunk,Colombo Road,False,A4
310860950,5303300108,128.13252458552097,trunk,Colombo Road,False,A4
310860950,1797858594,17821.801188926314,trunk,Ratnapura Road,False,A8
310863031,2152800310,15.928074876251738,trunk,Pelmadulla-Embilipitiya Road,True,A18
310863031,2152800385,11.970439188541802,trunk,,True,
311128308,1094458277,1538.1200264014954,trunk,Galle Road,False,A2
311128308,1138480331,13.811689563362455,trunk,Galle Road,False,A2
312920246,403881177,1155.9739459657064,primary,St. Joseph's Street,False,B407
312920246,639200159,257.04275505761996,secondary,Green's Road,False,
312920246,313236260,331.30839943833865,primary,St. Joseph's Street,False,B407
312920246,1683204299,1833.3757278754235,primary,Arch Bishop Nicholas Marcus Fernando Mawatha,False,B246
313236260,639200159,281.4120393731391,primary,Rajapaksa Broadway,False,B27-21
313236260,1147858863,360.36768261310795,primary,"['Custom Road', ""St. Joseph's Street""]",False,B407
313236260,312920246,331.30839943833865,primary,St. Joseph's Street,False,B407
313236265,639204465,230.5068209863805,primary,Main Street,False,B261
313236265,313236286,100.18284137987898,primary,Main Street,False,B261
313236265,639200159,164.51786949212777,secondary,Green's Road,False,
313236286,4087081915,1165.1995732218975,primary,Chilaw Road,False,B78
313236286,1147858863,1000.3500777305392,primary,"['Custom Road', 'Main Street']",False,"['B407', 'B261']"
313236286,313236265,100.18284137987898,primary,Main Street,False,B261
313236388,1365357696,2912.3458484598737,primary,Poruthota Road,False,B241
313403915,2506020933,1034.4721082185386,primary,Pamunugama Road,False,B425
313403915,403899928,2316.1342944955773,primary,Pamunugama Road,False,B425
313403915,403899889,387.88009237404157,primary,,False,
313407297,6688367855,7.49515150092282,trunk_link,,False,
313407297,1478609150,149.09675031404842,trunk,Colombo-Puttalam Road,True,A3
313410279,5904513428,12.898501304277588,secondary,,False,
313410279,324701268,698.828998761004,secondary,"['New Moor Street', 'M. J. M. Lafir Mawatha (Messenger Street)']",False,
313410279,5904513432,173.6494095966541,primary,Sri Sumanatissa Mawatha (Armour Street),True,AC30
313411158,3187866785,606.2991567392536,secondary,Port Access Road,True,
313411158,3187821074,347.03951984451624,secondary,Wharf Road,False,
313411340,5904513255,622.518542919588,primary,George R. de Silva Mawatha,True,AC11
313411340,3186396762,375.2208938608147,primary,Srimath Ramanadhan Mawatha,False,AC23
313411340,653145822,2098.808398715891,primary,"['H. Joe Perera Mawatha (Aluthmawatha Road)', 'Srimath Ramanadhan Mawatha', 'Aluthmawatha Road']",False,
323506737,621190877,4240.663921192554,secondary,Chandrika Kumarathunga Mawatha,False,
323506737,2620521080,951.7991127148316,primary,Kaduwela Road (New Kandy Road),False,B263
323506737,617228235,1081.9120418475313,primary,Kaduwela Road (New Kandy Road),False,B263
324701268,313410279,698.8289987610041,secondary,"['New Moor Street', 'M. J. M. Lafir Mawatha (Messenger Street)']",False,
324918527,619742609,1220.4606143250417,primary,Sri Gnanawimala Mawatha,False,B451
324918527,2710652547,751.2796332600668,secondary,Athurugiriya-Kottawa Road,False,
324918527,598715826,3993.5267671295933,secondary,Athurugiriya-Kottawa Road,False,
324918527,129615686,3208.472394474301,primary,"['Station Road', 'Homagama Athurugiriya road']",False,B452
324965926,324965995,7.974840389825981,primary_link,,False,
324965926,674898973,3725.4634619219146,primary,Veyangoda-Nittambuwa Road,False,B445
324965926,50366409,335.93607758906705,trunk,Colombo-Kandy Road,False,A1
324965995,324965926,7.974840389825981,primary_link,,False,
324965995,617970086,2727.0905774818903,primary,Nittambuwa-Urapola-Ruwanwella Road,False,B445
324965995,7786917078,1186.9587842830904,trunk,Colombo-Kandy Road,True,A1
324965995,50366409,330.9629780008951,trunk,Colombo-Kandy Road,False,A1
324966462,7786917078,9.231544453480433,secondary,Wathupitiwala Road,False,
324966462,324965926,1178.8439838067054,trunk,Colombo-Kandy Road,True,A1
324969585,7621986814,10.467116815179274,trunk_link,,False,
324969585,7621971271,1103.290147613051,trunk,Colombo-Kandy Road,True,A1
324982229,1840750859,19.462997424023193,primary,,False,B168
324982229,3345071366,56.699471097583185,primary,,False,B168
324982229,1645495724,180.9301246576954,primary,Ragama-Kadawatha Road,False,B168
324985529,621139685,304.64044670752804,primary,Kiribathgoda-Makola-Sapugaskanda Road,True,B221
324985529,637858647,2319.319360683381,primary,Kiribathgoda-Makola-Sapugaskanda Road,False,B221
324988637,3864419806,6.953611012969262,trunk,Colombo-Kandy Road,True,A1
324988637,3816390091,42.30258813929482,primary,Kiribathgoda-Makola-Sapugaskanda Road,True,B221
324988797,3478551526,203.24566777709612,trunk,Colombo-Kandy Road,True,A1
324994643,733573148,9.59349138343391,primary_link,,False,
324994643,1438094658,2644.724574387692,primary,Kiribathgoda-Hunupitiya Road,False,B220
324994643,844679704,170.09537465327364,trunk,Colombo-Kandy Road,True,A1
324997495,4476504845,11.941262843550632,trunk_link,,False,
324997495,635895564,3324.9078762764184,primary,Waragoda Road,False,B215
324997495,621175136,1541.3715999887975,trunk,"['Kelani Railway Flyover', 'Colombo-Kandy Road']",True,A1
324997506,3431855628,410.8338573545063,trunk,Colombo-Kandy Road,True,A1
324997824,324998173,49.27216465722033,trunk,Colombo-Kandy Road,True,A1
324997824,6721834897,220.09719118835605,trunk,Approach Road to Katunayake Expressway,False,
324998173,2499137348,55.80395655126346,trunk,Colombo-Kandy Road,True,A1
324998173,1924772358,690.6233762159105,primary,Parakrama Road (Old Kandy Road),False,B336
325000016,621175136,10.077196894957165,primary_link,,False,
325000016,4476504845,1538.9042273151547,trunk,"['Kelani Railway Flyover', 'Colombo-Kandy Road']",True,A1
325000016,325011481,1147.4491657769986,primary,New Nuge Road,False,B546
325003402,1924772358,61.03024758348499,trunk,Kandy Road,True,A3
325003402,3664895152,38.18966555579974,trunk,Nawaloka Roundabout,True,
325008948,4814710055,18.865235504796253,primary,Sirimavo Bandaranaike Mawatha (Prince of Wales Avenue),True,AC24
325008948,4814710056,18.595608946445612,primary,Madampitiya Road,False,AB10
325008948,240378561,14.882875892070956,primary,Madampitiya Road,False,AB10
325008951,240378559,10.086376764513217,primary_link,,False,
325008951,5058440381,388.8770649928638,primary,Sirimavo Bandaranaike Mawatha (Prince of Wales Avenue),True,AC24
325009601,1924772358,374.710984261841,trunk,Kandy Road,False,A3
325009601,3431855608,50.28899397069773,trunk,Kandy Road,True,A3
325011481,4426797157,8.037008920490354,primary_link,,False,
325011481,325000016,1147.4491657769981,primary,New Nuge Road,False,B546
325011481,3664895156,339.19568810630165,trunk,Negombo Road,True,A3
374112182,5212489397,13.142430932678266,secondary,Rahula Road,False,
374112182,1231840826,305.4490382626397,trunk,Akuressa Road,True,A24
376763058,12856077364,10.26624679939554,secondary,Kumaradasa Mawatha,False,
376763058,310845638,489.54870433048706,primary,Matara-Hakmana Road,True,B275
376774340,3634858930,2146.1892659691853,primary,Matara-Hakmana Road,False,B275
376774340,1932027734,590.0517511269078,primary,Matara-Hakmana Road,False,B275
376774340,5041222126,4332.921915415197,primary,Kamburupitiya-Kirinda Road,False,B536
388268117,2605754835,1141.5788694308828,primary,Belliatte-Weeraketiya Road,False,B627
388268117,4761516411,2981.6666705025855,primary,Belliatte-Weeraketiya Road,False,B627
388268117,3234257841,2405.545543565435,secondary,,False,
403816151,1131882974,40.93341667018825,primary,Avissawella Road,False,B435
403816151,403816157,325.6557826283215,primary,Avissawella Road,False,B435
403816157,403816162,617.5336499292765,primary,Orugodawatta Flyover,True,B435
403816157,403816151,325.6557826283215,primary,Avissawella Road,False,B435
403816162,403816178,1225.3123212894434,primary,Avissawella Road,False,B435
403816162,403816157,611.5227506723593,primary,Orugodawatta Flyover,True,B435
403816178,2131864627,593.8323449732533,primary,Weerasingha Mallimarachchi Mawatha (Kolonnawa Road),False,B96
403816178,2760582892,2122.57787239875,primary,Avissawella Road,False,B435
403816178,403816162,1225.3123212894434,primary,Avissawella Road,False,B435
403816197,13653585411,806.2321870332861,primary,Sri Sumana Mawatha,False,B644
403816197,403816206,2184.730206705249,primary,Avissawella Road,False,B435
403816197,2760582907,1029.5811037178219,primary,Avissawella Road,False,B435
403816197,3166543427,1602.7634095718654,primary,Mulleriyawa Hospital Road,False,B644
403816206,13653585418,2561.082428110524,primary,Ambatale Road,False,AB10
403816206,403816197,2184.730206705249,primary,Avissawella Road,False,B435
403816206,621190877,101.5230364894683,primary,Avissawella Road,False,AB10
403841655,403841727,2318.365169328578,primary,Avissawella Road,False,AB10
403841655,619742402,5870.80036173852,primary,Avissawella Road,False,AB10
403841655,619880027,7672.962495188527,secondary,Habarakada-Ranala Road,False,
403841727,1150403426,3442.575372848937,primary,Avissawella Road,False,AB10
403841727,403841655,2318.3651693285783,primary,Avissawella Road,False,AB10
403841727,1778845290,6540.285463716861,primary,Panagoda-Ambulgama Road,False,B354
403841840,403841847,790.9255387060099,primary,Biyagama Road,False,B214
403841840,3603503553,1107.5113438047972,primary,Biyagama Road,False,B214
403841840,621150239,3230.8071830340655,primary,Mabima Road,False,B254
403841847,3491079318,3006.5064412537376,primary,"['Pattiwila-Makola Road', 'Kiribathgoda-Makola-Sapugaskanda Road']",False,"['B221', 'B362']"
403841847,635895564,4438.736315482228,primary,Biyagama Road,False,B214
403841847,403841840,790.9255387060099,primary,Biyagama Road,False,B214
403874494,2760582902,1152.68379729865,primary,Welikada-Kohilawatte Road,False,B469
403874494,4814710056,4714.907038742492,primary,"['Sedawatta Road', 'Madampitiya Road', 'Ambatale Road']",False,AB10
403874494,733606450,1199.9988898414135,primary,Ambatale Road,False,AB10
403874820,4678368699,47.9010844278777,primary,Kolonnawa Road,True,B96
403874820,2131864639,843.6783842647727,primary,"['Kolonnawa Road', 'Weerasingha Mallimarachchi Mawatha (Kolonnawa Road)']",False,B96
403875011,635914018,993.5630711967957,trunk,Dr. Danister de Silva Mawatha (Baseline Road),True,AC5
403875117,635166180,198.48808538709505,primary,Old Kotte Road,False,B62
403875117,5007247077,2936.273115934755,primary,Buthgamuwa Road,False,B469
403875117,4056840093,60.06511192715665,primary,Old Kotte Road,False,B62
403875118,275517851,830.0918834172778,trunk,Sri Jayewardenepura Mawatha,True,A0
403875119,4056840093,22.357500738050586,primary,Old Kotte Road,False,B62
403875119,403875118,49.21505362593668,primary,Old Kotte Road,True,B62
403881177,1268335758,10.438006220019329,primary,,False,
403881177,312920246,1155.9739459657064,primary,St. Joseph's Street,False,B407
403881177,2064203704,1064.8396916799315,trunk,Negombo Road,True,A3
403881228,403881262,2407.459537136494,primary,Negombo-Giriulla Road,False,B322
403881228,4316825579,1886.636131765443,primary,Negombo-Mirigama Road,False,B324
403881228,2155584835,1990.585094789958,primary,Negombo-Giriulla Road,False,B322
403881262,403881289,2732.292805267489,primary,Negombo-Giriulla Road,False,B322
403881262,403881228,2407.4595371364935,primary,Negombo-Giriulla Road,False,B322
403881262,4316825579,1330.9912391735807,primary,Baseline Road,False,B597
403881289,403881294,738.2995730375474,primary,Negombo-Giriulla Road,False,B322
403881289,403881262,2732.2928052674893,primary,Negombo-Giriulla Road,False,B322
403881289,2375441056,5042.0736806496425,primary,Welihena-Katana Road,False,B468
403881294,403881317,3998.481083057742,primary,Negombo-Giriulla Road,False,B322
403881294,403881289,738.2995730375474,primary,Negombo-Giriulla Road,False,B322
403881294,617812791,2505.7014007316484,primary,Minuwangoda-Miriswatta-Katana Road,False,B289
403881317,1261568353,6558.322966877619,primary,Negombo-Giriulla Road,False,B322
403881317,403881294,3998.4810830577408,primary,Negombo-Giriulla Road,False,B322
403881317,4693290694,9199.549557883356,primary,Madampalla Road,False,B228
403899731,2155579905,9.458072900644693,primary_link,,False,
403899731,206596162,2976.385608115868,trunk,Negombo Road,True,A3
403899740,6540645130,8.87141576963267,primary,Hendala Road,False,B151
403899740,6537339896,2619.703003002541,primary,Hendala Road,False,B151
403899740,8112505448,2973.6727650321686,trunk,Negombo Road,True,A3
403899785,4426787286,8.431178958479983,primary_link,,False,
403899785,403899801,1465.1136006418053,primary,"['Hekitta Road', 'Hekitta Bridge']",False,B459
403899785,3577871618,507.9508578010118,trunk,Negombo Road,True,A3
403899801,403899785,1465.1136006418053,primary,"['Hekitta Road', 'Hekitta Bridge']",False,B459
403899801,6537358006,63.681423826739355,primary,Hekitta Road,True,B459
403899823,403899962,2210.052991530883,primary,Canal Road,False,B152
403899823,2142265829,1483.8278107487192,primary,Canal Road (New Negombo Road),False,B152
403899823,403899879,5173.681207608167,primary,Pamunugama Road (New Negombo Road),False,B596
403899879,403899881,315.0801722384471,primary,,False,
403899879,403899928,2865.077679457494,primary,Pamunugama Road (New Negombo Road),False,B596
403899879,403899823,5173.681207608166,primary,Pamunugama Road (New Negombo Road),False,B596
403899881,403899889,701.3127112077,primary,,False,
403899881,403899879,315.0801722384472,primary,,False,
403899881,403899962,2715.1483592031063,secondary,Canal Road,False,
403899889,403899962,3722.135720788183,secondary,"['Bopitiya Kandana Road', 'Nugape Road', 'Bopitiya – Kandana Road']",False,
403899889,313403915,387.88009237404157,primary,,False,
403899889,403899881,701.3127112077,primary,,False,
403899928,403899879,2865.0776794574945,primary,Pamunugama Road (New Negombo Road),False,B596
403899928,1147858863,14517.199847551927,primary,"['Negombo Road', 'St. Nicholas Road', 'Pamunugama Road']",False,B425
403899928,313403915,2316.134294495577,primary,Pamunugama Road,False,B425
403899962,403899889,3722.135720788183,secondary,"['Bopitiya Kandana Road', 'Nugape Road', 'Bopitiya – Kandana Road']",False,
403899962,403899823,2210.0529915308834,primary,Canal Road,False,B152
403899962,403899881,2715.1483592031063,secondary,Canal Road,False,
445260233,1980566521,10235.10778511849,primary,Warakapola-Anguruwella Road,False,B457
445260233,2087261005,1774.1057364962817,trunk,"['Kegalle-Bulathkohupitiya-Karawanella Road', 'Warawala New Bridge']",False,A21
445260233,5153458215,1797.4039743232447,trunk,Kegalle-Bulathkohupitiya-Karawanella Road,False,A21
445260245,3927772231,39.23675973719965,primary,Galigamuwa-Ruwanwella Road,True,B127
445260245,2015279496,6499.846239001021,primary,Galigamuwa-Ruwanwella Road,False,B127
445265132,265731258,3237.698444408061,primary,Narthupana-Warakagoda Road,False,B310
445265132,265731258,8405.111506639578,primary,"['Horana Road', 'Anguruwatota-Aluthgama Road']",False,B157
445265132,3210113789,1820.2323278239999,primary,Horana Road,False,B157
445265578,445270465,139.2664492166294,secondary,,False,
445265578,560221970,13882.291927960008,primary,Katukurunda-Neboda Road,False,B207
445265578,3210113789,72.61726681567106,primary,Katukurunda-Neboda Road,False,B207
445270465,445265578,139.2664492166294,secondary,,False,
445270465,6294540739,9149.10949585274,primary,Horana Road,False,B157
445270465,3210113789,85.91435569480456,primary,Horana Road,False,B157
445969634,3591964802,15.232435503127205,trunk,Colombo-Kandy Road,False,A1
445969634,570766494,7497.275335918363,trunk,Colombo-Kandy Road,False,A1
445970143,4929241610,545.6090534528324,trunk,Colombo-Kandy Road,False,A1
445970143,3219914093,1127.1254738856012,trunk,Colombo-Kandy Road,False,A1
445970143,3220016719,5105.471343741266,primary,Paragammana-Ekiriyagala-Meepitiya Road,False,B600
560221118,6294406153,42.253451738045435,primary,Ratnapura Road,True,B421
560221118,1994843650,2285.917828078969,primary,Ratnapura Road,False,B421
560221199,1994725664,19660.77587225938,primary,Ratnapura Road,False,B421
560221199,1994843650,5389.538007773969,primary,Ratnapura Road,False,B421
560221199,3369556773,11725.599192703461,primary,Molkawa Road,False,B584
560221964,600669265,447.12952283670876,primary,Katukurunda-Neboda Road,False,B207
560221964,2280537322,924.6155144434972,primary,Katukurunda-Neboda Road,False,B207
560221964,4059337439,3418.4017780645095,primary,Gallassa Road,False,B302
560221970,445265578,13882.291927960008,primary,Katukurunda-Neboda Road,False,B207
560221970,600669265,1227.6577224233306,primary,Katukurunda-Neboda Road,False,B207
560221970,4059337439,1270.1460545767072,primary,Nagoda-Kalawellawa-Bellapitiya Road,False,B304
560221970,1138324553,5698.934431871201,primary,"['Kalutara-Nagoda Road', 'Riverside Road']",False,B191
562824120,7765135906,13003.767020487729,trunk,Kurunegala-Dambulla Road,False,A6
562824120,6218784868,405.1666297425394,trunk,Kurunegala-Dambulla Road,True,A6
562824290,7770372644,13764.042576244212,trunk,Kurunegala-Dambulla Road,False,A6
562824290,2093608214,858.5291632392461,trunk,Kurunegala-Dambulla Road,True,A6
562824877,9562328833,13.731941835475556,primary,Bauddhaloka Mawatha,True,B82
562824877,6548196298,722.4667960101975,primary,Bauddhaloka Mawatha,False,B82
566553126,7927504077,8.430164063213939,secondary,Madatugama-Pubbogama-Andiyagala Road,False,B556
566553126,7927504084,345.39861110871016,trunk,Anuradhapura Road,True,A9
566568781,1401472808,20.877649012540516,trunk,Hospital Roundabout,True,
566568781,1401574323,620.854615958398,secondary,Bulankulama Disawa Mawatha,False,
566569273,4158784481,2069.0858447368337,primary,Kalawewa-Galewela Road,False,B423
566569273,3522137041,9437.60038253141,primary,Kalawewa-Galewela Road,False,B423
566569273,566569620,3753.3698186344577,secondary,Andarawewa - Balaluwewa Road,False,B501
566569620,4158784481,4495.622160532908,secondary,Kalawewa - Awukana Road,False,B182
566569620,2093610550,3693.454348159803,secondary,Andarawewa - Balaluwewa Road,False,B501
566569620,566569273,3753.369818634458,secondary,Andarawewa - Balaluwewa Road,False,B501
566569836,2093611607,11383.846381952671,secondary,Tamabuttegama Road,False,
566569836,7034884152,12731.228505813453,primary,Thalawa Eppawala Road,False,B213
566569836,2906906430,2489.440705836259,primary,Thalawa Eppawala Road,False,B213
566569965,566574620,1200.607428033145,primary,"['Anagarika Dharmapala Mawatha (Market Place)', 'Anagarika Dharmapala Mawatha']",False,AB2-1
566569965,1401501568,24.64877493412957,primary,Provincial Council RB,True,
566569982,1181921887,36.921663093566444,trunk,Jayanthi Mawatha,True,A12
566569982,5364431661,1168.5265192076106,trunk,Jayanthi Mawatha,False,A12
566574620,1981468985,709.1928890592951,trunk,Maithripala Senanayake Mawatha (Main Street),False,A12
566574620,5785122163,78.60922146554857,trunk,Maithripala Senanayake Mawatha (Main Street),False,A12
566574620,566569965,1200.607428033145,primary,"['Anagarika Dharmapala Mawatha (Market Place)', 'Anagarika Dharmapala Mawatha']",False,AB2-1
567004219,567004704,1248.621870146331,secondary,"['Abhayawewa Road', 'Nanadana Mawatha']",False,B397-6
567004219,5257292853,759.4464968827076,secondary,Thuparamaya Mawatha,False,B397-2
567004219,602759902,602.3034339509584,secondary,Thuparamaya Mawatha,False,B397-2
567004309,1181921888,356.81603218260534,primary,Sri Maha Bodhi Mawatha,False,AB25
567004309,4407921050,664.8672771690182,primary,Sri Maha Bodhi Mawatha,False,AB25
567004309,567004704,439.5597977537211,secondary,Halpanu Ela Left Bank Road,False,B515
567004310,1181921888,127.76182988394875,primary,Sri Maha Bodhi Mawatha,False,AB25
567004349,1402737605,70.44855085786027,primary,Bandaranaike Mawatha,True,B397-8
567004349,4137359439,610.9245768681723,primary,Bandaranaike Mawatha,False,B397-8
567004533,4099698765,354.5682566578326,primary,Sri Saranankara Sangarakkitha Mawatha (Vessagiriya Road),False,B397-8
567004533,9282772872,18.79213905219127,primary,Sri Saranankara Sangarakkhitha Mawatha (Vessagiriya Road),True,
567004605,567004697,1820.3397692441688,secondary,Sangamitta Mawatha,False,B397-14
567004605,1244985944,1905.777911610106,secondary,Outer Circular Road (Watawandana Road),False,B341
567004605,3305877503,94.00958404999301,secondary,Outer Circular Road,False,B341
567004697,567004605,1820.33976924417,secondary,Sangamitta Mawatha,False,B397-14
567004697,602759902,230.28374085402277,secondary,Thuparamaya Mawatha,False,B397-4
567004697,5974119995,560.2582691500063,secondary,Thuparamaya Mawatha,False,B397-4
567004704,567004219,1248.6218701463306,secondary,"['Abhayawewa Road', 'Nanadana Mawatha']",False,B397-6
567004704,5974119999,1068.0056139218364,secondary,Halpanu Ela Left Bank Road,False,B515
567004704,567004309,439.55979775372117,secondary,Halpanu Ela Left Bank Road,False,B515
567004704,685393534,624.7433038019227,secondary,Sri Bharathindra Mawatha,False,B397-7
567004763,5974119995,37.03904115169531,secondary,Thuparamaya Mawatha,False,B397-4
567004763,5974119999,35.391098760763086,secondary,Halpanu Ela Left Bank Road,False,B515
567004763,1244985944,71.39599306543249,secondary,Thuparamaya Mawatha,False,B397-4
567011644,3518437204,6027.422589111789,trunk,Anuradhapura Road,False,A9
567011644,4139580626,673.2655297105733,trunk,Anuradhapura Road,True,A9
567011739,3518437204,4868.342112949093,trunk,Anuradhapura Road,False,A9
567011739,8014319683,403.33965650768,trunk,Anuradhapura Road,True,A9
567011837,6540075346,991.1658137275957,trunk,Maradankadawala-Habarana Road,False,A11
567011837,8014319683,8699.66890647428,trunk,Maradankadawala-Habarana Road,False,A11
567011837,6294506984,6923.599735139637,secondary,Kekirawa-Ganewalpola Road,False,B212
568948707,5075907880,8729.617199419565,secondary,Elahera-Giritale Road,False,B112
568948707,1896101718,7002.030737464409,primary,Elahera-Pallegama-Hettipola Road,False,B312
568948707,568948837,4207.753929297479,primary,Naula-Elahera Road,False,B312
568948837,2051261091,14396.44446644278,primary,Moragahakanda-Wellewala Road,False,B648
568948837,258049598,22013.267089311223,primary,Naula-Elahera Road,False,B312
568948837,568948707,4207.753929297478,primary,Naula-Elahera Road,False,B312
570765602,3088508767,195.04731668784632,trunk,T. B. Illangaratne Mawatha (Galagedara Road),False,A10
570765602,3088508746,205.69552222975886,trunk,T. B. Illangaratne Mawatha (Galagedara Road),False,A10
570765602,570765771,5640.373193555527,trunk,"['Galagedara Road', 'T. B. Illangaratne Mawatha (Galagedara Road)']",False,A10
570765771,2131510192,897.327111499751,trunk,Galagedara Road,False,A10
570765771,570765602,5640.3731935555215,trunk,"['Galagedara Road', 'T. B. Illangaratne Mawatha (Galagedara Road)']",False,A10
570765771,3998841948,5685.591380416585,primary,"['Halloluwa Road', 'Barigama Road']",False,B537
570766414,3064234504,13738.899578189823,"['secondary', 'primary']",Rambukkana-Mawathagama Road,False,B281
570766414,570766423,1504.018491648467,primary,Rambukkana-Mawanella Road,False,B385
570766414,5547928141,2965.3916154542576,primary,Rambukkana-Mawanella Road,False,B385
570766423,570766414,1504.0184916484666,primary,Rambukkana-Mawanella Road,False,B385
570766423,570766494,8887.011979052231,primary,Karandupana-Rambukkana Road,False,B199
570766423,3777579457,495.572311790704,primary,Main Street,True,B384
570766494,445969634,7497.275335918367,trunk,Colombo-Kandy Road,False,A1
570766494,4929241606,998.8320817211704,trunk,Colombo-Kandy Road,False,A1
570766494,570766423,8887.011979052239,primary,Karandupana-Rambukkana Road,False,B199
598167934,10108470176,2331.290512639874,primary,Boralande-Ohiya Road,False,B508
598167934,598168119,4918.283882574084,primary,Keppetipola-Boralande-Haputale Road,False,B353
598167934,3666045181,1860.7263906861297,primary,Welimada-Boralande Road,False,B508
598167934,10110604172,248.07201490213592,primary,Keppetipola-Boralande-Haputale Road,False,B353
598168119,3590783632,3297.7881212526095,primary,Keppetipola-Boralande-Haputale Road,False,B353
598168119,598167934,4918.283882574084,primary,Keppetipola-Boralande-Haputale Road,False,B353
598168119,10112981124,1483.0061355558084,secondary,Aluthwela-Kirinde Road,False,C223
598168274,603240427,6272.8661452386295,trunk,Haputale Road,False,A16
598168274,598168296,208.19196035357555,trunk,Main Street,False,A16
598168274,3590783632,5360.808138671393,primary,Keppetipola-Boralande-Haputale Road,False,B353
598168296,598182953,9068.197273866675,primary,Haputale-Dambetenne Road,False,B147
598168296,2646312392,2848.127290336585,trunk,Badulla Road,False,A16
598168296,598168274,208.19196035357555,trunk,Main Street,False,A16
598182953,598168296,9068.197273866668,primary,Haputale-Dambetenne Road,False,B147
598715826,3647984170,3135.676188281272,secondary,Malabe-Kottawa Road,False,
598715826,324918527,3993.526767129593,secondary,Athurugiriya-Kottawa Road,False,
598715826,3914008962,778.2580560773594,secondary,Athurugiriya-Kottawa Road,False,
598716088,3540609796,35.69329129878844,secondary,Malabe-Kottawa Road,True,
598716088,3537884133,1288.8994598748664,secondary,Malabe-Kottawa Road,False,
598720858,60798033,1124.0267162817058,secondary,Cpt.Sumudu Rajapaksha Mawatha,False,
598720858,60797439,1820.5917045828994,primary,Kawdana Road,False,B547
598720858,621909031,688.1785204945801,"['secondary', 'primary']",Kawdana Road,False,B547
599137149,10137867346,39.457248204233814,secondary,Perahera Mawatha,True,
599137149,259648460,599.1739354536552,secondary,Perahera Mawatha,False,
599141434,8943511124,12.280209444569099,secondary,,False,
599141434,6689144270,16.114585384293637,primary,George R. de Silva Mawatha,True,AC11
599141434,654187034,2568.3732800245243,secondary,"['K. Cyril C. Perera Mawatha (Bloemendahl Road)', 'Bloemendahl Road']",False,
599347546,1249855906,10.238614393786804,primary,Kaldemulla Road,False,B545
599347546,652394817,1720.100800106548,primary,Kaldemulla Road,False,B545
599347546,7085525496,397.2042933885434,trunk,Galle Road,True,A2
600669265,560221970,1227.657722423331,primary,Katukurunda-Neboda Road,False,B207
600669265,560221964,447.12952283670876,primary,Katukurunda-Neboda Road,False,B207
600669265,10130181943,2899.810930074819,secondary,Hill Street,False,
602730587,1401501527,822.5340238991242,primary,Anagarika Dharmapala Mawatha,False,AB2-1
602730587,1401472957,36.10075767065348,primary,Anagarika Dharmapala Mawatha,True,AB2-1
602759879,1146218640,504.41038331689435,trunk,Harischandra Mawatha,False,A12
602759879,13567706050,712.1886703235386,primary,Jayanthi Mawatha,False,AB2-4
602759879,4137359440,610.4144991870899,trunk,Jayanthi Mawatha,False,A12
602759883,13691441803,332.4170814582807,secondary,Sri Bharathindra Mawatha,False,B397-7
602759883,1146218637,32.428679345720866,secondary,Railway Station Road,False,AB2-6
602759883,4407921053,80.65979064846996,secondary,Railway Station Road,False,AB2-6
602759902,567004219,602.3034339509583,secondary,Thuparamaya Mawatha,False,B397-2
602759902,1410578511,989.2652166875874,secondary,Anula Mawatha,False,B397-16
602759902,567004697,230.28374085402277,secondary,Thuparamaya Mawatha,False,B397-4
602759923,5302260374,7.763759423165601,trunk,Anuradhapura Road,True,A9
603240427,598168274,6272.866145238628,trunk,Haputale Road,False,A16
603240427,3157384370,17715.306080638173,trunk,Ratunapura-Wellawaya Road,False,A4
603240427,1712466837,9453.59469843065,trunk,Ratunapura-Wellawaya Road,False,A4
603240642,44265239,408.91816013378275,trunk,Major Montegu Jayawickrama Mawatha,False,A23
603240642,3157384370,17645.396034315265,trunk,Ratunapura-Wellawaya Road,False,A4
603240642,44265232,502.88178781906805,primary,Wellawaya Bypass Road,False,AB43
603240642,13739751298,234.58471272532046,trunk,Wellawaya-Pottuvil Road,False,A4
603240958,10777185545,472.57490323698437,primary,Dondra Light House Road,False,B107
603240958,13709350341,601.4994380782492,primary,Dondra Light House Road,False,B107
603240958,13711501216,827.6234550729989,primary,Sinhasana Road,False,B559
603247200,1397128195,24.717032394575668,trunk,Matara Road,False,A2
603247200,9752443846,26.719750318158916,primary,Centre Road,False,B27-17
603247200,1397090864,129.72652704551567,trunk,Matara Road,False,A2
610929939,3633739438,11562.02152906193,primary,Weeraketiya-Middeniya Road,False,B463
610929939,3547525265,4579.49637547735,primary,Weeraketiya-Debokkawa Road,False,B623
610929939,7183361981,832.111203207483,primary,Weeraketiya-Middeniya Road,False,B463
610944381,1638915009,8.709786279347165,primary_link,,False,
610944381,6247562247,350.5392023551831,primary,Mirijjawila-Sooriyawewa Road,True,B562
610944426,610944465,4401.092890325526,primary,Sooriyawewa-Padalangala Road,False,B563
610944426,4838849617,21384.526755177023,secondary,Ridiyagama Road,False,
610944426,1985676796,7610.17240225739,primary,Sooriyawewa-Padalangala Road,False,B563
610944464,6252038714,8.496674222149105,primary_link,,False,
610944464,6251993878,162.5171837556286,primary,Mirijjawila-Sooriyawewa Road,True,B562
610944465,6251962520,7.350888545613507,primary_link,Suriyawewa Road,False,B563
610944465,610944426,4401.092890325526,primary,Sooriyawewa-Padalangala Road,False,B563
610944465,6251962524,1923.9232081873304,primary,Embilipitiya Road,True,B587
610944481,6247858277,125.02387015011655,primary,Mirijjawila-Sooriyawewa Road,True,B562
610944481,3669636249,9.222225039437564,primary_link,,False,
610950712,3377484745,140.20452238521204,primary,Hambantota-Gonnoruwa-Meegahajandura Road,True,B631
610950712,1720902277,62.132524125305046,primary,Hambantota-Gonnoruwa-Meegahajandura Road,False,B631
610951677,5144316608,1812.7445395111713,trunk,Hambantota-Wellawaya Road,True,A2
610951677,3674777304,4118.514540177034,trunk,Hambantota-Wellawaya Road,False,A2
610955045,2090006193,3.133265385690837,secondary,Sooriyawewa-Sewanagala Road,False,
610955140,9570235011,5475.5077933609455,primary,Timbolketiya-Tanamalwila Road,True,B427
610955140,6250523900,8783.238792721031,secondary,,False,
610955288,10132667231,17.677736464247207,trunk,Hambantota-Wellawaya Road,False,A2
610955288,2610876638,9404.737550035608,trunk,Hambantota-Wellawaya Road,False,A2
610968720,917949547,9897.154424137156,secondary,Kirinda-Sithulpawwa Road,False,
610968720,912275456,6463.353294165995,primary,Tissa-Kirinde Road,False,B422
610968720,1639029741,3104.2045311778907,primary,Tissa-Kirinde Road,False,B422
610968963,3283385138,1268.842976655023,primary,Pannegamuwa-Tissa Road,False,B464
610968963,3276158654,47.83291508008012,primary,Pannegamuwa-Tissa Road,False,B464
610968963,3276158651,35.06701245367843,primary,Tissa-Kirinde Road,False,B422
610970078,13055938742,22.520256794110413,trunk,Hambantota-Wellawaya Road,False,A2
610970078,3677422292,6040.490463872479,trunk,Hambantota-Wellawaya Road,False,A2
615737752,2093610245,3583.4700930367503,secondary,Galgamuwa - Nikawewa Road,False,B126
615737752,2093611694,17956.941244842907,trunk,Anuradhapura - Padeniya Road,False,AA028
615737752,2638058811,434.7543615542863,trunk,Anuradhapura - Padeniya Road,False,AA028
615737957,4099888815,1406.2997668271087,primary,Old Puttalam Road,False,B234
615737957,1401456469,2853.3200499854543,primary,Old Puttalam Road,False,B234
615737957,1410578037,2342.770042823204,secondary,Outer Circular Road (Watawandana Road),False,B341
617190011,4755847830,2880.4963297788654,primary,"['D.P. Wijesinghe Mawatha', 'Pothuarawa Road']",False,B645
617190011,971827647,908.3247238234497,primary,Athurugiriya Road,False,B240
617190011,3540609796,850.9729361460655,primary,"['Athurugiriya Road', 'Malabe - Athurugiriya Road']",False,B240
617219703,617219704,46.15076790308157,secondary,Hokandara-Talawatugoda Road,True,
617219703,11141684456,1383.5361885333234,secondary,Hokandara-Talawatugoda Road,False,
617219704,617219703,46.632811420546744,secondary,Hokandara-Talawatugoda Road,True,
617219704,3537884133,1386.3455513332947,secondary,Hokandara-Talawatugoda Road,False,
617228235,323506737,1081.912041847531,primary,Kaduwela Road (New Kandy Road),False,B263
617228235,2722750908,1863.9272305272887,primary,Kaduwela Road (New Kandy Road),False,B263
617228235,3540609796,3686.493555539012,secondary,Kahanthota Road,False,
617248607,4231371023,13.894895264561445,primary,Old Puttalam Road,False,AB28
617248607,4231371016,14.760437752393754,primary_link,,True,
617248607,1278086492,363.4643523684968,primary,Old Puttalam Road,False,AB28
617799602,8771443557,24.759087785636062,primary,Negombo-Kurunegala Road,True,B308
617799602,1261568522,5563.741477071682,primary,Negombo-Kurunegala Road,False,B308
617799602,8771443575,61.25061683459002,primary_link,,True,
617806911,5245953959,10.297125930884496,trunk,,True,
617806916,5245953970,51.27793507020702,trunk,Kurunegala - Kandy Road,True,A10
617806916,9513937134,89.83825020195857,trunk,Kurunegala - Kandy Road,False,A10
617806943,5248343437,9.159612480459394,primary_link,,False,
617806943,4548513547,378.9368586379519,primary,Main Street,True,B51
617806943,5248343448,340.17017757987554,trunk,Kurunegala - Puttalam Road,True,A10
617810744,6509381798,7745.934842184819,primary,Ekala-Kotadeniyawa Road,False,B111
617810744,1261568353,8049.495904661402,primary,Negombo-Giriulla Road,False,B322
617810744,3167605964,1233.7077076840383,primary,Negombo-Giriulla Road,False,B322
617810971,4600910031,1455.854157169222,primary,Kurunegala-Negombo Road,False,B308
617810971,2562843827,695.0033648921697,primary,Negombo-Giriulla Road,False,B322
617810971,8771443550,11214.655322468252,primary,Kurunegala - Negombo,False,B308
617812791,639129515,112.67249884048454,primary,Negombo-Mirigama Road,False,B324
617812791,403881294,2505.7014007316484,primary,Minuwangoda-Miriswatta-Katana Road,False,B289
617812791,4316825579,3404.4188962596872,primary,Negombo-Mirigama Road,False,B324
617816305,3432403070,56.93252516836837,secondary,Thoppuwa-Nattandiya-Madampe Road,True,B419
617816305,3660680255,1594.8278634085418,secondary,Thoppuwa-Nattandiya-Madampe Road,False,B419
617823296,3240952949,2546.9673977642965,primary,Pasyala-Giriulla Road,False,AB29
617823296,1723172809,6697.466773339366,primary,Pasyala-Attanagalle Road,False,B361
617823296,50366409,4160.765647352336,trunk,Colombo-Kandy Road,False,A1
617823296,3167641878,6061.30767408628,trunk,Colombo-Kandy Road,False,A1
617823362,617823428,8196.197312039034,primary,Nalla-Mirigama Road,False,B290
617823362,617823366,214.4234976454906,primary,Negombo-Mirigama Road,False,B324
617823362,1662220531,902.3516877842098,primary,Negombo-Mirigama Road,False,B324
617823366,617823362,214.4234976454906,primary,Negombo-Mirigama Road,False,B324
617823366,3167637635,953.2834114140271,primary,Pasyala-Giriulla Road,False,AB29
617823366,1886606126,139.5200164747754,primary,Pasyala-Giriulla Road,False,AB29
617823428,2562843827,2062.352208281276,primary,Negombo-Giriulla Road,False,B322
617823428,3167605964,6100.9782016298495,primary,Negombo-Giriulla Road,False,B322
617823428,617823362,8196.19731203903,primary,Nalla-Mirigama Road,False,B290
617967898,1235783744,5063.841019992349,primary,Warakapola-Kandalama Road,False,B456
617967898,1427371978,464.94212262703326,trunk,Colombo-Kandy Road,False,A1
617967898,617967952,1833.4282886137325,trunk,Colombo-Kandy Road,False,A1
617967952,617967898,1833.4282886137323,trunk,Colombo-Kandy Road,False,A1
617967952,5764078202,87.6571999326174,trunk,Ambepussa-Kurunegala Road,True,A6
617967952,7087535778,19.896927697693002,trunk,Colombo-Kandy Road,False,A1
617968149,13811688265,4352.451240173632,trunk,Colombo-Kandy Road,False,A1
617968149,4929242043,340.36704281965723,trunk,Colombo-Kandy Road,False,A1
617968149,3851353586,4400.680248236393,trunk,Polgahawela-Kegalle Road,False,A19
617970086,7786917078,3232.8555169307215,secondary,Wathupitiwala Road,False,
617970086,324965995,2727.0905774818903,primary,Nittambuwa-Urapola-Ruwanwella Road,False,B445
617970086,1235697661,920.4730026379331,primary,Nittambuwa-Urapola-Ruwanwella Road,False,B445
618027759,1963939807,106.13233570849576,trunk_link,,True,
618027759,1963939812,60.30783895661899,trunk,Srimath Anagarika Dharmapala Mawatha,True,A0
618033109,619188579,67.96858234838157,secondary,Philip Gunawardena Mawatha,True,
618033109,3822138073,734.6698753470353,primary,Independence Avenue,True,AC1
618043670,13614804390,25.191900754282166,primary,William Gopallawa Mawatha,True,AB42
618043670,3618872674,2019.5149943082486,primary,William Gopallawa Mawatha,False,AB42
618073247,6262067727,50.84909866797977,primary,S. W. R. D. Bandaranaike Mawatha,False,B27-1
618073247,2315631896,28.000983210083046,secondary,Keppetipola Road,True,
618073249,1694488877,74.81235998110023,secondary,"['Baladaksha Mawatha', 'Keppetipola Road']",True,
618073249,3033895841,34.90283472736212,secondary,Keppetipola Road,True,
618073265,618073249,46.64904580938988,secondary,Keppetipola Road,True,
618096975,620382516,514.6550074935129,trunk,Cumaratunga Munidasa Mawatha,True,A4
618273393,3617768739,788.813656860558,trunk,Galle Road,True,A2
618273393,9565952986,130.39749857349207,trunk,Galle Road,True,A2
618309296,3742213226,451.68820779544393,secondary,Vajira Road,False,
618309296,3416291126,474.44290802209173,trunk,R. A. de Mel Mawatha,True,
618514963,10219043311,53.39291451993948,trunk,Sri Jayewardenepura Mawatha,True,A0
618514963,1428448780,36.576894841569406,trunk_link,,True,
618514969,6230792100,25.607802209081232,primary,Nawala Road,True,B470
618514969,4692166486,75.1255438744767,trunk,Sri Jayewardenepura Mawatha,True,A0
618528183,6230885416,28.674596417674064,primary_link,,True,
618528183,3340955133,139.0258343900013,primary,Nawala Road,True,B470
618528183,2122125311,107.82583910107383,trunk,Sri Jayewardenepura Mawatha,True,A0
618532479,653148593,280.51551405920014,trunk,Dr. Danister de Silva Mawatha (Baseline Road),True,AC5
618532479,3150410546,13.196668900279644,primary,,True,
618533937,2094306221,837.1094335022209,primary,P. de S. Kularatne Mawatha,True,AC19
618533937,618534074,1233.8957383175157,secondary,"['N. M. Ishak Mawatha (Dematagoda Road)', 'Sri Vajiragnana Mawatha (Dematagoda Road)', 'Dematagoda Road']",False,
618534074,618533937,1233.8957383175155,secondary,"['N. M. Ishak Mawatha (Dematagoda Road)', 'Sri Vajiragnana Mawatha (Dematagoda Road)', 'Dematagoda Road']",False,
618534074,3150410543,222.51575340942648,secondary,Dematagoda Road,False,
618534074,270333433,1171.5494710408684,secondary,Sri Dhamma Mawatha (Campbell Avenue),False,
618542173,3185210191,17.497257344945343,primary,Ward Place,False,
618604210,1400433848,206.79482615064882,trunk,Katugastota-Kurunegala-Puttalam Road,False,A10
618605187,4140985755,51.19421896556684,trunk,,True,
618605187,4140943329,801.1002246190516,trunk,Puttalam-Anuradhapura-Trincomalee Road,False,
618605190,4140943332,19.388182184443142,trunk,,True,AA012
618609526,3064234503,8301.72067614828,secondary,Mawathagama-Barandana Road,False,"['B281', 'B280']"
618609526,4067967894,5966.222475458424,secondary,Mallawapitiya - Keppitigala Road,False,B264
618609526,5644584039,9267.698664127589,secondary,Mallawapitiya - Keppitigala Road,False,B264
618700103,13656692418,376.4884908615467,primary,"['Janadhipathi Mawatha', 'Sir Baron Jayatilake Mawatha']",False,
618747712,12287228633,98.00130776450025,primary,Sri Uttarananda Mawatha,True,
618771179,6514093426,27.066384778182925,primary,Kotte Road,False,B120
618771179,268931537,837.7888849586745,primary,Kotte Road,False,B120
618771179,252537800,1331.767648781088,primary,Pagoda Road,False,B345
618771188,6514093426,14.065635533627546,primary,Kotte Road,False,B120
618771188,275517837,2203.792231698123,primary,Kotte Road,False,B120
618771188,6514093427,63.9975693603279,primary,Talawatugoda Road,True,B368
618771321,11959629970,7.083946531412389,primary_link,Jubilee Post,True,
618771321,11959629970,21.622789231528365,secondary,Stanley Thilakarathne Mawatha,True,B120
619023601,12741337237,121.23486767665946,secondary,Robert Gunawardena Mawatha,False,
619023601,12741337233,25.88126632556105,secondary,Robert Gunawardena Mawatha,False,
619152165,3502106854,41.36972213823248,primary,Kotte Road,True,
619152165,1429213457,182.47689932538123,trunk,Sri Jayewardenepura Mawatha,True,A0
619152165,663702778,8.59418902144121,primary,Sri Jayawardenapura Mawatha,False,
619152185,1912464464,654.4597631543917,trunk,Sri Jayewardenepura Mawatha,True,A0
619188579,1316756498,292.91552644394176,secondary,Philip Gunawardena Mawatha (Reid Avenue),True,
619188579,9243057496,498.4525696316862,secondary,Dr. Premasiri Khemadasa Mawatha (Guildford Crescent),True,
619195378,619195381,12.376177234590479,trunk,,True,
619195381,4011680781,46.794933120261604,trunk,H. Sri Nassanka Mawatha (Maya Avenue),True,A4
619195381,6260211179,18.720529855658448,trunk,,True,
619195388,4011682730,50.07065200684556,trunk,Sri Sambuddhatwa Jayanthi Mawatha (Havelock Road),True,A4
619195388,619195378,34.50855461006099,trunk,,True,
619224223,653148591,11.50188321346817,trunk,Dr. Danister de Silva Mawatha (Baseline Road),True,AC5
619224223,1863416593,14.080038079144455,trunk,Sri Saddharma Mawatha,True,A1
619224226,1863416599,13.572393503895206,trunk,Sri Saddharma Mawatha,True,A1
619224226,12373680251,355.33023842518946,trunk,Dr. Danister de Silva Mawatha,True,A1
619224265,13684602357,9.792311303993745,secondary,Maligawatta Road,True,AC18
619224265,9075697853,15.479353465309273,secondary,Maligawatta Road,True,AC18
619227137,6407621053,34.42990220421891,trunk,Sri Sangaraja Mawatha,True,A1
619227137,5904513400,138.88211448254398,primary,Sri Sangaraja Mawatha,True,AC29
619227153,13663630398,428.2510313164243,primary,Panchikawatte Road,True,AC22
619244343,3339667810,1.6930880700049458,primary,Khan Clock Tower Roundabout,True,
619732375,619732378,3.7038546225180538,primary,Lipton Circus,True,
619732378,10880095739,35.05261567495145,primary,,True,
619732378,619732382,18.36674457273473,primary,Lipton Circus,True,
619732382,664420249,4.732501753960086,primary,Lipton Circus,True,
619732389,13692124480,1.9738107106192717,primary,Lipton Circus,True,
619732393,9180242955,28.339626001795576,secondary,Ven. Baddegama Wimalawansa Thero Mawatha (Dean's Road),True,
619732393,619732410,20.778181491906196,primary,De Soysa Circus,True,
619732407,3191696091,767.9761151696589,secondary,E. W. Perera Mawatha (Regent Street),False,
619732407,619732410,38.219120984969365,secondary,Ven. Baddegama Wimalawansa Thero Mawatha (Dean's Road),True,
619732410,13692201508,0.9178284115042152,primary,De Soysa Circus,True,
619732438,1278079706,355.4054984671865,secondary,Dr. C. W. W. Kannangara Mawatha (Alexandra Place),True,
619732438,619732442,24.45131980317242,primary,De Soysa Circus,True,
619732442,619732443,3.016313351629091,primary,De Soysa Circus,True,
619732443,619732382,79.61302978734324,primary,,True,
619732443,646762530,27.376549594607557,primary,De Soysa Circus,True,
619742402,403841655,5870.800361738522,primary,Avissawella Road,False,AB10
619742402,7625469752,705.0827609075895,primary,Avissawella Road,False,AB10
619742402,619742791,8151.402137913832,primary,"['Kaduwela – Athurugiriya Road', 'Kaduwela Athurugiriya Road']",False,B174
619742609,324918527,1220.4606143250417,primary,Sri Gnanawimala Mawatha,False,B451
619742609,2712362971,457.0323081549546,primary,Malabe - Godagama Road,False,B240
619742609,2710652547,1124.9524713364513,primary,Malabe - Godagama Road,False,B240
619742785,2712362969,1209.6485021344402,primary,Kaduwela – Athurugiriya Road,False,B174
619742785,8567390725,75.25852531494365,primary,Kaduwela – Athurugiriya Road,True,B174
619742791,619742402,8151.402137913838,primary,"['Kaduwela – Athurugiriya Road', 'Kaduwela Athurugiriya Road']",False,B174
619742791,8567390721,41.921317843341086,primary,Kaduwela – Athurugiriya Road,True,B174
619880027,2710652547,1509.7697613779915,primary,Malabe - Godagama Road,False,B240
619880027,1778845290,1104.8944623183445,primary,Malabe - Godagama Road,False,B240
619880027,403841655,7672.9624951885335,secondary,Habarakada-Ranala Road,False,
619883043,5366204163,7113.0090162397655,primary,Godagama-Padukka Road,False,B240
619883043,1778845290,1849.0446725940335,primary,Malabe - Godagama Road,False,B240
619883043,1697583102,6609.4438872656965,trunk,High Level Road,False,A4
619883043,3379393108,1471.4195900450409,trunk,High Level Road,False,A4
619905141,4790000816,5.697068498507607,trunk,Colombo-Kandy Road,True,A1
619906809,6545679857,8006.487928494101,primary,Weliweriya-Kirindiwela Road,False,B472
619906809,2021648880,4448.351679709088,primary,New Kandy Road,False,B214
619906809,658424634,368.5722716135099,primary,New Kandy Road,False,B214
619918508,129615869,616.1506795231898,trunk,High Level Road,False,A4
619918508,8951049861,178.68677777848134,primary,Old Road,True,B335
619918508,5565782276,186.8598001318412,trunk,High Level Road,False,A4
619956323,2071116345,16.81489729007958,trunk,High Level Road,False,A4
619956323,2071116379,22.38072293846358,primary,Sri Soratha Mawatha,True,B316
619956323,129615869,1443.4758677644259,trunk,High Level Road,False,A4
620382516,9924565830,21.881068633741087,trunk,Cumaratunga Munidasa Mawatha,True,A4
620382516,9924565829,21.623769495302454,secondary,Alfred Place,False,
620384473,666881493,9.77350657284128,secondary,Rotunda Garden,False,
620384473,10137867346,260.62647029654335,secondary,Rotunda Gardens,False,
620384473,7085654863,161.1161091010817,trunk,Galle Road,True,A2
620401826,10740616719,1619.8307160615468,secondary,Sri Saranankara Road,False,
620401826,129616344,1464.8510014740054,primary,"['Kotagama Sri Vachissara Mawatha', 'Hospital Road']",False,B229
620401826,635164739,158.88476422462242,primary,Kotagama Sri Vachissara Mawatha,False,B229
620529017,2155634707,8.109159326636556,primary_link,,False,
620529017,2507107528,2541.802358452085,primary,Pamunugama Road,False,B425
620529017,206597309,4606.569182994666,trunk,Negombo Road,True,A3
621126052,5773844872,20.40144923732972,primary,Kiribathgoda-Makola-Sapugaskanda Road,False,B221
621126052,3491079315,81.50899024131166,primary,Biyagama Makola Road,False,B632
621126052,3491079318,53.641395174183366,primary,Kiribathgoda-Makola-Sapugaskanda Road,False,B221
621139685,3864419806,43.73394982748718,primary,Kiribathgoda-Makola-Sapugaskanda Road,True,B221
621139685,324988797,58.223413622024765,primary_link,,True,
621150239,3600449270,1320.121769173341,primary,Biyagama Makola Road,False,B632
621150239,3491079315,738.1756997155172,primary,Biyagama Makola Road,False,B632
621150239,403841840,3230.8071830340655,primary,Mabima Road,False,B254
621175136,325000016,10.077196894957165,primary_link,,False,
621175136,4152530090,226.34564877032108,trunk,Colombo-Kandy Road,True,A1
621188379,5237448596,45.64228284441458,primary,Kaduwela Road (New Kandy Road),False,B240
621188379,2972494700,1606.2698889192063,primary,Kaduwela Road (New Kandy Road),False,B240
621188379,4755854822,88.35373767568434,primary_link,,True,
621190877,323506737,4240.663921192556,secondary,Chandrika Kumarathunga Mawatha,False,
621190877,3603432676,2777.2614105119815,primary,"['Ambatale Bridge', 'Avissawella Road']",False,AB10
621190877,403816206,101.5230364894683,primary,Avissawella Road,False,AB10
621816438,13695751611,56.368477191691774,trunk_link,,True,
621816438,13695751612,35.898828353693574,trunk,Elvitigala Mawatha,True,AC8
621816440,621816450,12.775300448050208,primary,,True,
621816440,5217865786,30.59356867061929,trunk,Elvitigala Mawatha,True,
621816450,13695751601,7.785984004114501,trunk,Elvitigala Mawatha,True,
621816450,5217865790,27.728831231426156,primary,Bernard Soysa Mawatha (Kirula Road),True,
621816478,253022302,165.80548374028754,trunk,Elvitigala Mawatha,True,AC8
621817310,13698430235,6.397673717433358,secondary,Torrington Avenue,False,
621817310,621822224,279.61283318697815,primary,Ven. Murutthettuwe Ananda Nahimi Mawatha (Thimbirigasyaya Road),True,
621822224,13698430228,7.30410295577959,primary,Bernard Soysa Mawatha (Kirula Road),False,
621822224,13695697500,774.4265589589676,primary,Bernard Soysa Mawatha (Kirula Road),False,
621822224,13698430210,216.23184509599471,primary,Ven. Murutthettuwe Ananda Nahimi Mawatha (Thimbirigasyaya Road),True,
621909031,598720858,688.1785204945801,"['primary', 'secondary']",Kawdana Road,False,B547
621909031,206597400,954.2601488191222,primary,"['Attidiya Road', 'Main Road']",False,B389
621909031,1737150787,851.7210650201592,primary,Attidiya Road,False,B389
621950451,150994801,1735.001584441231,primary,Anagarika Dharmapala Mawatha (Allen Avenue),False,B11
621950451,60797372,228.04563829813185,primary,Anagarika Dharmapala Mawatha (Allen Avenue),False,B11
621950451,635164739,145.289138817112,primary,Council Avenue,False,B560
622288497,10259347399,9.530264727843825,primary,Talawatugoda Road,True,B368
622288497,3354684570,21.611968386218567,secondary,Japan Sri Lanka Friendship Road,True,
622293249,1737436611,355.7282276191302,secondary,Pepiliyana Road,False,B389
622293249,208541195,433.4261562379619,secondary,Pepiliyana Road,False,B389
622293249,129616344,1607.3204767622683,secondary,Anderson Road,False,
634172980,1146591926,92.33434624625478,trunk,Kandy - Jaffna Road,False,AA009
634172980,6538140529,21407.35103383117,trunk,"['Kandy-Jaffna Road', 'Kandy - Jaffna Road']",False,AA009
634172980,6286620951,23382.420017136887,trunk,Mankulam - Mullaitivu,False,AA034
635079773,3822124809,255.08881483301303,trunk,Galle Road,True,A2
635111100,618096975,68.92654303610763,secondary,Philip Gunawardena Mawatha (Reid Avenue),True,
635111100,3808874254,196.8293557278303,"['secondary', 'trunk']","['Philip Gunawardena Mawatha (Reid Avenue)', 'Philip Gunawardene Mawatha (Reid Avenue)']",True,A4
635117662,2066330708,8.633551341495396,trunk,Rt. Hon. D. S. Senanayake Mawatha,True,AC7
635117662,4798976659,129.80434669981926,trunk,Dudley Senanayake Mawatha (Castle Street),True,A0
635164739,620401826,158.88476422462242,primary,Kotagama Sri Vachissara Mawatha,False,B229
635164739,60797056,226.26084569867027,primary,Kotagama Sri Vachissara Mawatha,False,B229
635164739,621950451,145.289138817112,primary,Council Avenue,False,B560
635164747,60797056,12.89684125034852,primary,Kotagama Sri Vachissara Mawatha,False,
635164747,7085690885,951.553682250559,trunk,Galle Road,True,A2
635164786,127660889,231.83596410237064,secondary,Poorwarama Mawatha,False,
635164786,635164942,1200.6906065963453,secondary,"['Poorwarama Road', 'Poorwarama Mawatha']",False,
635164786,3648987776,1165.7850063046901,secondary,Vijaya Kumaratunga Mawatha,False,
635164942,635855755,339.8137065073091,primary,Stanley Thilakarathne Mawatha,False,B120
635164942,250731057,179.42648078290804,primary,Stanley Thilakarathne Mawatha,False,B120
635164942,635164786,1200.6906065963453,secondary,"['Poorwarama Road', 'Poorwarama Mawatha']",False,
635164975,910154883,13.96923130893299,trunk,High Level Road,True,A4
635164975,253721036,302.8990494137115,primary,"['Talawatugoda Road', 'Pannipitiya Road']",True,B47
635165818,3379422350,274.9018427951817,primary,Parliament Drive,False,B531
635165818,6513995679,42.93035519158445,primary,Parliament Drive,True,B531
635166169,4692166467,168.64101313512185,trunk,Sri Jayewardenepura Mawatha,True,A0
635166169,403875118,712.8714500237794,trunk,Rajagiriya Flyover,True,
635166180,250731003,27.58773838086201,primary,Old Kotte Road,True,B62
635166180,403875117,198.48808538709505,primary,Old Kotte Road,False,B62
635795993,2925773146,452.60270348379856,trunk,Galle Road,True,A2
635855735,635855755,20.774395930189225,primary,Stanley Thilakarathne Mawatha,False,B120
635855735,208541425,497.22111641170005,primary,"['Stanley Thilakarathne Mawatha', 'S. De S. Jayasinghe Road']",False,B120
635855735,3354661040,47.68528608937726,trunk,,True,A4
635855755,635855735,20.774395930189225,primary,Stanley Thilakarathne Mawatha,False,B120
635855755,635164942,339.8137065073091,primary,Stanley Thilakarathne Mawatha,False,B120
635855755,635857021,30.894357653720846,trunk,,True,A4
635857018,635857021,18.359552761462183,trunk_link,,True,
635857018,635855735,39.90335074719237,trunk,,True,A4
635857020,3354661040,17.70124604754267,trunk_link,,True,
635857020,635855755,55.52171019387363,trunk,,True,A4
635857021,4582456543,173.06691830180594,trunk,,True,A4
635895564,324997495,3324.9078762764184,primary,Waragoda Road,False,B215
635895564,5352135771,457.03250427757126,primary,Biyagama Road,False,B214
635895564,403841847,4438.73631548223,primary,Biyagama Road,False,B214
635909834,6234403700,138.0781634259767,primary,D. R. Wijewardene Mawatha,True,AC6
635914018,3150410543,50.394503625423866,secondary,Dematagoda Road,False,
635914018,2091860038,27.86187790745275,trunk,Dr. Danister de Silva Mawatha (Baseline Road),True,AC5
636988660,3214502827,19.359210143610568,primary,Courts Road,True,
636988660,3289503413,159.6079064798954,primary,Courts Road,False,
637009373,637009411,152.78468422176226,primary,Main Street (Bazaaar St),False,B50
637009373,3798986721,21.43815873997177,primary,Orutota Road,False,B569
637009373,4068148608,143.59106584674294,primary,Orutota Road,False,B569
637009411,637009373,152.78468422176226,primary,Main Street (Bazaaar St),False,B50
637009411,4068148608,105.5287493243486,trunk,Colombo Road,False,A33
637009411,5315988825,86.8289594737405,trunk,Colombo Road,False,A33
637603462,13698397487,14.423631016304183,trunk,Elvitigala Mawatha,True,AC8
637603462,621817310,680.1437941239947,primary,Ven. Murutthettuwe Ananda Nahimi Mawatha (Thimbirigasyaya Road),True,
637624617,266907986,188.18085233665562,primary,Independence Avenue,True,AC1
637763018,638969238,35.297436420884246,trunk,Gampaha-Ja Ela Road,True,A33
637763018,667529248,7111.099368477626,trunk,Gampaha-Ja Ela Road,False,A33
637833597,637834306,2273.3071149338307,primary,Tewatta Road,False,B554
637834306,1285521727,63.17107401026326,primary,Tewatta Road,True,B554
637834306,637833597,2273.3071149338302,primary,Tewatta Road,False,B554
637858647,324985529,2319.3193606833815,primary,Kiribathgoda-Makola-Sapugaskanda Road,False,B221
637858647,5773844872,841.1709175261276,primary,Kiribathgoda-Makola-Sapugaskanda Road,False,B221
637858647,970090967,2364.5582900158656,primary,Makola-Udupila Road,False,B262
637859907,970090967,865.2921183609205,primary,Makola-Udupila Road,False,B262
637859907,2021648880,5439.645727506223,primary,Makola-Udupila Road,False,B262
637859907,2966142456,3505.0441605922015,primary,"['Kadawatha - Mawaramandiya Road', 'Kadawatha-Mawaramandiya Road']",False,B169
638916931,3203260988,6269.96814801032,primary,Veyangoda-Banduragoda Road,False,B443
638916931,638943128,2690.4658471526077,primary,Katunayake-Veyangoda Road,False,B208
638916931,4085806761,342.62406171235466,primary,Katunayake-Veyangoda Road,False,B208
638921965,3645054902,11.707817642853067,primary,Katunayake-Veyangoda Road,False,B208
638921965,638923097,4251.127903330188,primary,Katunayake-Veyangoda Road,False,B208
638921965,667547394,3715.244118489612,primary,Krindiwita-Assennawatta Road,False,B225
638923097,638924150,39.69525043472771,primary,Katunayake-Veyangoda Road,False,B208
638923097,638924157,39.74014512876034,primary,Katunayake-Veyangoda Road,False,B208
638923097,638921965,4251.127903330187,primary,Katunayake-Veyangoda Road,False,B208
638924150,638923097,39.69525043472771,primary,Katunayake-Veyangoda Road,False,B208
638924150,1431446617,3.4636036243300112,primary,,False,
638924150,638924157,9.11260412503582,primary,,False,
638924157,638923097,39.74014512876034,primary,Katunayake-Veyangoda Road,False,B208
638924157,638924150,9.11260412503582,primary,,False,
638924157,1431446624,1.3500429956477566,primary,,False,
638925117,638927828,35.90904934838301,primary,Katunayake-Veyangoda Road,False,B208
638925117,638927836,33.57877059890413,primary,Katunayake-Veyangoda Road,False,B208
638925117,638925131,296.85094760147496,primary,Katunayake-Veyangoda Road,False,B208
638925131,1268334826,4549.877458777404,primary,Katunayake-Veyangoda Road,False,B208
638925131,638925117,296.85094760147496,primary,Katunayake-Veyangoda Road,False,B208
638925131,1268334824,6147.571655401118,primary,Minuwangoda-Miriswatta-Katana Road,False,B289
638927828,638925117,35.90904934838301,primary,Katunayake-Veyangoda Road,False,B208
638927828,1431446632,3.861948529783719,primary,,False,
638927828,638927836,7.178139654567376,primary,,False,
638927829,1431446624,26.934882218640222,primary,Ekala-Kotadeniyawa Road,False,B111
638927829,1847947621,2492.4610081410574,primary,Ekala-Kotadeniyawa Road,False,B111
638927829,1431446632,29.797185416637348,primary,Ekala-Kotadeniyawa Road,False,B111
638927834,1431446619,29.78623302642569,primary,Ekala-Kotadeniyawa Road,False,B111
638927834,1431446617,30.529872288751076,primary,Ekala-Kotadeniyawa Road,False,B111
638927834,638929070,580.0426697367061,primary,Ekala-Kotadeniyawa Road,False,B111
638927836,638925117,33.57877059890413,primary,Katunayake-Veyangoda Road,False,B208
638927836,1431446619,1.6756262710285257,primary,,False,
638927836,638927828,7.178139654567376,primary,,False,
638929070,638927834,580.042669736706,primary,Ekala-Kotadeniyawa Road,False,B111
638929070,638935065,4448.460419038212,primary,Minuwangoda-Gampaha-Mriswatta Road,False,B288
638929070,1268334809,2960.965641635479,primary,Ekala-Kotadeniyawa Road,False,B111
638935032,638936201,36.79297945321634,primary,Minuwangoda-Gampaha-Mriswatta Road,False,B288
638935032,638936216,38.42789427237574,primary,Minuwangoda-Gampaha-Mriswatta Road,False,B288
638935032,638935065,1529.978010124281,primary,Minuwangoda-Gampaha-Mriswatta Road,False,B288
638935065,638929070,4448.460419038214,primary,Minuwangoda-Gampaha-Mriswatta Road,False,B288
638935065,638935032,1529.9780101242807,primary,Minuwangoda-Gampaha-Mriswatta Road,False,B288
638935065,667537356,1686.4522333834789,primary,Krindiwita-Assennawatta Road,False,B225
638935065,3645054902,3135.708914990143,primary,Krindiwita-Assennawatta Road,False,B225
638936200,638936201,25.670123395927394,primary,Kotugoda-Udugampola Road,True,B400
638936200,667537356,656.7904298808834,primary,Kotugoda-Udugampola Road,False,B400
638936201,638935032,36.79297945321634,primary,Minuwangoda-Gampaha-Mriswatta Road,False,B288
638936201,638936216,10.819720184988256,primary,,False,
638936201,638936220,16.37465397341707,primary,,False,
638936206,638936208,29.695135413190975,primary,Minuwangoda-Gampaha-Mriswatta Road,False,B288
638936206,638936220,12.315866987227135,primary,,False,
638936206,638936216,18.619473787784024,primary,,False,
638936208,638936206,29.695135413190975,primary,Minuwangoda-Gampaha-Mriswatta Road,False,B288
638936208,638936220,32.84842750911023,primary,Minuwangoda-Gampaha-Mriswatta Road,False,B288
638936208,638937223,3046.0867486682123,primary,Minuwangoda-Gampaha-Mriswatta Road,False,B288
638936212,638936206,35.985198620584725,primary,Udugampola-Divulapitiya Road,True,B430
638936212,3205978508,5281.437089174732,primary,Udugampola-Divulapitiya Road,False,B430
638936216,638936212,41.36075598156973,primary,Udugampola-Divulapitiya Road,True,B430
638936216,638935032,38.42789427237574,primary,Minuwangoda-Gampaha-Mriswatta Road,False,B288
638936216,638936206,18.619473787784024,primary,,False,
638936216,638936201,10.819720184988256,primary,,False,
638936220,638936200,26.823954746463137,primary,Kotugoda-Udugampola Road,True,B400
638936220,638936208,32.84842750911023,primary,Minuwangoda-Gampaha-Mriswatta Road,False,B288
638936220,638936201,16.374653973417068,primary,,False,
638936220,638936206,12.315866987227135,primary,,False,
638937223,3799725188,965.0641666743202,primary,Old Minuwangoda Road,False,B288
638937223,638936208,3046.08674866821,primary,Minuwangoda-Gampaha-Mriswatta Road,False,B288
638937223,5315984574,113.65860538413219,primary,Minuwangoda New Road,False,
638943128,3645054902,5804.664994755614,primary,Katunayake-Veyangoda Road,False,B208
638943128,638916931,2690.465847152608,primary,Katunayake-Veyangoda Road,False,B208
638943128,3203261039,4010.8982041073223,primary,Udugampola-Divulapitiya Road,False,B430
638943128,3205978508,1669.6285271415402,primary,Udugampola-Divulapitiya Road,False,B430
638945897,6509381797,576.1044100478823,primary,Negombo-Mirigama Road,False,B324
638945897,3645537814,3052.7087208067505,primary,Negombo-Mirigama Road,False,B324
638945897,3203261039,4075.8544309560066,primary,Udugampola-Divulapitiya Road,False,B430
638969225,4231244463,33.74254032105353,primary,Ekala-Kotadeniyawa Road,False,B111
638969225,4231244457,13.955479933563538,trunk,,True,
638969238,3199600250,4.583215832419082,trunk,,True,
638973604,638973609,109.47875948089364,primary,Seeduwa-Kotugoda Road,False,B400
638973604,3784064218,114.46324640837682,primary,Ekala-Kotadeniyawa Road,False,B111
638973604,638976365,300.61929336102105,primary,Ekala-Kotadeniyawa Road,False,B111
638973609,667536068,6098.860324907822,primary,Kotugoda-Udugampola Road,False,B400
638973609,638973604,109.47875948089364,primary,Seeduwa-Kotugoda Road,False,B400
638973609,2375440996,25.847288449063818,primary,Ekala-Kotadeniyawa Road,False,B111
638976353,638976365,60.629013222572524,primary,Seeduwa-Kotugoda Road,True,B400
638976353,4192345640,3836.185570624724,primary,Seeduwa-Kotugoda Road,False,B400
638976365,638976368,20.93776747061665,primary,Ekala-Kotadeniyawa Road,False,B111
638976365,638973604,300.61929336102105,primary,Ekala-Kotadeniyawa Road,False,B111
638976368,638976365,20.93776747061665,primary,Ekala-Kotadeniyawa Road,False,B111
638976368,638976353,56.02434403783018,primary,Seeduwa-Kotugoda Road,True,B400
638976368,4231244463,2887.263595776913,primary,Ekala-Kotadeniyawa Road,False,B111
639127236,639127239,113.43821691438336,primary,Biyagama Free Trade Zone Road,False,B632
639127236,3710297373,1411.6938221123196,primary,Biyagama Free Trade Zone Road,False,B632
639127236,639127718,85.73263264202026,primary,Biyagama Free Trade Zone Road,False,B632
639127239,639127236,113.43821691438337,primary,Biyagama Free Trade Zone Road,False,B632
639127239,639127718,139.8706577969816,secondary,Samurdhi Mawatha,False,
639127239,639127532,1239.6532204030113,secondary,Samurdhi Mawatha,False,
639127240,639127718,5265.396790051382,secondary,"['Samurdhi Mawatha', 'Malwana Dekatana Road']",False,
639127240,3517629554,2182.976835261962,primary,New Kandy Road,False,B214
639127240,5064507626,135.90158367805955,primary,New Kandy Road,False,B214
639127532,639127239,1239.653220403011,secondary,Samurdhi Mawatha,False,
639127532,3107607858,2466.036386602169,primary,"['New Kandy Road', 'New Kandy Rd']",False,B214
639127532,3206169196,1120.6487056716205,primary,New Kandy Road,False,B214
639127718,639127240,5265.396790051382,secondary,"['Samurdhi Mawatha', 'Malwana Dekatana Road']",False,
639127718,639127239,139.8706577969816,secondary,Samurdhi Mawatha,False,
639127718,639127236,85.73263264202026,primary,Biyagama Free Trade Zone Road,False,B632
639128147,1268334824,649.4763543676376,primary,Minuwangoda-Miriswatta-Katana Road,False,B289
639128147,639129515,2663.2536269596917,primary,Minuwangoda-Miriswatta-Katana Road,False,B289
639128147,639142096,4304.705039633847,primary,Kimbulapitiya Road,False,B321
639128147,639245116,5440.251654853141,primary,Kimbulapitiya Road,False,B321
639129515,617812791,112.67249884048454,primary,Negombo-Mirigama Road,False,B324
639129515,639128147,2663.253626959692,primary,Minuwangoda-Miriswatta-Katana Road,False,B289
639129515,639247310,6852.440531524592,primary,Negombo-Mirigama Road,False,B324
639142096,4316825579,2131.2539295035203,primary,Baseline Road,False,B597
639142096,2155584783,4322.887015650012,primary,"['Minuwangoda Road', 'Baseline Road']",False,"['B597', 'B323']"
639142096,1268335758,3355.973956512297,primary,Kimbulapitiya Road,False,B321
639142096,639128147,4304.705039633844,primary,Kimbulapitiya Road,False,B321
639200159,313236260,281.4120393731391,primary,Rajapaksa Broadway,False,B27-21
639200159,639204465,350.9579467805945,primary,"['Dr. Hector Fernando Mawatha (Station Road)', 'Rajapaksa Broadway']",False,B27-21
639200159,313236265,164.51786949212777,secondary,Green's Road,False,
639200159,312920246,257.0427550576199,secondary,Green's Road,False,
639204465,313236265,230.50682098638052,primary,Main Street,False,B261
639204465,2064203704,721.5821117062221,primary,Main Street,False,B261
639204465,639200159,350.95794678059457,primary,"['Dr. Hector Fernando Mawatha (Station Road)', 'Rajapaksa Broadway']",False,B27-21
639245116,1847947621,3114.6147841000134,primary,Dunagaha-Nilpanagoda Road,False,B108
639245116,639247310,2635.2330758409635,primary,Dunagaha-Nilpanagoda Road,False,B108
639245116,639128147,5440.25165485314,primary,Kimbulapitiya Road,False,B321
639247310,639245116,2635.233075840963,primary,Dunagaha-Nilpanagoda Road,False,B108
639247310,1261568415,1909.2877905330224,primary,Negombo-Mirigama Road,False,B324
639247310,639129515,6852.440531524592,primary,Negombo-Mirigama Road,False,B324
639266144,639268374,3297.79340022577,secondary,Angampitiya-Bolawatte-Dankotuwa Road,False,B137
639266144,3658420115,2529.0501640621187,trunk,Colombo-Puttalam Road,False,A3
639266144,3658467162,6269.609094970504,trunk,Colombo-Puttalam Road,False,A3
639268374,639266144,3297.7934002257707,secondary,Angampitiya-Bolawatte-Dankotuwa Road,False,B137
639268374,1474800248,3033.81832590154,primary,Thoppuwa-Nattandiya-Madampe Road,False,B419
639268374,1474795689,329.7447785514555,primary,Thoppuwa-Nattandiya-Madampe Road,False,B419
639288676,3687641055,147.16388855457814,primary,"['Veyangoda-Nittambuwa Road', 'Katunayake-Veyangoda Road']",False,"['B445', 'B208']"
639288676,4202427009,135.00817398000004,primary,Veyangoda-Nittambuwa Road,False,B445
639288676,13083883262,4034.3901922220175,primary,Kalagedihena-Veyangoda Road,False,B179
639297344,7786924226,5398.812590329576,primary,Thihariya-Warapalana Road,False,B416
639297344,2823998651,5831.160678296998,primary,Yakkala-Radawana Road,False,B479
639297344,639298307,2355.8110463920852,primary,Yakkala-Radawana Road,False,B479
639298307,3120324420,3379.031885134381,primary,Urapola-Waturugama Road,False,B434
639298307,639297344,2355.8110463920857,primary,Yakkala-Radawana Road,False,B479
639298307,667506531,1662.6016936168041,primary,Yakkala-Radawana Road,False,B479
639689279,250731057,519.5818825853091,primary,Jinadasa Niyathapala Mawatha (Nawala Road),False,B307
639689279,672817127,1301.6701377406876,primary,Jinadasa Niyathapala Mawatha (Nawala Road),False,B307
639689279,252537800,282.35755549575936,primary,Welipara (Chandra Silva Mawatha),False,B534
642867474,129615826,70.0928172002756,trunk,High Level Road,False,A4
642867474,6006772899,60.93792829124786,trunk,High Level Road,False,A4
645126091,3864419811,7.248453729439408,trunk,Colombo-Kandy Road,True,A1
646762530,619732393,8.185005015917076,primary,De Soysa Circus,True,
650721754,1428449258,9.394881533261689,secondary,Bauddhaloka Mawatha,False,
650721754,2174786546,440.0391640081821,primary,Dr. N. M. Perera Mawatha (Cotta Road),True,AC4
651260245,129615942,33.45358333579149,trunk,High Level Road,False,A4
651260245,4582456543,867.1735478792351,trunk,High Level Road,False,A4
651263576,618747712,527.523762982553,primary_link,Sri Uttarananda Mawatha,True,
651263576,5180475383,139.0557403556434,primary,Sri Uttarananda Mawatha,False,
651263576,13444619411,474.2119565396569,primary,Sri Uttarananda Mawatha,False,
651637344,1278169498,24.298000064674746,trunk,Gampaha-Ja Ela Road,False,A33
651637344,7291030424,730.5555564818425,trunk,Gampaha-Ja Ela Road,False,A33
651637359,1278169498,15.096377877215154,trunk,Gampaha-Ja Ela Road,False,A33
651637359,4231371023,22.904396585384937,primary,Old Puttalam Road,False,AB28
651637359,1278086605,448.3142120811902,trunk,Gampaha-Ja Ela Road,False,A33
651746985,5232614480,17.54759923087089,primary,Modara Road,True,B235
651746985,4663300583,1010.8262690635535,primary,Modara Road,False,B235
651747031,3448778695,912.2766141263277,trunk,Galle Road,False,A2
651747031,1418747701,5172.735803273027,primary,Egoda Uyana Road,False,B235
651747031,2339320507,5811.081702129544,trunk,Old Galle Road,False,A2
652378597,2339285632,8.18222847954677,trunk_link,,False,
652378597,2339365431,748.4556462928002,trunk,Galle Road,True,A2
652378719,2339349484,1038.6295103782686,primary,Arthur V. Dias Mawatha (Main Street),False,AB27
652384088,1425700952,37.23090160463227,primary,De Soysa Road,True,B295
652384088,694987695,2583.0457837727813,primary,De Soysa Road,False,B295
652384089,652384088,37.93151777765112,primary,De Soysa Road,True,B295
652384089,1425700952,20.419040892912065,trunk,Galle Road,True,A2
652394817,599347546,1720.1008001065477,primary,Kaldemulla Road,False,B545
652533088,1307348559,19.978620383378523,primary,Bauddhaloka Mawatha,True,
652533088,3150421800,451.4892838764278,trunk,Dudley Senanayake Mawatha (Castle Street),True,A0
652615607,130346191,2584.8772691447384,primary,"['Morris Road', 'H. K. Edmond Mawatha']",False,B109
652615607,5294022980,661.4058594568531,primary,H. K. Edmond Mawatha,False,B109
652615607,1242344698,2591.471403878304,secondary,"['Sri Jinendrarama Mawatha', 'D.Samson Rajapaksha Mawatha']",False,
653109529,3164371478,28.69319345908461,secondary,Srimath Anagarika Dharmapala Mawatha,True,
653109529,6272039662,32.46417842194876,trunk,Liberty Roundabout,True,
653145822,654187034,226.5926735408638,secondary,Madampitiya Road,False,
653145822,313411340,2098.8083987158916,primary,"['H. Joe Perera Mawatha (Aluthmawatha Road)', 'Srimath Ramanadhan Mawatha', 'Aluthmawatha Road']",False,
653145822,681584663,407.56703425856216,primary,Aluthmawatha Road,False,
653148590,1863416593,16.43506850787844,trunk,Dr. Danister de Silva Mawatha (Baseline Road),True,AC5
653148591,2093030672,240.89280537873253,secondary,Dr. Danister de Silva Mawatha (Baseline Road),True,
653148591,653148592,672.2174638127682,trunk,Dr. Danister de Silva Mawatha (Baseline Road),True,AC5
653148592,3150410546,284.29192683712495,trunk,Dr. Danister de Silva Mawatha (Baseline Road),True,AC5
653148593,2093029550,220.44942635404794,secondary,Dr. Danister de Silva Mawatha (Baseline Road),True,
653148593,653148590,670.8763183255963,trunk,Dr. Danister de Silva Mawatha (Baseline Road),True,AC5
654148520,654148521,9.23389310616039,primary_link,,False,
654148520,3610826712,532.0375218770677,primary,D. R. Wijewardene Mawatha,True,AC6
654148521,654148520,9.23389310616039,primary_link,,False,
654148521,6234403697,996.4000033490603,primary,D. R. Wijewardene Mawatha,True,AC6
654159864,3186529289,5.267260815298879,primary,,True,
654159865,91031447,976.736089581065,primary,"['Sea Beach Road', 'N. H. M. Abdul Cader Mawatha']",False,"['AC20', 'AC26']"
654159865,654159864,37.82266852560693,primary,Sea Beach Road,True,AC26
654187034,653145822,226.5926735408638,secondary,Madampitiya Road,False,
654187034,681584663,480.2982153311418,secondary,Sri Pannananda Mawatha,False,
654187034,4814709483,706.7212557803849,secondary,Madampitiya Road,False,
654187034,599141434,2568.373280024524,secondary,"['K. Cyril C. Perera Mawatha (Bloemendahl Road)', 'Bloemendahl Road']",False,
658424634,5316437631,4235.681728233049,primary,New Kandy Road,False,B214
658424634,658424660,4459.257958082355,primary,Kirillawala-Weliweriya Road,False,B161
658424634,619906809,368.57227161350994,primary,New Kandy Road,False,B214
658424660,4787694002,9.305179073050343,primary_link,,False,
658424660,658424634,4459.257958082358,primary,Kirillawala-Weliweriya Road,False,B161
658424660,2028303947,1397.13396420329,trunk,Colombo-Kandy Road,True,A1
660916674,10259347343,486.4159367030501,primary,New Hospital Road,False,AB5
660916674,2152938672,937.8748508390096,primary,New Hospital Road,False,AB5
660916674,2152938662,471.09273510968904,secondary,New Hospital Road,False,
661806557,10628115404,157.10957643053638,secondary,,True,
661806557,1249801969,401.2529560092895,trunk,Galle Road,True,A2
662326567,662337895,26.306728252004817,trunk,Rt. Hon. D. S. Senanayake Mawatha,True,AC7
662326567,662326576,35.70265732285685,trunk,Kanatta Roundabout,True,
662326576,1235777074,14.265058731733875,trunk,Kanatta Roundabout,True,
662337895,3150421789,34.8755390132366,primary_link,,True,
662337895,635117662,241.7528454209638,trunk,Rt. Hon. D. S. Senanayake Mawatha,True,AC7
662848124,618528183,27.467815624652953,primary_link,,True,
662848124,3574703794,71.21711643228139,trunk,Sri Jayewardenepura Mawatha,True,A0
662901136,618542173,298.4542701447844,primary,Ward Place,True,
662901136,3150402309,13.204983786573782,trunk,,True,
662901136,5220461443,1000.2003406923596,primary,"['Gnanartha Pradeepaya Road', 'P. de S. Kularatne Mawatha']",True,AC19
662901137,662901136,12.548050377661909,primary,,True,
662901137,3150421787,369.74423729031105,trunk,Rt. Hon. D. S. Senanayake Mawatha,True,AC7
663253013,6233616394,7.042095636902347,primary_link,,False,
663253013,663253092,61.33564696612291,primary,,True,
663253092,3136316335,130.95133005827446,primary,,True,
663702778,619152165,8.59418902144121,primary,Sri Jayawardenapura Mawatha,False,
663702778,4817216282,355.195865690381,trunk,Sri Jayewardenepura Mawatha,True,A0
664420249,664420352,24.897265585783128,secondary,Srimath Anagarika Dharmapala Mawatha,True,
664420249,619732389,15.15728692542428,"['secondary', 'primary']",Lipton Circus,True,
664420352,679746549,195.73495532831316,secondary,Srimath Anagarika Dharmapala Mawatha,True,
664501764,4328924651,393.8164028913124,primary,New Kelani Bridge Road,True,
665006631,665006657,16.807140974736647,primary,Piliyandala - Kottawa Road,False,B267
665006631,291672423,628.7913737347487,primary,Kesbewa-Kosgaha Handiya Road,False,B510
665006631,252537410,4840.985940921964,primary,Piliyandala - Kottawa Road,False,B267
665006657,665006631,16.807140974736647,primary,Piliyandala - Kottawa Road,False,B267
665006657,3498458033,728.8912988356841,primary,Kesbewa-Kosgashandiya Road,False,B510
665006657,257673162,608.0686913358859,primary,Piliyandala - Kottawa Road,False,B267
665214512,665214513,72.16704844401258,trunk,Srimath Anagarika Dharmapala Mawatha,True,A0
665214512,4515020730,311.97325822805817,trunk,Galle Road,True,A2
665214513,618027759,99.27945144415936,trunk,Srimath Anagarika Dharmapala Mawatha,True,A0
665240022,255040405,601.8056103361938,trunk,Sir Chittampalam A. Gardiner Mawatha,True,A4
665240022,259648440,39.1021499783238,trunk,Slave Island Police Round About,True,
665241266,1280869012,26.3702675686648,trunk,York Street,True,
665241266,1280869006,52.18176998296447,primary,Lotus Road,True,AC15
665246977,9473965630,28.655581952015158,primary,Khan Clock Tower Roundabout,True,
665685894,2339326612,29.070647610016817,trunk,Galle Road,True,A2
665685929,1418994146,9.109201766437913,trunk_link,,False,A2
665685929,2337337149,6169.936354957285,primary,Galle Road New Deviation,True,AB11
665685929,6266463975,19.15299518528448,trunk_link,,True,A2
665686664,1131882981,47.43900257248396,primary_link,,True,
665686664,253022446,117.95825671995748,trunk,Dr. Danister de Silva Mawatha,True,A1
666881493,620384473,9.77350657284128,secondary,Rotunda Garden,False,
666881493,4515020715,324.7760793746894,trunk,Galle Road,True,A2
666903979,2015155899,225.0515796138736,primary,Bauddhaloka Mawatha,False,AC2
666903979,635079773,710.3549567224037,trunk,Galle Road,True,A2
667426156,7786924226,9.629666871434578,primary_link,,False,
667426156,324966462,2425.729969044128,trunk,Colombo-Kandy Road,True,A1
667506531,3816584562,10156.85117477625,primary,Miriswatta-Waturugama Road,False,B292
667506531,639298307,1662.6016936168044,primary,Yakkala-Radawana Road,False,B479
667506531,3387391143,2766.0859580455076,primary,Yakkala-Radawana Road,False,B479
667524408,667529248,2874.4304719274605,primary,Krindiwita-Ganemulla Road,False,B226
667524408,2155580074,9297.544084670644,secondary,"[""St. Mary's road-Jaela-Ganemulla Road"", 'Ganemulla-Weligampitiya Road', 'Kandana Road', '278 bus route:Jaela-Ganemulla Road', 'Jaela-Ganemulla Road']",False,
667524408,5559025442,7896.071565391142,primary,"['Kadawatha-Ganemulla Road', 'Main Street']",False,"['B226', 'B58']"
667529248,667524408,2874.430471927462,primary,Krindiwita-Ganemulla Road,False,B226
667529248,667536145,231.08497910986475,trunk,Gampaha-Ja Ela Road,False,A33
667529248,637763018,7111.099368477621,trunk,Gampaha-Ja Ela Road,False,A33
667536068,667537356,41.11450241928518,primary,Kotugoda-Udugampola Road,False,B400
667536068,638973609,6098.860324907819,primary,Kotugoda-Udugampola Road,False,B400
667536068,667536145,3942.4212534852363,primary,Krindiwita-Assennawatta Road,False,B225
667536145,3289420458,2166.9011388413896,trunk,Gampaha-Ja Ela Road,False,A33
667536145,667529248,231.08497910986472,trunk,Gampaha-Ja Ela Road,False,A33
667536145,667536068,3942.4212534852363,primary,Krindiwita-Assennawatta Road,False,B225
667537356,667536068,41.11450241928518,primary,Kotugoda-Udugampola Road,False,B400
667537356,638936200,656.7904298808835,primary,Kotugoda-Udugampola Road,False,B400
667537356,638935065,1686.4522333834786,primary,Krindiwita-Assennawatta Road,False,B225
667547394,638921965,3715.244118489612,primary,Krindiwita-Assennawatta Road,False,B225
667547394,6509381795,5104.293134176758,primary,Ekala-Kotadeniyawa Road,False,B111
667547394,1847947621,2581.7876382110117,primary,Ekala-Kotadeniyawa Road,False,B111
668963648,9075697858,9.545522990675199,primary,Panchikawatte Road,True,AC22
668963648,9075697857,758.4741039981798,secondary,Jayantha Weerasekara Mawatha,True,AC13
669217870,3825202164,4.3621285511522485,trunk,Lotus Round About,True,
669218019,191794735,24.10052673881989,trunk,Galle Face Roundabout,True,
670802545,12287228624,12.812954497479284,primary,Sir Mohamed Macan Markar Mawatha,True,
670802545,12287228642,296.0347580495037,primary,Justice Akbar Mawatha,True,
670802546,7153699522,434.2599437562372,primary,New Baladaksha Mawatha,False,
670802546,9470509031,62.23670721756603,primary,New Baladaksha Mawatha,True,
672596769,2247695870,28.409823969632548,trunk,Edmonton Road,True,
672596769,2247695871,51.57171245430311,trunk_link,,True,
672817127,254033158,980.2403423299359,primary,Nawala Road,False,B470
672817127,13695751609,1230.4516980143226,primary,"['Narahenpita Road', 'Nawala Road']",False,B307
672817127,639689279,1301.6701377406873,primary,Jinadasa Niyathapala Mawatha (Nawala Road),False,B307
674684720,3150421789,425.5004580196143,primary,Bauddhaloka Mawatha,False,
674684720,652533088,66.83770503187267,primary,Bauddhaloka Mawatha,True,
674684731,3964910415,37.35272759591999,primary_link,,True,
674898973,3240952949,7486.097444764561,primary,Veyangoda-Kaleliya Road,False,B444
674898973,324965926,3725.4634619219128,primary,Veyangoda-Nittambuwa Road,False,B445
674898973,4202427002,186.69028673229866,primary,Veyangoda-Nittambuwa Road,False,B445
678334663,678334730,25.907519740148754,trunk,,True,A4
678334679,678335411,45.442908028392495,trunk,Sri Sambuddhatwa Jayanthi Mawatha (Havelock Road),True,A4
678334679,678334696,22.32910885712765,primary,Bauddhaloka Mawatha,True,AC2
678334696,678334663,34.361488046170216,trunk,,True,A4
678334696,9580103932,17.889526005122008,primary,Bauddhaloka Mawatha,True,AC2
678334722,678334679,36.34233823825056,trunk,,True,A4
678334722,678334730,32.19516078096022,trunk,,True,
678334730,678334735,8.819436538335408,trunk,,True,
678334735,3808874254,28.241701937783702,trunk,,True,
678334735,618096975,166.55129195259764,trunk,Philip Gunawardene Mawatha (Reid Avenue),True,A4
678335056,2015155899,303.5893817481407,primary,Bauddhaloka Mawatha,False,AC2
678335056,678334663,60.20155649711932,primary,Bauddhaloka Mawatha,True,AC2
678335411,3742192393,563.5474974223089,trunk,Sri Sambuddhatwa Jayanthi Mawatha (Havelock Road),False,A4
678335411,13425538963,19.103817135322984,trunk,Sri Sambuddhatwa Jayanthi Mawatha (Havelock Road),True,A4
679746549,679746553,6.174980786295011,secondary,,True,
679746553,679746558,13.08497112150659,secondary,,True,
679746553,3893909444,302.8531028603546,secondary,F. R. Senanayake Mawatha,True,
679746558,679746560,12.103298766939421,secondary,,True,
679746560,679751868,571.8995612096007,secondary,Srimath Anagarika Dharmapala Mawatha,True,
679746560,1346377742,19.458728114328718,secondary,,True,
679749960,1346377747,44.83915840770739,secondary,Srimath Anagarika Dharmapala Mawatha,True,
679749960,679746549,18.625662818244443,secondary,,True,
679751864,679751868,62.08019710141818,secondary_link,,True,
679751864,6524645097,350.5488908808532,secondary,Srimath Anagarika Dharmapala Mawatha,True,
679751868,1307336320,104.83429826882843,secondary,Sir Marcus Fernando Mawatha,True,
681584663,654187034,480.2982153311417,secondary,Sri Pannananda Mawatha,False,
681584663,653145822,407.56703425856216,primary,Aluthmawatha Road,False,
681584663,6537358006,1925.0582202462526,primary,"['Canal Road (New Negombo Road)', 'Mattakkuliya Centre Road', 'Aluthmawatha Road', 'Approach Road to Mattakkuliya Bridge', 'Mattakkuliya Bridge']",False,B152
682687439,665246977,50.530268274181466,primary,N. H. M. Abdul Cader Mawatha,True,AC20
682687439,91031447,12.5829631007895,primary,N. H. M. Abdul Cader Mawatha,False,AC20
683787618,3152507940,8.538143138560885,secondary,New Kolonnawa Road,False,
683787618,2131864639,2637.9381826935246,primary,"['New Kolonnawa Road', 'Gajaba Road', 'Parakumba Mawatha']",False,B232
683787618,10219043287,675.6436309245266,primary,Cotta Road,True,B62
685393534,1244985940,16.60957860775284,secondary,Sri Bharathindra Mawatha,True,B397-7
685393534,567004704,624.7433038019228,secondary,Sri Bharathindra Mawatha,False,B397-7
694987695,652384088,2583.045783772782,primary,De Soysa Road,False,B295
694987695,2558457385,2411.41681056387,primary,Moratuwa-Piliyandala Road,False,B295
694987695,50422936,1809.5509680675573,primary,Katubedda-Kospelena Road,False,B204
733573148,324994643,9.59349138343391,primary_link,,False,
733573148,6535741179,1751.2230436065759,trunk,Colombo-Kandy Road,True,A1
733606450,403874494,1199.9988898414133,primary,Ambatale Road,False,AB10
733606450,5122515798,39.6970786952998,primary,Ambatale Road,False,AB10
733606450,13653585418,99.44538019873812,primary_link,,True,
773016545,1244985944,575.3228144561663,secondary,Outer Circular Road (Watawandana Road),False,B341
773016545,2833603895,952.8296884423221,secondary,Old Trincomalee Road,False,B164
773016545,13596149373,732.5352120887846,secondary,Malwatu Oya Left Bank Road,False,B397-13
843506679,3799756193,22.29267322601369,primary,Bauddhaloka Mawatha (King George Avenue),True,B219
843506679,3681424087,444.2302907388788,primary,Bauddhaloka Mawatha (King George Avenue),False,B219
843513352,5315984604,7.094506434522668,primary_link,,False,
843513352,5315988823,168.19509735564088,trunk,Colombo Road,True,A33
843513354,5315984609,7.448322727742267,primary_link,,False,
843513354,3891382236,70.55579140719252,trunk,Colombo Road,True,A33
844679704,3478551526,7.324249752360086,secondary_link,,False,
844679704,645126091,235.01114538948846,trunk,Colombo-Kandy Road,True,A1
847419106,1886574479,7085.967257682576,secondary,Karainagar Circular Road,False,B197
847419106,1886574479,4513.740763222912,primary,Jaffna-Manipay-Karainagar Road,False,AB017
847419106,847419308,3450.7530731563484,primary,"['Karanaigar Causeway', 'Jaffna-Manipay-Karainagar Road']",False,AB017
847419308,3896381303,32.92497651593881,primary,Karanaigar Causeway,True,AB017
847419308,847419106,3450.7530731563484,primary,"['Karanaigar Causeway', 'Jaffna-Manipay-Karainagar Road']",False,AB017
847420598,853986268,3733.9160944262326,secondary,Vallai Tellippalai Araly Road,False,B437
847420598,853138091,908.5240056656766,secondary,Vallai Tellippalai Araly Road,False,B437
847420598,847421031,3094.806800576846,primary,Jaffna-Ponnalai Road,False,AB021
847420598,3896381309,3500.1987232337883,primary,Jaffna-Ponnalai Road,False,AB021
847421031,853986268,2939.233512342612,primary,Valukkairaru - Pungudutivu - Kurikadduwan,False,AB039
847421031,853165390,4487.737950168799,primary,Jaffna-Ponnalai Road,False,AB021
847421031,847420598,3094.8068005768464,primary,Jaffna-Ponnalai Road,False,AB021
847436961,847437156,2238.4570531989734,primary,Vallai Causeway,False,AB020
847436961,1245033035,1554.592354796263,secondary,Vallai Tellippalai Araly Road,False,B 437
847436961,1245033052,2065.1708465022625,primary,Jaffna-Point Pedro Road,False,AB020
847437156,1148495382,1373.995262601055,primary,Jaffna-Point Pedro Road,False,AB020
847437156,847436961,2238.4570531989734,primary,Vallai Causeway,False,AB020
847437156,848594025,730.8284616325802,secondary,Vallai-Udupiddy - Velvettiturai,False,B 438
847437694,847469569,403.2020526679569,primary,Jaffna-Point Pedro Road,False,AB020
847437694,4439545826,6351.913835519291,primary,Jaffna-Point Pedro Road,False,AB020
847437694,854150056,9476.383952779972,primary,"['Puttur-Meesalai Road', 'Vannathi Bridge']",False,AB032
847439889,849238535,3346.067256582296,secondary,Sangilitoppu-Chemmani Road,False,B399
847439889,4439545826,5230.875791147511,primary,Jaffna-Point Pedro Road,False,AB020
847439889,847467192,1062.7392266645334,primary,Jaffna-Point Pedro Road,False,AB020
847467192,847467198,586.6176594457957,secondary,Arasady Road,False,B305
847467192,847439889,1062.739226664533,primary,Jaffna-Point Pedro Road,False,AB020
847467192,1148495171,959.756349186977,primary,Jaffna-Point Pedro Road,False,AB020
847467198,1148495171,774.6432652930272,primary,Jafna-Palali Road,False,AB018
847467198,847467265,828.6910421230004,primary,Jafna-Palali Road,False,AB018
847467198,847467215,1136.2152687705466,secondary,Arasady Road,False,B305
847467198,847467192,586.6176594457959,secondary,Arasady Road,False,B305
847467215,853165643,30.0604778772327,primary,Jaffna - Kankesanthurai Road,False,AB016
847467215,847467198,1136.215268770547,secondary,Arasady Road,False,B305
847467215,847468303,1342.3735398500467,primary,Jaffna - Kankesanthurai Road,False,AB016
847467265,847468295,1318.3387739867203,secondary,Ramanathan Road,False,
847467265,847467198,828.6910421230006,primary,Jafna-Palali Road,False,AB018
847467265,849238277,4453.914785976776,primary,Jafna-Palali Road,False,AB018
847468295,847467265,1318.3387739867203,secondary,Ramanathan Road,False,
847468295,853165643,588.5765358102027,primary,Jaffna - Kankesanthurai Road,False,AB016
847468295,847468342,1257.8179725101252,primary,Jaffna - Kankesanthurai Road,False,AB016
847468303,5255462083,507.0019826511784,primary,Jaffna - Kankesanthurai Road,False,AB016
847468303,847467215,1342.3735398500469,primary,Jaffna - Kankesanthurai Road,False,AB016
847468303,5522105422,1225.6771950338234,primary,Jafna-Manipay-Karainagar Road,False,AB017
847468303,1148495171,1140.2659186240446,primary,"['Stanley Road', 'Jafna-Palali Road']",False,"['AB018', 'AB017']"
847468342,847468295,1257.8179725101247,primary,Jaffna - Kankesanthurai Road,False,AB016
847468342,854093516,873.9048894762145,primary,Jaffna - Kankesanthurai Road,False,AB016
847468342,853156385,1942.1193317947075,secondary,Kulapiddy Road,False,B230
847468378,854093516,2900.6409495266785,primary,Jaffna - Kankesanthurai Road,False,AB016
847468378,847468394,1725.362265264804,primary,Jaffna - Kankesanthurai Road,False,AB016
847468378,853155878,4742.690318900495,secondary,Manipai Kaitadi road,False,B268
847468378,849238277,2715.453081553929,secondary,Manipai Kaitadi road,False,B268
847468394,847468378,1725.3622652648035,primary,Jaffna - Kankesanthurai Road,False,AB016
847468394,5847955549,2071.6583398191124,primary,Jaffna - Kankesanthurai Road,False,AB016
847468394,847469685,3087.0620763773177,secondary,Puttur - Kantharoday,False,B380
847468394,854024183,3694.7338279009864,secondary,Puttur - Kantharoday,False,B380
847469569,1245033052,1970.900664880597,primary,Jaffna-Point Pedro Road,False,AB020
847469569,847437694,403.2020526679569,primary,Jaffna-Point Pedro Road,False,AB020
847469569,847469685,5983.82100560281,secondary,Puttur - Kantharoday,False,B380
847469685,847469569,5983.821005602811,secondary,Puttur - Kantharoday,False,B380
847469685,847468394,3087.0620763773186,secondary,Puttur - Kantharoday,False,B380
847469685,849238277,3372.2202508916894,primary,Jafna-Palali Road,False,AB018
847469685,1245033104,4889.666340871814,primary,Jafna-Palali Road,False,AB018
847483734,6286527899,3184.1838277247657,primary,Jaffna-Point Pedro Road,False,AB020
847483734,11112485995,1368.57116695019,primary,Jaffna-Point Pedro Road,False,AB020
847483734,848553626,778.0370868822883,secondary,Alvai - Nelliady - Tunnalai,False,B013
847483734,847851582,2143.1873808363653,secondary,Alvai - Nelliady - Tunnalai,False,B013
847835914,1654297620,3555.7116386730113,primary,Valukkairaru - Pungudutivu - Kurikadduwan,False,AB039
847835914,847836026,2344.0866692483582,primary,Valukkairaru - Pungudutivu - Kurikadduwan,False,AB039
847835914,13304847351,6819.379796733723,primary,Jaffna-Pannai-Kayts Road,False,AB019
847835914,5474822523,11908.837446020265,primary,Jaffna-Pannai-Kayts Road,False,AB019
847835979,13304847351,1451.3261485082855,primary,Jaffna-Pannai-Kayts Road,False,AB019
847836026,13304847351,7041.898732560554,secondary,Velanai-Kayts Road,False,B441
847836026,847835914,2344.0866692483582,primary,Valukkairaru - Pungudutivu - Kurikadduwan,False,AB039
847836026,871932407,11755.021042672597,primary,"['Valukkairaru - Pungudutivu - Kurikadduwan', 'Punkudutivu Causeway']",False,AB039
847836620,871932407,4000.720835680266,primary,Valukkairaru - Pungudutivu - Kurikadduwan,False,AB039
847851002,847869821,293.69004712564936,trunk,Kandy - Jaffna Road,False,AA009
847851002,847851217,7217.084230147431,trunk,Kandy - Jaffna Road,False,AA009
847851002,854150056,3679.810033151873,secondary,Chavakachcheri-Puloly,False,B075
847851217,847851002,7217.084230147431,trunk,Kandy - Jaffna Road,False,AA009
847851217,4439545826,4838.426810992612,secondary,Manipai Kaitadi road,False,
847851217,847851287,1958.6717457335576,trunk,Kandy - Jaffna Road,False,AA009
847851287,4136824664,40.581700190693304,trunk,Kandy - Jaffna Road,True,AA009
847851287,847851217,1958.6717457335585,trunk,Kandy - Jaffna Road,False,AA009
847851582,847483734,2143.1873808363653,secondary,Alvai - Nelliady - Tunnalai,False,B013
847851582,848553191,2400.1362734955737,secondary,Alvai - Nelliady - Tunnalai,False,B013
847851582,848554190,2341.0943926541327,secondary,Chavakachcheri-Puloly,False,B075
847851582,847851714,1836.2279296417482,secondary,Chavakachcheri-Puloly,False,B075
847851714,847863823,3132.87540288558,secondary,Tondaimanar Vallai Tunnalai Road,False,B417
847851714,847864408,5693.393397224816,secondary,Tondaimanar Vallai Tunnalai Road,False,B417
847851714,847851582,1836.2279296417485,secondary,Chavakachcheri-Puloly,False,B075
847851714,854150056,10758.23218181151,secondary,Chavakachcheri-Puloly,False,B075
847863823,847851714,3132.87540288558,secondary,Tondaimanar Vallai Tunnalai Road,False,B417
847863823,848553191,873.980201599377,primary,Puloly-Kodikamam-Kochchai Road,False,AB031
847863823,849189814,10087.795367355142,primary,Puloly-Kodikamam-Kochchai Road,False,AB031
847864408,847851714,5693.393397224817,secondary,Tondaimanar Vallai Tunnalai Road,False,B417
847864408,4550021668,3263.233353923567,primary,Jaffna-Point Pedro Road,False,AB020
847864408,1148495382,149.13226033162664,primary,Jaffna-Point Pedro Road,False,AB020
847869821,1245043260,26.702929738616707,secondary,Chavakachcheri - Kachchai,False,B074
847869821,4136868892,29.284997192201917,trunk,Kandy - Jaffna Road,False,AA009
847869821,847851002,293.6900471256494,trunk,Kandy - Jaffna Road,False,AA009
848553191,847851582,2400.136273495574,secondary,Alvai - Nelliady - Tunnalai,False,B013
848553191,848554190,3279.191986770303,primary,Puloly-Kodikamam-Kochchai Road,False,AB031
848553191,847863823,873.9802015993771,primary,Puloly-Kodikamam-Kochchai Road,False,AB031
848553626,854187070,2920.265778455058,secondary,Alvai - Nelliady - Tunnalai,False,B013
848553626,847483734,778.0370868822885,secondary,Alvai - Nelliady - Tunnalai,False,B013
848553626,5637989077,1622.8919645749122,secondary,Uduppiddy Road,False,NJF051
848554190,6286527902,215.20029290200952,primary,,False,
848554190,847851582,2341.0943926541327,secondary,Chavakachcheri-Puloly,False,B075
848554190,848553191,3279.191986770304,primary,Puloly-Kodikamam-Kochchai Road,False,AB031
848554341,1148495722,4706.32299147328,secondary,Point Pedro East Coast Road,False,B370
848554341,1141723502,32960.01035743035,secondary,"['Soranapattu - Thalayadi', 'Point Pedro-Muruthankerni Road', 'Point Pedro - Maruthankerny']",False,"['B402', 'B371']"
848554341,854186991,1673.7833837449746,secondary,Point Pedro - Maruthankerny,False,B371
848593926,3804229985,34.70729536777679,primary,Thoandamanaru - Vallai - Tunnalai,False,B417
848593926,1148495922,1091.2971763473442,primary,Jaffna-Ponnalai-Point Pedro Road,False,AB021
848593926,7569009680,4277.237542809811,primary,Jaffna-Ponnalai-Point Pedro Road,False,AB021
848594025,1148495382,1241.9873677497476,secondary,Thoandamanaru - Vallai - Tunnalai,False,B417
848594025,3804229985,2621.1177289992543,secondary,Thoandamanaru - Vallai - Tunnalai,False,B417
848594025,1245037494,1684.04712954599,secondary,Vallai-Udupiddy - Velvettiturai,False,B 438
848594025,847437156,730.8284616325802,secondary,Vallai-Udupiddy - Velvettiturai,False,B 438
848594067,4550021670,2309.6801026739977,secondary,Uduppiddy Road,False,NJF051
848594067,848610217,2151.32340707683,primary,Vallai-Udupiddy - Velvettiturai,False,B 438
848594067,1245037494,928.0889672578187,primary,Vallai-Udupiddy - Velvettiturai,False,B 438
848610217,848594067,2151.32340707683,primary,Vallai-Udupiddy - Velvettiturai,False,B 438
848610217,7569009680,35.42520969179762,primary,Vallai-Udupiddy - Velvettiturai,True,B 438
848610218,848610217,30.938620975117143,primary,Vallai-Udupiddy - Velvettiturai,True,B 438
848610218,854187070,3696.051514099805,secondary,Jaffna-Ponnalai-Point Pedro Road,False,AB021
848610218,7569009680,18.00743202260822,primary,Jaffna-Ponnalai-Point Pedro Road,False,AB021
849189814,847863823,10087.795367355136,primary,Puloly-Kodikamam-Kochchai Road,False,AB031
849189814,4136868890,9005.340306542477,secondary,"['Puloly-Kodikamam-Kochchai Road', 'Chavakachcheri - Kachchai']",False,"['AB031', 'B074']"
849189814,1141723502,19619.722518019455,trunk,Kandy - Jaffna Road,False,AA009
849189814,1148495443,2754.907930651717,trunk,Kandy - Jaffna Road,False,AA009
849238277,847468378,2715.453081553929,secondary,Manipai Kaitadi road,False,B268
849238277,4439545826,3228.3184420699085,secondary,Manipai Kaitadi road,False,B268
849238277,847467265,4453.914785976775,primary,Jafna-Palali Road,False,AB018
849238277,847469685,3372.2202508916907,primary,Jafna-Palali Road,False,AB018
849238535,1148494612,2153.6158384134487,trunk,Kandy - Jaffna Road,False,AA009
849238535,2152817015,4415.9056776267735,trunk,Kandy - Jaffna Road,False,AA009
849238535,847439889,3346.0672565822974,secondary,Sangilitoppu-Chemmani Road,False,B399
849241768,2050947457,37.40623448922218,secondary,Circular Road,True,
849241768,12636344432,458.5319836340744,secondary,Circular Road,False,
849241783,849241788,269.2576640987057,primary,"['Kandy - Jaffna Road', 'Jaffna-Ponnalai-Point Pedro Road']",False,
849241783,5445976938,569.8210238407548,primary,Jaffna-Ponnalai-Point Pedro Road,False,
849241783,2052447109,639.4721379492958,secondary,Beach Road,False,B165
849241788,5445976497,532.014646370777,trunk,Jaffna - Kankesanthurai Road,False,AA009
849241788,849241783,269.25766409870573,primary,"['Kandy - Jaffna Road', 'Jaffna-Ponnalai-Point Pedro Road']",False,
849241788,2152817015,1553.6779235548051,trunk,Kandy - Jaffna Road,False,AA009
853137780,853138091,2320.9818047001945,secondary,Vallai Tellippalai Araly Road,False,B437
853137780,5126464949,2412.927196062733,secondary,Vallai Tellippalai Araly Road,False,B437
853137780,853155767,1411.1252143765798,primary,Jaffna-Manipay-Karainagar Road,False,AB017
853137780,7098638333,5422.2270888364565,primary,Jaffna-Manipay-Karainagar Road,False,AB017
853138091,847420598,908.5240056656764,secondary,Vallai Tellippalai Araly Road,False,B437
853138091,853137780,2320.9818047001945,secondary,Vallai Tellippalai Araly Road,False,B437
853138091,853156367,6496.915741100206,secondary,Kokkuvil Vaddukkodai Road,False,B230
853155767,853155878,1688.0934618370763,primary,Jaffna-Manipay-Karainagar Road,False,AB017
853155767,853137780,1411.1252143765794,primary,Jaffna-Manipay-Karainagar Road,False,AB017
853155767,854070754,1459.106157713816,secondary,Kadduvan Mallakam Chankanai road,False,B170
853155878,853155767,1688.093461837076,primary,Jaffna-Manipay-Karainagar Road,False,AB017
853155878,853156231,3445.4469829416453,primary,Jafna-Manipay-Karainagar Road,False,AB017
853155878,854023955,1319.1453914918816,secondary,,False,
853155878,847468378,4742.690318900493,secondary,Manipai Kaitadi road,False,B268
853156231,853156367,1370.7390577982294,primary,Jafna-Manipay-Karainagar Road,False,AB017
853156231,853155878,3445.4469829416457,primary,Jafna-Manipay-Karainagar Road,False,AB017
853156231,854093516,2761.18254596394,secondary,Thavadi - Suthumalai,False,B414
853156367,853156385,164.0842433669382,primary,Jafna-Manipay-Karainagar Road,False,AB017
853156367,853156231,1370.7390577982296,primary,Jafna-Manipay-Karainagar Road,False,AB017
853156367,853138091,6496.915741100204,secondary,Kokkuvil Vaddukkodai Road,False,B230
853156385,5526678658,2327.2677682717635,primary,Jafna-Manipay-Karainagar Road,False,AB017
853156385,853156367,164.0842433669382,primary,Jafna-Manipay-Karainagar Road,False,AB017
853156385,847468342,1942.1193317947073,secondary,Kulapiddy Road,False,B230
853156641,5522105422,430.9280097886808,primary,Jafna-Manipay-Karainagar Road,False,AB017
853156641,5526678658,48.33860665938451,primary,Jafna-Manipay-Karainagar Road,False,AB017
853156641,3803918467,34.98394767132632,secondary,Main Road,False,
853165390,5522105422,1124.206689364778,secondary,Navanturai - Oddumadam,False,B315
853165390,2050947417,2698.4472677326303,primary,"['Jaffna - Ponnalai - Point Pedro', 'Jaffna-Ponnalai-Point Pedro Road', 'Jaffna-Ponnalai Road']",False,AB021
853165390,847421031,4487.737950168799,primary,Jaffna-Ponnalai Road,False,AB021
853165643,847467215,30.0604778772327,primary,Jaffna - Kankesanthurai Road,False,AB016
853165643,847468295,588.5765358102028,primary,Jaffna - Kankesanthurai Road,False,AB016
853165643,3803918467,619.3179120644972,secondary,Main Road,False,B305
853986268,5840217780,270.1369079077034,primary,Valukkairaru - Pungudutivu - Kurikadduwan,False,AB039
853986268,847421031,2939.2335123426124,primary,Valukkairaru - Pungudutivu - Kurikadduwan,False,AB039
853986268,847420598,3733.916094426231,secondary,Vallai Tellippalai Araly Road,False,B437
854023955,854070754,118.63781526011864,secondary,Kadduvan Mallakam Chankanai road,False,B170
854023955,854024183,1623.4995025464596,secondary,Kadduvan Mallakam Chankanai road,False,B170
854023955,853155878,1319.1453914918816,secondary,,False,
854024183,5847955549,4532.213978243631,secondary,Kadduvan Mallakam Chankanai road,False,B170
854024183,854023955,1623.4995025464598,secondary,Kadduvan Mallakam Chankanai road,False,B170
854024183,847468394,3694.7338279009855,secondary,Puttur - Kantharoday,False,B380
854070627,5126464943,252.8527393908123,secondary,Vallai Tellippalai Araly Road,False,
854070627,1245033009,1881.6337621004393,secondary,Mathagal Pandatharippu Sandilippai Road,False,B276
854070627,1245033122,1957.498301731493,secondary,Vallai Tellippalai Araly Road,False,B 437
854070754,854023955,118.63781526011864,secondary,Kadduvan Mallakam Chankanai road,False,B170
854070754,853155767,1459.1061577138162,secondary,Kadduvan Mallakam Chankanai road,False,B170
854070754,1245033009,718.3622856210129,secondary,Sandilippai Senthankulam Road B398,False,
854093516,847468342,873.9048894762146,primary,Jaffna - Kankesanthurai Road,False,AB016
854093516,847468378,2900.640949526679,primary,Jaffna - Kankesanthurai Road,False,AB016
854093516,853156231,2761.18254596394,secondary,Thavadi - Suthumalai,False,B414
854150056,1148495443,4147.009618760922,primary,Puttur-Meesalai Road,False,AB032
854150056,847851002,3679.810033151873,secondary,Chavakachcheri-Puloly,False,B075
854150056,847851714,10758.232181811509,secondary,Chavakachcheri-Puloly,False,B075
854150056,847437694,9476.383952779972,primary,"['Puttur-Meesalai Road', 'Vannathi Bridge']",False,AB032
854186987,6286527899,54.23573463681978,primary,Jaffna-Point Pedro Road,False,AB020
854186987,854186991,750.8633763122298,primary,Jaffna-Point Pedro Road,False,AB020
854186987,6286527902,59.40351746511597,primary,,False,
854186991,7528511525,1345.5751935031087,primary,Jaffna-Point Pedro Road,False,AB020
854186991,854186987,750.8633763122298,primary,Jaffna-Point Pedro Road,False,AB020
854186991,848554341,1673.7833837449746,secondary,Point Pedro - Maruthankerny,False,B371
854187070,848553626,2920.265778455059,secondary,Alvai - Nelliady - Tunnalai,False,B013
854187070,848610218,3696.051514099805,secondary,Jaffna-Ponnalai-Point Pedro Road,False,AB021
854187070,1148495722,3960.9646686749516,secondary,Jaffna-Ponnalai-Point Pedro Road,False,AB021
871932407,847836620,4000.7208356802644,primary,Valukkairaru - Pungudutivu - Kurikadduwan,False,AB039
871932407,847836026,11755.021042672592,primary,"['Valukkairaru - Pungudutivu - Kurikadduwan', 'Punkudutivu Causeway']",False,AB039
871932407,4034893256,4451.932310218265,secondary,Kandasamykovil - Kaluthaipiddy,False,B192
891638822,247141016,136.1799752303223,primary,Nanuoya Station Road,False,B27-6
891638940,4142250035,36.549396801784766,primary,Pallewela Road,True,B154
891638940,1724997103,13051.87733947951,primary,"['Pallewela Road', 'Hindagala-Naranwita-Gampola Road', 'Doluwa Road']",False,B154
896199017,2019733995,23.06012640929709,primary,Sigiriya Road,False,B162
896199017,258057404,14470.755732620693,"['secondary', 'primary']",Kandalama Road,False,B561
896199017,2732633599,4877.034923582211,primary,Sigiriya Road,False,B162
901009262,4062727240,27.989935872823445,trunk,Kandy Road,True,A6
901009262,4062722950,15.365735772867147,trunk,,True,
901010009,1235804433,3035.9076378619798,primary,Kantale-Potankadu Road (Seruwawila Road),False,B196
901010009,7071757658,28383.901985852237,trunk,Kandy Road,False,A6
901010009,4336068793,3352.336534744291,trunk,Kandy Road,False,A6
904233200,1242791243,19.479818686525707,primary,,True,
904233200,4248201234,613.428596963255,primary,Konesar Road,False,B140-4
904233212,9562328819,15.09135566866403,primary,U. B. Wanninayake Mawatha,True,B82
904233212,904233272,1624.4088559418733,primary,U. B. Wanninayake Mawatha,False,B82
904233218,1242787976,1009.0396472939547,trunk,Inner Harbour Road,False,A6
904233218,3804306277,17.014821614762162,primary,,True,
904233235,1242786587,441.2187995473972,primary,Post Office Road,False,B424
904233235,1242791210,668.2769933525445,primary,Dockyard Road,False,B424
904233235,1242787901,105.23666020867013,primary,Dockyard Road,False,B140-3
904233239,5202667325,6354.086915070234,trunk,Dambulla-Habarana Road,False,A6
904233239,7599684152,67.30022616517373,trunk,Dambulla-Habarana Road,True,A6
904233272,904233212,1624.4088559418728,primary,U. B. Wanninayake Mawatha,False,B82
904233272,4067964377,12.180832593470575,trunk,,True,
904233452,904233558,26.09341964604098,primary,,True,
904233452,1242788118,511.3144964204675,secondary,Central Road,True,
904233493,6537569534,62.009965925307405,trunk,Trincomalee-Batticaloa Road,True,A15
904233493,7051044596,10738.19590046743,trunk,"['Trincomalee-Batticaloa Road', 'Kinniya Bridge']",False,A15
904233506,10142217471,27.26635633911424,primary,North Coast Road,False,B424
904233506,6685553328,2225.892131870884,primary,North Coast Road,False,B424
904233553,1242786590,384.9906105224785,primary,Dockyard Road,False,B140-3
904233553,1242787901,48.14120531760014,primary,Dockyard Road,False,B140-3
904233553,3804306281,48.74237728226293,primary,Fort Fredrick Road,True,B140-2
904233558,904233200,24.165048613648956,primary,,True,
904233558,1172970726,499.64501821388444,primary,North Coast Road,False,B424
904233581,4944052730,6.425592636746519,secondary,,False,
904233581,4067964376,1875.1409414960442,primary,Gettuwana Road,False,B82
904233581,3064571973,1126.7226147869221,trunk,Kurunegala-Dambulla Road,True,A6
910154883,7030628001,10.250778713356103,primary_link,,True,
910154883,13682136255,1857.0099661909505,trunk,High Level Road,True,A4
912268077,4045751173,10427.16494203275,primary,Kalawana Road,False,B421
912268077,4851065489,14509.573653307598,trunk,Ratunapura-Wellawaya Road,False,A4
912268077,1694691223,3202.956085987354,trunk,"['Main Street', 'Warakatota New Bridge', 'CRWB', 'Ratunapura-Wellawaya Road']",False,A4
912272593,4045751172,6131.917064112336,secondary,Watapotha-Nivithigala Road,False,
912272593,6251317837,10435.851159985308,secondary,"['Kahawatte Road', 'Kahawatta-Watapotha Road']",False,
912272593,1751015081,11512.840481187006,secondary,"['Manadola-Kahawatte Road', 'Watapotha-Manadola Road']",False,
912273614,4045751170,5919.528640221757,primary,Kalawana Road,False,B421
912273614,8312180939,20516.39678699901,primary,"['Muwagama Bridge', 'Ratnapura-Palawela Road', 'Palawela-Karawita Road']",False,B390
912273614,5237438508,17107.55492090486,primary,Ratnapura Road,False,B421
912275456,917948850,27891.737157099615,"['primary', 'secondary']","['Yala Santuary Road', 'Kirinde-Palatupana-Yala Road']",False,B499
912275456,3677422292,24724.33628066311,"['primary', 'secondary']","['Tissa-Kirinde Road', 'Kirinde Road']",False,B422
912275456,610968720,6463.353294165998,primary,Tissa-Kirinde Road,False,B422
917948850,912275456,27891.737157099586,"['secondary', 'primary']","['Yala Santuary Road', 'Kirinde-Palatupana-Yala Road']",False,B499
917949547,610968720,9897.154424137148,secondary,Kirinda-Sithulpawwa Road,False,
937249756,2382076784,43.478087752794465,trunk,Hewaheta Road,False,A26
937249756,4177584096,39.290080792142945,trunk,Hewaheta Road,False,A26
937249756,2382152045,2425.6501816098544,trunk,Hewaheta Road,False,A26
937250000,1164676122,3909.534415104671,"['primary', 'secondary']","['Yakgahapitiya Road', 'Nattarampotha Road', 'Sirimalwatte - Menikhinna Road']",False,"['C235', 'B311']"
937250000,2382076798,536.2456648700045,trunk,Kandy-Mahiyanganaya Road,False,A26
937250000,2334261008,9581.621707339105,trunk,Kandy-Mahiyanganaya Road,False,A26
970058024,12328410054,43.70464082168749,trunk,New Tangalle Road,True,A2
970058024,2155946168,882.6575795817106,"['primary', 'primary_link']",Old Tangalle Road,False,B338
970090967,637858647,2364.5582900158656,primary,Makola-Udupila Road,False,B262
970090967,637859907,865.2921183609203,primary,Makola-Udupila Road,False,B262
970090967,2087105380,1664.6567828945633,primary,Siyambalape Road,False,B401
971827647,2489067296,51.290379889010644,primary,Athurugiriya Road,True,B240
971827647,617190011,908.3247238234495,primary,Athurugiriya Road,False,B240
974346527,1809828943,26901.378321349544,trunk,"['Colombo - Ratnapura - Wellawaya - Batticaloa Road', 'Wellawaya-Pottuvil Road']",False,A4
974346527,6695208837,39.699057124053525,trunk,Wellawaya-Pottuvil Road,True,A4
974346758,1809829139,1060.967616211227,secondary,Dambagalle-Mariarawa Road,False,C815
974346758,3694577182,22801.334661749745,secondary,"['Mariarawa-Ritigahawatta-Buddama Road', 'Dambagalle-Mariarawa Road']",False,"['D825', 'C815']"
974346758,3694577182,26428.722812315067,secondary,"['Dambagalle-Deliwa-Baduluwela Road', '9th Mile Post-Buddama-Baduluwela Road']",False,"['D817', 'C850']"
1028522566,1028522781,2725.584431077746,trunk,New Kandy Road,False,A13
1028522566,1028522572,5550.221143313936,trunk,Airport Road,False,A13
1028522566,1028522572,3271.731584623843,primary,New Kandy Road (Nidahas Mawatha),False,D226
1028522572,1028522566,5550.221143313941,trunk,Airport Road,False,A13
1028522572,1028522566,3271.731584623843,primary,New Kandy Road (Nidahas Mawatha),False,D226
1028522572,1181921828,1710.0997332399986,trunk,K. B. Ratnayake Mawatha,False,A13
1028522713,1410579229,274.4854547947605,secondary,Gambirigaswewa Road,False,C165
1028522713,3305877503,1860.695472808622,secondary,Outer Circular Road (Wata Wandana Road),False,B341
1028522713,1028522856,76.72072857937005,secondary,"['Outer Circular Road (Watawandana Road)', 'Outer Circular Road (Wata Wandana Road)']",False,B341
1028522781,1028522566,2725.584431077747,trunk,New Kandy Road,False,A13
1028522781,3518418196,4743.710566605693,trunk,Kandy Road,False,A13
1028522781,1971623281,6314.191031546816,trunk,Kandy Road,False,AB23
1028522856,1410578511,1328.161227209089,secondary,"['Anula Mawatha', 'Lankaramaya Road']",False,"['B397-3', 'B397-16']"
1028522856,1410579071,244.4892036867513,secondary,Outer Circular Road (Watawandana Road),False,B341
1028522856,1028522713,76.72072857937005,secondary,"['Outer Circular Road (Watawandana Road)', 'Outer Circular Road (Wata Wandana Road)']",False,B341
1030050388,3170533458,1279.2186455839294,primary,Gadaladeniya Road,False,B116
1030050388,3226356899,853.0147213481201,primary,Gadaladeniya Road,False,B116
1030050388,3226291720,5266.991397847447,primary,Gadaladeniya-Paranapattiya Road,False,B121
1039403582,3502106859,339.9170940965589,trunk,Sri Jayewardenepura Mawatha,True,A0
1039407820,1668906553,41.552568375096754,primary,Parliament Road,True,AB15
1039407820,250730985,1065.5156662267766,primary,Parliament Road,False,AB15
1039412973,1668906602,8.778060365775506,trunk,Sri Jayewardenepura Mawatha,True,A0
1039412973,1039407820,90.48818149830915,primary,Parliament Road,True,AB15
1039421894,3289575296,60.532510346502754,primary_link,,True,
1039421894,1039412973,10.518476681259147,trunk,Sri Jayewardenepura Mawatha,True,A0
1093697782,1093799320,8196.713257044428,secondary,Mapalagama - Udugama Road,False,B320
1093697782,4729747107,2568.9962423964766,primary,Wanduramba-Mapalagama Road,False,B454
1093697782,2607383505,3661.0932680448363,primary,"['Wanduramba-Mapalagama Road', 'Mapalagama-Yakkatuwa Road']",False,B454
1093698207,4729747389,3494.899302246034,primary,Wanduramba-Mapalagama Road,False,B454
1093698207,1093699503,6814.967934822645,primary,Wanduramba-Mapalagama Road,False,B454
1093698207,4730103455,5542.38717176689,secondary,Yatalamatta Udugama Road,False,
1093698342,1093699503,9743.407826192766,primary,Labuduwa-Wanduramba Road,False,B248
1093698342,1093762481,3268.206256254872,secondary,Thalagaha - Kurunduwaththa Road,False,
1093698342,130346191,1963.7310919093711,primary,Labuduwa-Wanduramba Road,False,B248
1093699503,1093751318,6808.476549805661,primary,Wanduramba-Sandarawala Road,False,B248
1093699503,1093762656,9708.56028283827,primary,Wanduramba-Kottawa Road,False,B455
1093699503,1093698342,9743.40782619277,primary,Labuduwa-Wanduramba Road,False,B248
1093699503,1093698207,6814.967934822644,primary,Wanduramba-Mapalagama Road,False,B454
1093751150,3257848747,156.7252166857234,primary,Baddegama Road,False,B128
1093751150,1242330004,9369.420580144162,primary,Baddegama Road,False,B128
1093751150,82800337,8627.90715120325,secondary,"['Wakwella - Poddala Road', 'Sri Saranankara Road', 'Sandarawala - Rathgama Road']",False,
1093751318,3257848747,2970.8247837607432,primary,Wanduramba-Sandarawala Road,False,B248
1093751318,1093699503,6808.476549805658,primary,Wanduramba-Sandarawala Road,False,B248
1093751318,3257914816,2430.584265563674,primary,Baddegama-Nayapamula-Nilhena Road,False,B153
1093762481,1093698342,3268.2062562548717,secondary,Thalagaha - Kurunduwaththa Road,False,
1093762481,2215855644,1000.8545774885628,primary,Udugama Road,False,B129
1093762481,3269957968,2820.0041782867056,primary,Udugama Road,False,B129
1093762656,1093699503,9708.560282838269,primary,Wanduramba-Kottawa Road,False,B455
1093762656,1093763092,2041.3685847609895,primary,Udugama Road,False,B129
1093762656,2215855644,5516.3881510418905,primary,Udugama Road,False,B129
1093762966,1093799320,674.1500013376052,primary,Udugama Road,False,B129
1093762966,1093763628,15746.066500789484,primary,Udugama Road,False,B129
1093762966,4730103455,4443.74916964578,primary,Gonadeniya-Udugama Road,False,B139
1093763092,6543091744,45.99607817468642,primary,Udugama Road,True,B129
1093763092,1093762656,2041.3685847609895,primary,Udugama Road,False,B129
1093763628,6543091747,32.884033099932175,primary,Udugama Road,True,B129
1093763628,1093762966,15746.066500789504,primary,Udugama Road,False,B129
1093799320,1093697782,8196.713257044423,secondary,Mapalagama - Udugama Road,False,B320
1093799320,1093799558,19404.212525415416,primary,"['Hiniduma-Opatha-Pitabeddara Road', 'Udugama-Hiniduma Road', 'Udugama Road']",False,"['B429', 'B129', 'B156']"
1093799320,1093762966,674.1500013376051,primary,Udugama Road,False,B129
1093799558,1093799320,19404.212525415427,primary,"['Hiniduma-Opatha-Pitabeddara Road', 'Udugama-Hiniduma Road', 'Udugama Road']",False,"['B429', 'B129', 'B156']"
1093799558,2190932692,23805.454461419333,primary,Hiniduma-Opatha-Pitabeddara Road,False,B156
1093799558,5258083979,7064.84341701166,primary,Thawalama-Neluwa Road,False,B411
1094458277,3470538976,13960.352895015614,primary,Elpitiya Road,False,B55
1094458277,311128308,1538.1200264014951,trunk,Galle Road,False,A2
1094458277,1637717826,9747.534513892717,trunk,Galle Road,False,A2
1124475656,3398081272,44.89832877666348,primary,Access Road to Matara,True,B635
1124475656,5771476347,62.67990974374289,primary_link,,True,
1131882974,253022446,42.37692507156396,primary,Avissawella Road,False,B435
1131882974,4422642586,78.13998136954882,primary_link,,True,
1131882974,403816151,40.93341667018825,primary,Avissawella Road,False,B435
1131882981,1131882974,50.68002549102095,primary_link,,True,
1131882981,403816151,67.46631700544155,primary_link,,True,
1135382406,6250523980,23.99303072737752,primary,Sooriyawewa-Migahajandura Road,True,
1135382428,6250524007,7.969847738615594,primary,,True,
1135382428,3570607529,549.5844463798594,primary,Hambantota-Gonnoruwa-Meegahajandura Road,True,B631
1135398600,44265232,676.511308935493,primary,Wellawaya Bypass Road,False,AB43
1135398600,3351203885,9735.630610187773,trunk,Wellawaya-Pottuvil Road,False,A4
1135398600,44265234,555.8492928618788,trunk,Wellawaya-Pottuvil Road,False,A4
1138324553,560221970,5698.9344318712,primary,"['Kalutara-Nagoda Road', 'Riverside Road']",False,B191
1138324553,1138325594,782.8552361286878,trunk,Galle Road,False,A2
1138324553,1667080259,985.0590883370503,trunk,Galle Road,False,A2
1138325237,50415165,2352.628101421248,trunk,Galle Road,False,A2
1138325237,7103760769,201.16507212404636,trunk,Galle Road,True,A2
1138325594,10130181943,125.01009742082411,trunk,Galle Road,True,A2
1138325594,1138324553,782.8552361286879,trunk,Galle Road,False,A2
1138480058,1617989288,3438.1783047450845,primary,"['Station Road', 'Balapitiya-Watugedara Road']",False,B40
1138480058,130445177,2567.1793515666495,primary,Elpitiya Road,False,B14
1138480058,3470537530,4275.861752375987,primary,Elpitiya Road,False,B14
1138480331,311128308,13.811689563362455,trunk,Galle Road,False,A2
1138480331,1614298412,59.00173347303017,trunk,Galle Road,False,A2
1138480331,3425048815,27.36901791484006,primary,Matugama Road,True,B157
1138481094,3749027775,87.00110637905527,trunk,Galle Road,True,A2
1138481094,130445177,302.911738475835,trunk,Galle Road,False,A2
1138543695,44534576,345.26331313467864,trunk,Sea Street,False,AB12/New A2
1138543695,130444698,760.2431459434192,trunk,Sea Street,False,AB12/New A2
1139090033,31363877,1198.356041448508,secondary,Sri Hemananda Mawatha,False,
1139090033,60797984,835.38187526835,primary,Wakwella Road,False,B130
1139090033,1931363942,2247.4463108323143,primary,Wakwella Road,False,B130
1139248145,7094563039,13.553421351741003,trunk,Matara Road,False,A2
1139248145,1674485421,9054.23237316863,trunk,Matara Road,False,A2
1139248145,7094563040,32.95896424335539,secondary,Habaraduwa-Dikkumbura Road,True,
1140307739,1638891066,278.0826198890507,primary,Halpatota-Kurundugahahetekma Road,False,B143
1140307739,3655959354,225.60179200394248,primary,Halpatota-Kurundugahahetekma Road,True,B143
1140307744,1638891066,9.687151156258333,primary_link,,False,
1140307744,6021413404,133.40410059457528,primary,Ambalangoda-Elpitiya-Pitigala Road,True,B14
1141723502,848554341,32960.010357430336,secondary,"['Soranapattu - Thalayadi', 'Point Pedro-Muruthankerni Road', 'Point Pedro - Maruthankerny']",False,"['B402', 'B371']"
1141723502,1642975181,18410.392583079436,trunk,Kandy - Jaffna Road,False,AA009
1141723502,849189814,19619.722518019455,trunk,Kandy - Jaffna Road,False,AA009
1146218637,1146218667,107.83627474455618,secondary,Railway Place,False,AB2-6
1146218637,1146218667,310.3554702984188,secondary,"['Railway Station Road', 'Railway Place']",False,AB2-6
1146218637,602759883,32.428679345720866,secondary,Railway Station Road,False,AB2-6
1146218640,2835617079,31.12616218829956,trunk,Harischandra Mawatha,True,A12
1146218640,602759879,504.4103833168944,trunk,Harischandra Mawatha,False,A12
1146218667,1146218637,107.83627474455618,secondary,Railway Place,False,AB2-6
1146218667,1146218637,310.3554702984189,secondary,"['Railway Station Road', 'Railway Place']",False,AB2-6
1146218667,13567706083,154.03774829140974,secondary,Railway Place,False,AB2-6
1146591926,634172980,92.33434624625478,trunk,Kandy - Jaffna Road,False,AA009
1146591926,2093613917,39985.0022742381,secondary,Mankulam-Vellankulam Road,False,B269
1146591926,2152832499,29012.124724545785,trunk,Kandy - Jaffna Road,False,AA009
1146766252,4904045485,4917.918245851431,primary,Aluthgama Road,False,B157
1146766252,2143415342,7779.005707537277,primary,Horawela-Pelawatte Road,False,B158
1146766252,1969450556,1499.7218555628747,primary,Matugama Road,False,B157
1147026886,3619937663,176.2645836477639,primary,Old Kalmunai Road,False,B337
1147026886,1880354575,17489.757920804328,trunk,Pottuvil-Batticaloa Road,False,A4
1147026886,1883639101,637.7598656056505,trunk,New Kalmunai Road,False,A4
1147030351,7262802916,6.904270610127578,trunk_link,,False,
1147030351,1883639101,1352.7156246926274,trunk,New Kalmunai Road,True,A4
1147075948,10682971402,15239.98070534133,primary,Bandarawela-Ettampitiya Road,False,B43
1147075948,2145571047,472.496330655329,trunk,Nuwara Eliya Road,False,A5
1147075948,49368243,13724.341341810437,trunk,Nuwara Eliya-Badulla Road,False,A5
1147858863,403899928,14517.199847551927,primary,"['Negombo Road', 'St. Nicholas Road', 'Pamunugama Road']",False,B425
1147858863,313236260,360.36768261310795,primary,"['Custom Road', ""St. Joseph's Street""]",False,B407
1147858863,313236286,1000.3500777305394,primary,"['Custom Road', 'Main Street']",False,"['B407', 'B261']"
1148494612,4136824665,37.38744938502889,trunk,Jaffna-Kandy Road,True,AA009
1148494612,849238535,2153.615838413449,trunk,Kandy - Jaffna Road,False,AA009
1148494987,1148495608,49.76803346601706,primary,Jaffna-Point Pedro Road,False,AB020
1148495171,847468303,1140.2659186240444,primary,"['Stanley Road', 'Jafna-Palali Road']",False,"['AB018', 'AB017']"
1148495171,847467198,774.6432652930271,primary,Jafna-Palali Road,False,AB018
1148495171,847467192,959.7563491869768,primary,Jaffna-Point Pedro Road,False,AB020
1148495382,847864408,149.13226033162664,primary,Jaffna-Point Pedro Road,False,AB020
1148495382,847437156,1373.9952626010547,primary,Jaffna-Point Pedro Road,False,AB020
1148495382,848594025,1241.9873677497476,secondary,Thoandamanaru - Vallai - Tunnalai,False,B417
1148495443,854150056,4147.009618760923,primary,Puttur-Meesalai Road,False,AB032
1148495443,849189814,2754.9079306517165,trunk,Kandy - Jaffna Road,False,AA009
1148495443,4136868892,4141.079000188412,trunk,Kandy - Jaffna Road,False,AA009
1148495608,7528511525,24.26988499973046,primary,Jaffna-Point Pedro Road,True,AB020
1148495608,1148494987,49.76803346601706,primary,Jaffna-Point Pedro Road,False,AB020
1148495722,848554341,4706.322991473281,secondary,Point Pedro East Coast Road,False,B370
1148495722,7528511522,285.21124092617856,primary,Jaffna-Point Pedro Road,False,AB020
1148495722,854187070,3960.964668674953,secondary,Jaffna-Ponnalai-Point Pedro Road,False,AB021
1148495870,1245763163,1561.7406840528176,primary,Jaffna-Ponnalai-Point Pedro Road,False,AB021
1148495870,1148495922,4756.084006678717,primary,Jaffna-Ponnalai-Point Pedro Road,False,AB021
1148495870,1245033104,2898.7638503965736,primary,Jafna-Palali Road,False,AB018
1148495922,1245034081,1972.6175668750861,secondary,Avarankal Tondaimanar Road B33,False,B033
1148495922,1148495870,4756.084006678716,primary,Jaffna-Ponnalai-Point Pedro Road,False,AB021
1148495922,848593926,1091.2971763473445,primary,Jaffna-Ponnalai-Point Pedro Road,False,AB021
1148495933,7557813396,1955.2437903544414,primary,Jaffna-Ponnalai-Point Pedro Road,False,AB021
1148495933,1245763163,3142.54652716491,primary,Jaffna-Ponnalai-Point Pedro Road,False,AB021
1148495933,1245021322,1974.7291573321618,primary,Jaffna - Kankesanthurai Road,False,AB016
1149576611,1697645957,1617.5088113167926,primary,,False,B188
1149576728,2141873197,9322.786159876525,primary,Tummodara - Puwakpitiya Road,False,B426
1149576728,1697645957,886.600348222441,primary,"['Thummodara Bridge', 'Kaluaggala-Labugama-Kalatuwawa Road']",False,B188
1149576728,1862816008,11083.979092144764,primary,Kaluaggala-Labugama-Kalatuwawa Road,False,B188
1150403364,1862498818,1191.3448532745585,primary,Avissawella Road,False,AB10
1150403364,1862815989,1014.3062410958299,trunk,High Level Road,False,A4
1150403364,129610044,1145.286693329016,trunk,High Level Road,False,A4
1150403426,403841727,3442.5753728489367,primary,Avissawella Road,False,AB10
1150403426,1862498820,75.02826890778891,primary,Hanwella - Pugoda - Kirindiwela - Urapola Road,False,B146
1150403426,129610044,872.3994120500791,primary,Hanwella Junction Road,False,B145
1150403426,1862498818,148.43066393116737,primary,Avissawella Road,False,AB10
1156533833,1164676122,4087.433717576585,secondary,Lewella - Amunugama - Madawala Road,False,
1156533833,1156533842,135.9592508127862,primary,Madawala Road,False,B205
1156533833,1156534074,3094.937147133125,primary,Madawala Road,False,B205
1156533842,2334261008,8176.22574617138,primary,"['Madawala Road', 'Teldeniya Road']",False,B256
1156533842,1156533833,135.95925081278622,primary,Madawala Road,False,B205
1156533842,3619696818,903.5059147465141,primary,Katugastota-Madawala-Bambarella Road,False,B205
1156534074,2019894706,618.9285647496026,secondary,Polgolla Dam Road,False,B591
1156534074,3616495484,2133.7569162572927,primary,Madawala Road,False,B205
1156534074,1156533833,3094.9371471331247,primary,Madawala Road,False,B205
1157613973,1314754534,11185.979706979635,primary,"['Ukuwela Road', 'Elkaduwa Road']",False,B180
1157613973,12794013248,6678.673917147737,primary,Kandenuwara Road,False,B461
1157613973,3416397811,12007.108266822475,primary,Elkaduwa Road,False,B461
1164676122,1156533833,4087.433717576583,secondary,Lewella - Amunugama - Madawala Road,False,
1164676122,937250000,3909.5344151046706,"['secondary', 'primary']","['Yakgahapitiya Road', 'Nattarampotha Road', 'Sirimalwatte - Menikhinna Road']",False,"['C235', 'B311']"
1164676122,1837478229,1245.0803337218451,"['secondary', 'primary']","['Lewella Road', 'Lewella - Amunugama - Madawala Road']",False,B69
1172970726,10142217471,440.80580677069554,primary,North Coast Road,False,B424
1172970726,1242787991,83.45363452266798,secondary,Sea View Road,False,
1172970726,1242788118,118.56542280088348,secondary,Sea View Road,False,
1172970726,904233558,499.6450182138844,primary,North Coast Road,False,B424
1181395615,3279700855,301.7523973046347,trunk,Matara Road,False,A2
1181395615,1397099240,304.12419411113063,trunk,Matara Road,False,A2
1181395615,1500297617,2091.742786734964,primary,Pelena-Polwatta-Denipitiya Road,False,B637
1181395662,1397090861,8.783661356729999,primary,Station Road,False,B466
1181395662,1233271397,33.1403089885583,primary,Galbokka Road,False,B466
1181395662,1397099213,228.0505966212716,primary,Station Road,False,B27-17
1181395693,1233271397,385.75227941252183,primary,Galbokka Road,False,B466
1181395693,266478204,888.6770963271338,primary,"['Akuressa Road', 'Galbokka Road']",False,B466
1181395693,1397099228,374.7662418397919,secondary,,False,
1181921633,1181921742,314.5016934639034,secondary,D. S. Senanayake Mawatha,False,
1181921742,13577660245,549.0767875082522,primary,D. S. Senanayake Mawatha,False,AB2-2
1181921742,1181921828,1999.9551061038123,secondary,Buddhagaya Mawatha,False,
1181921742,1181921633,314.5016934639034,secondary,D. S. Senanayake Mawatha,False,
1181921747,6545320376,1869.2715875343195,primary,Kurunegala Road,False,B638
1181921747,4137353396,34.37148227160664,primary,Kurunegala Road,True,B638
1181921828,1181921742,1999.9551061038119,secondary,Buddhagaya Mawatha,False,
1181921828,1401472757,253.6574857033558,trunk,K. B. Ratnayake Mawatha,False,A13
1181921828,1028522572,1710.099733239999,trunk,K. B. Ratnayake Mawatha,False,A13
1181921887,4137349488,6.811382314659976,trunk,,True,
1181921888,567004309,356.81603218260534,primary,Sri Maha Bodhi Mawatha,False,AB25
1181921888,567004310,127.76182988394875,primary,Sri Maha Bodhi Mawatha,False,AB25
1181921888,13596262043,209.54268029762812,primary,Ellakkattuwa Road,False,B397-12
1185558582,1185558591,856.7780238777598,primary,"Approach Road to Aerodrome, Ratmalana",False,B24
1185558582,11037159201,415.5104046383146,primary,"Approach Road to Aerodrome, Ratmalana",True,B24
1185558591,1185558582,856.7780238777599,primary,"Approach Road to Aerodrome, Ratmalana",False,B24
1185558591,7085525494,35.29416656089182,primary,"Approach Road to Aerodrome, Ratmalana",True,B24
1186240418,1186240445,244.04064057097855,primary,Dunbar Road,True,
1186240418,1186240445,202.60344055932043,primary,Hatton-Maskeliya-Sri Pada Road,False,B149
1186240418,6250183891,1032.2224851361275,primary,Hatton-Maskeliya-Sri Pada Road,False,B149
1186240445,1186247404,3811.255051880651,primary,Hatton-Maskeliya-Sri Pada Road,False,B149
1186240445,1186240418,202.60344055932043,primary,Hatton-Maskeliya-Sri Pada Road,False,B149
1186247404,1186240445,3811.2550518806506,primary,Hatton-Maskeliya-Sri Pada Road,False,B149
1186247404,3137149149,13079.810384132059,primary,"['Carolina-Norton-Wanaraja Road', 'Castlereigh Dam']",False,B71
1186247404,1190546887,4744.862915918389,primary,Hatton-Maskeliya-Sri Pada Road,False,B149
1190507161,247139123,703.0620367899876,trunk,Hatton Road,False,A7
1190507161,3215382447,5105.832204294175,trunk,Hatton Road,False,A7
1190507161,2686035634,8427.975330370798,primary,Carolina-Norton-Wanaraja Road,False,B71
1190546887,1186247404,4744.8629159183865,primary,Hatton-Maskeliya-Sri Pada Road,False,B149
1190546887,3195561861,915.7437527695166,primary,Hatton-Maskeliya-Sri Pada Road,False,B149
1190546887,2077442148,49243.51808694629,primary,"['Olugantota-Pinnawala-Bogowantalawa Road', 'Norwood-Bogawantalawa-Campion Road']",False,"['B329', 'B339']"
1212770518,7062428168,7.483677417233173,primary_link,,False,
1212770518,4996622511,368.07640904629807,primary,Colombo - Horana Road,True,B84
1212770520,11765244590,9.122124580316804,trunk,Horana Road,False,A8
1212770520,129605583,2630.497108453115,trunk,Horana Road,False,A8
1212770521,11765244595,8.146263267952937,primary_link,,False,B84
1212770521,252537325,2896.389942744793,primary,Colombo - Horana Road,False,B84
1212770521,3218455285,209.91061975221655,primary,Colombo - Horana Road,True,B84
1212770531,10308309702,9.478754354974004,primary_link,,False,
1212770531,10308309676,162.8161948495273,primary,Colombo - Horana Road,True,B84
1212770540,10308309701,13.284038766129353,primary_link,,False,
1212770540,1212770531,342.3922517918489,primary,Colombo - Horana Road,True,B84
1213041863,6294406154,14589.691892009245,primary,Nagoda-Kalawellawa-Bellapitiya Road,False,B304
1213041863,1213041911,172.93325059807958,primary,Nagoda-Kalawellawa-Bellapitiya Road,True,B304
1213041911,5222832230,8.283530894257607,secondary_link,,False,
1213041911,5222832228,114.6209101222689,primary,Nagoda-Kalawellawa-Bellapitiya Road,True,B304
1213041924,5222832213,9.87895080229991,secondary_link,,False,
1213041924,5222832372,63.6312759281195,primary,Nagoda-Kalawellawa-Bellapitiya Road,True,B304
1213042254,5222832390,100.4311424449369,primary,Nagoda-Kalawellawa-Bellapitiya Road,True,B304
1213042254,1796923068,3351.685299193354,primary,Nagoda-Kalawellawa-Bellapitiya Road,False,B304
1222995418,3195561861,7856.790687789918,primary,Hatton-Maskeliya-Sri Pada Road,False,B149
1222995418,1222995629,43.27017544123191,primary,Hatton-Maskeliya-Sri Pada Road,False,B149
1222995418,1222995635,32.49660557376765,primary_link,,True,
1222995629,1222995418,43.27017544123191,primary,Hatton-Maskeliya-Sri Pada Road,False,B149
1222995629,2686032868,3860.4447599775644,primary,Hatton-Maskeliya-Sri Pada Road,False,B149
1222995635,3517300319,8695.952185261543,primary,Maskeliya-Upcot Road,False,B273
1222995635,1222995629,49.734463588966825,primary,Maskeliya-Upcot Road,True,B273
1223888358,1446610177,6201.375744067723,primary,Waskaduwa-Bandaragama Road,False,B458
1223888358,1795375615,708.5568534378402,primary,Waskaduwa-Bandaragama Road,False,B458
1223888358,1223888669,4487.857190502677,secondary,Morontuduwa-Horana Road,False,
1223888669,1223888358,4487.857190502677,secondary,Morontuduwa-Horana Road,False,
1231840374,1812292194,1254.0793509026942,trunk,Matara-Akuressa Road,False,A24
1231840374,3621305202,225.18611157032257,trunk,Matara-Akuressa Road,False,A24
1231840374,2605822580,3151.949150824953,secondary,Malimbada -Akurugoda Welihida Road,False,
1231840453,98554769,9075.628777470336,trunk,"['Matara-Akuressa Road', 'Matara Road']",False,A24
1231840453,1812292194,3122.8261447954706,trunk,Matara-Akuressa Road,False,A24
1231840453,1500297617,8194.321272328858,primary,Akuressa Road,False,B466
1231840774,5212490345,8.110142677652926,trunk_link,,False,
1231840774,12625589426,1907.110793281838,trunk,Akuressa Road,True,A24
1231840785,5212489400,8.655125826715137,secondary,Kumaradasa Mawatha,False,
1231840785,1231840774,151.77384022409814,trunk,Akuressa Road,True,A24
1231840826,5212490356,8.365225952998463,trunk_link,,False,
1231840826,1231840785,409.88363495090346,trunk,Akuressa Road,True,A24
1231879141,60654455,6118.292848401267,trunk,Matara Road,False,A2
1231879141,60654455,7549.243458909068,secondary,Kamburugamuwa - Heanwala Road,False,
1231879141,130462216,4202.630623823433,trunk,Matara Road,False,A2
1232107044,1535505645,701.7340247557294,primary,Raja Mawatha (Gam Udawa Road),False,B259
1232107044,3683993724,33.76044077213456,primary,Raja Mawatha (Gam Udawa Road),True,B259
1233269765,98554099,1127.6640439851278,secondary,Imaduwa Road,False,
1233269765,1640241201,3056.0431648970102,secondary,Imaduwa Road,False,
1233269765,1233271580,2157.054891721644,secondary,"['Kathaluwa-Thiththagalla-Dikkumbura Road', 'Imaduwa-Weligama Road']",False,
1233269778,1640241201,7666.659302400617,secondary,Kathaluwa-Thiththagalla-Dikkumbura Road,False,
1233269778,1674509843,252.23076955059628,trunk,Matara Road,False,A2
1233269778,33389255,2614.2620851401903,trunk,Matara Road,False,A2
1233271397,1181395693,385.75227941252183,primary,Galbokka Road,False,B466
1233271397,1233271580,7831.90062457146,secondary,Imaduwa-Weligama Road,False,
1233271397,1181395662,33.1403089885583,primary,Galbokka Road,False,B466
1233271580,1640241201,4434.105109693613,secondary,Kathaluwa-Thiththagalla-Dikkumbura Road,False,
1233271580,1233269765,2157.0548917216447,secondary,"['Kathaluwa-Thiththagalla-Dikkumbura Road', 'Imaduwa-Weligama Road']",False,
1233271580,1233271397,7831.90062457146,secondary,Imaduwa-Weligama Road,False,
1235697388,6545679856,4861.006139337985,primary,Weliweriya-Kirindiwela Road,False,B472
1235697388,3883403616,4585.84002299441,primary,Hanwella-Pugoda-Kirindiwela-Urapola Road,False,B146
1235697388,2753084556,12546.59655534438,primary,Hanwella - Pugoda - Kirindiwela - Urapola Road,False,B146
1235697661,3120324420,5313.680152084092,primary,Walpola-Walgammulla Road,False,B453
1235697661,617970086,920.4730026379328,primary,Nittambuwa-Urapola-Ruwanwella Road,False,B445
1235697661,1723172809,2410.2424361172925,primary,Nittambuwa-Urapola-Ruwanwella Road,False,B445
1235697764,3120323405,29.027972949659397,primary,Hanwella-Pugoda-Kirindiwela-Urapola Road,False,B146
1235697764,1805745150,19658.682477358572,primary,Nittambuwa-Urapola-Ruwanwella Road,False,B445
1235697764,1723172809,1984.3465565296267,primary,Nittambuwa-Urapola-Ruwanwella Road,False,B445
1235750064,635166169,632.7827257460931,trunk,Sri Jayewardenepura Mawatha,True,A0
1235750071,1428448780,34.78816243289144,trunk,Dudley Senanayake Mawatha (Castle Street),True,A0
1235750071,10219043290,18.173683636100098,trunk_link,,True,
1235750079,1428449258,425.0798244672933,primary,Dr. N. M. Perera Mawatha (Cotta Road),True,AC4
1235775050,138714131,29.250575218414905,primary,,True,
1235775273,77368738,1.988102741210068,trunk,,True,
1235775279,5234940060,19.528936657233075,trunk,,True,
1235775279,5182773491,36.56272294002741,primary,Esplanade Road,True,B37
1235777074,1307347933,38.073651148823174,trunk,Kanatta Roundabout,True,
1235777074,13714200026,498.02689546328645,trunk,Elvitigala Mawatha,True,AC8
1235783744,617967898,5063.841019992349,primary,Warakapola-Kandalama Road,False,B456
1235783744,2562843705,5011.984446214721,primary,Warakapola-Kandalama Road,False,B456
1235783744,1886606136,5635.912983505768,primary,Botale-Mirigama Road,False,B63
1235804433,1242694030,30.08106270852636,primary,Kantale-Potankadu Road (Seruwawila Road),False,B196
1235804433,901010009,3035.9076378619784,primary,Kantale-Potankadu Road (Seruwawila Road),False,B196
1235804433,1235804471,31.11491691072133,primary_link,,False,
1235804471,1235814874,2193.3051833598524,primary,Kantale-Allai Road,False,B10
1235804471,1235804433,31.11491691072133,primary_link,,False,
1235804471,1242694030,30.114116580656187,primary,Kantale-Allai Road,False,B10
1235814824,2094947243,10971.263995083209,trunk,Kandy Road,False,A6
1235814824,4336068793,32.72041266837245,trunk,Kandy Road,False,A6
1235814874,1235804471,2193.3051833598524,primary,Kantale-Allai Road,False,B10
1235814874,4336068793,29.526054005962045,primary,Kantale-Allai Road,True,B10
1235814874,1235814824,36.78727319333538,primary,Kantale-Allai Road,True,B10
1237365640,2093935057,8587.884008802124,secondary,nachchaduwa road,False,
1237974510,1237974516,2705.1800503841546,primary,Kurunegala-Negombo Road,False,B247
1237974510,6547922849,2468.8651054360357,primary,Kurunegala-Negombo Road,False,B247
1237974510,3739999316,12210.183659888477,secondary,Bemmullegedara - Kahawatta Ela Road,False,B177
1237974516,1477408997,4304.054590651975,primary,Kurunegala-Negombo Road,False,B247
1237974516,1237974510,2705.180050384154,primary,Kurunegala-Negombo Road,False,B247
1237974516,13442454956,15119.881137472808,secondary,"['Kalugamuwa-Wariyapola Road', 'Kalugamuwa-Wariyapola Rood', 'Kalugamuwa Wariyapola Road']",False,B190
1239435066,2902101196,34.5156560347308,trunk,Kurunegala - Puttalam Road,True,A10
1239435066,1247060927,512.0703957611063,trunk,Kurunegala - Puttalam Road,False,A10
1239435069,2186928769,20.71999770456564,trunk,Kurunegala - Puttalam Road,True,A10
1239435069,1239435091,14.293082360363282,trunk,,True,
1239435091,3204336187,12.672083292793697,trunk,,True,
1239435107,4268469890,4368.272876672755,primary,Chilaw - Wariyapola Road,False,B079
1239435107,1239435069,23.784357441385357,primary,Chilaw - Wariyapola Road,True,B079
1239436241,1867157640,3031.3279028693983,secondary,,False,
1239436241,1239436268,4194.513358711815,trunk,"['Kurunegala - Puttalam Road', 'Kurunegala-Puttalam Road']",False,A10
1239436241,3066364711,4432.708354803903,trunk,Kurunegala-Puttalam Road,False,A10
1239436268,13442454956,3883.5857637242543,secondary,Mahakeliya-Katupotha Road,False,B258
1239436268,1247060927,5049.377388374281,trunk,Kurunegala - Puttalam Road,False,A10
1239436268,1239436241,4194.513358711815,trunk,"['Kurunegala - Puttalam Road', 'Kurunegala-Puttalam Road']",False,A10
1239442870,5944495992,1626.3533621452036,primary,Kurunegala-Negombo Road,False,B308
1239442870,3167653286,11726.078173937298,primary,Kurunegala-Negombo Road,False,B308
1239442870,1239558969,14665.085037496767,primary,Dampelessa - Alawwa Road,False,B008
1239442924,2589251603,4729.350053286906,primary,Kurunegala - Narammala - Madampe Road,False,B247
1239442924,1977816707,3358.2494848946685,primary,Kurunegala - Narammala - Madampe Road,False,B247
1239442924,3066124415,9164.99579073247,secondary,Kadahapola--Katupotha Road,False,B166
1239489670,3174892783,28.28291674137889,trunk,Polgahawela-Kegalle Road,True,A19
1239489670,6227950806,30.35870316950508,trunk_link,,True,
1239489675,1239489670,37.50427713475828,trunk,Polgahawela-Kegalle Road,True,A19
1239489675,5319762817,75.10648442357866,trunk,Polgahawela-Kegalle Road,False,A19
1239489695,1239489675,36.951225349896625,trunk,Polgahawela-Kegalle Road,True,A19
1239489717,3174892783,10.246291409061305,trunk,Ambepussa-Kurunegala Road,True,A6
1239489717,1239489695,36.07036730523605,trunk,Polgahawela-Kegalle Road,True,A19
1239558969,1239442870,14665.08503749677,primary,Dampelessa - Alawwa Road,False,B008
1239558969,4600910031,14214.539746948343,primary,Giriulla - Alawwa Road,False,B009
1239558969,6209749472,504.2111060729981,primary,Giriulla - Alawwa Road,False,B009
1239568660,6511383104,37.34566046815818,trunk,Anuradhapura - Padeniya Road,True,AA028
1239568660,1239651798,19416.159051118077,trunk,Anuradhapura - Padeniya Road,False,AA028
1239651798,1239690924,5936.721553893277,secondary,Nikaweratiya - Maho - Madagalla Road,False,B326
1239651798,1239568660,19416.15905111807,trunk,Anuradhapura - Padeniya Road,False,AA028
1239651798,1239725256,11455.455031019339,trunk,Anuradhapura - Padeniya Road,False,AA028
1239651798,3106294734,13198.873873879613,secondary,Nikaweratiya - Maho - Madagalla Road,False,B326
1239690924,5052793627,39.43067004558549,secondary,Yapahuwa - Karambe - Galtemwewa Road,False,
1239690924,5052793628,41.178507196560645,secondary,Nikaweratiya - Maho - Madagalla Road,False,B326
1239690924,1239651798,5936.721553893277,secondary,Nikaweratiya - Maho - Madagalla Road,False,B326
1239725256,3106294734,22375.630542051873,secondary,Danikithawa Road,False,B89
1239725256,2638058713,8956.297760310526,trunk,Anuradhapura - Padeniya Road,False,AA028
1239725256,1239651798,11455.455031019343,trunk,Anuradhapura - Padeniya Road,False,AA028
1240466576,1242788120,394.4154816426307,primary,Main Street,False,B27-10
1240466576,1240466817,33.58285598289912,primary,Main Street,True,B27-10
1240466579,1240466580,32.208129399933235,primary,,True,
1240466579,1240466593,13.028095824715669,primary,,True,
1240466580,1240466593,34.628970011664364,primary,Main Street,True,
1240466580,1242786599,505.0080039062408,primary,Thirugnanasampanthar Road,False,B375
1240466580,1240466605,366.72466628783786,secondary,Main Street,False,
1240466589,6286687483,1.3413743222736578,primary,,True,
1240466593,1240466596,7.363640455485378,primary,,True,
1240466596,1240466576,35.18568636829573,primary,Main Street,True,B27-10
1240466596,1240466817,16.39479938337499,primary,,True,
1240466605,1242791210,569.0275205662957,secondary,Main Street,False,
1240466605,1240466580,366.72466628783786,secondary,Main Street,False,
1240466605,1242786599,330.0884843296122,secondary,Sea View Road,False,
1240466605,1242788118,63.509544617734704,secondary,Sea View Road,False,
1240466813,1240466589,38.069515335309745,primary,Station Road,True,B27-10
1240466813,10142217473,216.95048878199452,primary,Station Road,False,B27-10
1240466817,6286688687,1.576093673073683,primary,,True,
1240467172,2916727863,23.59717361847441,secondary,,True,
1240467172,1242788118,378.9076646627134,secondary,Central Road,False,
1241520120,1241520212,134.5839655649428,secondary,,False,
1241520120,258523315,10728.042220751498,trunk,"['Habarana-Trincomalee-Batticaloa Road', 'Habarana-Polonnaruwa-Batticaloa Road']",False,A11
1241520120,1241520208,221.80703530921633,trunk,Habarana-Trincomalee-Batticaloa Road,False,A11
1241520208,1241520120,221.80703530921636,trunk,Habarana-Trincomalee-Batticaloa Road,False,A11
1241520208,2285202897,6621.404027800603,trunk,Habarana-Trincomalee-Batticaloa Road,False,A11
1241520208,1241520212,270.4566743598248,secondary,,False,
1241520212,1241520120,134.5839655649428,secondary,,False,
1241520212,1896192506,31038.268826462365,secondary,Elahera-Giritale Road,False,B112
1241520212,1241520208,270.4566743598248,secondary,,False,
1241527366,9322671515,41.53874159279151,trunk,Habarana-Polonnaruwa-Batticaloa Road,False,A11
1241527366,2304485540,10205.402798293522,trunk,"['Manampitiya Bridge', 'Habarana-Polonnaruwa-Batticaloa Road']",False,A11
1241527366,9322671512,1657.3553239352593,primary,Maithreepala Sirisena Road,True,
1241527372,9322671515,1686.4785045138483,trunk,Habarana-Polonnaruwa-Batticaloa Road,False,A11
1241527372,9394230354,644.7937383080227,trunk,Habarana-Polonnaruwa-Batticaloa Road,False,A11
1241527372,9322671930,502.193927315921,secondary,New Town Road,False,
1241535500,9322671930,26.55993895376377,secondary,New Town Road,True,
1241535500,9322671929,10.546202150174786,secondary,,True,
1241537030,7734473410,5529.725526303787,secondary,Galthambarawa Road,False,
1241541843,1241541926,236.6169152854037,secondary,,False,
1241541926,1241541843,236.61691528540373,secondary,,False,
1241541926,2822324313,1050.9536533669097,secondary,New Town Road,False,
1241541926,2822281605,2287.3504754061114,secondary,New Town Road,False,
1241600897,3107607858,11944.506103462249,primary,Delgoda-Dompe-Giridara Road,False,B95
1241600897,10093923283,38.863157130575,primary,Delgoda-Dompe-Giridara Road,True,B95
1241645825,3687641055,169.95514382222055,primary,Paramulla Road (Station Road),False,B27-22
1242330004,47811685,2872.83008871556,secondary,Batuwanthuduwa Road,False,
1242330004,1093751150,9369.42058014417,primary,Baddegama Road,False,B128
1242330004,102750184,2780.554255791071,primary,Baddegama Road,False,B128
1242344698,1242395226,2001.8856595457526,primary,Udugama Road,False,B129
1242344698,3658899780,909.4376188269626,primary,Udugama Road,False,B129
1242344698,652615607,2591.471403878305,secondary,"['Sri Jinendrarama Mawatha', 'D.Samson Rajapaksha Mawatha']",False,
1242395226,12553497562,14.962248279149618,primary,Udugama Road,False,B129
1242395226,12553497571,25.680061863524507,primary_link,,True,
1242395226,1242344698,2001.885659545753,primary,Udugama Road,False,B129
1242562069,47817820,763.3435845302113,primary,Abdul Wahab Mawatha (Talapitiya Road),False,AB36
1242562069,47822231,241.6070128812607,primary,Bandaranaike Place (Talapitiya Road),False,B41
1242562069,1242562100,422.2673813350145,primary,Bandaranaike Place,False,B41
1242562100,1242562192,544.9907895964773,primary,Kong Tree Road,False,B233
1242562100,3619556378,397.06042349233655,primary,Bandaranaike Place,False,B41
1242562100,12553497560,800.4183857264992,secondary,Circular Road,False,
1242562100,1242562069,422.26738133501453,primary,Bandaranaike Place,False,B41
1242562192,50392728,304.46188241468514,primary,Olcott Mawatha,False,B128
1242562192,47817820,548.2956738542879,primary,Olcott Mawatha,False,B128
1242562192,1242562100,544.9907895964775,primary,Kong Tree Road,False,B233
1242694030,1235804433,30.08106270852636,primary,Kantale-Potankadu Road (Seruwawila Road),False,B196
1242694030,9394245015,39096.0147548224,primary,Kantale-Allai Road,False,B10
1242694030,1235804471,30.114116580656187,primary,Kantale-Allai Road,False,B10
1242694031,4139418521,34.73972859174893,trunk,Kandy Road,False,A6
1242694031,4139420762,953.194456680362,trunk,Kandy Road,False,A6
1242695993,3805434522,3902.289333517795,trunk,Puttalam-Anuradhapura-Trincomalee Road,False,AA012
1242695993,1242700513,959.49780859549,trunk,Puttalam-Anuradhapura-Trincomalee Road,False,AA012
1242695993,1242715443,5174.669145428657,primary,Sardhapura-Kanniya Road,False,B619
1242700513,1242700557,4057.7733508035626,primary,Kanniya-Iluppaikulam Road,False,B620
1242700513,1242695993,959.4978085954901,trunk,Puttalam-Anuradhapura-Trincomalee Road,False,AA012
1242700513,1242703950,1480.4158684573954,trunk,Puttalam-Anuradhapura-Trincomalee Road,False,AA012
1242700557,3221586259,5487.8800791799,primary,Trincomalee-Nilaveli Road,False,B424
1242700557,1242700513,4057.7733508035644,primary,Kanniya-Iluppaikulam Road,False,B620
1242700557,6685553328,4550.65654411526,primary,Trincomalee-Nilaveli Road,False,B424
1242703950,4001647875,3901.2820605216175,primary,Welgam Vihara Road,False,B447
1242703950,1242700513,1480.4158684573954,trunk,Puttalam-Anuradhapura-Trincomalee Road,False,AA012
1242703950,2093935801,29411.171585208,trunk,Puttalam-Anuradhapura-Trincomalee Road,False,AA012
1242715443,6537569534,3827.8852360894443,trunk,Kandy Road,False,A6
1242715443,1242786013,10769.242551171808,trunk,Kandy Road,False,A6
1242715443,1242695993,5174.669145428655,primary,Sardhapura-Kanniya Road,False,B619
1242786013,1242786017,7804.394610705015,primary,Thambalagamuwa-Kinniya Road,False,B541
1242786013,1242715443,10769.242551171807,trunk,Kandy Road,False,A6
1242786013,2094947243,7030.063987436609,trunk,Kandy Road,False,A6
1242786017,2094947243,13981.964767157648,primary,Mullipotana-Soorangal Road,False,B618
1242786017,7702374764,5815.145358867494,primary,Thambalagamuwa-Kinniya Road,False,B541
1242786017,1242786013,7804.3946107050115,primary,Thambalagamuwa-Kinniya Road,False,B541
1242786587,904233235,441.21879954739734,primary,Post Office Road,False,B424
1242786587,1242786599,1161.956748654338,primary,"['Power House Road', 'Thirugnanasampanthar Road']",False,B375
1242786587,3804306277,238.5133362270791,primary,Post Office Road,False,B424
1242786590,1242787964,610.5728697465902,primary,Dockyard Road,False,B140-3
1242786590,904233553,384.99061052247856,primary,Dockyard Road,False,B140-3
1242786590,1242788104,253.69418668759366,primary,Hospital Road,False,B140-5
1242786599,1240466580,505.008003906241,primary,Thirugnanasampanthar Road,False,B375
1242786599,1242786587,1161.9567486543378,primary,"['Power House Road', 'Thirugnanasampanthar Road']",False,B375
1242786599,1242787976,322.9411697159226,secondary,Sea View Road,False,
1242786599,1240466605,330.08848432961224,secondary,Sea View Road,False,
1242787901,3804306281,39.87189294169476,primary,Fort Fredrick Road,True,B140-2
1242787901,904233553,48.14120531760014,primary,Dockyard Road,False,B140-3
1242787901,904233235,105.23666020867013,primary,Dockyard Road,False,B140-3
1242787964,1242786590,610.5728697465902,primary,Dockyard Road,False,B140-3
1242787964,6716865701,766.2445000651868,primary,Inner Harbour Road,False,B140-1
1242787964,13938053003,40.46882084627116,primary,Dockyard Road,False,B140-3
1242787976,1242795111,358.9178092362778,trunk,Inner Harbour Road,False,A6
1242787976,904233218,1009.0396472939547,trunk,Inner Harbour Road,False,A6
1242787976,1242786599,322.94116971592257,secondary,Sea View Road,False,
1242787991,1172970726,83.45363452266798,secondary,Sea View Road,False,
1242788104,1242786590,253.69418668759363,primary,Hospital Road,False,B140-5
1242788118,1240467172,378.9076646627133,secondary,Central Road,False,
1242788118,1172970726,118.56542280088348,secondary,Sea View Road,False,
1242788118,1240466605,63.509544617734704,secondary,Sea View Road,False,
1242788120,1240466576,394.4154816426307,primary,Main Street,False,B27-10
1242788120,13929460691,31.511422810818175,primary,Main Street,True,B27-10
1242791210,1240466605,569.0275205662956,secondary,Main Street,False,
1242791210,904233235,668.2769933525443,primary,Dockyard Road,False,B424
1242791210,1242791243,92.75264476567568,primary,Dockyard Road,False,B424
1242791243,904233452,4.966985234994164,primary,,True,
1242791243,1242791210,92.75264476567568,primary,Dockyard Road,False,B424
1242795099,13929460688,22.111870612666607,trunk,Inner Harbour Road,True,A6
1242795099,1242795111,340.97075375635234,trunk,Inner Harbour Road,False,A6
1242795111,1242795099,340.9707537563523,trunk,Inner Harbour Road,False,A6
1242795111,1242787976,358.9178092362778,trunk,Inner Harbour Road,False,A6
1242795111,1242795139,3441.0979761932285,primary,Orr’s Hill Road,False,B340
1242795139,4139440649,174.41311616070558,trunk,Kandy Road,False,A6
1242795139,1242795111,3441.0979761932285,primary,Orr’s Hill Road,False,B340
1242795139,4062727240,980.7248748377955,trunk,Kandy Road,False,A6
1244985940,13691441811,9.00869788363878,secondary,,True,
1244985944,567004763,71.39599306543249,secondary,Thuparamaya Mawatha,False,B397-4
1244985944,773016545,575.3228144561663,secondary,Outer Circular Road (Watawandana Road),False,B341
1244985944,567004605,1905.7779116101065,secondary,Outer Circular Road (Watawandana Road),False,B341
1245021311,5126464959,3268.9281598917883,secondary,Mathagal Road,False,B276
1245021311,7098638332,8097.161801309777,primary,Jaffna-Ponnalai-Point Pedro Road,False,AB021
1245021311,1245033118,4567.213545998841,primary,Jaffna-Ponnalai-Point Pedro Road,False,AB021
1245021317,7557813398,59.12777976451896,primary,Jaffna-Ponnalai-Point Pedro Road,False,AB021
1245021317,7557813397,175.23796909293932,secondary,Maviddapuram - Keeramalai,False,B277
1245021317,1245033118,1741.5032235347987,primary,Jaffna-Ponnalai-Point Pedro Road,False,AB021
1245021322,7557813397,2622.4710574801406,secondary,Maviddapuram - Keeramalai,False,B277
1245021322,1245032999,1753.7171082764419,primary,Jaffna - Kankesanthurai Road,False,AB016
1245021322,1148495933,1974.7291573321613,primary,Jaffna - Kankesanthurai Road,False,AB016
1245032999,3199620297,2284.8913411252174,secondary,Vallai Tellippalai Araly Road,False,B 437
1245032999,1245033016,5230.591359851872,secondary,Vallai Tellippalai Araly Road,False,B 437
1245032999,5847955549,2570.2459892959037,primary,Jaffna - Kankesanthurai Road,False,AB016
1245032999,1245021322,1753.7171082764419,primary,Jaffna - Kankesanthurai Road,False,AB016
1245033009,854070627,1881.6337621004398,secondary,Mathagal Pandatharippu Sandilippai Road,False,B276
1245033009,1245033122,2253.7864564124534,secondary,Sandilippai Senthankulam Road,False,B398
1245033009,854070754,718.3622856210129,secondary,Sandilippai Senthankulam Road B398,False,
1245033016,1245032999,5230.591359851875,secondary,Vallai Tellippalai Araly Road,False,B 437
1245033016,1245033122,87.03830796568302,secondary,Sandilippai Senthankulam Road,False,B398
1245033016,1245033118,3482.7772368975807,secondary,Sandilippai Senthankulam Road,False,B398
1245033029,1245033052,1735.2510137294798,secondary,Avarankal Tondaimanar Road B33,False,B033
1245033029,1245033035,192.85894270486182,secondary,Vallai Tellippalai Araly Road,False,B 437
1245033029,1245033104,4200.219367957955,secondary,Vallai Tellippalai Araly Road,False,B 437
1245033035,1245034081,1983.8070077216362,secondary,Avarankal Tondaimanar Road B33,False,B033
1245033035,847436961,1554.592354796263,secondary,Vallai Tellippalai Araly Road,False,B 437
1245033035,1245033029,192.85894270486182,secondary,Vallai Tellippalai Araly Road,False,B 437
1245033052,1245033029,1735.2510137294794,secondary,Avarankal Tondaimanar Road B33,False,B033
1245033052,847436961,2065.1708465022625,primary,Jaffna-Point Pedro Road,False,AB020
1245033052,847469569,1970.9006648805969,primary,Jaffna-Point Pedro Road,False,AB020
1245033104,1148495870,2898.7638503965745,primary,Jafna-Palali Road,False,AB018
1245033104,847469685,4889.666340871813,primary,Jafna-Palali Road,False,AB018
1245033104,1245033029,4200.219367957956,secondary,Vallai Tellippalai Araly Road,False,B 437
1245033118,1245033016,3482.777236897582,secondary,Sandilippai Senthankulam Road,False,B398
1245033118,1245021311,4567.213545998842,primary,Jaffna-Ponnalai-Point Pedro Road,False,AB021
1245033118,1245021317,1741.5032235347985,primary,Jaffna-Ponnalai-Point Pedro Road,False,AB021
1245033122,854070627,1957.498301731493,secondary,Vallai Tellippalai Araly Road,False,B 437
1245033122,1245033009,2253.7864564124534,secondary,Sandilippai Senthankulam Road,False,B398
1245033122,1245033016,87.03830796568302,secondary,Sandilippai Senthankulam Road,False,B398
1245034081,1245033035,1983.8070077216364,secondary,Avarankal Tondaimanar Road B33,False,B033
1245034081,1148495922,1972.6175668750861,secondary,Avarankal Tondaimanar Road B33,False,B033
1245034081,1245034098,4440.670475048135,secondary,Thampaalai Valalai,False,B420
1245034098,1245034081,4440.670475048138,secondary,Thampaalai Valalai,False,B420
1245037494,3804229985,2695.9542647754784,primary,Thondamanaru - Udupiddy,False,B 418
1245037494,848594067,928.0889672578189,primary,Vallai-Udupiddy - Velvettiturai,False,B 438
1245037494,848594025,1684.0471295459902,secondary,Vallai-Udupiddy - Velvettiturai,False,B 438
1245043260,4136868890,6.306895774345238,secondary,Chavakachcheri - Kachchai,False,B074
1245043260,847869821,26.702929738616707,secondary,Chavakachcheri - Kachchai,False,B074
1245043260,1245043305,3396.1678588923473,secondary,Chavakachcheri - Tanankilappu,False,B076
1245043305,1245043260,3396.167858892348,secondary,Chavakachcheri - Tanankilappu,False,B076
1245043305,4136824661,8122.292352329173,trunk,Navatkuli-Karaitivu-Mannar Road,False,AA032
1245043305,4137314888,18254.426943875624,trunk,"['Sangupiddi Causeway', 'Navatkuli-Keraitivu-Mannar Road', 'Navatkuli-Karaitivu-Mannar Road']",False,AA032
1245763163,1148495933,3142.5465271649105,primary,Jaffna-Ponnalai-Point Pedro Road,False,AB021
1245763163,1148495870,1561.7406840528174,primary,Jaffna-Ponnalai-Point Pedro Road,False,AB021
1245763163,6896310128,1588.5219799789925,secondary,Kadduvan Myliddi Road,False,B171
1247060927,1247065794,6771.248823462599,secondary,Wariyapola - Ganewatta Road,False,B478
1247060927,1239435066,512.0703957611063,trunk,Kurunegala - Puttalam Road,False,A10
1247060927,1239436268,5049.377388374281,trunk,Kurunegala - Puttalam Road,False,A10
1247065794,3066364582,15218.331448168408,secondary,Tittawella - Gonagama Road,False,B611
1247065794,1247060927,6771.248823462601,secondary,Wariyapola - Ganewatta Road,False,B478
1247065794,5225962164,7881.898540624174,secondary,"['Wariyapola-Ganewatta Road', 'Wariyapola - Ganewatta Road', 'Wariyapola-Ganewatta-kumbukgete Road']",False,B478
1249801968,10628115393,121.835318270833,secondary,,True,
1249801968,3774582589,397.957620894051,trunk,Galle Road,True,A2
1249801969,635164747,1044.9983757369691,trunk,Galle Road,True,A2
1249855906,599347546,10.238614393786804,primary,Kaldemulla Road,False,B545
1249855906,13236794170,4196.93675651847,primary,"['Gangarama Road', 'Borupana Road']",False,B388
1249855906,50422936,1556.327541053004,trunk,Galle Road,True,A2
1261568353,1848020009,4393.703872519616,primary,Makandura-Badalgama Road,False,B503
1261568353,617810744,8049.495904661398,primary,Negombo-Giriulla Road,False,B322
1261568353,403881317,6558.322966877621,primary,Negombo-Giriulla Road,False,B322
1261568353,1261568415,7453.2763704656545,primary,Maradagahamula-Badalgama Road,False,B271
1261568415,1261568353,7453.2763704656545,primary,Maradagahamula-Badalgama Road,False,B271
1261568415,2703675509,3410.5167746002567,primary,Negombo-Mirigama Road,False,B324
1261568415,639247310,1909.2877905330226,primary,Negombo-Mirigama Road,False,B324
1261568522,3205666202,87.07100428091928,primary,Negombo-Kurunegala Road,False,B308
1261568522,1848020009,216.96986096739968,primary,Makandura-Badalgama Road,False,B503
1261568522,617799602,5563.741477071681,primary,Negombo-Kurunegala Road,False,B308
1268329299,4192345790,41.77677003519479,primary,Baseline Road,False,B598
1268329299,4192345640,20.823616069773585,primary,Seeduwa-Kotugoda Road,False,B400
1268329299,4192345643,20.139961315906387,primary,Seeduwa-Kotugoda Road,False,B400
1268334809,11722038126,6594.296289666054,secondary,"['Katunayake yagodamulla Road', 'Katunayake Kotugoda road']",False,
1268334809,638929070,2960.96564163548,primary,Ekala-Kotadeniyawa Road,False,B111
1268334809,2375441004,2250.1248533568523,primary,Ekala-Kotadeniyawa Road,False,B111
1268334824,1268334826,3397.0564283760928,secondary,,False,
1268334824,638925131,6147.571655401117,primary,Minuwangoda-Miriswatta-Katana Road,False,B289
1268334824,639128147,649.4763543676376,primary,Minuwangoda-Miriswatta-Katana Road,False,B289
1268334826,12322046179,3037.13658480863,primary,Katunayake-Veyangoda Road,False,B208
1268334826,638925131,4549.877458777403,primary,Katunayake-Veyangoda Road,False,B208
1268334826,1268334824,3397.0564283760937,secondary,,False,
1268335758,403881177,10.438006220019329,primary,,False,
1268335758,639142096,3355.9739565122973,primary,Kimbulapitiya Road,False,B321
1268335758,2155584783,563.0451653299131,trunk,Negombo Road,True,A3
1269994619,2155584793,1582.3889265950893,primary,"['Sri Wickrama Rajasinghe Road', ""St. Anne's Road""]",False,B245
1269994723,2155584793,7.985725485288884,primary_link,,False,
1269994723,4087054265,700.7722575290566,trunk,Negombo Road,True,A3
1274137038,13673566348,30.320763550404138,primary,Bambalapitiya Station Road,False,
1274137040,13673566348,2169.448050923675,primary,"['Station Road', 'Marine Drive']",False,
1274137040,665214512,24.144065850340994,trunk,Galle Road,True,A2
1278003886,50422936,11.199011996189471,primary_link,Katubedda-Piliyandala Road,False,
1278003886,599347546,1548.9245304308583,trunk,Galle Road,True,A2
1278003887,2361900638,819.4447029326735,trunk,Galle Road,True,A2
1278003887,652384089,19.53878378145291,trunk,De Soysa Road,True,B295
1278007299,2339320506,435.23742874468775,primary,Galle Road New Deviation,False,AB11
1278007299,1418747698,44.526347345595966,primary,Galle Road New Deviation,True,AB11
1278007303,2337337148,156.48944808635824,primary,Galle Road New Deviation,True,AB11
1278007303,1418747700,9.653156741220108,primary,,True,
1278079598,1346379037,55.89937527152933,primary_link,,True,
1278079598,1280044912,154.50113517834188,primary,Sir Marcus Fernando Mawatha,False,
1278079600,3164356590,25.95504240033646,trunk,Alexandra Roundabout,True,A0
1278079600,1280044911,633.4801469588353,trunk,Ananda Coomaraswamy Mawatha,True,A0
1278079633,1278079600,3.4715382339540324,trunk,Alexandra Roundabout,True,A0
1278079635,1307336317,31.807231664955573,secondary,Sir Marcus Fernando Mawatha,True,
1278079635,3164356590,703.1517310806005,trunk,Ananda Coomaraswamy Mawatha,True,A0
1278079706,6234164269,8.851836517272616,secondary,Dr. C. W. W. Kannangara Mawatha (Alexandra Place),True,
1278079713,3893909443,23.588571861109983,secondary,Dr. C. W. W. Kannangara Mawatha (Alexandra Place),True,
1278079713,1278079706,12.571506640724627,secondary,F. R. Senanayake Mawatha,True,
1278086414,2507098828,10.79447783045331,trunk,Negombo Road,True,A3
1278086414,2506020933,2546.9320363282836,primary,Delathura - Ja Ela Road,True,B633
1278086492,617248607,363.4643523684967,primary,Old Puttalam Road,False,AB28
1278086605,651637359,448.3142120811903,trunk,Gampaha-Ja Ela Road,False,A33
1278086605,2155580115,63.55012015583456,trunk,Gampaha-Ja Ela Road,True,A33
1278169498,651637344,24.298000064674746,trunk,Gampaha-Ja Ela Road,False,A33
1278169498,651637359,15.096377877215154,trunk,Gampaha-Ja Ela Road,False,A33
1278169498,4231371023,18.09789101329938,primary_link,,True,
1280044911,6277539949,70.58024012595426,primary_link,,True,
1280044911,1307336317,52.84503630534453,trunk,Ananda Coomaraswamy Mawatha,True,A0
1280044912,61802753,206.28754848150447,primary,Sir Marcus Fernando Mawatha,False,
1280044912,1278079598,154.50113517834188,primary,Sir Marcus Fernando Mawatha,False,
1280044917,6524681177,123.14591635717755,trunk,Ananda Coomaraswamy Mawatha,True,A0
1280868423,9468145020,286.0791984673515,primary,Sir Mohamed Macan Makar Mawatha,False,
1280868423,9470509023,50.29761701814766,primary,Sir Mohamed Macan Makar Mawatha,True,
1280869006,91030442,349.44742022794793,primary,Lotus Road,False,AC15
1280869006,1280869012,58.87286311957739,trunk_link,,True,
1280869010,665241266,22.791923502608984,trunk,York Street,True,A4
1280869010,1280869006,60.150045116683245,trunk_link,,True,
1280869012,3822202809,208.3155013459321,trunk,York Street,True,
1280869013,665241266,40.961460136220275,trunk,Lotus Road,True,A4
1280869013,1280869012,50.30091179932082,trunk_link,,True,
1280869013,13663655377,73.68935190859546,trunk,,True,
1282529649,5352929666,19.401608209571453,trunk,Matara Road,False,A2
1282529649,7094563039,1893.3556476082217,trunk,Matara Road,False,A2
1282529649,8547277146,127.17724460493882,trunk_link,,True,
1285521703,637834306,63.74399492154992,primary,Tewatta Road,True,B554
1285521703,1285521727,20.756067491770338,primary,Kadawatha Road,True,B168
1285521727,5549855445,14.73162093010508,primary_link,,True,
1285521727,2026484605,151.78575853774893,primary,Kadawatha Road,True,B168
1285521732,2026484605,354.26818201333504,primary,Ragama Flyover,False,B168
1285521732,1370716561,524.9230751412254,primary,Welisara-Ragama Road,False,B168
1285521732,1285521703,189.125039474724,primary,Station Road,True,B168
1285521745,1285521703,14.738808282629016,primary_link,,True,
1285521745,1285521732,187.29162283494,primary,Main Street,True,B168
1290251657,1315967063,12292.004936637893,primary,Katugastota-Madawala-Bambarella Road,False,B205
1290251657,3619718204,11312.526429492133,primary,Katugastota-Madawala-Bambarella Road,False,B205
1290251657,12794013248,20435.100582686373,primary,Madulkelle-Kabaragala-Kandenuwara Road,False,B257
1292992471,2407608224,504.5249331595514,primary,Ananda Mawatha,False,B20
1292992471,3592104626,664.6976487979946,primary,Gampaha-Mriswatta Road,False,B288
1292992471,4790019635,2000.9998066522085,primary,Gampaha-Mriswatta Road,False,B288
1307336317,6277534245,7.534026847762631,trunk,Ananda Coomaraswamy Mawatha,True,A0
1307336320,1278079635,33.73632255963117,secondary,Sir Marcus Fernando Mawatha,True,
1307336320,1280044917,72.69209546591529,secondary,Sir Marcus Fernando Mawatha,True,
1307347933,3339929672,27.013207894318317,primary,Bauddhaloka Mawatha,True,AC2
1307347933,9462080182,24.135103883918507,trunk,Kanatta Roundabout,True,
1307348559,2066330706,36.5645827858479,secondary,Bauddhaloka Mawatha,True,
1307348559,2131864641,32.118437576766105,trunk,Dudley Senanayake Mawatha (Castle Street),True,A0
1314754534,1157613973,11185.979706979648,primary,"['Ukuwela Road', 'Elkaduwa Road']",False,B180
1314754534,1314754545,64.48522737392827,primary,Wattegama Road,False,B462
1314754534,3416397811,10341.462534823577,primary,"['Wattegama Road', 'Ukuwela Road']",False,B462
1314754545,1314754534,64.48522737392827,primary,Wattegama Road,False,B462
1314754545,3645486728,2167.7425395965097,primary,Wattegama Road,False,B462
1314754545,3813344287,2122.0297187775827,primary,Kalalpitiya Road,False,B180
1315967063,1290251657,12292.004936637897,primary,Katugastota-Madawala-Bambarella Road,False,B205
1316756487,3084209277,157.7507951447315,secondary,Philip Gunawardena Mawatha (Reid Avenue),True,
1316756498,1316756487,63.023094560516085,secondary,Philip Gunawardena Mawatha (Reid Avenue),True,
1316756498,1316756516,88.19479174765706,secondary,Rajakeeya Mawatha (Race Course Avenue),False,
1316756516,1316756498,88.19479174765706,secondary,Rajakeeya Mawatha (Race Course Avenue),False,
1316756516,1316756487,62.23917968465672,secondary,Rajakeeya Mawatha (Race Course Avenue),True,
1331893829,3820002302,52.65909617483237,trunk,Kandy Road,False,A5
1331893829,3815809876,392.20002306410305,trunk,Kandy Road,False,A5
1331893829,2035811614,53.3158192735346,trunk,Kandy Road,False,A5
1340667695,3751644917,9805.91688027008,primary,Ranna-Udayala-Weeraketiya Road,False,B387
1340667695,1428650220,1003.1066786816169,trunk,Matara-Hambantota Road,False,A2
1340667695,77379011,11499.342150467852,trunk,Matara-Hambantota Road,False,A2
1346377742,679749960,18.82244190699663,secondary,,True,
1346377747,619732389,173.63059666536623,secondary,Srimath Anagarika Dharmapala Mawatha,True,
1346377753,1346377742,41.480745733528735,secondary,Srimath Anagarika Dharmapala Mawatha,True,
1346377753,1346377747,101.88382437671827,secondary,Srimath Anagarika Dharmapala Mawatha,True,
1346379037,1280044917,41.795167844016696,trunk,Ananda Coomaraswamy Mawatha,True,A0
1348104699,129615924,448.18006053946823,primary,Old Kesbawa Road,False,B134
1348104699,275520231,436.5408312659376,primary,Old Kesbawa Road,False,B134
1348104699,252538015,907.605335305226,secondary,Edirisinghe Road,False,
1364596318,77844809,428.56555035158726,primary,Dharmawijaya Mawatha,False,AB8
1364596318,4365280291,78.0817465277477,primary,Dharmawijaya Mawatha,True,AB8
1364596318,4973240984,8.58590291192181,primary_link,,False,
1364655117,1640240442,2275.8774523265006,trunk,Matara Road,False,A2
1364655117,1397140981,33.40484074890382,trunk,Matara Road,False,A2
1364655117,2643547285,29.995748809133858,primary,New Matara Road,False,AB41
1364675869,3619556378,44.3437921739786,primary,Bandaranaike Place,False,B41
1364675869,50392728,209.39839057567465,primary,H. K. Edmond Mawatha,False,B109
1364675869,5294022980,39.93998105378529,primary,H. K. Edmond Mawatha,False,B109
1365357696,313236388,2912.3458484598737,primary,Poruthota Road,False,B241
1369209676,10660932978,454.19685336151394,secondary,Prof. Stanley Wijesundara Mawatha,False,
1369209676,3084209269,37.189447286321744,secondary,Prof. Stanley Wijesundara Mawatha,True,
1370716561,2155579905,2144.1190649683876,primary,Welisara-Ragama Road,False,B168
1370716561,1285521732,524.9230751412254,primary,Welisara-Ragama Road,False,B168
1370716561,2155580113,3522.6922887044343,primary,"['Kandana-Walpola-Tewatta Road', 'Peralanda Road']",False,B382
1397090861,1181395662,8.783661356729999,primary,Station Road,False,B466
1397090861,1397090864,231.0837081231632,primary,Station Road,False,B466
1397090861,3935855298,1039.8323727540285,primary,Hetti Veediya,False,B646
1397090864,1397090861,231.08370812316323,primary,Station Road,False,B466
1397090864,603247200,129.72652704551564,trunk,Matara Road,False,A2
1397090864,3935855296,1031.9377559687355,trunk,Matara Road,False,A2
1397099213,1397099228,238.95219346352658,secondary,Sri Vajiragnana Thero Mawatha,False,
1397099213,9752443846,168.60797930011012,primary,Centre Road,False,B27-17
1397099213,1181395662,228.05059662127158,primary,Station Road,False,B27-17
1397099228,1397099213,238.9521934635266,secondary,Sri Vajiragnana Thero Mawatha,False,
1397099228,1181395693,374.766241839792,secondary,,False,
1397099228,1397099240,192.3013491142465,secondary,,False,
1397099240,1181395615,304.1241941111307,trunk,Matara Road,False,A2
1397099240,1397099228,192.30134911424648,secondary,,False,
1397099240,1397128195,373.54967334428807,trunk,Matara Road,False,A2
1397128195,603247200,24.717032394575668,trunk,Matara Road,False,A2
1397128195,1397099240,373.5496733442881,trunk,Matara Road,False,A2
1397128195,9752443846,27.266497871563864,primary,Centre Road,False,B27-17
1397140981,1397147766,949.569202575352,trunk,Matara Road,False,A2
1397140981,1364655117,33.40484074890382,trunk,Matara Road,False,A2
1397140981,2643547285,38.00737065279591,trunk_link,,False,
1397147766,3935855297,741.8332056025913,trunk,Matara Road,False,A2
1397147766,1397140981,949.5692025753519,trunk,Matara Road,False,A2
1397147766,3365313016,7540.69089999443,secondary,"['Midigama - Pathegama Road', 'Batawala-Pathegama Road']",False,
1400433848,5169879074,33.96434764824868,trunk,Katugastota-Kurunegala-Puttalam Road,True,A10
1400433848,618604210,206.79482615064882,trunk,Katugastota-Kurunegala-Puttalam Road,False,A10
1400433849,5169879054,31.205745652739356,trunk,Anuradhapura Road,True,AA012
1400433849,1400433850,2457.3669137694437,trunk,Anuradhapura Road,False,AA012
1400433850,1400433849,2457.3669137694433,trunk,Anuradhapura Road,False,AA012
1400433850,4140943341,44.36841508985056,trunk,,True,AA012
1401456407,1410580258,11315.22060342148,secondary,,False,
1401456407,1401456461,4331.198570701877,trunk,Puttalam-Anuradhapura-Trincomalee Road,False,"['AA012', 'A12']"
1401456407,2093612570,7702.633486416554,trunk,Puttalam-Anuradhapura-Trincomalee Road,False,AA012
1401456461,1401456407,4331.198570701879,trunk,Puttalam-Anuradhapura-Trincomalee Road,False,"['AA012', 'A12']"
1401456461,7185588314,98.54527988592987,trunk,Puttalam Road,True,A12
1401456469,615737957,2853.320049985455,primary,Old Puttalam Road,False,B234
1401456469,7185616200,53.15749530046337,primary_link,,True,
1401472757,1181921828,253.65748570335577,trunk,K. B. Ratnayake Mawatha,False,A13
1401472757,566568781,24.65053556584745,trunk,Hospital Roundabout,True,
1401472808,12118609956,428.6868750708805,trunk,Bandaranaike Mawatha,False,A13
1401472808,1401472831,21.49169021162262,trunk,Hospital Roundabout,True,
1401472831,1401501568,1302.3419678413027,primary,Harischandra Mawatha,False,AB2-3
1401472831,1401472757,21.09695371619614,trunk,Hospital Roundabout,True,
1401472905,1401472937,28.979054641026053,trunk,Ayurveda Roundabout,True,
1401472937,12118609958,42.363093746536094,trunk,Bandaranaike Mawatha,True,A13
1401472937,1401472976,17.367658931176965,trunk,Ayurveda Roundabout,True,
1401472941,12118609956,34.451158053323006,trunk,Bandaranaike Mawatha,True,A13
1401472941,1401472905,17.3882503208405,trunk,Ayurveda Roundabout,True,
1401472957,1401472941,5.7747292528515,trunk,Ayurveda Roundabout,True,
1401472976,1401472980,5.8051876119624755,trunk,Ayurveda Roundabout,True,
1401472980,1401472957,17.411719417181445,trunk,Ayurveda Roundabout,True,
1401472980,602730587,37.54456785802992,primary,Anagarika Dharmapala Mawatha,True,AB2-1
1401473001,11743149451,34.68491307052043,primary,Maithripala Senanayake Mawatha (Main Street),True,AB2-5
1401473001,1401473035,20.92841386413059,trunk,Police Roundabout,True,
1401473006,1401473001,5.9486902333946325,trunk,Police Roundabout,True,
1401473035,1401473045,5.368456116241803,trunk,Police Roundabout,True,
1401473045,11743149450,21.92437428507111,trunk,Bandaranaike Mawatha,True,A13
1401473045,1401473074,17.792507387778343,trunk,Police Roundabout,True,
1401473049,11572133444,36.45475550964904,trunk,Bandaranaike Mawatha,True,A13
1401473049,1401473006,15.312577322953306,trunk,Police Roundabout,True,
1401473053,1401473049,7.077878230651959,trunk,Police Roundabout,True,
1401473074,13570724458,7.060847955426228,trunk,Police Roundabout,True,
1401473103,1401473132,39.62825553404545,trunk,Jayanthi Mawatha,True,A12
1401473103,13567087001,1414.1302862902899,trunk,Jayanthi Mawatha,False,A12
1401473107,8795417507,6.995155426229292,trunk,Buddha Jayanthi RB,True,
1401473132,8795417508,4.932353429434617,trunk,Buddha Jayanthi RB,True,
1401501527,602730587,822.534023899124,primary,Anagarika Dharmapala Mawatha,False,AB2-1
1401501527,1401501575,23.104913412870303,primary,Provincial Council RB,True,
1401501568,1401501527,21.944373745296346,primary,Provincial Council RB,True,
1401501568,1401472831,1302.3419678413027,primary,Harischandra Mawatha,False,AB2-3
1401501575,2835617065,300.52687019495085,primary,Harischandra Mawatha,False,AB2-3
1401501575,566569965,22.057902770328628,primary,Provincial Council RB,True,
1401501722,8910656321,31.146962551635493,primary,Sri Maha Bodhi Mawatha (Market Street),True,AB2-7
1401501722,8910656320,14.72582717069661,primary,Lion Pillar Roundabout,True,
1401574299,13577660245,1165.8529619144863,secondary,Bulankulama Disawa Mawatha,False,
1401574299,1401574323,17.26667986947738,secondary,Freeman Mawatha Roundabout,True,
1401574323,566568781,620.854615958398,secondary,Bulankulama Disawa Mawatha,False,
1401574323,1401574299,18.343955666977305,secondary,Freeman Mawatha Roundabout,True,
1402737605,1402737608,12.764857280321586,primary,,True,
1402737608,567004533,26.84515883619134,primary,Sri Saranankara Sangarakkhitha Mawatha (Vessagiriya Road),True,
1402737608,4099707550,20.100317190823255,primary,,True,
1402737627,567004349,72.82318372933567,primary,Bandaranaike Mawatha,True,B397-8
1402737627,1402737605,18.307739682397795,primary,,True,
1402737640,1402737627,6.307450823338611,primary,,True,
1402737653,1402737640,31.06537555391372,primary,Villachchi Road (New Ellakkattuwa Road),True,B397-9
1402737653,13596262043,912.590744142096,primary,Ellakkattuwa Road,False,B397-12
1402737653,13574349086,457.92287183731906,primary,Vilachchi Rd. (New Ellakkattuwa Rd),False,B397-9
1410578037,13591204530,26.945782869829983,secondary,Outer Circular Road (Watawandana Road),True,B341
1410578037,615737957,2342.7700428232047,secondary,Outer Circular Road (Watawandana Road),False,B341
1410578077,2835617088,32.84196737605193,secondary,Outer Circular Road (Watawandana Road),True,B341
1410578077,1410579071,2052.2037664922905,secondary,Outer Circular Road (Watawandana Road),False,B341
1410578511,602759902,989.2652166875876,secondary,Anula Mawatha,False,B397-16
1410578511,1028522856,1328.1612272090904,secondary,"['Anula Mawatha', 'Lankaramaya Road']",False,"['B397-3', 'B397-16']"
1410578511,1410579071,1818.0135635798388,secondary,Bulankulama Tank Road,False,B397-15
1410579071,1410579229,129.7088320696224,secondary,Bulankulama Tank Road,False,B397-15
1410579071,1410578511,1818.0135635798395,secondary,Bulankulama Tank Road,False,B397-15
1410579071,1028522856,244.48920368675138,secondary,Outer Circular Road (Watawandana Road),False,B341
1410579071,1410578077,2052.203766492291,secondary,Outer Circular Road (Watawandana Road),False,B341
1410579229,1410579071,129.7088320696224,secondary,Bulankulama Tank Road,False,B397-15
1410579229,1028522713,274.4854547947605,secondary,Gambirigaswewa Road,False,C165
1410579229,2833604877,31887.214189304315,secondary,Gambirigaswewa Road,False,C165
1410580258,1401456407,11315.220603421476,secondary,,False,
1410580258,6237005692,7156.391370409561,secondary,,False,
1410580258,13591204531,7794.468041349035,secondary,,False,
1410580274,3305877503,2894.189062858161,secondary,Kuttampokuna - Galpalama Road,False,B509
1418747698,651746985,14.176961887632611,primary,Modara Road,True,B235
1418747698,5232614480,16.961756185501347,primary,,True,
1418747699,13656872132,9.886661791872768,primary,,True,
1418747700,1418747701,32.33456822288886,primary,Egoda Uyana Road,True,B235
1418747700,1418747699,13.184927548447558,primary,,True,
1418747701,1418747699,31.7737154406921,primary,Egoda Uyana Road,True,B235
1418747701,651747031,5172.7358032730335,primary,Egoda Uyana Road,False,B235
1418994146,665685929,9.109201766437913,trunk_link,,False,A2
1418994146,1425700953,936.6055659807123,trunk,Galle Road,True,A2
1420351659,1614298412,1523.5707288165327,trunk,Galle Road,False,A2
1420351659,1420351935,2160.7117308583775,trunk,Galle Road,False,A2
1420351659,1420351752,1075.5288458325706,primary,Kande Vihara Road,False,B585
1420351752,1420351659,1075.5288458325704,primary,Kande Vihara Road,False,B585
1420351876,1420351935,620.2976459165619,secondary,,False,
1420351935,1420351659,2160.7117308583775,trunk,Galle Road,False,A2
1420351935,2083533106,2049.9881261564706,trunk,Galle Road,False,A2
1420351935,1420351876,620.2976459165618,secondary,,False,
1425700952,3448778696,865.1378303813706,trunk,Galle Road,True,A2
1425700952,1425700953,21.0196887173312,trunk,Charles Place,True,
1425700953,1278003887,21.742200576359973,trunk,Galle Road,True,A2
1427371818,1886606136,7897.296819558133,primary,Danowita-Mirigama Road,False,B90
1427371818,1427371952,3133.1944920119095,trunk,Colombo-Kandy Road,False,A1
1427371818,3167641878,2760.5683096894777,trunk,Colombo-Kandy Road,False,A1
1427371952,6506310961,28.465773806049953,trunk_link,,True,
1427371952,1427371978,582.9145919632646,trunk,Colombo-Kandy Road,False,A1
1427371952,1427371818,3133.1944920119104,trunk,Colombo-Kandy Road,False,A1
1427371978,617967898,464.94212262703326,trunk,Colombo-Kandy Road,False,A1
1427371978,1427371952,582.9145919632643,trunk,Colombo-Kandy Road,False,A1
1427371978,1980566521,11993.30964116911,primary,Warakapola-Anguruwella Road,False,B457
1428433267,13685191382,12.32230656436925,primary_link,,False,
1428433267,663253092,138.27442270611937,primary,T. B. Jayah Mawatha,True,
1428448780,10219043315,19.375069968313372,trunk_link,,True,
1428448780,1235750064,38.10886716886358,trunk,Sri Jayewardenepura Mawatha,True,A0
1428448780,10219043311,27.79897875740967,trunk_link,,True,
1428449258,650721754,9.394881533261689,secondary,Bauddhaloka Mawatha,False,
1428449258,662901137,793.5721158793816,primary,Dr. N. M. Perera Mawatha (Cotta Road),True,AC4
1428449258,2066330706,333.3164169048975,secondary,Bauddhaloka Mawatha,False,
1428650220,1985676777,7368.482696591574,primary,Ranna-Angunakolapelessa Road,False,B548
1428650220,3699494976,5584.115236390617,trunk,Matara-Hambantota Road,False,A2
1428650220,1340667695,1003.106678681617,trunk,Matara-Hambantota Road,False,A2
1428650226,1985676777,492.5195499994224,primary,Ranna-Angunakolapelessa Road,True,B548
1428650226,3699457165,12.315541146070265,primary,,True,
1428650261,1891699904,52.79667576909784,primary,Angunakolapelessa Road,True,B548/B622
1428650261,3699457435,7134.285580790578,secondary,,False,
1428665347,6249854579,7891.052955092026,primary,Angunakolapelessa-Embilipitiya Road,False,B548
1428665347,1985676796,5591.468892610185,trunk,Embilipitiya-Nonagama Road,False,A18
1428665347,3699457435,1697.6758261441882,trunk,Embilipitiya-Nonagama Road,False,A18
1428668275,12856077384,8.650199623504705,primary_link,,False,
1428668275,3364860601,338.6354900876276,primary,Matara-Hakmana Road,True,B275
1428670833,1428670920,218.9441700716519,secondary,Wlmot Balasuriya Mawatha,True,
1428670833,250131881,1490.722994663019,trunk,Kumaratunga Mawatha (Old Matara Road),False,Old-A2
1428670833,12474497849,431.4900813524483,trunk,Kumaratunga Mawatha (Old Matara Road),False,Old-A2
1428670920,3364883416,9.079160542037227,trunk_link,,True,
1428670920,1734550178,72.93737469239105,trunk,Anagarika Dharmapala Mawatha,True,New-A2/B535
1429213457,275517851,11.294609057140558,primary,Sri Jayawardenapura Mawatha,True,
1429213457,6947814997,12.944525965544457,trunk,Sri Jayewardenepura Mawatha,True,A0
1429213459,403875118,45.53644763601168,trunk,Sri Jayewardenepura Mawatha,True,A0
1429213459,403875119,25.132956753415,primary,Old Kotte Road,True,B62
1430577735,13149927792,33.260242101324096,primary,Kottawa Thalagala Road,True,B239
1430578050,129615686,1612.9135343327318,trunk,High Level Road,False,A4
1430578050,254029970,6807.920699905476,secondary,Pitipana-Thalagala Road,False,
1430578050,3379393108,918.107750994151,trunk,High Level Road,True,A4
1431441533,664501764,129.38591018411788,trunk_link,,True,
1431441533,61802550,91.02903861291011,trunk,Baseline Road,True,A1
1431441535,665686664,563.9323598899387,trunk,"['Baseline Road', 'Dr. Danister de Silva Mawatha']",True,A1
1431441564,253022456,63.42874855241719,primary,New Kelani Bridge Road,True,
1431441564,61802550,42.00201718730356,primary,New Kelani Bridge Road,True,
1431446617,638924150,3.4636036243300112,primary,,False,
1431446617,638927834,30.529872288751076,primary,Ekala-Kotadeniyawa Road,False,B111
1431446617,1431446619,11.724878110805726,primary,,False,
1431446619,638927836,1.6756262710285257,primary,,False,
1431446619,638927834,29.78623302642569,primary,Ekala-Kotadeniyawa Road,False,B111
1431446619,1431446617,11.724878110805726,primary,,False,
1431446624,638927829,26.934882218640222,primary,Ekala-Kotadeniyawa Road,False,B111
1431446624,638924157,1.3500429956477566,primary,,False,
1431446624,1431446632,9.760051514353705,primary,,False,
1431446632,638927828,3.861948529783719,primary,,False,
1431446632,638927829,29.797185416637348,primary,Ekala-Kotadeniyawa Road,False,B111
1431446632,1431446624,9.760051514353705,primary,,False,
1432825404,2407176254,39980.514296912654,primary,"['Balangoda-Bowatte-Kaltota Road', 'Bodagma-Hambegamuwa-Kaltota Road']",False,"['B528', 'B38']"
1432825404,3147073493,19569.818456407098,primary,Bodagma-Hambegamuwa-Kaltota Road,False,B528
1432825404,2610876638,20475.911480317565,secondary,Kuda Oya-Balaharuwa-Hambegamuwa Road,False,C1001
1433059477,6251874984,139.71520506933606,secondary,Sooriyawewa-Sewanagala Road,True,
1433059477,1433059499,47.27382326074417,secondary,Sooriyawewa-Sewanagala Road,False,
1433059499,1433059477,47.27382326074417,secondary,Sooriyawewa-Sewanagala Road,False,
1433059499,6251876751,522.2879082723798,secondary,Sooriyawewa-Sewanagala Road,True,
1433059700,2090006193,2513.0623971791647,secondary,Sooriyawewa-Sewanagala Road,False,
1433059700,6251876743,273.8167096780115,secondary,Sooriyawewa-Sewanagala Road,True,
1438094658,1840750860,5319.146221461665,primary,Wattala-Mahara Road,False,B460
1438094658,324994643,2644.7245743876924,primary,Kiribathgoda-Hunupitiya Road,False,B220
1438094658,3577854817,1484.8152890343395,primary,Kiribathgoda-Hunupitiya Road,False,B151
1446610177,2079215806,6351.806636442795,trunk,Horana Road,False,A8
1446610177,1223888358,6201.375744067723,primary,Waskaduwa-Bandaragama Road,False,B458
1446610177,11765244590,5316.135421980932,trunk,Horana Road,False,A8
1446610177,3498479727,12028.442300613482,primary,Kesbewa - Kindelpitiya - Bandaragama Road,False,B216
1446610199,245519497,25.719062035215792,trunk,Ratnapura Road,False,A8
1446610199,245519498,134.17202951218877,trunk,Ratnapura Road,False,A8
1447394805,1862498825,22.154878260582638,secondary,Hanwella - Pugoda - Kirindiwela - Urapola Road,False,B146
1447394805,1862498820,20.83264558553895,primary,Hanwella - Pugoda - Kirindiwela - Urapola Road,False,B146
1447394805,10093923287,4837.79665299079,primary,Hanwella - Pugoda - Kirindiwela - Urapola Road,False,B146
1453000665,4136994000,120.31008449926692,trunk,Paranthan-Mullaittivu Road,True,AA035
1453000665,1453000766,929.3885774187218,trunk,Paranthan-Mullaitivu Road,False,AA035
1453000766,6281782185,16821.42716371836,secondary,Puthukkudiyirippu-Mulliyawalai Road,False,
1453000766,5217538839,15946.525643440438,trunk,"['Mankulam - Mullaitivu', 'Paranthan-Mullaitivu Road']",False,"['AA035', 'AA034']"
1453000766,1453000665,929.3885774187218,trunk,Paranthan-Mullaitivu Road,False,AA035
1457319623,5774134687,42646.57150841588,secondary,"['Puliyankulam-Mullaittivu', 'Puliyankulam Road', 'Mullaitivu-Puliyankulam Road']",False,B296
1457319623,6281782186,2104.996982753485,trunk,Mankulam - Mullaitivu,False,AA034
1457319623,3679319579,17818.877859698357,trunk,Mankulam - Mullaitivu,False,AA034
1466614238,3658467160,5236.989871267008,secondary,Lunuwila Road,False,B473
1466614238,3660680255,5099.157806147923,secondary,Thoppuwa-Nattandiya-Madampe Road,False,B419
1466614238,1480051538,7748.691948395668,secondary,Thoppuwa-Nattandiya-Madampe Road,False,B419
1474795689,639268374,329.7447785514555,primary,Thoppuwa-Nattandiya-Madampe Road,False,B419
1474795689,3432403052,51.03737627549971,primary,Thoppuwa-Nattandiya-Madampe Road,True,B419
1474800248,639268374,3033.8183259015404,primary,Thoppuwa-Nattandiya-Madampe Road,False,B419
1474800248,6695505186,29.748070665475296,primary,Thoppuwa-Nattandiya-Madampe Road,True,B419
1475773455,12509374263,11.426452252957272,trunk_link,,False,
1475773455,3849049823,3461.2916387319738,trunk,Negombo Road,True,A3
1475786189,3431908601,9.52460766758669,trunk,Peliyagoda Interchange Access Road,True,B634
1475786189,403899785,1143.6937360630163,trunk,Negombo Road,True,A3
1477408997,6548047374,6326.159981375578,primary,Kurunegala-Negombo Road,False,B247
1477408997,1237974516,4304.054590651976,primary,Kurunegala-Negombo Road,False,B247
1477408997,1867157139,7829.80605926902,secondary,,False,
1478609150,2375441056,4.249200150340001,primary_link,,False,
1478609150,4693290695,1583.3470253414916,trunk,Colombo-Puttalam Road,True,A3
1480051538,1466614238,7748.69194839567,secondary,Thoppuwa-Nattandiya-Madampe Road,False,B419
1480051538,2842889275,8642.148668585256,secondary,Thoppuwa-Nattandiya-Madampe Road,False,B419
1480051538,1848166895,7613.191663330369,secondary,Marawila-Udubeddawa Road,False,B272
1480051538,3658572653,3992.5795905580344,secondary,"['Marawila-Udubeddawa Road', 'Marawila-Nattandiya Road']",False,B272
1489265551,253718871,404.72447233928904,primary,Horana-Anguruwatota Road,False,B157
1489265551,1446610199,19.936592497771073,primary_link,,True,
1500297617,1231840453,8194.321272328867,primary,Akuressa Road,False,B466
1500297617,266478204,1312.9064198354636,primary,Akuressa Road,False,B466
1500297617,1181395615,2091.742786734963,primary,Pelena-Polwatta-Denipitiya Road,False,B637
1500304217,2643547285,3779.268936983626,primary,New Matara Road,False,AB41
1500304217,13695595607,33.78189121738018,primary,New Matara Road,True,AB41
1506183874,12126721597,13.828459056915023,trunk_link,,True,
1506183874,3377393479,199.46808438023047,trunk,Colombo Road,True,A2
1529199964,2165097325,3441.286089589695,primary,Matara-Kamburupitiya Road,False,B415
1529199964,3557360283,3147.1833554554073,primary,Matara-Hakmana Road,False,B275
1529199964,1529240569,3818.943093860551,primary,Matara-Hakmana Road,False,B275
1529240569,1529199964,3818.9430938605515,primary,Matara-Hakmana Road,False,B275
1529240569,12856077341,2450.8459017829505,primary,Matara-Hakmana Road,False,B275
1529240569,1813425920,2891.188968680339,secondary,,False,
1530689260,77373725,3931.5452970935517,primary,Dikwella-Beliatte Road,False,B101
1530689260,4408220362,989.2502707076327,primary,Dikwella-Beliatte Road,False,B101
1530689260,2157080287,2673.175921810038,primary,Walasgala Road,False,B595
1533913594,1533913610,35.812401684477635,primary_link,,True,
1533913594,60797432,33.312683310251025,primary,Hill Street (Dehiwela-Maharagama Road),False,B94
1533913594,150994801,634.9524372864986,primary,Hill Street (Dehiwela-Maharagama Road),False,B94
1533913602,1533913627,43.85006814944877,primary_link,,True,
1533913602,50422994,28.027343313315043,secondary,,True,
1533913610,10628115400,28.53323625510067,secondary,,True,
1533913627,50422994,30.95769114532755,primary,Railway Station Road,False,
1533913627,1838453702,52.24055596289991,primary_link,,True,
1533913627,10902062114,1761.7516821029546,primary,"['Railway Station Road', 'Marine Drive']",False,
1535398426,3064572227,1680.1596738100138,trunk,Kurunegala - Puttalam Road,False,A10
1535398426,3066364582,2563.0693843373247,trunk,"['Kurunegala - Puttalam Road', 'Kurunegala-Puttalam Road']",False,A10
1535398426,3167996132,2065.559610903346,primary,Yanthampalawa Road,False,B82
1535398451,3064572163,883.4550195527993,primary,Station Road,False,B27-11
1535398451,4067964375,336.9318298458183,trunk,Kurunegala - Kandy Road,False,A10
1535398451,4067967894,1718.9134485905704,trunk,Kurunegala - Kandy Road,False,A10
1535505645,1232107044,701.7340247557297,primary,Raja Mawatha (Gam Udawa Road),False,B259
1535505645,3264925450,4883.80464284062,primary,Raja Mawatha (Gam Udawa Road),False,B259
1535505645,1809805271,13917.881747249754,primary,Lunugamvehera-Kataragama Road,False,
1541715354,9427844828,8.914014148796351,primary_link,,False,
1541715354,1676682519,497.38161160883374,"['primary', 'secondary']","['Kannaki Amman Kovil Road', 'Lloyd’s Avenue']",False,B543
1541715354,2382030363,309.12543487672446,trunk,Trincomalee Road,True,A15
1545169133,1877272333,9741.88057929048,primary,Addalaichenai-Alankulam Road,False,B572
1545169133,3316015809,9284.687942743409,trunk,"['Pottuvil-Batticaloa Road', 'Kaliyodai Bridge']",False,A4
1545169133,3302172264,1961.7003676876147,trunk,Pottuvil-Batticaloa Road,False,A4
1571011417,3289420458,28.71727143515827,trunk,Gampaha-Ja Ela Road,True,A33
1571011417,3289420454,10.985129980484725,trunk,,True,
1583879162,13680517128,116.20718624263354,primary,Albert Crescent,True,
1583879162,13680517127,124.34718188422997,primary,Albert Crescent,True,
1599036622,3279700971,1753.5449039686468,trunk,Matara Road,False,A2
1599036622,6542960916,508.4283932564899,trunk,Matara Road,True,A2
1614298412,1138480331,59.00173347303018,trunk,Galle Road,False,A2
1614298412,1420351659,1523.5707288165331,trunk,Galle Road,False,A2
1614298412,3425048815,67.92023940320765,trunk_link,,True,
1617989288,1779605042,4247.678638204778,trunk,Galle Road,False,A2
1617989288,3749027775,4886.080268113503,trunk,Galle Road,False,A2
1617989288,1138480058,3438.178304745083,primary,"['Station Road', 'Balapitiya-Watugedara Road']",False,B40
1619271297,1619271308,5.0057945087518245,secondary,Hirimbura Crossroad,True,
1619271297,31363877,1404.4447031004884,secondary,Hirimbura Cross Road,False,
1619271308,1619271356,21.972064885273767,secondary,Hirimbura Crossroad,True,
1619271308,1619271402,27.083451312300063,secondary_link,,True,
1619271326,1619271297,28.769262918078148,secondary,Hirimbura Cross Road,True,
1619271326,1619271356,10.348159970196832,secondary,,True,
1619271356,1619287001,1.1970346886452405,secondary,,True,
1619271361,1619271326,6.485602168020713,secondary,,True,
1619271402,1619271413,8.931401483128388,secondary,Kalegana - Karapitiya Road,True,
1619271413,102750184,899.4936652410472,secondary,Kalegana - Karapitiya Road,False,
1619271413,1619271426,31.735484440072845,secondary,Kalegana - Karapitiya Road,True,
1619271426,6496069135,3.6030896820738554,secondary,,True,
1619287001,1619271426,10.61536972963665,secondary,,True,
1619287001,1619271402,18.312901302335696,secondary,Kalegana - Karapitiya Road,True,
1636603514,6492863077,46.60407502732741,trunk,Akuressa Road,True,A17
1636603514,2434214580,6706.695034156455,trunk,Akuressa Road,False,A17
1637717826,1094458277,9747.534513892722,trunk,Galle Road,False,A2
1637717826,1779605042,3047.637414495731,trunk,Galle Road,False,A2
1637717826,1721462757,5075.453019713317,primary,Kosgoda-Uragaha Road,False,B558
1637776242,1637776271,542.4129534087673,primary,Kahawa-Batapola Road,False,B176
1637776242,248048875,7834.141760237008,primary,"['Batapola Road', 'Kahawa-Batapola Road']",False,B176
1637776242,130445309,8371.188711648338,secondary,Ambalangoda -Batapola Road,False,
1637776271,3655959347,4831.7295744521325,primary,Halpatota-Kurundugahahetekma Road,False,B143
1637776271,3257742983,8511.290296971982,primary,Halpatota-Kurundugahahetekma Road,False,B143
1637776271,1637776242,542.4129534087674,primary,Kahawa-Batapola Road,False,B176
1638891066,1140307744,9.687151156258333,primary_link,,False,
1638891066,1140307739,278.08261988905065,primary,Halpatota-Kurundugahahetekma Road,False,B143
1638891066,7183441660,52.245075803877995,primary,Ambalangoda-Elpitiya-Pitigala Road,True,B14
1638915009,610944381,8.709786279347165,primary_link,,False,
1638915009,3594038163,191.45776904964112,primary,Mirijjawila-Sooriyawewa Road,True,B562
1638926258,1740265426,720.3721277294534,primary,Tissa-Kataragama Road,False,B464
1639029741,10132102319,614.3920744506892,primary,Tissa-Kirinde Road,False,B422
1639029741,610968720,3104.20453117789,primary,Tissa-Kirinde Road,False,B422
1639029741,1639029976,1200.4914008149974,primary,Tissa-Akurugoda Road,False,B500
1639029976,3276158654,1506.9751352651263,primary,Pannegamuwa-Tissa Road,False,B464
1639029976,13723181257,11764.653344676539,primary,Tissa-Kataragama Road,False,B464
1639029976,1639029741,1200.4914008149976,primary,Tissa-Akurugoda Road,False,B500
1639380623,2605760184,2116.9552341638114,primary,Matara-Hakmana Road,False,B275
1639380623,3557360283,1566.7961612791946,primary,Matara-Hakmana Road,False,B275
1639380623,2081198517,3540.1909471532886,primary,Meddewatte-Kekanadure-Yatiyana Road,False,B284
1640240442,3365313019,14.686239287617566,trunk,Matara Road,False,A2
1640240442,1364655117,2275.8774523265,trunk,Matara Road,False,A2
1640241201,1233269765,3056.0431648970093,secondary,Imaduwa Road,False,
1640241201,33389255,5850.283998049098,secondary,Imaduwa Road,False,
1640241201,1233269778,7666.65930240062,secondary,Kathaluwa-Thiththagalla-Dikkumbura Road,False,
1640241201,1233271580,4434.105109693612,secondary,Kathaluwa-Thiththagalla-Dikkumbura Road,False,
1642975181,7042347620,165.5383594037551,trunk,Kandy - Jaffna Road,False,AA009
1642975181,1141723502,18410.392583079432,trunk,Kandy - Jaffna Road,False,AA009
1642975181,4137314879,25773.032375523628,secondary,Paranthan - Poonakary,False,B357
1645495724,3345099189,4.033493697184259,primary,Ragama-Kadawatha Road,False,B168
1645495724,324982229,180.9301246576954,primary,Ragama-Kadawatha Road,False,B168
1650097484,33389341,2209.9684485840194,primary,Beach Road,False,B524
1650097484,3366106297,37.24321082018754,primary,Beach Road,False,B524
1650097484,3366095884,39.35056223831742,primary,Beach Road,False,B524
1650097492,4885745120,44.58828233724543,trunk,New Tangalle Road,True,A2
1650097492,2155946168,815.0660494564441,trunk,New Tangalle Road,False,A2
1651774036,4903819840,1014.6771940057671,primary,Dambulla Link Road,False,AB24
1651774036,1692793167,800.9346692860973,trunk,Kandy-Jaffna Road,False,A9
1651774036,258025517,280.2920990150264,trunk,Kandy-Jaffna Road,False,A9
1651774095,4903819840,9.252292561287423,primary_link,,False,
1651774095,6218784870,156.52781249190159,trunk,Kurunegala-Dambulla Road,True,A6
1654297620,847835914,3555.7116386730113,primary,Valukkairaru - Pungudutivu - Kurikadduwan,False,AB039
1660133452,3658899782,1409.2451702097608,primary,Galle Port Access Road,False,B594
1660133452,6492863084,73.53786065331282,primary,Galle Port Access Road,True,B594
1660138837,3658899782,1690.5663950141204,primary,Galle Port Access Road,False,B594
1660138837,3269957962,91.15408427071074,primary,Galle Port Access Road,True,B594
1660321886,7062380609,9.050013745741643,primary_link,,False,
1660321886,7062380592,185.88021450140783,primary,Colombo - Horana Road,True,B84
1661614342,4137184213,19.290001127802526,trunk,,True,
1661735220,2974015161,674.2803532607406,primary,Parliament Road,False,B533
1661735220,6513995671,49.92397101851709,primary,Parliament Road,True,B533
1662220531,3167605964,8157.678118133562,primary,Kotadeniyawa-Mirigama Road,False,B237
1662220531,617823362,902.3516877842098,primary,Negombo-Mirigama Road,False,B324
1662220531,3645537814,8039.233268040345,primary,Negombo-Mirigama Road,False,B324
1662220570,2562843705,1101.5624564964617,primary,Pasyala-Giriulla Road,False,AB29
1662220570,10882845389,439.73491756637867,primary,Pasyala-Giriulla Road,True,AB29
1667080259,7103753926,1743.9284776636548,trunk,Galle Road,True,A2
1667080259,1138324553,985.0590883370502,trunk,Galle Road,False,A2
1668906517,3848606598,738.6942592839894,primary,Talawatugoda Road,False,B368
1668906517,10259347353,139.865473092378,primary,Talawatugoda Road,True,B368
1668906553,1039403582,83.494605230006,trunk_link,,True,
1668906553,1668906602,55.033920750969024,primary,Parliament Road,True,AB15
1668906598,1039412973,71.94937774270923,primary,Main Street (New Kandy Road),True,B240
1668906598,1039407820,101.90407890248184,primary_link,,True,
1668906602,1039403582,37.82838421705324,trunk,Sri Jayewardenepura Mawatha,True,A0
1668906602,1039421894,6.308712567424273,primary_link,,True,
1674287226,250132276,1044.6769793844728,primary,Main Street,True,B49
1674485421,1139248145,9054.232373168627,trunk,Matara Road,False,A2
1674485421,3081634069,198.30571198139742,trunk,Matara Road,True,A2
1674509843,1674510036,590.7614789215363,trunk,Matara Road,True,A2
1674509843,1233269778,252.23076955059628,trunk,Matara Road,False,A2
1674509938,11542234718,11.046863520111271,trunk_link,,False,
1674509938,10575124012,119.82897363990077,trunk,Matara Road,True,A2
1674510036,5352929666,1155.5026543934036,trunk,Matara Road,False,A2
1674510036,1674509843,590.8666735679246,trunk,Matara Road,True,A2
1675641381,1675641843,558.1590447267671,primary,Hospital Road,False,B30-3
1675641381,9427992826,12.23497599848855,primary,,True,
1675641843,1675641381,558.1590447267671,primary,Hospital Road,False,B30-3
1675641843,2079053698,901.6205650408774,primary,"['Hospital Road', 'Chapel Street']",False,B30-3
1675641843,2295729717,611.8486757201657,secondary,Covington's Road,False,
1675667180,2337857891,362.56014155157516,secondary,New Boundary Road,False,
1675667180,13902371877,2547.1935924096556,primary,Urani Road,False,B433
1675667180,1899261664,766.5889684010567,trunk,Trincomalee Road,False,A15
1675667180,13743364556,11616.83552934913,trunk,Trincomalee Road,False,A15
1675705732,60654455,243.06514426080494,trunk,Matara Road,False,A2
1675705732,1599036622,604.6558268380012,trunk,Matara Road,True,A2
1676479569,619195388,4.915692056888674,trunk,,True,
1676479570,6277491043,44.08050877381804,trunk,H. Sri Nassanka Mawatha (Maya Avenue),True,A4
1676479570,4011680781,354.9984673952262,trunk,H. Sri Nassanka Mawatha (Maya Avenue),False,A4
1676588936,2082215258,558.51173001143,secondary,Pioneer Road,False,
1676588936,1899261813,685.8141015341095,primary,Lady Manning’s Drive,False,B542
1676588936,9427844828,449.517368686558,primary,Lady Manning’s Drive,False,B542
1676682519,6495299700,218.2745611621128,secondary,Boundary Road,False,
1676682519,1676682579,150.38207362010286,secondary,Kannaki Amman Kovil Road,False,
1676682519,1541715354,497.38161160883374,"['secondary', 'primary']","['Kannaki Amman Kovil Road', 'Lloyd’s Avenue']",False,B543
1676682579,1899261904,1434.5918922171456,secondary,Slaughter House Lake Road,False,
1676682579,1676682519,150.38207362010286,secondary,Kannaki Amman Kovil Road,False,
1676682579,2295729741,374.7699515068504,secondary,New Bridge,False,
1676752919,2477387622,710.8746452017884,secondary,Koolavady Main Street,False,
1676752919,8864816852,292.0205359547537,secondary,Boundary Road,False,
1676752919,1681156027,519.1803710927318,secondary,Boundary Road,False,
1676753019,8864816866,14.514444189219487,primary,Bar Road,True,B46
1676753019,8864816856,7.528977432502199,primary,,True,
1681115626,6495299632,35.205882779909174,trunk,Trincomalee Road,True,A15
1681115626,1899261664,215.4658167051593,trunk,Trincomalee Road,False,A15
1681155451,1681155624,375.4665415229788,secondary,Mamankam Pillaiyar Kovil Road,False,
1681155451,2337857891,3302.51730097802,secondary,"['New Boundary Road', 'Mamankam Pillaiyar Kovil Road']",False,
1681155451,2477387622,435.6335871379075,secondary,Kumara Kovil Veethy,False,
1681155624,8864816853,16.965756122415804,secondary,Mamankap Pillaiyar Kovil Road,True,
1681155624,1681155451,375.4665415229788,secondary,Mamankam Pillaiyar Kovil Road,False,
1681155827,1681156012,925.7620681032063,secondary,"['Kumara Kovil Road', 'Iruthayapuram East Road', 'Iruthayapuram West Street']",False,
1681155827,2337857891,900.9365785299237,secondary,Iruthayapuram West Street,False,
1681155827,1681156061,394.78329022628424,secondary,Kumara Kovil Veethy,False,
1681155827,1899261664,278.8248332363623,secondary,"['Kumara Kovil Veethy', 'MC Road']",False,
1681156012,1681156061,694.7257345044488,secondary,Cemetery Road,False,
1681156012,1681156027,375.8784997040452,secondary,Cemetery Road,False,
1681156012,1681155827,925.7620681032062,secondary,"['Kumara Kovil Road', 'Iruthayapuram East Road', 'Iruthayapuram West Street']",False,
1681156027,1681156012,375.8784997040452,secondary,Cemetery Road,False,
1681156027,1676752919,519.180371092732,secondary,Boundary Road,False,
1681156027,6495299701,644.2863584557203,secondary,Boundary Road,False,
1681156061,1681156012,694.725734504449,secondary,Cemetery Road,False,
1681156061,2477387622,359.8299294857382,secondary,Kumara Kovil Veethy,False,
1681156061,1681155827,394.78329022628424,secondary,Kumara Kovil Veethy,False,
1683151514,253026193,365.19150344853955,primary,Wellawatta Station Road,True,AC25
1683151514,1683151517,7.781469855197292,trunk,Galle Road,True,A2
1683151516,1683151514,10.18597460373591,primary_link,,True,
1683151516,7085684184,538.982943216904,trunk,Galle Road,True,A2
1683151517,9565952987,311.78191179400443,trunk,Galle Road,True,A2
1683151517,3822164769,10.339854149386746,primary_link,,True,
1683151528,9565070865,6.336284379882717,primary_link,,True,
1683151528,1676479569,493.5559018512221,primary,Havelock Road,True,B84
1683204299,4087054249,27.545551517512678,primary,Arch Bishop Nicholas Marcus Fernando Mawatha,True,B246
1683204299,312920246,1833.3757278754229,primary,Arch Bishop Nicholas Marcus Fernando Mawatha,False,B246
1684344771,1684401699,166.41476151244305,trunk,Kandy Road,False,A27
1684344771,1684345227,669.4164234190577,primary,Pandukabaya Mawatha,False,B17
1684344771,2082247583,103.86076853087111,trunk,Kandy Road,True,A27
1684345227,1684344771,669.4164234190577,primary,Pandukabaya Mawatha,False,B17
1684345227,1684401505,331.68767180856065,primary,Kachcheri Road,False,B17
1684345227,11715848170,99.45352792433401,primary,Kachcheri Road,False,B17
1684401505,1685776786,10.420405427116771,primary,Kachcheri Road,False,B17
1684401505,1684345227,331.68767180856065,primary,Kachcheri Road,False,B17
1684401505,1684401699,562.2311059454058,primary,Dutugemunu Road,False,B17
1684401588,1684401664,680.5081838756703,primary,Kachcheri Road,False,B17
1684401588,3350317932,19.26105940655658,primary,,True,
1684401661,1684401699,306.684604457569,trunk,Kandy Road,False,A27
1684401661,1684401664,499.4791797688578,primary,Deegha Gamini Road,False,B17
1684401661,2082247570,574.8623199636098,trunk,Ampara-Uhana-Maha Oya Road,False,A27
1684401664,1684401588,680.5081838756702,primary,Kachcheri Road,False,B17
1684401664,1685776786,315.2478614300353,primary,Kachcheri Road,False,B17
1684401664,1684401661,499.47917976885776,primary,Deegha Gamini Road,False,B17
1684401664,1685790901,781.5655043175741,primary,Deegha Gamini Mawatha,False,B17
1684401699,1684401661,306.684604457569,trunk,Kandy Road,False,A27
1684401699,1684344771,166.41476151244308,trunk,Kandy Road,False,A27
1684401699,1684401505,562.231105945406,primary,Dutugemunu Road,False,B17
1684534472,11715824059,8.73399639871017,primary,Saddhatissa Mawatha,False,B17
1684534472,11715824051,270.62344417811056,trunk,Karativu-Ampara Road,True,A31
1684534495,11715824066,8.865136581009319,trunk_link,,False,
1684534495,2082247577,241.63076100188013,trunk,Karativu-Ampara Road,True,A31
1684534497,1685409301,3306.0189674119715,trunk,Siyambalanduwa-Damana-Ampara Road,False,A25
1684534497,11715824039,13.342536100914328,trunk,Siyambalanduwa-Damana-Ampara Road,True,A25
1684534499,1792802761,7212.82927073435,trunk,Karativu-Ampara Road,False,A31
1684534499,11715824054,638.5966318609511,trunk,Karativu-Ampara Road,False,A31
1684534499,1691633689,754.1625716864402,primary,Dharmapala Mawatha,False,B17
1684534503,1691633509,14.957925121535421,trunk,Karativu-Ampara Road,True,A31
1684534515,13876145708,12.346117428939536,trunk,Siyambalanduwa-Damana-Ampara Road,True,A25
1684534515,11715824040,5.891363178344634,trunk,Karativu-Ampara Road,True,A31
1685409092,1979513531,686.8078186961623,trunk,Siyambalanduwa-Damana-Ampara Road,False,A25
1685409092,1685409160,879.657206267747,primary,Akkaraipattu-Varipathanchenai Road,False,B1
1685409092,13901998344,1643.10276512224,trunk,Siyambalanduwa-Damana-Ampara Road,False,A25
1685409160,1877272293,4844.817167231301,primary,Akkaraipattu-Varipathanchenai Road,False,B1
1685409160,1685409092,879.6572062677471,primary,Akkaraipattu-Varipathanchenai Road,False,B1
1685409160,13901998344,1305.8634814464763,primary,Newguna-Irakkamam Road,False,B650
1685409160,11330496878,1308.6455423818363,primary,Newguna-Irakkamam Road,False,B650
1685409301,1685488289,7020.132107062686,primary,Galmaduwa-Muwangala-Hingurana Road,False,B131
1685409301,1979513531,2038.357148831299,trunk,Siyambalanduwa-Damana-Ampara Road,False,A25
1685409301,1684534497,3306.018967411971,trunk,Siyambalanduwa-Damana-Ampara Road,False,A25
1685488289,1979513536,17.789075107796656,trunk,,True,
1685488289,1685409301,7020.132107062687,primary,Galmaduwa-Muwangala-Hingurana Road,False,B131
1685488386,1877385011,18775.617553243206,trunk,Siyambalanduwa-Damana-Ampara Road,False,A25
1685488386,1685488289,19.133638661033057,trunk,,True,
1685598193,1981159934,2470.2158650203473,trunk,Jaffna-Kandy Road,False,AA009
1685598193,1732790481,9230.153053856833,trunk,Jaffna-Kandy Road,False,AA009
1685598193,1881982405,20654.115743920003,primary,Medawachchiya-Horowpotana Road,False,B282
1685735079,3265928495,25.115911812854584,secondary,Old Batticaloa Road,True,
1685735079,1685803096,682.3477148018437,secondary,Old Batticaloa Road,False,
1685735096,3265928502,29.58320884708045,secondary,Old Batticaloa Road,True,
1685735096,3809341382,620.4269062791159,secondary,Old Batticaloa Road,False,
1685776727,1685776804,402.9522931609564,primary,Buddhangala Road,False,B17
1685776727,1685776786,637.2352052487485,primary,,False,B17
1685776727,1685776752,241.06036036894486,primary,Buddhangala Road,False,B17
1685776752,11715824064,20.4870039327879,primary,Buddhangala Road,True,B17
1685776752,1685776727,241.06036036894486,primary,Buddhangala Road,False,B17
1685776786,1684401505,10.420405427116771,primary,Kachcheri Road,False,B17
1685776786,1684401664,315.2478614300353,primary,Kachcheri Road,False,B17
1685776786,1685776727,637.2352052487486,primary,,False,B17
1685776804,1685776727,402.9522931609564,primary,Buddhangala Road,False,B17
1685776804,1685790901,244.7188422024502,primary,Buddhangala Road,False,B17
1685776804,1685790906,267.5688599384216,primary,,False,B17
1685790735,3350317922,653.8448380137979,primary,Dharmapala Mawatha,False,B17
1685790735,1685790789,475.3643641767657,primary,Dharmapala Mawatha,False,B17
1685790735,1685790901,430.3055003070323,primary,Buddhangala Road,False,B17
1685790747,1685790789,37.17448464468853,primary,Deegha Gamini Mawatha,False,B17
1685790747,1685790901,372.8304105556322,primary,Deegha Gamini Mawatha,False,B17
1685790747,1685790906,380.1359695989838,primary,Saddhatissa Mawatha,False,B17
1685790789,1685790747,37.17448464468853,primary,Deegha Gamini Mawatha,False,B17
1685790789,1685790735,475.36436417676583,primary,Dharmapala Mawatha,False,B17
1685790789,1691633689,271.8420049428328,primary,Dharmapala Mawatha,False,B17
1685790901,1685790747,372.8304105556322,primary,Deegha Gamini Mawatha,False,B17
1685790901,1684401664,781.5655043175739,primary,Deegha Gamini Mawatha,False,B17
1685790901,1685776804,244.71884220245022,primary,Buddhangala Road,False,B17
1685790901,1685790735,430.3055003070323,primary,Buddhangala Road,False,B17
1685790906,11715824059,487.78958035883625,primary,Saddhatissa Mawatha,False,B17
1685790906,1685790747,380.1359695989838,primary,Saddhatissa Mawatha,False,B17
1685790906,1691633689,327.66962491780095,primary,,False,B17
1685790906,1685776804,267.5688599384216,primary,,False,B17
1685802576,7051044595,12090.477226038935,trunk,"['Trincomalee-Batticaloa Road', 'Gangai Bridge', 'Upparu Bridge', 'Ralkuli Bridge']",False,A15
1685802576,13914032191,16.942320527101288,trunk,Trincomalee-Batticaloa Road,True,A15
1685803096,13914032195,20.92141885380742,secondary,Old Batticaloa Road,False,
1685803096,1685735079,682.3477148018437,secondary,Old Batticaloa Road,False,
1685803214,9394245013,21.60735731641902,trunk,Trincomalee-Batticaloa Road,False,A15
1685803214,9394245009,25.548656712614637,primary_link,,True,
1685803214,3377492839,2379.9925456303636,trunk,Trincomalee-Batticaloa Road,False,A15
1691633509,11715824044,9.004495814069141,primary,Buddhangala Road,True,B17
1691633509,1684534495,141.1557318997661,trunk,Karativu-Ampara Road,True,A31
1691633689,1685790906,327.66962491780095,primary,,False,B17
1691633689,1685790789,271.8420049428328,primary,Dharmapala Mawatha,False,B17
1691633689,1684534499,754.1625716864402,primary,Dharmapala Mawatha,False,B17
1691716765,3350596498,791.7900352306987,primary,Ampara-Inginiyagala Road,True,AB1
1691716765,1691754374,13164.092279752842,primary,Ampara-Inginiyagala Road,False,AB1
1691754374,3801712230,11913.520911774167,secondary,Ambagahawella Road,False,
1691754374,1691716765,13164.092279752847,primary,Ampara-Inginiyagala Road,False,AB1
1691754374,1979513513,2969.8048828719407,primary,Ampara-Inginiyagala Road,False,AB1
1691828074,7062229410,9.982012327318913,primary_link,,False,
1691828074,1691828079,1062.0746590410595,primary,Colombo - Horana Road,True,B84
1691828079,7062216179,10.150976930694323,primary_link,,False,
1691828079,1660321886,2645.6790275671915,primary,Colombo - Horana Road,True,B84
1692793167,1651774036,800.9346692860976,trunk,Kandy-Jaffna Road,False,A9
1692793167,4911274821,500.7483221665037,trunk,Kandy-Jaffna Road,True,A9
1694488877,13614804399,118.3276396749826,secondary,Baladaksha Mawatha,True,
1694488879,3033895841,42.0024249695574,secondary_link,,True,
1694488879,1694488877,17.666586528220655,secondary,Baladaksha Mawatha,True,
1694691156,5294130394,266.7843418339929,primary,"['Bus Station Approach Road', 'Inner Circular Road', 'Goodshed Road']",False,B27-14
1694691156,5300884107,236.06647268741418,trunk,Colombo Road,True,A4
1694691223,912268077,3202.9560859873523,trunk,"['Main Street', 'Warakatota New Bridge', 'CRWB', 'Ratunapura-Wellawaya Road']",False,A4
1694691223,1694695673,357.9651416462715,trunk,Main Street,False,A4
1694691223,2151603690,7173.6065535086545,primary,Ratnapura-Wewelwatte Road,False,B391
1694695673,5294130771,29.73945921657721,primary,Inner Circular Road,False,B27-14
1694695673,1694691223,357.96514164627143,trunk,Main Street,False,A4
1694695673,5299485480,246.87676250302792,trunk,Main Street,False,A4
1697436973,1697582696,5192.35376775475,primary,Meepe-Ingiriya Road,False,B285
1697436973,1697437102,68.78850300354759,primary,,False,B285
1697436973,1723172770,77.85651525111567,trunk_link,,False,
1697437102,1697436973,68.78850300354759,primary,,False,B285
1697437102,129610044,5120.462948047062,trunk,High Level Road,False,A4
1697437102,1723172770,77.38784509196975,trunk,High Level Road,False,A4
1697582615,2079537942,11516.910929088406,primary,Meepe-Ingiriya Road,False,B285
1697582615,1697582696,1325.9063722791964,primary,Meepe-Ingiriya Road,False,B285
1697582615,1697584137,2135.97333807977,secondary,Ihala Bope-Labugama Road,False,
1697582696,1697582615,1325.9063722791966,primary,Meepe-Ingiriya Road,False,B285
1697582696,8626564846,4139.280615599366,primary,Padukka - Ingirya Road,False,B240
1697582696,1697436973,5192.353767754751,primary,Meepe-Ingiriya Road,False,B285
1697583102,1697583653,54.43883685340387,primary,,False,
1697583102,129607626,61.51756094245445,trunk,High Level Road,False,A4
1697583102,619883043,6609.443887265691,trunk,High Level Road,False,A4
1697583653,129607626,86.62462968726685,primary,Galagedara - Padukka Road,False,B123
1697583653,8626564856,1437.708880076643,primary,Galagedara - Padukka Road,False,B123
1697583653,1697583102,54.43883685340387,primary,,False,
1697584137,10049535833,10.936852872153056,secondary,Ihala Bope-Labugama Road,True,
1697584137,1697582615,2135.9733380797693,secondary,Ihala Bope-Labugama Road,False,
1697645957,1149576728,886.6003482224409,primary,"['Thummodara Bridge', 'Kaluaggala-Labugama-Kalatuwawa Road']",False,B188
1697645957,1149576611,1617.5088113167926,primary,,False,B188
1697645957,10049535833,4574.981162037002,secondary,Ihala Bope-Labugama Road,False,
1708349295,4891890159,73.244787576448,primary,Balangoda-Bowatte-Kaltota Road,False,B38
1708349295,1828234049,350.79799038423386,trunk,Main Street,False,A4
1708349295,1708349377,70.87024359495118,trunk,Main Street,False,A4
1708349356,4891891444,8.121135192890925,trunk,Ratunapura-Wellawaya Road,False,A4
1708349356,1708362766,35.17681027300241,trunk,Ratunapura-Wellawaya Road,False,A4
1708349356,4891891427,42.613562154096606,primary,Balangoda Bypass Road,True,AB7
1708349359,4891891444,21.89423752295052,trunk,Ratunapura-Wellawaya Road,False,A4
1708349359,1828217445,93.95052080968992,trunk,"['Main Street', 'Ratunapura-Wellawaya Road']",False,A4
1708349370,4891891342,27.045016995353983,trunk,Ratunapura-Wellawaya Road,True,A4
1708349370,4851094548,15354.478068631259,trunk,Ratunapura-Wellawaya Road,False,A4
1708349377,1708349295,70.87024359495118,trunk,Main Street,False,A4
1708349377,6228139618,21.628923376339284,trunk,Ratunapura-Wellawaya Road,True,A4
1708362766,4891891427,68.08734548899803,primary_link,,True,
1708362766,1708362825,295.73382030335074,trunk,Ratunapura-Wellawaya Road,False,A4
1708362766,1708349356,35.17681027300241,trunk,Ratunapura-Wellawaya Road,False,A4
1708362825,2151603690,43611.09276723178,primary,"['Balangoda-Rassagala-Uwella Road', 'Ratnapura-Wewelwatte Road', 'Wewelwatte-Agar’s Land-Uwella Road', 'Malwala Bridge']",False,"['B477', 'B39', 'B391']"
1708362825,2077442148,3293.4986404317096,trunk,Ratunapura-Wellawaya Road,False,A4
1708362825,1708362766,295.7338203033508,trunk,Ratunapura-Wellawaya Road,False,A4
1709997728,1709997745,24.02754523849331,trunk,Ratunapura-Wellawaya Road,False,A4
1709997728,2077442148,13267.016163183749,trunk,Ratunapura-Wellawaya Road,False,A4
1709997745,1712467077,11288.535796682469,trunk,Ratunapura-Wellawaya Road,False,A4
1709997745,1709997728,24.027545238493314,trunk,Ratunapura-Wellawaya Road,False,A4
1709997745,2384952875,39.52223795362703,primary,Samanalawewa Road,True,B593
1712466837,1712467077,105.01355522351709,trunk,Ratunapura-Wellawaya Road,False,A4
1712466837,603240427,9453.594698430648,trunk,Ratunapura-Wellawaya Road,False,A4
1712467077,1709997745,11288.535796682463,trunk,Ratunapura-Wellawaya Road,False,A4
1712467077,1712466837,105.0135552235171,trunk,Ratunapura-Wellawaya Road,False,A4
1712467077,1712466837,127.94122407291334,trunk,Old Wellawaya Road,True,
1720491131,1740265426,1077.2875877352462,primary,Kataragama-Sella Kataragama Road,False,B202
1720491131,9635214349,25.678044465833302,primary,Kataragama-Sella Kataragama Road,True,B202
1720491739,2401225758,8001.525298165551,trunk,Wellawaya-Pottuvil Road,False,A4
1720491739,3351203885,6175.005006783507,trunk,Wellawaya-Pottuvil Road,False,A4
1720491739,2400768904,16028.462736863263,primary,Badalkumbura-Buttala Road,False,B35
1720491739,1721577214,93.99551115295166,primary,Buttala-Sella Kataragama Road,False,B35
1720902277,41607666,1670.7084208247754,trunk,Tissa Road,False,Old A2
1720902277,610950712,62.132524125305046,primary,Hambantota-Gonnoruwa-Meegahajandura Road,False,B631
1720902277,6248011213,2129.113396786511,trunk,Tissa Road,False,Old A2
1720902666,3674777304,1799.6282651972379,trunk,Hambantota-Wellawaya Road,False,A2
1720902666,3674900993,11915.642070542548,primary,Weligatta-Lunugamvehera Road,False,B567
1720902666,3677422292,1306.3005463769364,trunk,Hambantota-Wellawaya Road,False,A2
1721462757,3470538976,873.8649571601488,primary,Kosgoda-Uragaha Road,False,B558
1721462757,1637717826,5075.453019713318,primary,Kosgoda-Uragaha Road,False,B558
1721462757,1779605042,5897.1766044444885,secondary,Ahungalla-Uragaha Road,False,
1721577072,1729303350,8271.177232987982,primary,Kumbukkana-Okkampitiya-Maligawila Road,False,B513
1721577072,1722823167,6620.229584701482,primary,Kumbukkana-Okkampitiya-Maligawila Road,False,B513
1721577072,1721577214,8886.443999618341,primary,Buttala-Okkampitiya Road,False,B522
1721577214,1721577072,8886.443999618337,primary,Buttala-Okkampitiya Road,False,B522
1721577214,1720491739,93.99551115295166,primary,Buttala-Sella Kataragama Road,False,B35
1721577214,9790518649,18097.688850019345,primary,Buttala-Sella Kataragama Road,False,B35
1722823167,1721577072,6620.2295847014775,primary,Kumbukkana-Okkampitiya-Maligawila Road,False,B513
1722823167,1809805397,7143.188067196888,trunk,Wellawaya-Pottuvil Road,False,A4
1722823167,2401225758,413.3764311436773,trunk,Wellawaya-Pottuvil Road,False,A4
1723172770,1697436973,77.85651525111567,trunk_link,,False,
1723172770,1697437102,77.38784509196977,trunk,High Level Road,False,A4
1723172770,129607626,464.77146848766074,trunk,High Level Road,False,A4
1723172809,617823296,6697.466773339368,primary,Pasyala-Attanagalle Road,False,B361
1723172809,1235697661,2410.242436117292,primary,Nittambuwa-Urapola-Ruwanwella Road,False,B445
1723172809,1235697764,1984.346556529627,primary,Nittambuwa-Urapola-Ruwanwella Road,False,B445
1723290053,2090006193,7877.797436268649,primary,Embilipitiya-Moraketiya-Kiriibbanara-Uda Mauara Road,False,B549
1723290053,13077441777,8951.132917700905,secondary,Sooriyawewa Road,False,
1723290053,3147058589,6272.474366775632,primary,Embilipitiya-Moraketiya-Kiriibbanara-Uda Mauara Road,False,B549
1723290053,6251962524,12198.218676902005,primary,Embilipitiya Road,False,B587
1723290054,3145257097,26.292767839203297,trunk,Pelmadulla-Embilipitiya Road,False,A18
1723290054,3145257092,35.6943507815917,primary,Timbolketiya-Tanamalwila Road,True,B427
1723290054,4045295806,15323.231889661018,trunk,Pelmadulla-Embilipitiya Road,False,A18
1723290267,2090006193,2655.714533986331,primary,Embilipitiya-Moraketiya-Kiriibbanara-Uda Mauara Road,False,B549
1723290267,2113181192,9193.71263196869,primary,Timbolketiya-Tanamalwila Road,False,B427
1723290267,9570235011,1487.0973361370523,primary,Timbolketiya-Tanamalwila Road,False,B427
1723700615,1750944667,1233.8443144430828,trunk,Colombo Road,False,A4
1723700615,3937818079,44.81602300684703,trunk,Colombo Road,True,A4
1724997103,1909546344,16915.71523348715,primary,"['Nillambe Road', 'Galaha Road']",False,B364
1724997103,891638940,13051.877339479512,primary,"['Pallewela Road', 'Hindagala-Naranwita-Gampola Road', 'Doluwa Road']",False,B154
1724997103,4032560667,2527.052253480498,primary,Galaha Road,False,B364
1725053695,1877266311,18372.269354864384,primary,Akkaraipattu-Sagamam Road,False,B2
1725053695,2231309667,16820.02293045544,trunk,Pottuvil-Batticloa Road,False,A4
1725053695,4067142493,28105.99100431554,trunk,Pottuvil-Batticloa Road,False,A4
1725061738,3377656967,9207.078687198045,primary,Oddaimavadi-Vakaneri Road,False,B333
1725061738,3899387299,1086.3527484201431,trunk,"['Oddaimavadi Bridge', 'Trincomalee Road']",False,A15
1725061738,6685478667,2611.6434521834685,trunk,Trincomalee Road,False,A15
1725061816,3377660279,78.54142886304659,primary_link,,False,
1725061816,9567743870,1601.1628089535636,trunk,Trincomalee Road,False,A15
1725061816,1725061828,90.51665167344993,trunk,Trincomalee Road,False,A15
1725061828,3377660279,73.62134540856553,primary_link,,False,
1725061828,1725061816,90.51665167344993,trunk,Trincomalee Road,False,A15
1725061828,3377492839,50639.865621903125,trunk,"['Trincomalee-Batticaloa Road', 'Panichchankeni Bridge', 'Batticaloa-Trincomalee Road', 'Verugal Aru Bridge']",False,A15
1725074556,2152922062,9779.592845721218,primary,Middeniya-Panamure Road,False,B286
1725074556,3633739448,14.789566117403727,primary,,True,
1725074566,1725074569,47.00739109254997,primary,Embilipitiya-Middeniya Road,False,B486
1725074566,3784921861,14.25031603288454,primary,Embilipitiya-Middeniya Road,False,B486
1725074566,3633739448,2180.482896201799,primary,Embilipitiya-Middeniya Road,False,B486
1725074569,3784921861,43.350348350942134,primary,Embilipitiya-Middeniya Road,False,B486
1725074569,1725074566,47.00739109254997,primary,Embilipitiya-Middeniya Road,False,B486
1725074569,3640131695,7224.62164707987,primary,Embilipitiya-Middeniya Road,False,B486
1725074683,3640131695,6984.0378170056865,primary,Embilipitiya-Middeniya Road,False,B486
1725074683,10131009918,64.00485735165348,primary,Embilipitiya-Middeniya Road,True,B486
1727358941,1727359184,5459.815251069817,primary,"['William Gopallawa Mawatha (Park Road)', 'Nagolla Road', 'Kumbiyangoda Road']",False,"['B586', 'AB26']"
1727358941,3813344287,772.5292378925122,trunk,Matale Road,False,A9
1727358941,258049267,2671.0327318817635,trunk,Matale Road,False,A9
1727359184,3662474376,60.47567829328557,primary,William Gopallawa Mawatha (Park Road),True,B586
1727359184,1727358941,5459.815251069818,primary,"['William Gopallawa Mawatha (Park Road)', 'Nagolla Road', 'Kumbiyangoda Road']",False,"['B586', 'AB26']"
1728748120,7085697358,16.083233563528953,secondary,Bazzar Street,False,B52
1728748120,3753591917,53.422182086394166,trunk,Kandy - Jaffna Road,True,AA009
1728748120,1729992697,1608.8433403277586,secondary,Station Road,False,B52
1728748206,5156577888,23650.15674909614,trunk,Vavuniya-Horowpotana Road,False,AA029
1728748206,3753591216,337.0934014193801,trunk,Vavuniya-Horowpotana Road,False,AA029
1728838958,7085505934,20.571084286209057,trunk,Kandy-Jaffna Road,False,AA009
1728838958,6538140524,23729.926632968734,trunk,"['Kandy-Jaffna Road', 'Kandy - Jaffna Road', 'Jaffna-Kandy Road']",False,AA009
1728838995,1728838958,66.09916600517931,trunk,Mannar-Vavuniya Road,True,AA030
1728838995,1729992697,1005.2314288097626,trunk,Vavuniya - Parayanalankulam,False,AA030
1729303350,1721577072,8271.177232987984,primary,Kumbukkana-Okkampitiya-Maligawila Road,False,B513
1729992697,1728748120,1608.8433403277584,secondary,Station Road,False,B52
1729992697,6661265112,3289.7203625728193,trunk,Vavuniya - Parayanalankulam,False,AA030
1729992697,1728838995,1005.2314288097626,trunk,Vavuniya - Parayanalankulam,False,AA030
1731470195,4913540652,7280.899517727968,secondary,Palavi-Kalladi Road,False,B348
1731470195,12620876473,5452.681835692102,trunk,Colombo-Puttalam Road,False,A3
1731470195,308865192,204.09668458036734,trunk,Colombo-Puttalam Road,False,A3
1731470200,4140985755,19.386885722721903,trunk,Katugastota-Kurunegala-Puttalam Road,False,A10
1731470200,618605187,62.844247586735925,trunk,Puttalam-Anuradhapura-Trincomalee Road,True,
1731470200,4140985756,1805.9612157623787,trunk,Katugastota-Kurunegala-Puttalam Road,False,A10
1731568828,6509645611,13770.505069809866,secondary,Kiriyankalli-Andigama Road,False,B227
1731568828,308865192,24070.416962447453,trunk,Colombo-Puttalam Road,False,A3
1731568828,3649870415,15889.173916542588,trunk,Colombo-Puttalam Road,False,A3
1731568862,6509645609,35.689752669968115,secondary,Bangadeniya - Andigama - Anamaduwa Road,False,B045
1731568862,1976110894,17732.20311085991,secondary,Andigama - Nebadawa Road,False,
1731568862,4807150341,13457.280143540627,secondary,Bangadeniya - Andigama - Anamaduwa Road,False,B045
1732626393,2081238502,7709.28606492942,secondary,,False,
1732626393,1732626412,6065.87401915569,trunk,Medawachchiya-Talaimannar Road,False,AA014
1732626393,6250328435,13167.331562240393,trunk,Medawachchiya-Talaimannar Road,False,AA014
1732626412,1971685346,13520.47716157244,trunk,Medawachchiya-Talaimannar Road,False,AA014
1732626412,1732626393,6065.874019155692,trunk,Medawachchiya-Talaimannar Road,False,AA014
1732626412,3227989004,15758.963866506807,secondary,Murunkan-Silavathurai Road,False,B299
1732626427,6250326162,12711.93514473231,primary,Talladi-Arippu-Marichchukkaddi Road,False,B403
1732626427,6250328436,54.24358316585146,primary,,True,B403
1732642149,2085159352,23146.468381760253,trunk,Medawachchiya-Talaimannar Road,False,AA014
1732642149,1971685346,4211.045289625782,trunk,Medawachchiya-Talaimannar Road,False,AA014
1732642149,6661265112,31249.46983283199,trunk,Vavuniya - Parayanalankulam,False,AA030
1732649294,1981159938,15785.732090310583,trunk,Medawachchiya-Talaimannar Road,False,AA014
1732649294,6661265112,21673.299033981475,secondary,Nelukkulam-Neriyakulam Road,False,B325
1732649294,2085159352,2500.398590613495,trunk,Medawachchiya-Talaimannar Road,False,AA014
1732790481,1881982723,21602.64788928691,secondary,Rambewa-Ratmalgahawewa Road,False,
1732790481,1685598193,9230.15305385684,trunk,Jaffna-Kandy Road,False,AA009
1732790481,1886079221,1704.5208727249587,trunk,Jaffna-Kandy Road,False,AA009
1734550178,3364883416,74.91489462393706,trunk,Anagarika Dharmapala Mawatha,True,New-A2/B535
1734550178,12474497827,421.03315949045003,trunk,Anagarika Dharmapala Mawatha,False,New-A2/B535
1735981103,7042347624,29.877108917301516,trunk,Paranthan - Mullaitivu,True,AA035
1735981103,7042347632,7.664957437378372,trunk,Kandy - Jaffna Road,False,AA009
1735981103,7042347620,19.58994842868601,trunk,Kandy - Jaffna Road,False,AA009
1737150787,10603977997,1995.5761298325197,primary,Templers Road,False,B32
1737150787,621909031,851.7210650201592,primary,Attidiya Road,False,B389
1737150787,7168896405,865.7523956784303,primary,Attidiya Road,False,B389
1737436578,206597400,587.678036027933,primary,Attidiya Road,False,B389
1737436578,7241425511,35.53623769626329,primary,,True,B389
1737436593,6260384156,663.5527775514875,primary,Pepiliyana Road,False,B389
1737436593,7205862641,24.89813658853797,primary,,True,B389
1737436611,622293249,355.7282276191302,secondary,Pepiliyana Road,False,B389
1737436611,7205862638,37.84201518455526,secondary,,True,
1737485326,6519129898,2723.5319011988613,primary,Dehiwela Road (Dehiwela-Maharagama Road),False,B94
1737485326,3902482152,28.751205611764426,primary,Dehiwela Road (Dehiwela-Maharagama Road),True,B94
1737485408,256664026,7.299612486563555,primary,Pepiliyana Road,False,B389
1737485408,6260384155,29.46880530084832,primary,Pepiliyana Road,False,B389
1737485408,6260384150,29.539725894754024,primary,Colombo-Piliyandala-Horana Road,True,B84
1737618827,2152800310,6033.451426475687,trunk,Pelmadulla-Embilipitiya Road,False,A18
1737618827,4851072866,21.304596961369324,trunk,Pelmadulla-Embilipitiya Road,True,A18
1740265426,13723181260,4391.404056366001,primary,Tissa-Kataragama Road,False,B464
1740265426,1720491131,1077.2875877352462,primary,Kataragama-Sella Kataragama Road,False,B202
1740265426,1638926258,720.3721277294533,primary,Tissa-Kataragama Road,False,B464
1740742111,5576657112,129.08186779728842,trunk,Puttalam-Anuradhapura-Trincomalee Road,False,AA012
1740742111,3492721845,18180.852386889823,trunk,Vavuniya-Horowpotana Road,False,AA029
1740742111,2093935801,11783.019957570632,trunk,Puttalam-Anuradhapura-Trincomalee Road,False,AA012
1744448774,13055938742,18.427190930241963,trunk,Hambantota-Wellawaya Road,False,A2
1744448774,3674900993,1684.8939275542637,secondary,,False,
1744448774,13689191650,4907.281445220159,trunk,Hambantota-Wellawaya Road,False,A2
1744563108,3366106297,3.869424682096933,primary,,True,
1744563108,4885745120,158.7604666149279,primary,Beach Road,False,B524
1745895523,6673012482,32.6946850322045,primary,Dondra Light House Road,False,B107
1745895523,1813587322,9876.97251735543,trunk,Tangalle Road,False,A2
1745895523,13709350352,27.23694024683934,trunk,Tangalle Road,False,A2
1745927593,1812177148,4683.562191593449,primary,Meddewatte-Kekanadure-Yatiyana Road,False,B284
1745927593,1812177148,4985.952789296309,secondary,Weherahena Road,False,
1745927593,250131773,621.794195109423,primary,Meddewatte-Kekanadure-Yatiyana Road,False,B284
1748877150,3751644931,16.813523772026226,secondary,,True,
1748877150,3634797493,11555.178883454031,secondary,,False,
1748892859,3751644936,20.249808933045564,primary,Ranna-Udayala-Weeraketiya Road,True,B387
1748892859,2605755428,1434.1166822631762,primary,Ranna-Udayala-Weeraketiya Road,False,B387
1748962217,3778393954,7.158525258353501,primary,Weeraketiya Roundabout,True,
1748962227,7183361982,13.84734119425292,primary,Ranna-Udayala-Weeraketiya Road,True,B387
1748962227,3778393948,6.648076709729306,primary,Weeraketiya Roundabout,True,
1748962242,1748962243,6.035954082545532,primary,Weeraketiya Roundabout,True,
1748962243,7183361981,17.052185632329085,primary,Weeraketiya-Middeniya Road,True,B463
1748962243,3778393953,9.709562597184238,primary,Weeraketiya Roundabout,True,
1748992310,3261661183,6561.250171187332,primary,Polonmaruwa-Beliatte Road,False,B626
1748992310,13728195887,2656.5548004914926,primary,Beliatte-Walasmulla Road,False,B54
1748992310,3771334945,314.5884556818904,primary,Beliatte-Walasmulla Road,False,B54
1750306782,3256396052,7389.58399057851,trunk,"['Matara-Hambantota Road', 'Tangalle Road']",False,A2
1750306782,33389466,3009.232842937476,trunk,Tangalle Road,False,A2
1750306782,33389466,3820.24517620582,primary,Kudawella Road,False,B566
1750869639,4045295806,14695.511689619947,trunk,Pelmadulla-Embilipitiya Road,False,A18
1750869639,1780055690,12331.015522067017,trunk,Ratnapura Road,False,A17
1750869639,1751015081,5486.104108308531,trunk,Pelmadulla-Embilipitiya Road,False,A18
1750944667,1723700615,1233.844314443083,trunk,Colombo Road,False,A4
1750944667,3937837967,36.17200208899702,trunk,Colombo Road,True,A4
1751015081,1750869639,5486.104108308529,trunk,Pelmadulla-Embilipitiya Road,False,A18
1751015081,2152800360,1296.2834528087255,trunk,Pelmadulla-Embilipitiya Road,False,A18
1751015081,912272593,11512.84048118701,secondary,"['Manadola-Kahawatte Road', 'Watapotha-Manadola Road']",False,
1751020481,6700759025,3952.7095496136512,primary,Hidellana-Karapincha Road,False,B589
1751020481,3937818139,254.0748818782389,trunk,Colombo Road,False,A4
1751020481,2149942832,3578.2706231392076,trunk,Colombo Road,False,A4
1775834997,2079774277,35.91532493925987,primary,Fort Fredrick Road,False,B140-2
1775834997,4372070251,173.6411919690832,primary,Fort Fredrick Road,False,B140-2
1778845290,619880027,1104.8944623183443,primary,Malabe - Godagama Road,False,B240
1778845290,619883043,1849.0446725940335,primary,Malabe - Godagama Road,False,B240
1778845290,403841727,6540.285463716864,primary,Panagoda-Ambulgama Road,False,B354
1779605042,1637717826,3047.6374144957313,trunk,Galle Road,False,A2
1779605042,1617989288,4247.678638204777,trunk,Galle Road,False,A2
1779605042,1721462757,5897.176604444487,secondary,Ahungalla-Uragaha Road,False,
1780055679,5233976058,46047.00446413524,primary,Kalawana-Depdene-Rakwana Road,False,B181
1780055679,1780055690,44.436565769519646,trunk,Ratnapura Road,False,A17
1780055679,2017404189,17583.600943960213,trunk,Ratnapura Road,False,A17
1780055690,1750869639,12331.015522067024,trunk,Ratnapura Road,False,A17
1780055690,1780055679,44.436565769519646,trunk,Ratnapura Road,False,A17
1780055690,3394212059,1210.5170027389543,primary,"['Masimbula Road', 'Bulutota Road', 'Hospital Road']",False,B383
1781355217,60797926,1673.3593103400183,trunk,Galle Road,False,A2
1781355217,54398901,1065.94419479047,trunk,Galle Road,False,A2
1781355217,82800337,4316.08399931126,primary,"['Gintota Plywood Factory Road', 'Gintota-Wakwella Road']",False,B138
1783645280,5142136909,1842.5875817439983,trunk,New Hambantota Road,True,New-A2
1783942571,4814119812,28.577089767910557,trunk,Kandy-Mahiyanganaya-Padiyatalawa Road,True,A26
1783942571,1783942945,8042.899723052878,trunk,Kandy-Mahiyanganaya-Padiyatalawa Road,False,A26
1783942945,4509879174,9589.951975714785,secondary,"['Bund Road', 'Gemunupura Road']",False,
1783942945,10130033784,3326.986789890501,trunk,Kandy-Mahiyanganaya-Padiyatalawa Road,False,A26
1783942945,1783942571,8042.8997230528785,trunk,Kandy-Mahiyanganaya-Padiyatalawa Road,False,A26
1783974992,10016226413,8.741670621414244,trunk,Badulla-Chenkaladi Road,False,A5
1783974992,10016226406,36.96482880431259,trunk,Badulla-Chenkaladi Road,False,A5
1785705891,1981311657,56.80014286727834,secondary,Nidahas Mawatha,False,
1785705891,4142435847,175.96921660133552,primary,Nawalapitiya Road,False,AB13
1785705891,1785705895,65.6570232904978,primary,Nawalapitiya Road,False,AB13
1785705895,1785705911,524.3583919875852,primary,Station Road,False,AB13
1785705895,1981311657,53.15929168395613,secondary,,False,
1785705895,1785705891,65.65702329049779,primary,Nawalapitiya Road,False,AB13
1785705911,1785705895,524.3583919875849,primary,Station Road,False,AB13
1785705911,1981311657,751.5925686872771,secondary,"['Ambagamuwa Road', 'Nidahas Mawatha']",False,
1785705911,1830490073,338.4922985114817,primary,Nuwara Eliya Road,False,AB3
1785705911,2023111966,158.38035460554516,primary,Kandy Road,True,AB13
1785705919,4142435852,60.9489843628437,primary,Nawalapitiya Road,True,AB13
1785705919,2081300475,7222.136762617713,primary,Gampola-Nawalapitiya Road,False,AB13
1785705927,7043371488,6.9262657568633745,primary_link,,False,
1785705927,4142435847,34.449017526752456,primary,Nawalapitiya Road,True,AB13
1788449944,2076672978,1285.8685591385615,secondary,Ketapola-Omatta-Totupola Road,False,B217
1789586195,2607383505,2456.187436887565,primary,Mapalagama-Yakkatuwa Road,False,B454
1789586195,3655959347,16711.679725429633,primary,"['Mapalagama-Yakkatuwa Road', 'Kahaduwa Bridge']",False,B454
1789586195,1792701998,11247.556503566488,secondary,Horangalla - Kellapatha Road,False,
1791337297,1979375863,6858.5329480956325,trunk,Passara-Moneragala Road,False,A22
1791337297,1945675344,32.64976933628951,trunk,Passara-Moneragala Road,True,A22
1792664495,268931354,24.081835659985433,trunk,Sri Sambuddhatwa Jayanthi Mawatha (Havelock Road),False,A4
1792664495,127657445,495.4558363802843,secondary,Park Road,False,
1792664495,4011682730,416.49391091799254,trunk,Sri Sambuddhatwa Jayanthi Mawatha (Havelock Road),False,A4
1792701998,3211931764,5453.140041000412,primary,Ambalangoda-Elpitiya-Pitigala Road,False,B14
1792701998,1789586195,11247.556503566491,secondary,Horangalla - Kellapatha Road,False,
1792701998,2076672992,3655.5531387526307,primary,Ambalangoda-Elpitiya-Pitigala Road,False,B14
1792754399,2909552257,5851.704000228404,secondary,"['Pattiya wela - Pallattara road', 'Bandarawaththa Ambagasdeniya Mawatha']",False,
1792754399,3234692631,1602.2740703885413,primary,Hakmana-Beliatte Road,False,B141
1792754399,3771334938,3064.4199421961134,primary,Hakmana-Beliatte Road,False,B141
1792755975,1792760335,1146.174716308845,primary,Hakmana-Beliatte Road,False,B141
1792755975,2607352523,737.1804481934361,primary,Hakmana-Beliatte Road,False,B141
1792755975,3521385523,656.7312376368507,secondary,,False,
1792760335,6548218220,143.92035114711615,primary,Hakmana-Beliatte Road,True,B141
1792760335,1792755975,1146.1747163088455,primary,Hakmana-Beliatte Road,False,B141
1792790811,1877453757,10069.68424479967,primary,Malkampiddy-Deeghavapiya Road,False,B483
1792790811,3316015809,5188.124257356772,primary,Arasadi-Malkampiddy Road,False,B31
1792790811,1877424685,4390.890825243012,primary,"['Pallaru Bridge', 'Sammanturai-Malkampiddy Road']",False,B483
1792802761,1684534499,7212.829270734348,trunk,Karativu-Ampara Road,False,A31
1792802761,2902881148,6561.953724171682,trunk,Karativu-Ampara Road,False,A31
1792802761,9754473426,5886.091731422294,primary,Malwatte-Chadayantalawa Road,False,B266
1792802797,1792802798,1460.4401679661964,trunk,Karativu-Ampara Road,False,A31
1792802797,3316122472,3022.565764413583,trunk,Karativu-Ampara Road,False,A31
1792802797,12761661744,1722.1888750698608,primary,"['Kalmunai Road', 'Ampara Road']",False,AB33
1792802798,12761661747,36.46278486544857,trunk,Karativu-Ampara Road,True,A31
1792802798,1792802797,1460.4401679661971,trunk,Karativu-Ampara Road,False,A31
1795321756,2340032515,8.46868165874657,trunk,,False,
1795321756,4663255502,308.9699095252252,trunk,Galle Road,True,A2
1795321763,2340032521,8.114600952297083,trunk,,False,
1795321763,1795321756,388.2305205639244,trunk,Galle Road,True,A2
1795321908,2340032539,9.034534050506185,trunk,,False,
1795321908,1795321763,317.70709210870336,trunk,Galle Road,True,A2
1795321973,2340032526,5.59032966894408,trunk,,False,
1795321973,2340037600,451.556788958728,trunk,Galle Road,True,A2
1795322023,2079240023,92.61290561913802,trunk,Galle Road,True,A2
1795322023,2340037601,7.538387495632697,trunk,,False,
1795322086,2340037597,5.709878711315549,trunk,Bodhirukkaramaya Junction,False,
1795322086,2347147693,14.922330460222213,trunk,Galle Road,True,A2
1795375615,1223888358,708.5568534378401,primary,Waskaduwa-Bandaragama Road,False,B458
1795375615,50415165,5268.988335475311,primary,Waskaduwa-Bandaragama Road,False,B458
1795375615,12109482772,5226.020949681528,primary,"['Morontuduwa Road', 'Wadduwa Road']",False,B449
1796922853,2079537942,42.88341402539773,trunk,Ratnapura Road,False,A8
1796922853,2079537908,3361.851485184106,primary,Ingiriya-Halwatura Road,False,B163
1796922853,253718899,13020.355516633586,trunk,Ratnapura Road,False,A8
1796922874,2079537908,1591.7733381509493,primary,Ingiriya-Halwatura-Egal Oya Road,False,B68
1796922874,2079537942,1030.5039444526285,trunk,Ratnapura Road,False,A8
1796922874,5264919265,15328.977556365713,trunk,Ratnapura Road,False,A8
1796923068,2083588478,164.7367317255019,primary,Nagoda-Kalawellawa-Bellapitiya Road,False,B304
1796923068,1213042254,3351.6852991933556,primary,Nagoda-Kalawellawa-Bellapitiya Road,False,B304
1796923068,3484165078,23221.27169423161,secondary,Bulathsinhala - Gawaragiriya - Ayagama Road,False,
1796923216,2079537908,1375.3963013309622,primary,Ingiriya-Halwatura-Egal Oya Road,False,B68
1796923216,2083588478,6041.842429137239,primary,Ingiriya-Halwatura-Egal Oya Road,False,B68
1796923216,5202070937,991.4173886988907,primary,Kongastenna Road,False,B144
1797858594,3484165078,13721.046432961242,primary,Idangoda-Ayagama Road,False,B160
1797858594,5264919265,1097.6216299271,trunk,Ratnapura Road,False,A8
1797858594,310860950,17821.80118892629,trunk,Ratnapura Road,False,A8
1797964180,1803663804,154.4918498767295,trunk,Colombo Road,False,A4
1797964180,3491135824,26.572622027013615,trunk,Yatiyantota Road,False,A7
1797964206,309033787,26.246074393611742,primary,Avissawella Bypass Road,False,AB45
1797964206,1803663804,83.90317217302277,trunk,Colombo Road,False,A4
1797964206,2141873197,3842.199081018821,trunk,"['High Level Road', 'Colombo Road']",False,A4
1797964284,8169922827,42.382801790917156,primary,Dehiowita-Deraniyagala Road,True,B93
1797964284,3104873585,13538.181043834373,primary,Dehiowita-Deraniyagala Road,False,B93
1803663804,309033787,62.22973682816941,trunk_link,,True,
1803663804,1797964180,154.4918498767295,trunk,Colombo Road,False,A4
1803663804,1797964206,83.90317217302277,trunk,Colombo Road,False,A4
1805745150,5153458215,37.770771101982874,primary,Nittambuwa-Urapola-Ruwanwella Road,True,B445
1805745150,1235697764,19658.68247735858,primary,Nittambuwa-Urapola-Ruwanwella Road,False,B445
1807810047,1895831908,35.149704471110205,trunk_link,,True,
1807810047,4959610635,40128.90246631225,trunk,Badulla-Chenkaladi Road,False,A5
1809637722,1809637851,17.878001221268022,primary,Medawala Road,True,B206
1809637722,3211942093,9354.000845720977,primary,Ranawana Road,False,B206
1809637851,3088508692,7.399379798358612,trunk_link,,False,
1809637851,3804182781,60.41751983375299,trunk,Madawala Road,True,A9
1809637872,3088508691,9.644090953379612,trunk_link,,False,
1809637872,1809637851,18.06556524618633,trunk,Madawala Road,True,A9
1809637872,1809637722,21.532007696675173,primary,Medawala Road,True,B206
1809805271,2404061091,2357.1944627426155,trunk,Hambantota-Wellawaya Road,False,A2
1809805271,3674901134,219.05720817889545,trunk,Hambantota-Wellawaya Road,False,A2
1809805271,1535505645,13917.881747249736,primary,Lunugamvehera-Kataragama Road,False,
1809805397,1945675344,21.384596808274992,trunk,Wellawaya-Pottuvil Road,False,A4
1809805397,1722823167,7143.188067196884,trunk,Wellawaya-Pottuvil Road,False,A4
1809805397,1791337297,40.89316127359302,trunk,Passara-Moneragala Road,True,A22
1809805500,2418603897,90.77193161003892,trunk,Wellawaya-Pottuvil Road,False,A4
1809805500,1945675344,2361.1466133515514,trunk,Wellawaya-Pottuvil Road,False,A4
1809805500,2418603892,435.672303452611,primary,"['Bus Station Road', 'Main Street', 'New Bus Station Road']",False,B293
1809828943,1809829139,6108.531813189967,secondary,Obbegoda-Dambgalle Road,False,C815
1809828943,974346527,26901.37832134951,trunk,"['Colombo - Ratnapura - Wellawaya - Batticaloa Road', 'Wellawaya-Pottuvil Road']",False,A4
1809828943,3622789896,814.5124690213748,trunk,Wellawaya-Pottuvil Road,False,A4
1809829139,974346758,1060.967616211227,secondary,Dambagalle-Mariarawa Road,False,C815
1809829139,2055594017,14079.512405075448,secondary,Medagama-Dambagalle Road,False,C821
1809829139,1809828943,6108.5318131899685,secondary,Obbegoda-Dambgalle Road,False,C815
1812177148,2081198513,71.96968062170124,primary,Meddewatte-Kekanadure-Yatiyana Road,False,B284
1812177148,1745927593,4683.562191593448,primary,Meddewatte-Kekanadure-Yatiyana Road,False,B284
1812177148,1745927593,4985.9527892963115,secondary,Weherahena Road,False,
1812292194,1231840453,3122.826144795471,trunk,Matara-Akuressa Road,False,A24
1812292194,1231840374,1254.0793509026944,trunk,Matara-Akuressa Road,False,A24
1812292194,2078784643,4558.601378487174,secondary,"['Akuressa-Kadduwa-Malimbada Road', 'Akuressa-kadduwa-Malimbada Road']",False,
1812292194,3594762775,779.0532263657225,secondary,Maligathenna Road,False,
1813425920,2081198517,4605.443932750037,secondary,,False,
1813425920,4884835156,4067.3896577892833,secondary,,False,
1813425920,1529240569,2891.1889686803393,secondary,,False,
1813426066,4884835162,362.16194341777924,secondary,,False,
1813426081,4884835157,159.55293944763412,secondary,,False,
1813587152,1818609858,5063.9330165080355,secondary,Rathmale Road,False,
1813587152,2081198513,7184.707686100815,secondary,Rathmale Road,False,
1813587152,1813627370,3413.9337947260005,primary,Radampola Road,False,B595
1813587152,1813587322,1670.0342025680404,primary,Radampola Road,False,B595
1813587322,1813587152,1670.0342025680413,primary,Radampola Road,False,B595
1813587322,3279650334,4331.2457516802,trunk,Tangalle Road,False,A2
1813587322,1745895523,9876.972517355423,trunk,Tangalle Road,False,A2
1813627370,2157073971,1977.6214338165623,secondary,Dandeniya-Kirinda Road,False,
1813627370,1813587152,3413.9337947260024,primary,Radampola Road,False,B595
1813627370,13380401234,2995.813532846843,primary,Radampola Road,False,B595
1814540629,1814540652,532.0909275106333,trunk,Old Hambantota Road,False,Old A2
1814540652,33389625,1248.4559156075347,trunk,Old Hambantota Road,False,Old A2
1814540652,1814540629,532.0909275106333,trunk,Old Hambantota Road,False,Old A2
1814540652,103396809,1553.1827574987992,secondary,New Road,False,
1814571489,3377585366,9.67514901466566,trunk_link,,False,
1814571489,6272263373,182.60336280756468,trunk,New Hambantota Road,True,New-A2
1814571515,3377795308,9.55328595224487,trunk_link,,False,
1814571515,3169248398,3877.0785950905342,primary,Hambantota-Gonnoruwa-Meegahajandura Road,True,B631
1814571587,3377919347,19.310171214317133,secondary,,False,
1814571587,1814571515,3960.1916959141968,primary,Hambantota-Gonnoruwa-Meegahajandura Road,True,B631
1814571587,3674777304,11384.068454374537,secondary,,False,
1814571621,6272264031,10.828686662352597,trunk_link,,False,
1814571621,1814571489,159.58374361354547,trunk,New Hambantota Road,True,New-A2
1814571632,6272264003,624.4487407494814,trunk,New Hambantota Road,True,New-A2
1818583225,3699494976,7.03936094435123,trunk,Matara-Hambantota Road,False,A2
1818583225,1985676681,6897.168291620069,trunk,Matara-Hambantota Road,False,A2
1818583243,3699457167,882.0785744509099,primary,Hungama-Angunukolapelessa Road,True,B622
1818583243,3634944563,7242.115076481406,primary,Hungama-Angunukolapelessa Road,False,B622
1818609858,4408220354,1242.9669746128727,primary,Dikwella-Wewurukannala Road,False,B525
1818609858,7087395001,585.210113531055,primary,Dikwella-Wewurukannala Road,False,B525
1818609858,1813587152,5063.9330165080355,secondary,Rathmale Road,False,
1821073186,2026114935,382.7492817517845,primary,Hemapala Munidasa Mawatha,True,B471
1821073186,2078611991,94.68224080336186,primary,Welimada Bypass,False,B581
1821073186,2408053510,3953.5449100715573,primary,Welimada-Kirkless Road,False,B471
1821073264,2408053510,21.308092742090807,secondary_link,,False,
1822627568,10130181943,17.51811642585287,secondary,Hill Street,False,
1822627568,1138325594,122.4891723559977,trunk,Galle Road,True,A2
1827277884,2083533106,28.128403343907593,trunk_link,,False,
1828212116,4891890159,5.572530693734831,primary,Balangoda-Bowatte-Kaltota Road,False,B38
1828212116,6228139619,126.71909348017292,primary,Balangoda Bypass Road,True,AB7
1828212116,1828212200,3211.4819883069645,primary,Balangoda-Bowatte-Kaltota Road,False,B38
1828212200,2407176375,10278.635368830623,primary,Balangoda-Bowatte-Kaltota Road,False,B38
1828212200,1828212116,3211.481988306966,primary,Balangoda-Bowatte-Kaltota Road,False,B38
1828212200,1994857493,10650.577294480358,primary,Kirimetitenna-Weligepola Road,False,"['B223', 'B124']"
1828217366,4891890160,20.875071604323146,primary_link,,True,
1828217366,1828217445,22.403285512103103,primary,Old Road (Bazaar St),True,B049
1828217445,4891890160,12.967589814132351,trunk,Main Street,True,A4
1828217445,1708349359,93.95052080968992,trunk,"['Main Street', 'Ratunapura-Wellawaya Road']",False,A4
1828234049,1828217366,305.4826071728243,primary,"['Old Road (Bazaar St)', 'Thanayam Pivisum (Rest House Access) Road']",True,B049
1828234049,1708349295,350.79799038423386,trunk,Main Street,False,A4
1830490073,1785705911,338.4922985114818,primary,Nuwara Eliya Road,False,AB3
1830490073,5273425373,573.3261088470248,trunk,T. B. Panabokke Mawatha (Gangasiri Road),False,A5
1830490073,4142250033,149.50222424316323,trunk,"['Gampola Bridge', 'Nuwara Eliya Road']",False,A5
1831898405,4006801962,4283.647547979244,primary,"['Aranayaka-Horawala Road', 'Mawanella-Aranayaka Road']",False,B278
1831898405,9882336681,7313.75019837956,"['primary', 'secondary']","['Horawala-Hemmathagama Road', 'Aranayaka-Horawala Road', 'Mawanella-Aranayaka-Horawala Road', 'Hemmathagama-Horawala Road']",False,B278
1831898405,3745318479,19826.835358235076,secondary,"['Aranayaka - Ambalakanda - Dolosbage Road', 'Aranayake-Ambalakanda Road', 'Aranayaka - Ambalakanda - Dolosbage Rd']",False,
1834922490,2686590800,3702.3689654367327,primary,Kotmale Dam Crest Road,False,B491
1834922625,1834981477,9410.655324042395,trunk,Nuwara Eliya Road,False,A5
1834922625,4430564637,4418.1481832518875,primary,Ulapane-Pussellawa Road,False,B431
1834922625,49378902,12237.541873641998,trunk,Nuwara Eliya Road,False,A5
1834958043,2686590800,16664.05258663827,primary,Harangala-Kalapitiya-Kumbaloluwa Road,False,B148
1834958043,1834981446,6329.525522641611,primary,Pundaluoya Road,False,B412
1834958043,2608992327,22712.565003578635,primary,Kothmale Road,False,B412
1834981067,1834981477,1906.815494100268,primary,Pundaluoya Road,False,B412
1834981067,1834981401,140.73066399577834,primary,Pundaluoya Road,False,B412
1834981067,4430564637,8081.73204104165,primary,Mawela-Kothmale Road,False,B582
1834981401,3254668917,1050.610824387502,primary,Kotmale New Town Road,False,B613
1834981401,1834981067,140.73066399577834,primary,Pundaluoya Road,False,B412
1834981401,1834981446,1102.0956964535135,primary,Pundaluoya Road,False,B412
1834981446,3254668917,209.48889563289,primary,Ramboda-Sangilipalama Road,False,B612
1834981446,1834981401,1102.0956964535135,primary,Pundaluoya Road,False,B412
1834981446,1834958043,6329.525522641613,primary,Pundaluoya Road,False,B412
1834981477,1834922625,9410.655324042404,trunk,Nuwara Eliya Road,False,A5
1834981477,1834981067,1906.8154941002686,primary,Pundaluoya Road,False,B412
1834981477,3254670926,2657.5856767534283,trunk,Nuwara Eliya Road,False,A5
1836349438,258049267,85.96238840977479,primary,Old Matale Road,True,B7
1836349438,3410071521,493.2983623035384,primary,Alawatugoda-Ankumbura-Keppetigala Road,False,B7
1836349723,3410071521,7636.170096702409,primary,Poojapitiya-Alawathugoda Road,False,B377
1836349723,5239599858,22.47725443177128,primary,Bokkawala-Poojapitiya Road,False,B15
1836349723,1836349953,288.6593774579794,primary,Main Street,False,B15
1836349953,1980552009,5690.921636133025,primary,Poojapitiya Road,False,B15
1836349953,3211942093,4236.33218049792,primary,Medawala-Poojapitiya Road,False,B150
1836349953,1836349723,288.65937745797936,primary,Main Street,False,B15
1837041866,2686032868,9246.89377432485,primary,Hatton-Maskeliya-Sri Pada Road,False,B149
1837354773,618073265,129.0566352794601,secondary,H. B. Udurawana Mawatha,True,
1837354773,3033904482,114.69150844129376,primary,Mosque Road,True,B521
1837478229,2382152088,701.181739819463,primary,Buwelikada Road,False,B69
1837478229,13444644367,2535.3348468254176,primary,Dharmashoka Mawatha,False,B550
1837478229,1164676122,1245.0803337218451,"['primary', 'secondary']","['Lewella Road', 'Lewella - Amunugama - Madawala Road']",False,B69
1838453702,10628115399,33.125322581518404,secondary,,True,
1840750859,324982229,19.462997424023193,primary,,False,B168
1840750859,5559025503,34.535698036206895,primary,,False,B168
1840750860,2966142356,8.679051823201524,secondary,Wattala-Mahara Road,False,B460
1840750860,2966142458,1873.2918366185293,trunk,Colombo-Kandy Road,True,A1
1840750860,1438094658,5319.146221461663,primary,Wattala-Mahara Road,False,B460
1841475983,3960797183,23.979453269792696,trunk,Matara-Hambantota Road,True,A2
1841475983,3592218007,314.9885980934355,trunk,Matara-Hambantota Road,False,A2
1847947584,6695505199,5.613388841105225,primary,Thoppuwa-Nattandiya-Madampe Road,True,B419
1847947584,3658420115,12.974060506591508,trunk,Colombo-Puttalam Road,True,A3
1847947621,667547394,2581.787638211012,primary,Ekala-Kotadeniyawa Road,False,B111
1847947621,638927829,2492.4610081410588,primary,Ekala-Kotadeniyawa Road,False,B111
1847947621,639245116,3114.614784100014,primary,Dunagaha-Nilpanagoda Road,False,B108
1848020009,1261568522,216.96986096739968,primary,Makandura-Badalgama Road,False,B503
1848020009,1261568353,4393.703872519618,primary,Makandura-Badalgama Road,False,B503
1848020009,3205666202,195.18729875565862,primary,Makandura-Badalgama Road,False,B503
1848166895,3628051370,15712.905569765915,secondary,"['Welipannagahamula-Kandanegedara-Yakwila Road', 'Udawela-Welipannagahamulla Road']",False,B428
1848166895,1978072063,7914.379610883504,secondary,Marawila-Udubeddawa Road,False,B272
1848166895,1480051538,7613.191663330375,secondary,Marawila-Udubeddawa Road,False,B272
1855296116,2074229848,6003.323605885173,secondary,"['Muruthalawa-Godamuduna Rd', 'Wathurakumbura Road', 'Wathurakumbura Rd']",False,
1855296116,2131510192,5329.4615751987785,primary,"['Aladeniya Road', 'Muruthalawa Road']",False,B5
1855296116,2078328569,4143.300660094239,primary,"['Main Street', 'Muruthalawa Road']",False,B5
1855322535,263179584,1680.9618925720652,trunk,Meewatura Road,False,A5
1855322535,1855349523,1025.181895758909,primary,Daulagala Road,False,B116
1855322535,13625281401,254.60154747268842,trunk,"['Penideniya Bridge', 'Penideniya Road']",False,A5
1855349523,1855322535,1025.1818957589087,primary,Daulagala Road,False,B116
1855349523,7183582772,4645.319146202482,primary,"['Daulagala Road', 'Pilimatalawa-Daulagala Road']",False,B116
1855349523,2907684935,1759.475961665297,secondary,Ranundeniya Road,False,
1855349523,3758716316,545.250234262769,primary,Boyagama Road,False,B306
1855349632,7183582772,29.123305882751694,primary,Pilimatalawa-Daulagala Road,False,B116
1855349632,7183582771,37.164793480179306,primary,Daulagala-Watadeniya Road,False,B91
1855349632,3170533458,3261.3484554119595,primary,Pilimatalawa-Daulagala Road,False,B116
1856812802,1856812890,39.456845026954404,primary,Nelundeniya-Alawwa Road,True,B539
1856812802,6209749472,142.2929194718175,trunk,Ambepussa-Kurunegala Road,False,A6
1856812802,2083007739,20.703150765142066,trunk,Ambepussa-Kurunegala Road,False,A6
1856812890,2083007739,43.81520814896163,primary,Nelundeniya-Alawwa Road,True,B539
1856812890,1980566512,7746.9013769541725,primary,Nelundeniya-Alawwa Road,False,B539
1862498818,1862498825,57.03103800189752,secondary,Hanwella - Pugoda - Kirindiwela - Urapola Road,False,B146
1862498818,1150403426,148.43066393116737,primary,Avissawella Road,False,AB10
1862498818,1150403364,1191.3448532745585,primary,Avissawella Road,False,AB10
1862498820,1447394805,20.83264558553895,primary,Hanwella - Pugoda - Kirindiwela - Urapola Road,False,B146
1862498820,1150403426,75.02826890778891,primary,Hanwella - Pugoda - Kirindiwela - Urapola Road,False,B146
1862498820,1862498825,29.46976892285855,secondary,,False,
1862498825,1447394805,22.154878260582638,secondary,Hanwella - Pugoda - Kirindiwela - Urapola Road,False,B146
1862498825,1862498818,57.03103800189752,secondary,Hanwella - Pugoda - Kirindiwela - Urapola Road,False,B146
1862498825,1862498820,29.46976892285855,secondary,,False,
1862815981,1862815989,16.034770914738107,trunk,High Level Road,False,A4
1862815981,1862816008,35.36756774278608,primary,Kaluaggala-Labugama-Kalatuwawa Road,True,B188
1862815981,2141873197,11785.81259028304,trunk,High Level Road,False,A4
1862815989,1862815981,16.034770914738107,trunk,High Level Road,False,A4
1862815989,1150403364,1014.3062410958298,trunk,High Level Road,False,A4
1862816008,1862815989,34.644475913758,primary,Kaluaggala-Labugama-Kalatuwawa Road,True,B188
1862816008,1149576728,11083.979092144767,primary,Kaluaggala-Labugama-Kalatuwawa Road,False,B188
1863416592,1863416596,9.095361132575992,secondary,Maligawatta Road,False,AC18
1863416592,13684602357,301.0397193183837,secondary,Maligawatta Road,False,AC18
1863416592,3307476616,624.7523116245743,trunk,Pradeepa Mawatha,True,A1
1863416593,619224226,12.665319192494476,trunk,Dr. Danister de Silva Mawatha,True,A1
1863416593,1863416592,957.3248094487991,trunk,Sri Saddharma Mawatha,True,A1
1863416596,1863416592,9.095361132575992,secondary,Maligawatta Road,False,AC18
1863416596,619224226,960.1173683714211,trunk,Sri Saddharma Mawatha,True,A1
1863416599,619224223,12.57731002375926,trunk,Dr. Danister de Silva Mawatha,True,A1
1863456297,9485258187,448.9666174534228,secondary,5th Cross Street,True,AC9
1863456297,3073676023,194.93075637238846,trunk,Olcott Mawatha,True,A1
1867157139,1477408997,7829.806059269016,secondary,,False,
1867157139,1867157640,4608.319863407916,secondary,,False,
1867157139,1867157551,2842.1673050015725,secondary,,False,
1867157551,1867157640,1016.2598221125462,secondary,,False,
1867157551,1867157139,2842.167305001574,secondary,,False,
1867157551,3066364711,6195.080353565438,secondary,Pallandeinya-Kanotuwa Road,False,
1867157640,1867157139,4608.319863407916,secondary,,False,
1867157640,1239436241,3031.327902869398,secondary,,False,
1867157640,1867157551,1016.2598221125464,secondary,,False,
1874159728,4067142475,16869.671270083116,primary,"['Panama Road', 'Pottuvil-Panama Road', 'Potuvil - Panama Road']",False,B374
1874159728,1874159816,530.100906120324,primary,"['Main Street', 'Beach Road']",False,B374
1874159728,2647057197,36180.823939322094,"['primary', 'secondary']","['Kumbukkana Road', 'Panama-Kumana Road']",False,B355
1874159816,1874159728,530.1009061203238,primary,"['Main Street', 'Beach Road']",False,B374
1877266311,3271092569,13.202535095728896,primary,Akkaraipattu-Sagamam Road,False,B2
1877266311,1888945264,1377.6951193340328,primary,Akkaraipattu-Varipathanchenai Road,False,B1
1877266311,1725053695,18372.269354864377,primary,Akkaraipattu-Sagamam Road,False,B2
1877266360,3998773392,1351.8858340047932,primary,Pallikkudiyiruppu Village Road,False,B576
1877266360,3998773392,686.7436472233429,primary,Akkaraipattu-Varipathanchenai Road,False,B1
1877266360,3078464586,1202.3906721214519,primary,Akkaraipattu-Varipathanchenai Road,False,B1
1877272293,1877272333,4442.953764619399,primary,Akkaraipattu-Deeghavapiya-Ambalatharu Road,False,B573
1877272293,3078464586,8643.609495659573,primary,Akkaraipattu-Varipathanchenai Road,False,B1
1877272293,1685409160,4844.817167231299,primary,Akkaraipattu-Varipathanchenai Road,False,B1
1877272293,4020226660,14345.752372079614,primary,Akkaraipattu-Deeghavapiya-Ambalatharu Road,False,B573
1877272333,1877272293,4442.953764619399,primary,Akkaraipattu-Deeghavapiya-Ambalatharu Road,False,B573
1877272333,3078464586,4156.992006882151,primary,Akkaraipattu-Deeghavapiya-Ambalatharu Road,False,B573
1877272333,1545169133,9741.880579290479,primary,Addalaichenai-Alankulam Road,False,B572
1877385011,1685488386,18775.617553243206,trunk,Siyambalanduwa-Damana-Ampara Road,False,A25
1877385011,3693930754,12324.840930069236,trunk,Siyambalanduwa-Damana-Ampara Road,False,A25
1877385011,3396258718,15024.184930475834,primary,"['Wadinagala-Inginiyagala Road', 'Ampara-Inginiyagala Road']",False,"['B350', 'AB1']"
1877424685,1792790811,4390.89082524301,primary,"['Pallaru Bridge', 'Sammanturai-Malkampiddy Road']",False,B483
1877424685,12761661743,14.422420679962803,primary,Sammanturai-Malkampiddy Road,True,B483
1877453566,1877453757,3018.3201872464456,primary,Varipathanchenai-Deeghavapiya Road,False,B439
1877453566,1877453832,2129.384443689234,primary,Varipathanchenai-Deeghavapiya Road,False,B439
1877453566,11330496878,2151.2028354922036,primary,Irakkamam-Manikkamadu Road,False,B650
1877453757,3315891502,4287.835227900817,primary,Deeghavapi Temple Road,False,B92
1877453757,1792790811,10069.684244799668,primary,Malkampiddy-Deeghavapiya Road,False,B483
1877453757,1877453566,3018.3201872464474,primary,Varipathanchenai-Deeghavapiya Road,False,B439
1877453832,11330496878,1839.1872943885028,primary,Varipathanchenai-Irakkamam Road,False,B651
1877453832,1877453566,2129.384443689234,primary,Varipathanchenai-Deeghavapiya Road,False,B439
1877453832,1979513531,154.5877370942,primary,Varipathanchenai-Deeghavapiya Road,False,B439
1879056247,2661675127,5.102750698136887,trunk,Pottuvil-Batticaloa Road,False,A4
1879056247,2661675134,280.99401520248944,trunk,Pottuvil-Batticaloa Road,False,A4
1879056265,2661675127,1090.981241223219,primary,Rest House Road,False,B186
1879056278,1879094855,13625.740166419915,primary,Ampilanturai-Veeramunai Road,False,B18
1879056278,2902881148,6563.258568620501,primary,Ampilanturai-Veeramunai Road,False,B18
1879056278,3268426144,3801.1296084115606,primary,Chavalakadai-Chadayantalawa Road,False,B77
1879056278,1879056339,5557.451983642059,primary,"['Chavalakadai-Chadayantalawa Road', 'Kalmunai-Chavalakadai Road']",False,"['B187', 'B77']"
1879056339,1879056423,160.96067375905952,primary,Kalmunai-Chavalakadai Road,False,B187
1879056339,1879056278,5557.451983642057,primary,"['Chavalakadai-Chadayantalawa Road', 'Kalmunai-Chavalakadai Road']",False,"['B77', 'B187']"
1879056339,2661675134,259.48750288363345,primary,,False,B30
1879056356,3320202231,64.5857071147974,trunk,Pottuvil-Batticaloa Road,False,A4
1879056356,3320202230,65.09077499684443,primary,Kalmunai-Chavalakadai Road,False,B187
1879056356,3316122451,4222.4997233981485,trunk,Pottuvil-Batticaloa Road,False,A4
1879056423,1879056247,121.90521731533075,primary,Police Station Road,True,B30
1879056423,1879056339,160.96067375905952,primary,Kalmunai-Chavalakadai Road,False,B187
1879056423,3320202230,248.54895003624887,primary,Kalmunai-Chavalakadai Road,False,B187
1879094855,1879056278,13625.740166419922,primary,Ampilanturai-Veeramunai Road,False,B18
1879094855,1883604788,4076.7477820924455,primary,Kaluvanchikudy-Vellaveli Road,False,B344
1879094855,1883604574,4286.766191367059,primary,Ampilanturai-Veeramunai Road,False,B18
1880354575,1880354744,750.7932019450902,secondary,Kaluwanchikudy-Kurumunveli Ferry Road,False,
1880354575,1880354577,425.1415561000399,trunk,Pottuvil-Batticaloa Road,False,A4
1880354575,1147026886,17489.757920804317,trunk,Pottuvil-Batticaloa Road,False,A4
1880354577,1880354744,648.5313344898277,secondary,Paddiruppu Village Road,False,
1880354577,2661675134,12320.020702968723,trunk,Pottuvil-Batticaloa Road,False,A4
1880354577,1880354575,425.14155610003996,trunk,Pottuvil-Batticaloa Road,False,A4
1880354744,1880354575,750.7932019450902,secondary,Kaluwanchikudy-Kurumunveli Ferry Road,False,
1880354744,1880354577,648.5313344898277,secondary,Paddiruppu Village Road,False,
1880354744,4527825395,21.528718094195398,primary,Kaluvanchikudy-Vellaveli Road,False,B344
1880414150,7100451968,7934.497086491596,trunk,Trincomalee-Batticaloa Road,False,A15
1880414150,9428150314,9029.10721882519,trunk,"['Trincomalee-Batticaloa Road', 'Kiliveddi Bridge']",False,A15
1880414150,3377492839,14726.65386996616,"['primary', 'secondary']",Palatoppu-Seruwawila Road,False,B347
1880627764,8032417732,58.490796719561054,trunk,Puttalam-Anuradhapura-Trincomalee Road,False,AA012
1880627764,1880627815,175.79032722452348,primary,Old Jaffna Road,False,
1880627764,1880627813,182.40842956308487,primary,Old Jaffna Road,False,
1880627764,2833604332,1396.8392023576987,trunk,Puttalam-Anuradhapura-Trincomalee Road,False,AA012
1880627813,1880627764,182.40842956308484,primary,Old Jaffna Road,False,
1880627813,8032417735,292.2509030953581,trunk,Kandy-Jaffna Road,False,A9
1880627813,3518417590,9359.640588605884,trunk,Kandy-Jaffna Road,False,A9
1880627815,2093935800,7624.0198431039225,trunk,Kandy-Jaffna Road,False,A9
1880627815,8032417734,116.96011744196498,trunk,Kandy-Jaffna Road,False,A9
1880627815,1880627764,175.79032722452348,primary,Old Jaffna Road,False,
1881982405,1881982723,858.5160188814154,secondary,Kahatagasdigilya - Ratmalgahawewa - Kivulekade Road,False,B538
1881982405,3492721845,11562.02913537241,secondary,Kahatagasdigilya - Ratmalgahawewa - Kivulekade Road,False,B538
1881982405,1685598193,20654.11574392,primary,Medawachchiya-Horowpotana Road,False,B282
1881982405,3557522184,16928.033703958135,primary,Medawachchiya-Horowpotana Road,False,B282
1881982667,5156577885,53.14919875280466,trunk,Vavuniya-Horowpotana Road,False,AA029
1881982667,1881982729,943.8954319166731,secondary,Kebitigollewa-Padaviya Road,False,B211
1881982667,3492721845,3829.608308712307,trunk,Vavuniya-Horowpotana Road,False,AA029
1881982723,1881982405,858.5160188814154,secondary,Kahatagasdigilya - Ratmalgahawewa - Kivulekade Road,False,B538
1881982723,3204562797,11851.46073396386,secondary,Kahatagasdigilya - Ratmalgahawewa - Kivulekade Road,False,B538
1881982723,1732790481,21602.647889286898,secondary,Rambewa-Ratmalgahawewa Road,False,
1881982729,6537959751,24947.7034660764,secondary,Kebitigollewa-Padaviya Road,False,B211
1881982729,1881982667,943.8954319166731,secondary,Kebitigollewa-Padaviya Road,False,B211
1881982729,5156577886,1004.1569678417386,secondary,Kebitigollewa New Town Road,False,B210
1882011362,1882011484,2299.130165492516,primary,Perkar Road,False,B366
1882011362,1882011622,20826.78986404187,primary,Trincomalee-Pulmoddai Road,False,B424
1882011362,3221586259,9558.921532397026,primary,"['Irakkandi Bridge', 'Trincomalee-Nilaveli Road', 'Trincomalee-Pulmoddai Road']",False,B424
1882011484,1882011362,2299.130165492515,primary,Perkar Road,False,B366
1882011622,1882011362,20826.78986404188,primary,Trincomalee-Pulmoddai Road,False,B424
1882011622,13942360677,3314.3131521109835,primary,Trincomalee-Pulmoddai Road,False,B424
1882011622,2093935801,40448.07786289126,secondary,Ethbediwewa-Gomarankadawela road,False,
1883604574,1879094855,4286.766191367059,primary,Ampilanturai-Veeramunai Road,False,B18
1883604574,1883604788,5641.057870115966,secondary,"['Seccondary Road Crose Palugaamam', 'Periyaporativu - palukamam main street']",False,
1883604574,4527627326,2370.3269607743036,primary,Ampilanturai-Veeramunai Road,False,B18
1883604788,4527825395,1958.2124852055335,primary,Kaluvanchikudy-Vellaveli Road,False,B344
1883604788,1879094855,4076.747782092445,primary,Kaluvanchikudy-Vellaveli Road,False,B344
1883604788,1883604574,5641.057870115964,secondary,"['Seccondary Road Crose Palugaamam', 'Periyaporativu - palukamam main street']",False,
1883639101,7262802916,1348.2167337821136,trunk,New Kalmunai Road,True,A4
1883639101,1147026886,637.7598656056504,trunk,New Kalmunai Road,False,A4
1886079221,13749558430,23.032291752149572,trunk,Kandy-Jaffna Road,False,A9
1886079221,1732790481,1704.5208727249585,trunk,Jaffna-Kandy Road,False,AA009
1886079226,13749558417,22.37316144462252,trunk,Jaffna Road,True,A20
1886444803,6052926625,33.80945579284712,secondary,Bandaranayake Mawatha,True,B343
1886444803,6538031538,40774.589682572914,secondary,"['Padaviya-Welioya Road', 'Welioya-Janakapura Road', 'Padavi Sripura Road', 'Welioya Rd', 'Bandaranayake Mawatha', 'Padaviya-Parakramapura Road']",False,B343
1886444856,6052926619,31.498118077267243,secondary,Kebitigollewa-Padaviya Road,True,B211
1886444856,6537959752,3805.9214059521237,secondary,Kebitigollewa-Padaviya Road,False,B211
1886444971,6537959751,56.15792514852843,secondary,Bogahawewa - Pulmuddai Road,True,B060
1886444971,13942360684,33907.55001541495,"['secondary', 'primary']","['Bogahawewa - Pulmuddai Road', 'Trincomalee-Pulmoddai Road']",False,"['B060', 'B424']"
1886464452,2093613917,25911.10159948341,trunk,"['Navatkuli - Kerativu-Mannar Road', 'Karaitivu-Mannar Road', 'Navakkuli - Kerativu - Mannar Road', 'Navatkuli-Keraitivu-Mannar Road']",False,"['AA032', 'A32']"
1886464452,2079870063,10224.041876791167,trunk,Navakkuli - Kerativu - Mannar Road,False,AA032
1886464452,2081238682,6601.177887969069,secondary,,False,
1886574357,1886574479,292.6913416108363,primary,Jaffna-Manipay-Karainagar Road,False,AB017
1886574479,847419106,7085.967257682575,secondary,Karainagar Circular Road,False,B197
1886574479,847419106,4513.7407632229115,primary,Jaffna-Manipay-Karainagar Road,False,AB017
1886574479,1886574357,292.6913416108363,primary,Jaffna-Manipay-Karainagar Road,False,AB017
1886606126,10882845389,1293.234138524182,primary,Pasyala-Giriulla Road,False,AB29
1886606126,617823366,139.5200164747754,primary,Pasyala-Giriulla Road,False,AB29
1886606126,1886606136,153.75616172824516,primary,Danowita-Mirigama Road,False,B90
1886606136,1235783744,5635.91298350577,primary,Botale-Mirigama Road,False,B63
1886606136,1427371818,7897.29681955813,primary,Danowita-Mirigama Road,False,B90
1886606136,1886606126,153.75616172824516,primary,Danowita-Mirigama Road,False,B90
1887817267,1887817351,4310.310711839958,secondary,Uraliyagara-Panirendawa-Willattewa Road,False,B342
1887817267,1976198848,6080.358994877873,primary,Chilaw-Wariyapola Road,False,B079
1887817267,3655100675,12897.236058507462,primary,Chilaw-Wariyapola Road,False,B079
1887817275,1889362449,5889.972165934062,secondary,Uraliyagara-Panirendawa-Willattewa Road,False,B342
1887817275,3180046129,7216.29865431356,primary,Kurunegala - Narammala - Madampe Road,False,B247
1887817275,1889362430,2545.536491676774,primary,Kurunegala - Narammala - Madampe Road,False,B247
1887817351,1889362449,3635.738508559194,secondary,Uraliyagara-Panirendawa-Willattewa Road,False,B342
1887817351,1887817267,4310.310711839958,secondary,Uraliyagara-Panirendawa-Willattewa Road,False,B342
1887817351,3180046129,6981.09704224695,secondary,,False,
1888945264,1877266311,1377.6951193340328,primary,Akkaraipattu-Varipathanchenai Road,False,B1
1888945264,3998773392,1250.7322514517732,primary,Akkaraipattu-Varipathanchenai Road,False,B1
1888945264,3271092634,2190.8100160488134,primary,Flood Protection Road,False,B574
1889362399,1889362449,6830.104759427046,secondary,Kakkapalliya-Medagama Road,False,B178
1889362399,3649878436,5521.317788996045,trunk,Colombo-Puttalam Road,False,A3
1889362399,1889362430,6044.816363194001,trunk,Colombo-Puttalam Road,False,A3
1889362430,1889362399,6044.816363193998,trunk,Colombo-Puttalam Road,False,A3
1889362430,2842889275,1590.251542880491,trunk,Colombo-Puttalam Road,False,A3
1889362430,1887817275,2545.5364916767735,primary,Kurunegala - Narammala - Madampe Road,False,B247
1889362449,1887817275,5889.972165934063,secondary,Uraliyagara-Panirendawa-Willattewa Road,False,B342
1889362449,1887817351,3635.7385085591945,secondary,Uraliyagara-Panirendawa-Willattewa Road,False,B342
1889362449,1889362399,6830.104759427045,secondary,Kakkapalliya-Medagama Road,False,B178
1891699904,6249855389,9.425824529846583,primary,,True,
1895649423,2565428366,9844.652890122003,primary,"['Kalkudah Road', 'Kalkudah-Valaichchenai Road']",False,"['B185', 'B184']"
1895649423,3476851295,1446.617564416056,trunk,Trincomalee Road,False,A15
1895649423,2565428392,3538.771383611072,trunk,Trincomalee Road,False,A15
1895831908,4212767857,14.831662510439427,trunk,Trincomalee Road,False,A15
1895831908,3476851315,10743.673327099526,trunk,Trincomalee Road,False,A15
1896097830,9406760943,16.611372385105934,primary,,True,
1896097830,1896101718,9233.782687522591,primary,Dambulla-Bakamuna-Kalagahawela Road,False,B615
1896101718,568948707,7002.030737464409,primary,Elahera-Pallegama-Hettipola Road,False,B312
1896101718,2051261091,11489.756309613105,primary,Elahera-Pallegama-Hettipola Road,False,B312
1896101718,1896097830,9233.78268752259,primary,Dambulla-Bakamuna-Kalagahawela Road,False,B615
1896192506,1241520212,31038.268826462376,secondary,Elahera-Giritale Road,False,B112
1896192506,1896097830,7.511709906698546,primary,,True,
1896204980,3937651729,3365.3970781362636,primary,Old Elahera-Pallegama-Hettipola Road,False,Old B312
1896204980,6119394070,2527.439430932969,primary,Elahera-Pallegama-Hettipola Road,False,New B312
1896204980,2051261091,137.96997738347278,primary,Elahera-Pallegama-Hettipola Road,False,B312
1899261664,1681155827,278.82483323636234,secondary,"['Kumara Kovil Veethy', 'MC Road']",False,
1899261664,1681115626,215.46581670515934,trunk,Trincomalee Road,False,A15
1899261664,1675667180,766.5889684010566,trunk,Trincomalee Road,False,A15
1899261813,1676588936,685.8141015341093,primary,Lady Manning’s Drive,False,B542
1899261813,6495398268,18.18215567860863,primary,Lady Manning’s Drive,False,B542
1899261813,6495398269,22.629808052885256,primary,Lady Manning’s Drive,False,B542
1899261904,6495299640,30.3959701941765,secondary,Slaughter House Lake Road,True,
1899261904,1676682579,1434.5918922171454,secondary,Slaughter House Lake Road,False,
1908190206,1280869010,31.405287367676568,trunk,York Street,True,A4
1909546344,257926316,19422.98096521112,"['secondary', 'primary']","['Thalathuoya - Moragolla Road', 'Kandy - Ampitiya - Thalatuoya Road', 'Kandy - Thalathuoya - Moragolla Road', 'Ampitiya - Thalatuoya Road', 'Ampitiya Road', 'Moragolla Road']",False,B195
1909546344,1909593733,1106.9264785327236,primary,"['Kandy Road', 'Main Street']",False,B364
1909546344,1724997103,16915.715233487135,primary,"['Nillambe Road', 'Galaha Road']",False,B364
1909593733,3217407684,27802.60461457969,primary,"['Delpitiya Road', 'Pupuressa Road', 'Galaha Road']",False,B125
1909593733,2078334820,28931.380694090425,primary,"['Rikillagaskada Road', 'Hewaheta Road', 'Deltota Road', 'Galaha Road']",False,B364
1909593733,1909546344,1106.9264785327234,primary,"['Kandy Road', 'Main Street']",False,B364
1912464464,3354483657,275.2859615691293,trunk,Sri Jayewardenepura Mawatha,True,A0
1912464464,7625469738,719.4544397529153,trunk,Rajagiriya Flyover,True,
1912538608,2091855950,3005.2318670552763,primary,Kolonnawa-Angoda Road,False,B231
1912538608,5158364156,37.09973698883958,primary,Kolonnawa-Angoda Road,True,B231
1912538674,3301611018,21.23716054684656,primary,Kolonnawa-Angoda Road,True,B231
1912538674,3166543427,1635.588552263225,primary,"['Mandawila Road', 'Kolonnawa-Angoda Road']",False,B231
1912538681,2760582908,1601.3997554886103,primary,Buthgamuwa Road,False,B469
1912538681,3301611023,52.18292903252398,primary,Buthgamuwa Road,True,B469
1912538707,2083191756,17.92570281807235,primary,,True,B231
1912538707,2083191728,16.382935674226562,primary,,True,
1924772358,324998173,690.6233762159104,primary,Parakrama Road (Old Kandy Road),False,B336
1924772358,3664895152,59.93345543503031,trunk,Kandy Road,True,A3
1924772358,325009601,374.710984261841,trunk,Kandy Road,False,A3
1931362427,5234967326,18.098377799423584,primary,,True,
1931363942,1139090033,2247.4463108323143,primary,Wakwella Road,False,B130
1931363942,2150213472,24.692287502105778,primary,Wakwella Road,True,B130
1931937742,1932028416,183.9016960471676,primary,Walasmulla-Weeraketiya Road,False,B450
1931937742,1932028753,1110.9263403918264,primary,Beliatte-Walasmulla Road,False,B54
1931937742,2152975776,301.91806284944863,primary,Walasmulla-Katuwana-Middeniya Road,False,B485
1931937816,7183404785,6819.765056083246,primary,Walasmulla-Weeraketiya Road,False,B450
1931937816,1932028416,756.5444962625536,primary,Walasmulla-Weeraketiya Road,False,B450
1931937816,3142698207,13123.471342269759,primary,Walasmulla-Julampitiya Road,False,B629
1932027734,2157074329,2853.0434239899973,primary,Beliatte-Kirinda Road,False,B630
1932027734,376774340,590.0517511269078,primary,Matara-Hakmana Road,False,B275
1932027734,1932028020,1348.0070741277495,primary,Matara-Hakmana Road,False,B275
1932027779,1932028753,3996.7174052148016,primary,Hakmana-Walasmulla Road,False,B142
1932027779,1932027824,3954.3409134723547,primary,Hakmana-Walasmulla Road,False,B142
1932027779,12708048694,3732.0374526058426,secondary,,False,
1932027824,1932027779,3954.3409134723556,primary,Hakmana-Walasmulla Road,False,B142
1932027824,1932028801,2971.1616481474966,primary,Hakmana-Walasmulla Road,False,B142
1932027824,2152922533,6497.834486116668,primary,Denagama-Mulatiyana Road,False,B98
1932028020,1932027734,1348.0070741277498,primary,Matara-Hakmana Road,False,B275
1932028020,2605760184,966.9169941590245,primary,Matara-Hakmana Road,False,B275
1932028020,2157073971,6579.775450172049,secondary,Walakanda road,False,
1932028204,1932028753,5222.339843445509,primary,Beliatte-Walasmulla Road,False,B54
1932028204,3234257841,2223.9100959854163,primary,Beliatte-Walasmulla Road,False,B54
1932028204,4761516411,4008.971325232186,secondary,,False,
1932028204,3234691184,3430.596356846652,secondary,,False,
1932028416,1931937816,756.5444962625536,primary,Walasmulla-Weeraketiya Road,False,B450
1932028416,1931937742,183.9016960471676,primary,Walasmulla-Weeraketiya Road,False,B450
1932028416,2152975776,371.11442854032043,primary,Walasmulla Bypass,False,B565
1932028753,1931937742,1110.9263403918264,primary,Beliatte-Walasmulla Road,False,B54
1932028753,1932028204,5222.339843445503,primary,Beliatte-Walasmulla Road,False,B54
1932028753,1932027779,3996.7174052148016,primary,Hakmana-Walasmulla Road,False,B142
1932028801,6542819606,199.76143540560946,primary,Hakmana-Walasmulla Road,True,B142
1932028801,1932027824,2971.1616481474966,primary,Hakmana-Walasmulla Road,False,B142
1933502385,6548218206,6.607237000285712,primary,Narandeniya-Hakmana Road,False,B309
1933502385,5456686498,2820.4598715847933,primary,Narandeniya-Hakmana Road,False,B309
1933502385,6542819612,93.86080027882983,primary,Matara-Hakmana Road,True,B275
1933520777,2165127439,1349.1182767067635,primary,Kamburupitiya-Kirinda Road,False,B536
1933520777,5041222126,1496.4188731786744,primary,Kamburupitiya-Kirinda Road,False,B536
1933520777,3634858930,4673.687837751705,secondary,Thumbe - Kongala Road,False,
1945604950,1945605121,14678.940149443213,trunk,"['Passara Road', 'Badulla-Passara Road']",False,A5
1945604950,3298069926,897.6424650441119,trunk,Passara Road,False,A5
1945604950,2145042656,21731.908077307024,primary,Demodera-Spring Valley-Badulla Road,False,B97
1945605121,13872342556,3340.483088675497,trunk,Badulla-Passara Road,False,A5
1945605121,1945604950,14678.940149443224,trunk,"['Passara Road', 'Badulla-Passara Road']",False,A5
1945605121,6658588595,27214.83844057436,primary,Ella-Passara Road,False,B113
1945644699,13872342556,16.862810462038738,trunk,Badulla-Chenkaladi Road,False,A5
1945644699,3351203885,29257.229035089622,primary,Passara-Pelwatte Road,False,B359
1945644699,3527283166,2575.5535506353035,trunk,Badulla-Chenkaladi Road,False,A5
1945674941,2055594017,3888.046598956423,primary,Bibile-Medagama-Nakkala Road,False,B56
1945674941,1979375863,13584.633599477142,primary,Bibile-Medagama-Nakkala Road,False,B56
1945674941,3622789896,13444.099094598596,secondary,Bakinigahawela-Obbegoda Road,False,C828
1945675344,1809805397,21.384596808274992,trunk,Wellawaya-Pottuvil Road,False,A4
1945675344,1809805500,2361.14661335155,trunk,Wellawaya-Pottuvil Road,False,A4
1963939807,191813176,474.77238667922705,trunk,R. A. de Mel Mawatha,True,
1963939812,6272042585,38.12861889222476,primary,Sri Uttarananda Mawatha,True,
1963939812,653109529,18.36516743610962,trunk,Liberty Roundabout,True,
1969450556,1969450599,7452.903743804034,secondary,Aluthgama Road,False,
1969450556,1146766252,1499.7218555628745,primary,Matugama Road,False,B157
1969450556,3210169158,2091.745493482849,primary,Matugama Road,False,B157
1969450599,6294540738,5274.356383349521,primary,Nagoda-Kalawellawa-Bellapitiya Road,False,B304
1969450599,2280604896,176.39589728794863,primary,Nagoda-Kalawellawa-Bellapitiya Road,False,B304
1969450599,1969450556,7452.903743804031,secondary,Aluthgama Road,False,
1971623281,1028522781,6314.191031546817,trunk,Kandy Road,False,AB23
1971623281,2833604333,6061.994181129243,trunk,Puttalam-Anuradhapura-Trincomalee Road,False,AA012
1971623281,5055655471,2770.548905475873,trunk,Mihintale Road,False,A12
1971685346,2081238502,30672.98450834629,secondary,Puliyadi Irakkamam-Madhu Road,False,B378
1971685346,1732642149,4211.045289625782,trunk,Medawachchiya-Talaimannar Road,False,AA014
1971685346,1732626412,13520.477161572438,trunk,Medawachchiya-Talaimannar Road,False,AA014
1974535927,2520671931,8624.413185225389,secondary,Mahiyanganaya Hebarawa Road,False,C629
1974535927,1974700361,8488.127458168852,primary,Mahiyanganaya-Dimbulagala-Dalukane Road,False,AB44
1974535927,1974713646,5980.974704646257,primary,Mahiyanganaya-Dimbulagala-Dalukane Road,False,AB44
1974694415,1974698402,398.28669295681203,primary,Bibile-Mahiyangana Road,False,B57
1974694415,4919739452,443.9348101568861,primary,Bibile-Mahiyangana Road,False,B57
1974694415,4919739452,774.8629551274739,secondary,Uyanwatta Road,False,C619
1974694423,1974694434,205.27411221058168,secondary,,False,C609
1974694423,1974698405,199.9531923340225,secondary,,False,B607
1974694423,1974698435,84.38717510288878,secondary,,False,B607
1974694431,4814119764,127.30307214413972,primary,Bibile-Mahiyangana Road,False,B57
1974694431,1974698405,159.7149885193049,primary,Bibile-Mahiyangana Road,False,B57
1974694431,1974694434,268.2200678423638,secondary,,False,C608
1974694434,1974694423,205.27411221058168,secondary,,False,C609
1974694434,1974694431,268.2200678423638,secondary,,False,C608
1974694434,1974694446,89.03625774155705,secondary,,False,C609
1974694446,1974698432,91.71887062675798,trunk,Kandy-Mahiyanganaya-Padiyatalawa Road,False,A26
1974694446,3822754793,280.4428637977141,trunk,Kandy-Mahiyanganaya-Padiyatalawa Road,False,A26
1974694446,1974694434,89.03625774155705,secondary,,False,C609
1974698341,1974698377,494.7531129662624,secondary,Puhulyaya Road,False,C616
1974698349,4918978047,268.68457961369285,primary,Bibile-Mahiyangana Road,False,B57
1974698349,1974698431,508.7970078414057,primary,Bibile-Mahiyangana Road,False,B57
1974698349,1974698415,48.76287054873259,primary,Sacret City Roads,False,B514
1974698353,1783942571,28.86434744085852,trunk,Kandy-Mahiyanganaya-Padiyatalawa Road,True,A26
1974698353,4814119812,7.656206387522995,secondary_link,,False,
1974698363,1974698435,347.2539433453498,secondary,,False,C612
1974698363,1974698404,389.91006926904726,secondary,Resthouse Road,False,C623
1974698363,1974698402,287.41795680431,secondary,Resthouse Road,False,C623
1974698365,1974698405,201.0907813252213,primary,Bibile-Mahiyangana Road,False,B57
1974698365,1974698402,195.1782730202786,primary,Bibile-Mahiyangana Road,False,B57
1974698365,1974698377,198.6332226469655,secondary,,False,C613
1974698369,1974698431,344.2010066617337,secondary,Sacret City-Pangaragammana-Loggal Oya Road,False,C602
1974698369,10086207496,184.00054183576916,secondary,Sacret City-Pangaragammana-Loggal Oya Road,False,C602
1974698369,1974698374,34.17172253583484,secondary,,False,
1974698374,3822724026,248.4779080115224,primary,Sacret City Roads,False,B514
1974698374,1974698369,34.17172253583484,secondary,,False,
1974698374,10086214431,202.08785704739927,primary,Sacret City Roads,False,B514
1974698377,4814119812,511.3914338258493,secondary,Puhulyaya Road,False,C616
1974698377,1974698341,494.75311296626234,secondary,Puhulyaya Road,False,C616
1974698377,1974698365,198.63322264696546,secondary,,False,C613
1974698402,1974698365,195.1782730202786,primary,Bibile-Mahiyangana Road,False,B57
1974698402,1974694415,398.286692956812,primary,Bibile-Mahiyangana Road,False,B57
1974698402,1974698363,287.41795680431005,secondary,Resthouse Road,False,C623
1974698404,1974698435,143.27568484122415,secondary,,False,B607
1974698404,1974698416,294.30296191002253,secondary,Resthouse Road,False,C623
1974698404,1974698363,389.91006926904726,secondary,Resthouse Road,False,C623
1974698405,1974694431,159.7149885193049,primary,Bibile-Mahiyangana Road,False,B57
1974698405,1974698365,201.0907813252213,primary,Bibile-Mahiyangana Road,False,B57
1974698405,1974694423,199.9531923340225,secondary,,False,B607
1974698415,4809569429,72.72726733468362,primary,Sacret City Roads,False,B514
1974698415,1974698349,48.76287054873259,primary,Sacret City Roads,False,B514
1974698415,3822724026,71.78610673733073,primary,Sacret City Roads,False,B514
1974698416,1974698404,294.30296191002253,secondary,Resthouse Road,False,C623
1974698416,1974698432,148.71722012469272,trunk,Kandy-Mahiyanganaya-Padiyatalawa Road,False,A26
1974698416,10065277058,545.6729885071555,trunk,Kandy-Mahiyanganaya-Padiyatalawa Road,False,A26
1974698431,1974698349,508.79700784140573,primary,Bibile-Mahiyangana Road,False,B57
1974698431,1974698369,344.20100666173363,secondary,Sacret City-Pangaragammana-Loggal Oya Road,False,C602
1974698431,4900167756,153.22673475279174,primary,Bibile-Mahiyangana Road,False,B57
1974698432,1974694446,91.71887062675798,trunk,Kandy-Mahiyanganaya-Padiyatalawa Road,False,A26
1974698432,1974698435,295.2425672068527,secondary,,False,C612
1974698432,1974698416,148.71722012469272,trunk,Kandy-Mahiyanganaya-Padiyatalawa Road,False,A26
1974698435,1974698404,143.27568484122415,secondary,,False,B607
1974698435,1974694423,84.38717510288878,secondary,,False,B607
1974698435,1974698363,347.25394334534974,secondary,,False,C612
1974698435,1974698432,295.2425672068527,secondary,,False,C612
1974700262,1974700361,3796.7988814241876,secondary,Gangeyaya Road,False,
1974700361,3881591515,821.9564374560445,primary,Mahiyanganaya-Dimbulagala-Dalukane Road,False,AB44
1974700361,1974535927,8488.127458168854,primary,Mahiyanganaya-Dimbulagala-Dalukane Road,False,AB44
1974700361,1974700262,3796.7988814241885,secondary,Gangeyaya Road,False,
1974713604,5578290006,16.64237793879943,primary,51st Mile Post-Ulhitiyawa Road,False,B497
1974713604,10130033784,4734.668859128486,primary,51st Mile Post-Ulhitiyawa Road,False,B497
1974713604,5578290005,30.085428350122925,primary,Barrier Junction-Girandurukotte Road,True,B498
1974713646,1974535927,5980.974704646263,primary,Mahiyanganaya-Dimbulagala-Dalukane Road,False,AB44
1974713646,1974719581,4785.699824669679,primary,Mahiyanganaya-Dimbulagala-Dalukane Road,False,AB44
1974713646,5578290005,7136.846327211942,primary,Barrier Junction-Girandurukotte Road,False,B498
1974713677,4900167756,1814.5652249520508,primary,Bibile-Mahiyangana Road,False,B57
1974713677,4900167756,2186.936512976262,secondary,Sacret City-Dambarawa Road,False,C603
1974713677,2055570486,7313.530142113708,primary,Bibile-Mahiyangana Road,False,B57
1974719542,3708794359,2418.786921359434,primary,Mahiyanganaya-Dimbulagala-Dalukane Road,False,AB44
1974719542,1974724222,15291.809450386123,primary,Mahiyanganaya-Dimbulagala-Dalukane Road,False,AB44
1974719542,5578290006,15198.949612310029,"['secondary', 'primary']","['Pahala Ratkinda-Ulhitiya Road', 'Pahala Ratkinda-Diyawiddagama Road', 'Captain P. K. A. Jayathilike Mawatha', '51st Mile Post-Ulhitiyawa Road']",False,"['B497', 'C631']"
1974719581,2018086754,2058.3877301988837,primary,Belaganwewa-Wilgamuwa Road,False,B577
1974719581,1974713646,4785.69982466968,primary,Mahiyanganaya-Dimbulagala-Dalukane Road,False,AB44
1974719581,3708794359,1892.0412205054038,primary,Mahiyanganaya-Dimbulagala-Dalukane Road,False,AB44
1974724222,3664816336,20766.228408501116,primary,Dehiattakandiya-Aralaganwila Road,False,B517
1974724222,1974719542,15291.809450386127,primary,Mahiyanganaya-Dimbulagala-Dalukane Road,False,AB44
1974724222,2304485572,32239.781576859896,primary,Mahiyanganaya-Dimbulagala-Dalukane Road,False,AB44
1975345215,2078753314,11525.189919519018,secondary,,False,
1975345215,1975353905,2191.403075698041,secondary,,False,
1975345215,2078754030,342.6507360362523,secondary,,False,
1975353905,3827971307,8791.97118380859,primary,Walasmulla-Katuwana-Middeniya Road,False,B485
1975353905,2152975776,6966.570119272372,primary,Walasmulla-Katuwana-Middeniya Road,False,B485
1975353905,1975345215,2191.4030756980414,secondary,,False,
1976110894,13700965134,3631.469109634221,trunk,Katugastota-Kurunegala-Puttalam Road,False,A10
1976110894,4913504514,4585.183130907586,trunk,Katugastota-Kurunegala-Puttalam Road,False,A10
1976110894,1731568862,17732.203110859904,secondary,Andigama - Nebadawa Road,False,
1976165109,1976172945,6853.067477767127,secondary,Kuliyapitiya-Hettipola Road,False,B243
1976165109,1976198848,13269.049823432426,primary,Chilaw-Wariyapola Road,False,B079
1976165109,3064719459,2490.5519848244853,primary,Chilaw-Wariyapola Road,False,B079
1976172945,3064719434,7535.837687455567,secondary,Munamaldeniya Katupotha Road,False,
1976172945,1976165109,6853.0674777671275,secondary,Kuliyapitiya-Hettipola Road,False,B243
1976172945,7704618060,7918.481255815042,secondary,"['Kuliyapitiya - Hettipola Road', 'Kuliyapitiya-Hettipola Road']",False,B243
1976198828,7704618073,9.258572292357817,secondary,Kuliyapitiya - Hettipola Road,True,B243
1976198828,1976198830,1482.9778680943543,primary,Kurunegala - Narammala - Madampe Road,True,B247
1976198830,7704629712,8.250224368031914,secondary,Bowatta-Padiwela-Kuliyapitiya Road,False,B65
1976198830,7704629738,542.5975473324488,primary,Kurunegala - Narammala - Madampe Road,True,B247
1976198848,7704629712,17426.763895021137,secondary,"['Bowatta Padiwela Kuliyapitiya Road', 'Bowatta-Padiwela-Kuliyapitiya Road']",False,B65
1976198848,1976165109,13269.04982343242,primary,Chilaw-Wariyapola Road,False,B079
1976198848,1887817267,6080.358994877872,primary,Chilaw-Wariyapola Road,False,B079
1976198850,1978072063,6287.2493305900225,primary,Kurunegala - Narammala - Madampe Road,False,B247
1976198850,7704629744,461.82933160400773,primary,Kurunegala - Narammala - Madampe Road,True,B247
1976198852,7704629744,7.766015992547753,secondary,Pannala - Kuliyapitiya Road,True,B356
1976198852,1976198850,460.7204367851987,primary,Kurunegala - Narammala - Madampe Road,True,B247
1977816707,1239442924,3358.249484894668,primary,Kurunegala - Narammala - Madampe Road,False,B247
1977816707,6547922829,274.3752624987023,primary,Kurunegala - Narammala - Madampe Road,True,B247
1978072063,1976198850,6287.2493305900225,primary,Kurunegala - Narammala - Madampe Road,False,B247
1978072063,3180046129,7051.079882177531,primary,Kurunegala - Narammala - Madampe Road,False,B247
1978072063,1848166895,7914.379610883501,secondary,Marawila-Udubeddawa Road,False,B272
1978142686,5142136909,10.119802469157019,primary,Outer Circular Road,True,
1978142686,3377484738,1842.8920242282522,trunk,New Hambantota Road,True,New-A2
1978809439,281864258,456.1077661034964,secondary,Balapokuna Road,False,
1978809439,129616175,407.2667634680189,primary,Dutugemunu Street,False,B84
1978809439,208541425,1100.204183243179,primary,Dutugemunu Street,False,B84
1979346418,2401185742,4761.877400750816,trunk,Badulla-Chenkaladi Road,False,A5
1979346418,2398925514,622.3400781687171,trunk,Badulla-Chenkaladi Road,False,A5
1979346418,10083504521,6878.53716525045,primary,Bibile-Mahiyangana Road,False,B57
1979375863,1945674941,13584.63359947714,primary,Bibile-Medagama-Nakkala Road,False,B56
1979375863,6685173555,235.5790113409593,trunk,Passara-Moneragala Road,False,A22
1979375863,1791337297,6858.532948095629,trunk,Passara-Moneragala Road,False,A22
1979513513,3801712230,7056.573707868105,primary,Bibile-Pitakumbura-Namal Oya-Inginiyagala Road,False,B527
1979513513,1691754374,2969.804882871941,primary,Ampara-Inginiyagala Road,False,AB1
1979513513,3396258709,1966.362324355386,primary,Ampara-Inginiyagala Road,False,AB1
1979513531,1685409092,686.807818696162,trunk,Siyambalanduwa-Damana-Ampara Road,False,A25
1979513531,1685409301,2038.3571488312987,trunk,Siyambalanduwa-Damana-Ampara Road,False,A25
1979513531,1877453832,154.5877370942,primary,Varipathanchenai-Deeghavapiya Road,False,B439
1979513536,1685488386,33.71252520178886,trunk,,True,
1979513536,13901998344,3349.5115876061236,trunk,Siyambalanduwa-Damana-Ampara Road,False,A25
1980552001,258049453,5588.810016391811,trunk,Kandy-Jaffna Road,False,A9
1980552001,258049396,410.00932537997016,trunk,Kandy-Jaffna Road,False,A9
1980552001,2910209739,9669.132171296618,primary,"['Matale-Illukkumbura-Pallegama Road', 'Matale-Rattota Road']",False,B274
1980552009,3616502607,1015.2087022738142,trunk,Matale Road,False,A9
1980552009,3804182781,2974.089303621952,trunk,Matale Road,False,A9
1980552009,1836349953,5690.9216361330255,primary,Poojapitiya Road,False,B15
1980566512,1980566518,11.21860690142353,trunk,Colombo-Kandy Road,False,A1
1980566512,7087535778,7185.388467216301,trunk,Colombo-Kandy Road,False,A1
1980566512,1856812890,7746.901376954169,primary,Nelundeniya-Alawwa Road,False,B539
1980566518,1980566512,11.21860690142353,trunk,Colombo-Kandy Road,False,A1
1980566518,1980566521,13280.484203471859,primary,Nelumdeniya-Tuntota-Galapitamada Road,False,B540
1980566518,13811688268,5541.768201578902,trunk,Colombo-Kandy Road,False,A1
1980566521,1980566518,13280.484203471868,primary,Nelumdeniya-Tuntota-Galapitamada Road,False,B540
1980566521,1427371978,11993.30964116911,primary,Warakapola-Anguruwella Road,False,B457
1980566521,445260233,10235.10778511849,primary,Warakapola-Anguruwella Road,False,B457
1981147403,7599684152,8.159719420650056,trunk,,False,A9
1981147403,7927509189,6742.264875877117,trunk,Anuradhapura Road,False,A9
1981147403,904233239,66.84998140233017,trunk,Dambulla-Habarana Road,True,A6
1981147409,7035050524,6.5755191930755315,trunk_link,,False,
1981147409,3518425514,179.34543642072228,trunk,Anuradhapura Road,True,A9
1981159930,4137378455,13.279901495995759,trunk,,True,
1981159934,4137378450,30.477104751494775,trunk,Jaffna-Kandy Road,True,AA009
1981159934,1685598193,2470.2158650203464,trunk,Jaffna-Kandy Road,False,AA009
1981159938,4137378456,41.65124700664496,trunk,Medawachchiya-Talaimannar Road,True,AA014
1981159938,1732649294,15785.732090310583,trunk,Medawachchiya-Talaimannar Road,False,AA014
1981159944,4137378462,35.807743347539464,trunk,Jaffna-Kandy Road,True,AA009
1981159944,7085697362,22469.119654223286,trunk,"['Kandy-Jaffna Road', 'Kandy - Jaffna Road']",False,AA009
1981183266,7085505934,36.02449456202579,trunk,Kandy-Jaffna Road,False,AA009
1981183266,2407760102,172.20160772601193,trunk,Kandy-Jaffna Road,False,AA009
1981183266,7085505932,74.82677405647047,trunk_link,,True,
1981311657,1785705891,56.80014286727834,secondary,Nidahas Mawatha,False,
1981311657,1785705895,53.15929168395613,secondary,,False,
1981311657,1785705911,751.5925686872773,secondary,"['Ambagamuwa Road', 'Nidahas Mawatha']",False,
1981311694,9462668423,14760.172126030193,primary,Dolosbage Road,False,B132
1981311694,9882336681,11805.428338226184,primary,Mawanella-Hemmathagama-Singhapitiya Road,False,B279
1981311694,4142435846,633.6745956597318,primary,Buwanekabahu Road,False,B132
1981468985,2835617074,27.099809415557562,trunk,Maithripala Senanayake Mawatha (Main Street),True,A12
1981468985,566574620,709.1928890592952,trunk,Maithripala Senanayake Mawatha (Main Street),False,A12
1985676681,3699457435,11534.663235338305,trunk,Embilipitiya-Nonagama Road,False,A18
1985676681,4838849617,3882.8981926474926,trunk,Matara-Hambantota Road,False,A2
1985676681,1818583225,6897.168291620067,trunk,Matara-Hambantota Road,False,A2
1985676777,3699457165,492.5049326900131,primary,Angunakolapelessa Road,True,B548/B622
1985676777,1428650220,7368.482696591576,primary,Ranna-Angunakolapelessa Road,False,B548
1985676796,3147021776,11549.852028524143,trunk,Embilipitiya-Nonagama Road,False,A18
1985676796,610944426,7610.172402257388,primary,Sooriyawewa-Padalangala Road,False,B563
1985676796,1428665347,5591.468892610186,trunk,Embilipitiya-Nonagama Road,False,A18
1986887586,4838849617,138.67439331435878,trunk,Matara-Hambantota Road,False,A2
1986887586,2404061766,5894.027140681177,secondary,Beragama Road,False,
1986887586,8726439508,4600.955298157052,trunk,Matara-Hambantota Road,False,A2
1990178209,6237004881,26105.023960737028,secondary,Oyamaduwa Road,False,
1990178209,2093612570,2602.583696425504,trunk,Puttalam-Anuradhapura-Trincomalee Road,False,AA012
1990178209,2093612506,11494.775979774027,trunk,Puttalam-Anuradhapura-Trincomalee Road,False,AA012
1994703248,3484165078,16212.676855482001,primary,Ayagama-Kukulegama Road,False,B34
1994703248,5233976061,4050.36880401495,primary,Ratnapura Road,False,B421
1994703248,1994725664,2297.08282996859,primary,Ratnapura Road,False,B421
1994725664,3369556773,21419.252092825263,primary,Kukulegama-Kelinkanda-Molkawa Road,False,B656
1994725664,1994703248,2297.0828299685895,primary,Ratnapura Road,False,B421
1994725664,560221199,19660.775872259383,primary,Ratnapura Road,False,B421
1994843650,2143415342,9866.868820058244,primary,Moragala-Bellana Road,False,B544
1994843650,560221199,5389.538007773968,primary,Ratnapura Road,False,B421
1994843650,560221118,2285.917828078969,primary,Ratnapura Road,False,B421
1994857493,6653100627,1096.3564576238975,primary,Kirimetitenna-Weligepola Road,False,B124
1994857493,1828212200,10650.57729448035,primary,Kirimetitenna-Weligepola Road,False,"['B223', 'B124']"
1994857493,3371892591,10968.17984914074,primary,Weligepola-Handagiriya Road,False,B467
2001999485,3664816336,38341.305633440104,"['secondary', 'primary']",Aralaganwila-Maha Oya Road,False,B502
2001999485,10016226406,23079.381429330562,trunk,Badulla-Chenkaladi Road,False,A5
2001999485,4959610635,2920.0528845068425,trunk,Badulla-Chenkaladi Road,False,A5
2011981296,5190957525,118.88299045569867,trunk,Badulla Road,False,A5
2011981296,2145571047,9269.214063399553,trunk,Nuwara Eliya Road,False,A5
2011981296,10166776387,3638.194823905239,trunk,"['Bandarawela Road', 'Badulla-Bandarawela Road']",False,A16
2015155899,678335056,303.58938174814074,primary,Bauddhaloka Mawatha,False,AC2
2015155899,666903979,225.05157961387363,primary,Bauddhaloka Mawatha,False,AC2
2015155899,618309296,597.2749594709212,trunk,R. A. de Mel Mawatha,True,
2015265415,6509327434,38.15188349783376,trunk,Kegalle-Bulathkohupitiya-Karawanella Road,True,A21
2015265415,3514826047,4807.631434322453,trunk,Kegalle-Bulathkohupitiya-Karawanella Road,False,A21
2015265429,13811685898,6216.205748144744,primary,Galigamuwa-Ruwanwella Road,False,B127
2015265429,2015279496,8837.79491738098,primary,Galigamuwa-Ruwanwella Road,False,B127
2015265429,3453321762,2306.087101272587,primary,Morontota-Arandara Road,False,B602
2015265450,2021573972,1610.4247255045948,trunk,Yatiyantota Road,False,A7
2015265450,3217150039,30.406301876267726,trunk,Yatiyantota Road,True,A7
2015279496,3120470733,6253.338765590641,primary,Alawatura-Yatapana-Kotiyakumbura Road,False,B605
2015279496,2015265429,8837.794917380988,primary,Galigamuwa-Ruwanwella Road,False,B127
2015279496,445260245,6499.846239001024,primary,Galigamuwa-Ruwanwella Road,False,B127
2017404189,1780055679,17583.600943960235,trunk,Ratnapura Road,False,A17
2017404189,4267522204,34529.02903584013,trunk,Ratnapura Road,False,A17
2017404189,2036185335,27969.871536897892,primary,Embilipitiya-Panamure-Sooriyakanda Road,False,B115
2017427174,3633693455,1210.363083779096,primary,Urubokka-Kotapola Road,False,B415
2017427174,2155827812,16696.084623541385,primary,Urubokka-Kotapola Road,False,B415
2017427174,2152922062,19772.20943833295,secondary,Urubokka - Panamure Road,False,
2017536532,2078784989,948.4451277626196,primary,Kamburupitiya-Kirinda Road,False,B536
2017536532,2165127439,812.5293522084105,primary,Kamburupitiya-Kirinda Road,False,B536
2017536532,2017536573,2703.20791008993,primary,Narandeniya-Hakmana Road,False,B309
2017536573,2017536532,2703.2079100899286,primary,Narandeniya-Hakmana Road,False,B309
2017536573,5456686498,6382.832396358332,primary,Narandeniya-Hakmana Road,False,B309
2017536573,2152922533,7777.377278828438,secondary,Horapavita - Radawela Road,False,
2018057285,5030096474,85.91285861901878,primary,Belaganwewa-Wilgamuwa Road,False,B577
2018057285,2055561737,70.82134439438664,primary,Hasalaka-Hettipola Road,False,B484
2018057285,2055561684,2739.2910902129083,primary,Hasalaka-Hettipola Road,False,B484
2018086754,2520673118,4873.296424932602,primary,Belaganwewa-Wilgamuwa Road,False,B577
2018086754,1974719581,2058.3877301988828,primary,Belaganwewa-Wilgamuwa Road,False,B577
2018086754,2520671931,2339.381954001683,secondary,Ginnoruwa-Belaganwewa Road,False,C633
2019733995,896199017,23.06012640929709,primary,Sigiriya Road,False,B162
2019733995,258025225,16556.98026210986,"['primary', 'secondary']","['Moragaswewa-Illukwewa Road', 'Sigiriya Road', 'Illukwewa-Sigiriya Road']",False,"['B294', 'B162']"
2019733995,2051320917,6755.879423483249,primary,Kibissa-Digampathaha Road,False,B218
2019894706,1156534074,618.9285647496026,secondary,Polgolla Dam Road,False,B591
2019950765,4781584814,14.902759152971926,primary,Rikillagaskada Road,True,B413
2019950765,3201052237,7046.641666679666,primary,Rikillagaskada Road,False,B413
2019986609,4924643886,3406.985494872239,primary,Victoria Dam Top-Adhikarigama Road,False,B494
2019986609,4781602735,8395.743620401205,primary,Mahaweli Raja Mawatha,False,B492
2019986609,4877035512,16914.343426259835,primary,Mahaweli Raja Mawatha,False,B492
2021573972,127659819,11743.405967625813,primary,Magmmana-Kurupetta-Daigala-Gurugalla Road,False,B603
2021573972,2015265450,1610.4247255045946,trunk,Yatiyantota Road,False,A7
2021573972,2087260972,4352.897709726697,trunk,Yatiyantota Road,False,A7
2021648880,637859907,5439.645727506224,primary,Makola-Udupila Road,False,B262
2021648880,619906809,4448.351679709086,primary,New Kandy Road,False,B214
2021648880,3107607858,864.9146153169391,primary,New Kandy Road,False,B214
2023111966,3226286143,6405.745189280033,primary,Kadugannawa Road,False,B172
2023111966,5273425374,241.22173433801743,primary,Kandy Road,True,AB13
2024849379,4445128968,7052.500043028733,secondary,Wariyapola-Ganewatta-kumbukgete Road,False,B478
2024849379,2025020177,14699.134564382852,secondary,Ibbagamuwa-Kumbukgete-Madagalla Road,False,B159
2024849379,5051771525,12932.98870463277,secondary,Ibbagamuwa-Kumbukgete-Madagalla Road,False,B159
2024988651,5225962162,18427.057609601925,secondary,Muttettugala-Hiripitiya Road,False,B300
2024988651,3172043469,259.7095689449244,trunk,Kurunegala-Dambulla Road,False,A6
2024988651,2025020177,10306.344104833677,trunk,Kurunegala-Dambulla Road,False,A6
2025020177,2024849379,14699.134564382854,secondary,Ibbagamuwa-Kumbukgete-Madagalla Road,False,B159
2025020177,2093606919,1811.9784851224608,trunk,Kurunegala-Dambulla Road,False,A6
2025020177,2024988651,10306.344104833674,trunk,Kurunegala-Dambulla Road,False,A6
2026106458,3615147754,20600.56240933011,primary,Bandarawela-Liyangahawela-Poonagala Road,False,B42
2026106458,2552014491,1534.444804752338,trunk,Beragala-Hali-Ela Road,False,A16
2026106458,77381284,155.92811919812362,trunk,Beragala-Hali-Ela Road,False,A16
2026114935,2078611991,249.9653033120913,trunk,Nuwara Eliya-Badulla Road,False,A5
2026114935,2026114937,157.48646124988238,trunk,Nuwara Eliya-Badulla Road,False,A5
2026114937,3666045181,9546.790141340816,primary,Welimada-Boralande Road,False,B508
2026114937,2026114935,157.48646124988235,trunk,Nuwara Eliya-Badulla Road,False,A5
2026114937,49368243,351.4177650315423,trunk,Nuwara Eliya-Badulla Road,False,A5
2026484605,1285521732,354.2681820133349,primary,Ragama Flyover,False,B168
2026484605,5549855445,144.47511311113098,primary,Main Street,True,B168
2026484605,3345099186,4655.711514447417,primary,Ragama-Kadawatha Road,False,B168
2028303897,2028303947,8.15772343726666,trunk_link,,False,
2028303897,4787694002,1396.7529091879956,trunk,Colombo-Kandy Road,True,A1
2028303947,2028303897,8.15772343726666,trunk_link,,False,
2028303947,3600553588,2384.8457198480555,trunk,Colombo-Kandy Road,True,A1
2031636377,4877035512,29490.65464849349,primary,Mahaweli Raja Mawatha,False,B492
2031636377,3770695580,2279.2097726183397,primary,Badulla-Mahiyanganaya Road,False,B36
2031636377,3773265561,2126.228809365268,primary,Badulla-Mahiyanganaya Road,False,B36
2032266045,2078542962,69.63265599510575,primary,King's Street,False,B30-9
2032266737,2032266045,200.2787838317568,primary,Lower King's Street,True,B30-9
2032266737,6489314103,200.98461048373835,primary,Anagarika Dharmapala Mawatha (Bank Rd),False,B30-9
2034206073,268931354,399.48242956506937,trunk,Sri Sambuddhatwa Jayanthi Mawatha (Havelock Road),True,A4
2034206245,127657418,647.9245490332593,secondary,Isipathana Mawatha,False,
2034206245,2034206073,52.643932406308814,trunk_link,,True,
2034206245,6277459304,39.84430493150597,secondary,Isipathana Mawatha,False,
2035763052,3819995230,20.13256097248765,primary,Lawson Street,False,B331-4
2035763052,191850199,157.26426421118853,primary,Old Kandy Road (Old Bazaar Street),False,B331
2035763052,2035832247,546.8596033203304,primary,Old Udapussellawa Road,False,B331
2035811429,77682693,202.26184497315472,trunk,Queen Elizabeth Drive,False,A5
2035811429,3820002325,19.097673312787343,trunk,Queen Elizabeth Drive,False,A5
2035811429,3820002304,18.192425923088088,trunk,Queen Elizabeth Drive,False,A5
2035811537,2035811614,17.005430524114313,trunk,,True,
2035811614,1331893829,53.3158192735346,trunk,Kandy Road,False,A5
2035811614,3820002302,16.492257520195416,trunk,,True,
2035832111,77682074,38.6685828562446,primary_link,,False,
2035832111,198476911,757.7931254502078,primary,Race Course Round Road,False,B331-3
2035832111,2035832311,74.44217521663371,primary,Race Course Round Road,False,B331-3
2035832241,13650405023,14.70364333047124,primary,Lady McCallum's Drive,False,B249
2035832241,4897029032,16.567201771190753,primary,Old Udapussellawa Road,False,B331
2035832241,2035832247,48.478636477230026,primary,Lady McCallum's Drive,False,B249
2035832247,191849931,959.3697632414227,primary,"[""Lady McCallum's Drive"", 'Hill Street']",False,B249
2035832247,2035763052,546.8596033203302,primary,Old Udapussellawa Road,False,B331
2035832247,2035832241,48.478636477230026,primary,Lady McCallum's Drive,False,B249
2035832311,77682074,42.52925229868191,primary,Uda Pussellawa Road,False,B332
2035832311,198553743,591.3857684745093,primary,Uda Pussellawa Road,False,B332
2035832311,2035832111,74.44217521663371,primary,Race Course Round Road,False,B331-3
2035845823,13650405023,3110.2277344081763,primary,"[""Lover's Leap Road"", ""Lady McCallum's Drive""]",False,B249
2035845823,198553743,1199.5683777380468,primary,Uda Pussellawa Road,False,B332
2035845823,2035855681,16747.53194367255,primary,Uda Pussellawa Road,False,B332
2035855681,2035845823,16747.531943672544,primary,Uda Pussellawa Road,False,B332
2035855681,2035878922,12624.340056078812,primary,"['Ragala Road', 'Tennekumbura-Rikillagaskada-Ragala Road']",False,B413
2035855681,2408054159,9722.832794050908,primary,Uda Pussellawa Road,False,B332
2035878922,4877071672,7977.874064816599,primary,Ragala Road,False,B413
2035878922,2035855681,12624.340056078798,primary,"['Tennekumbura-Rikillagaskada-Ragala Road', 'Ragala Road']",False,B413
2035878922,2408054159,24612.442470606708,secondary,"['Walapane - Nildandahinna Road', 'Rupaha Road', 'Nildandahinna - Rupaha Road']",False,C416
2036185335,2017404189,27969.87153689792,primary,Embilipitiya-Panamure-Sooriyakanda Road,False,B115
2036185335,3155986410,9749.794147605693,primary,Embilipitiya-Panamure-Sooriyakanda Road,False,B115
2036185335,2152922062,2310.0019287559703,primary,Middeniya-Panamure Road,False,B286
2043454739,2145571047,9721.021982161083,secondary,Ettampitiya-Ketawala-Keenakele Road,False,C45
2043454739,2407536134,4075.845991737825,secondary,Ettampitiya-Ketawala-Keenakele Road,False,C45
2043454739,2407536122,4152.728124919829,primary,Ketawala-Galauda Road,False,B100
2043454739,5190957525,6441.23115935529,primary,Ketawala Road,False,B100
2043478205,10083504605,397.4818817438034,primary,Bibile-Mahiyangana Road,False,B57
2043478205,11854288259,14820.129419228351,primary,Bibile-Mahiyangana Road,False,B57
2043478205,10083504522,170.57556559744364,secondary,,False,
2050947417,853165390,2698.4472677326316,primary,"['Jaffna-Ponnalai Road', 'Jaffna-Ponnalai-Point Pedro Road', 'Jaffna - Ponnalai - Point Pedro']",False,AB021
2050947417,9399822974,22.46962374367756,primary,,True,AB021
2050947423,5446060709,1.2594783189585177,primary,Circular Road,True,
2050947457,2050947465,14.320180264039127,primary,Circular Road,True,
2050947465,7098642092,16.033787040506787,primary,Circular Road,True,
2050947465,5445976938,27.226681802646638,primary,,True,
2051261091,568948837,14396.444466442788,primary,Moragahakanda-Wellewala Road,False,B648
2051261091,1896101718,11489.756309613096,primary,Elahera-Pallegama-Hettipola Road,False,B312
2051261091,1896204980,137.96997738347278,primary,Elahera-Pallegama-Hettipola Road,False,B312
2051320917,2732633603,7170.387378606548,trunk,Dambulla-Habarana Road,False,A6
2051320917,4397554917,7277.130486712201,trunk,Dambulla-Habarana Road,False,A6
2051320917,2019733995,6755.879423483249,primary,Kibissa-Digampathaha Road,False,B218
2052447109,5648828411,519.7515640679923,secondary,Beach Road,False,B165
2052447109,849241783,639.4721379492956,secondary,Beach Road,False,B165
2052447109,2052447115,1583.3469772706435,secondary,Karaiyoor Reclamation,False,B198
2052447115,2152817015,4585.636983121223,secondary,"['Thundi Road', 'Beach Road', 'Chundukuli - Colombouthurai']",False,"['B080', 'B165']"
2052447115,5648828412,611.5508040293818,secondary,Beach Road,False,B165
2052447115,2052447109,1583.3469772706435,secondary,Karaiyoor Reclamation,False,B198
2055561684,2018057285,2739.291090212909,primary,Hasalaka-Hettipola Road,False,B484
2055561684,4990131983,15550.393300349717,primary,Hettipola-Wasgamuwa Road,False,B484
2055561684,3897543544,13977.755014023342,primary,Elahera-Pallegama-Hettipola Road,False,"['B312', 'New B312']"
2055561737,2055564960,25100.620657214768,primary,Hasalaka-Hettipola Road,False,B484
2055561737,2018057285,70.82134439438663,primary,Hasalaka-Hettipola Road,False,B484
2055561737,5030096474,36.88811252457877,primary_link,,False,
2055564960,2055561737,25100.620657214764,primary,Hasalaka-Hettipola Road,False,B484
2055564960,10065277052,4850.028794737806,trunk,Kandy-Mahiyanganaya-Padiyatalawa Road,False,A26
2055564960,3203303832,34864.539204437664,trunk,"['Kandy-Mahiyanganaya-Padiyatalawa Road', 'Kandy-Mahiyanganaya Road']",False,A26
2055570486,1974713677,7313.530142113714,primary,Bibile-Mahiyangana Road,False,B57
2055570486,3548926831,8194.595900838905,primary,Badulla-Mahiyangana Road,False,B580
2055570486,4509879174,87.76957582142235,primary,Bibile-Mahiyangana Road,False,B57
2055594017,1809829139,14079.512405075438,secondary,Medagama-Dambagalle Road,False,C821
2055594017,2055594048,6692.156618036375,primary,Bibile-Medagama-Nakkala Road,False,B56
2055594017,1945674941,3888.0465989564213,primary,Bibile-Medagama-Nakkala Road,False,B56
2055594048,10088292097,5944.6978476737495,primary,Bibile-Medagama-Nakkala Road,False,B56
2055594048,2055594017,6692.156618036378,primary,Bibile-Medagama-Nakkala Road,False,B56
2055594048,2398934524,8060.034176777882,secondary,Yalkumbura-Nannapurawa Road,False,C823
2055607563,2401185742,6924.126197746772,secondary,,False,
2055607563,3454145592,5363.282630601167,primary,Bibile-Pitakumbura-Namal Oya-Inginiyagala Road,False,B527
2055607563,6038408773,42384.38025640725,primary,Bibile-Pitakumbura-Namal Oya-Inginiyagala Road,False,B527
2057039735,8736765754,61.635067783913556,primary,King's Street,False,B30-9
2057039735,2078542962,284.79577024292297,primary,King's Street,True,
2057041156,3293925970,114.26726684999005,trunk,Badulla Road,True,A5
2057041156,5190957525,2444.000980154292,trunk,Badulla Road,False,A5
2057045370,8736765754,311.5980732435418,trunk,Bandarawela Road,False,A5
2057045370,2057046125,681.8010154943037,trunk,Bandarawela Road,False,A5
2057045370,11054253578,457.58075984095757,secondary,Keppettipola Road,False,
2057045684,6489314103,66.8986301734485,primary_link,,True,
2057045684,4599114497,53.07564222019238,primary,Station Road,False,B27-19
2057045684,2057045756,468.5855374829339,primary,Station Road,False,B27-19
2057045756,2057045684,468.5855374829339,primary,Station Road,False,B27-19
2057046125,3301953719,510.0127915421558,secondary,Keppettipola Road,False,
2057046125,2057045370,681.8010154943038,trunk,Bandarawela Road,False,A5
2057046125,3293925970,2504.06887300048,trunk,Bandarawela Road,False,A5
2064203704,2155584835,9.077385410350356,primary_link,,False,
2064203704,639204465,721.582111706222,primary,Main Street,False,B261
2064203704,2155634710,610.7384348543346,trunk,Negombo Road,True,A3
2066330706,2131864641,16.812886275526715,trunk_link,,True,
2066330706,1428449258,333.3164169048975,secondary,Bauddhaloka Mawatha,False,
2066330708,3150421787,10.29106031259758,trunk,Dudley Senanayake Mawatha (Castle Street),True,A0
2066330708,662901136,375.3133141557085,trunk,Rt. Hon. D. S. Senanayake Mawatha,True,AC7
2068144084,206597400,2183.5690029322436,primary,Dehiwela Road (Dehiwela-Maharagama Road),False,B94
2068144084,3521595120,20.341541967176695,primary,Dehiwela Road (Dehiwela-Maharagama Road),True,B94
2068144145,9577055311,10.772897484186046,primary,Dehiwela Road (Dehiwela-Maharagama Road),True,B94
2068144145,6519129899,264.7008297056419,primary,Dehiwela Road (Dehiwela-Maharagama Road),False,B94
2068162856,7030921398,1001.265034948217,trunk,High Level Road,True,A4
2068162856,129615686,2043.7095440486084,trunk,High Level Road,False,A4
2068162900,7030921386,35.183554462716984,trunk,High Level Road,True,A4
2068162900,7030921388,21.001750061434713,trunk_link,,True,
2071116345,619956323,16.81489729007958,trunk,High Level Road,False,A4
2071116345,129615924,975.8163318056762,trunk,High Level Road,False,A4
2071116379,2071116345,25.489456651608112,primary,Sri Soratha Mawatha,True,B316
2071116379,250734844,1942.56502148821,primary,"['Sri Soratha Mawatha', 'University Road']",False,B316
2074229848,2907684935,36.83053563620556,trunk,Colombo-Kandy Road,False,A1
2074229848,2078328569,1057.34597401541,trunk,Colombo-Kandy Road,False,A1
2074229848,1855296116,6003.323605885175,secondary,"['Muruthalawa-Godamuduna Rd', 'Wathurakumbura Road', 'Wathurakumbura Rd']",False,
2076672978,2088167963,24127.276856045355,primary,"['Elpitiya - Avittawa - Lewwanduwa Road', 'Avittawa Bridge', 'Elpitiya-Avittawa-Lewwanduwa Road', 'Elpitiya-Avittawa Road', 'Avittawa-Ittapana Road']",False,B114
2076672978,3211931764,2997.3475052359545,primary,Elpitiya-Avittawa Road,False,B114
2076672978,1788449944,1285.8685591385615,secondary,Ketapola-Omatta-Totupola Road,False,B217
2076672992,1792701998,3655.553138752633,primary,Ambalangoda-Elpitiya-Pitigala Road,False,B14
2076672992,2607383505,13191.947662770473,secondary,Pitigala - Mapalagama Road,False,
2076672992,2185127828,8566.663517030525,primary,"['Ambalangoda-Elpitiya-Pitigala Road', 'Pelawatta-Pitigala Road']",False,"['B14', 'B158']"
2077442148,1709997728,13267.016163183747,trunk,Ratunapura-Wellawaya Road,False,A4
2077442148,1708362825,3293.49864043171,trunk,Ratunapura-Wellawaya Road,False,A4
2077442148,1190546887,49243.518086946315,primary,"['Olugantota-Pinnawala-Bogowantalawa Road', 'Norwood-Bogawantalawa-Campion Road']",False,"['B329', 'B339']"
2078322240,2382152014,10.562809313943074,primary,Buwelikada Road,True,B69
2078322240,13676334893,462.63237086255754,trunk,Anagarika Dharmapala Mawatha,False,A26
2078322240,8605932100,19.886028940719036,trunk,Anagarika Dharmapala Mawatha,False,A26
2078328569,2074229848,1057.34597401541,trunk,Colombo-Kandy Road,False,A1
2078328569,1855296116,4143.300660094239,primary,"['Main Street', 'Muruthalawa Road']",False,B5
2078328569,2910325921,331.2379291210902,trunk,Colombo Road,False,A1
2078331482,13625281401,259.40405524878815,trunk,Penideniya Road,False,A5
2078331482,258029159,446.09821529029574,trunk,Penideniya Road,False,A5
2078331482,13625464816,869.8900820566344,primary,Sarananda Road,False,B505
2078334820,1909593733,28931.38069409044,primary,"['Rikillagaskada Road', 'Hewaheta Road', 'Deltota Road', 'Galaha Road']",False,B364
2078334820,3201082769,10983.063237643895,primary,"['Rikillagaskada Road', 'Hanguranketha Road']",False,B413
2078334820,4815668922,8360.555931202623,primary,"['Munwatta Road', 'Padiyapelella Road']",False,B413
2078542962,2057039735,283.05213839924266,primary,King's Street,True,
2078542962,2032266045,69.63265599510574,primary,King's Street,False,B30-9
2078611991,1821073186,94.68224080336188,primary,Welimada Bypass,False,B581
2078611991,49368092,6026.814144401003,trunk,Nuwara Eliya-Badulla Road,False,A5
2078611991,2026114935,249.96530331209127,trunk,Nuwara Eliya-Badulla Road,False,A5
2078753314,1975345215,11525.189919519022,secondary,,False,
2078753314,2078753333,636.396982641949,primary,Denagama-Mulatiyana Road,False,B98
2078753314,2152922533,1836.745287487643,primary,Denagama-Mulatiyana Road,False,B98
2078753333,3533679913,7654.523376357105,secondary,Deiyandara - Warapitiya,False,
2078753333,2078753477,2989.0320593969304,primary,Denagama-Mulatiyana Road,False,B98
2078753333,2078753314,636.3969826419489,primary,Denagama-Mulatiyana Road,False,B98
2078753463,2078784989,13234.399624196227,primary,Kamburupitiya-Mulatiyana Road,False,B415
2078753463,2078753475,62.62662126560281,primary,Mulatiyana-Urubokka,False,B415
2078753475,3368441146,7486.1299491944665,primary,Mulatiyana-Urubokka,False,B415
2078753475,2078753463,62.62662126560281,primary,Mulatiyana-Urubokka,False,B415
2078753475,2078753477,53.15568210898523,primary,Denagama-Mulatiyana Road,True,B98
2078753477,2078753463,82.47304908620146,primary,Denagama-Mulatiyana Road,True,B98
2078753477,2078753333,2989.0320593969313,primary,Denagama-Mulatiyana Road,False,B98
2078754030,1975345215,342.65073603625234,secondary,,False,
2078754030,3533679913,3347.0306598535776,secondary,,False,
2078754030,3379196495,2904.814028479639,secondary,,False,
2078754584,3211908158,21710.69839545298,secondary,,False,
2078754584,3368441146,7267.4526185484165,primary,Mulatiyana-Urubokka,False,B415
2078754584,2078754703,1904.2020826976748,primary,Mulatiyana-Urubokka,False,B415
2078754703,3203084587,9289.295998596523,primary,Bengamuwa-Molokgamuwa-Galdola Road,False,B607
2078754703,2078755191,7012.137516978716,primary,Mulatiyana-Urubokka,False,B415
2078754703,2078754584,1904.202082697675,primary,Mulatiyana-Urubokka,False,B415
2078754919,3379196495,6343.531734259115,secondary,,False,
2078754919,2078755191,2836.6833431420146,primary,Katuwana-Urubokka Road,False,B606
2078754919,3827971313,6429.635679067865,primary,Katuwana-Urubokka Road,False,B606
2078755191,2078754703,7012.137516978714,primary,Mulatiyana-Urubokka,False,B415
2078755191,3633693454,904.5009428532477,primary,Mulatiyana-Urubokka,False,B415
2078755191,2078754919,2836.6833431420137,primary,Katuwana-Urubokka Road,False,B606
2078784643,2166737050,7296.808072889228,secondary,Akuressa-Kadduwa-Malimbada Road,False,
2078784643,1812292194,4558.601378487173,secondary,"['Akuressa-Kadduwa-Malimbada Road', 'Akuressa-kadduwa-Malimbada Road']",False,
2078784643,4987786791,7676.40847602469,secondary,"['Kamburupitiya-Kadduwa Road', 'Godawa Bridge']",False,
2078784989,2165130846,200.54410513554595,primary,Matara-Kamburupitiya Road,False,B415
2078784989,2078753463,13234.399624196236,primary,Kamburupitiya-Mulatiyana Road,False,B415
2078784989,2017536532,948.4451277626194,primary,Kamburupitiya-Kirinda Road,False,B536
2078949358,2078949437,13.24614437985532,trunk,,True,
2078949382,6495360843,9.364227542803263,trunk,,True,
2078949437,6495360824,10.623919119858176,trunk,,True,
2078949437,6495360827,26.42758883377545,primary,Bar Road,True,B46
2078968896,6495360827,242.95505864617795,primary,Bar Road,False,B46
2078968896,2626866844,14.646371622259839,primary,,True,
2078972802,6495360799,13.707745938041185,trunk,,True,
2078972802,6495360802,26.604423185521053,primary,Station Road,True,B27-27
2078972805,2078949382,228.27007141922405,trunk,Baily Road,True,A4
2078972805,2078972802,13.85226217427601,trunk,,True,
2079053634,2079053667,7.73304467114184,trunk,Clock Tower Roundabout,True,
2079053659,2364192275,9.636965897474457,trunk,Clock Tower Roundabout,True,
2079053667,1541715354,128.10310911863547,trunk,"['Koddamunai Bridge', 'Trincomalee Road']",True,A15
2079053667,2079053659,10.883002313482201,trunk,Clock Tower Roundabout,True,
2079053698,12119430734,328.170012478375,trunk,Fort Road,False,A15
2079053698,1675641843,901.6205650408775,primary,"['Hospital Road', 'Chapel Street']",False,B30-3
2079053698,2364192267,268.2665301945252,trunk,"['Bazaar Street', 'Chapel Street']",False,A15
2079053722,9427842409,11.775192089381665,trunk,Clock Tower Roundabout,True,
2079215806,2340032514,3605.110848463505,secondary,"['Madupitiya Road', 'Dibbedda-Mahawila Road', 'Mahawila-Dibbedda Road']",False,
2079215806,2339285633,3395.2417954464913,trunk,Horana Road,False,A8
2079215806,1446610177,6351.806636442794,trunk,Horana Road,False,A8
2079222588,652378719,473.4444510728665,primary,Arthur V. Dias Mawatha (Main Street),True,AB27
2079222588,2339297876,58.73748767685925,secondary,,False,
2079240021,12109482771,49.7938656606064,trunk,Galle Road,False,A2
2079240021,2337340596,842.9156831001916,trunk,Galle Road,True,A2
2079240023,2340032530,8.221296195319741,secondary_link,Medawella Road,False,
2079240023,2340036296,109.16270743661266,trunk,Galle Road,True,A2
2079240044,2340032514,7.368366485349475,secondary,DibbeddaMahawila Road,False,
2079240044,1795322023,236.2210560518579,trunk,Galle Road,True,A2
2079537908,1796922853,3361.851485184107,primary,Ingiriya-Halwatura Road,False,B163
2079537908,1796922874,1591.7733381509502,primary,Ingiriya-Halwatura-Egal Oya Road,False,B68
2079537908,1796923216,1375.396301330962,primary,Ingiriya-Halwatura-Egal Oya Road,False,B68
2079537942,1796922853,42.88341402539773,trunk,Ratnapura Road,False,A8
2079537942,1697582615,11516.910929088406,primary,Meepe-Ingiriya Road,False,B285
2079537942,1796922874,1030.5039444526285,trunk,Ratnapura Road,False,A8
2079774277,1775834997,35.915324939259875,primary,Fort Fredrick Road,False,B140-2
2079774277,3804306281,486.33026091664425,primary,Fort Fredrick Road,False,B140-2
2079870056,6250328436,1047.2918490365973,trunk,Medawachchiya-Talaimannar Road,False,AA014
2079870056,2079870057,52.22937865669621,trunk,Medawachchiya-Talaimannar Road,False,AA014
2079870057,2079870056,52.22937865669622,trunk,Medawachchiya-Talaimannar Road,False,AA014
2079870057,4137190998,3635.417309056206,trunk,Medawachchiya-Talaimannar Road,False,AA014
2079870057,3492878507,86.45193353757799,trunk_link,,True,
2079870063,1886464452,10224.041876791174,trunk,Navakkuli - Kerativu - Mannar Road,False,AA032
2079870063,3492878507,5096.126563375083,trunk,Navakkuli - Kerativu - Mannar Road,False,AA032
2079870063,2081238682,7629.636517455969,secondary,Maanthai-Adampan Road,False,
2081198513,1812177148,71.96968062170124,primary,Meddewatte-Kekanadure-Yatiyana Road,False,B284
2081198513,2081198517,5676.765377440295,primary,Meddewatte-Kekanadure-Yatiyana Road,False,B284
2081198513,1813587152,7184.707686100822,secondary,Rathmale Road,False,
2081198517,1639380623,3540.1909471532895,primary,Meddewatte-Kekanadure-Yatiyana Road,False,B284
2081198517,2081198513,5676.765377440288,primary,Meddewatte-Kekanadure-Yatiyana Road,False,B284
2081198517,1813425920,4605.4439327500395,secondary,,False,
2081238502,1732626393,7709.286064929421,secondary,,False,
2081238502,2081238682,947.3693169111906,secondary,,False,
2081238502,1971685346,30672.98450834628,secondary,Puliyadi Irakkamam-Madhu Road,False,B378
2081238682,2081238502,947.3693169111906,secondary,,False,
2081238682,1886464452,6601.177887969067,secondary,,False,
2081238682,2079870063,7629.636517455966,secondary,Maanthai-Adampan Road,False,
2081300475,2590173342,1878.82962621772,primary,Ulapane-Pussellawa Road,False,B431
2081300475,3215395992,7544.989522160261,primary,Gampola-Nawalapitiya Road,False,AB13
2081300475,1785705919,7222.13676261772,primary,Gampola-Nawalapitiya Road,False,AB13
2082215258,2382030373,312.10222516350103,trunk,Bar Road,True,A4
2082215258,1676588936,558.5117300114301,secondary,Pioneer Road,False,
2082247570,3350317932,767.1018783849073,primary,Dharmapala Mawatha,False,B17
2082247570,2646389088,4130.141943873478,trunk,Ampara-Uhana-Maha Oya Road,False,A27
2082247570,1684401661,574.8623199636099,trunk,Ampara-Uhana-Maha Oya Road,False,A27
2082247572,3350595479,24.022638195650504,trunk,,True,
2082247577,11715848170,8.79925807297105,primary,Kachcheri Road,False,B17
2082247577,2082247572,650.9903680293901,trunk,D. S. Senanayake Road,True,A31
2082247579,2082247583,16.38748923602293,trunk,,True,
2082247579,1684344771,103.22963577733675,trunk,Kandy Road,True,A27
2082247583,3350595478,6.406917626207944,trunk,,True,
2082347909,60797432,33.378667421392606,secondary,,True,
2082347909,1533913594,52.91502863761562,primary_link,,True,
2083007739,1856812802,20.703150765142066,trunk,Ambepussa-Kurunegala Road,False,A6
2083007739,5764078202,6965.305742223589,trunk,Ambepussa-Kurunegala Road,False,A6
2083007820,258049381,79.62581484284559,trunk,Kandy Road,False,A9
2083007820,3662474355,30.373887312556437,trunk,Kandy Road,True,A9
2083191643,619732442,13.7406232781271,secondary,Dr. C. W. W. Kannangara Mawatha (Alexandra Place),True,
2083191643,664420352,102.41246773737544,secondary_link,,True,
2083191728,3301611011,8.464395226155617,primary,,True,
2083191756,3301611007,9.759449799037895,primary,,True,
2083191782,2083191728,19.609002822208538,primary,,True,B231
2083191782,2083191756,15.152732481500585,primary,,True,
2083191826,3301611010,4.721828136098729,primary,,True,
2083533106,1420351935,2049.9881261564706,trunk,Galle Road,False,A2
2083533106,10130181979,9506.284249499704,trunk,"['Dummalamodara Bridge', 'Galle Road']",False,A2
2083533106,1827277884,28.128403343907596,trunk_link,,False,
2083588478,245519512,14175.656929120467,primary,"['Naragala Bridge', 'Nagoda-Kalawellawa-Bellapitiya Road']",False,B304
2083588478,1796923068,164.7367317255019,primary,Nagoda-Kalawellawa-Bellapitiya Road,False,B304
2083588478,1796923216,6041.842429137237,primary,Ingiriya-Halwatura-Egal Oya Road,False,B68
2085159352,1732649294,2500.398590613494,trunk,Medawachchiya-Talaimannar Road,False,AA014
2085159352,1732642149,23146.46838176024,trunk,Medawachchiya-Talaimannar Road,False,AA014
2085159352,6237005691,31222.687383170258,secondary,"['Chalambaikulam - Thanthirimalai Road', 'Thanthirimale Road']",False,NPVAC028
2087105380,970090967,1664.6567828945633,primary,Siyambalape Road,False,B401
2087105380,3517629552,2511.0817699610675,primary,Biyagama Makola Road,False,B632
2087105380,7903823164,480.56812738479505,primary,Biyagama Makola Road,False,B632
2087260972,8169922827,14.139150794278082,trunk,Yatiyantota Road,False,A7
2087260972,1797964284,40.01390706264194,primary,Dehiowita-Deraniyagala Road,True,B93
2087260972,2021573972,4352.897709726696,trunk,Yatiyantota Road,False,A7
2087261005,5841721869,27.185963028165997,trunk,Kegalle-Bulathkohupitiya-Karawanella Road,True,A21
2087261005,445260233,1774.1057364962817,trunk,"['Kegalle-Bulathkohupitiya-Karawanella Road', 'Warawala New Bridge']",False,A21
2087539072,308865192,42162.787674432235,secondary,Palavi-Kalpitiya Road,False,B349
2088167963,3210169158,744.5339822581296,primary,Matugama Road,False,B157
2088167963,3425048799,12634.535879536079,primary,Matugama Road,False,B157
2088167963,2076672978,24127.27685604538,primary,"['Elpitiya - Avittawa - Lewwanduwa Road', 'Avittawa Bridge', 'Elpitiya-Avittawa-Lewwanduwa Road', 'Elpitiya-Avittawa Road', 'Avittawa-Ittapana Road']",False,B114
2090006193,610955045,3.133265385690837,secondary,Sooriyawewa-Sewanagala Road,False,
2090006193,1723290053,7877.79743626865,primary,Embilipitiya-Moraketiya-Kiriibbanara-Uda Mauara Road,False,B549
2090006193,1723290267,2655.7145339863305,primary,Embilipitiya-Moraketiya-Kiriibbanara-Uda Mauara Road,False,B549
2090006193,1433059700,2513.0623971791647,secondary,Sooriyawewa-Sewanagala Road,False,
2091781232,2152938672,2338.7782813298945,primary,Pamunuwa Road,False,B504
2091781232,6006772893,407.0608232840287,primary,Old Road,True,B335
2091855950,3705965291,26.529010640520475,primary,Kolonnawa-Angoda Road,True,B231
2091855950,1912538608,3005.231867055278,primary,Kolonnawa-Angoda Road,False,B231
2091860038,618532479,73.46987469509185,trunk,Dr. Danister de Silva Mawatha (Baseline Road),True,AC5
2093029548,653148592,213.75555171082317,secondary,Dr. Danister de Silva Mawatha (Baseline Road),True,
2093029550,2093030680,217.02632744750804,secondary,Dr. Danister de Silva Mawatha (Baseline Road),True,
2093029550,2093029548,48.25465987895448,secondary_link,,True,
2093030672,2093029548,218.31238707012682,secondary,Dr. Danister de Silva Mawatha (Baseline Road),True,
2093030672,2093030680,37.72114135824528,secondary_link,,True,
2093030680,653148590,233.75578057335085,secondary,Dr. Danister de Silva Mawatha (Baseline Road),True,
2093606557,3069813661,21523.445566086615,primary,"['Dodangaslanda-Yatawatta-Dombawela Road', 'Talgodapitiya-Dodangaslanda Road']",False,B409
2093606557,7765114184,28133.359879485488,primary,Palapathwela-Galewela Road,False,B346
2093606557,258049453,2419.2259997035367,primary,Palapathwela-Galewela Road,False,B346
2093606919,3069813661,5015.677005732344,primary,Talgodapitiya-Dodangaslanda Road,False,B409
2093606919,2025020177,1811.9784851224608,trunk,Kurunegala-Dambulla Road,False,A6
2093606919,7770372639,9618.028956462353,trunk,Kurunegala-Dambulla Road,False,A6
2093608214,7765114184,7.172403665761486,primary,Palapathwela-Galewela Road,False,B346
2093608214,2093608215,512.2851001127619,trunk,Kurunegala-Dambulla Road,True,A6
2093608215,3522149875,19.231373465700496,trunk,Kurunegala-Dambulla Road,True,A6
2093608215,3522149870,38.6663495604931,primary,Kalawewa-Galewela Road,True,B423
2093609890,4913504514,27541.85714287968,primary,Inginimitiya Reservoir Road,False,
2093609890,2638058713,11555.16534480753,primary,Anamaduwa - Uswewa - Galgamuwa Road,False,B019
2093609890,5750995617,8510.960092664107,primary,Anamaduwa - Uswewa - Galgamuwa Road,False,B019
2093610059,2093610826,19261.592472210086,secondary,Karuwalagaswewa - Miyallewa Road,False,B201
2093610059,4807150340,17528.150866642176,primary,Anamaduwa - Uswewa - Galgamuwa Road,False,B019
2093610059,5750995617,1376.7658617218497,primary,Anamaduwa - Uswewa - Galgamuwa Road,False,B019
2093610245,3163956073,21122.300424535886,secondary,Galgamuwa - Nikawewa Road,False,B126
2093610245,615737752,3583.4700930367503,secondary,Galgamuwa - Nikawewa Road,False,B126
2093610245,3336196292,14132.756267204726,secondary,Hurigaswewa - Meegalewa - Siyambalangamuwa Road,False,B568
2093610550,2093611084,7247.570320750219,secondary,,False,
2093610550,2723880187,4914.534619096208,secondary,Andarawewa - Balaluwewa Road,False,B501
2093610550,566569620,3693.4543481598034,secondary,Andarawewa - Balaluwewa Road,False,B501
2093610826,2093610059,19261.592472210097,secondary,Karuwalagaswewa - Miyallewa Road,False,B201
2093610826,2959495457,12850.668807167396,trunk,Puttalam-Anuradhapura-Trincomalee Road,False,AA012
2093610826,5270751465,4556.110306760647,trunk,Puttalam-Anuradhapura-Trincomalee Road,False,AA012
2093611084,3518433775,5449.0874642927665,primary,Thalawa Eppawala Road,False,B213
2093611084,5229420028,1028.8471329245156,primary,Thalawa Eppawala Road,False,B213
2093611084,2093610550,7247.570320750218,secondary,,False,
2093611607,566569836,11383.846381952675,secondary,Tamabuttegama Road,False,
2093611607,2840975729,2419.9489090548172,secondary,Andarawewa - Balaluwewa Road,False,B501
2093611607,3336196292,9821.387710496154,secondary,Andarawewa - Balaluwewa Road,False,B501
2093611694,2093612347,24609.060011110774,secondary,"['Kala Oya - Rajanganaya Road', 'Thambuttegama - Rajanganaya Road']",False,
2093611694,2840975728,1238.774299440712,trunk,Anuradhapura - Padeniya Road,False,AA028
2093611694,615737752,17956.941244842918,trunk,Anuradhapura - Padeniya Road,False,AA028
2093611941,2093612570,10521.632002159144,secondary,,False,
2093611941,2093612506,13806.556587115983,secondary,Otappuwa - Maragahawewa Road,False,B564
2093611941,2094553959,1533.025185354748,secondary,Andarawewa - Balaluwewa Road,False,B501
2093612347,2093612506,5219.792456885824,trunk,Puttalam-Anuradhapura-Trincomalee Road,False,AA012
2093612347,2959495457,10751.10426931201,trunk,Puttalam-Anuradhapura-Trincomalee Road,False,AA012
2093612347,2093611694,24609.060011110767,secondary,"['Kala Oya - Rajanganaya Road', 'Thambuttegama - Rajanganaya Road']",False,
2093612506,2093611941,13806.556587115987,secondary,Otappuwa - Maragahawewa Road,False,B564
2093612506,1990178209,11494.775979774027,trunk,Puttalam-Anuradhapura-Trincomalee Road,False,AA012
2093612506,2093612347,5219.792456885824,trunk,Puttalam-Anuradhapura-Trincomalee Road,False,AA012
2093612570,2093611941,10521.632002159144,secondary,,False,
2093612570,1401456407,7702.633486416555,trunk,Puttalam-Anuradhapura-Trincomalee Road,False,AA012
2093612570,1990178209,2602.583696425504,trunk,Puttalam-Anuradhapura-Trincomalee Road,False,AA012
2093612778,3204549182,1679.1833903178085,trunk,Puttalam-Anuradhapura-Trincomalee Road,False,AA012
2093612778,3204562797,6987.3149192086,trunk,Puttalam-Anuradhapura-Trincomalee Road,False,AA012
2093612778,4884114552,46014.30646801859,primary,Ganewelpola-Galenbindunuwewa-Dachchahalmillewa Road,False,B133
2093613917,1146591926,39985.00227423812,secondary,Mankulam-Vellankulam Road,False,B269
2093613917,4137314869,36755.12799486394,trunk,Navatkuli-Keraitivu-Mannar Road,False,AA032
2093613917,1886464452,25911.101599483398,trunk,"['Navatkuli - Kerativu-Mannar Road', 'Karaitivu-Mannar Road', 'Navakkuli - Kerativu - Mannar Road', 'Navatkuli-Keraitivu-Mannar Road']",False,"['AA032', 'A32']"
2093935057,1237365640,8587.884008802124,secondary,nachchaduwa road,False,
2093935572,2093935800,11017.788937300136,secondary,,False,
2093935572,8032417733,1255.116852844144,trunk,Puttalam-Anuradhapura-Trincomalee Road,False,AA012
2093935572,3204562797,19799.688339561533,trunk,Puttalam-Anuradhapura-Trincomalee Road,False,AA012
2093935800,13749558419,1627.750470492456,trunk,Kandy-Jaffna Road,False,A9
2093935800,1880627815,7624.019843103922,trunk,Kandy-Jaffna Road,False,A9
2093935800,2093935572,11017.788937300136,secondary,,False,
2093935801,1882011622,40448.07786289128,secondary,Ethbediwewa-Gomarankadawela road,False,
2093935801,1242703950,29411.17158520803,trunk,Puttalam-Anuradhapura-Trincomalee Road,False,AA012
2093935801,1740742111,11783.019957570627,trunk,Puttalam-Anuradhapura-Trincomalee Road,False,AA012
2094306221,3191696090,22.516275561328158,primary,P. de S. Kularatne Mawatha,True,AC19
2094306221,3191696089,27.65377991778601,secondary_link,,True,
2094553959,9837778025,468.69398273756764,secondary,,False,
2094553959,2094554407,9450.667220966305,secondary,,False,
2094553959,2093611941,1533.025185354748,secondary,Andarawewa - Balaluwewa Road,False,B501
2094553959,2840975746,4119.677848011781,secondary,Andarawewa - Balaluwewa Road,False,B501
2094554407,2094553959,9450.667220966308,secondary,,False,
2094554407,2837518575,2642.8969754137074,trunk,Anuradhapura - Padeniya Road,False,AA028
2094554407,2840975747,7604.711651889651,trunk,Anuradhapura - Padeniya Road,False,AA028
2094947243,1242786017,13981.964767157631,primary,Mullipotana-Soorangal Road,False,B618
2094947243,1242786013,7030.063987436613,trunk,Kandy Road,False,A6
2094947243,1235814824,10971.26399508322,trunk,Kandy Road,False,A6
2095726275,5904513456,64.61301380354168,secondary_link,,True,
2095726275,5904513391,223.25571661710876,primary,Maha Vidyalaya Mawatha,False,AC16
2095726275,12543026767,60.888324113762884,primary,Maha Vidyalaya Mawatha,True,AC16
2105382093,2105405964,12.050658817126122,trunk_link,,False,
2105382093,5372968715,1123.606736035613,trunk,Olcott Mawatha,True,A1
2105405964,2105382093,12.050658817126122,trunk_link,,False,
2105405964,3937903239,338.2142080598177,trunk,Olcott Mawatha,True,A1
2113181192,3145257092,11475.573807376672,primary,Timbolketiya-Tanamalwila Road,False,B427
2113181192,1723290267,9193.712631968687,primary,Timbolketiya-Tanamalwila Road,False,B427
2113181192,6908246810,5179.107542324777,secondary,Sooriyawewa Road,False,
2117500119,4793209901,1690.3156669639525,trunk,Dr. Danister de Silva Mawatha (Baseline Road),True,AC5
2117500121,2117500119,32.120827577555076,trunk_link,,True,
2117500121,3150410545,23.234581842622134,primary,Kolonnawa Road,True,B96
2122125311,618514969,14.04545443565693,trunk,Sri Jayewardenepura Mawatha,True,A0
2122125311,3340955133,80.00874091676673,primary,Nawala Road,True,B470
2131510192,1855296116,5329.461575198775,primary,"['Aladeniya Road', 'Muruthalawa Road']",False,B5
2131510192,3343547728,1736.2575075293873,trunk,Galagedara Road,False,A10
2131510192,570765771,897.3271114997514,trunk,Galagedara Road,False,A10
2131864627,3705965291,18.74814181161704,primary,Weerasingha Mallimarachchi Mawatha (Kolonnawa Road),False,B96
2131864627,2091855950,24.9327296052665,primary,Kolonnawa-Angoda Road,True,B231
2131864627,403816178,593.8323449732534,primary,Weerasingha Mallimarachchi Mawatha (Kolonnawa Road),False,B96
2131864639,403874820,843.6783842647727,primary,"['Kolonnawa Road', 'Weerasingha Mallimarachchi Mawatha (Kolonnawa Road)']",False,B96
2131864639,3705965291,350.80738123924056,primary,Weerasingha Mallimarachchi Mawatha (Kolonnawa Road),False,B96
2131864639,683787618,2637.938182693525,primary,"['New Kolonnawa Road', 'Gajaba Road', 'Parakumba Mawatha']",False,B232
2131864641,1235750071,602.283607178725,trunk,Dudley Senanayake Mawatha (Castle Street),True,A0
2141873197,1149576728,9322.786159876527,primary,Tummodara - Puwakpitiya Road,False,B426
2141873197,1797964206,3842.199081018821,trunk,"['High Level Road', 'Colombo Road']",False,A4
2141873197,1862815981,11785.812590283049,trunk,High Level Road,False,A4
2142265829,7260121838,2142.347449847014,primary,Kerawalapitiya Industrial Zone Access Road,False,B655
2142265829,403899823,1483.8278107487197,primary,Canal Road (New Negombo Road),False,B152
2142265829,6537339897,2311.911358270492,primary,Canal Road (New Negombo Road),False,B152
2143415342,1994843650,9866.868820058236,primary,Moragala-Bellana Road,False,B544
2143415342,3210162496,8184.608031382329,primary,Horawela-Pelawatte Road,False,B158
2143415342,1146766252,7779.005707537279,primary,Horawela-Pelawatte Road,False,B158
2145042656,1945604950,21731.908077307016,primary,Demodera-Spring Valley-Badulla Road,False,B97
2145042656,10166776387,4862.206379938496,trunk,Badulla-Bandarawela Road,False,A16
2145042656,49364356,4930.730258955187,trunk,Badulla-Bandarawela Road,False,A16
2145113802,3794035028,466.1150444067138,trunk,Kalugalla Mawatha,False,A21
2145113802,3219914005,34.172832559893635,trunk,Kalugalla Mawatha,True,A21
2145113863,4006801962,15011.65777659082,primary,Gevilipitiya-Hettimulla Road,False,B136
2145113863,3221200523,632.0873980981568,trunk,Kegalle-Bulathkohupitiya-Karawanella Road,False,A21
2145113863,3221213836,4112.1814037253125,trunk,Kegalle-Bulathkohupitiya-Karawanella Road,False,A21
2145219371,3693930754,15109.881270879825,trunk,Siyambalanduwa-Damana-Ampara Road,False,A25
2145219371,6685195536,30.056459443473575,trunk,Siyambalanduwa-Damana-Ampara Road,True,A25
2145571047,1147075948,472.4963306553291,trunk,Nuwara Eliya Road,False,A5
2145571047,2011981296,9269.21406339954,trunk,Nuwara Eliya Road,False,A5
2145571047,2043454739,9721.021982161074,secondary,Ettampitiya-Ketawala-Keenakele Road,False,C45
2149942832,1751020481,3578.2706231392076,trunk,Colombo Road,False,A4
2149942832,8421010098,3969.10022741843,trunk,Colombo Road,False,A4
2149942832,10180821183,1975.9416582954295,primary,Edandawela-Kahengama Road,False,B495
2150213460,1931362427,12.381391328601646,primary,,True,
2150213460,5182838447,41.90603949159169,primary,Wakwella Road,True,B130
2150213472,2150213460,20.648858246991082,primary,,True,
2151471654,2151471698,49.83141094832219,primary,,True,
2151471654,2151471660,25.009125994819335,primary,Clock Tower Roundabout,True,
2151471660,2151471710,11.210886842533217,primary,Clock Tower Roundabout,True,
2151471687,2151471660,51.635637565548116,primary,,True,
2151471687,2151471698,21.482503802624944,primary,Police Roundabout,True,
2151471698,5304819149,5.93987572651445,primary,Police Roundabout,True,
2151471710,3771891854,7.86026031033369,primary,Clock Tower Roundabout,True,
2151603690,2151631685,14278.526768945962,primary,Ratnapura-Palabaddala Road,False,B265
2151603690,1708362825,43611.09276723173,primary,"['Wewelwatte-Agar’s Land-Uwella Road', 'Ratnapura-Wewelwatte Road', 'Balangoda-Rassagala-Uwella Road', 'Malwala Bridge']",False,"['B477', 'B39', 'B391']"
2151603690,1694691223,7173.606553508652,primary,Ratnapura-Wewelwatte Road,False,B391
2151631685,2151603690,14278.52676894597,primary,Ratnapura-Palabaddala Road,False,B265
2152800248,2152921941,8.892023499735757,trunk,,True,
2152800248,2152800360,19.428587006891842,trunk,Pelmadulla-Embilipitiya Road,True,A18
2152800310,1737618827,6033.451426475692,trunk,Pelmadulla-Embilipitiya Road,False,A18
2152800310,2152800385,15.998980266744539,trunk,Pelmadulla-Embilipitiya Road,True,A18
2152800360,2152921941,18.838789016415006,trunk,Pelmadulla-Embilipitiya Road,True,A18
2152800360,1751015081,1296.2834528087255,trunk,Pelmadulla-Embilipitiya Road,False,A18
2152800385,6251317844,6.901659749214738,trunk,,True,
2152817015,849238535,4415.905677626777,trunk,Kandy - Jaffna Road,False,AA009
2152817015,849241788,1553.6779235548047,trunk,Kandy - Jaffna Road,False,AA009
2152817015,2052447115,4585.636983121221,secondary,"['Thundi Road', 'Beach Road', 'Chundukuli - Colombouthurai']",False,"['B080', 'B165']"
2152832499,1146591926,29012.12472454576,trunk,Kandy - Jaffna Road,False,AA009
2152832499,8626940908,2717.355284134215,trunk,Kandy - Jaffna Road,True,AA009
2152921941,6251317837,12.149779548820405,trunk,,True,
2152922062,2017427174,19772.209438332924,secondary,Urubokka - Panamure Road,False,
2152922062,1725074556,9779.592845721212,primary,Middeniya-Panamure Road,False,B286
2152922062,2036185335,2310.00192875597,primary,Middeniya-Panamure Road,False,B286
2152922533,2017536573,7777.377278828437,secondary,Horapavita - Radawela Road,False,
2152922533,2078753314,1836.7452874876435,primary,Denagama-Mulatiyana Road,False,B98
2152922533,1932027824,6497.834486116667,primary,Denagama-Mulatiyana Road,False,B98
2152938662,660916674,471.09273510968904,secondary,New Hospital Road,False,
2152938672,2091781232,2338.778281329895,primary,Pamunuwa Road,False,B504
2152938672,660916674,937.8748508390096,primary,New Hospital Road,False,AB5
2152938672,255179558,2123.8867067910737,primary,"['Temple Road', 'New Hospital Road']",False,"['B530', 'AB5']"
2152975776,1932028416,371.11442854032043,primary,Walasmulla Bypass,False,B565
2152975776,1975353905,6966.570119272369,primary,Walasmulla-Katuwana-Middeniya Road,False,B485
2152975776,1931937742,301.9180628494487,primary,Walasmulla-Katuwana-Middeniya Road,False,B485
2155579750,206597309,8.23478760693337,primary_link,,False,
2155579750,4192345643,1361.5047531118375,primary,Seeduwa-Kotugoda Road,False,B400
2155579750,2155634707,4608.420144489349,trunk,Negombo Road,True,A3
2155579905,403899731,9.458072900644693,primary_link,,False,
2155579905,1370716561,2144.119064968387,primary,Welisara-Ragama Road,False,B168
2155579905,3851226779,731.6705131963646,trunk,Negombo Road,True,A3
2155580074,12509374263,3266.647684831791,trunk,Negombo Road,True,A3
2155580074,667524408,9297.544084670639,secondary,"[""St. Mary's road-Jaela-Ganemulla Road"", 'Ganemulla-Weligampitiya Road', 'Kandana Road', '278 bus route:Jaela-Ganemulla Road', 'Jaela-Ganemulla Road']",False,
2155580113,206596162,8.572884513125357,primary_link,,False,
2155580113,2155579905,2978.981523892571,trunk,Negombo Road,True,A3
2155580113,1370716561,3522.692288704433,primary,"['Kandana-Walpola-Tewatta Road', 'Peralanda Road']",False,B382
2155580115,2155580074,174.24467503256932,trunk,Negombo Road,True,A3
2155580125,3849049820,25.967583745338352,trunk,Negombo Road,True,A3
2155580125,3252971709,28.50547212694742,trunk_link,,True,
2155580131,2684604208,540.6738216416801,trunk,Negombo Road,True,A3
2155584783,292783948,11.267299292826687,primary_link,,False,
2155584783,639142096,4322.887015650012,primary,"['Minuwangoda Road', 'Baseline Road']",False,"['B597', 'B323']"
2155584783,4087054250,284.5981097997188,trunk,Negombo Road,True,A3
2155584793,1269994723,7.985725485288884,primary_link,,False,
2155584793,1269994619,1582.3889265950895,primary,"['Sri Wickrama Rajasinghe Road', ""St. Anne's Road""]",False,B245
2155584793,2506028803,4247.110340520693,trunk,Negombo Road,True,A3
2155584797,2155634710,10.090568550310323,primary_link,,True,
2155584797,2155584835,603.6498766193964,trunk,Negombo Road,True,A3
2155584835,2064203704,9.077385410350356,primary_link,,False,
2155584835,403881228,1990.5850947899587,primary,Negombo-Giriulla Road,False,B322
2155584835,1268335758,1070.3142925428172,trunk,Negombo Road,True,A3
2155634701,3577871618,6.671063876433892,primary_link,,False,
2155634701,4426787286,504.5884771531373,trunk,Negombo Road,True,A3
2155634701,3577854817,733.559371749026,primary,Old Negombo Road,False,AB40
2155634707,620529017,8.109159326636556,primary_link,,False,
2155634707,2155634708,582.2071487985379,trunk,Negombo Road,True,A3
2155634708,13684572987,12.806936920422341,trunk,Negombo Road,True,A3
2155634708,13684572977,24.68698086692209,primary_link,,True,
2155634710,5804555891,12.545182142666953,trunk,Negombo Road,True,A3
2155634710,4087081915,45.536655309337725,primary,Chilaw Road,True,B78
2155666096,4087054259,9.200235784987314,primary_link,,True,
2155666096,2155584793,716.8279593366125,trunk,Negombo Road,True,A3
2155672282,4207369014,1648.4207693909323,primary,Getabaruwa Road,False,B555
2155672282,2155827812,828.5878781615229,trunk,Deniyaya Road,False,A17
2155672282,3203084587,1426.623788265155,trunk,Deniyaya Road,False,A17
2155827769,5258083989,2325.825953350077,primary,Neluwa-Dellawa Road,False,B411
2155827775,5258083985,22868.44401519778,primary,Neluwa-Morawaka Road,False,B363
2155827775,3203084587,7835.938972666726,trunk,Deniyaya Road,False,A17
2155827775,3211908158,11125.789326314085,trunk,Deniyaya Road,False,A17
2155827812,2017427174,16696.084623541374,primary,Urubokka-Kotapola Road,False,B415
2155827812,4267522204,7810.734301318371,trunk,"['Deniyaya Road', 'Ratnapura Road']",False,A17
2155827812,2155672282,828.5878781615232,trunk,Deniyaya Road,False,A17
2155946168,970058024,882.6575795817104,"['primary', 'primary_link']",Old Tangalle Road,False,B338
2155946168,250131773,1231.6150869410083,trunk,Tangalle Road,False,A2
2155946168,1650097492,815.066049456444,trunk,New Tangalle Road,False,A2
2157073971,6822782243,2894.1317026258703,secondary,Dandeniya-Kirinda Road,False,
2157073971,1813627370,1977.6214338165626,secondary,Dandeniya-Kirinda Road,False,
2157073971,1932028020,6579.775450172056,secondary,Walakanda road,False,
2157074329,2607351567,1410.6840421376362,primary,Beliatte-Kirinda Road,False,B630
2157074329,1932027734,2853.0434239899964,primary,Beliatte-Kirinda Road,False,B630
2157074329,12799752191,1909.4832273605025,secondary,Hettiyawala Karathota Road,False,
2157080287,1530689260,2673.1759218100374,primary,Walasgala Road,False,B595
2157080287,2157080312,1745.756010887841,primary,Walasgala Road,False,B595
2157080287,77373725,4283.750743811184,secondary,,False,
2157080312,2157080287,1745.7560108878415,primary,Walasgala Road,False,B595
2157080312,13380401257,27.08454992299344,primary,Walasgala Road,True,B595
2164965693,2164965800,1341.1006056122799,primary,Akuressa Bypass Road,False,B636
2164965693,2190965493,1101.0579871979621,trunk,Deniyaya Road,False,A17
2164965693,98554769,99.23555392430534,trunk,Deniyaya Road,False,A17
2164965800,2190965493,198.49841344446406,primary_link,,False,
2164965800,2164965693,1341.1006056122799,primary,Akuressa Bypass Road,False,B636
2164965800,2164965848,134.1201000319086,primary,Akuressa Bypass Road,False,B636
2164965848,3492736839,19224.04121406369,primary,"['Akuressa-Ketanwila Road', 'Yakkalamulla-Ketanwila Road']",False,"['B4', 'B480']"
2164965848,2190965800,172.3106166911926,primary,Akuressa-Ketanwila Road,False,B4
2164965848,2164965800,134.1201000319086,primary,Akuressa Bypass Road,False,B636
2164965848,3445493696,268.2911473740893,primary,Akuressa Bypass Road,False,B636
2165097325,3557360283,4799.844181773371,secondary,Palolpitiya - Hathamuna Road,False,
2165097325,1529199964,3441.2860895896947,primary,Matara-Kamburupitiya Road,False,B415
2165097325,2165105694,2389.6983768642385,primary,Matara-Kamburupitiya Road,False,B415
2165105694,2165127439,4497.91581077573,secondary,Mapalana-Boraluketiya Road,False,
2165105694,2165097325,2389.698376864239,primary,Matara-Kamburupitiya Road,False,B415
2165105694,4987786794,2595.409892154982,primary,Matara-Kamburupitiya Road,False,B415
2165127439,2017536532,812.5293522084106,primary,Kamburupitiya-Kirinda Road,False,B536
2165127439,1933520777,1349.1182767067633,primary,Kamburupitiya-Kirinda Road,False,B536
2165127439,2165105694,4497.915810775731,secondary,Mapalana-Boraluketiya Road,False,
2165130846,2078784989,200.54410513554592,primary,Matara-Kamburupitiya Road,False,B415
2165130846,2166737050,12483.321284925054,primary,Akuressa-Kamburupitiya Road,False,B3
2165130846,4987786790,845.6369884422238,primary,Matara-Kamburupitiya Road,False,B415
2166737050,2078784643,7296.808072889226,secondary,Akuressa-Kadduwa-Malimbada Road,False,
2166737050,2190965493,790.6677502935212,primary,Akuressa-Kamburupitiya Road,False,B3
2166737050,2165130846,12483.321284925049,primary,Akuressa-Kamburupitiya Road,False,B3
2174786546,10219043316,51.0040173107362,primary,Dr. N. M. Perera Mawatha (Cotta Road),True,AC4
2174786546,10219043306,26.396857341308312,primary_link,,True,
2176728167,2176866777,6492.70280727608,primary,Deniyaya-Viharahena Road,False,B99
2176866777,3580607301,7494.6498210123245,secondary,Deniyaya - Pallegama Road,False,
2176866777,4267522204,1392.1593530107045,primary,Deniyaya-Viharahena Road,False,B99
2176866777,2176728167,6492.7028072760795,primary,Deniyaya-Viharahena Road,False,B99
2185127828,2076672992,8566.66351703053,primary,"['Ambalangoda-Elpitiya-Pitigala Road', 'Pelawatta-Pitigala Road']",False,"['B14', 'B158']"
2185127828,3210162496,1546.6574556313121,primary,"['Horawela-Pelawatte Road', 'Pelawatta-Pitigala Road']",False,B158
2185127828,5258083976,29565.12903297216,primary,Pelawatta-Neluwa Road,False,B363
2186928769,1239435091,20.380668936637115,trunk,Kurunegala - Puttalam Road,True,A10
2186928769,6511383114,4799.252535092286,trunk,"['Kurunegala - Puttalam Road', 'Katugastota-Kurunegala-Puttalam Road']",False,A10
2190932692,3211908158,998.3062527741167,trunk,Deniyaya Road,False,A17
2190932692,3445493696,13300.088863971325,trunk,Deniyaya Road,False,A17
2190932692,1093799558,23805.454461419322,primary,Hiniduma-Opatha-Pitabeddara Road,False,B156
2190965493,2164965800,198.498413444464,primary_link,,False,
2190965493,2166737050,790.6677502935211,primary,Akuressa-Kamburupitiya Road,False,B3
2190965493,2190965800,129.41277937460262,trunk,Deniyaya Road,False,A17
2190965493,2164965693,1101.0579871979626,trunk,Deniyaya Road,False,A17
2190965800,2164965848,172.3106166911926,primary,Akuressa-Ketanwila Road,False,B4
2190965800,3445493696,257.0597871427326,trunk,Deniyaya Road,False,A17
2190965800,2190965493,129.4127793746026,trunk,Deniyaya Road,False,A17
2199336301,3205666202,11460.055738075322,primary,Negombo-Kurunegala Road,False,B308
2199336301,3432403050,68.26681075237656,primary,Negombo-Kurunegala Road,True,B308
2215855644,1093762656,5516.388151041892,primary,Udugama Road,False,B129
2215855644,1093762481,1000.8545774885628,primary,Udugama Road,False,B129
2215855644,2434214580,8272.29477534273,primary,Dorape-Hiyare Road,False,B578
2231309667,7103763194,50.34540087316659,trunk,Pottuvil-Batticaloa Road,True,A4
2231309667,1725053695,16820.022930455423,trunk,Pottuvil-Batticloa Road,False,A4
2247695845,7037743630,16.813220625497685,secondary,Robert Gunawardena Mawatha,True,
2247695845,12741337233,12.498239398707423,secondary,Robert Gunawardena Mawatha,False,
2247695861,2247695870,14.239339131071258,trunk,H. Sri Nassanka Mawatha (High Level Road),True,A4
2247695861,253022345,535.3871157285575,trunk,Edmonton Road,True,
2247695870,7037743601,9.204036390827728,trunk_link,,True,
2247695870,2247695871,34.96122821650211,trunk,High Level Road,True,A4
2247695871,127660889,307.32817499254776,trunk,High Level Road,True,A4
2278210726,7024993693,37501.16358890191,secondary,Somawathiya Road,False,B488
2279244474,9394230350,548.3748348731588,trunk,Habarana-Polonnaruwa-Batticaloa Road,True,A11
2279244474,7024993693,280.83485500647123,trunk,Habarana-Polonnaruwa-Batticaloa Road,False,A11
2280537322,10130181954,45.88167592067725,primary,Katukurunda-Neboda Road,True,B207
2280537322,560221964,924.6155144434967,primary,Katukurunda-Neboda Road,False,B207
2280604896,3341955250,2749.7044612902546,primary,Yatadolawatta Road,False,B481
2280604896,1969450599,176.3958972879486,primary,Nagoda-Kalawellawa-Bellapitiya Road,False,B304
2280604896,4059337439,10233.553780729051,primary,Nagoda-Kalawellawa-Bellapitiya Road,False,B304
2285202897,4082665365,5739.4417434948045,primary,Minneriya - Hingurakgoda Road,False,B287
2285202897,1241520208,6621.404027800605,trunk,Habarana-Trincomalee-Batticaloa Road,False,A11
2285202897,3213759120,3430.376177828795,trunk,Habarana-Trincomalee-Batticaloa Road,False,A11
2288824399,6495594239,17.2136802244222,trunk,,True,
2288824399,258523358,195.0687759007772,trunk,Habarana-Polonnaruwa-Batticaloa Road,True,A11
2295729717,2295729729,6.935274886098371,primary,New Bridge Roundabout,True,
2295729717,1675641843,611.8486757201658,secondary,Covington's Road,False,
2295729728,9427842410,414.6102408458389,primary,Munai Street,False,B298
2295729728,2295729717,10.098333676789299,primary,New Bridge Roundabout,True,
2295729729,9427992821,915.5337860205095,primary,Lake Road No. 1,False,B250
2295729729,2295729741,9.733577248727558,primary,New Bridge Roundabout,True,
2295729741,2295729728,8.456911635464131,primary,New Bridge Roundabout,True,
2295729741,1676682579,374.7699515068505,secondary,New Bridge,False,
2304485540,6685478661,44091.63416687226,trunk,Habarana-Polonnaruwa-Batticaloa Road,False,A11
2304485540,1241527366,10205.40279829353,trunk,"['Manampitiya Bridge', 'Habarana-Polonnaruwa-Batticaloa Road']",False,A11
2304485540,2304485572,2989.305283670099,primary,Manampitiya-Aralaganwila Road,False,B502
2304485572,3664816336,15434.043650492396,primary,"['Aralaganwila-Maha Oya Road', 'Main Street', 'Manampitiya-Aralaganwila Road']",False,B502
2304485572,1974724222,32239.78157685985,primary,Mahiyanganaya-Dimbulagala-Dalukane Road,False,AB44
2304485572,2304485540,2989.305283670098,primary,Manampitiya-Aralaganwila Road,False,B502
2315595592,4032560683,21.34623631834659,primary,Galaha Road,True,B364
2315595592,3088821708,888.6711855135645,primary,Galaha Road,False,B364
2315631896,618073265,102.7123921975304,secondary,Keppetipola Road,True,
2334261008,1156533842,8176.225746171379,primary,"['Madawala Road', 'Teldeniya Road']",False,B256
2334261008,937250000,9581.621707339096,trunk,Kandy-Mahiyanganaya Road,False,A26
2334261008,3203303832,17343.71732834953,trunk,"['Oruthota Bridge', 'Kandy-Mahiyanganaya Road']",False,A26
2337337148,2337337149,7.641962239116443,trunk_link,,False,
2337337148,1418994146,6183.241745276669,primary,Galle Road New Deviation,True,AB11
2337337149,2337337148,7.641962239116443,trunk_link,,False,
2337337149,1418747700,151.80261266976444,primary,Galle Road New Deviation,True,AB11
2337340596,2340032516,1687.8423751581695,trunk,Galle Road,False,A2
2337340596,2079240021,841.7112198064469,trunk,Galle Road,True,A2
2337857891,1681155827,900.9365785299238,secondary,Iruthayapuram West Street,False,
2337857891,1681155451,3302.5173009780206,secondary,"['New Boundary Road', 'Mamankam Pillaiyar Kovil Road']",False,
2337857891,1675667180,362.5601415515752,secondary,New Boundary Road,False,
2337932210,3229498069,4533.509938335422,primary,Mawanella-Aranayaka Road,False,B278
2337932210,3226211756,382.29427768287013,trunk,"['Mawanella Bridge', 'Old Colombo Road', 'Main Street']",False,A1
2337932210,3224668762,910.6474594919171,trunk,Old Colombo Road,False,A1
2338839291,3718488871,355.05242619338605,trunk,Main Street,False,A1
2338839291,3226211756,114.77950026479348,trunk,Main Street,False,A1
2338839291,10578430168,229.41281924669238,primary,Rambukkana-Mawanella Road,False,B385
2339285632,652378597,8.18222847954677,trunk_link,,False,
2339285632,2339297860,186.32694317578407,trunk,Galle Road,True,A2
2339285633,2339297862,91.92479644828643,trunk,Horana Road,True,A8
2339285633,2079215806,3395.241795446491,trunk,Horana Road,False,A8
2339297860,2339297862,12.539498486853624,trunk,Galle Road,True,A2
2339297860,2339285633,91.83165205243046,trunk,Horana Road,True,A8
2339297862,2339297873,11.822753722950505,trunk_link,,True,
2339297862,7037793029,184.2706695053704,trunk,Galle Road,True,A2
2339297865,2339297860,12.29112185342709,trunk_link,,True,
2339297865,652378597,186.71709216370135,trunk,Galle Road,True,A2
2339297871,2339297881,9.319569732164917,trunk_link,,False,
2339297871,50415021,242.58999356414765,trunk,Galle Road,True,A2
2339297873,2339297865,13.176782269340022,trunk,Galle Road,True,A2
2339297873,2339297876,36.857540882473614,secondary,,True,
2339297876,2339297865,40.24994664415958,secondary,,True,
2339297876,2079222588,58.73748767685925,secondary,,False,
2339297877,50415021,9.786177622328667,trunk_link,,False,
2339297877,2339297881,245.84725709860498,trunk,Galle Road,True,A2
2339297881,2339297871,9.319569732164917,trunk_link,,False,
2339297881,2339365433,233.55455745609274,trunk,Galle Road,True,A2
2339320506,1278007299,435.2374287446878,primary,Galle Road New Deviation,False,AB11
2339320506,2339326611,30.62096763195143,primary,Galle Road New Deviation,True,AB11
2339320507,2339326606,36.09624851490863,trunk,Old Galle Road,True,A2
2339320507,651747031,5811.081702129547,trunk,Old Galle Road,False,A2
2339326606,2339326619,4.301807188861164,trunk,,True,
2339326610,2339326606,9.949425475011495,trunk,,True,
2339326610,2339320507,32.77497402644762,trunk,Old Galle Road,True,A2
2339326611,2339326610,2.3507949273608606,trunk,,True,
2339326612,2339326614,4.905914380925286,trunk,,True,
2339326614,2339320506,30.100237438898443,primary,Galle Road New Deviation,True,AB11
2339326614,2339326611,10.251570100767271,trunk,,True,
2339326619,2339297877,226.02692733164483,trunk,Galle Road,True,A2
2339326619,2339326612,13.043184101959424,trunk,,True,
2339349484,652378719,1038.6295103782686,primary,Arthur V. Dias Mawatha (Main Street),False,AB27
2339349484,665685894,184.36662706294513,primary,Arthur V. Dias Mawatha (Main Street),True,AB27
2339365431,2339365433,7.579523156924539,trunk_link,,False,
2339365431,2339297871,233.7788136465352,trunk,Galle Road,True,A2
2339365433,2339365431,7.579523156924539,trunk_link,,False,
2339365433,2339285632,749.0820982841524,trunk,Galle Road,True,A2
2340032514,2079240044,7.368366485349475,secondary,DibbeddaMahawila Road,False,
2340032514,2079215806,3605.110848463505,secondary,"['Dibbedda-Mahawila Road', 'Madupitiya Road', 'Mahawila-Dibbedda Road']",False,
2340032514,2347147693,178.6423277683166,trunk,Galle Road,True,A2
2340032515,1795321756,8.46868165874657,trunk,,False,
2340032515,2340032521,385.07338086761763,trunk,Galle Road,True,A2
2340032516,2337340596,1687.8423751581693,trunk,Galle Road,False,A2
2340032516,2340037594,254.17923894519046,trunk,Galle Road,True,A2
2340032521,1795321763,8.114600952297083,trunk,,False,
2340032521,2340032539,316.9821220101595,trunk,Galle Road,True,A2
2340032526,1795321973,5.59032966894408,trunk,,False,
2340032526,2340037602,110.05573210747494,trunk,Galle Road,True,A2
2340032530,2079240023,8.221296195319741,secondary_link,Medawella Road,False,
2340032530,2340037601,92.72274300070046,trunk,Galle Road,True,A2
2340032539,1795321908,9.034534050506185,trunk,,False,
2340032539,2340036297,347.77340428957814,trunk,Galle Road,True,A2
2340036296,2340036297,5.769232250263449,trunk_link,,False,
2340036296,1795321908,345.6118825570133,trunk,Galle Road,True,A2
2340036297,2340036296,5.769232250263449,trunk_link,,False,
2340036297,2340032530,109.25091157634436,trunk,Galle Road,True,A2
2340037594,2340037602,7.845569758195033,trunk,,False,
2340037594,1795321973,111.95554681752822,trunk,Galle Road,True,A2
2340037597,1795322086,5.709878711315549,trunk,Bodhirukkaramaya Junction,False,
2340037597,2340037598,390.0965835301632,trunk,Galle Road,True,A2
2340037598,2340037600,7.546544474338547,trunk_link,,False,
2340037598,2340032526,453.24200448291054,trunk,Galle Road,True,A2
2340037600,2340037598,7.546544474338547,trunk_link,,False,
2340037600,1795322086,389.18322849897197,trunk,Galle Road,True,A2
2340037601,1795322023,7.538387495632697,trunk,,False,
2340037601,2340032514,235.1549448312869,trunk,Galle Road,True,A2
2340037602,2340037594,7.845569758195033,trunk,,False,
2340037602,2340032516,254.14806870986763,trunk,Galle Road,True,A2
2342916289,3088508684,10.406663695050984,primary,Madawala Road,True,B205
2342916289,3616495484,879.9310198019875,primary,Madawala Road,False,B205
2347147693,2340037597,14.772157540656123,trunk,Galle Road,True,A2
2347147693,2079240044,180.6091197396154,trunk,Galle Road,True,A2
2354387318,8864816866,3031.9440814070736,primary,Bar Road,False,B46
2361900638,2361900649,11.96991422452314,trunk_link,,False,
2361900638,1278003886,277.0414253259021,trunk,Galle Road,True,A2
2361900649,2361900638,11.96991422452314,trunk_link,,False,
2361900649,652384089,818.0911055398965,trunk,Galle Road,True,A2
2362937081,3785620361,13555.378610716678,primary,Bulugolla-Rambukkana Road,False,B475
2362937081,3448831164,2683.041174511334,primary,Rambukkana-Katupitiya Road,False,B384
2362937081,5320624392,628.3140173851083,primary,Kurunegala Road,False,B384
2362937346,3448830936,4994.3348132797755,primary,Dambokka-Katupitiya Road,False,B87
2362937346,3785620361,5109.314933368285,trunk,Ambepussa-Kurunegala Road,False,A6
2362937346,3064600110,4304.5107249823495,trunk,Ambepussa-Kurunegala Road,False,A6
2364192267,2079053698,268.2665301945253,trunk,"['Bazaar Street', 'Chapel Street']",False,A15
2364192267,2079053722,40.159824856514675,trunk,Bazaar Street,True,A15
2364192275,2079053722,19.124844886563682,trunk,Clock Tower Roundabout,True,
2364192275,2364192267,35.58896195953844,trunk,Bazaar Street,True,A15
2366743826,4693290694,824.6834581880555,trunk,Colombo-Puttalam Road,True,A3
2375440476,3264925415,541.8435976609345,primary,Raja Mawatha (Gam Udawa Road),False,B259
2375440996,2375441004,41.64028931770424,primary,Ekala-Kotadeniyawa Road,False,B111
2375440996,638973609,25.847288449063818,primary,Ekala-Kotadeniyawa Road,False,B111
2375441004,1268334809,2250.1248533568537,primary,Ekala-Kotadeniyawa Road,False,B111
2375441004,3784064218,42.407991085376594,primary,Ekala-Kotadeniyawa Road,False,B111
2375441004,2375440996,41.64028931770424,primary,Ekala-Kotadeniyawa Road,False,B111
2375441056,1478609150,4.249200150340001,primary_link,,False,
2375441056,403881289,5042.073680649641,primary,Welihena-Katana Road,False,B468
2375441056,6688367855,145.215731983238,trunk,Colombo-Puttalam Road,True,A3
2382030363,6495343851,15.036342183838064,trunk,,True,
2382030370,9427844828,313.943329622526,trunk,Trincomalee Road,True,A15
2382030370,2382030363,11.819412602666958,trunk,,True,
2382030373,2382030370,8.024200980071626,trunk,,True,
2382030398,2078949358,346.49472236311954,trunk,Bar Road,True,A4
2382030398,2382030373,12.996397752248896,trunk,,True,
2382076781,2382076784,3.3061762908557637,trunk,Tennekumbura Roundabout,True,
2382076784,937249756,43.478087752794465,trunk,Hewaheta Road,False,A26
2382076784,4177584096,23.545825572501933,trunk,Tennekumbura Roundabout,True,
2382076796,4177584099,2.714002618984816,trunk,Tennekumbura Roundabout,True,
2382076798,2382076796,25.40230382132894,trunk,Kandy-Mahiyanganaya Road,True,A26
2382076798,937250000,536.2456648700047,trunk,Kandy-Mahiyanganaya Road,False,A26
2382076814,2382076781,40.144836972159325,primary,Haragama Road,True,B413
2382076814,3201052237,12052.966487958403,primary,"['Rikillagaskada Road', 'Haragama Road']",False,B413
2382152014,2382152088,34.4456214655133,primary,Buwelikada Road,True,B69
2382152045,8605932100,8.882390245078657,trunk,Anagarika Dharmapala Mawatha,False,A26
2382152045,937249756,2425.650181609854,trunk,Hewaheta Road,False,A26
2382152088,8605932095,41.10569305000933,primary,Buwelikada Road,True,B69
2382152088,1837478229,701.1817398194628,primary,Buwelikada Road,False,B69
2384952875,2407176375,20581.163028652612,primary,"['Samanalawewa Road', 'Pambahinna-Rajawaka Road']",False,B593
2384952875,1709997728,41.68082807510427,primary,Samanalawewa Road,True,B593
2398925514,3454145592,4185.714255029372,primary,Bibile-Pitakumbura-Namal Oya-Inginiyagala Road,False,B527
2398925514,1979346418,622.3400781687172,trunk,Badulla-Chenkaladi Road,False,A5
2398925514,5286754885,44.04825500487372,trunk,Badulla-Chenkaladi Road,False,A5
2398934524,4837295492,2986.61168814315,trunk,Badulla-Chenkaladi Road,False,A5
2398934524,3527283166,30026.20756784535,trunk,Badulla-Chenkaladi Road,False,A5
2398934524,2055594048,8060.034176777881,secondary,Yalkumbura-Nannapurawa Road,False,C823
2400768904,1720491739,16028.462736863254,primary,Badalkumbura-Buttala Road,False,B35
2400768904,3527283166,16350.201982772078,trunk,Passara-Moneragala Road,False,A22
2400768904,6685173555,9944.652156880487,trunk,Passara-Moneragala Road,False,A22
2401185742,2055607563,6924.126197746777,secondary,,False,
2401185742,10016226414,21250.997848312025,trunk,Badulla-Chenkaladi Road,False,A5
2401185742,1979346418,4761.877400750817,trunk,Badulla-Chenkaladi Road,False,A5
2401225758,6685173555,9831.935281965534,secondary,,False,C1046
2401225758,1722823167,413.37643114367734,trunk,Wellawaya-Pottuvil Road,False,A4
2401225758,1720491739,8001.525298165553,trunk,Wellawaya-Pottuvil Road,False,A4
2404060916,3669636229,8.370581996130323,secondary,,False,
2404060916,3377606382,1159.7219788097264,primary,Mirijjawila-Sooriyawewa Road,True,B562
2404061091,2544591508,9.098376564272884,trunk,Hambantota-Wellawaya Road,False,A2
2404061091,1809805271,2357.194462742615,trunk,Hambantota-Wellawaya Road,False,A2
2404061091,5232991034,9531.119405688349,trunk,Padawkema - Mattala Road,True,
2404061766,1986887586,5894.027140681176,secondary,Beragama Road,False,
2404061766,3669636229,1174.194181032507,secondary,,False,
2404061766,3669636253,4814.859199464646,secondary,,False,
2407176254,1432825404,39980.514296912734,primary,"['Balangoda-Bowatte-Kaltota Road', 'Bodagma-Hambegamuwa-Kaltota Road']",False,"['B38', 'B528']"
2407176254,3371893296,5979.0037188936385,primary,Rajawaka-Kapugala Road,False,B593
2407176254,2407176375,338.1056937479867,primary,Balangoda-Bowatte-Kaltota Road,False,B38/ B593
2407176375,1828212200,10278.63536883062,primary,Balangoda-Bowatte-Kaltota Road,False,B38
2407176375,2384952875,20581.163028652598,primary,"['Samanalawewa Road', 'Pambahinna-Rajawaka Road']",False,B593
2407176375,2407176254,338.1056937479867,primary,Balangoda-Bowatte-Kaltota Road,False,B38/ B593
2407536122,2407536192,2253.525757131424,secondary,Kandegedara-Dehigollakandura Road,False,C57
2407536122,2043454739,4152.728124919827,primary,Ketawala-Galauda Road,False,B100
2407536122,3773786519,26672.806225343025,"['primary', 'secondary']","['Kandaketiya Road', 'Galauda-Kandaketiya Road', 'Ketawala-Galauda Road']",False,"['C656', 'B100']"
2407536134,3301953719,7016.929862441923,secondary,Badulla-Alugolla-Kandegedara Road,False,C2
2407536134,2043454739,4075.845991737824,secondary,Ettampitiya-Ketawala-Keenakele Road,False,C45
2407536134,2407536192,216.11327394502624,secondary,Ettampitiya-Ketawala-Keenakele Road,False,C45
2407536192,2407536122,2253.5257571314232,secondary,Kandegedara-Dehigollakandura Road,False,C57
2407536192,2407536134,216.1132739450262,secondary,Ettampitiya-Ketawala-Keenakele Road,False,C45
2407536192,7308439360,4904.194603726468,secondary,Ettampitiya-Ketawala-Keenakele Road,False,C45
2407608224,8933799511,464.0710557968611,trunk,Gampaha-Yakkala Road,True,A33
2407608224,1292992471,504.52493315955144,primary,Ananda Mawatha,False,B20
2407760102,1981183266,172.2016077260119,trunk,Kandy-Jaffna Road,False,AA009
2407760102,6266383660,28.100077155802694,trunk,Kandy-Jaffna Road,True,AA009
2408053510,1821073264,21.308092742090807,secondary_link,,False,
2408053510,1821073186,3953.544910071557,primary,Welimada-Kirkless Road,False,B471
2408053510,2408054159,29093.62058001535,primary,"['Ragala Road', 'Welimada-Kirkless Road', 'Uda Pussellawa Road']",False,"['B332', 'B471']"
2408054159,2035855681,9722.832794050906,primary,Uda Pussellawa Road,False,B332
2408054159,2408053510,29093.620580015388,primary,"['Ragala Road', 'Welimada-Kirkless Road', 'Uda Pussellawa Road']",False,"['B332', 'B471']"
2408054159,2035878922,24612.442470606646,secondary,"['Walapane - Nildandahinna Road', 'Rupaha Road', 'Nildandahinna - Rupaha Road']",False,C416
2418603889,11169238186,25.067879483839963,trunk,Wellawaya-Pottuvil Road,True,A4
2418603889,3622789896,6454.072033059849,trunk,Wellawaya-Pottuvil Road,False,A4
2418603892,4071257592,25.62782194001718,primary,Main Street,False,B293
2418603892,1809805500,435.6723034526107,primary,"['Bus Station Road', 'Main Street', 'New Bus Station Road']",False,B293
2418603892,4071257595,26.90791525107751,primary,Main Street,False,B293
2418603897,4071257599,20.201628982076844,trunk,Wellawaya-Pottuvil Road,True,A4
2418603897,1809805500,90.77193161003892,trunk,Wellawaya-Pottuvil Road,False,A4
2434214580,252541774,1335.5657526816403,trunk,"['Akuressa Road', 'Deniyaya Road']",False,A17
2434214580,1636603514,6706.69503415646,trunk,Akuressa Road,False,A17
2434214580,2215855644,8272.294775342738,primary,Dorape-Hiyare Road,False,B578
2477387622,1676752919,710.8746452017886,secondary,Koolavady Main Street,False,
2477387622,1681155451,435.63358713790757,secondary,Kumara Kovil Veethy,False,
2477387622,1681156061,359.8299294857382,secondary,Kumara Kovil Veethy,False,
2489067296,2620521080,24.842567765778277,primary,Kaduwela Road (New Kandy Road),False,B240
2489067296,2972494700,1313.5927158686397,primary,Kaduwela Road (New Kandy Road),False,B240
2499038749,2068162856,610.2735947731326,trunk,High Level Road,True,A4
2499038749,5146025948,244.10065742637954,trunk_link,,True,
2499048594,253022461,518.8297656524345,trunk,Approach Road to Katunayake Expressway,False,
2499137348,4388603896,10.365347724932175,trunk,Peliyagoda Round About,True,
2499283524,2499283525,8.95537394264467,trunk,Peliyagoda Interchange Access Road,True,B634
2499283524,5216483982,43.5017557989963,trunk,Negombo Road,True,A3
2499283525,1475786189,8.353453057557303,trunk,Negombo Road,True,A3
2499287719,5216483988,1842.5118544223542,trunk,Peliyagoda Interchange Access Road,True,B634
2499287720,3780516724,10.909199041384568,trunk,Colombo-Kandy Road,True,A1
2499287720,2499287719,35.431096879429134,trunk,Peliyagoda Interchange Access Road,True,B634
2505983167,4388603895,157.06078350173695,trunk,Peliyagoda-Negombo Road,True,
2505983167,253022461,112.49445849338836,trunk,Colombo-Kandy Road,True,A1
2505983167,3431855630,29.68242922754176,trunk,Peliyagoda Roundabout,True,
2506020933,313403915,1034.4721082185383,primary,Pamunugama Road,False,B425
2506020933,4375137197,19.08296984691715,primary,Pamunugama Road,False,B425
2506028803,2509007852,31.581826903276617,trunk,Negombo Road,True,A3
2506028803,2652607492,56.52560064340949,primary_link,,True,
2507098804,1278086414,8.15524789343531,primary,Delathura - Ja Ela Road,True,B633
2507098804,2155580125,38.09658064203096,trunk,Negombo Road,True,A3
2507098828,2684604208,8.258507538510909,primary,Delathura - Ja Ela Road,True,B633
2507098828,7037741108,564.0436853322059,trunk,Negombo Road,True,A3
2507107516,2507098828,2491.240010516474,primary,Delathura - Ja Ela Road,True,B633
2507107528,620529017,2541.8023584520847,primary,Pamunugama Road,False,B425
2507107528,4375137197,37.719376634176115,primary,Pamunugama Road,False,B425
2507107528,2507107516,34.65809678085146,secondary_link,,True,
2508106197,3805872959,1832.7639675398007,trunk,Negombo Road,True,A3
2508106202,3268563915,82.5499223480657,primary,Canada Friendship Road,True,AB9
2508106202,2508106197,115.46937862365301,primary_link,,True,
2509007852,3268563915,82.35705056040138,trunk,Negombo Road,True,A3
2509007852,2652607492,38.94829624989432,primary,Canada Friendship Road,True,AB9
2520671931,2520673118,2746.0835486811025,secondary,Mahiyanganaya Hebarawa Road,False,C629
2520671931,1974535927,8624.413185225389,secondary,Mahiyanganaya Hebarawa Road,False,C629
2520671931,2018086754,2339.3819540016834,secondary,Ginnoruwa-Belaganwewa Road,False,C633
2520673118,2018086754,4873.296424932603,primary,Belaganwewa-Wilgamuwa Road,False,B577
2520673118,5030096474,5187.556455476861,primary,Belaganwewa-Wilgamuwa Road,False,B577
2520673118,2520671931,2746.0835486811025,secondary,Mahiyanganaya Hebarawa Road,False,C629
2520673118,3708794359,17534.04850572447,secondary,"['Teldeniyaya-Divulapelessa Road', 'Hebarawa-Divulapelessa Road']",False,C629
2521164368,2639779556,962.0999694473522,primary,Aluthwela Road,False,B104
2521164368,2552014491,4369.382864647445,primary,"['Main Street', 'Diyatalawa-Bandarawela Road']",False,B396
2521164368,2521206649,419.9064881616308,primary,Main Street,False,B396
2521206584,2521206649,11.614980584360184,primary,Main Street,False,B396
2521206584,2521206592,31.197595645781078,primary,Walgahawela Road,True,B105
2521206584,2521801458,772.4439401022086,primary,Haputale-Diyatalawa Road,False,B396
2521206592,3590783632,5462.3608891725535,primary,"['Diyatalawa Road', 'Walgahawela Road']",False,B105
2521206592,2521206649,32.03104977141923,primary,Walgahawela Road,True,B105
2521206649,2521206584,11.614980584360184,primary,Main Street,False,B396
2521206649,2521164368,419.90648816163076,primary,Main Street,False,B396
2521801345,2521801458,186.96124069995017,primary,Diyatalawa Station Road,False,B27-25
2521801458,2521801345,186.96124069995017,primary,Diyatalawa Station Road,False,B27-25
2521801458,2521206584,772.4439401022087,primary,Haputale-Diyatalawa Road,False,B396
2521801458,2646312393,4025.71705032387,primary,Haputale-Diyatalawa Road,False,B396
2523753994,2552014491,5458.134373156501,trunk,Beragala-Hali-Ela Road,False,A16
2523753994,2646312392,41.83614179167181,trunk,Beragala-Hali-Ela Road,False,A16
2523753994,2646312393,38.02583129499316,primary_link,,False,
2544591508,2404061091,9.098376564272884,trunk,Hambantota-Wellawaya Road,False,A2
2544591508,10132667231,10759.97287424337,trunk,Hambantota-Wellawaya Road,False,A2
2544603913,3377484744,482.36303706988286,primary_link,To Matara,True,
2544603913,3169248401,485.3051179046642,primary,Hambantota-Gonnoruwa-Meegahajandura Road,True,B631
2552014491,2523753994,5458.134373156504,trunk,Beragala-Hali-Ela Road,False,A16
2552014491,2521164368,4369.38286464744,primary,"['Main Street', 'Diyatalawa-Bandarawela Road']",False,B396
2552014491,2026106458,1534.4448047523379,trunk,Beragala-Hali-Ela Road,False,A16
2558293072,6509196188,49.135100478122645,trunk,Katugastota Road,True,A9
2558293072,8865864662,58.70806000181928,primary_link,,True,
2558457385,694987695,2411.416810563869,primary,Moratuwa-Piliyandala Road,False,B295
2558457385,3570836892,54.11304951837325,primary,Moratuwa-Piliyandala Road,False,B295
2558457385,3570836878,86.85547862703298,primary,Moratuwa-Piliyandala Road,False,B295
2560879662,672596769,754.5260920848406,trunk,"['Edmonton Road', 'Kirulapone Avenue']",True,
2560879663,5272770101,12.27175012752529,trunk,Vijaya Kumaratunga Mawatha,True,
2560879663,3649036760,19.806815911009036,secondary,Vijaya Kumaratunga Mawatha,True,
2560879667,2560879663,11.956223443615599,secondary,,True,
2560879667,4513240966,377.6506315217145,trunk,Vijaya Kumaratunga Mawatha,True,
2562843705,1235783744,5011.984446214723,primary,Warakapola-Kandalama Road,False,B456
2562843705,2562843827,6356.5546485790765,primary,Pasyala-Giriulla Road,False,AB29
2562843705,1662220570,1101.5624564964617,primary,Pasyala-Giriulla Road,False,AB29
2562843827,617823428,2062.352208281276,primary,Negombo-Giriulla Road,False,B322
2562843827,2562843705,6356.5546485790765,primary,Pasyala-Giriulla Road,False,AB29
2562843827,617810971,695.0033648921695,primary,Negombo-Giriulla Road,False,B322
2565428366,1895649423,9844.652890121999,primary,"['Kalkudah-Valaichchenai Road', 'Kalkudah Road']",False,"['B185', 'B184']"
2565428366,6685474049,2062.105310963948,primary,Valaichchenai-Nasivantivu Road,False,AB38
2565428366,4674059874,184.77733271924262,primary,Valaichchenai-Nasivantivu Road,False,AB38
2565428392,6685474060,30.185398532929433,trunk,Trincomalee Road,True,A15
2565428392,1895649423,3538.7713836110715,trunk,Trincomalee Road,False,A15
2568176821,1124475544,3179.586645602081,primary,Access Road to Matara,True,B635
2568176828,2568176881,13.554550152604705,trunk,Matara-Akuressa Road,True,A24
2568176862,3398081271,28.62083585524825,trunk,Akuressa Road,True,A24
2568176862,2568176821,60.038350593579594,primary_link,,True,
2568176881,3398081271,12.008670575632628,primary,Access Road to Matara,True,B635
2568176881,12625589425,638.3916414048448,trunk,Akuressa Road,True,A24
2568225710,7409403107,30186.7385577914,trunk,Medawachchiya-Talaimannar Road,False,AA014
2584550963,3219914010,25.795135121387705,primary,Bandaranaike Mawatha,True,B643
2584550963,4929241877,789.2063773716516,primary,Bandaranaike Mawatha,False,B643
2589231774,2589251603,9682.299240407212,primary,Kurunegala - Narammala - Madampe Road,False,B247
2589231774,2589231839,4716.155033444345,secondary,Labuyaya Wewagama Bihalpola Road,False,
2589231774,4086635248,1935.0712209675994,primary,Kurunegala - Narammala - Madampe Road,False,B247
2589231839,2589251603,12168.245848657965,secondary,Labuyaya Wewagama Bihalpola Road,False,
2589231839,2589231774,4716.1550334443455,secondary,Labuyaya Wewagama Bihalpola Road,False,
2589231839,3167653286,13010.251908222077,secondary,Katugampola Labuyaya Road,False,
2589251603,2589231774,9682.299240407216,primary,Kurunegala - Narammala - Madampe Road,False,B247
2589251603,1239442924,4729.350053286906,primary,Kurunegala - Narammala - Madampe Road,False,B247
2589251603,2589231839,12168.245848657976,secondary,Labuyaya Wewagama Bihalpola Road,False,
2590173342,3169826275,7386.0986359143235,primary,Atabage-Ulapane Road,False,B490
2590173342,2081300475,1878.829626217721,primary,Ulapane-Pussellawa Road,False,B431
2590173342,4430564637,14526.619623721466,primary,Ulapane-Pussellawa Road,False,B431
2605754835,388268117,1141.578869430883,primary,Belliatte-Weeraketiya Road,False,B627
2605754835,13728195887,1816.1537005918417,primary,Belliatte-Weeraketiya Road,False,B627
2605754835,2605754891,4863.283909432352,secondary,,False,
2605754891,3669997743,6551.093768652835,primary,Tangalle-Weeraketiya Road,False,B410
2605754891,2726000363,3753.562145607061,primary,Tangalle-Weeraketiya Road,False,B410
2605754891,2605754835,4863.283909432351,secondary,,False,
2605755428,2726000363,5579.926387859297,secondary,,False,
2605755428,7183361978,4159.8863457225425,primary,Ranna-Udayala-Weeraketiya Road,False,B387
2605755428,1748892859,1434.1166822631765,primary,Ranna-Udayala-Weeraketiya Road,False,B387
2605760184,1932028020,966.9169941590245,primary,Matara-Hakmana Road,False,B275
2605760184,1639380623,2116.955234163811,primary,Matara-Hakmana Road,False,B275
2605760184,5041222126,4302.157213209859,secondary,Dewalamulla Road,False,
2605760439,6542819619,2215.953095842287,primary,Matara-Hakmana Road,False,B275
2605760439,3634858930,188.6860872373138,primary,Matara-Hakmana Road,False,B275
2605760439,5456686498,2779.287892370284,secondary,,False,
2605822580,1231840374,3151.949150824953,secondary,Malimbada -Akurugoda Welihida Road,False,
2607351567,2909552257,4591.924137566017,primary,Beliatte-Kirinda Road,False,B630
2607351567,2157074329,1410.6840421376362,primary,Beliatte-Kirinda Road,False,B630
2607351567,12799752191,1219.412511248238,secondary,Hettiyawala Karathota Road,False,
2607352523,1792755975,737.1804481934361,primary,Hakmana-Beliatte Road,False,B141
2607352523,3234692631,4533.309196443425,primary,Hakmana-Beliatte Road,False,B141
2607352523,3234691184,7576.7489676703635,secondary,Kohuliydda Road,False,
2607383505,2076672992,13191.94766277047,secondary,Pitigala - Mapalagama Road,False,
2607383505,1093697782,3661.0932680448354,primary,"['Mapalagama-Yakkatuwa Road', 'Wanduramba-Mapalagama Road']",False,B454
2607383505,1789586195,2456.1874368875665,primary,Mapalagama-Yakkatuwa Road,False,B454
2608992327,1834958043,22712.565003578613,primary,Kothmale Road,False,B412
2608992327,2608995079,31.577838057358687,primary,Kothmale Road,True,B412
2608995079,2828629366,23.020053551690737,trunk,Main Street,False,A7
2608995079,3517327762,3864.121893171222,trunk,"['Main Street', 'Nanu Oya Road']",False,A7
2610876638,44265232,24937.55996510796,trunk,"['Tissa Road', 'Kuda Oya Bridge', 'Hambantota-Wellawaya Road']",False,A2
2610876638,610955288,9404.737550035608,trunk,Hambantota-Wellawaya Road,False,A2
2610876638,1432825404,20475.911480317554,secondary,Kuda Oya-Balaharuwa-Hambegamuwa Road,False,C1001
2619372954,3702142135,915.4522471325646,primary,Stanley Thilakarathne Mawatha,False,B120
2619372954,11994641693,70.38245148174794,primary,Stanley Thilakarathne Mawatha,True,B120
2620521080,2489067296,24.842567765778277,primary,Kaduwela Road (New Kandy Road),False,B240
2620521080,971827647,39.632742057219815,primary,Athurugiriya Road,True,B240
2620521080,323506737,951.7991127148317,primary,Kaduwela Road (New Kandy Road),False,B263
2626866844,6495343855,730.4751365793459,primary,Station Road,False,B27-27
2626866844,2626866857,14.545159981847851,primary,,True,
2626866848,6495360802,243.7548129851541,primary,Station Road,False,B27-27
2626866848,2078968896,11.705244857444018,primary,,True,
2626866857,2626866848,13.517843340520578,primary,,True,
2626866857,8864816867,1125.567924934272,primary,Bar Road,False,B46
2637064010,3815814909,17.498448849273213,trunk,,True,
2637064010,77682074,548.9061186696471,primary,Uda Pussellawa Road,False,B332
2638058705,8279649724,32.36344369250063,trunk,Anuradhapura - Padeniya Road,True,AA028
2638058705,2638058713,181.94620542822713,trunk,Anuradhapura - Padeniya Road,False,AA028
2638058713,2093609890,11555.165344807529,primary,Anamaduwa - Uswewa - Galgamuwa Road,False,B019
2638058713,1239725256,8956.297760310525,trunk,Anuradhapura - Padeniya Road,False,AA028
2638058713,2638058705,181.94620542822716,trunk,Anuradhapura - Padeniya Road,False,AA028
2638058811,4396503415,41.13720328134568,trunk,Anuradhapura - Padeniya Road,True,AA028
2638058811,615737752,434.7543615542862,trunk,Anuradhapura - Padeniya Road,False,AA028
2639779556,2639779657,570.7429906699084,primary,Aluthwela Road,False,B103
2639779556,2915447204,9819.687678627102,"['primary', 'secondary']","['Diyatalawa-Mirahawatta Road', 'Ellegama Road']",False,"['C421', 'B104']"
2639779556,2521164368,962.0999694473519,primary,Aluthwela Road,False,B104
2639779657,2639779556,570.7429906699086,primary,Aluthwela Road,False,B103
2639779657,3666045181,10545.520707259368,"['primary', 'secondary']","['Diyatalawa-Aluthwela North Road', 'Gurutalawa-Gal Edande-Aluthwela Road']",False,"['B102', 'C413']"
2639779657,10112981124,3070.5257340324924,"['primary', 'secondary']","['Diyatalawa-Aluthwela South Road', 'Aluthwela-Kirinde Road', 'Kirinde-Aluthwela South Road']",False,"['C223', 'B103']"
2643547285,1397140981,38.00737065279591,trunk_link,,False,
2643547285,1364655117,29.995748809133858,primary,New Matara Road,False,AB41
2643547285,1500304217,3779.268936983628,primary,New Matara Road,False,AB41
2646312392,2646312393,41.06497099687792,primary,Haputale-Diyatalawa Road,False,B396
2646312392,2523753994,41.83614179167181,trunk,Beragala-Hali-Ela Road,False,A16
2646312392,598168296,2848.127290336586,trunk,Badulla Road,False,A16
2646312393,2521801458,4025.7170503238676,primary,Haputale-Diyatalawa Road,False,B396
2646312393,2646312392,41.06497099687792,primary,Haputale-Diyatalawa Road,False,B396
2646312393,2523753994,38.02583129499316,primary_link,,False,
2646359666,2050947423,15.043562368036131,primary,Circular Road,True,
2646359666,5474822523,90.67680260591683,primary,,True,AB019
2646389088,3649840867,4929.264179724035,trunk,Ampara-Uhana-Maha Oya Road,False,A27
2646389088,2082247570,4130.141943873476,trunk,Ampara-Uhana-Maha Oya Road,False,A27
2646389088,3350172600,5551.057010980803,primary,Ampara Airport Road,False,B16
2647057197,1874159728,36180.823939322065,"['secondary', 'primary']","['Kumbukkana Road', 'Panama-Kumana Road']",False,B355
2648621803,3186505826,475.18079867841755,secondary,Wharf Road,False,
2648621803,3199110539,61.929084020122005,secondary,Wharf Road,True,
2648621836,13727362510,9.865393335856888,secondary,,True,
2652607492,6260398863,1762.3385849483088,primary,Canada Friendship Road,True,AB9
2661656508,3635049258,5147.063302250764,primary,Weeraketiya-Debokkawa Road,False,B623
2661656508,3640129666,1687.153073262191,primary,Angunakolapelessa-Middeniya Road,False,B622
2661656508,3634797493,10029.968870093644,primary,Angunakolapelessa-Middeniya Road,False,B622
2661675127,1879056247,5.102750698136887,trunk,Pottuvil-Batticaloa Road,False,A4
2661675127,1879056265,1090.981241223219,primary,Rest House Road,False,B186
2661675127,3320202231,258.5857659872131,trunk,Pottuvil-Batticaloa Road,False,A4
2661675134,1879056247,280.99401520248944,trunk,Pottuvil-Batticaloa Road,False,A4
2661675134,1880354577,12320.020702968723,trunk,Pottuvil-Batticaloa Road,False,A4
2661675134,1879056339,259.4875028836334,primary,,False,B30
2662800973,13740014576,6.22891255600128,trunk,Kalmunai Road,True,A4
2662800973,13740014577,15.25520039394834,trunk,,True,
2668636316,2668636321,666.8185491380652,trunk,Dr. Danister de Silva Mawatha (Baseline Road),True,AC5
2668636321,6530555257,20.001461257197242,trunk,Dr. Danister de Silva Mawatha (Baseline Road),True,AC5
2668636321,6530555254,34.98285526656616,trunk_link,,True,
2684604208,2507098804,10.37175878045672,trunk,Negombo Road,True,A3
2686032868,1837041866,9246.893774324846,primary,Hatton-Maskeliya-Sri Pada Road,False,B149
2686032868,1222995629,3860.4447599775626,primary,Hatton-Maskeliya-Sri Pada Road,False,B149
2686032868,6592863153,13873.495904717744,primary,Norton-Maskeliya Road,False,B328
2686035634,3137149149,1957.8490120057727,primary,Carolina-Norton-Wanaraja Road,False,B71
2686035634,1190507161,8427.975330370802,primary,Carolina-Norton-Wanaraja Road,False,B71
2686035634,6592863153,2567.173825337706,primary,Norton-Maskeliya Road,False,B328
2686377371,9462668423,10579.709482325674,primary,Nawalapitiya-Dolosbage Road,False,B318
2686377371,2686377386,97.86527120340439,primary,Nawalapitiya-Ginigathena Road,False,B319
2686377371,3215382447,11966.742846604418,primary,Nawalapitiya-Ginigathena Road,False,B319
2686377386,2686377394,19.063656239807784,primary,Nawalapitiya-Ginigathena Road,False,B319
2686377386,2686377371,97.86527120340439,primary,Nawalapitiya-Ginigathena Road,False,B319
2686377386,2686509758,24.83414878969908,primary,Nawalapitiya-Dimbula Road,False,B317
2686377394,2686377386,19.063656239807784,primary,Nawalapitiya-Ginigathena Road,False,B319
2686377394,3215395992,624.200404784511,primary,Gampola-Nawalapitiya Road,False,AB13
2686377394,2686509758,31.30063900871952,primary,Nawalapitiya-Dimbula Road,False,B317
2686509758,2686377386,24.83414878969908,primary,Nawalapitiya-Dimbula Road,False,B317
2686509758,2689283758,25005.325813992626,primary,Nawalapitiya-Dimbula Road,False,B317
2686509758,2686377394,31.30063900871952,primary,Nawalapitiya-Dimbula Road,False,B317
2686590800,1834922490,3702.368965436732,primary,Kotmale Dam Crest Road,False,B491
2686590800,3215395992,8948.604247757337,primary,Nawalapitiya-Harangala Road,False,B506
2686590800,1834958043,16664.052586638285,primary,Harangala-Kalapitiya-Kumbaloluwa Road,False,B148
2689283758,2686509758,25005.32581399262,primary,Nawalapitiya-Dimbula Road,False,B317
2689283758,247140202,4862.400843048592,primary,Nawalapitiya-Dimbula Road,False,B317
2689283758,4108749709,5962.788416337421,primary,Stony Cliff-Kotagala Road,False,B406
2703675509,6509381793,32.14493616660539,primary,Negombo-Mirigama Road,True,B324
2703675509,1261568415,3410.516774600256,primary,Negombo-Mirigama Road,False,B324
2703675512,2703675514,8.649862401854401,primary,Divulapitiya Roundabout,True,
2703675512,6509381797,29.005023141080667,primary,Negombo-Mirigama Road,True,B324
2703675514,3197040794,4.744543035035029,primary,Divulapitiya Roundabout,True,
2710652547,324918527,751.2796332600669,secondary,Athurugiriya-Kottawa Road,False,
2710652547,619880027,1509.7697613779917,primary,Malabe - Godagama Road,False,B240
2710652547,619742609,1124.9524713364513,primary,Malabe - Godagama Road,False,B240
2712362969,2712362971,31.2662186211109,primary,Kaduwela Road,True,B174
2712362969,619742785,1209.6485021344404,primary,Kaduwela – Athurugiriya Road,False,B174
2712362971,2712362974,30.52932747596359,primary,Malabe - Athurugiriya Road,False,B240
2712362971,619742609,457.03230815495465,primary,Malabe - Godagama Road,False,B240
2712362974,2712362971,30.52932747596359,primary,Malabe - Athurugiriya Road,False,B240
2712362974,3145713375,3391.6782523911224,primary,Malabe - Athurugiriya Road,False,B240
2712362974,2712362969,36.273384765808245,primary,Kaduwela Road,True,B174
2722750908,2722750909,141.3355027657024,primary,Kaduwela Road (New Kandy Road),True,B263
2722750908,617228235,1863.927230527288,primary,Kaduwela Road (New Kandy Road),False,B263
2722750909,2722750908,141.3113496350915,primary,Kaduwela Road (New Kandy Road),True,B263
2722750909,3217294322,1540.826815023332,primary,Kaduwela Road (New Kandy Road),False,B263
2722759262,13367298684,2145.706077139927,trunk,Matara-Akuressa Road,False,A24
2722759262,2568176828,59.8739537314795,trunk,Matara-Akuressa Road,True,A24
2723880187,3867253810,215.2634662928458,secondary,Andarawewa - Balaluwewa Road,False,B501
2723880187,2093610550,4914.534619096209,secondary,Andarawewa - Balaluwewa Road,False,B501
2723880187,3163956073,21502.255475247748,secondary,Bulnewa - Madagalla Road,False,B326
2726000363,2605755428,5579.926387859299,secondary,,False,
2726000363,2605754891,3753.56214560706,primary,Tangalle-Weeraketiya Road,False,B410
2726000363,7183361980,3380.9875186839517,primary,Tangalle-Weeraketiya Road,False,B410
2731988118,2731988138,12.730935831166185,trunk,,True,
2731988138,2731988196,11.39780351588416,trunk,,True,
2731988159,4903819699,123.75495336029044,trunk,Kurunegala-Dambulla Road,True,A6
2731988170,2731988159,39.22723614207852,trunk_link,,True,
2731988170,6289622879,28.92659651072341,trunk,Kandy-Jaffna Road,True,A9
2731988196,1981147403,1304.7466277117057,trunk,Kandy-Jaffna Road,True,A9
2731988196,2731988210,30.375414961972012,trunk,,True,
2731988210,2731988214,8.775090778198411,trunk,,True,
2731988214,2731988222,11.874924896614385,trunk,,True,
2731988214,4911274820,249.02118693393743,trunk,Kandy-Jaffna Road,True,A9
2731988222,6289622879,10.012622018387596,trunk,Kurunegala-Dambulla Road,True,A6
2731988222,2731988118,16.460827388287406,trunk,,True,
2732633599,2732633603,56.21729777301744,primary_link,,False,
2732633599,896199017,4877.034923582213,primary,Sigiriya Road,False,B162
2732633599,5202667325,60.74742179127044,primary,Sigiriya Road,False,B162
2732633603,5202667325,64.21261576307927,trunk,Dambulla-Habarana Road,False,A6
2732633603,2732633599,56.21729777301744,primary_link,,False,
2732633603,2051320917,7170.387378606545,trunk,Dambulla-Habarana Road,False,A6
2753084556,6545683449,35.424065202257125,primary,Hanwella - Pugoda - Kirindiwela - Urapola Road,False,B146
2753084556,1235697388,12546.59655534438,primary,Hanwella - Pugoda - Kirindiwela - Urapola Road,False,B146
2755818445,5064507638,413.7424781561173,primary,"['Kaduwela Bridge (New Kandy Road)', 'New Kandy Road', 'Biyagama Road (New Kandy Road)']",True,AB4
2760582892,2760582905,65.1469102534449,primary,Avissawella Road,False,B435
2760582892,403816178,2122.57787239875,primary,Avissawella Road,False,B435
2760582892,2760582902,49.609330476831104,primary,,False,
2760582895,2760582908,39.803342424221874,primary,Buthgamuwa Road,False,B469
2760582895,2760582905,26.259836358077642,primary,Avissawella Road,False,B435
2760582895,2760582907,35.40895154294345,primary,Avissawella Road,False,B435
2760582902,403874494,1152.6837972986496,primary,Welikada-Kohilawatte Road,False,B469
2760582902,2760582905,83.07480559841953,primary,Kohilawatte Road,False,B469
2760582902,2760582892,49.609330476831104,primary,,False,
2760582905,2760582895,26.259836358077642,primary,Avissawella Road,False,B435
2760582905,2760582902,83.07480559841954,primary,Kohilawatte Road,False,B469
2760582905,2760582892,65.1469102534449,primary,Avissawella Road,False,B435
2760582907,2760582908,31.520336094300685,primary,,True,
2760582907,403816197,1029.5811037178219,primary,Avissawella Road,False,B435
2760582907,2760582895,35.40895154294345,primary,Avissawella Road,False,B435
2760582908,2760582895,39.803342424221874,primary,Buthgamuwa Road,False,B469
2760582908,1912538681,1601.39975548861,primary,Buthgamuwa Road,False,B469
2822277593,2822281625,42.95376339632585,trunk,,True,
2822277593,7024993693,1150.673053488887,trunk,Habarana-Polonnaruwa-Batticaloa Road,False,A11
2822281605,5483879973,27.75248622609854,secondary,New Town Road,True,
2822281605,1241541926,2287.350475406112,secondary,New Town Road,False,
2822281622,5483879973,11.632092873076516,trunk,,True,
2822281622,2822281605,21.981939077291138,secondary,,True,
2822281625,2822281622,9.87443755414859,trunk,,True,
2822324303,2822324312,1.8447865526505485,secondary,,True,
2822324311,3650242321,18.428976295997444,secondary,,True,
2822324312,2822324311,7.092649782758132,secondary,,True,
2822324312,2822324320,13.989144157672774,secondary,,True,
2822324313,2822324303,22.367707417528862,secondary,New Town Road,True,
2822324313,1241541926,1050.9536533669095,secondary,New Town Road,False,
2822324320,2822324311,13.512224315569686,secondary,New Town Road,True,
2822324320,9322671926,4034.3927770291903,secondary,New Town Road,False,
2823998635,7621986929,8.382167074105704,trunk_link,,False,
2823998635,2854966358,1184.3732662878726,trunk,"['Colombo-Kandy Road', 'Galtota Oya Bridge', 'Attanagalu Oya Bridge']",True,A1
2823998651,639297344,5831.160678297,primary,Yakkala-Radawana Road,False,B479
2823998651,6721810540,88.13190684385404,primary,Yakkala-Radawana Road,True,B479
2828629366,2608995079,23.020053551690737,trunk,Main Street,False,A7
2828629366,2608992327,28.320811356831662,primary,Kothmale Road,True,B412
2828629366,4507913122,333.3496681498412,trunk,Main Street,False,A7
2830957526,9485258137,34.55028578642897,primary,Gabo's Roundabout,True,
2831587623,6545320373,9.167921192219522,primary,,True,
2831587640,6545320374,13.481433943723468,primary,,True,
2831587640,4099698761,34.482054370400824,primary,Kurunegala Road,True,B638
2831587846,13574349086,704.1419169194382,primary,Dakanu Dagoba Mawatha,False,B397-9
2831587846,4099707534,99.27226803696321,primary,Mihindu Mawatha,False,B397-1
2831970104,4082665380,31510.059258572506,secondary,"['Medirigiriya - Diyasenpura - Meegaswewa Road', 'Hingurakgoda - Medirigiriya Road']",False,"['B048', 'B155']"
2833603895,4137371244,62.77497647049596,secondary,Old Trincomalee Road,True,B164
2833603895,773016545,952.8296884423222,secondary,Old Trincomalee Road,False,B164
2833604323,2833604324,14.016069771378568,trunk,Puttalam-Anuradhapura-Trincomalee Road,True,
2833604324,2833604333,54.30472274365615,trunk,Puttalam-Anuradhapura-Trincomalee Road,True,AA012
2833604324,2833604339,13.956332642209379,trunk,Puttalam-Anuradhapura-Trincomalee Road,True,
2833604332,2833604323,43.12695981350192,trunk,Puttalam-Anuradhapura-Trincomalee Road,True,AA012
2833604332,1880627764,1396.8392023576985,trunk,Puttalam-Anuradhapura-Trincomalee Road,False,AA012
2833604333,2833604339,54.82943418733423,trunk,,True,AA012
2833604333,1971623281,6061.994181129244,trunk,Puttalam-Anuradhapura-Trincomalee Road,False,AA012
2833604338,2833604332,43.145164715166516,trunk,,True,AA012
2833604338,2833604323,13.962913286230986,trunk,Puttalam-Anuradhapura-Trincomalee Road,True,
2833604339,2833604338,14.019368470333056,trunk,Puttalam-Anuradhapura-Trincomalee Road,True,
2833604877,1886079226,6309.976899256772,trunk,Jaffna Road,True,A20
2833604877,1410579229,31887.21418930434,secondary,Gambirigaswewa Road,False,C165
2833834344,5785122163,1758.853424189086,trunk,"['Nivatthakachetiya Mawatha', 'Nivatthakachethiya Mawatha']",False,A12
2833834344,5055655450,26.406806079039242,trunk,Nivatthakachetiya Mawatha,True,A12
2833834360,4137371245,45.28662050773834,trunk,Jaffna Road,True,A20
2833834360,11593705874,1026.5340213679794,trunk,Jaffna Road,False,A20
2835617021,2835617022,21.479244048390104,primary,D. S. Senanayake Mawatha,True,AB2-2
2835617021,13577660245,930.7829310964062,primary,D. S. Senanayake Mawatha,False,AB2-2
2835617022,2835617030,11.879463449488243,primary,Dahaiyagama Jct.,True,
2835617029,2835617021,21.38937809602731,primary,D. S. Senanayake Mawatha,True,AB2-2
2835617029,2835617022,11.112540041225902,primary,Dahaiyagama Jct.,True,
2835617030,2835617038,28.266312556366344,primary,D. S. Senanayake Mawatha,True,AB2-2
2835617030,2835617037,10.852701450648752,primary,Dahaiyagama Jct.,True,
2835617037,2835617039,25.5506624488678,primary,Maithripala Senanayake Mawatha (Main Street),True,AB2-5
2835617037,2835617029,11.829265344064009,primary,Dahaiyagama Jct.,True,
2835617038,2835617037,28.182185449022146,primary,D. S. Senanayake Mawatha,True,AB2-2
2835617038,6291947090,411.56080234221065,primary,D. S. Senanayake Mawatha,False,AB2-2
2835617039,2835617029,24.76654405370649,primary,Maithripala Senanayake Mawatha (Main Street),True,AB2-5
2835617039,11743149451,1543.0440462253125,primary,Maithripala Senanayake Mawatha (Main Street),False,AB2-5
2835617063,2835617071,18.49466794245713,primary,Maithripala Senanayake Mawatha (Main Street),True,AB2-5
2835617063,11743149449,724.294127819916,primary,Maithripala Senanayake Mawatha (Main Street),False,AB2-5
2835617065,2835617066,29.905983321308018,primary,Harischandra Mawatha,True,AB2-3
2835617065,1401501575,300.52687019495085,primary,Harischandra Mawatha,False,AB2-3
2835617066,2835617063,19.269525778829266,primary,Maithripala Senanayake Mawatha (Main Street),True,AB2-5
2835617066,2835617071,13.313040009269681,trunk,Bank of Ceylon RB,True,
2835617071,1146218640,30.157055039693066,trunk,Harischandra Mawatha,True,A12
2835617071,2835617079,16.126016168081325,trunk,Bank of Ceylon RB,True,
2835617074,2835617065,29.402385951261426,primary,Harischandra Mawatha,True,AB2-3
2835617074,2835617066,15.238514697367869,trunk,Bank of Ceylon RB,True,
2835617079,1981468985,26.535059905721397,trunk,Maithripala Senanayake Mawatha (Main Street),True,A12
2835617079,2835617074,13.48177324096625,trunk,Bank of Ceylon RB,True,
2835617084,1410578037,25.498081832605326,secondary,Outer Circular Road (Watawandana Road),True,B341
2835617084,13591204530,11.638444821081897,secondary,,True,
2835617088,2835617084,11.563887968858225,secondary,,True,
2835617095,2835617088,11.768020471717628,secondary,,True,
2835617095,1410578077,32.501252120669776,secondary,Outer Circular Road (Watawandana Road),True,B341
2837518575,9041600946,34.59159044084592,trunk,Anuradhapura - Padeniya Road,True,AA028
2837518575,2094554407,2642.896975413708,trunk,Anuradhapura - Padeniya Road,False,AA028
2837518594,9041600940,30.33139212789229,trunk,Anuradhapura - Padeniya Road,True,AA028
2837518594,13564710647,10335.336395074788,trunk,"['Anuradhapura - Padeniya Road', 'Padeniya-Anuradhapura Road']",False,"['AA028', 'A28']"
2840975728,2093611694,1238.774299440712,trunk,Anuradhapura - Padeniya Road,False,AA028
2840975728,12815082889,35.785509859403895,trunk,Anuradhapura - Padeniya Road,True,AA028
2840975729,2093611607,2419.9489090548177,secondary,Andarawewa - Balaluwewa Road,False,B501
2840975729,12815082887,40.02684471883942,secondary,,True,
2840975746,12815082893,35.21364148819495,secondary,,True,
2840975746,2094553959,4119.67784801178,secondary,Andarawewa - Balaluwewa Road,False,B501
2840975747,12815082884,37.26134142650887,trunk,Anuradhapura - Padeniya Road,True,AA028
2840975747,2094554407,7604.711651889652,trunk,Anuradhapura - Padeniya Road,False,AA028
2842889275,1889362430,1590.2515428804907,trunk,Colombo-Puttalam Road,False,A3
2842889275,3658572657,6466.6587170122375,trunk,Colombo-Puttalam Road,False,A3
2842889275,1480051538,8642.14866858525,secondary,Thoppuwa-Nattandiya-Madampe Road,False,B419
2842935028,2902101200,33.8978640160846,secondary,Kalugamuwa - Wariyapola Road,True,B190
2842935028,13442454956,6057.091716014844,secondary,"['Kalugamuwa-Wariyapola Rood', 'Kalugamuwa - Wariyapola Road', 'Kalugamuwa-Wariyapola Rd', 'Kalugamuwa Wariyapola Road']",False,B190
2854966358,3205978508,7963.354551657086,primary,Wigoda Road,False,B12
2854966358,3270476305,952.322346369691,trunk,Colombo-Kandy Road,True,A1
2902101194,2902109603,13.513066271666471,trunk,,True,
2902101196,2842935028,30.658879630387407,secondary,Kalugamuwa - Wariyapola Road,True,B190
2902101196,2902101200,12.319080540733978,trunk,,True,
2902101200,2902109607,3.1087120192563167,trunk,,True,
2902109603,1239435066,34.64076670313044,trunk,Kurunegala - Puttalam Road,True,A10
2902109603,2902101196,12.285031429291411,trunk,,True,
2902109607,3204336190,18.982855186427443,trunk,Kurunegala - Puttalam Road,True,A10
2902109607,2902101194,17.19604375544467,trunk,,True,
2902111505,3760127505,1836.528908748458,primary,Badulla-Mahiyanganaya Road,False,B36
2902111505,3775399923,18562.62851599818,primary,"['Badulla-Mahiyanganaya Road', 'Mahiyanganaya Road']",False,B36
2902111505,13872342556,53411.93194188814,"['secondary', 'primary']","['Passara-Madulsima-Metigahatenne Road', 'Metigahatenne-Akiriya-Ketawatta-Gurumada Road', 'Meegahakivula-Kalugahakandura Road']",False,"['C22', 'C665', 'B360']"
2902881148,1792802761,6561.95372417168,trunk,Karativu-Ampara Road,False,A31
2902881148,12761661750,1547.0587444327014,trunk,Karativu-Ampara Road,False,A31
2902881148,1879056278,6563.258568620502,primary,Ampilanturai-Veeramunai Road,False,B18
2902943461,5315988824,91.59926891544092,primary,Saranankara Mawatha,False,B446
2902943461,3289453902,62.03472300974318,primary,Wathuramala Junction,True,
2904638859,2906794382,583.1360947086754,primary,Elpitiya Bypass Road,False,B523
2904638859,3470538976,12613.614941498847,primary,"['Uragaha Road', 'Elpitiya Road']",False,B55
2904638859,2904638879,77.27708585858593,primary,Uragaha Road,False,B55
2904638879,2906800106,339.17384840492974,primary,Ambalangoda-Elpitiya-Pitigala Road,False,B14
2904638879,3211931764,1204.7140045328013,primary,Ambalangoda-Elpitiya-Pitigala Road,False,B14
2904638879,2904638859,77.27708585858593,primary,Uragaha Road,False,B55
2906794382,6021413404,3122.7582903877365,primary,Ambalangoda-Elpitiya-Pitigala Road,False,B14
2906794382,2906800106,221.59271600573217,primary,Ambalangoda-Elpitiya-Pitigala Road,False,B14
2906794382,2904638859,583.1360947086755,primary,Elpitiya Bypass Road,False,B523
2906800106,2906794382,221.59271600573217,primary,Ambalangoda-Elpitiya-Pitigala Road,False,B14
2906800106,2904638879,339.1738484049298,primary,Ambalangoda-Elpitiya-Pitigala Road,False,B14
2906800106,5997069098,134.2546565741325,secondary,"['Kahambiliyagoda Road', 'Elpitiya-Pituwala-Kahaduwa Road']",False,B175
2906906430,566569836,2489.440705836259,primary,Thalawa Eppawala Road,False,B213
2906906430,3518433775,8087.0729276489,primary,Thalawa Eppawala Road,False,B213
2906906430,3867253810,10675.665450164644,secondary,Galnawa Road,False,
2907674340,2907684935,501.49709011217664,trunk,Colombo-Kandy Road,False,A1
2907674340,3226356899,1785.2748819454973,trunk,Colombo-Kandy Road,False,A1
2907674340,3758716316,2053.4946315456555,primary,Boyagama Road,False,B306
2907684935,1855349523,1759.4759616652968,secondary,Ranundeniya Road,False,
2907684935,2907674340,501.4970901121766,trunk,Colombo-Kandy Road,False,A1
2907684935,2074229848,36.83053563620556,trunk,Colombo-Kandy Road,False,A1
2909552257,77374718,5006.37089709813,primary,Beliatte-Kirinda Road,False,B630
2909552257,2607351567,4591.924137566013,primary,Beliatte-Kirinda Road,False,B630
2909552257,1792754399,5851.704000228401,secondary,"['Pattiya wela - Pallattara road', 'Bandarawaththa Ambagasdeniya Mawatha']",False,
2910209739,3937646623,35123.49765974535,primary,Matale-Illukkumbura-Pallegama Road,False,B274
2910209739,1980552001,9669.132171296611,primary,"['Matale-Illukkumbura-Pallegama Road', 'Matale-Rattota Road']",False,B274
2910209739,3586109085,16674.050233341433,"['primary', 'secondary']","['Nagalla Estate Road', 'Rattota-Gammaduwa Road']",False,B392
2910325921,13625281401,1001.5520753988176,primary,Quarry Road,False,B118
2910325921,2078328569,331.23792912109025,trunk,Colombo Road,False,A1
2910325921,13625464816,309.3342379223256,trunk,Colombo Road,False,A1
2915447204,2639779556,9819.687678627095,"['secondary', 'primary']","['Ellegama Road', 'Diyatalawa-Mirahawatta Road']",False,"['C421', 'B104']"
2915447204,49365945,10121.064177691002,primary,Bandarawela-Welimada Road,False,B44
2915447204,49368243,9545.089661905211,primary,Bandarawela-Welimada Road,False,B44
2916727863,1240466579,1.5220974592915806,primary,,True,
2920465482,3316015809,5187.788246429437,trunk,Pottuvil-Batticaloa Road,False,A4
2920465482,9406713271,23.425018322132868,trunk,Pottuvil-Batticaloa Road,True,A4
2925773146,1274137040,49.90725433071269,trunk,Galle Road,True,A2
2925773146,665214513,128.20093267906242,"['trunk', 'trunk_link']",Galle Road,True,A2
2959495457,5750995617,17263.473356644532,secondary,Aluthgama - Nawagaththegama,False,
2959495457,2093612347,10751.104269312005,trunk,Puttalam-Anuradhapura-Trincomalee Road,False,AA012
2959495457,2093610826,12850.668807167398,trunk,Puttalam-Anuradhapura-Trincomalee Road,False,AA012
2966142356,1840750860,8.679051823201524,secondary,Wattala-Mahara Road,False,B460
2966142356,3816390084,1959.2298537035515,trunk,Colombo-Kandy Road,True,A1
2966142456,2966142458,8.393200434395077,primary_link,,False,
2966142456,2966142356,1877.2294858082198,trunk,Colombo-Kandy Road,True,A1
2966142456,637859907,3505.044160592204,primary,"['Kadawatha - Mawaramandiya Road', 'Kadawatha-Mawaramandiya Road']",False,B169
2966142458,2966142456,8.393200434395077,primary_link,,False,
2966142458,2966142462,35.42784427502206,trunk,Colombo-Kandy Road,True,A1
2966142462,5559025503,20.04734744026339,trunk,Colombo-Kandy Road,True,A1
2966142462,1840750859,31.899859582043554,primary_link,,True,
2966142464,3345071368,9.114688739852262,primary_link,,True,
2966142464,2966142468,25.943542458709796,trunk,Colombo-Kandy Road,True,A1
2966142468,2966142485,220.57677421855428,trunk,Colombo-Kandy Road,True,A1
2966142468,3345071366,31.70033647153059,primary,,False,B168
2966142476,2966142485,10.387687957823355,primary_link,,False,
2966142476,3345071368,242.45028460226212,trunk,Colombo-Kandy Road,True,A1
2966142485,2966142476,10.387687957823355,primary_link,,False,
2966142485,5559025440,203.28774896275797,primary,Kadawatha-Ganemulla Road,False,B58
2966142485,13662447481,238.20227104886465,trunk,Colombo-Kandy Road,True,A1
2966142501,4784496254,29.71614559512043,trunk,Colombo-Kandy Road,True,A1
2966142501,3606358347,28.599448246637788,primary_link,,True,
2972494700,2972494709,51.75529509598751,primary_link,,True,
2972494700,621188379,1606.269888919207,primary,Kaduwela Road (New Kandy Road),False,B240
2972494700,2489067296,1313.59271586864,primary,Kaduwela Road (New Kandy Road),False,B240
2974015141,6518088285,48.54669022941164,primary_link,,True,
2974015141,2974015147,44.137854597614044,primary,Pelawatte Road,True,B47
2974015147,3731371610,9.304762907329716,primary,Pannipitiya Road,True,B47
2974015147,6518088285,41.53853659977513,primary,D.P. Wijesinghe Mawatha,True,B645
2974015161,1661735220,674.2803532607406,primary,Parliament Road,False,B533
2974015161,6518084183,65.3697661298846,primary,Parliament Road,True,B533
2974015176,5276999759,778.1305254640138,primary,D.P. Wijesinghe Mawatha,False,B645
2974015176,3731371610,86.09869095718268,primary,D.P. Wijesinghe Mawatha,True,B645
2984031967,1668906517,120.5585215265773,primary,Talawatugoda Road,True,B368
2993960268,102737773,39.61124412899264,primary_link,,False,
2993960268,3256397109,1001.2287098068847,primary,"['Circular Road', 'Sea Avenue']",False,B83
2993960268,102737884,32.815439473935875,primary,Circular Road,False,B83
3012657751,13656869429,40.750319762125784,primary,William Gopallawa Mawatha,True,AB42
3012657751,7094485197,37.99959651806068,primary,William Gopallawa Mawatha,True,AB42
3021911951,3218446414,995.488990505548,trunk,"['Katugastota Road', 'D. S. Senanayake Veediya (Trincomalee Street)']",False,A9
3021911951,5693657962,709.05739438643,trunk,"['Sri Dalada Veediya', 'D. S. Senanayake Veediya (Trincomalee Street)']",True,"['A9', 'A1']"
3021911951,3415305649,133.75766077497502,secondary,Sri Dalada Thapowana Vihara Mawatha,False,B489
3033895841,1694488879,49.18386186355781,secondary,,True,
3033904482,4004620073,28.71464901850107,primary,Mosque Road,True,B521
3033904482,9201280517,31.52687295222233,primary,Mosque Road,True,B521
3033937981,3033937986,9.111510673821497,trunk,Sirimavo Bandaranaike Mawatha (Peradeniya Road),True,A1
3033937986,5139375451,47.06936532670903,trunk_link,,True,
3033937986,3810784671,202.16606848500874,trunk,Sirimavo Bandaranaike Mawatha (Peradeniya Road),True,A1
3064234194,4394543338,37.291327203833006,trunk,Kurunegala Road,False,A10
3064234194,3064234204,40.119857224854,primary,Galagedara-Rambukkana Road,False,B122
3064234194,5239569079,4033.6266255995797,trunk,"['Galagedara Road', 'Kurunegala Road']",False,A10
3064234204,3064234194,40.119857224854,primary,Galagedara-Rambukkana Road,False,B122
3064234204,3586058703,410.37225798814586,primary,Galagedara-Rambukkana Road,False,B122
3064234204,4394543338,32.36501734294022,primary,Galagedara-Rambukkana Road,False,B122
3064234503,3064234504,26.66091113608313,trunk,Kurunegala - Kandy Road,False,A10
3064234503,618609526,8301.720676148283,secondary,Mawathagama-Barandana Road,False,"['B281', 'B280']"
3064234503,3586058707,11915.074495419623,trunk,Kurunegala - Kandy Road,False,A10
3064234504,3064234503,26.66091113608313,trunk,Kurunegala - Kandy Road,False,A10
3064234504,570766414,13738.899578189837,"['primary', 'secondary']",Rambukkana-Mawathagama Road,False,B281
3064234504,4067967894,8258.341638460233,trunk,Kurunegala - Kandy Road,False,A10
3064571973,4944052746,8.63467243022523,secondary,Kachcheri Road,False,
3064571973,4905293870,523.2531790157361,secondary,"['Kachcheri Road', 'Baladaksha Mawatha']",False,
3064571973,4905293870,548.3396017101134,trunk,Kurunegala-Dambulla Road,True,A6
3064571979,4067964377,1253.0769798688025,trunk,Kurunegala - Kandy Road,False,A10
3064571979,617806911,44.45034307369994,trunk,Kurunegala - Kandy Road,True,A10
3064572163,1535398451,883.455019552799,primary,Station Road,False,B27-11
3064572227,1535398426,1680.1596738100134,trunk,Kurunegala - Puttalam Road,False,A10
3064572227,617806943,297.3105494138804,trunk,Kurunegala - Puttalam Road,True,A10
3064600110,2362937346,4304.5107249823495,trunk,Ambepussa-Kurunegala Road,False,A6
3064600110,9562328827,1390.5157269209435,trunk,Ambepussa-Kurunegala Road,True,A6
3064719434,1976172945,7535.837687455569,secondary,Munamaldeniya Katupotha Road,False,
3064719434,3066124415,8054.8009521799295,secondary,"['Munamaldeniya - Katupotha Road', 'Munamaldeniya Katupotha Road']",False,B258
3064719434,3064719459,7422.701846426485,secondary,Mavi Ela Road,False,
3064719459,3064719434,7422.701846426488,secondary,Mavi Ela Road,False,
3064719459,1976165109,2490.5519848244858,primary,Chilaw-Wariyapola Road,False,B079
3064719459,6511426679,2757.765881392428,primary,Chilaw-Wariyapola Road,False,B079
3066124415,3064719434,8054.80095217993,secondary,"['Munamaldeniya - Katupotha Road', 'Munamaldeniya Katupotha Road']",False,B258
3066124415,4268469890,9745.491787133695,secondary,"['Katupotha - Rambawewa Road', 'Katupotha--Rambawewa Road']",False,B166
3066124415,1239442924,9164.995790732472,secondary,Kadahapola--Katupotha Road,False,B166
3066124415,13442454956,8277.037188454991,secondary,Mahakeliya - Katupotha Road,False,B258
3066364582,1535398426,2563.0693843373247,trunk,"['Kurunegala - Puttalam Road', 'Kurunegala-Puttalam Road']",False,A10
3066364582,3066364711,697.7853539014093,trunk,Kurunegala-Puttalam Road,False,A10
3066364582,1247065794,15218.331448168414,secondary,Tittawella - Gonagama Road,False,B611
3066364711,3066364582,697.7853539014094,trunk,Kurunegala-Puttalam Road,False,A10
3066364711,1239436241,4432.708354803901,trunk,Kurunegala-Puttalam Road,False,A10
3066364711,1867157551,6195.080353565441,secondary,Pallandeinya-Kanotuwa Road,False,
3069813661,2093606919,5015.677005732346,primary,Talgodapitiya-Dodangaslanda Road,False,B409
3069813661,2093606557,21523.445566086582,primary,"['Dodangaslanda-Yatawatta-Dombawela Road', 'Talgodapitiya-Dodangaslanda Road']",False,B409
3069813661,5644584039,2052.2698809750964,secondary,Ridigama - Lihiniwehera Road,False,B393
3073676023,4577768759,18.078459171987575,trunk,Olcott Mawatha,True,A1
3073676023,4577776882,62.37913374250159,trunk_link,,True,
3074557148,3810927781,8.091381083680476,secondary_link,,False,
3074557148,5120237611,380.62464390841666,primary,Gannoruwa Road,True,B365
3078464586,1877266360,1202.3906721214519,primary,Akkaraipattu-Varipathanchenai Road,False,B1
3078464586,1877272293,8643.609495659572,primary,Akkaraipattu-Varipathanchenai Road,False,B1
3078464586,1877272333,4156.992006882151,primary,Akkaraipattu-Deeghavapiya-Ambalatharu Road,False,B573
3078591002,6535741179,8.144622225141957,trunk_link,,False,
3078591002,324994643,1750.0188966992653,trunk,Colombo-Kandy Road,True,A1
3081634069,6266871671,8.113021190577104,trunk,Matara Road,True,A2
3081634071,1674485421,160.3631595677894,trunk,Matara Road,True,A2
3081634077,3081634069,9.852452843915879,primary_link,,True,
3081634077,3081634071,37.84119103845614,trunk,Matara Road,True,A2
3081634085,3081634077,52.734170401449575,primary,Galle Port Access Road,True,B594
3081634085,3081634071,65.96022216931746,primary_link,,True,
3081634087,3081634077,8.571363888250042,trunk,Matara Road,True,A2
3081634087,3081634092,48.808723853734136,primary,Galle Port Access Road,True,B594
3081634092,13698912447,1287.5292200104486,primary,Galle Port Access Road,True,B594
3081634094,3081634087,39.73714001115289,trunk,Matara Road,True,A2
3081634094,3081634092,68.35811754761497,primary_link,,True,
3084209238,10660932978,40.27180342579425,primary,Bauddhaloka Mawatha,True,AC2
3084209238,3808874253,519.8534287754981,primary,Bauddhaloka Mawatha,False,AC2
3084209269,635111100,471.94975504372144,secondary,Philip Gunawardena Mawatha (Reid Avenue),True,
3084209277,3084209269,47.40684967234403,secondary,Philip Gunawardena Mawatha (Reid Avenue),True,
3084209277,1369209676,51.917683894001314,secondary,Prof. Stanley Wijesundara Mawatha,True,
3088508684,3804182781,10.97572231538987,trunk_link,,True,
3088508684,3088508692,55.90255893817487,trunk,Madawala Road,True,A9
3088508691,1809637872,9.644090953379612,trunk_link,,False,
3088508691,7037556016,255.33699738669236,trunk,Madawala Road,True,A9
3088508692,3088508691,14.46998222647204,trunk,Madawala Road,True,A9
3088508692,1809637851,7.399379798358612,trunk_link,,False,
3088508709,3088508720,8.62208001362723,trunk_link,,True,
3088508709,3088516296,14.631106007693607,trunk,T. B. Illangaratne Mawatha (Galagedara Road),False,A10
3088508720,3088508729,6.235787535455528,trunk,Madawala Road,True,A9
3088508720,3088508732,57.164599418731555,trunk,T. B. Illangaratne Mawatha (Galagedara Road),False,A10
3088508729,3170533571,8.581666091360407,trunk_link,,True,
3088508729,1809637872,275.4342947614591,trunk,Madawala Road,True,A9
3088508732,3088508750,6.770434067727166,primary_link,,True,
3088508732,3088508720,57.164599418731555,trunk,T. B. Illangaratne Mawatha (Galagedara Road),False,A10
3088508732,3088508767,9.615779490202046,trunk,T. B. Illangaratne Mawatha (Galagedara Road),False,A10
3088508746,3088508767,6.527368540176795,primary_link,,True,
3088508746,3088508756,46.430951955906245,primary,Gohagoda Road,False,B365
3088508746,570765602,205.69552222975886,trunk,T. B. Illangaratne Mawatha (Galagedara Road),False,A10
3088508746,3088508750,9.849925367231023,trunk,T. B. Illangaratne Mawatha (Galagedara Road),False,A10
3088508750,3088508756,50.05485000130922,primary,Gohagoda Road,False,B365
3088508750,3088508746,9.849925367231023,trunk,T. B. Illangaratne Mawatha (Galagedara Road),False,A10
3088508750,3088516296,46.07766834879414,trunk,T. B. Illangaratne Mawatha (Galagedara Road),False,A10
3088508756,3088508750,50.05485000130923,primary,Gohagoda Road,False,B365
3088508756,3088508746,46.430951955906245,primary,Gohagoda Road,False,B365
3088508756,3998841948,4573.2332743274155,primary,"['Gohagoda Road', 'Katugastota Road']",False,B365
3088508758,3088508709,14.598790174550807,trunk_link,,True,
3088508758,3088516296,20.199213994292215,trunk_link,,True,
3088508767,3088508732,9.615779490202046,trunk,T. B. Illangaratne Mawatha (Galagedara Road),False,A10
3088508767,570765602,195.04731668784632,trunk,T. B. Illangaratne Mawatha (Galagedara Road),False,A10
3088516296,3088508709,14.631106007693607,trunk,T. B. Illangaratne Mawatha (Galagedara Road),False,A10
3088516296,3088508750,46.07766834879414,trunk,T. B. Illangaratne Mawatha (Galagedara Road),False,A10
3088821708,2315595592,888.6711855135648,primary,Galaha Road,False,B364
3088821708,3478101817,47.571808009608304,primary,Galaha Road,True,B364
3090078667,3090559903,391.25883593947,trunk,Colombo-Ratnapura Road,False,A4
3090078667,309033793,12430.393449969246,trunk,Colombo-Ratnapura Road,False,A4
3090078667,191856851,16573.736312264045,primary,"['Eheliyagoda-Dehiowita Road', 'Sudu Palama (White Bridge)']",False,B110
3090456359,3090460074,58.22283213954621,trunk,Galle Road,False,A2
3090456359,60797926,6431.443333586592,trunk,Galle Road,False,A2
3090460072,3090460077,21.549170629566667,trunk_link,,True,
3090460072,3090460089,24.978210752560525,primary,Dodanduwa-Gonapinuwala Road,True,B106
3090460074,3090460072,13.394910464384257,primary,Dodanduwa-Gonapinuwala Road,True,B106
3090460074,3090460083,50.00417022297897,trunk,Galle Road,False,A2
3090460074,3090456359,58.22283213954621,trunk,Galle Road,False,A2
3090460077,3090456359,55.88259851496898,secondary,Dodanduwa-Gonapinuwala Road,True,B106
3090460083,198851718,4466.136577000103,trunk,Galle Road,False,A2
3090460083,3090460074,50.00417022297897,trunk,Galle Road,False,A2
3090460083,3090460072,53.168944464123015,trunk_link,,True,
3090460089,3090460077,27.964011214467384,primary,Dodanduwa-Gonapinuwala Road,True,B106
3090460089,11368215992,3857.2895357577595,primary,Dodanduwa-Gonapinuwala Road,False,B106
3090559903,8421010097,15373.941235043842,trunk,"['Colombo-Ratnapura Road', 'Kuru Ganga Bridge', 'Colombo Road']",False,A4
3090559903,3090078667,391.25883593947,trunk,Colombo-Ratnapura Road,False,A4
3090559903,5264919265,14505.849102286827,primary,Kiriella-Nedurana-Eheliyagoda Road,False,B222
3095525776,3491138210,15.023010983112293,primary,Dharmapala Mawatha,True,AB6
3095525776,3491138212,27.876916150565187,trunk,Yatiyantota Road,False,A7
3095525776,127659606,1381.5003487937115,trunk,"['Talduwa Bridge', 'Yatiyantota Road']",False,A7
3104872055,11068701021,49.125948069852626,secondary,Erathna - Deraniyagala Road,False,
3104872055,8421010096,29616.681645610246,secondary,"['Erathna - Deraniyagala Road', 'Erathna - Sri Pada Road', 'Kuruwita-Erathna Road']",False,
3104872055,3104873585,269.6673273424807,secondary,Erathna - Deraniyagala Road,False,
3104873585,4762385860,13555.875332180525,primary,Deraniyagala-Noori Road,False,B93
3104873585,1797964284,13538.181043834373,primary,Dehiowita-Deraniyagala Road,False,B93
3104873585,3104872055,269.66732734248063,secondary,Erathna - Deraniyagala Road,False,
3106294734,13700965134,3814.3682649897455,secondary,Nikaweratiya - Maho - Madagalla Road,False,B326
3106294734,1239651798,13198.873873879615,secondary,Nikaweratiya - Maho - Madagalla Road,False,B326
3106294734,1239725256,22375.63054205186,secondary,Danikithawa Road,False,B89
3107607858,1241600897,11944.506103462243,primary,Delgoda-Dompe-Giridara Road,False,B95
3107607858,2021648880,864.914615316939,primary,New Kandy Road,False,B214
3107607858,639127532,2466.036386602169,primary,"['New Kandy Road', 'New Kandy Rd']",False,B214
3109024823,5969036508,35.27946841066111,trunk,High Level Road,True,A4
3109024823,6292190465,30.80314001630734,primary,Kottawa - Horana Road,True,B239
3109068245,3899387302,56.090217979779105,trunk,Trincomalee Road,False,A15
3109068245,3899387303,54.96651918921003,trunk,Trincomalee Road,False,A15
3109068245,6685474058,1548.2320326181932,trunk,Trincomalee Road,False,A15
3120323405,1235697764,29.027972949659397,primary,Hanwella-Pugoda-Kirindiwela-Urapola Road,False,B146
3120323405,3120324420,3770.8184358181124,primary,Urapola-Waturugama Road,False,B434
3120323405,3120332567,2158.061929400463,primary,Hanwella-Pugoda-Kirindiwela-Urapola Road,False,B146
3120324420,639298307,3379.03188513438,primary,Urapola-Waturugama Road,False,B434
3120324420,3120323405,3770.8184358181115,primary,Urapola-Waturugama Road,False,B434
3120324420,1235697661,5313.68015208409,primary,Walpola-Walgammulla Road,False,B453
3120332567,3883403630,26.86503599227485,primary,Hanwella-Pugoda-Kirindiwela-Urapola Road,True,B146
3120332567,3120323405,2158.061929400463,primary,Hanwella-Pugoda-Kirindiwela-Urapola Road,False,B146
3120470733,2015279496,6253.338765590644,primary,Alawatura-Yatapana-Kotiyakumbura Road,False,B605
3120470733,3514813026,3487.879698449876,trunk,Kegalle-Bulathkohupitiya-Karawanella Road,False,A21
3120470733,3763282547,8801.259758072423,trunk,Kegalle-Bulathkohupitiya-Karawanella Road,False,A21
3129331580,3129331583,4.225832428240608,trunk,Karawanella Jct.,True,
3129331583,3217150039,15.489393273794194,trunk,Karawanella Jct.,True,
3129331583,2015265450,31.259924186736196,trunk,Yatiyantota Road,True,A7
3136286192,654148521,559.5114757832349,primary,D. R. Wijewardene Mawatha,True,AC6
3136299955,259648440,583.1750123662018,trunk,Sir Chittampalam A. Gardiner Mawatha,True,A4
3136316333,663253013,97.5896119036927,primary,Panchikawatte Road,True,AC22
3136316333,3136316335,94.52459926381883,primary,Panchikawatte Road,True,AC22
3136316335,3556443371,418.58943588943754,primary,Orabi Pasha Mawatha,True,AC19
3136338274,127658062,368.21092114933657,primary,Ward Place,False,
3136338274,13692201509,77.08330808942657,primary,Ward Place,True,
3136350893,1428433267,116.18152418350051,primary,T. B. Jayah Mawatha,True,
3136350893,3136350899,14.190036808971126,primary,Gamini Hall,True,
3136350896,3136350898,19.00652129263633,primary,Gamini Hall,True,
3136350896,635909834,38.965662238149164,primary,D. R. Wijewardene Mawatha,True,AC6
3136350898,3136350893,5.394354621488097,primary,Gamini Hall,True,
3136350899,3164334813,9.711632394423658,primary,Gamini Hall,True,
3136350901,3136350896,2.90802469559101,primary,Gamini Hall,True,
3136385191,3141171382,46.093643293467295,trunk,Chatham Street,True,A1
3136385191,3136385193,67.72326660930904,trunk,"['Chatham Street', 'Lotus Road']",True,"['A4', 'A1']"
3136385193,1280869013,87.42783708986516,trunk,Lotus Road,True,A4
3136385196,1863456297,751.0550992773241,trunk,Olcott Mawatha,True,A1
3137149149,2686035634,1957.8490120057731,primary,Carolina-Norton-Wanaraja Road,False,B71
3137149149,1186247404,13079.810384132066,primary,"['Carolina-Norton-Wanaraja Road', 'Castlereigh Dam']",False,B71
3137149149,5537436827,1003.6339027900509,primary,Approach Road to Wimalasurendra Power House,False,B26
3141171382,3141171384,33.871465539965506,primary,Lotus Road,True,AC15
3141171382,3136385196,31.94231911754258,trunk,Olcott Mawatha,True,A1
3141171384,248608286,226.42068952143498,primary,Lotus Road,False,AC15
3141171384,3136385196,26.184428407042702,primary,Lotus Road,True,AC15
3141171386,248608286,38.6297827342044,primary_link,,True,
3141171386,6498294707,15.940726808168957,primary,Main Street,True,AC17
3141868639,3141868650,9.24942156538966,primary,Main Street (New Kandy Road),True,B240
3141868639,4070798087,1224.4162488431423,primary,Polduwa Road,True,B653
3141868650,3861760731,10.429894127063788,primary_link,Polduwa Road,True,
3141868650,3861760657,849.099920838313,primary,Main Street (New Kandy Road),True,B240
3142698207,3633739445,2491.9956474836786,primary,Walasmulla-Katuwana-Middeniya Road,False,B485
3142698207,3827971310,6410.7385996818775,primary,Walasmulla-Katuwana-Middeniya Road,False,B485
3142698207,1931937816,13123.471342269768,primary,Walasmulla-Julampitiya Road,False,B629
3145257092,3145257097,40.325032092736535,primary,Timbolketiya-Tanamalwila Road,True,B427
3145257092,2113181192,11475.573807376677,primary,Timbolketiya-Tanamalwila Road,False,B427
3145257097,1723290054,26.292767839203297,trunk,Pelmadulla-Embilipitiya Road,False,A18
3145257097,3155986410,10273.094512468855,trunk,Pelmadulla-Embilipitiya Road,False,A18
3145713375,598716088,25.93260346016997,secondary,,True,
3145713375,3540609796,15.777008478146765,primary,Malabe - Athurugiriya Road,False,B240
3145713375,2712362974,3391.678252391123,primary,Malabe - Athurugiriya Road,False,B240
3147021776,1985676796,11549.852028524141,trunk,Embilipitiya-Nonagama Road,False,A18
3147021776,10131009918,34.74975840333732,trunk,Embilipitiya-Nonagama Road,False,A18
3147021776,1725074683,60.47464388870816,primary,Embilipitiya-Middeniya Road,True,B486
3147058584,10131009918,178.29172396582942,trunk,Embilipitiya-Nonagama Road,False,A18
3147058584,3147058592,25.450212594523506,trunk,Embilipitiya-Nonagama Road,False,A18
3147058586,3147058592,20.79135134093165,trunk,Pelmadulla-Embilipitiya Road,False,A18
3147058586,3147058589,57.70732569292842,primary_link,,True,
3147058586,3155986410,924.1105580250805,trunk,Pelmadulla-Embilipitiya Road,False,A18
3147058589,3147058592,42.18404848663813,primary,Embilipitiya-Moraketiya-Kiriibbanara-Uda Mauara Road,False,B549
3147058589,1723290053,6272.474366775631,primary,Embilipitiya-Moraketiya-Kiriibbanara-Uda Mauara Road,False,B549
3147058589,3147058584,35.310465790702125,primary_link,,True,
3147058592,3147058586,20.79135134093165,trunk,Pelmadulla-Embilipitiya Road,False,A18
3147058592,3147058584,25.450212594523506,trunk,Embilipitiya-Nonagama Road,False,A18
3147058592,3147058589,42.18404848663813,primary,Embilipitiya-Moraketiya-Kiriibbanara-Uda Mauara Road,False,B549
3147073493,610955140,7825.84462719758,primary,Timbolketiya-Tanamalwila Road,True,B427
3147073493,1432825404,19569.818456407098,primary,Bodagma-Hambegamuwa-Kaltota Road,False,B528
3147073493,10132667228,5022.501661178176,primary,Timbolketiya-Tanamalwila Road,False,B427
3150402309,2668636316,27.528050982485695,trunk,Dr. Danister de Silva Mawatha (Baseline Road),True,AC5
3150402309,4793209901,12.564818802132384,primary,,True,
3150410543,635914018,50.394503625423866,secondary,Dematagoda Road,False,
3150410543,618534074,222.51575340942645,secondary,Dematagoda Road,False,
3150410543,2091860038,53.815330995860904,trunk_link,,True,
3150410545,635914018,13.390047629683274,primary,Kolonnawa Road,True,B96
3150410545,2117500119,27.109685736991004,trunk,Dr. Danister de Silva Mawatha (Baseline Road),True,AC5
3150410546,4678368698,500.9923876075368,primary,Sri Dharmarama Road (Albion Road),True,AC27
3150410546,3150410545,105.28184733335655,trunk,Dr. Danister de Silva Mawatha (Baseline Road),True,AC5
3150421787,3150421800,8.704568994072142,trunk,Rt. Hon. D. S. Senanayake Mawatha,True,AC7
3150421787,1307348559,468.22436377773397,trunk,Dudley Senanayake Mawatha (Castle Street),True,A0
3150421789,662326576,70.18401259094816,trunk,Rt. Hon. D. S. Senanayake Mawatha,True,AC7
3150421789,674684720,425.50045801961426,primary,Bauddhaloka Mawatha,False,
3150421800,635117662,10.524782370030481,trunk,Dudley Senanayake Mawatha (Castle Street),True,A0
3150421800,3150421789,210.63711776532324,trunk,Rt. Hon. D. S. Senanayake Mawatha,True,AC7
3152507940,683787618,8.538143138560885,secondary,New Kolonnawa Road,False,
3152507940,10219043297,180.00154624032885,primary,"['Cotta Road', 'Dr. N. M. Perera Mawatha (Cotta Road)']",True,"['B62', 'AC4']"
3155552910,6719733698,39.5184913855326,primary_link,,True,
3155552910,6514054697,292.5740771197345,primary,Denzil Kobbekaduwa Mawatha,False,AB15
3155552910,5157977022,30.58766892215604,primary,Denzil Kobbekaduwa Mawatha,False,AB15
3155589780,6233578621,11.352077536700541,primary,P. de S. Kularatne Mawatha,True,AC19
3155589780,619732407,1078.310432121914,secondary,"[""Ven. Baddegama Wimalawansa Thero Mawatha (Dean's Road)"", ""Ven. Baddegama Wimalawansa Thero Mawatha (Symond's Road)""]",True,
3155589781,3155589780,10.532198287389658,secondary,,True,
3155589781,618533937,45.6597209114439,primary,P. de S. Kularatne Mawatha,True,AC19
3155986410,2036185335,9749.79414760569,primary,Embilipitiya-Panamure-Sooriyakanda Road,False,B115
3155986410,3147058586,924.1105580250805,trunk,Pelmadulla-Embilipitiya Road,False,A18
3155986410,3145257097,10273.094512468855,trunk,Pelmadulla-Embilipitiya Road,False,A18
3157384370,603240642,17645.39603431525,trunk,Ratunapura-Wellawaya Road,False,A4
3157384370,603240427,17715.306080638173,trunk,Ratunapura-Wellawaya Road,False,A4
3157384370,3615147754,11497.010908624423,primary,Koslande-Poonagala Road,False,B236
3161365280,3219885917,1162.588983417765,primary,Sir Francis Molamure Mawatha,False,B643
3161365280,5140888508,37.302397557247964,primary,Sir Francis Molamure Mawatha,True,B643
3163956073,2093610245,21122.300424535893,secondary,Galgamuwa - Nikawewa Road,False,B126
3163956073,2723880187,21502.25547524775,secondary,Bulnewa - Madagalla Road,False,B326
3163956073,3663534823,3831.424091302544,secondary,Bulnewa - Madagalla Road,False,B326
3163960436,3597945583,18.883027143199662,secondary,,True,
3163960436,5051771529,7074.761595738029,secondary,Ibbagamuwa-Kumbukgete-Madagalla Road,False,B159
3164334813,3136350901,9.409149367027297,primary,Gamini Hall,True,
3164334813,7053715743,900.3410868631692,secondary,T. B. Jayah Mawatha,True,
3164356590,269202453,4.351130940308701,trunk,Alexandra Roundabout,True,A0
3164371478,3964852181,386.06039801146915,secondary,Srimath Anagarika Dharmapala Mawatha,True,
3164393649,259648460,256.2575304207622,trunk,Sir James Peiris Mawatha,False,A4
3164393649,679751864,224.91131116483015,secondary,Srimath Anagarika Dharmapala Mawatha,True,
3166543427,4228041368,2078.495457103826,primary,"['Kalapaluwawa Road', 'Walpola Road']",False,B644
3166543427,403816197,1602.7634095718659,primary,Mulleriyawa Hospital Road,False,B644
3166543427,1912538674,1635.5885522632254,primary,"['Mandawila Road', 'Kolonnawa-Angoda Road']",False,B231
3167605964,617823428,6100.978201629852,primary,Negombo-Giriulla Road,False,B322
3167605964,1662220531,8157.678118133559,primary,Kotadeniyawa-Mirigama Road,False,B237
3167605964,617810744,1233.7077076840383,primary,Negombo-Giriulla Road,False,B322
3167637635,3167641878,6318.214939910802,primary,Weweldeniya-Mirigama Road,False,B476
3167637635,617823366,953.2834114140272,primary,Pasyala-Giriulla Road,False,AB29
3167637635,3203254224,5346.717129227341,primary,Pasyala-Giriulla Road,False,AB29
3167641878,3167637635,6318.214939910804,primary,Weweldeniya-Mirigama Road,False,B476
3167641878,1427371818,2760.5683096894772,trunk,Colombo-Kandy Road,False,A1
3167641878,617823296,6061.307674086278,trunk,Colombo-Kandy Road,False,A1
3167653286,2589231839,13010.251908222082,secondary,Katugampola Labuyaya Road,False,
3167653286,1239442870,11726.07817393729,primary,Kurunegala-Negombo Road,False,B308
3167653286,4600910031,773.4440947891873,primary,Kurunegala-Negombo Road,False,B308
3167996118,3167996140,8.565894123952184,primary_link,,False,
3167996118,6548196298,33.257208773703965,primary,Bauddhaloka Mawatha,True,B82
3167996132,1535398426,2065.559610903346,primary,Yanthampalawa Road,False,B82
3167996132,3167996141,37.18889330975676,primary,Yanthampalawa Road,True,B82
3167996140,3167996118,8.565894123952184,primary_link,,False,
3167996140,6548196299,44.458997078297266,primary,Kurunegala-Negombo Road,True,B247
3167996141,3167996142,8.577760071618384,primary_link,,False,
3167996141,6548196295,42.17741788701326,primary,Kurunegala-Negombo Road,True,B247
3167996141,3167996118,8.775672438076631,primary,"['Bauddhaloka Mawatha', 'Yanthampalawa Road']",True,B82
3167996142,3167996141,8.577760071618384,primary_link,,False,
3167996142,3167996132,36.81360430317759,primary,Yanthampalawa Road,True,B82
3167996142,3167996140,9.416857821031655,primary,"['Bauddhaloka Mawatha', 'Yanthampalawa Road']",True,B82
3168908516,5319765726,166.81542636393863,primary,Polgahawela-Kegalle Old Road,False,
3168908516,5907569563,74.84745650228533,primary,Polgahawela-Kegalle Old Road,True,
3169248398,3377554135,520.6952668432793,primary,Hambantota-Gonnoruwa-Meegahajandura Road,True,B631
3169248398,3169248433,940.1541010928224,primary_link,,True,
3169248401,610950712,139.89615333341027,primary,Hambantota-Gonnoruwa-Meegahajandura Road,True,B631
3169248411,3169248401,955.9283260689723,primary_link,,True,
3169248411,3377484744,525.8185999613712,trunk,New Tissa Road,True,New-A2
3169248433,41607687,1367.4780374470374,trunk,New Tissa Road,True,New-A2
3169826275,2590173342,7386.098635914325,primary,Atabage-Ulapane Road,False,B490
3169826275,3217407684,2504.5155868132842,trunk,Nuwara Eliya Road,False,A5
3169826275,4142250035,1917.6616391273676,trunk,Nuwara Eliya Road,False,A5
3170533458,1030050388,1279.2186455839294,primary,Gadaladeniya Road,False,B116
3170533458,1855349632,3261.348455411959,primary,Pilimatalawa-Daulagala Road,False,B116
3170533458,3758716316,1859.3491698614766,primary,Boyagama-Pamunuwa Road,False,B66
3170533571,3088508709,5.891176342160315,trunk,Madawala Road,True,A9
3170533571,7037556017,14.757055052590031,trunk_link,,True,
3172043469,904233581,88.63098514296044,trunk,Kurunegala-Dambulla Road,True,A6
3172043469,2024988651,259.7095689449244,trunk,Kurunegala-Dambulla Road,False,A6
3174892783,6227950806,23.118579940654584,trunk,Ambepussa-Kurunegala Road,True,A6
3174892783,5353863009,9.854888265663714,trunk_link,,True,
3180046129,1887817351,6981.097042246949,secondary,,False,
3180046129,1978072063,7051.07988217753,primary,Kurunegala - Narammala - Madampe Road,False,B247
3180046129,1887817275,7216.298654313558,primary,Kurunegala - Narammala - Madampe Road,False,B247
3185210184,3185210187,32.17707579784053,secondary_link,,True,
3185210184,3185210191,85.8414293247653,primary,Ward Place,False,
3185210184,127658062,575.8091767780109,primary,Ward Place,False,
3185210191,618542173,17.497257344945343,primary,Ward Place,False,
3185210191,3185210190,36.996608641026015,secondary_link,,True,
3185210191,3185210184,85.8414293247653,primary,Ward Place,False,
3186369043,6524965943,198.92134200609073,secondary,Port Access Road,True,
3186383484,6524910441,1317.1846890681793,secondary,Port Access Road,True,
3186396762,313411340,375.22089386081484,primary,Srimath Ramanadhan Mawatha,False,AC23
3186396762,12062438412,5.465635545191792,primary,St. Anthony's Mawatha,True,AC31
3186416542,3187821074,1483.3251262938984,secondary,Wharf Road,False,
3186416542,3186504909,20.05698080660475,secondary,Wharf Road,False,
3186416542,91031447,46.78683464952503,secondary_link,,True,
3186504907,682687439,17.147734570064742,primary,N. H. M. Abdul Cader Mawatha,True,AC20
3186504907,3186504909,61.88448765108541,secondary_link,,True,
3186504909,3186416542,20.05698080660475,secondary,Wharf Road,False,
3186504909,3186505826,398.1252603626082,secondary,Wharf Road,False,
3186505826,3186504909,398.1252603626082,secondary,Wharf Road,False,
3186505826,2648621803,475.1807986784176,secondary,Wharf Road,False,
3186505826,3186505825,98.65259107290764,secondary_link,,True,
3186529289,12062438416,270.60133272029196,primary,St. Anthony's Mawatha,True,AC31
3186529289,9491622364,22.580846393394424,primary,,True,
3187821074,3187821084,70.66556995640553,primary_link,,False,
3187821074,313411158,347.0395198445163,secondary,Wharf Road,False,
3187821074,3186416542,1483.3251262938982,secondary,Wharf Road,False,
3187821084,3187821074,70.66556995640552,primary_link,,False,
3187859722,3186383484,83.01790967006917,secondary_link,,True,
3187859722,3186383484,87.9418655226746,secondary_link,,True,
3187859722,3186383484,83.77277593082334,secondary,Port Access Road,True,
3187866785,3187866787,24.795088713383212,secondary_link,,False,
3187866785,4046368469,164.24116836559654,secondary,Port Access Road,True,
3187866787,3187866785,24.795088713383212,secondary_link,,False,
3187866787,313411158,512.1666194001664,secondary,Port Access Road,True,
3187879920,3186369043,96.53682613299078,secondary_link,,True,
3187879920,3186369043,96.27744136900985,secondary,Port Access Road,True,
3187879920,3186369043,98.62568771584554,secondary_link,,True,
3187945982,9483005842,53.050745509881324,primary,Mohamad Zain Mawatha (Central Road),True,AC3
3187945982,5904513454,26.60476091170711,primary_link,,True,
3187963299,12287228624,142.40880755026967,primary,Justice Akbar Mawatha,True,
3187963299,13444619411,233.11198882675424,primary_link,,True,
3189672680,5320624355,8.484593553998359,primary_link,,False,
3189672680,5320624371,401.42279589026236,primary,"['Station Road', 'D. M. Karunaratne Dissanayake Mw (Station Rd)']",False,B27-12
3189672680,5320624392,249.5952886672708,primary,Kurunegala Road,True,B384
3191464509,3893909450,114.05677331402782,secondary_link,,True,
3191464509,255361132,79.93909458686873,secondary,Dr. C. W. W. Kannangara Mawatha (Alexandra Place),True,
3191466213,6524645097,34.58441846652791,secondary_link,,True,
3191696089,270333419,40.11500752870381,secondary,Ananda Rajakaruna Mawatha (Campbell Place),True,
3191696090,270333418,19.919331591652554,primary,P. de S. Kularatne Mawatha,True,AC19
3191696090,3191696089,15.099343400235536,secondary,Ananda Rajakaruna Mawatha (Campbell Place),True,
3191696091,3191696092,24.25100283536539,secondary,E. W. Perera Mawatha (Regent Street),True,
3191696091,619732407,767.9761151696589,secondary,E. W. Perera Mawatha (Regent Street),False,
3191696092,3191696090,11.458632579369699,secondary_link,,True,
3191696092,3155589780,907.1363445079734,primary,P. de S. Kularatne Mawatha,True,AC19
3195561861,1222995418,7856.790687789906,primary,Hatton-Maskeliya-Sri Pada Road,False,B149
3195561861,1190546887,915.7437527695163,primary,Hatton-Maskeliya-Sri Pada Road,False,B149
3195561861,3517300319,11402.937786616138,primary,Upcot Road,False,B330
3197040791,2703675509,29.6446564483393,primary,Negombo-Mirigama Road,True,B324
3197040791,6509381793,9.97260666886119,primary,Divulapitiya Roundabout,True,
3197040794,6509381795,27.36233060396227,primary,Ekala-Kotadeniyawa Road,False,B111
3197040794,6509381794,10.60248131225677,primary,Divulapitiya Roundabout,True,
3199110533,3199110537,31.40368811250756,secondary,,True,
3199110533,7961874515,328.9103052907884,secondary,,True,
3199110537,3199116923,46.21706974912343,secondary,,True,
3199110539,3199110533,29.909161333436867,secondary,,True,
3199116923,3199110539,13.102621939814739,secondary,,True,
3199116923,2648621803,58.8323633900779,secondary,Wharf Road,True,
3199118537,619244343,33.42858425931069,primary,Khan Clock Tower Roundabout,True,
3199118537,3141171386,227.99878185489965,primary,Main Street,True,AC17
3199600250,7291030424,1907.8304093148947,trunk,Gampaha-Ja Ela Road,True,A33
3199600250,4231244456,15.681236387320894,trunk,,True,
3199620297,5847955549,3583.3528697618617,secondary,Kadduvan Mallakam Chankanai road,False,B170
3199620297,6896310128,2175.0925389897375,secondary,"['Vallai Tellippalai Araly Road', 'Kadduvan Myliddi Road']",False,"['B 437', 'B171']"
3199620297,1245032999,2284.8913411252183,secondary,Vallai Tellippalai Araly Road,False,B 437
3201052237,3201082769,7115.026428419157,secondary,Kiwullinda-Marassna-Kandehandiya Road,False,
3201052237,2019950765,7046.641666679661,primary,Rikillagaskada Road,False,B413
3201052237,2382076814,12052.966487958398,primary,"['Rikillagaskada Road', 'Haragama Road']",False,B413
3201082623,4781591828,31.043187632917054,primary,Rikillagaskada Road,True,B413
3201082623,3201082769,436.23224150852724,primary,Rikillagaskada Road,False,B413
3201082769,2078334820,10983.063237643895,primary,"['Rikillagaskada Road', 'Hanguranketha Road']",False,B413
3201082769,3201082623,436.2322415085273,primary,Rikillagaskada Road,False,B413
3201082769,3201052237,7115.026428419155,secondary,Kiwullinda-Marassna-Kandehandiya Road,False,
3203084587,2155672282,1426.6237882651549,trunk,Deniyaya Road,False,A17
3203084587,2155827775,7835.938972666733,trunk,Deniyaya Road,False,A17
3203084587,2078754703,9289.295998596503,primary,Bengamuwa-Molokgamuwa-Galdola Road,False,B607
3203254224,3203260988,7324.342190797621,primary,Kaleliya-Pallewela-Medagampitiya Road,False,B183
3203254224,3167637635,5346.71712922734,primary,Pasyala-Giriulla Road,False,AB29
3203254224,3240952949,1066.7830606464945,primary,Pasyala-Giriulla Road,False,AB29
3203260988,638916931,6269.968148010322,primary,Veyangoda-Banduragoda Road,False,B443
3203260988,3203254224,7324.342190797622,primary,Kaleliya-Pallewela-Medagampitiya Road,False,B183
3203260988,3645537814,2372.515701972867,primary,Veyangoda-Banduragoda Road,False,B443
3203260988,3203261039,2921.5785745953094,primary,Kaleliya-Pallewela-Medagampitiya Road,False,B183
3203261039,638945897,4075.8544309560066,primary,Udugampola-Divulapitiya Road,False,B430
3203261039,638943128,4010.898204107323,primary,Udugampola-Divulapitiya Road,False,B430
3203261039,3203260988,2921.57857459531,primary,Kaleliya-Pallewela-Medagampitiya Road,False,B183
3203303832,3906319524,8483.432500700488,primary,Moragahamula-Victoria Dam Top Road,False,B493
3203303832,2334261008,17343.717328349532,trunk,"['Oruthota Bridge', 'Kandy-Mahiyanganaya Road']",False,A26
3203303832,2055564960,34864.5392044376,trunk,"['Kandy-Mahiyanganaya-Padiyatalawa Road', 'Kandy-Mahiyanganaya Road']",False,A26
3204336187,2902101194,18.12471096160458,trunk,Kurunegala - Puttalam Road,True,A10
3204336187,3204336190,16.67177660203743,trunk,,True,
3204336190,1239435107,29.116868448221194,primary,Chilaw - Wariyapola Road,True,B079
3204336190,1239435069,11.951791190163396,trunk,,True,
3204527532,6038850702,12950.009401025944,secondary,,False,
3204527558,5576657112,4650.749513966518,secondary,,False,
3204549182,3557522184,11258.294451820988,trunk,Puttalam-Anuradhapura-Trincomalee Road,False,AA012
3204549182,2093612778,1679.1833903178085,trunk,Puttalam-Anuradhapura-Trincomalee Road,False,AA012
3204549182,6038850702,10680.832379464753,secondary,,False,
3204562797,1881982723,11851.460733963857,secondary,Kahatagasdigilya - Ratmalgahawewa - Kivulekade Road,False,B538
3204562797,2093612778,6987.314919208599,trunk,Puttalam-Anuradhapura-Trincomalee Road,False,AA012
3204562797,2093935572,19799.688339561533,trunk,Puttalam-Anuradhapura-Trincomalee Road,False,AA012
3205666202,1261568522,87.07100428091928,primary,Negombo-Kurunegala Road,False,B308
3205666202,1848020009,195.1872987556586,primary,Makandura-Badalgama Road,False,B503
3205666202,2199336301,11460.055738075323,primary,Negombo-Kurunegala Road,False,B308
3205978508,2854966358,7963.354551657096,primary,Wigoda Road,False,B12
3205978508,638943128,1669.6285271415402,primary,Udugampola-Divulapitiya Road,False,B430
3205978508,638936212,5281.437089174734,primary,Udugampola-Divulapitiya Road,False,B430
3206095333,4585299247,8.822603175426256,primary,Orutota Road,False,B570
3206095333,4789587325,1591.6717682251742,trunk,Colombo-Kandy Road,True,A1
3206169196,3517629554,50.47404190735573,primary,New Kandy Road,False,B214
3206169196,3517629552,42.94375030898011,primary,Biyagama Makola Road,False,B632
3206169196,3710297373,39.94752419380393,primary,"['Biyagama Makola Road', 'Biyagama Free Trade Zone Road']",False,B632
3206169196,639127532,1120.6487056716207,primary,New Kandy Road,False,B214
3210113789,445270465,85.91435569480456,primary,Horana Road,False,B157
3210113789,445265132,1820.232327824,primary,Horana Road,False,B157
3210113789,445265578,72.61726681567106,primary,Katukurunda-Neboda Road,False,B207
3210162496,3210169158,18977.35416952188,secondary,Uthumgama Road,False,
3210162496,2143415342,8184.60803138232,primary,Horawela-Pelawatte Road,False,B158
3210162496,2185127828,1546.657455631312,primary,"['Horawela-Pelawatte Road', 'Pelawatta-Pitigala Road']",False,B158
3210169158,1969450556,2091.7454934828484,primary,Matugama Road,False,B157
3210169158,2088167963,744.5339822581295,primary,Matugama Road,False,B157
3210169158,3210162496,18977.354169521896,secondary,Uthumgama Road,False,
3211908158,2155827775,11125.789326314096,trunk,Deniyaya Road,False,A17
3211908158,2190932692,998.3062527741166,trunk,Deniyaya Road,False,A17
3211908158,2078754584,21710.69839545295,secondary,,False,
3211931764,1792701998,5453.140041000409,primary,Ambalangoda-Elpitiya-Pitigala Road,False,B14
3211931764,2904638879,1204.714004532801,primary,Ambalangoda-Elpitiya-Pitigala Road,False,B14
3211931764,2076672978,2997.347505235955,primary,Elpitiya-Avittawa Road,False,B114
3211942093,1809637722,9354.000845720973,primary,Ranawana Road,False,B206
3211942093,3343547728,3411.6991116410572,primary,"['Hedeniya-Medawala Road', 'Medawala-Poojapitiya Road']",False,B150
3211942093,1836349953,4236.332180497921,primary,Medawala-Poojapitiya Road,False,B150
3213759120,2285202897,3430.3761778287962,trunk,Habarana-Trincomalee-Batticaloa Road,False,A11
3213759120,258025225,18362.741077875216,trunk,Habarana-Trincomalee-Batticaloa Road,False,A11
3213759120,7071757658,14463.671286704313,primary,Minneriya - Gal Oya Road,False,B617
3214502827,4231278237,32.83387714750754,primary,,True,
3214502835,3214502827,13.796897131145421,primary,,True,
3214502835,636988660,19.071663553455224,primary,Courts Road,True,
3215382447,2686377371,11966.74284660441,primary,Nawalapitiya-Ginigathena Road,False,B319
3215382447,1190507161,5105.832204294173,trunk,Hatton Road,False,A7
3215382447,3215585621,9775.77132286711,trunk,"['Colombo Road', 'Gingathena Road']",False,A7
3215395992,2686377394,624.2004047845107,primary,Gampola-Nawalapitiya Road,False,AB13
3215395992,2081300475,7544.989522160246,primary,Gampola-Nawalapitiya Road,False,AB13
3215395992,2686590800,8948.604247757341,primary,Nawalapitiya-Harangala Road,False,B506
3215585621,3215623441,11430.046232804312,primary,Kalugala-Laxapana Road,False,B189
3215585621,3216973603,23825.75165697038,trunk,Gingathena Road,False,A7
3215585621,3215382447,9775.771322867111,trunk,"['Colombo Road', 'Gingathena Road']",False,A7
3215623441,6592863153,10068.52758595333,primary,Laxapana Power House Road,False,B25
3215623441,5619440825,1103.5887854533908,primary,Laxapana Power House Road,False,B25
3215623441,3215585621,11430.046232804314,primary,Kalugala-Laxapana Road,False,B189
3216804790,4004620085,18.16342497571396,primary,S. W. R. D. Bandaranaike Mawatha,True,B27-1
3216804790,6262067727,160.93834255628894,primary,S. W. R. D. Bandaranaike Mawatha,False,B27-1
3216973602,3216973603,29.94452592751835,primary,Yatiyantota-Punugala-Sea Forth Road,True,B482
3216973602,3514826055,3869.217009056377,primary,Yatiyantota-Punugala-Sea Forth Road,False,B482
3216973603,3216973606,12.568613144166951,trunk,Gingathena Road,False,A7
3216973603,3215585621,23825.7516569704,trunk,Gingathena Road,False,A7
3216973606,3216973603,12.568613144166951,trunk,Gingathena Road,False,A7
3216973606,3217149379,5278.870927378851,trunk,Gingathena Road,False,A7
3216973606,3216973602,31.431335677953275,primary,Yatiyantota-Punugala-Sea Forth Road,True,B482
3217149379,3216973606,5278.870927378853,trunk,Gingathena Road,False,A7
3217149379,3129331580,36.56041661399978,trunk,Gingathena Road,True,A7
3217150024,3217150026,21.181319798983505,trunk,Karawanella Jct.,True,
3217150024,198601066,37.15052376164802,trunk,Kegalle-Bulathkohupitiya-Karawanella Road,True,A21
3217150026,3217150036,13.31740407387727,trunk,Karawanella Jct.,True,
3217150036,3129331580,15.211026239822823,trunk,Karawanella Jct.,True,
3217150036,3217149379,37.42752236012638,trunk,Gingathena Road,True,A7
3217150039,3217150024,11.971593262812277,trunk,Karawanella Jct.,True,
3217232039,6509327434,14.14420558466385,trunk,,True,
3217232039,2015265415,35.72724167116916,trunk,Kegalle-Bulathkohupitiya-Karawanella Road,True,A21
3217294322,7625469752,31.739452779471762,primary,Avissawella Road,False,AB10
3217294322,4548545184,31.20632809964679,primary,Avissawella Road,False,AB10
3217294322,2722750909,1540.826815023332,primary,Kaduwela Road (New Kandy Road),False,B263
3217294322,2755818445,29.74345144101099,primary,New Kandy Road,True,AB4
3217407684,1909593733,27802.60461457972,primary,"['Delpitiya Road', 'Pupuressa Road', 'Galaha Road']",False,B125
3217407684,3169826275,2504.515586813284,trunk,Nuwara Eliya Road,False,A5
3217407684,49378902,1393.4015711438205,trunk,Nuwara Eliya Road,False,A5
3218446414,6509196204,24.836913488376943,primary_link,,True,
3218446414,3021911951,995.4889905055479,trunk,"['Katugastota Road', 'D. S. Senanayake Veediya (Trincomalee Street)']",False,A9
3218446414,4019244695,30.143829622276865,trunk,Katugastota Road,True,A9
3218455285,1212770520,56.47563725745999,primary,Colombo - Horana Road,True,B84
3218455285,11765244589,7.158765781913752,primary_link,,False,
3219884852,3794035028,7.986933005836696,trunk_link,,False,
3219884852,3803143155,550.0531802954121,trunk,Colombo-Kandy Road,False,A1
3219884852,3224489753,103.7553128707707,trunk,Colombo-Kandy Road,False,A1
3219885863,4929241947,20.16347556777946,trunk,Bulathkohupitiya Road,True,A21
3219885863,3219914003,11.329900653700129,trunk,,True,
3219885917,3161365280,1162.5889834177644,primary,Sir Francis Molamure Mawatha,False,B643
3219885917,4929242043,52.77858729186191,primary,Sir Francis Molamure Mawatha,True,B643
3219914003,3219914004,16.69571799338394,trunk,,True,
3219914004,3219914005,11.091231169215076,trunk,,True,
3219914004,4929241573,21.479398605299558,trunk,Kalugalla Mawatha,True,A21
3219914005,3219914009,13.989134587068714,trunk,,True,
3219914009,2584550963,22.625107208862065,primary,Bandaranaike Mawatha,True,B643
3219914009,3219914010,16.145997147002994,trunk,,True,
3219914010,3219885863,3.7692656455348637,trunk,,True,
3219914048,3219914093,1718.7996923101439,secondary,Bandaranaike Mawatha,False,
3219914048,4929241873,37.14555901030635,secondary,Bandaranaike Mawatha,True,
3219914093,3219914048,1718.7996923101432,secondary,Bandaranaike Mawatha,False,
3219914093,445970143,1127.1254738856012,trunk,Colombo-Kandy Road,False,A1
3219914093,3794028977,130.64289558652968,trunk,Colombo-Kandy Road,False,A1
3219994344,4929242050,509.40626164989516,trunk,Colombo-Kandy Road,False,A1
3219994344,3220121962,223.98849534101987,trunk,Colombo-Kandy Road,False,A1
3219994344,3796385433,296.67130069369705,trunk,Colombo-Kandy Road,False,A1
3220016719,3220025120,39.26135918351568,trunk,Kegalle-Bulathkohupitiya-Karawanella Road,False,A21
3220016719,3221200523,2808.5290130591625,trunk,Kegalle-Bulathkohupitiya-Karawanella Road,False,A21
3220016719,445970143,5105.471343741262,primary,Paragammana-Ekiriyagala-Meepitiya Road,False,B600
3220025120,3453321762,14462.07782929008,primary,"['Paragammana-Dikella-Atugoda-Wanduradeniya Road', 'Atugoda Road', 'Paragammana - Atugoda Road']",False,B604
3220025120,4929241586,2174.1697072112474,trunk,Kegalle-Bulathkohupitiya-Karawanella Road,False,A21
3220025120,3220016719,39.26135918351568,trunk,Kegalle-Bulathkohupitiya-Karawanella Road,False,A21
3220121962,3224489753,73.35202055970979,trunk,Colombo-Kandy Road,False,A1
3220121962,3219994344,223.98849534101987,trunk,Colombo-Kandy Road,False,A1
3220121962,3851353586,4389.905600967226,primary,Kegalle-Siyambalapitiya-Dewalegama Road,False,B601
3220545605,3220669258,699.9806615905175,primary,Weligepola-Handagiriya Road,False,B467
3220669258,3371892591,68.99529975477745,primary,Weligepola-Handagiriya Road,False,B467
3220669258,3371893296,48.88751065350089,primary,Rajawaka-Kapugala Road,False,B593
3220669258,3220545605,699.9806615905175,primary,Weligepola-Handagiriya Road,False,B467
3221200523,3229498069,12781.724573567297,primary,Hettimulla-Deewala-Ussapitiya Road,False,B592
3221200523,3220016719,2808.529013059162,trunk,Kegalle-Bulathkohupitiya-Karawanella Road,False,A21
3221200523,2145113863,632.0873980981567,trunk,Kegalle-Bulathkohupitiya-Karawanella Road,False,A21
3221213836,3763282547,2405.278196427778,trunk,Kegalle-Bulathkohupitiya-Karawanella Road,False,A21
3221213836,2145113863,4112.181403725311,trunk,Kegalle-Bulathkohupitiya-Karawanella Road,False,A21
3221213836,3453321762,5904.126345475595,primary,Morontota-Arandara Road,False,B602
3221586259,1242700557,5487.880079179902,primary,Trincomalee-Nilaveli Road,False,B424
3221586259,1882011362,9558.921532397022,primary,"['Irakkandi Bridge', 'Trincomalee-Nilaveli Road', 'Trincomalee-Pulmoddai Road']",False,B424
3221586259,4254145897,658.9494048500624,secondary,Approach Road to Nilaveli Salt Office,False,B327
3224468484,1239489695,52.58113846735898,trunk_link,,True,
3224468484,1239489717,28.93989695171631,trunk,Ambepussa-Kurunegala Road,True,A6
3224468489,3224468484,197.69544996561336,trunk,Ambepussa-Kurunegala Road,True,A6
3224468489,3739999316,2768.2479582726523,trunk,Ambepussa-Kurunegala Road,False,A6
3224489753,3796385433,6.51707375605819,trunk,,False,
3224489753,3219884852,103.7553128707707,trunk,Colombo-Kandy Road,False,A1
3224489753,3220121962,73.35202055970979,trunk,Colombo-Kandy Road,False,A1
3224668762,2337932210,910.6474594919172,trunk,Old Colombo Road,False,A1
3224668762,445969634,49.112258419265785,trunk,Old Colombo Road,True,A1
3226211756,2338839291,114.77950026479348,trunk,Main Street,False,A1
3226211756,2337932210,382.29427768287013,trunk,"['Mawanella Bridge', 'Main Street', 'Old Colombo Road']",False,A1
3226211756,9882336681,13911.755565991136,primary,Mawanella-Hemmathagama-Singhapitiya Road,False,B279
3226224942,5677985213,10.52020892371416,primary,New Kandy Road,False,B583
3226224942,3718488870,39.949135176962,primary,New Kandy Road,False,B583
3226224942,3718488874,34.23301069220202,trunk_link,,True,
3226224960,5507303478,20.062274408436338,trunk_link,,True,
3226224960,5677985213,20.864929801074023,trunk_link,,True,
3226275220,3226291720,5232.04575994195,primary,Gampola Road,False,B172
3226275220,3237492320,4024.159661374814,trunk,Colombo-Kandy Road,False,A1
3226275220,3718488870,9122.140120383068,trunk,"['Colombo-Kandy Road', 'Kandy Road']",False,A1
3226275220,6017749566,7269.774530479183,primary,Kadugannawa-Pottepitiya Road,False,B173
3226286143,3756752965,2159.690867876723,primary,Daulagala-Watadeniya Road,False,B91
3226286143,3226291720,5150.061091292435,primary,"['Kadugannawa Road', 'Gampola Road']",False,B172
3226286143,2023111966,6405.745189280035,primary,Kadugannawa Road,False,B172
3226291720,1030050388,5266.991397847439,primary,Gadaladeniya-Paranapattiya Road,False,B121
3226291720,3226275220,5232.045759941954,primary,Gampola Road,False,B172
3226291720,3226286143,5150.061091292433,primary,"['Kadugannawa Road', 'Gampola Road']",False,B172
3226356899,1030050388,853.0147213481205,primary,Gadaladeniya Road,False,B116
3226356899,2907674340,1785.2748819454976,trunk,Colombo-Kandy Road,False,A1
3226356899,3237492327,510.3116583036436,trunk,Colombo-Kandy Road,False,A1
3226356946,3074557148,1366.5717516257703,primary,Gannoruwa Road,True,B365
3226356946,13624920350,250.0964402248763,primary,Gannoruwa Road,True,B365
3227989004,1732626412,15758.963866506807,secondary,Murunkan-Silavathurai Road,False,B299
3227989004,6250339117,5637.632017154602,primary,,False,
3227989004,4140985775,90614.53972427087,primary,"['PuttMannar Road', 'Puttalam - Marichchikadai - Mannar Road', 'Mannar Road']",False,B379
3229498069,2337932210,4533.509938335418,primary,Mawanella-Aranayaka Road,False,B278
3229498069,4006801962,4365.1616168471555,primary,Mawanella-Aranayaka Road,False,B278
3229498069,3221200523,12781.724573567275,primary,Hettimulla-Deewala-Ussapitiya Road,False,B592
3234257841,1932028204,2223.910095985417,primary,Beliatte-Walasmulla Road,False,B54
3234257841,13728195887,2718.982370365925,primary,Beliatte-Walasmulla Road,False,B54
3234257841,388268117,2405.5455435654344,secondary,,False,
3234691184,2607352523,7576.748967670375,secondary,Kohuliydda Road,False,
3234691184,1932028204,3430.5963568466505,secondary,,False,
3234691184,3234692631,996.0898915908156,secondary,,False,
3234692631,2607352523,4533.309196443424,primary,Hakmana-Beliatte Road,False,B141
3234692631,1792754399,1602.2740703885418,primary,Hakmana-Beliatte Road,False,B141
3234692631,3234691184,996.0898915908156,secondary,,False,
3237363036,2407760102,38.00832221704586,trunk,Kandy-Jaffna Road,True,AA009
3237363036,6266383660,17.993843172169413,trunk,Hospital Circular Road,True,
3237363045,3753591216,57.33379069749893,trunk,Vavuniya-Horowpotana Road,True,AA029
3237363045,4137095171,19.49325262244644,trunk,Kandy - Jaffna Road,True,AA009
3237363047,3237363036,46.15853743082855,trunk,Kandy - Jaffna Road,True,AA009
3237363047,3753591917,514.0676773270932,trunk,Kandy - Jaffna Road,False,AA009
3237453500,3756752965,2736.5170891839107,primary,Daulagala-Watadeniya Road,False,B91
3237453500,263155217,4190.240144400995,primary,Gelioya-Embekke Road,False,B135
3237453500,7183582771,1929.4570914489343,primary,Daulagala-Watadeniya Road,False,B91
3237492302,6017749566,8742.484337108246,primary,"['Danture Road', 'Pilimatalawa Bridge', 'Pilimatalawa-Pottepitiya Road', 'Main Street']",False,B6
3237492302,3237492327,16.0194503013185,primary,Pilimatalawa-Pottepitiya Road,True,B6
3237492320,3237492327,22.478159359325378,trunk,Colombo-Kandy Road,False,A1
3237492320,3237492302,24.526481138110512,primary,Pilimatalawa-Pottepitiya Road,True,B6
3237492320,3226275220,4024.1596613748134,trunk,Colombo-Kandy Road,False,A1
3237492327,3237492320,22.478159359325378,trunk,Colombo-Kandy Road,False,A1
3237492327,3226356899,510.31165830364347,trunk,Colombo-Kandy Road,False,A1
3240952949,674898973,7486.097444764561,primary,Veyangoda-Kaleliya Road,False,B444
3240952949,3203254224,1066.7830606464947,primary,Pasyala-Giriulla Road,False,AB29
3240952949,617823296,2546.9673977642965,primary,Pasyala-Giriulla Road,False,AB29
3243843706,2508106202,1704.119511746263,primary,Canada Friendship Road,True,AB9
3243843706,8977212331,38.85056216677865,primary_link,,False,
3249089698,248049055,21.009031557989335,primary,Hikkaduwa-Baddegama Road,False,B153
3249089698,198851718,4310.691095679703,primary,Hikkaduwa-Baddegama Road,False,B153
3252971709,1278086605,15.616144106341839,trunk,Gampaha-Ja Ela Road,True,A33
3254668917,1834981446,209.48889563289003,primary,Ramboda-Sangilipalama Road,False,B612
3254668917,3254670926,2188.6444660043126,primary,Ramboda-Sangilipalama Road,False,B612
3254668917,1834981401,1050.610824387502,primary,Kotmale New Town Road,False,B613
3254670926,1834981477,2657.5856767534274,trunk,Nuwara Eliya Road,False,A5
3254670926,3584750699,20790.350960383254,trunk,"['Kandy Road', 'Nuwara Eliya Road']",False,A5
3254670926,3254668917,2188.6444660043117,primary,Ramboda-Sangilipalama Road,False,B612
3256396052,1750306782,7389.583990578506,trunk,"['Matara-Hambantota Road', 'Tangalle Road']",False,A2
3256396052,102737773,39.88064403954145,trunk,Matara-Hambantota Road,False,A2
3256396052,3256397109,128.46011483405175,primary,Circular Road,False,B376
3256397109,3256397158,152.7344457927518,primary,Prison Road,False,B376
3256397109,2993960268,1001.2287098068848,primary,"['Circular Road', 'Sea Avenue']",False,B83
3256397109,3256396052,128.46011483405175,primary,Circular Road,False,B376
3256397158,3256397109,152.73444579275179,primary,Prison Road,False,B376
3257742983,1637776271,8511.290296971985,primary,Halpatota-Kurundugahahetekma Road,False,B143
3257742983,247987689,1453.725162095756,primary,"['Baddegama Road', 'Baddegama-Halpotota Road']",False,"['B128/ B153', 'B526/ B153']"
3257742983,248049055,5526.075236209982,primary,"['Hikkaduwa-Baddegama Road', 'Halpatota-Kurundugahahetekma Road']",False,"['B153', 'B143/ B153']"
3257848747,247987689,2171.1284787614363,primary,Baddegama Road,False,B128
3257848747,1093751150,156.7252166857234,primary,Baddegama Road,False,B128
3257848747,1093751318,2970.8247837607446,primary,Wanduramba-Sandarawala Road,False,B248
3257914816,247987689,2109.743186618335,primary,Baddegama-Nayapamula-Nilhena Road,False,B153
3257914816,1093751318,2430.5842655636743,primary,Baddegama-Nayapamula-Nilhena Road,False,B153
3257914816,4729747389,12277.488761320988,primary,Nayapamula-Unanvitiya-Nagoda Road,False,B320
3261661183,3592199657,4192.2931599438725,primary,Beliatte-Tangalle Road,False,B141
3261661183,3592213984,1325.9554035875838,primary,Beliatte-Tangalle Road,False,B141
3261661183,1748992310,6561.250171187332,primary,Polonmaruwa-Beliatte Road,False,B626
3261715665,3261715730,4903.27418235081,secondary,murungasyaya-migasara,False,
3261715730,3261715665,4903.27418235081,secondary,murungasyaya-migasara,False,
3261715730,3784921861,429.9479274534265,primary,Angunakolapelessa-Middeniya Road,False,B622
3261715730,3640127941,2795.4252843604377,primary,Angunakolapelessa-Middeniya Road,False,B622
3261809905,7795511705,44.27293777287498,trunk_link,,True,
3261809905,6632178172,72.73510770218493,primary,Hambantota-Gonnoruwa-Meegahajandura Road,True,B631
3261809924,5232275461,12.177721461770075,trunk_link,,False,
3261809924,6632178174,953.987457210085,trunk,Padawkema - Mattala Road,True,
3261809931,3261809924,734.6344553036141,trunk,Padawkema - Mattala Road,True,
3261810957,2544591508,10454.196287121298,trunk,Padawkema - Mattala Road,True,
3264925411,9790518649,25751.27076835506,primary,"['Kataragama-Sella Kataragama Road', 'Buttala-Sella Kataragama Road']",False,"['B202', 'B35']"
3264925411,9635214351,20.502426127009606,primary,Kataragama-Sella Kataragama Road,True,B202
3264925415,2375440476,541.8435976609345,primary,Raja Mawatha (Gam Udawa Road),False,B259
3264925415,3264925436,16.86995876956782,primary,Raja Mawatha (Gam Udawa Road),True,B259
3264925420,3264925436,10.79422914501056,primary,Mahasen Roundabout,True,
3264925420,3264925415,15.640605554320087,primary,Raja Mawatha (Gam Udawa Road),True,B259
3264925425,9635214349,8.597592359065317,primary,Mahasen Roundabout,True,
3264925425,1720491131,26.228525928421043,primary,Kataragama-Sella Kataragama Road,True,B202
3264925428,3264925435,14.449298863511398,primary,Mahasen Roundabout,True,
3264925428,3264925450,30.98997968999467,primary,Raja Mawatha (Gam Udawa Road),True,B259
3264925432,3264925411,23.63443242677585,primary,Kataragama-Sella Kataragama Road,True,B202
3264925432,9635214351,13.925245028261184,primary,Mahasen Roundabout,True,
3264925435,3264925432,5.598720773316234,primary,Mahasen Roundabout,True,
3264925436,3264925425,9.1259952766064,primary,Mahasen Roundabout,True,
3264925450,1535505645,4883.804642840622,primary,Raja Mawatha (Gam Udawa Road),False,B259
3264925450,3264925435,31.61587832831969,primary,Raja Mawatha (Gam Udawa Road),True,B259
3265928492,3265928495,13.51979885094123,secondary,,True,
3265928492,1685735079,28.162147989824316,secondary,Old Batticaloa Road,True,
3265928495,3265928510,18.80994892413925,secondary,,True,
3265928502,3265928492,18.51921228349408,secondary,,True,
3265928510,3265928502,12.537812043076652,secondary,,True,
3265928510,1685735096,27.754481171825848,secondary,Old Batticaloa Road,True,
3268426144,1879056278,3801.1296084115597,primary,Chavalakadai-Chadayantalawa Road,False,B77
3268426144,3649843433,16271.984251782753,primary,Veeragoda-Central Camp Road,False,B440
3268426144,9754473426,2458.031562279324,primary,Chavalakadai-Chadayantalawa Road,False,B77
3268563914,3268563916,86.62868382768058,trunk,Negombo Road,True,A3
3268563915,2508106197,55.75186646587801,trunk,Negombo Road,True,A3
3268563915,3268563914,15.43029338521843,primary,Canada Friendship Road,True,AB9
3268563916,2509007852,16.416460495019233,primary,Canada Friendship Road,True,AB9
3268563916,1269994723,4275.820557241231,trunk,Negombo Road,True,A3
3269955348,1660138837,91.05118055449702,primary,Galle Port Access Road,True,B594
3269955348,3269957968,294.9432480454769,primary_link,,True,
3269957961,3269957968,111.59831282902138,primary,Udugama Road,False,B129
3269957961,3658899780,1518.5703115089852,primary,Udugama Road,False,B129
3269957961,3269957962,319.49237328952813,primary_link,,True,
3269957968,1093762481,2820.004178286707,primary,Udugama Road,False,B129
3269957968,3269957961,111.59831282902135,primary,Udugama Road,False,B129
3270476305,7621986858,8.79411499860847,trunk_link,,False,
3270476305,324969585,687.6516848978741,trunk,Colombo-Kandy Road,True,A1
3271092569,1877266311,13.202535095728896,primary,Akkaraipattu-Sagamam Road,False,B2
3271092569,3302140235,24.082663794962404,primary,Akkaraipattu-Sagamam Road,True,B2
3271092634,11765584301,4.946881320746579,primary_link,,False,
3271092634,1888945264,2190.8100160488134,primary,Flood Protection Road,False,B574
3271092634,3302172264,423.2543774740991,trunk,Pottuvil-Batticaloa Road,True,A4
3276158587,3276158589,13.72074845742026,primary,,True,
3276158587,10132102319,50.23220688999666,primary,Tissa-Kirinde Road,True,B422
3276158589,3276158604,45.182173624886694,primary,,True,
3276158604,3276158587,13.797026790599537,primary,,True,
3276158604,3276158651,1200.4709440594916,primary,Tissa-Kirinde Road,False,B422
3276158651,610968963,35.06701245367843,primary,Tissa-Kirinde Road,False,B422
3276158651,3276158604,1200.4709440594913,primary,Tissa-Kirinde Road,False,B422
3276158651,3276158654,23.152968733490322,primary_link,,False,
3276158654,610968963,47.83291508008012,primary,Pannegamuwa-Tissa Road,False,B464
3276158654,1639029976,1506.9751352651265,primary,Pannegamuwa-Tissa Road,False,B464
3276158654,3276158651,23.152968733490326,primary_link,,False,
3279650333,3279650334,15.849890822568891,trunk,Tangalle Road,False,A2
3279650333,250131591,332.7302011272334,trunk,Tangalle Road,False,A2
3279650334,3279650333,15.849890822568891,trunk,Tangalle Road,False,A2
3279650334,7087395001,21.194957267217934,primary,Dikwella-Wewurukannala Road,True,B525
3279650334,1813587322,4331.245751680202,trunk,Tangalle Road,False,A2
3279674224,6545241017,15.545648555264075,primary,Beliatte-Tangalle Road,True,B141
3279674224,3592213984,775.0419157400815,primary,Beliatte-Tangalle Road,False,B141
3279700855,13695573497,9.938374495791061,trunk,Matara Road,True,A2
3279700855,1181395615,301.75239730463466,trunk,Matara Road,False,A2
3279700971,13695595627,79.82244934130223,trunk,Matara Road,True,A2
3279700971,1599036622,1753.5449039686464,trunk,Matara Road,False,A2
3283385131,3283385135,11.85848363684213,primary,,True,
3283385131,10132102403,6420.706855377049,primary,Weeraketiya-Tissa Road,False,B21
3283385135,3283385138,20.90276268397864,primary,,True,
3283385135,13689191650,3824.2874704967767,primary,Pannegamuwa-Tissa Road,False,B464
3283385138,3283385131,23.26084594073587,primary,,True,
3283385138,610968963,1268.8429766550234,primary,Pannegamuwa-Tissa Road,False,B464
3289420390,3289420407,0.8675995346296317,trunk,,True,
3289420399,3797644308,30.237485268397332,trunk,Gampaha-Ja Ela Road,True,A33
3289420399,3289420390,14.679613094148294,trunk,,True,
3289420402,3289420430,49.666847405009136,primary,,True,
3289420403,3289420399,3.591828447549668,trunk,,True,
3289420407,3289420430,12.607792313173942,trunk,,True,
3289420407,5315988848,63.28191035222776,primary,,True,
3289420423,3289420403,10.765779693773148,trunk,,True,
3289420423,5315984574,705.2935492788547,primary,Minuwangoda New Road,True,
3289420430,1571011417,5.608172670955518,trunk,,True,
3289420454,3289420423,3.8831565679088333,trunk,,True,
3289420458,3289420454,29.124606371616228,trunk,Gampaha-Ja Ela Road,True,A33
3289420458,667536145,2166.9011388413887,trunk,Gampaha-Ja Ela Road,False,A33
3289453902,843506679,20.31629798112639,primary,Bauddhaloka Mawatha (King George Avenue),True,B219
3289453902,3799756193,12.685446065160974,primary,Wathuramala Junction,True,
3289503413,636988660,159.60790647989538,primary,Courts Road,False,
3289503413,5315988825,11.133780611334085,trunk,Police Junction,True,
3289575296,3141868639,43.70475649361151,primary,Main Street (New Kandy Road),True,B240
3293925970,2057041156,87.253003155122,trunk,Badulla Road,True,A5
3293925970,2057046125,2504.0688730004795,trunk,Bandarawela Road,False,A5
3298069926,4599114497,26.581761611920065,trunk,,True,
3298069926,1945604950,897.6424650441119,trunk,Passara Road,False,A5
3301611007,2083191826,8.718718698500751,primary,,True,
3301611007,1912538608,65.83713705086743,primary,Kolonnawa-Angoda Road,True,B231
3301611010,5158364149,25.107967450159673,primary,Buthgamuwa Road,True,B469
3301611010,3301611023,11.675775681057395,primary,,True,
3301611011,3301611018,14.78761273595731,primary,,True,
3301611011,1912538674,24.791504798167633,primary,Kolonnawa-Angoda Road,True,B231
3301611018,3301611021,2.0357257164585962,primary,,True,
3301611021,5488528980,17.241085332140877,primary,,True,
3301611021,5007247077,30.179408332210507,primary,Buthgamuwa Road,True,B469
3301611023,2083191782,7.096012335792348,primary,,True,
3301953719,3815798282,1022.7771940380187,secondary,Keppettipola Road,False,
3301953719,2057046125,510.01279154215575,secondary,Keppettipola Road,False,
3301953719,2407536134,7016.929862441928,secondary,Badulla-Alugolla-Kandegedara Road,False,C2
3302140235,3302140237,7.375208901337229,trunk,,True,
3302140237,7103763200,302.54824580646704,trunk,Pottuvil-Batticaloa Road,True,A4
3302140237,3302140240,10.776825617943025,trunk,,True,
3302140240,3302140241,4.927551691285218,trunk,,True,
3302140241,7103763193,283.03236881170955,trunk,Pottuvil-Batticaloa Road,True,A4
3302140241,3302140243,6.353918558973265,trunk,,True,
3302140243,3302140257,3.6163502422654688,trunk,,True,
3302140257,3302140235,6.019895977605095,trunk,,True,
3302140257,3271092569,22.06526809145263,primary,Akkaraipattu-Sagamam Road,True,B2
3302172264,1545169133,1961.7003676876154,trunk,Pottuvil-Batticaloa Road,False,A4
3302172264,11765584301,422.35694245653144,trunk,Pottuvil-Batticaloa Road,True,A4
3305877503,1028522713,1860.695472808622,secondary,Outer Circular Road (Wata Wandana Road),False,B341
3305877503,1410580274,2894.189062858161,secondary,Kuttampokuna - Galpalama Road,False,B509
3305877503,567004605,94.00958404999301,secondary,Outer Circular Road,False,B341
3307476616,619227153,42.38854717227775,primary,Panchikawatte Road,True,AC22
3315891502,1877453757,4287.835227900817,primary,Deeghavapi Temple Road,False,B92
3315891502,3315891506,54.2656727442483,primary,Deeghavapi Temple Road,False,B92
3315891502,3315891506,54.93690762828893,primary,Deeghavapi Temple Road,False,B92
3315891506,3315891502,54.2656727442483,primary,Deeghavapi Temple Road,False,B92
3315891506,3315891502,54.93690762828893,primary,Deeghavapi Temple Road,False,B92
3315891506,13895307330,1404.1346839799974,primary,Deeghavapi Temple Road,False,B92
3316015809,1792790811,5188.1242573567715,primary,Arasadi-Malkampiddy Road,False,B31
3316015809,1545169133,9284.687942743405,trunk,"['Pottuvil-Batticaloa Road', 'Kaliyodai Bridge']",False,A4
3316015809,2920465482,5187.78824642944,trunk,Pottuvil-Batticaloa Road,False,A4
3316122451,3316122459,23.340937045819977,trunk,Pottuvil-Batticaloa Road,True,A4
3316122451,1879056356,4222.499723398149,trunk,Pottuvil-Batticaloa Road,False,A4
3316122454,3316122455,3.085827186816691,trunk,,True,
3316122455,3316122459,10.671059706516392,trunk,,True,
3316122455,3316122451,22.33332748330671,trunk,Pottuvil-Batticaloa Road,True,A4
3316122459,3316122462,4.5106976359734,trunk,,True,
3316122462,9406713271,10.137190680929725,trunk,,True,
3316122462,2920465482,26.234505265659248,trunk,Pottuvil-Batticaloa Road,True,A4
3316122466,3316122454,6.907750527379625,trunk,,True,
3316122466,3316122472,21.677112401233927,trunk,Karativu-Ampara Road,True,A31
3316122472,1792802797,3022.565764413584,trunk,Karativu-Ampara Road,False,A31
3316122472,3316122454,22.175986525659233,trunk,Karativu-Ampara Road,True,A31
3320202230,3320202231,15.556216266189761,secondary_link,,False,
3320202230,1879056423,248.54895003624887,primary,Kalmunai-Chavalakadai Road,False,B187
3320202230,1879056356,65.09077499684443,primary,Kalmunai-Chavalakadai Road,False,B187
3320202231,3320202230,15.556216266189761,secondary_link,,False,
3320202231,1879056356,64.5857071147974,trunk,Pottuvil-Batticaloa Road,False,A4
3320202231,2661675127,258.5857659872131,trunk,Pottuvil-Batticaloa Road,False,A4
3320941671,3320941694,709.3008735143587,primary,Piliyandala Bypass Road,True,B639
3320941694,3498436089,29.27660367227939,primary_link,,True,
3320941694,3498436506,29.37988672253955,primary,Piliyandala Bypass Road,True,B639
3320941715,5344838927,43.25000588211353,primary,Piliyandala Bypass Road,True,B639
3320941715,3498446858,54.98563514167573,primary_link,,True,
3320941718,3498455027,51.580121764225524,primary,Piliyandala Bypass Road,True,B639
3320941718,5344838936,10.04794607805928,primary,Piliyandala-Maharagama Road,True,B367
3320941892,5968372677,12.207137315221852,primary_link,,False,
3320941892,3498458035,371.44290004267845,primary,Piliyandala Bypass Road,True,B639
3336196292,2093610245,14132.75626720475,secondary,Hurigaswewa - Meegalewa - Siyambalangamuwa Road,False,B568
3336196292,2093611607,9821.387710496156,secondary,Andarawewa - Balaluwewa Road,False,B501
3336196292,3867253810,9773.182095566044,secondary,Andarawewa - Balaluwewa Road,False,B501
3336273920,4914548524,6090.4117440259015,trunk,Anuradhapura Road,False,A9
3336273920,3336273922,57.571807219199925,trunk,Anuradhapura Road,True,A9
3336273922,7035050523,5.768149891664602,trunk_link,,False,
3336273922,1981147409,43.59435568255199,trunk,Anuradhapura Road,True,A9
3336273931,3518425516,42.90051088670433,primary,Thalawa Eppawala Road,True,B213
3336273931,5519615353,5509.039663200467,primary,Thalawa Eppawala Road,False,B213
3339667810,665246977,34.61294764441517,primary,Khan Clock Tower Roundabout,True,
3339667810,3186504907,38.2037851328907,primary,N. H. M. Abdul Cader Mawatha,True,AC20
3339929667,3339929672,39.802150658753646,trunk_link,,True,
3339929667,1307347933,39.43759681155867,trunk,Elvitigala Mawatha,True,AC8
3339929672,10660932982,1278.6522019442182,primary,Bauddhaloka Mawatha,True,AC2
3340914298,665240022,55.527288900292476,trunk,Slave Island Police Round About,True,
3340914298,6537213315,49.88188182087502,trunk,Kumaran Ratnam Road,True,A4
3340955133,3340955134,30.085886631574123,primary,Nawala Road,False,B470
3340955134,254033158,1656.1405936468739,primary,Nawala Road,False,B470
3340955134,618514969,101.40751750568768,primary,Nawala Road,True,B470
3340955134,3340955133,30.085886631574123,primary,Nawala Road,False,B470
3341955250,2280604896,2749.7044612902555,primary,Yatadolawatta Road,False,B481
3343547728,3211942093,3411.6991116410563,primary,"['Hedeniya-Medawala Road', 'Medawala-Poojapitiya Road']",False,B150
3343547728,5239569079,982.7053134266887,trunk,Galagedara Road,False,A10
3343547728,2131510192,1736.257507529388,trunk,Galagedara Road,False,A10
3345071366,324982229,56.69947109758319,primary,,False,B168
3345071366,2966142464,17.945750058354133,primary_link,,True,
3345071366,2966142468,31.70033647153059,primary,,False,B168
3345071368,3345071370,18.12428629855499,trunk,Colombo-Kandy Road,True,A1
3345071370,5559025503,9.22854841429462,primary_link,,True,
3345071370,2966142456,54.67373088701931,trunk,Colombo-Kandy Road,True,A1
3345073128,3345099186,132.58142933218704,secondary_link,,True,
3345099186,5559025764,14.03840997239628,primary,Ragama-Kadawatha Road,False,B168
3345099186,2026484605,4655.711514447414,primary,Ragama-Kadawatha Road,False,B168
3345099189,1645495724,4.033493697184259,primary,Ragama-Kadawatha Road,False,B168
3345099189,5559025764,29.884445871815373,primary,Ragama-Kadawatha Road,False,B168
3345099189,9634756041,128.78030257633915,secondary_link,,True,
3350172600,2646389088,5551.057010980805,primary,Ampara Airport Road,False,B16
3350317922,1684401588,14.527321517245039,primary,,True,
3350317922,1685790735,653.8448380137978,primary,Dharmapala Mawatha,False,B17
3350317932,3350317922,23.439861256528204,primary,,True,
3350317932,2082247570,767.1018783849072,primary,Dharmapala Mawatha,False,B17
3350595478,2082247572,15.166725344740293,trunk,,True,
3350595478,11715848170,650.8730815615457,trunk,D. S. Senanayake Road,True,A31
3350595479,3350596498,17.539221936446634,trunk,,True,
3350595479,1691716765,789.4442290373844,primary,Ampara-Inginiyagala Road,True,AB1
3350596498,2082247579,10.821338309223568,trunk,,True,
3351203885,1945644699,29257.229035089593,primary,Passara-Pelwatte Road,False,B359
3351203885,1720491739,6175.005006783508,trunk,Wellawaya-Pottuvil Road,False,A4
3351203885,1135398600,9735.630610187773,trunk,Wellawaya-Pottuvil Road,False,A4
3354483657,250731003,27.91280055613797,secondary,,False,
3354483657,618528183,66.10504827111384,trunk,Sri Jayewardenepura Mawatha,True,A0
3354661040,4582456531,103.41831612421407,trunk,,True,A4
3354684570,6513995673,2014.2965154990166,secondary,Japan Sri Lanka Friendship Road,True,
3354710539,4817240135,1392.32348905349,primary,Kaduwela Road (New Kandy Road),False,B240
3354710539,6719733717,26.03392400604599,primary_link,,True,B47
3354710539,256823957,17.243378200572835,primary,Kaduwela Road (New Kandy Road),False,B240
3354710540,3861760657,27.926596715291833,primary,Main Street (New Kandy Road),False,B240
3354710540,3404831124,14.006873405778869,primary,Main Street (New Kandy Road),False,B240
3355393361,3822140401,216.18628677742487,primary,Dr. C. W. W. Kannangara Mawatha (Alexandra Place),True,
3355393361,1278079633,27.927488851418985,trunk,Alexandra Roundabout,True,A0
3355393375,10682149765,247.3544818679681,trunk,Horton Place,True,A0
3355393375,269202456,14.737979758315205,trunk,Alexandra Roundabout,True,A0
3355393382,3355393375,3.7754321476227117,trunk,Alexandra Roundabout,True,A0
3355420037,13656692418,23.215293313569845,trunk,Clock Tower RB,True,
3364860601,33389197,8.24608039243566,primary_link,,True,
3364860601,3364860604,94.84551580272684,trunk,Anagarika Dharmapala Mawatha,True,New-A2/B535
3364860604,250131881,6.873470451487122,trunk_link,,False,
3364860604,970058024,358.644187823156,trunk,"['Mahaanaama Bridge', 'Anagarika Dharmapala Mawatha', 'Tangalle Road']",True,A2
3364860615,250131908,8.42739095440593,primary_link,,False,
3364860615,12856077384,529.5313303818152,primary,Dr. S. A. Wickramasinghe Mawatha (Station Road),False,B27-16
3364860615,3594319501,374.58377266643436,trunk,Anagarika Dharmapala Mawatha,True,New-A2/B535
3364864049,12335959161,27.8111631219767,trunk_link,,True,
3364864049,3410002327,23.258803062725217,trunk,Akuressa Road,True,A24
3364883416,3410002327,3.599486118443808,trunk,Anagarika Dharmapala Mawatha,True,New-A2/B535
3364883416,374112182,516.3713636514107,trunk,Akuressa Road,True,A24
3365313016,1397147766,7540.690899994431,secondary,"['Batawala-Pathegama Road', 'Midigama - Pathegama Road']",False,
3365313016,1640240442,16.954782016689002,secondary,Midigama - Pathegama Road,True,
3365313019,1640240442,14.686239287617566,trunk,Matara Road,False,A2
3365313019,10575124012,852.1762308761522,trunk,Matara Road,False,A2
3365313019,3365313016,13.909438842481869,secondary,Pathegama Road,True,
3366095884,3366095891,24.21340920700093,primary,,True,
3366095884,1650097484,39.35056223831742,primary,Beach Road,False,B524
3366095891,3697145064,159.75779198925596,primary,Beach Road,False,B524
3366095891,1744563108,14.05353728221348,primary,,True,
3366106297,1650097484,37.24321082018754,primary,Beach Road,False,B524
3366106297,3366095884,9.240457915431136,primary,,True,
3368441146,3379198802,8742.282605017075,secondary,Warapitiya - Mawarala Road,False,
3368441146,2078753475,7486.12994919447,primary,Mulatiyana-Urubokka,False,B415
3368441146,2078754584,7267.452618548403,primary,Mulatiyana-Urubokka,False,B415
3369556773,5222832139,9436.040304288832,secondary,Bulathsinhala - Galketiya - Molkawa Road,False,
3369556773,1994725664,21419.25209282525,primary,Kukulegama-Kelinkanda-Molkawa Road,False,B656
3369556773,560221199,11725.599192703467,primary,Molkawa Road,False,B584
3371892591,3220669258,68.99529975477745,primary,Weligepola-Handagiriya Road,False,B467
3371892591,3371893296,34.4361226876599,primary_link,,False,
3371892591,1994857493,10968.179849140746,primary,Weligepola-Handagiriya Road,False,B467
3371893296,3220669258,48.88751065350089,primary,Rajawaka-Kapugala Road,False,B593
3371893296,3371892591,34.4361226876599,primary_link,,False,
3371893296,2407176254,5979.003718893639,primary,Rajawaka-Kapugala Road,False,B593
3377393479,138713153,2.6756879941766463,trunk,,True,
3377484738,3396222638,895.6543929788647,primary_link,,True,
3377484738,3377554124,426.87170263471194,trunk,New Tissa Road,True,New-A2
3377484744,3377554166,212.2644823197938,trunk,New Tissa Road,True,New-A2
3377484745,1783645280,875.1442244743595,primary_link,,True,
3377484745,3377554171,484.7352361904056,primary,Hambantota-Gonnoruwa-Meegahajandura Road,True,B631
3377492839,1725061828,50639.86562190315,trunk,"['Trincomalee-Batticaloa Road', 'Panichchankeni Bridge', 'Batticaloa-Trincomalee Road', 'Verugal Aru Bridge']",False,A15
3377492839,1685803214,2379.9925456303636,trunk,Trincomalee-Batticaloa Road,False,A15
3377492839,1880414150,14726.653869966169,"['secondary', 'primary']",Palatoppu-Seruwawila Road,False,B347
3377554124,3377554136,247.17324768850847,trunk,New Tissa Road,True,New-A2
3377554125,3396222638,471.56761330086334,primary,Hambantota-Gonnoruwa-Meegahajandura Road,True,B631
3377554125,3377554124,456.11812961540716,primary_link,To Tissa,True,
3377554135,2544603913,238.65313992888736,primary,Hambantota-Gonnoruwa-Meegahajandura Road,True,B631
3377554136,3169248433,439.5450841721964,trunk,New Tissa Road,True,New-A2
3377554136,3377554135,490.98099325724314,primary_link,From Matara,True,
3377554166,3377554171,498.7621127174999,primary_link,From Tissa,True,
3377554166,1783645280,443.68200899275064,trunk,New Tissa Road,True,New-A2
3377554171,3377554125,242.91159113141748,primary,Hambantota-Gonnoruwa-Meegahajandura Road,True,B631
3377585348,3377585365,9.419153985111652,trunk_link,,False,
3377585348,6272264028,107.82792617081046,trunk,New Hambantota Road,True,New-A2
3377585365,3377585348,9.419153985111652,trunk_link,,False,
3377585365,6272264002,979.6450727397794,trunk,New Hambantota Road,True,New-A2
3377585366,1814571489,9.67514901466566,trunk_link,,False,
3377585366,6272264031,158.65435156347542,trunk,New Hambantota Road,True,New-A2
3377596120,3377596139,896.3039517837303,trunk,New Hambantota Road,True,New-A2
3377596120,3377606356,1239.8107078540404,trunk_link,,True,
3377596139,3676141026,2722.847953971229,trunk,New Hambantota Road,True,New-A2
3377598504,3377615207,223.1194311485005,trunk_link,,True,
3377598520,3669636229,1655.6513659305645,primary,Mirijjawila-Sooriyawewa Road,True,B562
3377606356,3377606357,226.00213560868798,trunk_link,,True,
3377606357,3377598520,1205.8215653167404,trunk_link,,True,
3377606357,3377606367,722.6772395234552,trunk_link,,True,
3377606367,6247562215,807.5507481033479,primary,Mirijjawila-Sooriyawewa Road,True,B562
3377606381,3377598504,1392.2698026703363,trunk_link,,True,
3377606381,3377598520,759.2601107303931,primary,Mirijjawila-Sooriyawewa Road,True,B562
3377606382,3377598504,590.0461237767032,trunk_link,,True,
3377606382,3377606367,927.2840225219068,primary,Mirijjawila-Sooriyawewa Road,True,B562
3377615196,3377606356,644.530968484064,trunk_link,,True,
3377615196,1814571632,939.9200275292449,trunk,New Hambantota Road,True,New-A2
3377615207,3377596139,1275.5284211914359,trunk_link,,True,
3377615207,1814571632,543.3806831385975,trunk_link,,True,
3377656967,1725061738,9207.078687198044,primary,Oddaimavadi-Vakaneri Road,False,B333
3377660265,3377660279,2357.228310918291,primary,Nasivantivu-Navalady Road,False,AB38
3377660279,1725061828,73.62134540856553,primary_link,,False,
3377660279,1725061816,78.5414288630466,primary_link,,False,
3377660279,3377660265,2357.228310918291,primary,Nasivantivu-Navalady Road,False,AB38
3377795308,1814571515,9.55328595224487,trunk_link,,False,
3377795308,3377919347,3941.3129249957333,primary,Hambantota-Gonnoruwa-Meegahajandura Road,True,B631
3377799428,3377799429,12.00313241690157,primary,,False,
3377799428,3378015268,446.76842187146,primary,Hambantota-Gonnoruwa-Meegahajandura Road,True,B631
3377799429,3377799428,12.00313241690157,primary,,False,
3377799429,3377803375,1141.5627828653908,primary,Hambantota-Gonnoruwa-Meegahajandura Road,True,B631
3377803375,3377803376,7.26699444719849,primary,,False,
3377803375,3377803385,560.5829205443478,primary,Hambantota-Gonnoruwa-Meegahajandura Road,True,B631
3377803376,3377803375,7.26699444719849,primary,,False,
3377803376,3377799428,1142.43305929816,primary,Hambantota-Gonnoruwa-Meegahajandura Road,True,B631
3377803384,3377803385,11.982268360221893,primary,,False,
3377803384,3377803376,563.3907835217819,primary,Hambantota-Gonnoruwa-Meegahajandura Road,True,B631
3377803385,3377803384,11.982268360221893,primary,,False,
3377803385,3726222386,159.37921953500955,primary,Hambantota-Gonnoruwa-Meegahajandura Road,True,B631
3377837110,3377837112,8.080525225969506,primary_link,,True,
3377837110,3377837114,12.36126588770953,primary,Hambantota-Gonnoruwa-Meegahajandura Road,True,B631
3377837112,1814571587,9537.476872691885,primary,Hambantota-Gonnoruwa-Meegahajandura Road,True,B631
3377837113,3377837112,13.941969344225438,primary,Hambantota-Gonnoruwa-Meegahajandura Road,True,B631
3377837113,3377837114,9.145335063391368,primary_link,,True,
3377837114,3726222385,5886.670294890488,primary,Hambantota-Gonnoruwa-Meegahajandura Road,True,B631
3377919347,1814571587,19.310171214317133,secondary,,False,
3377919347,3377837110,9548.422416987822,primary,Hambantota-Gonnoruwa-Meegahajandura Road,True,B631
3378015268,3378015269,8.535016966842111,primary,,False,
3378015268,3721669276,1401.4211086772598,primary,Hambantota-Gonnoruwa-Meegahajandura Road,True,B631
3378015269,3378015268,8.535016966842111,primary,,False,
3378015269,3377799429,445.4315372305507,primary,Hambantota-Gonnoruwa-Meegahajandura Road,True,B631
3379196495,3379198802,500.27282814722753,secondary,Warapitiya - Mawarala Road,False,
3379196495,2078754030,2904.8140284796377,secondary,,False,
3379196495,2078754919,6343.531734259114,secondary,,False,
3379198802,3379196495,500.27282814722753,secondary,Warapitiya - Mawarala Road,False,
3379198802,3368441146,8742.282605017086,secondary,Warapitiya - Mawarala Road,False,
3379198802,3533679913,2564.3746384314954,secondary,Deiyandara - Warapitiya,False,
3379393108,619883043,1471.4195900450406,trunk,High Level Road,False,A4
3379393108,1430578050,916.7595105447633,trunk,High Level Road,True,A4
3379422347,3379422350,472.0313194376863,primary,Parliament Approach,False,B532
3379422350,3379422351,6.544059230328138,primary,Parliament Drive,False,B531
3379422350,3379422347,472.0313194376863,primary,Parliament Approach,False,B532
3379422350,635165818,274.9018427951817,primary,Parliament Drive,False,B531
3379422351,3379422350,6.544059230328138,primary,Parliament Drive,False,B531
3379422351,250730985,426.3690893909475,primary,Parliament Drive,False,B531
3379422351,258051365,471.97805392128737,primary,Parliament Approach,False,B532
3379676395,6475692032,2.6533553095034597,trunk,,True,
3381632166,6250523961,10.066889324877197,primary_link,,False,
3381632166,6251876728,2076.3182592632897,primary,Sooriyawewa-Migahajandura Road,True,
3387391143,6545679856,22.758787943573633,primary,Yakkala-Radawana Road,True,B479
3387391143,667506531,2766.0859580455067,primary,Yakkala-Radawana Road,False,B479
3390634865,3390658487,1648.796002158344,trunk,Nanu Oya Road,False,A7
3390634865,77684317,210.64461658396417,trunk,Badulla Road,False,A5
3390634865,3815814909,941.8073108970433,trunk,Badulla Road,False,A5
3390636008,3682574805,9794.598901188674,trunk,"['Nuwara Eliya-Badulla Road', 'Badulla Road']",False,A5
3390636008,77684317,138.27039407974019,trunk,Badulla Road,False,A5
3390636008,198476911,80.72252903123477,primary,Race Course Round Road,False,B331-3
3390658487,247141016,4512.264223209642,trunk,"['Main Street', 'Nanu Oya Road']",False,A7
3390658487,198485623,13068.247846064334,primary,Blackpool-Ambewela Road,False,B512
3390658487,3390634865,1648.7960021583442,trunk,Nanu Oya Road,False,A7
3394212059,1780055690,1210.517002738954,primary,"['Masimbula Road', 'Bulutota Road', 'Hospital Road']",False,B383
3396222638,3377795308,3921.6356562607707,primary,Hambantota-Gonnoruwa-Meegahajandura Road,True,B631
3396258709,1979513513,1966.3623243553861,primary,Ampara-Inginiyagala Road,False,AB1
3396258709,3396258718,47.46041640996087,primary,,True,
3396258718,3396258709,50.13572236666647,primary,,True,
3396258718,1877385011,15024.184930475825,primary,"['Wadinagala-Inginiyagala Road', 'Ampara-Inginiyagala Road']",False,"['B350', 'AB1']"
3398081271,2568176821,44.848719048922625,primary,Access Road to Matara,True,B635
3398081271,3398081272,13.082009493974384,trunk,Matara-Akuressa Road,True,A24
3398081272,5771476347,32.6799657667704,trunk,Matara-Akuressa Road,True,A24
3398081272,2568176828,10.757796296532362,primary,Access Road to Matara,True,B635
3403175009,4457419930,3589.0790618777905,primary,Biyagama Road,False,B214
3403175009,4152530093,46.55596300056704,primary,Biyagama Road,False,B214
3403175009,4152530101,33.9444979102032,primary,Biyagama Road,False,B214
3403175022,4621924226,9.131426012236199,primary,Biyagama Road,False,B214
3403175022,4152530101,27.31408820702894,primary,Biyagama Road,True,B214
3403175022,324997506,34.584945026116756,trunk,Colombo-Kandy Road,True,A1
3404831124,256823957,10.473609978780202,primary,Kaduwela Road (New Kandy Road),False,B240
3404831124,3354710540,14.006873405778869,primary,Main Street (New Kandy Road),False,B240
3410002327,12335959161,26.55615417610603,trunk,Anagarika Dharmapala Mawatha,True,New-A2/B535
3410002327,1428670920,10.591249872085479,trunk_link,Anagarika Dharmapala Mawatha,True,
3410071521,5229028214,11668.968799192951,primary,Alawatugoda-Ankumbura-Keppetigala Road,False,B7
3410071521,1836349723,7636.17009670242,primary,Poojapitiya-Alawathugoda Road,False,B377
3410071521,1836349438,493.29836230353834,primary,Alawatugoda-Ankumbura-Keppetigala Road,False,B7
3415305649,3021911951,133.75766077497502,secondary,Sri Dalada Thapowana Vihara Mawatha,False,B489
3416291126,3617768739,229.42808258117606,secondary,Dr. Lester James Peiris Mawatha (Dickman's Road),True,
3416291126,618273393,1062.5597684573163,trunk,"['R. A. de Mel Mawatha', 'Dharmarama Road']",True,
3416291126,3742192428,511.9762134300464,secondary,Dr. Lester James Peiris Mawatha (Dickman's Road),False,
3416397811,1314754534,10341.462534823571,primary,"['Wattegama Road', 'Ukuwela Road']",False,B462
3416397811,3856554872,316.72582722546053,primary,Elkaduwa Road,False,B462
3416397811,1157613973,12007.108266822448,primary,Elkaduwa Road,False,B461
3422963193,5375634189,1167.499429696583,"['primary', 'trunk']","['Anagarika Dharmapala Mawatha', 'Weera Madduma Bandara Mawatha', 'Sangaraja Mawatha']",False,"['A26', 'B195', 'B608']"
3422963193,13676334893,19.54804986943897,trunk,Anagarika Dharmapala Mawatha,False,A26
3425048799,2088167963,12634.535879536086,primary,Matugama Road,False,B157
3425048799,311128308,37.6340885890701,primary,Matugama Road,True,B157
3425048815,3425048799,13.848021546590989,primary,Matugama Road,True,B157
3431855593,3431855628,28.915224845771476,trunk,Peliyagoda Roundabout,True,
3431855593,4621924226,440.01277822277507,trunk,Colombo-Kandy Road,True,A1
3431855608,6721834897,153.05859778854773,trunk_link,,True,
3431855608,3431855654,14.96451760353407,trunk,Peliyagoda Round About,True,
3431855628,2505983167,5.669310206910175,trunk,Peliyagoda Roundabout,True,
3431855630,3431855593,7.0761770944013085,trunk,Peliyagoda Roundabout,True,
3431855654,3431855630,148.92339031673117,trunk,Colombo-Kandy Road,True,A1
3431855654,4388603895,23.856117826151163,trunk,Peliyagoda Round About,True,
3431908601,2499283524,7.363630222706257,trunk,Negombo Road,True,A3
3431908601,5216483996,43.46576687130195,trunk,Peliyagoda Interchange Access Road,True,B634
3432403049,617816305,59.75210525526934,secondary,Thoppuwa-Nattandiya-Madampe Road,True,B419
3432403049,3432403070,13.510036721412117,primary,,True,
3432403050,6495926129,1.995071241393194,primary,,True,
3432403052,3432403049,12.166845692605985,primary,,True,
3432403070,3432403079,1.1570597053577982,primary,,True,
3432403079,2199336301,64.86721885180512,primary,Negombo-Kurunegala Road,True,B308
3432403079,3432403050,12.974349034142865,primary,,True,
3445493696,2164965848,268.2911473740893,primary,Akuressa Bypass Road,False,B636
3445493696,2190932692,13300.088863971316,trunk,Deniyaya Road,False,A17
3445493696,2190965800,257.0597871427326,trunk,Deniyaya Road,False,A17
3448778695,651747031,912.2766141263276,trunk,Galle Road,False,A2
3448778695,665685929,43.45209181571613,trunk,Galle Road,True,A2
3448778696,6266463975,86.22740982361728,trunk,Galle Road,True,A2
3448778696,665685929,74.25288688339369,trunk,Galle Road,True,A2
3448830936,3448831164,9684.000727661316,secondary,,False,
3448830936,3448831164,9054.836391686462,primary,"['Dambokka-Katupitiya Road', 'Rambukkana-Katupitiya Road']",False,"['B384', 'B87']"
3448830936,2362937346,4994.334813279775,primary,Dambokka-Katupitiya Road,False,B87
3448831164,3448830936,9684.000727661312,secondary,,False,
3448831164,3448830936,9054.83639168647,primary,"['Dambokka-Katupitiya Road', 'Rambukkana-Katupitiya Road']",False,"['B384', 'B87']"
3448831164,2362937081,2683.0411745113333,primary,Rambukkana-Katupitiya Road,False,B384
3453321762,2015265429,2306.0871012725893,primary,Morontota-Arandara Road,False,B602
3453321762,3221213836,5904.126345475599,primary,Morontota-Arandara Road,False,B602
3453321762,3220025120,14462.077829290107,primary,"['Paragammana-Dikella-Atugoda-Wanduradeniya Road', 'Atugoda Road', 'Paragammana - Atugoda Road']",False,B604
3454145592,10081650052,1424.4604565359652,secondary,,False,
3454145592,2398925514,4185.714255029368,primary,Bibile-Pitakumbura-Namal Oya-Inginiyagala Road,False,B527
3454145592,2055607563,5363.282630601166,primary,Bibile-Pitakumbura-Namal Oya-Inginiyagala Road,False,B527
3470537530,1138480058,4275.861752375986,primary,Elpitiya Road,False,B14
3470537530,7183441660,5478.482764644035,primary,Elpitiya Road,False,B14
3470537530,3470538976,9473.980429001464,secondary,Uragaha - Karandeniya Road,False,
3470538976,1094458277,13960.352895015629,primary,Elpitiya Road,False,B55
3470538976,1721462757,873.8649571601491,primary,Kosgoda-Uragaha Road,False,B558
3470538976,3470537530,9473.980429001462,secondary,Uragaha - Karandeniya Road,False,
3470538976,2904638859,12613.614941498849,primary,"['Uragaha Road', 'Elpitiya Road']",False,B55
3474422106,847851287,41.47227391481373,trunk,Jaffna-Kandy Road,True,AA009
3474422106,4136824664,12.265281247766945,trunk,,True,AA032
3476487649,5286960407,1696.973193729701,secondary,,False,
3476851295,3476851315,25.21071467080007,trunk,,True,
3476851295,1895649423,1446.6175644160564,trunk,Trincomalee Road,False,A15
3476851315,3476851295,21.36988124874281,trunk,,True,
3476851315,1895831908,10743.673327099521,trunk,Trincomalee Road,False,A15
3477921642,5559025441,11.477810783024099,primary,,True,
3477921642,5559025440,23.957002564975852,primary,Kadawatha-Ganemulla Road,False,B58
3477921644,5559025442,20.76605531084671,primary,Kadawatha-Ganemulla Road,False,B58
3477921644,3477921642,24.678833212959873,primary,,True,
3478101817,3033937981,38.70389664569417,trunk_link,,True,
3478101817,258029175,330.73935940256285,trunk,Sirimavo Bandaranaike Mawatha (Peradeniya Road),True,A1
3478551526,844679704,7.324249752360086,secondary_link,,False,
3478551526,733573148,170.8495359950517,trunk,Colombo-Kandy Road,True,A1
3484165078,1797858594,13721.046432961231,primary,Idangoda-Ayagama Road,False,B160
3484165078,1796923068,23221.271694231596,secondary,Bulathsinhala - Gawaragiriya - Ayagama Road,False,
3484165078,1994703248,16212.676855482006,primary,Ayagama-Kukulegama Road,False,B34
3487940314,6721834897,303.2813914111211,trunk,Approach Road to Katunayake Expressway,False,
3491079315,621150239,738.1756997155176,primary,Biyagama Makola Road,False,B632
3491079315,621126052,81.50899024131168,primary,Biyagama Makola Road,False,B632
3491079315,3491079318,51.217800974068595,primary_link,,False,
3491079318,3491079315,51.217800974068595,primary_link,,False,
3491079318,621126052,53.641395174183366,primary,Kiribathgoda-Makola-Sapugaskanda Road,False,B221
3491079318,403841847,3006.5064412537395,primary,"['Pattiwila-Makola Road', 'Kiribathgoda-Makola-Sapugaskanda Road']",False,"['B221', 'B362']"
3491135822,3491135824,22.961158420503565,trunk_link,,True,
3491135822,1797964180,28.737815284916437,trunk,Ratnapura Road,True,A4
3491135824,3491138212,91.24184120053953,trunk,Yatiyantota Road,False,A7
3491135824,1797964180,26.572622027013615,trunk,Yatiyantota Road,False,A7
3491138210,3510278658,75.00977498323724,primary,Dharmapala Mawatha,True,AB6
3491138212,3095525776,27.876916150565187,trunk,Yatiyantota Road,False,A7
3491138212,3491135824,91.24184120053951,trunk,Yatiyantota Road,False,A7
3491138212,3491138210,21.650966114601548,trunk_link,,True,
3492721845,1881982405,11562.029135372402,secondary,Kahatagasdigilya - Ratmalgahawewa - Kivulekade Road,False,B538
3492721845,1881982667,3829.608308712307,trunk,Vavuniya-Horowpotana Road,False,AA029
3492721845,1740742111,18180.852386889834,trunk,Vavuniya-Horowpotana Road,False,AA029
3492736839,6543091755,1587.0195348004886,primary,Akuressa Road,False,B238
3492736839,98554099,11269.667251629295,primary,Yakkalamulla-Imaduwa Road,False,B238
3492736839,2164965848,19224.041214063698,primary,"['Akuressa-Ketanwila Road', 'Yakkalamulla-Ketanwila Road']",False,"['B4', 'B480']"
3492878507,2079870056,51.03222911782167,trunk_link,,True,
3492878507,2079870063,5096.1265633750845,trunk,Navakkuli - Kerativu - Mannar Road,False,AA032
3498436079,3570836873,784.2148196618682,primary,Colombo - Horana Road,False,B84
3498436079,3498436083,61.74055197612689,primary,Colombo-Horana Road,True,B84
3498436083,7062446559,8.672443291682319,primary,Colombo-Horana Road,True,B84
3498436089,3498436079,33.1115853125164,primary,Colombo-Horana Road,True,B84
3498436506,3498436089,26.028873898619338,primary,Colombo-Horana Road,True,B84
3498436506,3498436083,10.830979268803029,primary,Piliyandala Bypass Road,True,
3498446842,13437079224,5.357584432149717,primary,Piliyandala-Maharagama Road,True,B367
3498446844,3320941718,37.78167226004036,primary,Piliyandala-Maharagama Road,True,B367
3498446844,3498455027,77.59609726684216,primary_link,,True,
3498446858,3803845891,18.332488454848697,primary,Piliyandala-Maharagama Road,True,B367
3498455027,3498455046,999.9354001920944,primary,Piliyandala Bypass Road,True,B639
3498455031,5344838936,33.37753121731499,primary,Piliyandala Bypass Road,True,B639
3498455031,3498446842,42.63377146628073,primary_link,,True,
3498455036,5968356282,22.27063235329241,primary,Piliyandala Bypass Road,True,B639
3498455036,5968393657,9.468345870240093,primary,Piliyandala - Kottawa Road,True,B267
3498455040,4019531402,24.83500117970363,primary,Piliyandala - Kottawa Road,True,B267
3498455046,5968326761,26.42024146020908,primary,Piliyandala Bypass Road,True,B639
3498455046,5344838908,49.81463396111351,primary_link,,True,
3498455049,3498455036,16.726339357994014,primary,Piliyandala - Kottawa Road,True,B267
3498455049,5968356282,23.563577435532554,primary_link,,True,
3498455050,3498455031,1007.5455148428964,primary,Piliyandala Bypass Road,True,B639
3498458033,3498458036,43.27630036598055,primary,Kesbewa-Kosgashandiya Road,True,B510
3498458033,665006657,728.8912988356842,primary,Kesbewa-Kosgashandiya Road,False,B510
3498458035,3498458036,16.4221716282407,primary,Piliyandala Bypass Road,True,B639
3498458035,3498458033,40.224661781989866,primary,Kesbewa-Kosgashandiya Road,True,B510
3498458036,5968372655,11.273448756003306,secondary,Kesbewa-Kosgashandiya Road,True,
3498458036,3498479737,212.3350089680115,primary,Piliyandala Bypass Road,True,B639
3498479727,3498479747,65.66452624485507,primary,Kesbewa - Kindelpitiya - Bandaragama Road,True,B216
3498479727,1446610177,12028.44230061349,primary,Kesbewa - Kindelpitiya - Bandaragama Road,False,B216
3498479737,3498479748,14.163543216972014,primary,Piliyandala Bypass Road,True,B639
3498479737,254365532,197.1636544073749,primary,Colombo - Horana Road,True,B84
3498479741,5968372698,18.923121005606276,primary,Colombo - Horana Road,True,B84
3498479741,5968372641,29.46121302572579,primary_link,,True,
3498479745,257673145,1175.584977626842,primary,Colombo - Horana Road,False,B84
3498479745,3498479741,36.11860702346475,primary,Colombo - Horana Road,True,B84
3498479747,5968372698,13.418927065543942,primary,Piliyandala Bypass Road,True,B639
3498479747,3498479745,60.30507534315143,primary,Colombo - Horana Road,True,B84
3498479748,3498479760,19.806526025103548,primary,Kesbewa - Kindelpitiya - Bandaragama Road,True,B216
3498479748,3498479747,12.589045195324047,primary,Colombo - Horana Road,True,B84
3498479749,3498479748,25.572011428844025,primary,Colombo - Horana Road,True,B84
3498479749,3498479760,28.740904740283703,primary_link,,True,
3498479760,3498479727,41.00287226023868,primary,Kesbewa - Kindelpitiya - Bandaragama Road,True,B216
3502106854,275517837,131.07660321467512,primary,Kotte Road,True,
3502106859,619152165,92.56289930267454,trunk,Sri Jayewardenepura Mawatha,True,A0
3502106859,3502106854,107.92314866532053,trunk_link,Perakumba Mawatha,True,
3502161783,3502161785,48.715377975006604,primary_link,,True,
3502161783,6513598497,599.0976989588094,primary,Denzil Kobbekaduwa Mawatha,False,AB15
3502161783,3502161784,31.500974901253436,primary,Denzil Kobbekaduwa Mawatha,False,AB15
3502161784,3502161785,29.944533209671555,primary,Pelawatte Road,True,B47
3502161784,5157977022,9.164922573546498,primary,Denzil Kobbekaduwa Mawatha,False,AB15
3502161784,3502161783,31.500974901253436,primary,Denzil Kobbekaduwa Mawatha,False,AB15
3502161785,2974015141,630.0135114750383,primary,Pelawatte Road,True,B47
3502162896,3502161783,48.54140669842033,primary_link,,True,
3502162896,3502161784,33.77623051798688,primary,Pelawatte Road,True,B47
3504273406,9075842334,8.253250544644454,primary_link,,False,
3504273406,6260384161,558.8603099143222,primary,Colombo-Piliyandala-Horana Road,True,B84
3510278658,309033793,663.2803121137661,trunk,Ratnapura Road,False,A4
3510278658,3491135822,84.79047740965363,trunk,Ratnapura Road,True,A4
3514813026,5153486356,204.4893477543284,primary,Old Dedugala Road,False,
3514813026,5153486366,111.62171229617402,trunk,Kegalle-Bulathkohupitiya-Karawanella Road,False,A21
3514813026,3120470733,3487.879698449874,trunk,Kegalle-Bulathkohupitiya-Karawanella Road,False,A21
3514826047,3514826055,5128.7129856083975,primary,Parussella-Panapitiya Road,False,B358
3514826047,2015265415,4807.631434322453,trunk,Kegalle-Bulathkohupitiya-Karawanella Road,False,A21
3514826047,5153486366,5045.141135893115,trunk,Kegalle-Bulathkohupitiya-Karawanella Road,False,A21
3514826055,3514826047,5128.712985608395,primary,Parussella-Panapitiya Road,False,B358
3514826055,3216973602,3869.2170090563754,primary,Yatiyantota-Punugala-Sea Forth Road,False,B482
3514826055,7026519236,21016.995818498555,primary,Yatiyantota-Punugala-Sea Forth Road,False,B482
3517300085,3517300319,675.2328290479438,primary,Upcot Road,False,B330
3517300319,1222995635,8695.952185261533,primary,Maskeliya-Upcot Road,False,B273
3517300319,3195561861,11402.937786616134,primary,Upcot Road,False,B330
3517300319,3517300085,675.2328290479437,primary,Upcot Road,False,B330
3517327762,13756203795,21778.92982067129,primary,Lindula-Agarapathana-Dayagama Road,False,B252
3517327762,2608995079,3864.121893171224,trunk,"['Main Street', 'Nanu Oya Road']",False,A7
3517327762,247140495,6773.409854846219,trunk,Nanu Oya Road,False,A7
3517629552,3206169196,42.94375030898011,primary,Biyagama Makola Road,False,B632
3517629552,2087105380,2511.0817699610675,primary,Biyagama Makola Road,False,B632
3517629554,3206169196,50.47404190735573,primary,New Kandy Road,False,B214
3517629554,3517629552,55.5617857192454,primary_link,,True,
3517629554,639127240,2182.9768352619612,primary,New Kandy Road,False,B214
3518417590,1880627813,9359.640588605884,trunk,Kandy-Jaffna Road,False,A9
3518417590,3518418201,33.69859423693312,trunk,Kandy-Jaffna Road,True,A9
3518418193,3518418208,15.44232637093187,trunk,,True,
3518418193,3518418194,36.886143032202234,trunk,Kandy-Jaffna Road,True,A9
3518418194,3518418208,34.44669594007705,trunk,Kandy-Jaffna Road,True,A9
3518418194,4139580626,6550.890845401829,trunk,Anuradhapura Road,False,A9
3518418196,1028522781,4743.710566605695,trunk,Kandy Road,False,A13
3518418196,3518418214,24.42135861819491,trunk,Kandy Road,True,A13
3518418199,3518418201,14.234622021683924,trunk,,True,
3518418199,3518417590,30.59886203465081,trunk,Kandy-Jaffna Road,True,A9
3518418201,3518418193,12.85842737028445,trunk,,True,
3518418203,3518418214,15.986331289874034,trunk,,True,
3518418203,3518418196,28.761880112420098,trunk,Kandy Road,True,A13
3518418208,3518418203,9.00882803387226,trunk,,True,
3518418214,3518418199,2.648508125146448,trunk,,True,
3518425501,3518425520,20.243743246645987,trunk,,True,
3518425501,5302260394,158.98211761454428,trunk,Anuradhapura Road,True,A9
3518425508,3518425514,15.87414927649373,trunk,,True,
3518425508,7035050524,178.6116892342132,trunk,Anuradhapura Road,True,A9
3518425514,3518425501,20.671097726236418,trunk,,True,
3518425516,3518425508,2.819194693942868,trunk,,True,
3518425520,3518425530,5.366374003438371,trunk,,True,
3518425530,3518425516,18.008650759599437,trunk,,True,
3518425530,3336273931,49.415504972310906,primary,Thalawa Eppawala Road,True,B213
3518433775,2906906430,8087.0729276489,primary,Thalawa Eppawala Road,False,B213
3518433775,2093611084,5449.087464292767,primary,Thalawa Eppawala Road,False,B213
3518433775,3518437204,10820.06119865415,secondary,,False,
3518437204,567011739,4868.34211294909,trunk,Anuradhapura Road,False,A9
3518437204,567011644,6027.422589111788,trunk,Anuradhapura Road,False,A9
3518437204,3518433775,10820.06119865415,secondary,,False,
3521385523,12708048694,2312.557328611215,secondary,,False,
3521385523,1792755975,656.7312376368504,secondary,,False,
3521385523,12706498838,2479.0335371975566,secondary,ආයුර්වේද පාර,False,
3521419922,3603503554,1452.6490512674154,primary,Biyagama Road,False,B214
3521419922,5064507311,115.83440722036809,primary,Biyagama Road,False,B214
3521419922,5064507314,116.97909430169622,primary,Biyagama Road,False,B214
3521510211,5373596576,6.93671175368716,secondary,Old Kesbawa Road,True,B134
3521510211,3504273406,673.3220366160874,primary,Colombo-Piliyandala-Horana Road,True,B84
3521510213,9075842367,31.771683037265483,primary_link,,True,
3521510213,4860202575,15.078576678628188,primary,Old Kesbawa Road,True,B134
3521592487,3902482154,27.75946804466681,primary,Dehiwela Road (Dehiwela-Maharagama Road),True,B94
3521592487,3521595117,10.605925374655817,primary,,True,B84
3521595117,3902482146,12.334191842505827,primary,Dehiwela-Maharagama Road,True,B94
3521595117,3902482140,20.376471967634263,primary,Colombo - Horana Road,True,B84
3521595120,3521595128,20.421711297311397,primary,Dehiwela Road (Dehiwela-Maharagama Road),True,B94
3521595120,3902482859,36.86868918913911,primary_link,,True,
3521595128,3521592487,11.861125340737791,primary,Dehiwela-Maharagama Road,True,B94
3521595128,3902482859,28.31029227948259,primary,Colombo-Piliyandala-Horana Road,True,B84
3522137034,7927504077,13267.043280677937,secondary,Madatugama-Pubbogama-Andiyagala Road,False,B556
3522137034,3522137035,3.8829599190135573,primary,,True,
3522137035,3522179237,14024.998663093034,primary,Kalawewa-Galewela Road,False,B423
3522137035,3522137041,36.31827767798241,primary,,True,
3522137041,566569273,9437.600382531407,primary,Kalawewa-Galewela Road,False,B423
3522137041,3522137034,19.607499282132125,primary,,True,
3522149870,3522149875,31.186512414859564,primary,Kalawewa-Galewela Road,True,B423
3522149870,3522179237,5866.5750518452705,primary,Kalawewa-Galewela Road,False,B423
3522149875,12488644097,9.253350098388191,primary_link,,True,
3522149875,7765135906,459.77472998543715,trunk,Kurunegala-Dambulla Road,True,A6
3522174528,3522179254,5676.731753527625,secondary,Moragolla Road,False,
3522179237,3522179254,3109.311645763393,secondary,Moragolla Road,False,
3522179237,3522149870,5866.575051845271,primary,Kalawewa-Galewela Road,False,B423
3522179237,3522137035,14024.998663093027,primary,Kalawewa-Galewela Road,False,B423
3522179254,3522174528,5676.731753527624,secondary,Moragolla Road,False,
3522179254,3522179237,3109.3116457633923,secondary,Moragolla Road,False,
3522179254,7198864573,3435.5650390408587,secondary,,False,
3527283166,2398934524,30026.20756784539,trunk,Badulla-Chenkaladi Road,False,A5
3527283166,1945644699,2575.5535506353035,trunk,Badulla-Chenkaladi Road,False,A5
3527283166,2400768904,16350.201982772052,trunk,Passara-Moneragala Road,False,A22
3528785030,12062438411,731.4291158927045,secondary,K. B. Christie Perera Mawatha (Jampettah Street),False,
3528785030,5904513234,28.877617518302003,secondary,K. B. Christie Perera Mawatha (Jampettah Street),True,
3533679913,2078754030,3347.0306598535803,secondary,,False,
3533679913,3379198802,2564.374638431496,secondary,Deiyandara - Warapitiya,False,
3533679913,2078753333,7654.523376357109,secondary,Deiyandara - Warapitiya,False,
3537884133,598716088,1288.8994598748668,secondary,Malabe-Kottawa Road,False,
3537884133,3647984170,1637.816924847313,secondary,Malabe-Kottawa Road,False,
3537884133,617219704,1386.345551333295,secondary,Hokandara-Talawatugoda Road,False,
3538149112,619227153,75.46416618833499,primary,"['Panchikawatte Road', 'Sri Sangaraja Mawatha']",True,"['AC22', 'A1']"
3538149112,619227137,33.11964171390482,trunk,Sri Sangaraja Mawatha,True,A1
3538150716,6277581690,25.735840248056896,secondary,St. Sebastian Hill,True,
3538150718,3538150716,26.260349189919573,secondary_link,,True,
3538150718,3538180787,12.206551464421045,trunk,Olcott Mawatha,True,A1
3538180787,10268955041,18.640250588389993,trunk,Sri Sangaraja Mawatha,True,A1
3538180787,3538150716,29.38640129354971,secondary,St. Sebastian Hill,True,
3540609796,3145713375,15.777008478146765,primary,Malabe - Athurugiriya Road,False,B240
3540609796,617228235,3686.4935555390125,secondary,Kahanthota Road,False,
3540609796,617190011,850.9729361460658,primary,"['Athurugiriya Road', 'Malabe - Athurugiriya Road']",False,B240
3547525265,610929939,4579.49637547735,primary,Weeraketiya-Debokkawa Road,False,B623
3547525265,3635049258,4217.287253358798,primary,Abakolawewa-Morayaya-Gonadeniya Road,False,B625
3547525265,3635049258,1537.6815837994657,primary,Weeraketiya-Debokkawa Road,False,B623
3548926813,11854288259,24.026776894989208,primary,Bibile-Mahiyangana Road,False,B57
3548926813,4509879174,5340.834710472297,primary,Bibile-Mahiyangana Road,False,B57
3548926831,5059861884,4252.944563637052,primary,Andaulpotha Road,False,B36
3548926831,2055570486,8194.595900838907,primary,Badulla-Mahiyangana Road,False,B580
3548926831,3770695580,432.63700542282584,primary,Badulla-Mahiyanganaya Road,False,B36
3549382890,4085806761,25.08952523242617,primary,Katunayake-Veyangoda Road,False,B208
3549382890,3687641055,135.38400079273194,primary,Katunayake-Veyangoda Road,False,B208
3549382890,4085806765,26.07607494159226,secondary,Veyangoda bypass Road,False,
3556443371,3538180787,37.97593791528092,primary,Orabi Pasha Mawatha,True,AC19
3556443371,3799736775,207.0950925091512,"['primary', 'trunk']","['Olcott Mawatha', 'Orabi Pasha Mawatha']",True,"['A1', 'AC19']"
3556443371,3556443375,47.61761537315616,"['primary', 'trunk']","['Orabi Pasha Mawatha', 'Sri Sangaraja Mawatha']",True,"['A1', 'AC19']"
3556443375,3538149112,562.6836587998164,trunk,Sri Sangaraja Mawatha,True,A1
3557360283,2165097325,4799.844181773365,secondary,Palolpitiya - Hathamuna Road,False,
3557360283,1639380623,1566.7961612791946,primary,Matara-Hakmana Road,False,B275
3557360283,1529199964,3147.183355455406,primary,Matara-Hakmana Road,False,B275
3557474353,258025225,2254.092448554568,trunk,Habarana-Trincomalee-Batticaloa Road,False,
3557474353,4397554917,13.000219076448541,trunk,Habarana Roundabout,True,
3557474363,6540075345,15267.57303482075,trunk,Maradankadawala-Habarana Road,False,A11
3557474363,13942702875,13.50728797926756,trunk,Habarana Roundabout,True,
3557522184,5576657112,1222.9774279647122,trunk,Puttalam-Anuradhapura-Trincomalee Road,False,AA012
3557522184,3204549182,11258.29445182099,trunk,Puttalam-Anuradhapura-Trincomalee Road,False,AA012
3557522184,1881982405,16928.033703958135,primary,Medawachchiya-Horowpotana Road,False,B282
3570607529,3570607534,11.876728895281284,primary,,False,
3570607529,3721669277,464.4668606262095,primary,Hambantota-Gonnoruwa-Meegahajandura Road,True,B631
3570607534,3570607529,11.876728895281284,primary,,False,
3570607534,6250524007,538.4717277686443,primary,Hambantota-Gonnoruwa-Meegahajandura Road,True,B631
3570836873,3498436079,784.2148196618681,primary,Colombo - Horana Road,False,B84
3570836873,3570836884,56.38946481159979,primary,Colombo-Horana Road,True,B84
3570836878,3570836893,7.4905384199608545,primary,Colombo-Horana Road,True,B84
3570836878,2558457385,86.855478627033,primary,Moratuwa-Piliyandala Road,False,B295
3570836882,257673145,984.2364120450225,primary,Colombo - Horana Road,False,B84
3570836882,3570836878,64.23259056462408,primary,Colombo-Horana Road,True,B84
3570836884,3570836895,8.068497187282603,primary,Colombo-Horana Road,True,B84
3570836884,13437079225,541.0501629325951,primary,Piliyandala-Maharagama Road,True,B367
3570836887,3570836873,24.32028409260001,primary,Colombo-Horana Road,True,B84
3570836892,3570836893,30.21576561095753,primary,Moratuwa-Piliyandala Road,False,B295
3570836892,2558457385,54.11304951837325,primary,Moratuwa-Piliyandala Road,False,B295
3570836892,3570836887,43.02446447250736,primary_link,,True,
3570836893,3570836892,30.21576561095753,primary,Moratuwa-Piliyandala Road,False,B295
3570836893,3570836887,32.034867440437324,primary,Colombo-Horana Road,True,B84
3570836893,3570836884,8.191896514919474,primary_link,,True,
3570836895,3570836878,8.60077484587642,primary_link,,True,
3570836895,3570836882,64.07824107782082,primary,Colombo-Horana Road,True,B84
3574703794,250731003,12.22011254754298,trunk,Sri Jayewardenepura Mawatha,True,A0
3575249194,5248343532,20.564412711417166,trunk,Ambepussa-Kurunegala Road,True,A6
3575249194,9562328834,8.768530218060635,primary,"['Bauddhaloka Mawatha', 'U. B. Wanninayake Mawatha']",True,B82
3577854817,2155634701,733.559371749026,primary,Old Negombo Road,False,AB40
3577854817,1438094658,1484.8152890343395,primary,Kiribathgoda-Hunupitiya Road,False,B151
3577854817,4147052689,39.8055502430348,primary_link,,True,
3577871618,2155634701,6.671063876433892,primary_link,,False,
3577871618,403899740,718.9887357568614,trunk,Negombo Road,True,A3
3578067389,6017749566,1315.7505556754886,secondary,Alagalla Road,False,C071
3580607301,2176866777,7494.649821012322,secondary,Deniyaya - Pallegama Road,False,
3584750699,4897028998,1408.4353342149195,primary,St. Andrew's Drive,False,B249
3584750699,49371992,552.0827390859298,trunk,Kandy Road,False,A5
3584750699,3254670926,20790.35096038325,trunk,"['Kandy Road', 'Nuwara Eliya Road']",False,A5
3586058703,3586058707,156.1054690423899,primary,Galagedara Bypass,False,B647
3586058703,3064234204,410.3722579881458,primary,Galagedara-Rambukkana Road,False,B122
3586058703,5547928141,18071.373621086637,primary,Galagedara-Rambukkana Road,False,B122
3586058707,3586058703,156.10546904238993,primary,Galagedara Bypass,False,B647
3586058707,3064234503,11915.07449541963,trunk,Kurunegala - Kandy Road,False,A10
3586058707,4394543338,280.7936761390316,trunk,Kurunegala - Kandy Road,False,A10
3586109085,2910209739,16674.050233341426,"['secondary', 'primary']","['Nagalla Estate Road', 'Rattota-Gammaduwa Road']",False,B392
3590783632,598168274,5360.808138671394,primary,Keppetipola-Boralande-Haputale Road,False,B353
3590783632,598168119,3297.788121252614,primary,Keppetipola-Boralande-Haputale Road,False,B353
3590783632,2521206592,5462.360889172557,primary,"['Diyatalawa Road', 'Walgahawela Road']",False,B105
3590886013,10112981124,234.81614764246999,secondary,Udakendagolla Road,False,
3590886031,4836504654,1663.5170753079192,secondary,Udakendagolla Road,False,
3591084262,263155120,3715.249965668684,trunk,Kandy Road,False,A5
3591084262,3871146838,22.772129577388295,trunk,Kandy Road,True,A5
3591964802,445969634,15.232435503127205,trunk,Colombo-Kandy Road,False,A1
3591964802,3224668762,41.90693057738668,trunk,Old Colombo Road,True,A1
3591964802,10578430168,1265.2682266279915,primary,New Kandy Road,False,B583
3592104626,3799781562,33.37342122665288,primary,Gampaha-Mriswatta Road,False,B288
3592104626,3592104628,28.63534362574603,primary,Gampaha-Mriswatta Road,False,B288
3592104626,1292992471,664.6976487979948,primary,Gampaha-Mriswatta Road,False,B288
3592104628,3799781562,20.5309062188661,trunk,,True,
3592104628,3592104626,28.63534362574603,primary,Gampaha-Mriswatta Road,False,B288
3592199657,77374761,1122.744814277274,primary,Beliatte-Tangalle Road,False,B141
3592199657,3261661183,4192.2931599438725,primary,Beliatte-Tangalle Road,False,B141
3592199657,102737846,8712.813464869041,primary,"['Pelapota-Beliatte Road', 'Tangalle-Kurundupokuna Road', 'Kadurupokuna-Pelapota Road']",False,B628
3592213984,3261661183,1325.9554035875835,primary,Beliatte-Tangalle Road,False,B141
3592213984,3279674224,775.0419157400815,primary,Beliatte-Tangalle Road,False,B141
3592213984,3592218007,1087.6213602685286,secondary,Indipokunagoda Road,False,
3592218007,3592213984,1087.6213602685284,secondary,Indipokunagoda Road,False,
3592218007,1841475983,314.9885980934355,trunk,Matara-Hambantota Road,False,A2
3592218007,102737846,432.4873255749472,trunk,Matara-Hambantota Road,False,A2
3594038163,6247562251,2.240911307683517,trunk,,True,
3594038164,610944381,189.98536548919057,primary,Mirijjawila-Sooriyawewa Road,True,B562
3594038164,3594038163,10.866854048047976,trunk,,True,
3594147916,3697151657,7.458104160096136,trunk,New Tangalle Road,True,A2
3594319500,3594319501,7.2194542503378365,primary_link,,True,
3594319500,250131908,369.96341180538894,trunk,Anagarika Dharmapala Mawatha,True,New-A2/B535
3594319501,12856077384,331.43760541359075,primary,Matara-Hakmana Road,True,B275
3594319501,3364860601,15.07014417501022,trunk,Anagarika Dharmapala Mawatha,True,New-A2/B535
3594762775,1812292194,779.0532263657223,secondary,Maligathenna Road,False,
3597945583,5052793628,11356.531019184453,secondary,Nikaweratiya - Maho - Madagalla Road,False,B326
3597945583,3663534823,15.498053589338243,secondary,,True,
3600449270,621150239,1320.1217691733414,primary,Biyagama Makola Road,False,B632
3600449270,7903823164,98.88674875323555,primary,Biyagama Makola Road,True,B632
3600553558,4784496254,18.679485909053763,primary_link,,True,
3600553558,3600557544,24.914156760408087,primary,Kadawatha Bypass Road,True,B641
3600553580,6525442932,6.673941710659197,primary,Kadawatha Bypass Road,True,B641
3600553588,13663348779,72.53252649051399,trunk,Colombo-Kandy Road,True,A1
3600553588,4785723989,81.73904631024605,primary,Kadawatha Bypass Road,True,B641
3600557544,2966142476,300.0280159274365,trunk,Colombo-Kandy Road,True,A1
3600567895,3600585998,11.773788426814725,primary_link,,True,
3600567895,3600582931,440.30579645697514,primary,Kadawatha Bypass Road,True,B641
3600567908,3600567895,17.54068056787691,primary,Kadawatha Bypass Road,True,B641
3600582931,3600582963,6.653636536273931,primary,Kadawatha Bypass Road,True,B641
3600582963,3600553580,11.258371802928213,primary_link,,True,
3600582963,3600553558,412.89164900490096,primary,Kadawatha Bypass Road,True,B641
3600585997,3600567908,12.092287557189362,primary_link,,True,
3600585997,4785723992,769.0807977482166,primary,Kadawatha Bypass Road,True,B641
3600585998,3600585997,17.99946119827364,primary,Kadawatha Bypass Road,True,B641
3603432676,3603432681,267.34638561748943,primary,Avissawella Road,False,AB10
3603432676,3603432681,268.1489091569705,primary,Avissawella Road,False,AB10
3603432676,621190877,2777.2614105119806,primary,"['Ambatale Bridge', 'Avissawella Road']",False,AB10
3603432681,4548545184,1276.6831231353933,primary,Avissawella Road,False,AB10
3603432681,3603432676,267.34638561748943,primary,Avissawella Road,False,AB10
3603432681,3603432676,268.14890915697055,primary,Avissawella Road,False,AB10
3603503553,3603503554,236.3991674330453,primary,Biyagama Road,False,B214
3603503553,3603503554,236.34243931344412,primary,Biyagama Road,False,B214
3603503553,403841840,1107.5113438047974,primary,Biyagama Road,False,B214
3603503554,3521419922,1452.6490512674152,primary,Biyagama Road,False,B214
3603503554,3603503553,236.3991674330453,primary,Biyagama Road,False,B214
3603503554,3603503553,236.3424393134441,primary,Biyagama Road,False,B214
3606358347,3600553580,394.503713180124,primary,Kadawatha Bypass Road,True,B641
3610826712,3136299955,62.420662156166735,primary_link,,True,
3610826712,3610863717,34.586169666936755,primary,D. R. Wijewardene Mawatha,True,AC6
3610863709,3610863717,17.654669968074433,primary_link,,True,
3610863709,3136299955,29.36889056134917,trunk,,True,
3610863717,3136286192,17.550445128302062,primary_link,,True,
3610863717,3647856938,19.124765341203606,primary,D. R. Wijewardene Mawatha,True,AC6
3615147754,3157384370,11497.01090862442,primary,Koslande-Poonagala Road,False,B236
3615147754,2026106458,20600.562409330127,primary,Bandarawela-Liyangahawela-Poonagala Road,False,B42
3615147754,3615242206,822.1710027779877,primary,Bandarawela-Liyangahawela-Poonagala Road,False,B42
3615242206,3615147754,822.1710027779881,primary,Bandarawela-Liyangahawela-Poonagala Road,False,B42
3616495484,1156534074,2133.756916257293,primary,Madawala Road,False,B205
3616495484,2342916289,879.9310198019876,primary,Madawala Road,False,B205
3616495484,3804182806,355.7616343823535,primary,Station Road,False,B27-24
3616502607,258049265,6985.746955928254,trunk,Matale Road,False,A9
3616502607,1980552009,1015.208702273814,trunk,Matale Road,False,A9
3616502607,5369721906,11774.512648944852,primary,Kudugala-Wattegama Road,False,B242
3617768739,127658312,486.2763242089684,trunk,Galle Road,True,A2
3618872658,3780823908,21.955710035081708,trunk,Sirimavo Bandaranaike Mawatha (Peradeniya Road),True,A1
3618872658,3810784671,1175.8403731081837,trunk,Sirimavo Bandaranaike Mawatha (Peradeniya Road),False,A1
3618872674,618043670,2019.5149943082479,primary,William Gopallawa Mawatha,False,AB42
3618872674,3780934113,1664.8341517380265,primary,William Gopallawa Mawatha,True,AB42
3619556378,1364675869,44.3437921739786,primary,Bandaranaike Place,False,B41
3619556378,1242562100,397.06042349233655,primary,Bandaranaike Place,False,B41
3619556378,5294022980,42.484368583250564,primary_link,,False,
3619696818,5369721906,1907.9660722366707,primary,Wattegama Road,False,B369
3619696818,3619718204,2866.0960231464574,primary,Katugastota-Madawala-Bambarella Road,False,B205
3619696818,1156533842,903.5059147465142,primary,Katugastota-Madawala-Bambarella Road,False,B205
3619718204,3856554872,2760.033054653367,primary,Wavinna Road,False,B369
3619718204,3619696818,2866.096023146457,primary,Katugastota-Madawala-Bambarella Road,False,B205
3619718204,1290251657,11312.526429492153,primary,Katugastota-Madawala-Bambarella Road,False,B205
3619937663,6488496079,7206.944773497342,primary,Old Kalmunai Road,False,B337
3619937663,1147026886,176.2645836477639,primary,Old Kalmunai Road,False,B337
3619937663,4529801636,14619.537310030517,secondary,"['Kokkadichcholai Main', 'Manmunai Bridge', 'Ampilanthurai Main Road', 'Main Road', 'Kadukkamunai Main Road']",False,
3620006922,12794013248,11774.943766077873,primary,Kandenuwara Road,False,B461
3620006922,258049379,2092.5428335391075,trunk,Kandy Road,False,A9
3620006922,3645486728,1101.3050221886917,trunk,Kandy Road,False,A9
3621305202,1231840374,225.18611157032257,trunk,Matara-Akuressa Road,False,A24
3621305202,13367298677,71.96822679016617,trunk,Matara-Akuressa Road,True,A24
3622789896,1945674941,13444.099094598589,secondary,Bakinigahawela-Obbegoda Road,False,C828
3622789896,1809828943,814.5124690213747,trunk,Wellawaya-Pottuvil Road,False,A4
3622789896,2418603889,6454.07203305985,trunk,Wellawaya-Pottuvil Road,False,A4
3628051370,4086665691,10033.733207794408,secondary,Pannala-Kuliyapitiya Road,False,B356
3628051370,8771443575,6084.66863939512,secondary,Pannala-Kuliyapitiya Road,False,B356
3628051370,1848166895,15712.905569765911,secondary,"['Welipannagahamula-Kandanegedara-Yakwila Road', 'Udawela-Welipannagahamulla Road']",False,B428
3633693454,4191945360,17.44633558967894,primary,Mulatiyana-Urubokka,True,B415
3633693454,2078755191,904.5009428532475,primary,Mulatiyana-Urubokka,False,B415
3633693455,2017427174,1210.363083779096,primary,Urubokka-Kotapola Road,False,B415
3633693455,4191945367,38.56629852110482,primary,Urubokka-Kotapola Road,True,B415
3633739438,610929939,11562.02152906192,primary,Weeraketiya-Middeniya Road,False,B463
3633739438,3633739445,13.32178733731583,primary,,True,
3633739445,1725074556,19.781112847673388,primary,,True,
3633739445,3142698207,2491.995647483679,primary,Walasmulla-Katuwana-Middeniya Road,False,B485
3633739448,3633739438,19.458184021690435,primary,,True,
3633739448,1725074566,2180.482896201799,primary,Embilipitiya-Middeniya Road,False,B486
3634797493,6249854577,559.4400939170853,primary,Angunakolapelessa-Middeniya Road,False,B622
3634797493,1748877150,11555.178883454024,secondary,,False,
3634797493,2661656508,10029.96887009364,primary,Angunakolapelessa-Middeniya Road,False,B622
3634858930,2605760439,188.6860872373138,primary,Matara-Hakmana Road,False,B275
3634858930,376774340,2146.189265969186,primary,Matara-Hakmana Road,False,B275
3634858930,1933520777,4673.687837751703,secondary,Thumbe - Kongala Road,False,
3634944563,3699495002,230.2198996262146,primary,Hungama-Angunukolapelessa Road,True,B622
3634944563,1818583243,7242.115076481404,primary,Hungama-Angunukolapelessa Road,False,B622
3635049258,3547525265,4217.287253358798,primary,Abakolawewa-Morayaya-Gonadeniya Road,False,B625
3635049258,3547525265,1537.681583799466,primary,Weeraketiya-Debokkawa Road,False,B623
3635049258,2661656508,5147.0633022507645,primary,Weeraketiya-Debokkawa Road,False,B623
3637344649,6248011188,143.98289076477738,trunk,Hambantota-Wellawaya Road,True,A2
3637344649,6248011210,15.821512970535903,trunk,,True,
3640127941,3261715730,2795.4252843604377,primary,Angunakolapelessa-Middeniya Road,False,B622
3640127941,3640129666,941.3863051514483,primary,Angunakolapelessa-Middeniya Road,False,B622
3640127941,3640131695,4474.904580165326,secondary,Talawa-Kariyamaditta Road,False,
3640129666,3640127941,941.3863051514484,primary,Angunakolapelessa-Middeniya Road,False,B622
3640129666,2661656508,1687.1530732621914,primary,Angunakolapelessa-Middeniya Road,False,B622
3640129666,3640129740,6838.185266077622,primary,Talawa-Hingura Road,False,B624
3640129740,3640129666,6838.185266077621,primary,Talawa-Hingura Road,False,B624
3640131695,1725074569,7224.621647079869,primary,Embilipitiya-Middeniya Road,False,B486
3640131695,1725074683,6984.037817005683,primary,Embilipitiya-Middeniya Road,False,B486
3640131695,3640127941,4474.9045801653265,secondary,Talawa-Kariyamaditta Road,False,
3645054902,638921965,11.707817642853067,primary,Katunayake-Veyangoda Road,False,B208
3645054902,638943128,5804.664994755615,primary,Katunayake-Veyangoda Road,False,B208
3645054902,638935065,3135.7089149901435,primary,Krindiwita-Assennawatta Road,False,B225
3645486728,1314754545,2167.7425395965097,primary,Wattegama Road,False,B462
3645486728,3813344287,2831.4016243545234,trunk,Matale Road,False,A9
3645486728,3620006922,1101.3050221886917,trunk,Kandy Road,False,A9
3645537814,1662220531,8039.233268040351,primary,Negombo-Mirigama Road,False,B324
3645537814,638945897,3052.7087208067496,primary,Negombo-Mirigama Road,False,B324
3645537814,3203260988,2372.5157019728667,primary,Veyangoda-Banduragoda Road,False,B443
3647856938,1908190206,32.13258191425385,primary,,True,
3647856938,3610863709,21.268999538498342,trunk,,True,
3647984170,3537884133,1637.816924847313,secondary,Malabe-Kottawa Road,False,
3647984170,598715826,3135.676188281271,secondary,Malabe-Kottawa Road,False,
3647984170,599822933,27.849470206446583,secondary_link,,True,
3648987752,2560879667,11.865282742715703,trunk,Vijaya Kumaratunga Mawatha,True,
3648987760,2560879662,53.426034292707875,trunk_link,,True,
3648987760,5272770101,20.630249370860657,secondary,Vijaya Kumaratunga Mawatha,True,
3648987776,635164786,1165.7850063046901,secondary,Vijaya Kumaratunga Mawatha,False,
3648987776,3648987760,50.88303459484603,secondary,Vijaya Kumaratunga Mawatha,True,
3649036760,3648987776,48.86768718457286,secondary,Vijaya Kumaratunga Mawatha,True,
3649840867,3649843433,5100.560004081196,primary,Chadayantalawa-Uhana Road,False,B73
3649840867,5289221658,2571.19740890212,trunk,Ampara-Uhana-Maha Oya Road,False,A27
3649840867,2646389088,4929.264179724037,trunk,Ampara-Uhana-Maha Oya Road,False,A27
3649843433,3649840867,5100.560004081197,primary,Chadayantalawa-Uhana Road,False,B73
3649843433,3268426144,16271.984251782756,primary,Veeragoda-Central Camp Road,False,B440
3649843433,9754473426,7262.220405857274,primary,Chadayantalawa-Uhana Road,False,B73
3649864133,3649864152,9.280634427840019,trunk,,True,
3649864139,3649878436,54.83798721693039,trunk,Colombo-Puttalam Road,True,A3
3649864139,3649878439,22.651827959583212,trunk,,True,
3649864144,3649876602,33.36254305529212,trunk,Colombo-Puttalam Road,True,A3
3649864144,3649864133,33.017539852243,trunk,,True,
3649864152,3655100675,25.719380878313267,primary,Wariyapola Road,True,
3649864152,3649864139,12.397729593779076,trunk,,True,
3649870415,6509645610,24640.23005886233,secondary,Bangadeniya - Andigama - Anamaduwa Road,False,B045
3649870415,3649873087,6636.977322179792,trunk,Colombo-Puttalam Road,False,A3
3649870415,1731568828,15889.173916542595,trunk,Colombo-Puttalam Road,False,A3
3649873087,3649870415,6636.977322179794,trunk,Colombo-Puttalam Road,False,A3
3649873087,3649874915,58.98327371957589,trunk,Colombo-Puttalam Road,True,A3
3649874902,3649873087,60.69918078368994,trunk,Colombo-Puttalam Road,True,A3
3649874902,3649874915,18.42194837419849,trunk,Colombo-Puttalam Road,True,A3
3649874906,3649874902,6.464769338021073,trunk,Colombo-Puttalam Road,True,A3
3649874915,3649876603,143.7496584709707,trunk,Colombo-Puttalam Road,True,A3
3649874915,3649874906,22.80998633831929,trunk,Colombo-Puttalam Road,True,A3
3649876602,3649876604,7.0661197049885,trunk,,True,
3649876603,3649878435,13.657035203333626,trunk,,True,
3649876604,3649874906,153.45378635102892,trunk,Colombo-Puttalam Road,True,A3
3649876604,3649876603,17.721846717071884,trunk,,True,
3649878435,3649876602,23.094551381435334,trunk,,True,
3649878435,3649864133,30.34807094604777,trunk,Colombo-Puttalam Road,True,A3
3649878436,3649878439,55.81693741942394,trunk,Colombo-Puttalam Road,True,A3
3649878436,1889362399,5521.317788996049,trunk,Colombo-Puttalam Road,False,A3
3649878439,3649864144,5.855510370061739,trunk,,True,
3650242321,2822324303,6.89022902247575,secondary,,True,
3650242321,2822324313,21.67673609897177,secondary,,True,
3655100675,1887817267,12897.236058507468,primary,Chilaw-Wariyapola Road,False,B079
3655100675,3649864139,22.98466285368078,primary,Wariyapola Road,True,
3655959347,1789586195,16711.679725429607,primary,"['Mapalagama-Yakkatuwa Road', 'Kahaduwa Bridge']",False,B454
3655959347,3655959354,1591.779583282558,primary,Halpatota-Kurundugahahetekma Road,False,B143
3655959347,1637776271,4831.729574452128,primary,Halpatota-Kurundugahahetekma Road,False,B143
3655959354,1140307739,221.53646280299603,primary,Halpatota-Kurundugahahetekma Road,True,B143
3655959354,3655959347,1591.779583282558,primary,Halpatota-Kurundugahahetekma Road,False,B143
3658420115,6695505199,12.956123735416265,trunk,Colombo-Puttalam Road,True,A3
3658420115,639266144,2529.0501640621187,trunk,Colombo-Puttalam Road,False,A3
3658467160,3658467161,23.9384512992516,secondary,Lunuwila Road,False,
3658467160,1466614238,5236.989871267009,secondary,Lunuwila Road,False,B473
3658467160,3658467162,25.55619761622627,secondary,Lunuwila Road,False,
3658467161,3658467160,23.9384512992516,secondary,Lunuwila Road,False,
3658467161,3658467162,17.793676796438415,trunk,Colombo-Puttalam Road,False,A3
3658467161,3658572654,7550.502012892152,trunk,Colombo-Puttalam Road,False,A3
3658467162,3658467161,17.793676796438415,trunk,Colombo-Puttalam Road,False,A3
3658467162,3658467160,25.55619761622627,secondary,Lunuwila Road,False,
3658467162,639266144,6269.609094970507,trunk,Colombo-Puttalam Road,False,A3
3658572653,1480051538,3992.5795905580353,secondary,"['Marawila-Udubeddawa Road', 'Marawila-Nattandiya Road']",False,B272
3658572653,3658572654,41.80833293686019,secondary,Marawila-Nattandiya Road,True,B272
3658572654,3658572657,16.715137769794794,trunk,Colombo-Puttalam Road,False,A3
3658572654,3658467161,7550.5020128921515,trunk,Colombo-Puttalam Road,False,A3
3658572657,3658572653,42.348623985078504,secondary,Marawila-Nattandiya Road,True,B272
3658572657,2842889275,6466.658717012239,trunk,Colombo-Puttalam Road,False,A3
3658572657,3658572654,16.715137769794794,trunk,Colombo-Puttalam Road,False,A3
3658899780,3269957961,1518.5703115089852,primary,Udugama Road,False,B129
3658899780,1242344698,909.4376188269626,primary,Udugama Road,False,B129
3658899780,3658899782,72.33456780423636,primary_link,,False,
3658899782,1660138837,1690.5663950141209,primary,Galle Port Access Road,False,B594
3658899782,1660133452,1409.2451702097608,primary,Galle Port Access Road,False,B594
3658899782,3658899780,72.33456780423636,primary_link,,False,
3660680255,617816305,1594.8278634085414,secondary,Thoppuwa-Nattandiya-Madampe Road,False,B419
3660680255,1466614238,5099.157806147923,secondary,Thoppuwa-Nattandiya-Madampe Road,False,B419
3660680255,3660695020,7442.491319181947,secondary,,False,
3660695020,3660680255,7442.4913191819505,secondary,,False,
3662474355,3662474367,14.010572002212621,trunk,,True,
3662474355,258049379,44.75381318348026,trunk,Kandy Road,True,A9
3662474367,3662474376,12.718794076708031,trunk,,True,
3662474367,1727359184,65.60437306381638,primary,William Gopallawa Mawatha (Park Road),True,B586
3662474376,2083007820,25.98669255646474,trunk,Kandy Road,True,A9
3662474376,3662474355,13.462706873808362,trunk,,True,
3663534823,3163960436,30.71932871182298,secondary,,True,
3663534823,3163956073,3831.424091302544,secondary,Bulnewa - Madagalla Road,False,B326
3664816336,2304485572,15434.043650492413,primary,"['Aralaganwila-Maha Oya Road', 'Main Street', 'Manampitiya-Aralaganwila Road']",False,B502
3664816336,2001999485,38341.30563344006,"['primary', 'secondary']",Aralaganwila-Maha Oya Road,False,B502
3664816336,1974724222,20766.228408501094,primary,Dehiattakandiya-Aralaganwila Road,False,B517
3664895140,3664895173,12.047364583588386,trunk,Nawaloka Roundabout,True,
3664895145,325008948,624.3299316789421,primary,"['Negombo Road', 'Sirimavo Bandaranaike Mawatha (Prince of Wales Avenue)', 'Japan Friendship Bridge (Victoria Bridge)']",True,AC24
3664895145,3664895140,33.42601728958144,trunk,Nawaloka Roundabout,True,
3664895152,3664895145,7.645213442516155,trunk,Nawaloka Roundabout,True,
3664895156,325003402,18.379168440207124,trunk,Nawaloka Roundabout,True,
3664895173,4426797157,334.6359338119609,trunk,Negombo Road,True,A3
3664895173,3664895156,34.955057589112734,trunk,Nawaloka Roundabout,True,
3666039729,10110604172,180.4651860581836,secondary,,False,
3666045181,598167934,1860.7263906861301,primary,Welimada-Boralande Road,False,B508
3666045181,2026114937,9546.790141340825,primary,Welimada-Boralande Road,False,B508
3666045181,2639779657,10545.52070725937,"['secondary', 'primary']","['Diyatalawa-Aluthwela North Road', 'Gurutalawa-Gal Edande-Aluthwela Road']",False,"['B102', 'C413']"
3669636229,2404060916,8.370581996130323,secondary,,False,
3669636229,6247858279,1793.4287087910636,primary,Mirijjawila-Sooriyawewa Road,True,B562
3669636229,2404061766,1174.1941810325075,secondary,,False,
3669636248,6247858278,9.930877353701037,primary_link,,False,
3669636248,6247858276,149.72604634915245,primary,Mirijjawila-Sooriyawewa Road,True,B562
3669636249,3669636250,181.98129670371162,primary,Mirijjawila-Sooriyawewa Road,True,B562
3669636249,610944481,9.222225039437564,primary_link,,False,
3669636250,6247858275,9.360998523892045,primary_link,,False,
3669636250,3669636253,395.0817718628242,primary,Mirijjawila-Sooriyawewa Road,True,B562
3669636253,2404061766,4814.859199464645,secondary,,False,
3669636253,3669636256,563.9204330021583,primary,Mirijjawila-Sooriyawewa Road,True,B562
3669636256,6247858271,10.754817459643833,primary_link,,False,
3669636256,3670240826,1717.86297945853,primary,Mirijjawila-Sooriyawewa Road,True,B562
3669997743,77379011,21.18925216435023,primary,Tangalle-Weeraketiya Road,True,B410
3669997743,2605754891,6551.093768652832,primary,Tangalle-Weeraketiya Road,False,B410
3670240826,6247997837,7.942249860951526,primary_link,,False,
3670240826,6247997833,407.70378152988195,primary,Mirijjawila-Sooriyawewa Road,True,B562
3671782472,8726439509,1839.5970068152396,trunk,Old Hambantota Road,False,Old A2
3671782472,6247562270,76.27892990029719,trunk,Old Hambantota Road,True,Old A2
3674777304,1814571587,11384.068454374536,secondary,,False,
3674777304,610951677,4118.514540177036,trunk,Hambantota-Wellawaya Road,False,A2
3674777304,1720902666,1799.6282651972376,trunk,Hambantota-Wellawaya Road,False,A2
3674900993,1744448774,1684.8939275542637,secondary,,False,
3674900993,1720902666,11915.64207054255,primary,Weligatta-Lunugamvehera Road,False,B567
3674900993,3674901134,11629.41034224318,primary,Weligatta-Lunugamvehera Road,False,B567
3674901134,1809805271,219.05720817889545,trunk,Hambantota-Wellawaya Road,False,A2
3674901134,13689191650,7222.095684470747,trunk,Hambantota-Wellawaya Road,False,A2
3674901134,3674900993,11629.410342243173,primary,Weligatta-Lunugamvehera Road,False,B567
3676141026,1978142686,24.837518433382087,trunk,New Hambantota Road,True,New-A2
3676141026,5142136907,6893.960565462274,primary,Outer Circular Road,True,
3677422292,1720902666,1306.3005463769364,trunk,Hambantota-Wellawaya Road,False,A2
3677422292,610970078,6040.490463872481,trunk,Hambantota-Wellawaya Road,False,A2
3677422292,912275456,24724.336280663116,"['secondary', 'primary']","['Tissa-Kirinde Road', 'Kirinde Road']",False,B422
3679319579,1457319623,17818.877859698354,trunk,Mankulam - Mullaitivu,False,AA034
3679319579,6286620946,20.341393313284133,trunk,Mankulam - Mullaitivu,True,AA034
3681424087,3799780752,19.409047232457972,primary,Bauddhaloka Mawatha (King George Avenue),True,B219
3681424087,843506679,444.230290738879,primary,Bauddhaloka Mawatha (King George Avenue),False,B219
3682574805,198485623,7923.405969901724,primary,Rendapola-Ambewela Road,False,B507
3682574805,49368092,7809.7673670896,trunk,Nuwara Eliya-Badulla Road,False,A5
3682574805,3390636008,9794.598901188663,trunk,"['Nuwara Eliya-Badulla Road', 'Badulla Road']",False,A5
3683993724,13723181260,35.21301280118069,primary,Tissa-Kataragama Road,True,B464
3683993724,3683997229,19.92243519693255,primary,,True,
3683997229,3683997240,14.5583413670806,primary,,True,
3683997236,3683997237,4.668865249715122,primary,,True,
3683997237,3683993724,14.602429853205411,primary,,True,
3683997237,1232107044,33.26379091217264,primary,Raja Mawatha (Gam Udawa Road),True,B259
3683997240,3683997236,21.461537014615736,primary,,True,
3683997240,13723181257,50.1629013801058,primary,Tissa-Kataragama Road,True,B464
3687641055,3549382890,135.38400079273194,primary,Katunayake-Veyangoda Road,False,B208
3687641055,639288676,147.16388855457814,primary,"['Veyangoda-Nittambuwa Road', 'Katunayake-Veyangoda Road']",False,"['B445', 'B208']"
3687641055,1241645825,169.95514382222055,primary,Paramulla Road (Station Road),False,B27-22
3693930754,3694577182,5137.073924017022,secondary,9th Mile Post-Buddama-Baduluwela Road,False,C850
3693930754,1877385011,12324.840930069244,trunk,Siyambalanduwa-Damana-Ampara Road,False,A25
3693930754,2145219371,15109.881270879823,trunk,Siyambalanduwa-Damana-Ampara Road,False,A25
3694577182,974346758,22801.334661749737,secondary,"['Mariarawa-Ritigahawatta-Buddama Road', 'Dambagalle-Mariarawa Road']",False,"['D825', 'C815']"
3694577182,974346758,26428.72281231507,secondary,"['Dambagalle-Deliwa-Baduluwela Road', '9th Mile Post-Buddama-Baduluwela Road']",False,"['D817', 'C850']"
3694577182,3693930754,5137.073924017022,secondary,9th Mile Post-Buddama-Baduluwela Road,False,C850
3697145064,3594147916,10.237663807818233,primary_link,,True,
3697145064,3366095891,159.75779198925596,primary,Beach Road,False,B524
3697145064,13695148146,120.4143061509348,trunk,New Tangalle Road,True,A2
3697151657,4885745120,10.294843092328072,primary_link,,True,
3697151657,1650097492,42.48136646130438,trunk,New Tangalle Road,True,A2
3699456789,6249854577,30.99341733119444,primary,Hungama-Angunukolapelessa Road,True,B622
3699456789,13714592717,10.243642831361836,primary,Angunakolapelessa-Embilipitiya Road,True,B548
3699457165,3699457178,13.339770541667363,primary,,True,
3699457167,1428650226,5.002155852133401,primary,,True,
3699457178,6249854582,138.26352752130265,primary,Angunakolapelessa Road,True,B548/B622
3699457178,1891699904,17.25516187232717,primary,,True,
3699457435,1428650261,7134.285580790582,secondary,,False,
3699457435,1985676681,11534.663235338308,trunk,Embilipitiya-Nonagama Road,False,A18
3699457435,1428665347,1697.675826144189,trunk,Embilipitiya-Nonagama Road,False,A18
3699494976,1818583225,7.03936094435123,trunk,Matara-Hambantota Road,False,A2
3699494976,3699495000,119.28195240447519,primary,Hungama-Angunukolapelessa Road,True,B622
3699494976,1428650220,5584.115236390617,trunk,Matara-Hambantota Road,False,A2
3699495000,3699495002,7.048409924373067,primary,,False,
3699495000,3634944563,230.88833388668624,primary,Hungama-Angunukolapelessa Road,True,B622
3699495002,3699495000,7.048409924373067,primary,,False,
3699495002,1818583225,120.57534659861986,primary,Hungama-Angunukolapelessa Road,True,B622
3702135218,3702142140,54.15905732975554,primary,Pagoda Road,True,B345
3702135218,250731057,190.0222263106825,primary,Stanley Thilakarathne Mawatha,False,B120
3702135218,3702142150,52.18730596614158,primary,Stanley Thilakarathne Mawatha,False,B120
3702142128,3702142135,32.30817054295729,secondary_link,,True,
3702142128,3702142150,35.39854744023181,primary,Pagoda Road,True,B345
3702142135,3702142150,28.081674050010292,primary,Stanley Thilakarathne Mawatha,False,B120
3702142135,2619372954,915.4522471325643,primary,Stanley Thilakarathne Mawatha,False,B120
3702142136,252537800,154.6550090977355,primary,Pagoda Road,False,B345
3702142136,3702142128,16.969212575496567,primary,Pagoda Road,True,B345
3702142140,3702142136,45.61368117254787,primary,Pagoda Road,True,B345
3702142150,3702135218,52.187305966141594,primary,Stanley Thilakarathne Mawatha,False,B120
3702142150,3702142135,28.081674050010292,primary,Stanley Thilakarathne Mawatha,False,B120
3702142150,3702142140,19.69588166133699,primary_link,,True,
3705965291,2131864627,18.74814181161704,primary,Weerasingha Mallimarachchi Mawatha (Kolonnawa Road),False,B96
3705965291,2131864639,350.8073812392405,primary,Weerasingha Mallimarachchi Mawatha (Kolonnawa Road),False,B96
3708794359,2520673118,17534.04850572446,secondary,"['Teldeniyaya-Divulapelessa Road', 'Hebarawa-Divulapelessa Road']",False,C629
3708794359,1974719581,1892.041220505404,primary,Mahiyanganaya-Dimbulagala-Dalukane Road,False,AB44
3708794359,1974719542,2418.7869213594345,primary,Mahiyanganaya-Dimbulagala-Dalukane Road,False,AB44
3710121977,258049598,1454.4645205201195,trunk,Kandy-Jaffna Road,False,A9
3710121977,258049453,20137.307211494415,trunk,"['Kandy-Jaffna Road', 'Nalanda Oya Bridge']",False,A9
3710121977,3710127155,2447.2646460342544,primary,Bowatenna Road,False,B64
3710127155,3710121977,2447.2646460342535,primary,Bowatenna Road,False,B64
3710297373,639127236,1411.6938221123196,primary,Biyagama Free Trade Zone Road,False,B632
3710297373,3206169196,39.94752419380393,primary,"['Biyagama Makola Road', 'Biyagama Free Trade Zone Road']",False,B632
3710297373,3517629554,78.85070862549425,primary_link,,True,
3718488870,3226224942,39.949135176962,primary,New Kandy Road,False,B583
3718488870,3718488874,68.089612602032,trunk,Main Street,True,A1
3718488870,3226275220,9122.140120383065,trunk,"['Kandy Road', 'Colombo-Kandy Road']",False,A1
3718488871,2338839291,355.052426193386,trunk,Main Street,False,A1
3718488871,3226224960,19.273104533828942,trunk_link,,True,
3718488874,3718488871,15.343889933199392,trunk,Main Street,True,A1
3721669276,3721669277,8.676344356180168,primary,,False,
3721669276,3570607534,464.1270641662107,primary,Hambantota-Gonnoruwa-Meegahajandura Road,True,B631
3721669277,3721669276,8.676344356180168,primary,,False,
3721669277,3378015269,1401.0171630129178,primary,Hambantota-Gonnoruwa-Meegahajandura Road,True,B631
3726222385,3726222386,11.28756743233842,primary,,False,
3726222385,3377803384,161.15936348243548,primary,Hambantota-Gonnoruwa-Meegahajandura Road,True,B631
3726222386,3726222385,11.28756743233842,primary,,False,
3726222386,7795511709,5461.818845204482,primary,Hambantota-Gonnoruwa-Meegahajandura Road,True,B631
3730047332,6685195539,33.91196549365667,trunk,Wellawaya-Pottuvil Road,True,A4
3730047332,4067142483,33378.52280056773,trunk,Wellawaya-Pottuvil Road,False,A4
3731371610,3731372276,8.904533491287856,primary_link,Parliament Road,True,B533
3731371610,11141684447,1879.238943726418,primary,Pannipitiya Road,True,B47
3731372276,6518084183,10.220334339386637,primary,Pannipitiya Road,True,B47
3731372276,7043449110,49.71564854121079,primary,Parliament Road,True,B533
3737231765,7786924237,8.820889983104518,primary_link,,False,
3737231765,667426156,495.5601000830566,trunk,Colombo-Kandy Road,True,A1
3738834813,3738834815,43.313010539610524,primary,Katugastota Road,True,B365
3738834813,3998841948,2379.9937547709305,primary,Katugastota Road,False,B365
3738834815,4096475956,7.823763380159004,primary_link,,True,
3738834815,3780823919,211.87316894417734,primary,"['Gannoruwa Bridge', 'Gannoruwa Road']",True,
3739999316,1237974510,12210.183659888467,secondary,Bemmullegedara - Kahawatta Ela Road,False,B177
3739999316,3785620361,4220.293200804609,trunk,Ambepussa-Kurunegala Road,False,A6
3739999316,3224468489,2768.2479582726514,trunk,Ambepussa-Kurunegala Road,False,A6
3742192393,678335411,563.5474974223089,trunk,Sri Sambuddhatwa Jayanthi Mawatha (Havelock Road),False,A4
3742192393,3742213227,46.48979158679775,trunk,Sri Sambuddhatwa Jayanthi Mawatha (Havelock Road),True,A4
3742192428,6277459304,9.599870552832492,secondary,,False,
3742192428,3416291126,511.97621343004647,secondary,Dr. Lester James Peiris Mawatha (Dickman's Road),False,
3742192428,3742220438,254.6661034104802,trunk,Sri Sambuddhatwa Jayanthi Mawatha (Havelock Road),True,A4
3742213226,3742213227,10.251780636950606,secondary,,False,
3742213226,618309296,451.68820779544393,secondary,Vajira Road,False,
3742213226,3742192393,43.89377837837954,trunk,Sri Sambuddhatwa Jayanthi Mawatha (Havelock Road),True,A4
3742213227,3742213226,10.251780636950606,secondary,,False,
3742213227,3742220440,222.11553615083795,trunk,Sri Sambuddhatwa Jayanthi Mawatha (Havelock Road),True,A4
3742220437,3742220438,8.906595084641898,primary,,True,
3742220437,6277459304,254.569780851833,trunk,Sri Sambuddhatwa Jayanthi Mawatha (Havelock Road),True,A4
3742220438,3742220439,10.262229898802925,trunk,Sri Sambuddhatwa Jayanthi Mawatha (Havelock Road),True,A4
3742220439,3742220440,8.785115321538568,primary,,True,
3742220439,3742213226,221.35263507853156,trunk,Sri Sambuddhatwa Jayanthi Mawatha (Havelock Road),True,A4
3742220440,3742220437,10.180475126303065,trunk,Sri Sambuddhatwa Jayanthi Mawatha (Havelock Road),True,A4
3742220440,60796751,72.59321507745068,primary,Ven. Murutthettuwe Ananda Nahimi Mawatha (Thimbirigasyaya Road),True,
3745318479,5153486356,24061.96606429487,primary,"['Bulathkohupitiya-Dedugala Road', 'Dedugala-Dolosbage Road']",False,"['B588', 'B67']"
3745318479,9462668423,8539.03722787879,primary,Gampola-Dolosbage Road,False,B318
3745318479,1831898405,19826.83535823506,secondary,"['Aranayaka - Ambalakanda - Dolosbage Road', 'Aranayake-Ambalakanda Road', 'Aranayaka - Ambalakanda - Dolosbage Rd']",False,
3749027775,1138481094,80.69753849860857,trunk,Galle Road,True,A2
3749027775,1617989288,4886.0802681135,trunk,Galle Road,False,A2
3751644917,3751644923,16.629723927284076,primary,Ranna-Udayala-Weeraketiya Road,True,B387
3751644917,1340667695,9805.91688027008,primary,Ranna-Udayala-Weeraketiya Road,False,B387
3751644923,3751644929,8.257786995319979,primary,,True,
3751644927,3751644917,19.217220155967247,primary,Ranna-Udayala-Weeraketiya Road,True,B387
3751644927,3751644923,9.279475272980664,primary,,True,
3751644929,1748892859,19.198906758285307,primary,Ranna-Udayala-Weeraketiya Road,True,B387
3751644929,3751644936,8.748622577234867,primary,,True,
3751644931,3751644927,5.874049523610729,primary,,True,
3751644936,3751644937,5.381227220346373,primary,,True,
3751644937,1748877150,17.88481351328528,secondary,,True,
3751644937,3751644931,8.689464219797824,primary,,True,
3753591216,6266383668,24.959521770752428,trunk,Vavuniya-Horowpotana Road,True,AA029
3753591216,1728748206,337.09340141938014,trunk,Vavuniya-Horowpotana Road,False,AA029
3753591917,7085697358,52.74249398084564,trunk,Kandy - Jaffna Road,True,AA009
3753591917,3237363047,514.0676773270933,trunk,Kandy - Jaffna Road,False,AA009
3753678121,7198864573,596.7033633280917,secondary,,False,
3756752965,3226286143,2159.690867876722,primary,Daulagala-Watadeniya Road,False,B91
3756752965,3237453500,2736.517089183911,primary,Daulagala-Watadeniya Road,False,B91
3756752965,263155120,3838.751524588059,secondary,Weligalla-Ganhata Rd,False,
3758716316,3170533458,1859.349169861477,primary,Boyagama-Pamunuwa Road,False,B66
3758716316,2907674340,2053.494631545655,primary,Boyagama Road,False,B306
3758716316,1855349523,545.250234262769,primary,Boyagama Road,False,B306
3760127505,3773265561,8142.944681649433,primary,Badulla-Mahiyanganaya Road,False,B36
3760127505,2902111505,1836.5289087484575,primary,Badulla-Mahiyanganaya Road,False,B36
3760127505,5059861884,13308.512202447257,primary,Dambagahapitiya-Meegahakivula Road,False,B86
3763282547,3221213836,2405.278196427778,trunk,Kegalle-Bulathkohupitiya-Karawanella Road,False,A21
3763282547,3120470733,8801.25975807242,trunk,Kegalle-Bulathkohupitiya-Karawanella Road,False,A21
3763282547,4428081251,3674.733141943898,primary,Mabopitiya-Eregama Road,False,B599
3764676928,13367765455,23.30342972521333,primary,Main Street,True,AC17
3764676928,13367765274,31.087059978331204,primary,Main Street,True,AC17
3764721073,10137867346,399.8705664859197,primary,Sri Uttarananda Mawatha,False,
3764721073,9460815101,21.050448337440667,primary,,True,
3764721086,3764721073,22.310577825305174,primary,,True,
3770168315,4585299247,5109.654338280599,primary,"['Uruval oya bridge', 'Orutota Road']",False,B570
3770168315,3799742997,47.926373699677654,trunk,,True,A33
3770168315,3770168316,23.52308211560592,trunk,Orutota Road,False,A33
3770168316,4068148608,165.45124873894193,trunk,Orutota Road,False,A33
3770168316,3770168315,23.52308211560592,trunk,Orutota Road,False,A33
3770695580,10086207496,12422.249716681179,secondary,Sacret City-Pangaragammana-Loggal Oya Road,False,C602
3770695580,3548926831,432.6370054228259,primary,Badulla-Mahiyanganaya Road,False,B36
3770695580,2031636377,2279.2097726183397,primary,Badulla-Mahiyanganaya Road,False,B36
3771334922,3771334938,14.328436898740822,primary,,True,
3771334922,77374718,199.16201110448407,primary,Dikwella-Beliatte Road,False,B101
3771334938,3771334945,7.586848848173881,primary,,True,
3771334938,1792754399,3064.419942196113,primary,Hakmana-Beliatte Road,False,B141
3771334945,77374761,15.582179311083344,primary,,True,
3771334945,1748992310,314.5884556818904,primary,Beliatte-Walasmulla Road,False,B54
3771886827,8441040522,23.166798982115985,primary,Bandaranaike Mawatha,True,AB14
3771886827,5303291031,26.040689712854682,primary,Bandaranaike Mawatha,False,AB14
3771891851,2151471687,3.27276721949518,primary,Police Roundabout,True,
3771891854,2151471654,16.50314649474346,primary,Clock Tower Roundabout,True,
3771891854,5300890594,13.834418340757672,primary_link,,True,
3773265561,2031636377,2126.228809365268,primary,Badulla-Mahiyanganaya Road,False,B36
3773265561,3760127505,8142.944681649427,primary,Badulla-Mahiyanganaya Road,False,B36
3773265561,3773786519,6358.484620275247,secondary,"['Kandaketiya Road', 'Karametiya-Kandaketiya Road']",False,C656
3773786519,3773265561,6358.4846202752415,secondary,"['Kandaketiya Road', 'Karametiya-Kandaketiya Road']",False,C656
3773786519,3775419137,25846.6003617932,secondary,Maditale-Pathanawatte-Tannepanguwa-Kiriwehera Road,False,C54
3773786519,2407536122,26672.806225342993,"['secondary', 'primary']","['Kandaketiya Road', 'Galauda-Kandaketiya Road', 'Ketawala-Galauda Road']",False,"['B100', 'C656']"
3774582589,60797439,217.0198490538684,trunk,Galle Road,True,A2
3775399923,2902111505,18562.62851599818,primary,"['Badulla-Mahiyanganaya Road', 'Mahiyanganaya Road']",False,B36
3775399923,8736765754,4350.379317123295,primary,Mahiyanganaya Road,False,B36
3775399923,3775419137,1999.3495946343326,secondary,Maditale-Pathanawatte-Tannepanguwa-Kiriwehera Road,False,C54
3775419137,3775399923,1999.3495946343319,secondary,Maditale-Pathanawatte-Tannepanguwa-Kiriwehera Road,False,C54
3775419137,3773786519,25846.60036179318,secondary,Maditale-Pathanawatte-Tannepanguwa-Kiriwehera Road,False,C54
3775419137,3778593800,3707.648353479017,secondary,Soranatota-Muttettuwegama Road,False,C56
3777579457,570766423,495.8906363184422,primary,Main Street,True,B384
3777579457,5159312518,64.81506409641145,primary,Main Street,False,B384
3778393944,3778393945,6.508674524698989,primary,Weeraketiya Roundabout,True,
3778393945,1748962217,8.386555046680375,primary,Weeraketiya Roundabout,True,
3778393945,7183361984,18.07374458094449,primary,Belliatte-Weeraketiya Road,True,B627
3778393947,7183361983,12.705766714798187,primary,Tangalle-Weeraketiya Road,True,B410
3778393947,3778393944,8.474699548777846,primary,Weeraketiya Roundabout,True,
3778393948,3778393947,3.1229632982633504,primary,Weeraketiya Roundabout,True,
3778393953,1748962227,2.482039024254579,primary,Weeraketiya Roundabout,True,
3778393954,7183404785,20.688112575288983,primary,Walasmulla-Weeraketiya Road,True,B450
3778393954,1748962242,10.451105186779502,primary,Weeraketiya Roundabout,True,
3778593800,3775419137,3707.648353479015,secondary,Soranatota-Muttettuwegama Road,False,C56
3780516705,2499287719,54.573257782801946,trunk_link,,True,
3780516705,2499287720,35.076077073695664,trunk,Colombo-Kandy Road,True,A1
3780516724,5197144868,8.229360805356226,trunk,Colombo-Kandy Road,True,A1
3780823908,3983329763,5.929234338656173,trunk,,True,
3780823919,3983329767,2.0744349303104523,trunk,,True,
3780934113,9407052257,3.017400114069444,trunk,,True,
3781723165,3136385191,158.22903485960097,trunk,Chatham Street,True,A1
3781723175,6498294700,223.9586210466113,primary,Sir Baron Jayatilake Mawatha,True,
3781723175,618700103,16.74613574376648,primary,Sir Baron Jayatilake Mawatha,True,
3784064218,2375441004,42.407991085376594,primary,Ekala-Kotadeniyawa Road,False,B111
3784064218,638973604,114.4632464083768,primary,Ekala-Kotadeniyawa Road,False,B111
3784064218,2375440996,18.050102867681517,primary_link,,True,
3784921861,1725074569,43.350348350942134,primary,Embilipitiya-Middeniya Road,False,B486
3784921861,1725074566,14.25031603288454,primary,Embilipitiya-Middeniya Road,False,B486
3784921861,3261715730,429.9479274534265,primary,Angunakolapelessa-Middeniya Road,False,B622
3785620361,2362937346,5109.314933368287,trunk,Ambepussa-Kurunegala Road,False,A6
3785620361,3739999316,4220.293200804608,trunk,Ambepussa-Kurunegala Road,False,A6
3785620361,2362937081,13555.378610716658,primary,Bulugolla-Rambukkana Road,False,B475
3794028977,3803143155,536.2433366010932,trunk,Colombo-Kandy Road,False,A1
3794028977,3803143156,539.699558527832,trunk,Colombo-Kandy Road,False,A1
3794028977,3219914093,130.64289558652968,trunk,Colombo-Kandy Road,False,A1
3794035028,3219884852,7.986933005836696,trunk_link,,False,
3794035028,2145113802,466.1150444067139,trunk,Kalugalla Mawatha,False,A21
3794035028,3796385433,103.21223245966364,trunk,Colombo-Kandy Road,False,A1
3794035028,3803143156,550.0006320026187,trunk,Colombo-Kandy Road,False,A1
3796385433,3224489753,6.51707375605819,trunk,,False,
3796385433,3219994344,296.67130069369705,trunk,Colombo-Kandy Road,False,A1
3796385433,3794035028,103.21223245966364,trunk,Colombo-Kandy Road,False,A1
3797644263,3797730069,142.8001167713733,trunk,Gampaha-Ja Ela Road,False,A33
3797644263,3797644275,16.85061467351514,trunk,,True,
3797644275,3799725188,14.970909566858527,trunk,,True,
3797644275,3797644308,183.6578811736441,trunk,Gampaha-Ja Ela Road,False,A33
3797644308,3289420390,29.00999934474277,trunk,Gampaha-Ja Ela Road,True,A33
3797644308,3797644275,183.65788117364414,trunk,Gampaha-Ja Ela Road,False,A33
3797730069,3799742997,20.461873913429823,trunk,,False,A33
3797730069,3797644263,142.8001167713733,trunk,Gampaha-Ja Ela Road,False,A33
3797730069,3770168316,58.59036232356131,trunk,Gampaha - Ja Ela Road,True,A33
3798986721,637009373,21.43815873997177,primary,Orutota Road,False,B569
3798986721,3798986723,9.352490594083282,primary,Station Roundabout,True,
3798986723,3798986721,10.389573119012956,primary,Station Roundabout,True,
3798986723,8933799511,791.0331198266122,primary,"['Queen Mary Road', 'Rest House Road']",False,B569
3799725188,3797644263,23.741007568240004,trunk,,True,
3799725188,638937223,965.0641666743202,primary,Old Minuwangoda Road,False,B288
3799736775,3937903239,7.6167830081000885,trunk_link,Trace Lane,False,
3799736775,2105382093,342.46491452656784,trunk,Olcott Mawatha,True,A1
3799742997,3797730069,20.461873913429823,trunk,,False,A33
3799742997,3289420402,205.55523753134517,primary,,True,
3799756193,2902943461,17.25716030307515,primary,Wathuramala Junction,True,
3799780749,8933799512,44.264635365528434,trunk,Gampaha-Yakkala Road,True,A33
3799780749,3592104628,15.046628337756003,trunk,,True,
3799780751,3681424087,17.365517483411477,primary,Bauddhaloka Mawatha (King George Avenue),True,B219
3799780751,3799780752,13.638393401871047,trunk,,True,
3799780752,3799780749,8.71773699713201,trunk,,True,
3799780753,3799780754,12.747787819408352,trunk,,True,
3799780753,843513354,138.48343155411507,trunk,Colombo Road,True,A33
3799780754,3799780751,3.8225359908019336,trunk,,True,
3799781562,3799780753,18.3989026165695,trunk,,True,
3799781562,3592104626,33.37342122665289,primary,Gampaha-Mriswatta Road,False,B288
3801712230,1691754374,11913.520911774176,secondary,Ambagahawella Road,False,
3801712230,6038408772,955.1012431094761,primary,Bibile-Pitakumbura-Namal Oya-Inginiyagala Road,False,B527
3801712230,1979513513,7056.573707868104,primary,Bibile-Pitakumbura-Namal Oya-Inginiyagala Road,False,B527
3803143155,3803143156,5.659116399055975,trunk,,False,
3803143155,3794028977,536.2433366010933,trunk,Colombo-Kandy Road,False,A1
3803143155,3219884852,550.0531802954121,trunk,Colombo-Kandy Road,False,A1
3803143156,3803143155,5.659116399055975,trunk,,False,
3803143156,3794035028,550.0006320026185,trunk,Colombo-Kandy Road,False,A1
3803143156,3794028977,539.699558527832,trunk,Colombo-Kandy Road,False,A1
3803459185,49378902,7395.780327704158,primary,Atabage-Dunukeulla Road,False,B621
3803845891,291672423,1556.0548059529601,primary,Piliyandala-Maharagama Road,False,B367
3803845891,3498446844,15.088483639679696,primary,Piliyandala-Maharagama Road,True,B367
3803918467,853165643,619.317912064497,secondary,Main Road,False,B305
3803918467,5526678658,42.717899093136324,secondary,Main Road,False,B305
3803918467,853156641,34.98394767132632,secondary,Main Road,False,
3804176571,10259347340,50.510067598821635,primary,Talawatugoda Road,True,B368
3804176571,255179593,547.7486726136219,primary,Talawatugoda Road,False,B368
3804182781,2342916289,16.521443654560947,primary,Madawala Road,True,B205
3804182781,1980552009,2974.0893036219522,trunk,Matale Road,False,A9
3804182806,3616495484,355.7616343823535,primary,Station Road,False,B27-24
3804229985,848593926,34.70729536777679,primary,Thoandamanaru - Vallai - Tunnalai,False,B417
3804229985,1245037494,2695.9542647754797,primary,Thondamanaru - Udupiddy,False,B 418
3804229985,848594025,2621.1177289992543,secondary,Thoandamanaru - Vallai - Tunnalai,False,B417
3804306277,6716865701,18.079265638608813,primary,,True,
3804306277,1242786587,238.51333622707907,primary,Post Office Road,False,B424
3804306281,2079774277,486.33026091664436,primary,Fort Fredrick Road,False,B140-2
3805434522,1242695993,3902.2893335177946,trunk,Puttalam-Anuradhapura-Trincomalee Road,False,AA012
3805434522,1242694031,40.92245236901111,trunk,Puttalam-Anuradhapura-Trincomalee Road,True,AA012
3805442686,10142217473,254.33140997206158,primary,Station Road,False,B27-10
3805786089,13444644367,19.01467510842906,primary,Dharmashoka Mawatha,False,B550
3805786089,6130189220,4.153066213263588,primary,Dharmashoka Mawatha,False,B550
3805872149,3812152952,444.34396009167887,secondary,Augustine Premathiratna Mawatha,False,
3805872149,4375640154,483.7781326008045,secondary,Augustine Premathiratna Mawatha,False,
3805872149,3805872958,235.85629595418555,secondary,Augustine Premathiratna Mawatha,False,
3805872958,3805872959,7.330588435111088,secondary,Augustine Premathiratna Mawatha,False,
3805872958,3268563914,1885.2250940326255,trunk,Negombo Road,True,A3
3805872958,3805872149,235.85629595418555,secondary,Augustine Premathiratna Mawatha,False,
3805872959,3805872958,7.330588435111088,secondary,Augustine Premathiratna Mawatha,False,
3805872959,2155579750,950.4807337514649,trunk,Negombo Road,True,A3
3808444503,5559025442,20.830787503869544,primary,Kadawatha-Ganemulla Road,False,B58
3808444503,3477921644,12.677296164310729,primary,,True,
3808874253,3084209238,519.8534287754981,primary,Bauddhaloka Mawatha,False,AC2
3808874253,678334722,63.343350303657296,primary,Bauddhaloka Mawatha,True,AC2
3808874254,3808874253,53.331060189456096,primary,Bauddhaloka Mawatha,True,AC2
3808874254,678334722,20.168339206708644,trunk,,True,
3809341382,1685735096,620.4269062791159,secondary,Old Batticaloa Road,False,
3809341382,3809341386,628.6719374243758,secondary,Old Batticaloa Road,True,
3809341386,13917455415,706.9087090421889,secondary,Old Batticaloa Road,False,
3809341386,3809341382,625.501995628487,secondary,Old Batticaloa Road,True,
3810784671,5139375451,200.6273524612212,trunk,Sirimavo Bandaranaike Mawatha (Peradeniya Road),True,A1
3810784671,3618872658,1175.8403731081833,trunk,Sirimavo Bandaranaike Mawatha (Peradeniya Road),False,A1
3810927781,3074557148,8.091381083680476,secondary_link,,False,
3810927781,13624920535,1352.8585195068526,primary,Gannoruwa Road,True,B365
3812152952,3805872149,444.34396009167887,secondary,Augustine Premathiratna Mawatha,False,
3813344287,1314754545,2122.029718777583,primary,Kalalpitiya Road,False,B180
3813344287,3645486728,2831.401624354526,trunk,Matale Road,False,A9
3813344287,1727358941,772.5292378925124,trunk,Matale Road,False,A9
3814567154,6538031537,12.21107323378234,secondary,Mullaitivu-Kokilai Road,False,
3815798282,3301953719,1022.7771940380183,secondary,Keppettipola Road,False,
3815798282,11054253578,31.03112722140321,secondary,,True,
3815809876,1331893829,392.20002306410305,trunk,Kandy Road,False,A5
3815809876,2637064010,17.246483159692723,trunk,,True,
3815814909,3390634865,941.8073108970434,trunk,Badulla Road,False,A5
3815814909,3815809876,29.265720096980793,trunk,,True,
3816390084,3816390091,50.23925981576465,primary_link,,True,
3816390084,324988637,24.22319944803972,trunk,Colombo-Kandy Road,True,A1
3816390091,324985529,303.48046858232703,primary,Kiribathgoda-Makola-Sapugaskanda Road,True,B221
3816444769,2830957526,63.13702458142193,primary,Sea Street,True,
3816444769,3816444787,23.46462483513637,primary,Gas Works Round About,True,
3816444773,91032431,282.1131877962805,secondary,"['New Moor Street', 'Dam Street']",False,
3816444773,3816444779,32.97990859797805,primary,Gas Works Round About,True,
3816444779,3816444789,14.340296171999267,primary,Main Street,True,AC17
3816444779,3816444781,7.1505490018125215,primary,Gas Works Round About,True,
3816444781,3816444769,6.920471165442882,primary,Gas Works Round About,True,
3816444787,3816444773,3.2737027518662942,primary,Gas Works Round About,True,
3816444789,3816444781,13.60065914349547,primary,Main Street,True,AC17
3816444789,9485258187,42.33508379192718,primary,Main Street,False,AC17
3816448619,240378550,41.142249157492905,primary,M. Vincent Perera Mawatha (Grandpass Road),False,
3816448619,5904513428,896.5605148749347,secondary,M. Vincent Perera Mawatha (Grandpass Road),False,
3816448619,4328944046,568.9321709700629,primary,Layard's Broadway,False,
3816584562,667506531,10156.851174776253,primary,Miriswatta-Waturugama Road,False,B292
3816584562,4790030893,41.219688524009946,primary,Miriswatta-Waturugama Road,True,B292
3817590031,4929241611,18.127843436271085,primary,Kegalle Bypass,True,B643
3817590031,4929241873,2164.8659316051803,primary,Kegalle Bypass,False,B643
3819995230,2035763052,20.13256097248765,primary,Lawson Street,False,B331-4
3819995230,6720549504,24.656229983841996,primary,Main Street (New Bazaar Street),True,B331-5
3820002302,1331893829,52.659096174832364,trunk,Kandy Road,False,A5
3820002302,3820002325,10.017203884268518,trunk,,True,
3820002304,2035811537,6.975700878188537,trunk,,True,
3820002304,2035811429,18.192425923088088,trunk,Queen Elizabeth Drive,False,A5
3820002325,3820002304,13.792728616150397,trunk,,True,
3820002325,2035811429,19.097673312787347,trunk,Queen Elizabeth Drive,False,A5
3822116980,3781723175,34.49252942082448,primary_link,Sir Baron Jayatilake Mawatha,True,
3822116980,3781723165,226.45509367828407,primary,York Street,True,
3822124809,635795993,371.92209289386784,trunk,Galle Road,True,A2
3822138072,10660932949,172.1468760795529,primary,Maitland Place,False,AC1
3822138072,3822138405,44.85666202141364,secondary,Maitland Place,False,
3822138073,3822138405,49.55322162471888,primary_link,,True,
3822138073,3822138072,27.738114779992884,primary_link,,True,
3822138405,268931740,14.893331872990949,secondary,Maitland Place,False,
3822138405,3822138072,44.85666202141364,secondary,Maitland Place,False,
3822140391,10035915708,23.891128177789824,primary,Dr. C. W. W. Kannangara Mawatha (Alexandra Place),True,
3822140391,637624617,38.08027165370389,primary_link,,True,
3822140401,10035915708,18.00214072471252,primary_link,,True,
3822140401,637624617,28.031588349987718,primary,Dr. C. W. W. Kannangara Mawatha (Alexandra Place),True,
3822164769,1683151516,7.2950451548191895,trunk,Galle Road,True,AA002
3822164769,1683151528,956.1206947728081,primary,W. A. Silva Mawatha (High Street),True,AC32
3822202809,3781723175,240.92275049394206,primary,York Street,True,
3822202809,3781723165,48.16186150561187,trunk,York Street,True,
3822223767,7053715738,17.56827856019533,primary,Dr. Colvin R. de Silva Mawatha (Union Place),True,
3822223767,127657312,8.1790161466005,secondary,T.B. Jaya Mawatha,True,
3822724026,4809569430,71.44973834419717,primary,Sacret City Roads,False,B514
3822724026,1974698415,71.78610673733073,primary,Sacret City Roads,False,B514
3822724026,1974698374,248.4779080115224,primary,Sacret City Roads,False,B514
3822724027,4809569430,137.06607830092318,primary,Sacret City Roads,False,B514
3822724027,3822728700,62.46876014995175,primary,Sacret City Roads,False,B514
3822724027,10086214431,251.97584336391785,primary,Sacret City Roads,False,B514
3822728700,4809569429,128.643438183063,primary,Sacret City Roads,False,B514
3822728700,4918978047,396.0480040459253,primary,Sacret City Roads,False,B514
3822728700,3822724027,62.46876014995175,primary,Sacret City Roads,False,B514
3822752112,4814119777,36.93588574599956,secondary,Roof Tile Factory Road,False,C615
3822752112,4814119747,35.07129588804771,secondary,Roof Tile Factory Road,False,C615
3822752112,13834066716,341.48347439897447,secondary,Roof Tile Factory Road,False,C615
3822754793,1974694446,280.44286379771404,trunk,Kandy-Mahiyanganaya-Padiyatalawa Road,False,A26
3822754793,4814119777,64.74369360224321,trunk,Kandy-Mahiyanganaya-Padiyatalawa Road,True,A26
3825024064,13727362515,1356.1897517302418,secondary,,True,
3825059831,9291504385,24.492026600385802,secondary,Mihindu Mawatha – San Sebastian Hill Roundabout,True,
3825202161,91030247,2.5312972284103252,trunk,Lotus Round About,True,
3825202164,91030442,61.9250686378918,primary,Lotus Road,True,AC15
3825202164,3825202161,30.276306285827992,trunk,Lotus Round About,True,
3825207097,3355420037,309.9539036714549,trunk,Janadhipathi Mawatha,True,A2
3827971307,3827971310,17.480597521461778,primary,Walasmulla-Katuwana-Middeniya Road,False,B485
3827971307,1975353905,8791.971183808591,primary,Walasmulla-Katuwana-Middeniya Road,False,B485
3827971307,3827971313,30.823409704314834,primary,Katuwana-Urubokka Road,True,B606
3827971310,3827971307,17.480597521461778,primary,Walasmulla-Katuwana-Middeniya Road,False,B485
3827971310,3142698207,6410.73859968188,primary,Walasmulla-Katuwana-Middeniya Road,False,B485
3827971313,2078754919,6429.635679067866,primary,Katuwana-Urubokka Road,False,B606
3827971313,3827971310,27.304755114580963,primary,Katuwana-Urubokka Road,True,B606
3836856289,13431444645,29.206959282840575,trunk,Kandy-Mahiyanganaya-Padiyatalawa Road,True,A26
3848606598,6518088305,60.04399572108081,primary,Talawatugoda Road,False,B368
3848606598,1668906517,738.6942592839894,primary,Talawatugoda Road,False,B368
3848606598,11141684438,94.70780456512371,primary_link,,True,
3849049820,2155580115,32.363775267452105,trunk,Negombo Road,True,A3
3849049820,3252971709,26.201169222872103,trunk,Gampaha-Ja Ela Road,True,A33
3849049823,1278086414,78.54887917225241,trunk,Negombo Road,True,A3
3849049823,3849049820,15.554013745446568,trunk_link,,True,
3851226779,8112505448,8.881516723841695,trunk_link,,False,
3851226779,6540645130,2974.3093879768307,trunk,Negombo Road,True,A3
3851353586,3220121962,4389.905600967226,primary,Kegalle-Siyambalapitiya-Dewalegama Road,False,B601
3851353586,5319765722,6434.910080425157,trunk,Polgahawela-Kegalle Road,False,A19
3851353586,617968149,4400.680248236388,trunk,Polgahawela-Kegalle Road,False,A19
3856554872,5369721906,400.3910882980755,primary,Wattegama Road,False,B369
3856554872,3619718204,2760.033054653367,primary,Wavinna Road,False,B369
3856554872,3416397811,316.72582722546053,primary,Elkaduwa Road,False,B462
3861760657,3861760731,854.2012938287874,primary,Main Street (New Kandy Road),True,B240
3861760657,3354710540,27.926596715291833,primary,Main Street (New Kandy Road),False,B240
3861760731,5523265726,8.834173217902404,primary,Main Street (New Kandy Road),True,B240
3864419806,645126091,9.669067906644912,secondary,Kiribathgoda-Makola-Sapugaskanda Road,True,B221
3864419806,324988797,32.30871667715088,trunk,Colombo-Kandy Road,True,A1
3864419811,324988637,9.608809488623516,primary,Kiribathgoda-Makola-Sapugaskanda Road,True,B221
3864419811,1840750860,1993.14128205042,trunk,Colombo-Kandy Road,True,A1
3867253810,2723880187,215.2634662928458,secondary,Andarawewa - Balaluwewa Road,False,B501
3867253810,3336196292,9773.18209556605,secondary,Andarawewa - Balaluwewa Road,False,B501
3867253810,2906906430,10675.665450164646,secondary,Galnawa Road,False,
3871134706,3871146838,11.556501990175585,trunk,,True,
3871134706,3591084262,22.024923717566004,trunk,Kandy Road,True,A5
3871146838,3871146840,12.600923054218853,trunk,,True,
3871146838,5273425373,25.68226785442379,trunk,T. B. Panabokke Mawatha (Gangasiri Road),True,A5
3871146840,3871146844,12.47944115492518,trunk,,True,
3871146840,5273425374,20.594554377438833,primary,Kandy Road,True,AB13
3871146844,3871134706,11.89431256644604,trunk,,True,
3881591515,1974700361,821.9564374560446,primary,Mahiyanganaya-Dimbulagala-Dalukane Road,False,AB44
3881591515,4814119816,143.3366200779543,primary,Mahiyanganaya-Dimbulagala-Dalukane Road,True,AB44
3883403616,3883403623,29.50889661607185,primary,Hanwella-Pugoda-Kirindiwela-Urapola Road,True,B146
3883403616,1235697388,4585.840022994408,primary,Hanwella-Pugoda-Kirindiwela-Urapola Road,False,B146
3883403617,3883403616,28.95173126284961,primary,Hanwella-Pugoda-Kirindiwela-Urapola Road,True,B146
3883403617,3883403623,10.813062488756637,primary,,True,
3883403618,3883403620,29.716494024933546,primary,Talduwa-Meewitigammana Road,True,B408
3883403618,127659819,13441.819934335452,primary,"['Gurugalla Bridge', 'Talduwa-Meewitigammana Road']",False,B408
3883403620,3883403617,4.743248807175228,primary,,True,
3883403623,3883403631,15.548183224335068,primary,,True,
3883403628,3883403618,29.061377664250323,primary,Talduwa-Meewitigammana Road,True,B408
3883403628,3883403620,14.106135088255222,primary,,True,
3883403630,3883403628,5.0258070118323355,primary,,True,
3883403631,3120332567,26.908075873161415,primary,Hanwella-Pugoda-Kirindiwela-Urapola Road,True,B146
3883403631,3883403630,11.47842296274261,primary,,True,
3884338673,3298069926,15.38575078916508,trunk,,True,
3887468599,622288497,21.48789963642305,primary,Talawatugoda Road,True,B368
3887468599,3354684570,31.55433702618685,secondary_link,,True,
3891382236,5315984610,7.599410607254595,primary_link,,False,
3891382236,843513352,128.77478718829371,trunk,Colombo Road,True,A33
3893849748,9491622364,269.7459619459448,primary,St. Anthony's Mawatha,True,AC31
3893909443,2083191643,310.36896504429706,secondary,Dr. C. W. W. Kannangara Mawatha (Alexandra Place),True,
3893909444,1278079713,29.54169762682942,secondary,F. R. Senanayake Mawatha,True,
3893909444,3893909443,24.678912395929316,secondary_link,,True,
3893909450,679746558,295.82080358748647,secondary,F. R. Senanayake Mawatha,True,
3896044935,635166180,77.81577690728963,primary,Old Kotte Road,True,B62
3896044935,3574703794,44.82282923096551,primary_link,,True,
3896381287,3896381309,18.30710191068515,primary,Jaffna-Ponnalai Road,True,AB021
3896381287,3896381298,15.634968302204246,primary,,True,
3896381289,7098638332,33.078985417899844,primary,Jaffna-Ponnalai-Point Pedro Road,True,AB021
3896381289,3896381292,13.646499896975666,primary,,True,
3896381292,3896381294,3.434678355237653,primary,,True,
3896381294,7098638333,32.18854574298965,primary,Jaffna-Manipay-Karainagar Road,True,AB017
3896381294,3896381287,9.49828891377333,primary,,True,
3896381298,3896381300,4.412968376125728,primary,,True,
3896381300,847419308,34.375219673876366,primary,Karanaigar Causeway,True,AB017
3896381300,3896381303,11.188843959123954,primary,,True,
3896381303,3896381289,4.098282399499594,primary,,True,
3896381309,3896381298,23.486553133933143,primary,Jaffna-Ponnalai Road,True,AB021
3896381309,847420598,3500.1987232337883,primary,Jaffna-Ponnalai Road,False,AB021
3897543544,7083601470,52.16570767401988,primary,Elahera-Pallegama-Hettipola Road,True,New B312
3897543544,2055561684,13977.755014023356,primary,Elahera-Pallegama-Hettipola Road,False,"['B312', 'New B312']"
3898518037,7702374764,36.9745831022796,primary,Thambalagamuwa-Kinniya Road,False,B541
3898518037,7702374760,34.47803164147201,primary,Buhari Adi Junction,True,
3898518038,7702374761,38.025712110821566,primary,Thambalagamuwa-Kinniya Road,False,B541
3898518038,7084497218,9.70726306293312,primary,Buhari Adi Junction,True,
3899387299,3899387301,43.08541952642196,trunk,Trincomalee Road,False,A15
3899387299,13907822736,42.62103533011346,trunk,Trincomalee Road,False,A15
3899387299,1725061738,1086.352748420143,trunk,"['Oddaimavadi Bridge', 'Trincomalee Road']",False,A15
3899387301,3899387299,43.08541952642196,trunk,Trincomalee Road,False,A15
3899387301,13907822736,16.006139374458154,trunk,,True,
3899387302,3109068245,56.090217979779105,trunk,Trincomalee Road,False,A15
3899387302,3899387301,11.931733311812419,trunk,,True,
3899387303,3109068245,54.96651918921003,trunk,Trincomalee Road,False,A15
3899387303,3899387302,16.349900878716806,trunk,,True,
3902482137,3902482146,25.071157446674732,primary,Colombo - Horana Road,True,B84
3902482137,3902482142,33.00112289951024,primary_link,,True,
3902482140,13236794134,1026.073807228445,primary,Colombo - Horana Road,True,B84
3902482142,2068144084,20.563631406068186,primary,Dehiwela Road (Dehiwela-Maharagama Road),True,B94
3902482146,3902482142,20.322047984162165,primary,Dehiwela Road (Dehiwela-Maharagama Road),True,B94
3902482146,3521595128,11.237714200526018,primary,,True,B84
3902482152,3521595117,26.50767629905624,primary,Dehiwela Road (Dehiwela-Maharagama Road),True,B94
3902482152,3902482140,30.690030479803866,primary_link,,True,
3902482154,1737485326,30.66141544527822,primary,Dehiwela Road (Dehiwela-Maharagama Road),True,B94
3902482859,9075842383,732.7434176922801,primary,Colombo-Piliyandala-Horana Road,True,B84
3902482860,3521592487,28.19704457490757,primary,Colombo-Piliyandala-Horana Road,True,B84
3902482860,3902482154,42.08992944913416,primary_link,,True,
3906319524,3203303832,8483.432500700492,primary,Moragahamula-Victoria Dam Top Road,False,B493
3914008960,13682136254,8.6832228217758,trunk,Kottawa Roundabout,False,
3914008960,3945809610,32.93179050937459,trunk,Kottawa Roundabout,False,
3914008962,598715826,778.2580560773592,secondary,Athurugiriya-Kottawa Road,False,
3914008962,7030993914,15.631956308995093,secondary,Athurugiriya-Kottawa Road,True,
3922266713,3822116980,166.73244120456752,primary,Sir Baron Jayatilake Mawatha,True,
3927772231,3217232039,0.8853025324370806,trunk,,True,
3927772236,2087261005,24.710967808756553,trunk,Kegalle-Bulathkohupitiya-Karawanella Road,True,A21
3927772236,5841721869,15.929829628802826,trunk,,True,
3927772244,445260245,39.329311197586456,primary,Galigamuwa-Ruwanwella Road,True,B127
3927772244,3927772231,13.160051622897727,trunk,,True,
3935855296,3935855297,22.00879961251886,trunk,Matara Road,False,A2
3935855296,1397090864,1031.9377559687355,trunk,Matara Road,False,A2
3935855296,3935855298,19.192332711387685,primary,Hetti Veediya,False,B646
3935855297,3935855296,22.00879961251886,trunk,Matara Road,False,A2
3935855297,1397147766,741.8332056025914,trunk,Matara Road,False,A2
3935855297,3935855298,25.128148695038874,primary,Hetti Veediya,False,B646
3935855298,3935855297,25.128148695038874,primary,Hetti Veediya,False,B646
3935855298,3935855296,19.192332711387685,primary,Hetti Veediya,False,B646
3935855298,1397090861,1039.8323727540283,primary,Hetti Veediya,False,B646
3937646623,3937651729,4673.226554048222,secondary,Old Elahera-Pallegama-Hettipola Road,False,Old B312
3937646623,3937651729,7505.039924273162,primary,Elahera-Kaluganga-Pallegama Road,False,
3937646623,2910209739,35123.49765974525,primary,Matale-Illukkumbura-Pallegama Road,False,B274
3937651729,3937646623,4673.226554048224,secondary,Old Elahera-Pallegama-Hettipola Road,False,Old B312
3937651729,3937646623,7505.039924273159,primary,Elahera-Kaluganga-Pallegama Road,False,
3937651729,1896204980,3365.3970781362646,primary,Old Elahera-Pallegama-Hettipola Road,False,Old B312
3937818064,3937818066,3.220129778401836,trunk,Hidellana RB,True,
3937818066,3937818079,21.043064097328813,trunk,Hidellana RB,True,
3937818066,1723700615,46.157333030434216,trunk,Colombo Road,True,A4
3937818079,3937818080,1.6047381746002185,trunk,Hidellana RB,True,
3937818080,3937818091,17.118465780483827,trunk,Hidellana RB,True,
3937818080,3937818099,36.788656233675,primary_link,,True,
3937818091,3937818093,3.0208630534293124,trunk,Hidellana RB,True,
3937818093,3937818064,22.08738405262388,trunk,Hidellana RB,True,
3937818093,3937818139,43.07496444555307,trunk,Colombo Road,True,A4
3937818099,3937818091,35.12717281421577,primary_link,,True,
3937818099,3937837848,1654.0164433823345,primary,Sarath Muththettuwegama Mawatha,False,AB35
3937818139,3937818064,44.73417813087879,trunk,Colombo Road,True,A4
3937818139,1751020481,254.07488187823895,trunk,Colombo Road,False,A4
3937837818,310860950,2890.616570051721,trunk,Colombo Road,False,A4
3937837818,3937837841,38.37272956206877,trunk,Colombo Road,True,A4
3937837820,3937837959,2.4891055417005488,trunk,,True,
3937837832,3937837820,14.235638630154163,trunk,,True,
3937837832,3937837848,41.51035686505012,primary_link,,True,
3937837841,3937837832,9.572293514904867,trunk,,True,
3937837843,3937837841,19.90689615960471,trunk,,True,
3937837843,3937837818,36.281404246189375,trunk,Colombo Road,True,A4
3937837848,3937837820,39.09441434970289,primary_link,,True,
3937837848,3937818099,1654.0164433823345,primary,Sarath Muththettuwegama Mawatha,False,AB35
3937837959,3937837967,13.124443926852978,trunk,,True,
3937837959,1750944667,38.56918974907524,trunk,Colombo Road,True,A4
3937837967,3937837843,1.7437162034643032,trunk,,True,
3937903239,3799736775,7.6167830081000885,trunk_link,Trace Lane,False,
3937903239,3538150718,163.54832635800884,trunk,Olcott Mawatha,True,A1
3945809610,6292190457,4.082681885363682,trunk,Kottawa Roundabout,False,
3945809610,6292190587,33.5965735434597,trunk,High Level Road,True,A4
3945809610,3914008960,32.93179050937459,trunk,Kottawa Roundabout,False,
3945844315,6292190482,9.56375857585889,secondary,Old Kottawa Road,False,
3945844315,3914008962,43.58355627562078,secondary,Athurugiriya-Kottawa Road,True,
3960797183,3960797188,7.889212939250232,trunk,,True,
3960797187,1841475983,27.393010155883815,trunk,Matara-Hambantota Road,True,A2
3960797187,3960797183,16.245299634886845,trunk,,True,
3960797188,3279674224,19.965442132187857,primary,Beliatte-Tangalle Road,True,B141
3960797188,6545241017,13.940181916602489,trunk,,True,
3960797189,3960797187,3.9456666048352806,trunk,,True,
3960868163,3669997743,25.700234518591337,primary,Tangalle-Weeraketiya Road,True,B410
3960868163,77379011,19.925510212326756,trunk,Matara-Hambantota Road,False,A2
3960868163,77379074,496.9723444852067,trunk,Matara-Hambantota Road,False,A2
3964852181,3164393649,47.86470243853163,secondary,Srimath Anagarika Dharmapala Mawatha,True,
3964852181,6524681176,142.6085305847196,secondary_link,,True,
3964896717,652533088,50.10868683173362,trunk,Dudley Senanayake Mawatha (Castle Street),True,A0
3964896717,3964910415,61.75757791991525,primary,Bauddhaloka Mawatha,True,
3964910415,674684720,52.511678245423624,primary,Bauddhaloka Mawatha,True,
3983328377,3983328743,48.036347834263545,trunk,Sirimavo Bandaranaike Mawatha (Peradeniya Road),True,A1
3983328377,13671477050,3862.9603245764,trunk,Sirimavo Bandaranaike Mawatha (Peradeniya Road),False,A1
3983328743,9407052256,3.3729270427265443,trunk,,True,
3983329763,4096475956,209.48082865815098,primary,"['Gannoruwa Bridge', 'Gannoruwa Road']",True,
3983329763,3780823919,13.170161133006662,trunk,,True,
3983329767,3983328377,49.64570514913653,trunk,Sirimavo Bandaranaike Mawatha (Peradeniya Road),True,A1
3983329767,3983328743,16.206438072979605,trunk,,True,
3998773392,1877266360,1351.8858340047937,primary,Pallikkudiyiruppu Village Road,False,B576
3998773392,1877266360,686.7436472233429,primary,Akkaraipattu-Varipathanchenai Road,False,B1
3998773392,1888945264,1250.7322514517732,primary,Akkaraipattu-Varipathanchenai Road,False,B1
3998841948,570765771,5685.591380416587,primary,"['Halloluwa Road', 'Barigama Road']",False,B537
3998841948,3738834813,2379.9937547709287,primary,Katugastota Road,False,B365
3998841948,3088508756,4573.233274327415,primary,"['Gohagoda Road', 'Katugastota Road']",False,B365
3999196805,13613018164,11.063051305890525,primary,Thilak Ratnayake Mawatha,True,B70
3999196805,13671920564,708.3225896231537,primary,"['Thilak Ratnayake Mawatha', 'Adahanamaluwa Road']",False,B70
4001647875,1242703950,3901.2820605216166,primary,Welgam Vihara Road,False,B447
4004597816,1837354773,269.7738093103977,primary,Mosque Road,True,B521
4004597816,257926316,1553.026425390582,primary,Sangaraja Mawatha,False,B518
4004620069,4004630079,20.194983508084622,trunk,Sri Dalada Veediya,True,A1
4004620069,9201280517,14.794644605984413,trunk,,True,
4004620073,4004620078,2.598847165102083,trunk,,True,
4004620076,6324979463,25.311121686289006,trunk,Sri Dalada Veediya,True,A1
4004620076,4004620083,11.135704682141991,trunk,,True,
4004620078,3216804790,22.555337806264234,primary,S. W. R. D. Bandaranaike Mawatha,True,B27-1
4004620078,4004620085,10.935910616567897,trunk,,True,
4004620083,4004620069,22.04986785345663,trunk,,True,
4004620085,4004620076,2.709358668138008,trunk,,True,
4004621090,11367587826,7.0928514510752265,trunk,Sirimavo Bandaranaike Mawatha (Peradeniya Road),False,A1
4004621090,13615512124,20.416929603160348,trunk,Sirimavo Bandaranaike Mawatha (Peradeniya Road),False,A1
4004630079,8936981953,74.29873183672088,trunk,Sri Dalada Veediya,True,A1
4006801962,2145113863,15011.657776590824,primary,Gevilipitiya-Hettimulla Road,False,B136
4006801962,3229498069,4365.161616847153,primary,Mawanella-Aranayaka Road,False,B278
4006801962,1831898405,4283.6475479792425,primary,"['Aranayaka-Horawala Road', 'Mawanella-Aranayaka Road']",False,B278
4011680781,6260211179,40.56421615919217,trunk,H. Sri Nassanka Mawatha (Maya Avenue),True,A4
4011680781,1676479570,354.99846739522627,trunk,H. Sri Nassanka Mawatha (Maya Avenue),False,A4
4011682730,619195378,51.048646666352965,trunk,Sri Sambuddhatwa Jayanthi Mawatha (Havelock Road),True,A4
4011682730,1792664495,416.49391091799254,trunk,Sri Sambuddhatwa Jayanthi Mawatha (Havelock Road),False,A4
4019244692,8865864661,324.310895121544,trunk,Katugastota Road,True,A9
4019244695,6509196204,23.876296393962203,primary,Gedige Vihara Mawatha,True,B70
4019244695,4019244692,12.403940737448975,trunk,Katugastota Road,True,A9
4019244724,4019244695,26.53647316226164,trunk_link,,True,
4019244724,3218446414,51.26836004133523,trunk,Katugastota Road,True,A9
4019531402,5968325062,22.92082491068201,primary,Piliyandala - Kottawa Road,True,B267
4019531402,257673145,606.3712934551841,primary,Piliyandala - Kottawa Road,False,B267
4020226660,1877272293,14345.75237207961,primary,Akkaraipattu-Deeghavapiya-Ambalatharu Road,False,B573
4032560667,1724997103,2527.0522534805,primary,Galaha Road,False,B364
4032560667,4796114651,34.402927983431866,primary,Galaha Road,True,B364
4032560674,4796114651,23.258024669935367,primary,Alwis Roundabout,True,
4032560674,4032560667,36.28518048852197,primary,Galaha Road,True,B364
4032560683,4032560674,25.01039078104426,primary,Alwis Roundabout,True,
4034893256,871932407,4451.932310218265,secondary,Kandasamykovil - Kaluthaipiddy,False,B192
4045295806,6653100609,12434.917193875159,primary,Pallebedde-Medaganoya-Weligepola Road,False,B351
4045295806,1750869639,14695.511689619952,trunk,Pelmadulla-Embilipitiya Road,False,A18
4045295806,1723290054,15323.231889661005,trunk,Pelmadulla-Embilipitiya Road,False,A18
4045751170,912273614,5919.528640221755,primary,Kalawana Road,False,B421
4045751170,4045751173,21.467952861714405,primary,,True,
4045751172,912272593,6131.917064112336,secondary,Watapotha-Nivithigala Road,False,
4045751172,4045751170,20.387419618626353,primary,,True,
4045751173,912268077,10427.16494203275,primary,Kalawana Road,False,B421
4045751173,4045751172,18.985080619723117,primary,,True,
4046368469,4046368474,18.949622541764008,secondary,Port Access Road,True,
4046368474,6524965943,15.191814499184053,secondary,Port Access Road,True,
4046368474,3187859722,206.73176223886514,secondary,Port Access Road,True,
4056840093,403875119,22.357500738050586,primary,Old Kotte Road,False,B62
4056840093,403875117,60.06511192715665,primary,Old Kotte Road,False,B62
4059337439,2280604896,10233.553780729046,primary,Nagoda-Kalawellawa-Bellapitiya Road,False,B304
4059337439,560221970,1270.1460545767072,primary,Nagoda-Kalawellawa-Bellapitiya Road,False,B304
4059337439,560221964,3418.401778064509,primary,Gallassa Road,False,B302
4062722950,8770467948,12.473058474088617,trunk,,True,
4062722953,4139420763,28.833884420358192,primary,Uppuveli Road,True,B140-6
4062722953,6985901088,14.299725010977376,trunk,,True,
4062722959,4062722953,3.3707291739566267,trunk,,True,
4062727240,4062722950,24.431486015301378,trunk,Kandy Road,True,A6
4062727240,1242795139,980.7248748377957,trunk,Kandy Road,False,A6
4067142475,1874159728,16869.6712700831,primary,"['Panama Road', 'Pottuvil-Panama Road', 'Potuvil - Panama Road']",False,B374
4067142475,4067142483,16.944010880819565,trunk,,True,
4067142483,4067142493,13.987344512698435,trunk,,True,
4067142483,3730047332,33378.52280056772,trunk,Wellawaya-Pottuvil Road,False,A4
4067142493,1725053695,28105.991004315525,trunk,Pottuvil-Batticloa Road,False,A4
4067142493,4067142475,22.20057660073885,trunk,,True,
4067964375,1535398451,336.9318298458183,trunk,Kurunegala - Kandy Road,False,A10
4067964375,904233272,18.177320471135978,trunk,,True,
4067964376,904233581,1875.1409414960435,primary,Gettuwana Road,False,B82
4067964376,4067964375,11.623599830905443,trunk,,True,
4067964377,3064571979,1253.0769798688025,trunk,Kurunegala - Kandy Road,False,A10
4067964377,4067964376,14.33979018201054,trunk,,True,
4067967894,618609526,5966.222475458422,secondary,Mallawapitiya - Keppitigala Road,False,B264
4067967894,3064234504,8258.341638460235,trunk,Kurunegala - Kandy Road,False,A10
4067967894,1535398451,1718.9134485905704,trunk,Kurunegala - Kandy Road,False,A10
4068148608,637009373,143.59106584674294,primary,Orutota Road,False,B569
4068148608,637009411,105.5287493243486,trunk,Colombo Road,False,A33
4068148608,3770168316,165.45124873894193,trunk,Orutota Road,False,A33
4069776491,10682425433,104.56589343116322,secondary,bandarawela depot road,False,
4071257592,2418603892,25.627821940017178,primary,Main Street,False,B293
4071257592,4071257595,10.03111552214938,trunk,,True,
4071257595,4071257597,4.201660322573293,trunk,,True,
4071257595,2418603892,26.90791525107751,primary,Main Street,False,B293
4071257597,2418603897,20.50198276117371,trunk,Wellawaya-Pottuvil Road,True,A4
4071257597,4071257599,8.093011890997133,trunk,,True,
4071257599,6294143289,5.34227253492349,trunk,,True,
4074853003,9427992826,14327.022678075857,secondary,"['Veechukalmunai Bridge', 'Airport Road', 'Vavunathivu Bridge', 'Valaiyirove Veethy', 'Batticaloa Road', 'Karadiyanaru Road']",False,
4082665360,258523315,12820.3041416527,secondary,Polonnaruwa - Hingurakgoda Road,False,B552
4082665360,4082665365,10.062652554979437,secondary,,True,
4082665365,2285202897,5739.441743494805,primary,Minneriya - Hingurakgoda Road,False,B287
4082665365,4082665380,16.550704385531326,secondary,,True,
4082665380,2831970104,31510.05925857249,secondary,"['Medirigiriya - Diyasenpura - Meegaswewa Road', 'Hingurakgoda - Medirigiriya Road']",False,"['B048', 'B155']"
4082665380,4082665360,26.098747531452375,secondary,,True,
4085806761,3549382890,25.08952523242617,primary,Katunayake-Veyangoda Road,False,B208
4085806761,638916931,342.62406171235466,primary,Katunayake-Veyangoda Road,False,B208
4085806761,4085806765,39.44375642254648,secondary_link,,True,
4085806765,3549382890,26.07607494159226,secondary,Veyangoda bypass Road,False,
4085806765,4202427024,448.28538836848514,secondary,Veyangoda bypass Road,False,
4086635248,7704618048,274.1227076173355,primary,Kurunegala - Narammala - Madampe Road,True,B247
4086635248,2589231774,1935.0712209675996,primary,Kurunegala - Narammala - Madampe Road,False,B247
4086665691,3628051370,10033.733207794412,secondary,Pannala-Kuliyapitiya Road,False,B356
4086665691,1976198852,122.85856345028569,secondary,Pannala - Kuliyapitiya Road,True,B356
4087054248,292783948,268.2604726136546,trunk,Negombo Road,True,A3
4087054249,4087054248,23.429602126582566,primary_link,,True,
4087054249,6275242615,29.25583809541395,primary,Arch Bishop Nicholas Marcus Fernando Mawatha,True,B246
4087054250,2155666096,4.511472085777926,trunk,Negombo Road,True,A3
4087054259,4087054262,25.04612595219404,primary,Arch Bishop Nicholas Marcus Fernando Mawatha,True,B246
4087054259,6275242615,6.988023516764473,trunk,Negombo Road,True,A3
4087054262,1683204299,37.20687650047172,primary,Arch Bishop Nicholas Marcus Fernando Mawatha,True,B246
4087054265,4087054259,18.656676071317634,trunk,Negombo Road,True,A3
4087054265,4087054262,39.09521794287284,primary_link,,True,
4087081915,313236286,1165.1995732218977,primary,Chilaw Road,False,B78
4087081915,5804555891,52.63651732694277,primary,Chilaw Road,True,B78
4096475956,4096475975,13.478783529548679,primary,Gannoruwa Road,True,B365
4096475975,4096475976,7.701894176817434,primary_link,,True,
4096475975,5120237612,533.4316764797197,primary,Gannoruwa Road,True,B365
4096475976,3738834815,13.462738925748328,primary,Gannoruwa Road,True,B365
4096475976,3738834813,48.27834669077671,primary,Katugastota Road,True,B365
4099698756,6545320371,12.905799243359732,primary,Kurunegala Road,True,B638
4099698756,4099698758,20.00997439415655,primary_link,,True,
4099698761,13574349086,492.0148270655545,primary,Kurunegala Road,False,B638
4099698761,4099698764,29.3218762993137,primary_link,,True,
4099698761,6545320374,32.223311163978316,primary,Kurunegala Road,True,B638
4099698764,4099698765,15.38366642443279,primary,Sri Saranankara Sangarakkhitha Mawatha (Vessagiriya Road),True,
4099698765,567004533,354.5682566578326,primary,Sri Saranankara Sangarakkitha Mawatha (Vessagiriya Road),False,B397-8
4099698765,2831587623,39.82906767972464,primary,Sri Saranankara Sangarakkhitha Mawatha (Vessagiriya Road),True,
4099707534,2831587846,99.27226803696321,primary,Mihindu Mawatha,False,B397-1
4099707534,4099888815,17.377665652607803,primary,,True,
4099707550,1402737640,9.37054492701663,primary,,True,
4099888815,615737957,1406.299766827109,primary,Old Puttalam Road,False,B234
4099888815,9282393896,12.191019598225273,primary,,True,
4099888824,4099707534,11.729540790104148,primary,,True,
4099888824,13587389094,165.88692672513363,primary,Old Puttalam Road,False,B234
4108748752,5252242470,5539.726563625849,trunk,Talawakelle Road,False,A7
4108748752,4108748760,347.92535364153025,trunk,Talawakelle Road,False,A7
4108748752,4108749709,564.2538442189253,primary,Stony Cliff-Kotagala Road,False,B406
4108748760,4108748752,347.9253536415302,trunk,Talawakelle Road,False,A7
4108748760,247140202,4187.92191182538,trunk,Talawakelle Road,False,A7
4108748760,4108749709,513.417292365178,primary,Kotagala Station Road,False,B27-7
4108749709,4108748760,513.4172923651779,primary,Kotagala Station Road,False,B27-7
4108749709,2689283758,5962.788416337418,primary,Stony Cliff-Kotagala Road,False,B406
4108749709,4108748752,564.2538442189256,primary,Stony Cliff-Kotagala Road,False,B406
4109470048,247139123,1866.8839067127449,primary,Watawala Railway Station Road,False,B27-26
4124299560,4767111697,556.6091821113754,secondary,,False,
4124299560,4767111697,763.1175648316802,secondary,,False,
4124299560,4124299576,370.6069044984546,secondary,,False,
4124299576,4124299560,370.6069044984545,secondary,,False,
4136824661,4136824662,45.305389574071704,trunk,Navatkuli-Karaitivu-Mannar Road,True,AA032
4136824661,1245043305,8122.292352329173,trunk,Navatkuli-Karaitivu-Mannar Road,False,AA032
4136824662,4136824665,14.455819892106447,trunk,Navatkuli-Karaitivu-Mannar Road,True,AA032
4136824662,1148494612,45.14501912295813,trunk,Navatkuli-Karaitivu-Mannar Road,True,AA009
4136824664,4136824662,20.14691358517821,trunk,Kandy - Jaffna Road,True,AA009
4136824664,4136824661,31.422157955386773,trunk,,True,AA032
4136824665,3474422106,17.79540310099508,trunk,Jaffna-Kandy Road,True,AA009
4136868890,1245043260,6.306895774345238,secondary,Chavakachcheri - Kachchai,False,B074
4136868890,4136868892,21.260874673239044,trunk_link,,False,
4136868890,849189814,9005.340306542472,secondary,"['Puloly-Kodikamam-Kochchai Road', 'Chavakachcheri - Kachchai']",False,"['AB031', 'B074']"
4136868892,847869821,29.284997192201917,trunk,Kandy - Jaffna Road,False,AA009
4136868892,4136868890,21.260874673239044,trunk_link,,False,
4136868892,1148495443,4141.07900018841,trunk,Kandy - Jaffna Road,False,AA009
4136994000,6538060317,30.25989904394792,trunk,Paranthan-Mullaittivu Road,True,AA035
4136994000,6538060311,40.07495911466931,trunk_link,,True,
4136994005,6538060317,7.722794757356785,trunk,,True,
4136994005,1453000665,147.21976873481464,trunk,Paranthan-Mullaitivu Road,True,AA035
4136994008,7042347643,35565.39676999346,trunk,"['Paranthan-Mullaittivu Road', 'Paranthan - Mullaitivu', 'Paranthan-Mullaitivu Highway']",False,AA035
4136994008,6545546146,267.1997195513077,trunk,Paranthan-Mullaitivu Road,True,AA035
4137095171,3237363036,19.776176819483254,trunk,Vavuniya-Horowpotana Road,True,AA029
4137095171,6266383664,21.64068868900845,trunk,Kandy - Jaffna Road,True,AA009
4137184213,7409403107,52.7724318469546,trunk,Medawachchiya-Talaimannar Road,True,AA014
4137184213,4137198917,11.263072867769266,trunk,,True,
4137190998,2079870057,3635.417309056205,trunk,Medawachchiya-Talaimannar Road,False,AA014
4137190998,1661614342,45.6684520646118,trunk,Medawachchiya-Talaimannar Road,True,AA014
4137190999,4137190998,47.68271138698977,trunk,,True,AA014
4137190999,1661614342,12.567757102475543,trunk,,True,
4137198917,4137190999,8.005890404593591,trunk,,True,
4137314869,4137314878,34.658608214114324,trunk,Navatkuli-Karaitivu-Mannar Road,True,AA032
4137314869,2093613917,36755.12799486395,trunk,Navatkuli-Keraitivu-Mannar Road,False,AA032
4137314871,4137314869,34.186311118402024,trunk,Navatkuli-Karaitivu-Mannar Road,True,AA032
4137314871,4137314878,14.968087628576146,trunk,,True,
4137314875,4137314871,13.10115513251694,trunk,,True,
4137314878,4137314881,5.021229559709907,trunk,,True,
4137314879,4137314875,24.63915005123574,secondary,Paranthan-Pooneryn Road,True,B357
4137314879,1642975181,25773.032375523646,secondary,Paranthan - Poonakary,False,B357
4137314881,4137314888,33.3130593286985,trunk,Navatkuli-Karaitivu-Mannar Road,True,AA032
4137314881,4137314887,13.775128586897969,trunk,,True,
4137314884,4137314879,24.36715358620427,secondary,,True,
4137314884,4137314875,17.59124760184254,trunk,,True,
4137314887,4137314884,7.490150350666519,trunk,,True,
4137314888,4137314887,34.452546621966796,trunk,Navatkuli-Karaitivu-Mannar Road,True,AA032
4137314888,1245043305,18254.42694387563,trunk,"['Sangupiddi Causeway', 'Navatkuli-Karaitivu-Mannar Road', 'Navatkuli-Keraitivu-Mannar Road']",False,AA032
4137349471,4137349478,9.766548156073231,trunk,,True,
4137349471,13564710647,31.325715133554247,trunk,Padeniya-Anuradhapura Road,True,A28
4137349478,13564710682,28.216849636478106,trunk,Puttalam Road,True,A12
4137349478,4137349482,11.167333976908326,trunk,,True,
4137349479,4137349471,11.114686728549344,trunk,,True,
4137349482,4137349486,4.938636925051937,trunk,,True,
4137349486,4137349479,11.46519119670944,trunk,,True,
4137349486,4137353395,50.35959614939564,trunk,Puttalam Road,True,A12
4137349488,4137349479,51.32922564648282,trunk,Puttalam Road,True,A12
4137349488,4137353395,8.115362114313974,trunk,,True,
4137353395,4137353401,8.03752404479957,trunk,,True,
4137353396,566569982,36.644424823418504,trunk,Jayanthi Mawatha,True,A12
4137353396,1181921887,7.488444202650699,trunk,,True,
4137353401,4137353396,8.137084854005561,trunk,,True,
4137353401,1181921747,38.09457564580187,primary,Kurunegala Road,True,B638
4137359438,1401473107,49.13606528496128,trunk,Bandaranaike Mawatha,True,A13
4137359438,11743149450,523.0422173566874,trunk,Bandaranaike Mawatha,False,A13
4137359439,8795417509,44.09110820902207,primary,Bandaranaike Mawatha,True,B397-8
4137359439,567004349,610.9245768681722,primary,Bandaranaike Mawatha,False,B397-8
4137359440,8795417511,42.445969870147934,trunk,Jayanthi Mawatha,True,A12
4137359440,602759879,610.4144991870897,trunk,Jayanthi Mawatha,False,A12
4137371244,13577179092,26.541773025039603,secondary,Old Trincomalee Road,True,B164
4137371244,13577179096,28.85233493479624,secondary_link,,True,
4137371245,8953454696,8.519343774571135,trunk_link,,True,
4137371245,5055655462,123.25459514024517,trunk,Anuradhapura Road,True,A20
4137378450,4137378452,4.622539881341172,trunk,,True,
4137378452,1981159938,44.457558512270154,trunk,Medawachchiya-Talaimannar Road,True,AA014
4137378452,4137378456,10.433816203977297,trunk,,True,
4137378455,1981159934,30.547599778125583,trunk,,True,AA009
4137378455,4137378450,18.345839854724126,trunk,,True,
4137378456,4137378458,4.3896923242772745,trunk,,True,
4137378458,1981159944,39.73881381681905,trunk,,True,AA009
4137378458,4137378462,12.12096261140184,trunk,,True,
4137378462,7085726788,3.0903270216149377,trunk,,True,
4137378464,1981159930,41.02823732841292,secondary,Medawachchiya-Kebithigollewa Road,True,B283
4137378464,5156577884,25397.746192380528,secondary,Medawachchiya-Kebithigollewa Road,False,B283
4139418521,6537569535,2315.379249579983,trunk,Kandy Road,False,A6
4139418521,1242694031,34.73972859174893,trunk,Kandy Road,False,A6
4139418521,3805434522,28.688733391449098,trunk,Puttalam-Anuradhapura-Trincomalee Road,True,AA012
4139420762,4062722959,43.085046234621984,trunk,Kandy Road,True,A6
4139420762,1242694031,953.1944566803618,trunk,Kandy Road,False,A6
4139420763,6985901088,29.5862153603066,primary,Uppuveli Road,True,B140-6
4139420763,6685553328,1490.9985535549506,primary,Uppuveli Road,False,B140-6
4139440649,1242795139,174.41311616070556,trunk,Kandy Road,False,A6
4139440649,13929460698,30.375731517268136,trunk,Kandy Road,True,A6
4139580626,567011644,672.9751384286418,trunk,Anuradhapura Road,True,A9
4139580626,3518418194,6550.890845401834,trunk,Anuradhapura Road,False,A9
4139586563,7185616200,11.553346940477223,trunk,Puttalam Road,True,A12
4139586563,13564859268,27.713325177341755,primary_link,,True,
4140943329,618605187,801.1002246190516,trunk,Puttalam-Anuradhapura-Trincomalee Road,False,
4140943329,4140943337,31.412448131444247,trunk,,True,
4140943332,4140943329,34.008209741136696,trunk,Puttalam-Anuradhapura-Trincomalee Road,True,
4140943332,4140943337,11.865771491643041,trunk,,True,AA012
4140943337,1400433850,35.34382907885565,trunk,Anuradhapura Road,True,AA012
4140943337,4140943341,20.363261432516772,trunk,,True,AA012
4140943341,618605190,13.578657866058329,trunk,,True,AA012
4140943341,618605190,55.54122346148087,trunk,Puttalam-Anuradhapura-Trincomalee Road,True,AA012
4140985755,1731470200,19.386885722721903,trunk,Katugastota-Kurunegala-Puttalam Road,False,A10
4140985755,6509597375,6789.090941593922,trunk,Katugastota-Kurunegala-Puttalam Road,False,A10
4140985756,5169879067,35.58729107987981,trunk,Katugastota-Kurunegala-Puttalam Road,True,A10
4140985756,1731470200,1805.9612157623787,trunk,Katugastota-Kurunegala-Puttalam Road,False,A10
4140985775,3227989004,90614.53972427089,primary,"['Mannar Road', 'Puttalam - Marichchikadai - Mannar Road', 'PuttMannar Road']",False,B379
4140985775,13686682344,23.38808513851765,primary,Puttalam - Marichchikadai - Mannar Road,False,B379
4140985775,13686682345,24.272428402233892,primary,Puttalam - Marichchikadai - Mannar Road,False,B379
4142250033,891638940,41.52759483766979,primary,Pallewela Road,True,B154
4142250033,1830490073,149.50222424316323,trunk,"['Gampola Bridge', 'Nuwara Eliya Road']",False,A5
4142250033,4142250035,18.253714736443637,trunk,Nuwara Eliya Road,False,A5
4142250035,4142250033,18.253714736443637,trunk,Nuwara Eliya Road,False,A5
4142250035,3169826275,1917.6616391273685,trunk,Nuwara Eliya Road,False,A5
4142435846,1785705927,17.992594370794123,primary,Buwanekabahu Road,True,B132
4142435846,1981311694,633.6745956597322,primary,Buwanekabahu Road,False,B132
4142435847,7043371488,32.681211588425384,primary,Nawalapitiya Road,True,AB13
4142435847,1785705891,175.9692166013355,primary,Nawalapitiya Road,False,AB13
4142435849,4142435852,6.938799160255815,primary_link,,False,
4142435849,1785705919,60.52934969284543,primary,Nawalapitiya Road,True,AB13
4142435852,4142435849,6.938799160255815,primary_link,,False,
4142435852,1785705927,7.248668109286314,primary,Nawalapitiya Road,True,AB13
4142435852,4142435846,15.526693446192246,primary,Buwanekabahu Road,True,B132
4147052689,2155634701,594.8452914714459,trunk,Negombo Road,True,A3
4152511797,4147052689,39.19540778703318,trunk,Negombo Road,True,A3
4152511797,3577854817,30.451023814964195,primary_link,,True,
4152530090,4152530101,23.962700654123385,primary_link,,True,
4152530090,3403175022,26.392713260566673,trunk,Colombo-Kandy Road,True,A1
4152530093,3403175022,20.590791138309047,primary,Biyagama Road,True,B214
4152530093,324997506,44.96786082946367,primary_link,,True,
4152530093,3403175009,46.55596300056704,primary,Biyagama Road,False,B214
4152530101,3403175009,33.9444979102032,primary,Biyagama Road,False,B214
4158784481,566569620,4495.622160532908,secondary,Kalawewa - Awukana Road,False,B182
4158784481,566569273,2069.0858447368337,primary,Kalawewa-Galewela Road,False,B423
4158784481,13763979653,8407.918811021944,primary,Tonigala-Kalawewa Road,False,B423
4177584094,2382076796,18.505443209829306,trunk,Tennekumbura Roundabout,True,
4177584094,2382076798,25.39720914475862,trunk,Kandy-Mahiyanganaya Road,True,A26
4177584096,4177584094,4.842844240718472,trunk,Tennekumbura Roundabout,True,
4177584096,937249756,39.290080792142945,trunk,Hewaheta Road,False,A26
4177584099,2382076781,18.205675524862894,trunk,Tennekumbura Roundabout,True,
4177584099,2382076814,37.57218237959458,primary,Haragama Road,True,B413
4191945359,3633693454,19.861717343746935,primary,Mulatiyana-Urubokka,True,B415
4191945359,4191945360,14.040285059391449,primary,Nagas Junction,True,
4191945360,4191945364,15.649708467918405,primary,Nagas Junction,True,
4191945364,3633693455,43.065440415653974,primary,Urubokka-Kotapola Road,True,B415
4191945364,4191945367,13.39661624184819,primary,Nagas Junction,True,
4191945367,4191945359,27.47735372506647,primary,Nagas Junction,True,
4192345640,1268329299,20.823616069773585,primary,Seeduwa-Kotugoda Road,False,B400
4192345640,638976353,3836.185570624725,primary,Seeduwa-Kotugoda Road,False,B400
4192345640,4192345643,64.14241130945442,secondary_link,,False,
4192345643,1268329299,20.139961315906387,primary,Seeduwa-Kotugoda Road,False,B400
4192345643,2155579750,1361.504753111837,primary,Seeduwa-Kotugoda Road,False,B400
4192345643,4192345640,64.14241130945443,secondary_link,,False,
4192345643,4192345790,49.32263594742613,primary_link,,True,
4192345790,1268329299,41.77677003519479,primary,Baseline Road,False,B598
4192345790,11722038127,3695.9593608013665,primary,Baseline Road,False,B598
4192345790,4192345640,49.447808570830475,primary_link,,True,
4197383649,1346379037,12.13460008308826,trunk,Ananda Coomaraswamy Mawatha,True,A0
4197383649,1278079598,51.27396307834556,primary,Sir Marcus Fernando Mawatha,True,
4202427002,4202427009,80.44884288062728,primary,Veyangoda-Nittambuwa Road,True,B445
4202427002,674898973,186.69028673229866,primary,Veyangoda-Nittambuwa Road,False,B445
4202427002,4202427022,33.36095372310329,primary,Veyangoda-Nittambuwa Road,False,B445
4202427008,4202427009,22.400016256679688,primary,Veyangoda-Nittambuwa Road,True,B445
4202427008,4202427024,36.64342723884404,secondary_link,,True,
4202427009,639288676,135.00817398000007,primary,Veyangoda-Nittambuwa Road,False,B445
4202427022,4202427024,17.51856772867302,secondary,Veyangoda bypass Road,False,
4202427022,4202427002,33.36095372310329,primary,Veyangoda-Nittambuwa Road,False,B445
4202427022,4202427008,35.96937968398865,primary,Veyangoda-Nittambuwa Road,True,B445
4202427024,4202427022,17.51856772867302,secondary,Veyangoda bypass Road,False,
4202427024,4085806765,448.28538836848514,secondary,Veyangoda bypass Road,False,
4207369014,2155672282,1648.4207693909332,primary,Getabaruwa Road,False,B555
4212767857,1895831908,14.831662510439427,trunk,Trincomalee Road,False,A15
4212767857,13743364556,18.736145441507475,trunk,Trincomalee Road,False,A15
4212767857,1807810047,37.34371966561451,trunk,Badulla-Chenkaladi Road,True,A5
4228041368,3166543427,2078.495457103827,primary,"['Kalapaluwawa Road', 'Walpola Road']",False,B644
4228041368,5237467113,16.703340354680783,primary,Kalapaluwawa Road,True,B644
4231244456,638969225,19.59608872056345,trunk,,True,
4231244457,4231244458,1.4858128311890497,trunk,,True,
4231244457,4231244463,34.08509290779264,primary,Ekala-Kotadeniyawa Road,False,B111
4231244458,638969238,12.10671399966187,trunk,,True,
4231244458,637763018,36.50031377663801,trunk,Gampaha-Ja Ela Road,True,A33
4231244463,638969225,33.74254032105353,primary,Ekala-Kotadeniyawa Road,False,B111
4231244463,638976368,2887.2635957769144,primary,Ekala-Kotadeniyawa Road,False,B111
4231244463,4231244457,34.08509290779264,primary,Ekala-Kotadeniyawa Road,False,B111
4231278232,5315988872,7.075980407084979,primary_link,,False,
4231278232,3289420402,364.63943804024206,primary,Fly Over,True,
4231278237,4231278232,92.38063495400948,primary,,True,
4231278237,3214502835,16.72483824409262,primary,,True,
4231323484,1278086492,12.429855121180585,primary,Old Puttalam Road,True,AB28
4231323484,2155580131,29.501386115598216,primary_link,,True,
4231371016,651637344,21.33672598495309,primary_link,,True,
4231371016,1278169498,16.370709405044302,primary_link,,True,
4231371023,617248607,13.894895264561445,primary,Old Puttalam Road,False,AB28
4231371023,651637359,22.904396585384937,primary,Old Puttalam Road,False,AB28
4248201234,904233200,613.4285969632551,primary,Konesar Road,False,B140-4
4248201234,1775834997,41.03511773512682,primary,Konesar Road,True,B140-4
4248201234,2079774277,28.584569297069283,primary,Konesar Road,True,B140-4
4254145897,3221586259,658.9494048500625,secondary,Approach Road to Nilaveli Salt Office,False,B327
4267522204,2176866777,1392.1593530107039,primary,Deniyaya-Viharahena Road,False,B99
4267522204,2017404189,34529.02903584017,trunk,Ratnapura Road,False,A17
4267522204,2155827812,7810.734301318377,trunk,"['Deniyaya Road', 'Ratnapura Road']",False,A17
4268469890,6511426673,9229.466252077502,primary,"['Chilaw-Wariyapola Road', 'Chilaw - Wariyapola Road']",False,B079
4268469890,1239435107,4368.272876672753,primary,Chilaw - Wariyapola Road,False,B079
4268469890,3066124415,9745.491787133697,secondary,"['Katupotha - Rambawewa Road', 'Katupotha--Rambawewa Road']",False,B166
4316825579,403881262,1330.9912391735804,primary,Baseline Road,False,B597
4316825579,639142096,2131.25392950352,primary,Baseline Road,False,B597
4316825579,617812791,3404.4188962596863,primary,Negombo-Mirigama Road,False,B324
4316825579,403881228,1886.6361317654425,primary,Negombo-Mirigama Road,False,B324
4324726612,10660932971,9.012445167052919,secondary,Jawatte Road,False,
4324726612,13698430255,976.7416691850477,secondary,"['Jawatte Road', 'Jawatta Road']",False,
4324726612,10660932975,153.56760612424625,primary,Bauddhaloka Mawatha,True,AC2
4328912486,4328944046,8.618018750334764,primary_link,,False,
4328912486,4328944074,837.7619308787378,primary,Sirimavo Bandaranaike Mawatha (Prince of Wales Avenue),True,AC24
4328924651,4328924653,7.479898560801233,primary,Sirimavo Bandaranaike Mawatha (Prince of Wales Avenue),True,AC24
4328924651,4624585754,14.327840479687627,primary,New Kelani Bridge Road,True,
4328924652,240378550,486.5875692033414,secondary,St. Joseph's Street,False,
4328924652,5058440372,49.58467179269117,secondary,St. Joseph's Street,True,
4328924653,5058440372,30.736223603071554,primary,Sirimavo Bandaranaike Mawatha (Prince of Wales Avenue),True,AC24
4328924653,4328924652,78.45430472563251,secondary,St. Joseph's Street,True,
4328924665,4328944046,261.91798878893917,primary,Sirimavo Bandaranaike Mawatha (Prince of Wales Avenue),True,AC24
4328924665,4328924663,19.294922859129404,primary_link,,True,
4328944046,4328912486,8.618018750334764,primary_link,,False,
4328944046,3816448619,568.9321709700629,primary,Layard's Broadway,False,
4328944046,6689144278,255.29783344806336,primary,Jethawana Road,True,AC14
4328944072,4328944074,12.195992567092889,secondary,,False,
4328944072,4328924665,575.3047437397935,primary,Sirimavo Bandaranaike Mawatha (Prince of Wales Avenue),True,AC24
4328944074,4328944072,12.195992567092889,secondary,,False,
4328944074,4624585754,272.79169435911166,primary,Sirimavo Bandaranaike Mawatha (Prince of Wales Avenue),True,AC24
4336068793,1235814824,32.72041266837245,trunk,Kandy Road,False,A6
4336068793,901010009,3352.3365347442914,trunk,Kandy Road,False,A6
4365280087,4365280289,5.198685889293488,trunk,,True,
4365280289,4365280291,9.697841731070485,trunk,,True,
4365280289,13850088952,39.508689752962496,trunk,Main Street,True,A16
4365280291,4365280295,10.590196995042039,trunk,,True,
4365280295,4365280299,13.46870547042165,trunk,,True,
4365280295,77381284,26.924766108899362,trunk,Beragala-Hali-Ela Road,True,A16
4365280299,4365280300,2.703961960830906,trunk,,True,
4365280300,4365280087,13.783085132796959,trunk,,True,
4365280300,49365524,26.50731319923574,primary,Bandarawela-Welimada Road,True,B44
4372070251,1775834997,173.6411919690832,primary,Fort Fredrick Road,False,B140-2
4375137197,2507107528,37.719376634176115,primary,Pamunugama Road,False,B425
4375137197,2507107516,43.17417079150042,primary,Delathura - Ja Ela Road,True,B633
4375137197,2506020933,19.082969846917152,primary,Pamunugama Road,False,B425
4375640154,3805872149,483.7781326008045,secondary,Augustine Premathiratna Mawatha,False,
4376985006,9766180818,676.2406485563479,secondary,,False,
4388603895,2499137348,5.702495661375151,trunk,Peliyagoda Round About,True,
4388603896,3431855608,22.96232349002559,trunk,Peliyagoda Round About,True,
4388603896,325009601,50.510074818023945,trunk,Kandy Road,True,A3
4394543338,3064234194,37.291327203833006,trunk,Kurunegala Road,False,A10
4394543338,3064234204,32.36501734294023,primary,Galagedara-Rambukkana Road,False,B122
4394543338,3586058707,280.79367613903156,trunk,Kurunegala - Kandy Road,False,A10
4396503415,8279646115,16.95024149755598,trunk,,True,
4397554917,2051320917,7277.130486712203,trunk,Dambulla-Habarana Road,False,A6
4397554917,3557474363,12.589661714728233,trunk,Habarana Roundabout,True,
4406211219,12815082893,15.217215212489386,trunk,,True,AA028
4406211219,2840975746,33.01174263723791,secondary,,True,
4407921050,567004309,664.867277169018,primary,Sri Maha Bodhi Mawatha,False,AB25
4407921050,13567706092,27.723313378581388,primary,Sri Maha Bodhi Mawatha,True,AB25
4407921051,4407921050,27.772809640504622,primary,Sri Maha Bodhi Mawatha,True,AB25
4407921051,13567706092,11.422273567903016,primary,Lion Pillar Roundabout,True,
4407921053,4407921055,30.612678240134645,secondary,Railway Station Road,True,AB2-6
4407921053,602759883,80.65979064846996,secondary,Railway Station Road,False,AB2-6
4407921055,1401501722,7.720575825339602,primary,Lion Pillar Roundabout,True,
4408220354,4408220358,29.686645380014706,primary,Dikwella-Wewurukannala Road,True,B525
4408220354,4408220362,30.492523262571357,primary,Dikwella-Wewurukannala Road,True,B525
4408220354,1818609858,1242.9669746128725,primary,Dikwella-Wewurukannala Road,False,B525
4408220358,4408220362,12.962824295039587,primary,Dikwella-Beliatte Road,False,B101
4408220358,250131591,1580.6111388256156,primary,Dikwella-Beliatte Road,False,B101
4408220362,4408220358,12.962824295039587,primary,Dikwella-Beliatte Road,False,B101
4408220362,1530689260,989.2502707076329,primary,Dikwella-Beliatte Road,False,B101
4422642586,1863416599,361.2975655805057,trunk,Dr. Danister de Silva Mawatha,True,A1
4422645697,240378550,766.9903285725279,primary,Stace Road,False,
4422645697,61802472,41.779990813337996,primary,Stace Road,False,
4426787286,403899785,8.431178958479983,primary_link,,False,
4426787286,5216483990,1093.364254191295,trunk,Negombo Road,True,A3
4426797157,325011481,8.037008920490354,primary_link,,False,
4426797157,2499283525,1042.8544453342988,trunk,Negombo Road,True,A3
4428081251,3763282547,3674.7331419438947,primary,Mabopitiya-Eregama Road,False,B599
4430564637,2590173342,14526.619623721475,primary,Ulapane-Pussellawa Road,False,B431
4430564637,1834981067,8081.732041041649,primary,Mawela-Kothmale Road,False,B582
4430564637,1834922625,4418.14818325188,primary,Ulapane-Pussellawa Road,False,B431
4439545826,849238277,3228.3184420699067,secondary,Manipai Kaitadi road,False,B268
4439545826,847851217,4838.426810992611,secondary,Manipai Kaitadi road,False,
4439545826,847437694,6351.91383551929,primary,Jaffna-Point Pedro Road,False,AB020
4439545826,847439889,5230.87579114751,primary,Jaffna-Point Pedro Road,False,AB020
4445128968,5225962174,24.945203455754434,secondary,Wariyapola-Ganewatta-kumbukgete Road,True,B478
4445128968,2024849379,7052.500043028735,secondary,Wariyapola-Ganewatta-kumbukgete Road,False,B478
4446651425,4446651431,21.25618890252017,primary,Katunayake-Veyangoda Road,False,B208
4446651425,8977212317,52.85570921032887,primary_link,,True,
4446651425,12322046179,1086.3328267302472,primary,Katunayake-Veyangoda Road,False,B208
4446651431,4446651425,21.25618890252017,primary,Katunayake-Veyangoda Road,False,B208
4446651431,5904560300,14.923902046119334,primary,Canada Friendship Road,True,AB9
4446651431,4446651438,33.77499677461164,primary,Baseline Road,False,B598
4446651438,8977212317,4.080004609501645,primary,Baseline Road,False,B598
4446651438,5904560300,27.4157441270917,primary,Baseline Road,False,B598
4446651438,4446651431,33.77499677461164,primary,Baseline Road,False,B598
4457419930,3403175009,3589.0790618777914,primary,Biyagama Road,False,B214
4457419930,5352135773,34.05676750776532,primary,Biyagama Road,True,B214
4457853567,247139339,3319.5462906103535,primary,Rozella Station Road,False,B27-8
4476504845,324997495,11.941262843550632,trunk_link,,False,
4476504845,3780516705,193.01932991999735,trunk,Colombo-Kandy Road,True,A1
4478228996,617799602,41.47526048035584,primary_link,,True,
4507913122,247140202,5755.458720877072,trunk,"['Main Street', 'Talawakelle Road']",False,A7
4507913122,2828629366,333.34966814984114,trunk,Main Street,False,A7
4507913122,13791119241,72.24736573813674,primary,Talawakelle Station Road,False,B27-5
4509879174,1783942945,9589.951975714785,secondary,"['Gemunupura Road', 'Bund Road']",False,
4509879174,2055570486,87.76957582142235,primary,Bibile-Mahiyangana Road,False,B57
4509879174,3548926813,5340.834710472299,primary,Bibile-Mahiyangana Road,False,B57
4513240962,4513240970,17.392430132781865,secondary,,False,
4513240962,4513240969,22.264363856377074,trunk,Elvitigala Mawatha,True,
4513240962,191814403,26.642071708532004,secondary,Park Road,False,
4513240966,4513240962,23.469453675108873,trunk,Vijaya Kumaratunga Mawatha,True,
4513240966,191814403,32.47723033060446,secondary_link,Park Road,True,
4513240969,5217865787,304.8098999150071,trunk,Elvitigala Mawatha,True,
4513240970,4513240962,17.392430132781865,secondary,,False,
4513240970,9740487199,398.7206077590991,trunk,Vijaya Kumaratunga Mawatha,True,
4515020714,4515020715,10.791697317742566,trunk_link,,False,
4515020714,620384473,325.1453590463906,trunk,Galle Road,True,A2
4515020715,4515020714,10.791697317742566,trunk_link,,False,
4515020715,669218019,255.3619079624061,trunk,Galle Road,True,A2
4515020730,4515020731,8.574011873623427,trunk_link,,False,
4515020730,7085654864,53.50363003712501,trunk,Galle Road,True,A2
4515020731,4515020730,8.574011873623427,trunk_link,,False,
4515020731,665214513,332.4366405321365,"['trunk', 'trunk_link']",Galle Road,True,A2
4527627326,4863310705,19.235282021016374,primary,Ampilanturai-Veeramunai Road,True,B18
4527627326,1883604574,2370.3269607743036,primary,Ampilanturai-Veeramunai Road,False,B18
4527825395,4529659709,3580.3983432818973,secondary,Kaluwanchikudy-Kurumunveli Ferry Road,False,
4527825395,1880354744,21.528718094195398,primary,Kaluvanchikudy-Vellaveli Road,False,B344
4527825395,1883604788,1958.2124852055335,primary,Kaluvanchikudy-Vellaveli Road,False,B344
4529659709,4527825395,3580.398343281898,secondary,Kaluwanchikudy-Kurumunveli Ferry Road,False,
4529801636,3619937663,14619.537310030537,secondary,"['Kokkadichcholai Main', 'Manmunai Bridge', 'Ampilanthurai Main Road', 'Main Road', 'Kadukkamunai Main Road']",False,
4529801636,4863310667,17.04806125494807,secondary,Main Road,True,
4548513547,4944052746,335.46856511297966,trunk,Kurunegala-Dambulla Road,True,A6
4548545184,3217294322,31.20632809964679,primary,Avissawella Road,False,AB10
4548545184,3603432681,1276.6831231353929,primary,Avissawella Road,False,AB10
4548545184,2755818445,37.739050745711474,primary_link,,True,
4550021668,11112485995,245.52670436377366,primary,Jaffna-Point Pedro Road,False,AB020
4550021668,847864408,3263.2333539235665,primary,Jaffna-Point Pedro Road,False,AB020
4550021668,4550021670,1033.5411903844447,secondary,Kulankarai Road,False,
4550021670,5637989077,329.79035961346364,secondary,Uduppiddy Road,False,NJF051
4550021670,848594067,2309.680102673997,secondary,Uduppiddy Road,False,NJF051
4550021670,4550021668,1033.5411903844445,secondary,Kulankarai Road,False,
4577768759,2105405964,135.68290877141231,trunk,Olcott Mawatha,True,A1
4577768759,6277581729,54.87758377721922,secondary,Mihindu Mawatha,True,
4580840142,275520231,662.7766220895392,primary,Rathmalana-Mirihana Road,False,B389
4580840142,11959575863,78.95396745846351,primary,Rathmalana-Mirihana Road,True,B389
4582456531,635857020,99.31962841187749,trunk,,True,A4
4582456531,4582456543,357.9700109562124,trunk,High Level Road,False,A4
4582456531,258030081,679.8829698243587,trunk,High Level Road,False,A4
4582456543,651260245,867.1735478792352,trunk,High Level Road,False,A4
4582456543,635857018,173.303702987203,trunk,,True,A4
4582456543,4582456531,357.9700109562124,trunk,High Level Road,False,A4
4585299247,3206095333,8.822603175426256,primary,Orutota Road,False,B570
4585299247,3770168315,5109.654338280598,primary,"['Uruval oya bridge', 'Orutota Road']",False,B570
4585299247,619905141,316.3524696142946,trunk,Colombo-Kandy Road,True,A1
4599114497,2057045684,53.07564222019238,primary,Station Road,False,B27-19
4599114497,4599114503,10.936299291362568,trunk,,True,
4599114503,6489314103,33.59648927947596,primary,Anagarika Dharmapala Mawatha (Bank Rd),False,B30-9
4599114503,3884338673,14.980361164613445,trunk,,True,
4600910031,3167653286,773.4440947891873,primary,Kurunegala-Negombo Road,False,B308
4600910031,617810971,1455.8541571692215,primary,Kurunegala-Negombo Road,False,B308
4600910031,1239558969,14214.539746948336,primary,Giriulla - Alawwa Road,False,B009
4621924226,3403175022,9.131426012236199,primary,Biyagama Road,False,B214
4621924226,325000016,248.85180049417872,trunk,Colombo-Kandy Road,True,A1
4624585754,5058440382,9.74207177522967,primary,Sirimavo Bandaranaike Mawatha (Prince of Wales Avenue),True,AC24
4624585754,3187879920,1365.9562328230384,secondary,Port Access Road,True,
4663255502,7037793024,18.35706494791702,trunk,Galle Road,True,A2
4663255502,2079222588,202.93639575285812,primary,Arthur V. Dias Mawatha (Main Street),True,AB27
4663300583,651746985,1010.8262690635534,primary,Modara Road,False,B235
4674059874,2565428366,184.7773327192426,primary,Valaichchenai-Nasivantivu Road,False,AB38
4678368698,403874820,47.76672797616273,primary,Sri Dharmarama Road (Albion Road),True,AC27
4678368698,4678368699,24.03701139775435,primary,,True,
4678368699,2117500121,502.5945328607677,primary,Kolonnawa Road,True,B96
4678368699,4678368698,32.84562669200455,primary,,True,
4692166467,6230792100,67.46717000620072,trunk,Sri Jayewardenepura Mawatha,True,A0
4692166467,4692166486,81.17651236643235,trunk_link,,True,
4692166486,7625469738,177.42469260026533,trunk,Sri Jayewardenepura Mawatha,True,A0
4693290694,4693290695,8.587804730214108,primary_link,,False,
4693290694,403881317,9199.549557883354,primary,Madampalla Road,False,B228
4693290694,2375441056,1579.9301917961625,trunk,Colombo-Puttalam Road,True,A3
4693290695,4693290694,8.587804730214108,primary_link,,False,
4693290695,6695505185,836.3557191668348,trunk,Colombo-Puttalam Road,True,A3
4706187708,2050947457,27.890751625663448,primary,Circular Road,True,
4706187708,849241768,42.4239517529282,secondary,Circular Road,True,
4712510859,6488496081,8.25869140946711,trunk,,True,
4724027713,10308315016,9.38312923685469,primary_link,,False,
4724027713,4996622455,736.0281469350256,primary,Colombo - Horana Road,True,B84
4728795356,11851168716,126.27657511741218,secondary,S. W. R. D. Bandaranaike Mawatha,False,B27-1
4729747107,1093697782,2568.996242396477,primary,Wanduramba-Mapalagama Road,False,B454
4729747107,4729747389,482.921812642209,primary,Wanduramba-Mapalagama Road,False,B454
4729747107,4730103455,3593.71061990803,primary,Nagoda-Gonadeniya Road,False,B303
4729747389,4729747107,482.92181264220903,primary,Wanduramba-Mapalagama Road,False,B454
4729747389,1093698207,3494.8993022460327,primary,Wanduramba-Mapalagama Road,False,B454
4729747389,3257914816,12277.488761320988,primary,Nayapamula-Unanvitiya-Nagoda Road,False,B320
4730103455,1093698207,5542.387171766897,secondary,Yatalamatta Udugama Road,False,
4730103455,4729747107,3593.7106199080285,primary,Nagoda-Gonadeniya Road,False,B303
4730103455,1093762966,4443.749169645783,primary,Gonadeniya-Udugama Road,False,B139
4755847830,617190011,2880.4963297788663,primary,"['D.P. Wijesinghe Mawatha', 'Pothuarawa Road']",False,B645
4755847830,4838908981,237.5916100292847,primary,D.P. Wijesinghe Mawatha,True,B645
4755854822,5237467094,14.446726811773104,primary,Denzil Kobbekaduwa Mawatha,False,AB15
4755854822,5276999751,845.1388287778158,primary,Denzil Kobbekaduwa Mawatha,False,AB15
4761516411,7183361984,4093.7359031394394,primary,Belliatte-Weeraketiya Road,False,B627
4761516411,388268117,2981.6666705025855,primary,Belliatte-Weeraketiya Road,False,B627
4761516411,1932028204,4008.9713252321844,secondary,,False,
4762385860,3104873585,13555.875332180505,primary,Deraniyagala-Noori Road,False,B93
4767111697,5363283614,2184.754217865103,secondary,,False,
4767111697,4124299560,556.6091821113753,secondary,,False,
4767111697,4124299560,763.1175648316802,secondary,,False,
4781584814,4781591822,4.339825831299866,primary,Kandehandiya Roundabout,True,
4781591822,4781602735,13.688898009933038,primary,Mahaweli Raja Mawatha,True,B492
4781591822,4781591826,13.872195155423958,primary,Kandehandiya Roundabout,True,
4781591824,3201082623,33.005567629259836,primary,Rikillagaskada Road,True,B413
4781591824,4781591828,20.96601377078375,primary,Kandehandiya Roundabout,True,
4781591826,4781591824,6.710662204569836,primary,Kandehandiya Roundabout,True,
4781591828,4781591830,6.879459035336225,primary,Kandehandiya Roundabout,True,
4781591830,2019950765,17.923222956793158,primary,Rikillagaskada Road,True,B413
4781591830,4781584814,14.206609757913489,primary,Kandehandiya Roundabout,True,
4781602735,4781591826,18.960621132922412,primary,Mahaweli Raja Mawatha,True,B492
4781602735,2019986609,8395.743620401196,primary,Mahaweli Raja Mawatha,False,B492
4784496253,6536506696,1331.2200952347007,trunk,Colombo-Kandy Road,True,A1
4784496254,3606358347,31.944227454168182,primary,Kadawatha Bypass Road,True,B641
4784496254,3600557544,18.178778997462494,trunk,Colombo-Kandy Road,True,A1
4784496254,4784496253,17.266856615832275,trunk_link,,True,
4784496273,4784496253,15.654086876294919,trunk,Colombo-Kandy Road,True,A1
4784496273,13662447481,67.90894321950637,trunk,Colombo-Kandy Road,False,A1
4785723709,6536506696,8.270745848574352,trunk_link,,False,
4785723709,2966142501,1319.8792695065454,trunk,Colombo-Kandy Road,True,A1
4785723989,3600567908,805.7526037898158,primary,Kadawatha Bypass Road,True,B641
4785723991,4785723709,176.9839879832246,trunk,Colombo-Kandy Road,True,A1
4785723992,4785723991,26.10761162069377,primary_link,,True,
4785723992,4785724017,39.42732411379429,primary,Kadawatha Bypass Road,True,B641
4785724017,4785723991,27.089180314983324,trunk,Colombo-Kandy Road,True,A1
4785724017,5280287631,8.289131948816118,primary_link,,False,
4787694002,658424660,9.305179073050343,primary_link,,False,
4787694002,4789587324,2584.4350837669886,trunk,Colombo-Kandy Road,True,A1
4789587324,4789587325,7.056349996747486,trunk_link,,False,
4789587324,4585299247,1588.499167990532,trunk,Colombo-Kandy Road,True,A1
4789587325,4789587324,7.056349996747486,trunk_link,,False,
4789587325,658424660,2583.5384406850126,trunk,Colombo-Kandy Road,True,A1
4789942110,5316468079,12.604506717732457,trunk,Colombo-Kandy Road,True,A1
4790000815,3206095333,298.85321207417985,trunk,Colombo-Kandy Road,True,A1
4790000816,4790001153,9.473398286966239,primary,New Kandy Road,True,B214
4790000816,6536495262,245.02770144939035,trunk,Colombo-Kandy Road,True,A1
4790001153,5316437634,5.528750048642426,trunk,Colombo-Kandy Road,True,A1
4790001153,7087827239,18.689092768702434,primary,New Kandy Road,True,B214
4790019632,4789942110,8.816967115516322,primary_link,,True,
4790019632,4790030895,51.25399629876528,trunk,Colombo-Kandy Road,True,A1
4790019632,4790019635,120.32480983795409,primary,Gampaha-Mriswatta Road,False,B288
4790019634,4790019632,11.501163907454837,trunk,Colombo-Kandy Road,True,A1
4790019634,4790019635,119.36998810819134,primary,Gampaha-Mriswatta Road,False,B288
4790019635,1292992471,2000.999806652208,primary,Gampaha-Mriswatta Road,False,B288
4790019635,4790019632,120.32480983795409,primary,Gampaha-Mriswatta Road,False,B288
4790019635,4790019634,119.36998810819134,primary,Gampaha-Mriswatta Road,False,B288
4790030893,4790030895,8.026970002415,primary,Miriswatta-Waturugama Road,True,B292
4790030893,4789942110,51.31118538331838,trunk,Colombo-Kandy Road,True,A1
4790030894,4790030896,8.20681702890708,primary,Miriswatta-Waturugama Road,True,B292
4790030894,4963408994,2319.6797879503856,trunk,Colombo-Kandy Road,True,A1
4790030895,4790030894,11.666902018144103,trunk,Colombo-Kandy Road,True,A1
4790030896,4790030893,11.62808561049371,trunk,Colombo-Kandy Road,True,A1
4790030896,3816584562,37.37239909262555,primary,Miriswatta-Waturugama Road,True,B292
4793209901,662901137,20.200672917445207,trunk,,True,
4793209901,650721754,803.5539533386029,primary,Dr. N. M. Perera Mawatha (Cotta Road),True,AC4
4796114651,4796114654,27.918473447724963,primary,Alwis Roundabout,True,
4796114654,2315595592,24.436258255900007,primary,Galaha Road,True,B364
4796114654,4032560683,18.2372617216553,primary,Alwis Roundabout,True,
4796130131,54399243,339.02836173176075,primary,Baladaksha Mawatha,False,B37
4798976659,2066330708,129.74613661769857,trunk,Dudley Senanayake Mawatha (Castle Street),True,A0
4798976659,127658294,589.0864614214894,trunk,"['Dudley Senanayake Mawatha', 'Horton Place']",False,A0
4807150323,4807150339,43.747301414245456,trunk,Katugastota-Kurunegala-Puttalam Road,True,A10
4807150323,4807150333,15.77109626369759,trunk,,True,
4807150328,4807150340,29.571656486883896,primary,Anamaduwa-Uswewa-Galgamuwa Road,True,B019
4807150328,4807150331,8.545897503921216,trunk,,True,
4807150331,4807150323,5.690057473879153,trunk,,True,
4807150333,4807150341,24.59050271288305,secondary,Bangadeniya - Andigama - Anamaduwa Road,True,B045
4807150333,4807150335,6.278985164609694,trunk,,True,
4807150335,4807150337,6.2676567825746385,trunk,,True,
4807150337,4807150338,44.34584111838164,trunk,Katugastota-Kurunegala-Puttalam Road,True,A10
4807150337,4807150328,14.417910111300127,trunk,,True,
4807150338,4807150328,43.27008435151977,trunk,Katugastota-Kurunegala-Puttalam Road,True,A10
4807150338,6509597376,17860.27683309689,trunk,Katugastota-Kurunegala-Puttalam Road,False,A10
4807150339,4807150333,44.05788542550487,trunk,Katugastota-Kurunegala-Puttalam Road,True,A10
4807150339,4913504514,10640.503974172723,trunk,Katugastota-Kurunegala-Puttalam Road,False,A10
4807150340,4807150331,31.79666707857391,primary,Anamaduwa-Uswewa-Galgamuwa Road,True,B019
4807150340,2093610059,17528.15086664217,primary,Anamaduwa - Uswewa - Galgamuwa Road,False,B019
4807150341,4807150335,24.48796850849106,secondary,Bangadeniya - Andigama - Anamaduwa Road,True,B045
4807150341,1731568862,13457.280143540622,secondary,Bangadeniya - Andigama - Anamaduwa Road,False,B045
4809569429,3822728700,128.643438183063,primary,Sacret City Roads,False,B514
4809569429,1974698415,72.72726733468362,primary,Sacret City Roads,False,B514
4809569429,4809569430,65.5614227526182,primary,Sacret City Roads,False,B514
4809569430,3822724027,137.06607830092318,primary,Sacret City Roads,False,B514
4809569430,3822724026,71.44973834419717,primary,Sacret City Roads,False,B514
4809569430,4809569429,65.5614227526182,primary,Sacret City Roads,False,B514
4814119737,4814119803,8.634636237639809,primary_link,,True,
4814119737,4814119780,111.89111948771529,trunk,Kandy-Mahiyanganaya-Padiyatalawa Road,True,A26
4814119747,4814119780,19.841992349993888,trunk,,True,
4814119747,4814119803,108.75810574929562,trunk,Kandy-Mahiyanganaya-Padiyatalawa Road,True,A26
4814119747,3822752112,35.07129588804771,secondary,Roof Tile Factory Road,False,C615
4814119752,4814119777,19.231495589178916,trunk,,True,
4814119752,3822754793,61.81703751751889,trunk,Kandy-Mahiyanganaya-Padiyatalawa Road,True,A26
4814119764,1974694431,127.30307214413972,primary,Bibile-Mahiyangana Road,False,B57
4814119764,4814119752,34.97080801517602,primary,Bibile-Mahiyangana Road,True,B57
4814119777,4814119747,15.014242762263063,trunk,,True,
4814119777,3822752112,36.93588574599956,secondary,Roof Tile Factory Road,False,C615
4814119780,4814119752,16.928589646847275,trunk,,True,
4814119780,4814119764,38.62648954012268,primary,Bibile-Mahiyangana Road,True,B57
4814119802,4814119811,8.360121599768133,primary_link,,True,
4814119802,1974698353,46.520310796112035,trunk,Kandy-Mahiyanganaya-Padiyatalawa Road,True,A26
4814119803,4814119802,9.838045775607949,trunk,Kandy-Mahiyanganaya-Padiyatalawa Road,True,A26
4814119803,13834066716,327.1038456414371,primary,Mahiyanganaya-Dimbulagala-Dalukane Road,True,AB44
4814119811,4814119737,10.665852660170085,trunk,Kandy-Mahiyanganaya-Padiyatalawa Road,True,A26
4814119812,1974698353,7.656206387522995,secondary_link,,False,
4814119812,1974698377,511.3914338258493,secondary,Puhulyaya Road,False,C616
4814119812,4814119811,45.82516695534425,trunk,Kandy-Mahiyanganaya-Padiyatalawa Road,True,A26
4814119816,4814119818,7.789150582498719,secondary_link,,False,
4814119816,10130010204,2222.5217327075898,secondary,Mahiyangana-Sorabora Wewa Road,False,C601
4814119816,4814119802,351.34852738819455,primary,Mahiyanganaya-Dimbulagala-Dalukane Road,True,AB44
4814119818,4814119816,7.789150582498719,secondary_link,,False,
4814119818,3881591515,143.46943146522548,primary,Mahiyanganaya-Dimbulagala-Dalukane Road,True,AB44
4814709482,3664895140,609.9108924417612,primary,"['Negombo Road', 'Sirimavo Bandaranaike Mawatha (Prince of Wales Avenue)', 'Japan Friendship Bridge (Victoria Bridge)']",True,AC24
4814709483,240378561,34.46407332912518,secondary,Madampitiya Road,False,
4814709483,654187034,706.7212557803849,secondary,Madampitiya Road,False,
4814709483,4814709482,35.64479195212481,primary_link,,True,
4814710055,325008951,451.8690234386073,primary,Sirimavo Bandaranaike Mawatha (Prince of Wales Avenue),True,AC24
4814710056,325008948,18.595608946445612,primary,Madampitiya Road,False,AB10
4814710056,403874494,4714.907038742496,primary,"['Sedawatta Road', 'Madampitiya Road', 'Ambatale Road']",False,AB10
4814710056,4814710055,19.795088211046057,primary_link,,True,
4815668572,4877071672,10790.276510211841,primary,"['Ragala Road', 'Munwatta Road']",False,B413
4815668572,4815668922,156.01779244812138,primary,Munwatta Road,False,B413
4815668572,4815668922,377.31343145317686,primary,Old Road,False,
4815668922,4815668572,377.3134314531769,primary,Old Road,False,
4815668922,4815668572,156.0177924481214,primary,Munwatta Road,False,B413
4815668922,2078334820,8360.555931202618,primary,"['Munwatta Road', 'Padiyapelella Road']",False,B413
4817216282,1039421894,109.49950866964794,trunk,Sri Jayewardenepura Mawatha,True,A0
4817216282,3289575296,164.4458395949813,primary,,True,
4817240135,5239209328,6.49123705148325,primary,Kaduwela Road (New Kandy Road),False,B240
4817240135,3354710539,1392.32348905349,primary,Kaduwela Road (New Kandy Road),False,B240
4817240135,4228041368,48.105125194456626,primary,Kalapaluwawa Road,True,B644
4836504654,3590886031,1663.5170753079192,secondary,Udakendagolla Road,False,
4837295492,4921918932,2423.515664746003,secondary,,False,
4837295492,5286754885,2308.200660709935,trunk,Badulla-Chenkaladi Road,False,A5
4837295492,2398934524,2986.61168814315,trunk,Badulla-Chenkaladi Road,False,A5
4838849617,1986887586,138.67439331435878,trunk,Matara-Hambantota Road,False,A2
4838849617,610944426,21384.526755177,secondary,Ridiyagama Road,False,
4838849617,1985676681,3882.898192647493,trunk,Matara-Hambantota Road,False,A2
4838908981,6513598494,30.117246399302765,primary,D.P. Wijesinghe Mawatha,True,B645
4838908981,5276999774,52.001287639557944,primary_link,,True,
4851065488,4851094548,8232.637925307425,trunk,Ratunapura-Wellawaya Road,False,A4
4851065488,4851072864,23.0913860489084,trunk,Ratnapura-Wellawaya Road,True,A4
4851065489,912268077,14509.573653307601,trunk,Ratunapura-Wellawaya Road,False,A4
4851065489,4851065502,40.06458668609422,trunk,Ratnapura-Wellawaya Road,True,A4
4851065496,4851065489,40.58424637528973,trunk,Ratnapura-Wellawaya Road,True,A4
4851065496,4851065502,14.269815908820545,trunk,,True,
4851065502,4851072874,5.1765050631052905,trunk,,True,
4851066124,4851072866,7.392055105490742,trunk,,True,
4851066124,1737618827,19.552919489104383,trunk,Pelmadulla-Embilipitiya Road,True,A18
4851072864,4851066124,1.5484614412741158,trunk,,True,
4851072866,4851065496,3.3152731041654713,trunk,,True,
4851072874,4851072864,6.78904390221895,trunk,,True,
4851072874,4851065488,25.48449155548942,trunk,Ratnapura-Wellawaya Road,True,A4
4851094548,6251317844,6257.136251681943,secondary,Kahawatta-Opanayake Road,False,
4851094548,1708349370,15354.478068631264,trunk,Ratunapura-Wellawaya Road,False,A4
4851094548,4851065488,8232.637925307421,trunk,Ratunapura-Wellawaya Road,False,A4
4860202575,9075842392,7.38377935620501,secondary,Old Kesbawa Road,True,B134
4860202575,9075842367,21.754598589867264,primary,Colombo-Piliyandala-Horana Road,True,B84
4863310661,4527627326,17.974339942466468,primary,Ampilanturai-Veeramunai Road,True,B18
4863310661,4863310705,8.58181148334089,primary,Thamarapoo Rounabout,True,
4863310667,4863310661,2.4006508664103965,primary,Thamarapoo Rounabout,True,
4863310671,4863310667,13.507927709748536,primary,Thamarapoo Rounabout,True,
4863310671,4529801636,16.932820087359477,secondary,Main Road,True,
4863310705,4863310671,22.399150887921685,primary,Thamarapoo Rounabout,True,
4877035512,2019986609,16914.343426259828,primary,Mahaweli Raja Mawatha,False,B492
4877035512,2031636377,29490.654648493502,primary,Mahaweli Raja Mawatha,False,B492
4877035512,4877071672,3978.9670139997797,primary,Keerthibandrapura-Walapane Road,False,B511
4877071672,4877035512,3978.967013999777,primary,Keerthibandrapura-Walapane Road,False,B511
4877071672,4815668572,10790.276510211836,primary,"['Ragala Road', 'Munwatta Road']",False,B413
4877071672,2035878922,7977.874064816588,primary,Ragala Road,False,B413
4881181012,6495621993,9.302494823463833,trunk,,False,
4881181012,6495594259,1923.6106986570003,trunk,New Kalmunai Road,True,A4
4884114552,6540075345,40.11547725260793,primary,Ganewelpola-Galenbindunuwewa-Dachchahalmillewa Road,True,B133
4884114552,2093612778,46014.30646801861,primary,Ganewelpola-Galenbindunuwewa-Dachchahalmillewa Road,False,B133
4884835156,1813425920,4067.389657789284,secondary,,False,
4884835157,1813426081,159.55293944763412,secondary,,False,
4884835162,1813426066,362.1619434177793,secondary,,False,
4885745120,3697145064,7.783174100217752,trunk,New Tangalle Road,True,A2
4885745120,1744563108,158.76046661492794,primary,Beach Road,False,B524
4891890159,1828212116,5.572530693734831,primary,Balangoda-Bowatte-Kaltota Road,False,B38
4891890159,1708349295,73.244787576448,primary,Balangoda-Bowatte-Kaltota Road,False,B38
4891890159,4891891439,764.3732387464476,primary,Balangoda Bypass Road,True,AB7
4891890160,1828234049,235.64506067320784,trunk,Main Street,True,A4
4891891342,6228139621,17.43828404117682,trunk,,True,
4891891427,1828212116,767.3325903927396,primary,Balangoda Bypass Road,True,AB7
4891891439,4891891444,35.766263389222374,primary,Balangoda Bypass Road,True,AB7
4891891439,1708349359,33.237018584838125,primary_link,,True,
4891891444,1708349356,8.121135192890925,trunk,Ratunapura-Wellawaya Road,False,A4
4891891444,1708349359,21.89423752295052,trunk,Ratunapura-Wellawaya Road,False,A4
4897028998,191849931,130.7947726047808,primary,Old Kandy Road (Old Bazaar Street),True,B331
4897028998,3584750699,1408.4353342149193,primary,St. Andrew's Drive,False,B249
4897029032,2035832241,16.567201771190753,primary,Old Udapussellawa Road,False,B331
4897029032,198553743,355.6688194463478,primary,Old Udapussellawa Road,False,B331
4897029032,13650405023,17.281542665697614,primary,Old Udapussellawa Road,False,B331
4900167756,1974698431,153.22673475279174,primary,Bibile-Mahiyangana Road,False,B57
4900167756,1974713677,1814.5652249520508,primary,Bibile-Mahiyangana Road,False,B57
4900167756,1974713677,2186.936512976262,secondary,Sacret City-Dambarawa Road,False,C603
4903819698,4903819699,8.763822069628883,trunk_link,,False,
4903819698,2731988138,163.52642738397074,trunk,Kurunegala-Dambulla Road,True,A6
4903819699,4903819698,8.763822069628883,trunk_link,,False,
4903819699,4903819843,964.5780742777121,trunk,Kurunegala-Dambulla Road,True,A6
4903819840,1651774095,9.252292561287423,primary_link,,False,
4903819840,1651774036,1014.6771940057672,primary,Dambulla Link Road,False,AB24
4903819840,6218784867,498.26085417448564,trunk,Kurunegala-Dambulla Road,True,A6
4903819843,6218784870,11.570685472839237,trunk_link,,False,
4903819843,4903819840,157.05515111437552,trunk,Kurunegala-Dambulla Road,True,A6
4904045485,1146766252,4917.918245851431,primary,Aluthgama Road,False,B157
4904045485,6294540724,29.495583706054354,primary,Aluthgama Road,True,B157
4905293870,3064571973,523.2531790157358,secondary,"['Kachcheri Road', 'Baladaksha Mawatha']",False,
4905293870,4944055432,140.04723877137022,trunk,Kurunegala-Dambulla Road,True,A6
4911274820,4911274821,8.234274067808052,trunk_link,,False,
4911274820,1692793167,499.4362933752102,trunk,Kandy-Jaffna Road,True,A9
4911274821,4911274820,8.234274067808052,trunk_link,,False,
4911274821,2731988170,209.2555598551802,trunk,Kandy-Jaffna Road,True,A9
4913504514,1976110894,4585.183130907587,trunk,Katugastota-Kurunegala-Puttalam Road,False,A10
4913504514,4807150339,10640.503974172725,trunk,Katugastota-Kurunegala-Puttalam Road,False,A10
4913504514,2093609890,27541.857142879686,primary,Inginimitiya Reservoir Road,False,
4913540652,1731470195,7280.899517727965,secondary,Palavi-Kalladi Road,False,B348
4913540652,6509597375,29.451834545451504,secondary,Palavi-Kalladi Road,True,B348
4914548524,8014344204,3852.0571406423883,trunk,Anuradhapura Road,False,A9
4914548524,3336273920,6090.411744025901,trunk,Anuradhapura Road,False,A9
4914548524,5519615353,5074.41597097947,primary,Tonigala-Kalawewa Road,False,B423
4918978047,4919739452,174.89419512538046,primary,Bibile-Mahiyangana Road,False,B57
4918978047,1974698349,268.68457961369285,primary,Bibile-Mahiyangana Road,False,B57
4918978047,3822728700,396.04800404592527,primary,Sacret City Roads,False,B514
4919739452,1974694415,443.9348101568862,primary,Bibile-Mahiyangana Road,False,B57
4919739452,1974694415,774.862955127474,secondary,Uyanwatta Road,False,C619
4919739452,4918978047,174.89419512538046,primary,Bibile-Mahiyangana Road,False,B57
4921918932,4837295492,2423.515664746003,secondary,,False,
4924643886,2019986609,3406.985494872241,primary,Victoria Dam Top-Adhikarigama Road,False,B494
4929241571,4929241573,21.29538878370348,trunk_link,,True,
4929241573,2145113802,13.175652051452786,trunk,Kalugalla Mawatha,True,A21
4929241586,3220025120,2174.169707211246,trunk,Kegalle-Bulathkohupitiya-Karawanella Road,False,A21
4929241586,4929241931,35.68868538664583,primary_link,,True,
4929241586,4929241911,26.85099730444638,trunk,Bulathkohupitiya Road,True,A21
4929241606,5237485234,21.648487412918836,trunk,Colombo-Kandy Road,False,A1
4929241606,4929241607,39.96196481625229,primary_link,,True,
4929241606,570766494,998.8320817211704,trunk,Colombo-Kandy Road,False,A1
4929241607,3817590031,19.060444009837074,primary,Kegalle Bypass,True,B643
4929241610,5237485233,25.91117928906658,trunk,Colombo-Kandy Road,False,A1
4929241610,445970143,545.6090534528324,trunk,Colombo-Kandy Road,False,A1
4929241611,4929241610,39.01699454474371,primary_link,,True,
4929241611,5237485233,29.255339998314568,primary,Kegalle Bypass,True,B643
4929241872,4929241873,7.491538803759662,primary,Bandaranaike Mawatha,False,B643
4929241872,4929241877,27.02327123990005,primary,Bandaranaike Mawatha,False,B643
4929241872,6720586707,31.536241354382945,secondary,Bandaranaike Mawatha,True,
4929241873,4929241872,7.491538803759662,primary,Bandaranaike Mawatha,False,B643
4929241873,3817590031,2164.86593160518,primary,Kegalle Bypass,False,B643
4929241877,2584550963,789.2063773716517,primary,Bandaranaike Mawatha,False,B643
4929241877,4929241872,27.02327123990005,primary,Bandaranaike Mawatha,False,B643
4929241877,6720586707,48.78810873427891,secondary_link,,True,
4929241911,4929241932,6.977074294784111,primary,Sir Francis Molamure Mawatha,True,B643
4929241911,5140888508,10.141865082714554,trunk_link,,True,
4929241931,3161365280,9.351366485606638,primary,Sir Francis Molamure Mawatha,True,B643
4929241932,5140888508,10.00867383419609,trunk_link,,True,
4929241932,4929241931,26.41218924613285,primary,Sir Francis Molamure Mawatha,True,B643
4929241932,4929241586,23.670934259146186,trunk,Bulathkohupitiya Road,True,A21
4929241947,4929241911,39.61250553903603,trunk,Bulathkohupitiya Road,True,A21
4929241947,4929241586,58.65910630303194,trunk_link,,True,
4929242043,4929242050,14.777798171815531,trunk,Colombo-Kandy Road,False,A1
4929242043,617968149,340.3670428196574,trunk,Colombo-Kandy Road,False,A1
4929242050,4929242043,14.777798171815531,trunk,Colombo-Kandy Road,False,A1
4929242050,3219994344,509.4062616498952,trunk,Colombo-Kandy Road,False,A1
4929242050,3219885917,40.672583380957676,primary,Sir Francis Molamure Mawatha,True,B643
4944052730,904233581,6.425592636746519,secondary,,False,
4944052730,3172043469,88.06176636988592,trunk,Kurunegala-Dambulla Road,True,A6
4944052746,3064571973,8.63467243022523,secondary,Kachcheri Road,False,
4944052746,4944052730,1135.138623017267,trunk,Kurunegala-Dambulla Road,True,A6
4944055432,9513937138,23.882391316171542,trunk,Kurunegala-Dambulla Road,True,A6
4944055432,9513937134,41.51604365114059,trunk_link,,True,
4944055507,5248343437,347.85997078146784,trunk,Kurunegala - Puttalam Road,True,A10
4944055508,4944055634,7.304546841460351,trunk,Kurunegala-Dambulla Road,True,A6
4944055508,4944055507,28.97466531798144,trunk,Kurunegala - Puttalam Road,True,A10
4944055634,9513937138,9.26675280869925,trunk,Kurunegala - Puttalam Road,True,A10
4944055634,9568699369,24.53906761650424,trunk,Kurunegala-Dambulla Road,True,A6
4955880071,10170931056,35.28951049958312,primary,Kottawa-Thalagala Road,False,B239
4955880071,10170931060,35.08731310840109,primary,Kottawa-Thalagala Road,False,B239
4955880071,4955880477,27.282676176843562,primary,Kottawa-Mattegoda Road,False,B654
4955880477,4955880071,27.282676176843562,primary,Kottawa-Mattegoda Road,False,B654
4955880477,252537863,6120.762767458061,primary,"['Kottawa-Mattegoda', 'Kottawa-Mattegoda Road', 'Kirigampanuwa Road']",False,B654
4959610635,1807810047,40128.90246631225,trunk,Badulla-Chenkaladi Road,False,A5
4959610635,2001999485,2920.0528845068425,trunk,Badulla-Chenkaladi Road,False,A5
4959610635,5289221658,44812.18670605856,trunk,"['Ampara Road', 'Ampara-Uhana-Maha Oya Road']",False,A27
4963408990,2407608224,3454.629085226745,trunk,Gampaha-Yakkala Road,True,A33
4963408990,4963408992,125.37713861912212,trunk,Gampaha-Yakkala Road,True,A33
4963408992,6721753073,7.785371648481159,primary_link,,True,
4963408992,2823998635,483.37792352187347,trunk,Colombo-Kandy Road,True,A1
4963408994,4963408992,10.36570900700113,trunk,Colombo-Kandy Road,True,A1
4963408994,4963408990,123.04441699223332,trunk,Gampaha-Yakkala Road,True,A33
4973240984,4973240985,15.115109759390034,primary_link,,True,
4973240984,1364596318,8.58590291192181,primary_link,,False,
4973240984,13850088952,30.640036020117243,primary_link,,False,
4973240985,77844809,472.515322882734,trunk,Main Street,True,A16
4987786790,4987786794,34.682827565185356,primary,Matara-Kamburupitiya Road,False,B415
4987786790,4987786791,56.25160465281293,secondary,Kamburupitiya-Kadduwa Road,False,
4987786790,2165130846,845.6369884422236,primary,Matara-Kamburupitiya Road,False,B415
4987786791,2078784643,7676.408476024699,secondary,"['Kamburupitiya-Kadduwa Road', 'Godawa Bridge']",False,
4987786791,4987786790,56.25160465281293,secondary,Kamburupitiya-Kadduwa Road,False,
4987786791,4987786794,44.82730748727988,secondary,Kamburupitiya-Kadduwa Road,False,
4987786794,4987786790,34.682827565185356,primary,Matara-Kamburupitiya Road,False,B415
4987786794,4987786791,44.82730748727989,secondary,Kamburupitiya-Kadduwa Road,False,
4987786794,2165105694,2595.409892154981,primary,Matara-Kamburupitiya Road,False,B415
4990131983,2055561684,15550.393300349715,primary,Hettipola-Wasgamuwa Road,False,B484
4996622455,10308315023,8.509762326168367,primary_link,,False,
4996622455,7062428087,206.26396371834872,primary,Colombo - Horana Road,True,B84
4996622511,7062428158,7.491903741188629,primary_link,,False,
4996622511,252537345,204.4224658241214,primary,Colombo - Horana Road,True,B84
5003691358,5222832390,8.603256615209196,secondary_link,,False,
5003691358,1213042254,98.97901068473318,primary,Nagoda-Kalawellawa-Bellapitiya Road,True,B304
5007247077,5488528980,24.21328227360713,primary,Buthgamuwa Road,True,B469
5007247077,403875117,2936.273115934755,primary,Buthgamuwa Road,False,B469
5018474141,77844809,5444.360603624775,trunk,Badulla-Bandarawela Road,False,A16
5018474141,77512695,121.0312769114422,trunk,Badulla-Bandarawela Road,True,A16
5030096474,2520673118,5187.55645547686,primary,Belaganwewa-Wilgamuwa Road,False,B577
5030096474,2018057285,85.91285861901878,primary,Belaganwewa-Wilgamuwa Road,False,B577
5030096474,2055561737,36.88811252457878,primary_link,,False,
5037942619,1683151528,9.607112344854965,primary,Havelock Road,True,B84
5037942619,1683151516,955.1552116201975,primary,W. A. Silva Mawatha (High Street),True,AC32
5041222126,1933520777,1496.4188731786742,primary,Kamburupitiya-Kirinda Road,False,B536
5041222126,376774340,4332.9219154152,primary,Kamburupitiya-Kirinda Road,False,B536
5041222126,2605760184,4302.157213209858,secondary,Dewalamulla Road,False,
5051771419,5052793627,14827.107664135163,secondary,Yapahuwa - Karambe - Galtemwewa Road,False,
5051771419,5051771529,12.174387988263325,secondary,,True,
5051771522,5225962163,14868.373602576834,secondary,Hiripitiya-Madagalla road,False,B609
5051771522,5051771419,12.130146486645902,secondary,,True,
5051771525,5051771522,12.310669381245148,secondary,,True,
5051771525,2024849379,12932.988704632762,secondary,Ibbagamuwa-Kumbukgete-Madagalla Road,False,B159
5051771529,5051771525,15.709060447199523,secondary,,True,
5051771529,3163960436,7074.761595738025,secondary,Ibbagamuwa-Kumbukgete-Madagalla Road,False,B159
5052793627,1239690924,39.43067004558549,secondary,Yapahuwa - Karambe - Galtemwewa Road,False,
5052793627,5052793628,20.991686821384125,secondary_link,,False,
5052793627,5051771419,14827.10766413515,secondary,Yapahuwa - Karambe - Galtemwewa Road,False,
5052793628,1239690924,41.178507196560645,secondary,Nikaweratiya - Maho - Madagalla Road,False,B326
5052793628,5052793627,20.991686821384125,secondary_link,,False,
5052793628,3597945583,11356.531019184451,secondary,Nikaweratiya - Maho - Madagalla Road,False,B326
5055655447,8953454696,124.52269315415646,trunk,Anuradhapura Road,True,A20
5055655447,5055655462,10.264271576595236,trunk,,True,
5055655450,5055655447,3.3349587961369274,trunk,,True,
5055655453,5055655461,3.167603801066353,trunk,,True,
5055655457,5055655471,29.12905948390723,trunk,Mihintale Road,True,A12
5055655457,5055655453,10.61662977826466,trunk,,True,
5055655461,5055655450,11.486548139872461,trunk,,True,
5055655461,2833834344,28.499391670257694,trunk,Nivatthakachetiya Mawatha,True,A12
5055655462,5055655457,8.976126543429064,trunk,,True,
5055655471,1971623281,2770.548905475873,trunk,Mihintale Road,False,A12
5055655471,5055655453,28.059288867529766,trunk,Mihintale Road,True,A12
5058440372,4328944072,236.9922545923197,primary,Sirimavo Bandaranaike Mawatha (Prince of Wales Avenue),True,AC24
5058440381,4328924651,10.071698028902775,primary,Sirimavo Bandaranaike Mawatha (Prince of Wales Avenue),True,AC24
5058440381,1431441564,436.87950150958903,primary,New Kelani Bridge Road,True,
5058440382,5058440381,13.824225597509795,primary,New Kelani Bridge Road,True,
5058440382,6524910445,40.72693598302824,primary,Sirimavo Bandaranaike Mawatha (Prince of Wales Avenue),True,AC24
5059861884,11854288255,5649.466467902467,primary,Andaulpotha Road,False,B36
5059861884,3760127505,13308.512202447258,primary,Dambagahapitiya-Meegahakivula Road,False,B86
5059861884,3548926831,4252.944563637051,primary,Andaulpotha Road,False,B36
5064507311,5064507314,9.284093180770578,primary,Biyagama Road (New Kandy Road),True,AB4
5064507311,3521419922,115.83440722036809,primary,Biyagama Road,False,B214
5064507312,5064507311,9.073790314921794,primary,New Kandy Road,True,B214
5064507312,5064507639,167.8323283493164,primary,Biyagama Road (New Kandy Road),True,AB4
5064507313,5064507312,9.488688895996464,primary,Biyagama Road (New Kandy Road),True,AB4
5064507313,5064507626,300.1186861949336,primary,New Kandy Road,True,B214
5064507314,3521419922,116.97909430169622,primary,Biyagama Road,False,B214
5064507314,5064507313,9.434485918634493,primary,New Kandy Road,True,B214
5064507626,639127240,135.90158367805952,primary,New Kandy Road,False,B214
5064507626,5064507312,304.1076175477908,primary,New Kandy Road,True,B214
5064507637,5064507638,8.596288729197687,primary_link,,False,
5064507637,7625469766,391.50207250833637,primary,"['Kaduwela Bridge (New Kandy Road)', 'Biyagama Road (New Kandy Road)']",True,AB4
5064507638,5064507637,8.596288729197687,primary_link,,False,
5064507638,5064507640,186.13498647858978,primary,Biyagama Road (New Kandy Road),True,AB4
5064507639,5064507640,8.810383291082587,primary_link,,False,
5064507639,5064507637,188.12275083390844,primary,Biyagama Road (New Kandy Road),True,AB4
5064507640,5064507639,8.810383291082587,primary_link,,False,
5064507640,5064507311,164.884151264411,primary,Biyagama Road (New Kandy Road),True,AB4
5075907874,5075907880,29.433971288797302,secondary,,True,
5075907874,9406760943,155.08919958259798,secondary,Elahera-Giritale Road,False,B112
5075907880,5075907874,15.12233668762515,secondary,,True,
5075907880,568948707,8729.617199419565,secondary,Elahera-Giritale Road,False,B112
5075907972,258057404,19495.837122377863,primary,Dambulla-Bakamuna-Kalagahawela Road,False,B615
5075907972,1896192506,15.919860925050525,primary,,True,
5120237603,13624920350,293.2844757583479,primary,Gannoruwa Road,False,B365
5120237603,7094700078,43.041994931511354,primary,Gannoruwa Road,False,B365
5120237603,35436490,38.7022192248244,primary,Gannoruwa Road,False,B365
5120237611,5120237612,8.253141739687527,secondary_link,,False,
5120237611,4096475976,534.8242666157697,primary,Gannoruwa Road,True,B365
5120237612,5120237611,8.253141739687527,secondary_link,,False,
5120237612,3810927781,377.5097110139383,primary,Gannoruwa Road,True,B365
5120422165,10065277044,24709.011427878002,primary,Weragantota-Randenigala Road,False,B474
5122515798,13653585411,29.514634957302185,primary,Sri Sumana Mawatha,False,B644
5122515798,733606450,39.6970786952998,primary,Ambatale Road,False,AB10
5122515798,13653585418,41.46966804674,primary,Ambatale Road,False,AB10
5124153327,7323226552,1838.582952508568,secondary,,False,
5126464943,854070627,252.85273939081233,secondary,Vallai Tellippalai Araly Road,False,
5126464943,5126464949,27.409715611349515,secondary,Pandattarippu Junction,True,
5126464949,853137780,2412.9271960627325,secondary,Vallai Tellippalai Araly Road,False,B437
5126464949,5126464959,20.229254485358215,secondary,Pandattarippu Junction,True,
5126464959,1245021311,3268.928159891789,secondary,Mathagal Road,False,B276
5126464959,5126464943,15.676431303383252,secondary,Pandattarippu Junction,True,
5139375451,3478101817,35.49844071866066,trunk,Sirimavo Bandaranaike Mawatha (Peradeniya Road),True,A1
5139375451,3088821708,58.248898851193275,primary,Galaha Road,True,B364
5140888508,3219914003,55.53510050804715,trunk,Bulathkohupitiya Road,True,A21
5142136907,5144316608,10.5786968526523,primary,Outer Circular Road,True,
5142136907,610951677,1811.4544618131806,trunk,Hambantota-Wellawaya Road,True,A2
5142136908,5142136907,8.229439687534123,trunk,Hambantota-Wellawaya Road,True,A2
5142136908,1978142686,6869.6115747807535,primary,Outer Circular Road,True,
5142136909,5142136910,25.47351830125261,trunk,New Hambantota Road,True,New-A2
5142136910,3676141026,10.702980544505097,primary,Outer Circular Road,True,
5142136910,3377615196,3009.707499353643,trunk,New Hambantota Road,True,New-A2
5144316608,5144316609,8.428851886333431,trunk,Hambantota-Wellawaya Road,True,A2
5144316609,5142136908,10.30679496831277,primary,Outer Circular Road,True,
5144316609,6248011187,354.9571494072079,trunk,Hambantota-Wellawaya Road,True,A2
5144316831,6248011213,8.642756644611007,trunk,New Tissa Road,True,New-A2
5144316831,41607687,12.245962169643118,trunk,,True,
5153458214,5153458215,23.021994371076378,trunk,Kegalle-Bulathkohupitiya-Karawanella Road,False,A21
5153458214,1805745150,43.49463138821849,primary,Nittambuwa-Urapola-Ruwanwella Road,True,B445
5153458214,198601066,2853.2931798839895,trunk,Kegalle-Bulathkohupitiya-Karawanella Road,False,A21
5153458215,5153458214,23.021994371076378,trunk,Kegalle-Bulathkohupitiya-Karawanella Road,False,A21
5153458215,445260233,1797.4039743232445,trunk,Kegalle-Bulathkohupitiya-Karawanella Road,False,A21
5153486356,3745318479,24061.966064294866,primary,"['Bulathkohupitiya-Dedugala Road', 'Dedugala-Dolosbage Road']",False,"['B588', 'B67']"
5153486356,5153486366,121.52856817591439,primary,Bulathkohupitiya-Dedugala Road,False,B67
5153486356,3514813026,204.4893477543284,primary,Old Dedugala Road,False,
5153486366,5153486356,121.52856817591439,primary,Bulathkohupitiya-Dedugala Road,False,B67
5153486366,3514826047,5045.141135893115,trunk,Kegalle-Bulathkohupitiya-Karawanella Road,False,A21
5153486366,3514813026,111.62171229617402,trunk,Kegalle-Bulathkohupitiya-Karawanella Road,False,A21
5156577884,4137378464,25397.746192380528,secondary,Medawachchiya-Kebithigollewa Road,False,B283
5156577884,5156577888,13.225513544944427,trunk,,True,
5156577885,1881982667,53.14919875280466,trunk,Vavuniya-Horowpotana Road,False,AA029
5156577885,5156577884,12.900747222687722,trunk,,True,
5156577886,1881982729,1004.1569678417385,secondary,Kebitigollewa New Town Road,False,B210
5156577886,5156577885,14.232643315333739,trunk,,True,
5156577888,5156577886,14.11474521322637,trunk,,True,
5156577888,1728748206,23650.156749096124,trunk,Vavuniya-Horowpotana Road,False,AA029
5157977021,3155552910,41.80920172336689,primary_link,,True,
5157977021,5157977022,28.17042616704,primary,Pelawatte Road,True,B47
5157977022,3502161784,9.164922573546498,primary,Denzil Kobbekaduwa Mawatha,False,AB15
5157977022,6719733698,24.041525124553065,primary,Pelawatte Road,True,B47
5157977022,3155552910,30.58766892215604,primary,Denzil Kobbekaduwa Mawatha,False,AB15
5158364149,1912538681,26.647931817245855,primary,Buthgamuwa Road,True,B469
5158364156,2083191826,24.99176956477898,primary,Kolonnawa-Angoda Road,True,B231
5158364156,5158364149,34.11986885856059,secondary_link,,True,
5159312518,5320624320,24.034178441283036,primary,Main Street,True,B384
5159312518,3777579457,64.81506409641145,primary,Main Street,False,B384
5169879054,5169879064,5.869490641717535,trunk,,True,
5169879060,1400433849,35.60512096812331,trunk,Anuradhapura Road,True,AA012
5169879060,5169879054,9.821326019238013,trunk,,True,
5169879064,4140985756,32.72169465654683,trunk,Katugastota-Kurunegala-Puttalam Road,True,A10
5169879064,5169879067,11.790301164534906,trunk,,True,
5169879067,5169879070,11.793881031714903,trunk,,True,
5169879070,1400433848,33.87074601966388,trunk,Katugastota-Kurunegala-Puttalam Road,True,A10
5169879070,5169879074,15.68113980455973,trunk,,True,
5169879074,5169879060,7.877539718766544,trunk,,True,
5180475383,10137867346,42.55305568303404,primary,Sri Uttarananda Mawatha,False,
5180475383,651263576,139.05574035564337,primary,Sri Uttarananda Mawatha,False,
5180475383,10137867336,52.828449583874935,primary_link,,True,
5182773491,5234940060,32.10964568082426,primary,Esplanade Road,True,B37
5182773491,138714420,92.70411689908602,primary,Esplanade Road,False,B37
5182838447,1931362427,39.23836553033678,primary,Wakwella Road,True,B130
5182838447,50760908,177.67905144665593,primary,Wakwella Road,False,B130
5190957525,2057041156,2444.0009801542924,trunk,Badulla Road,False,A5
5190957525,2043454739,6441.231159355286,primary,Ketawala Road,False,B100
5190957525,2011981296,118.88299045569867,trunk,Badulla Road,False,A5
5197144862,5197144866,86.07030284632444,trunk,Colombo-Kandy Road,True,A1
5197144862,6225766462,140.53651726111573,trunk_link,,True,
5197144866,2499287720,7.2957572899515855,trunk,Colombo-Kandy Road,True,A1
5197144866,6225766462,74.5043704151892,trunk,Colombo-Kandy Road,True,A1
5197144868,5197144866,11.372553431812843,trunk,Colombo-Kandy Road,True,A1
5197144868,3078591002,1057.5906941336953,trunk,Colombo-Kandy Road,True,A1
5202070937,1796923216,991.4173886988907,primary,Kongastenna Road,False,B144
5202667325,2732633603,64.21261576307927,trunk,Dambulla-Habarana Road,False,A6
5202667325,904233239,6354.086915070234,trunk,Dambulla-Habarana Road,False,A6
5202667325,2732633599,60.74742179127044,primary,Sigiriya Road,False,B162
5212489397,374112182,13.142430932678266,secondary,Rahula Road,False,
5212489397,3364864049,490.16750222543334,trunk,Akuressa Road,True,A24
5212489397,12856077378,1204.7932186863634,secondary,Rahula Road,False,
5212489400,1231840785,8.655125826715137,secondary,Kumaradasa Mawatha,False,
5212489400,5212490356,410.06580386919234,trunk,Akuressa Road,True,A24
5212489400,12856077364,1661.7450360615783,secondary,Kumaradasa Mawatha,False,
5212490345,1231840774,8.110142677652926,trunk_link,,False,
5212490345,5212489400,150.22046338426617,trunk,Akuressa Road,True,A24
5212490356,1231840826,8.365225952998463,trunk_link,,False,
5212490356,5212489397,314.3479070744559,trunk,Akuressa Road,True,A24
5214681742,10259347345,33.69975413117114,primary,New Hospital Road,True,AB5
5214681742,10259347359,46.46036505025627,primary,,True,AB5
5216483982,325011481,994.1430618457523,trunk,Negombo Road,True,A3
5216483988,2499283524,47.79382658268787,trunk,Peliyagoda Interchange Access Road,True,B634
5216483988,5216483982,67.86594396771851,trunk_link,,True,
5216483990,3431908601,59.870296390824265,trunk,Negombo Road,True,A3
5216483990,5216483996,80.76579826406471,trunk_link,,True,
5216483996,3780516724,1878.5618534782066,trunk,Peliyagoda Interchange Access Road,True,B634
5217538839,1453000766,15946.525643440427,trunk,"['Mankulam - Mullaitivu', 'Paranthan-Mullaitivu Road']",False,"['AA035', 'AA034']"
5217538839,6281776284,3925.257467124613,trunk,"['Mankulam - Mullaitivu', 'Mankulam-Mullaitivu Road']",False,AA034
5217538839,6538031537,22024.777750707228,secondary,Mullaitivu-Kokilai Road,False,B297
5217865786,4513240970,319.6640810688567,trunk,Elvitigala Mawatha,True,
5217865787,621816450,28.53316362467202,trunk,Elvitigala Mawatha,True,
5217865787,5217865790,34.78110066271141,trunk_link,,True,
5217865790,13695697500,28.836157536311646,primary,Bernard Soysa Mawatha (Kirula Road),True,
5220461443,3191696092,14.563185675381366,primary,P. de S. Kularatne Mawatha,True,AC19
5220461443,3191696091,23.179622468394363,secondary,E. W. Perera Mawatha (Regent Street),True,
5222832139,3369556773,9436.04030428884,secondary,Bulathsinhala - Galketiya - Molkawa Road,False,
5222832139,5222832362,17.91332060791379,primary,,True,
5222832213,1213041924,9.87895080229991,secondary_link,,False,
5222832213,5222832369,105.04997624529811,primary,Nagoda-Kalawellawa-Bellapitiya Road,True,B304
5222832228,5222832229,8.136591263781089,secondary_link,,False,
5222832228,5222832359,403.9100658748876,primary,Nagoda-Kalawellawa-Bellapitiya Road,True,B304
5222832229,5222832228,8.136591263781089,secondary_link,,False,
5222832229,5222832230,118.04350492406437,primary,Nagoda-Kalawellawa-Bellapitiya Road,True,B304
5222832230,1213041911,8.283530894257607,secondary_link,,False,
5222832230,1213041863,173.6453893888924,primary,Nagoda-Kalawellawa-Bellapitiya Road,True,B304
5222832354,5222832369,10.51092558569047,primary,,True,
5222832354,1213041924,112.89954451632273,primary,Nagoda-Kalawellawa-Bellapitiya Road,True,B304
5222832359,5222832354,18.543033395555696,primary,,True,
5222832362,5222832359,11.238869925629722,primary,,True,
5222832362,5222832229,404.80491180874634,primary,Nagoda-Kalawellawa-Bellapitiya Road,True,B304
5222832369,5222832139,8.514784289919367,primary,,True,
5222832372,5222832381,9.835366682878835,secondary_link,,False,
5222832372,5003691358,107.38172676524235,primary,Nagoda-Kalawellawa-Bellapitiya Road,True,B304
5222832381,5222832213,62.20082828991466,primary,Nagoda-Kalawellawa-Bellapitiya Road,True,B304
5222832381,5222832372,9.835366682878835,secondary_link,,False,
5222832390,5003691358,8.603256615209196,secondary_link,,False,
5222832390,5222832381,110.90124750719829,primary,Nagoda-Kalawellawa-Bellapitiya Road,True,B304
5225962162,5225962171,37.285072223942116,secondary,Muttettugala-Hiripitiya Road,True,B300
5225962162,2024988651,18427.057609601958,secondary,Muttettugala-Hiripitiya Road,False,B300
5225962163,5225962180,17.989597876966336,secondary,Hiripitiya-Madagalla road,True,B609
5225962163,5051771522,14868.37360257683,secondary,Hiripitiya-Madagalla road,False,B609
5225962164,5225962167,22.90790821122775,secondary,Wariyapola-Ganewatta-kumbukgete Road,True,B478
5225962164,1247065794,7881.898540624174,secondary,"['Wariyapola-Ganewatta Road', 'Wariyapola - Ganewatta Road', 'Wariyapola-Ganewatta-kumbukgete Road']",False,B478
5225962166,5225962163,20.285204488174394,secondary,Hiripitiya-Madagalla road,True,B609
5225962166,5225962180,11.388218430777133,secondary,,True,
5225962167,5225962166,2.91024118241267,secondary,,True,
5225962170,5225962164,22.76645862480609,secondary,Wariyapola-Ganewatta-kumbukgete Road,True,B478
5225962170,5225962167,8.982209589150107,secondary,,True,
5225962171,5225962170,3.3780707938894694,secondary,,True,
5225962174,6507179285,1.6129386185484773,secondary,,True,
5225962178,4445128968,28.45710836187895,secondary,Wariyapola-Ganewatta-kumbukgete Road,True,B478
5225962178,5225962174,9.210036268048222,secondary,,True,
5225962180,5225962178,6.029261105490999,secondary,,True,
5229028214,3410071521,11668.968799192928,primary,Alawatugoda-Ankumbura-Keppetigala Road,False,B7
5229028214,5239599858,9326.226246475759,secondary,Ankumbura - Pujapitiya Road,False,C048
5229028214,5644584039,21038.037002529127,"['primary', 'secondary']","['Mallawapitiya-Rambodagalla-Keppetigala Road', 'Alawatugoda-Ankumbura-Keppetigala Road', 'Mallawapitiya - Keppitigala Road']",False,"['B264', 'B7']"
5229420028,5231755675,32.976489804716245,primary_link,,True,
5229420028,2093611084,1028.8471329245158,primary,Thalawa Eppawala Road,False,B213
5229420028,5231755680,47.76634303542729,primary,Thalawa Eppawala Road,False,B213
5231755680,5229420028,47.7663430354273,primary,Thalawa Eppawala Road,False,B213
5231755680,13763979671,2101.199636964574,primary,Thalawa Eppawala Road,False,B213
5232275453,5232275515,2241.8999130387133,trunk_link,,True,
5232275453,3261810957,1070.9870607205678,trunk,Padawkema - Mattala Road,True,
5232275461,3261809924,12.177721461770075,trunk_link,,False,
5232275461,5232275453,216.40120068698698,trunk,Padawkema - Mattala Road,True,
5232275477,3261810957,1953.369651816208,trunk_link,,True,
5232275477,3261809931,1157.0700967823427,trunk_link,,True,
5232614480,1278007303,6.771273090695729,primary,,True,
5232991034,5232275515,1347.2685375232081,trunk_link,,True,
5232991034,3261809931,1476.7677218951335,trunk,Padawkema - Mattala Road,True,
5233976058,6509057831,8.50208763765532,primary,Kalawana-Depdene-Rakwana Road,True,B181
5233976058,1780055679,46047.0044641353,primary,Kalawana-Depdene-Rakwana Road,False,B181
5233976061,5233980319,4.285232374517241,primary,Ratnapura Road,False,B421
5233976061,1994703248,4050.36880401495,primary,Ratnapura Road,False,B421
5233980319,5237375206,11.3783083247917,primary,Ratnapura Road,False,B421
5233980319,5233976061,4.285232374517241,primary,Ratnapura Road,False,B421
5234940056,5234940057,9.592366969100542,trunk,,True,
5234940057,3377393479,19.122334227872607,trunk,,True,
5234940057,12126721597,194.4365900856615,trunk,Colombo Road,True,A2
5234940060,138713219,3.5135636889847484,trunk,,True,
5234964214,47824192,723.4128511446626,trunk,Old Matara Road,True,Old-A2
5234967326,2150213472,14.225175838120498,primary,,True,
5234967326,1931363942,22.695398554606648,primary,Wakwella Road,True,B130
5237375206,5233980319,11.3783083247917,primary,Ratnapura Road,False,B421
5237375206,5237438508,21.253856887558072,primary,Ratnapura Road,False,B421
5237375206,5237438509,25.517488037033168,primary,Kalawana-Depdene-Rakwana Road,True,B181
5237438508,912273614,17107.554920904848,primary,Ratnapura Road,False,B421
5237438508,5237375206,21.253856887558072,primary,Ratnapura Road,False,B421
5237438508,5237438509,43.63672521375034,primary_link,,True,
5237438509,5233976058,7.684537271971574,primary,Kalawana-Depdene-Rakwana Road,True,B181
5237448594,5237448596,10.833052102976655,primary,Kaduwela Road (New Kandy Road),False,B240
5237448594,5239209325,27.156303847784542,primary,Kaduwela Road (New Kandy Road),False,B240
5237448596,5237448594,10.833052102976655,primary,Kaduwela Road (New Kandy Road),False,B240
5237448596,621188379,45.64228284441458,primary,Kaduwela Road (New Kandy Road),False,B240
5237448596,5237467094,60.041737598978216,primary,Denzil Kobbekaduwa Mawatha,True,AB15
5237467094,4755854822,14.446726811773104,primary,Denzil Kobbekaduwa Mawatha,False,AB15
5237467094,5237448594,61.31372510495983,primary,Denzil Kobbekaduwa Mawatha,True,AB15
5237467113,5239209328,29.011025990863402,primary,Kalapaluwawa Road,True,B644
5237467113,5239209325,46.26398135151451,secondary_link,,True,
5237485233,5237485234,6.861041017937746,trunk,Colombo-Kandy Road,False,A1
5237485233,4929241610,25.91117928906658,trunk,Colombo-Kandy Road,False,A1
5237485234,4929241606,21.648487412918836,trunk,Colombo-Kandy Road,False,A1
5237485234,5237485233,6.861041017937746,trunk,Colombo-Kandy Road,False,A1
5237485234,4929241607,30.262884330060395,primary,Kegalle Bypass,True,B643
5239209325,5239209328,32.699092146034715,primary,Kaduwela Road (New Kandy Road),False,B240
5239209325,5237448594,27.156303847784542,primary,Kaduwela Road (New Kandy Road),False,B240
5239209328,4817240135,6.49123705148325,primary,Kaduwela Road (New Kandy Road),False,B240
5239209328,5239209325,32.69909214603471,primary,Kaduwela Road (New Kandy Road),False,B240
5239569079,5239599858,13147.09745247722,primary,"['Bokkawala Road', 'Bokkawala-Poojapitiya Road']",False,B15
5239569079,3064234194,4033.626625599576,trunk,"['Galagedara Road', 'Kurunegala Road']",False,A10
5239569079,3343547728,982.7053134266886,trunk,Galagedara Road,False,A10
5239599858,5239569079,13147.097452477214,primary,"['Bokkawala Road', 'Bokkawala-Poojapitiya Road']",False,B15
5239599858,1836349723,22.47725443177128,primary,Bokkawala-Poojapitiya Road,False,B15
5239599858,5229028214,9326.226246475759,secondary,Ankumbura - Pujapitiya Road,False,C048
5245953959,617806916,52.957227448742096,trunk,Kurunegala - Kandy Road,True,A10
5245953959,5245953970,11.763551404068014,trunk,,True,
5245953965,3064571979,50.78786589450373,trunk,Kurunegala - Kandy Road,True,A10
5245953965,617806911,14.359998728018448,trunk,,True,
5245953969,4905293870,223.53531295304472,primary,Suratissa Mawatha,True,B51
5245953969,5245953965,15.212134733060923,trunk,,True,
5245953970,5245953969,3.978796778784574,trunk,,True,
5248343437,617806943,9.159612480459394,primary_link,,False,
5248343437,3064572227,291.7126026084178,trunk,Kurunegala - Puttalam Road,True,A10
5248343437,6548196295,901.4253535286565,primary,Kurunegala-Negombo Road,False,B247
5248343448,4944055634,30.366280678925317,trunk,Kurunegala - Puttalam Road,True,A10
5248343448,9568699369,43.61342832198942,trunk_link,,True,
5248343520,4944055508,30.826803361154937,trunk,Ambepussa-Kurunegala Road,True,A6
5248343520,4944055507,44.36500732026278,trunk_link,,True,
5248343532,5248343520,684.6417705002617,trunk,Ambepussa-Kurunegala Road,True,A6
5252242470,4108748752,5539.726563625848,trunk,Talawakelle Road,False,A7
5252242470,5252242482,8.65096894732754,trunk,,True,
5252242482,5252242493,13.406761497285625,trunk,,True,
5252242482,6250183891,34.78410900503288,primary,Hatton - Maskeliya - Sri Pada Road,True,B149
5252242488,247139339,7998.773326826269,trunk,Hatton Road,False,A7
5252242488,5252242470,15.398757575930974,trunk,,True,
5252242493,5252242488,19.99212587247384,trunk,,True,
5255462083,847468303,507.0019826511783,primary,Jaffna - Kankesanthurai Road,False,AB016
5255462083,5502287924,42.45905055877465,primary,Jaffna - Kankesanthurai Road,True,AB016
5257292853,9282393896,158.5351583322435,secondary,Thuparamaya Mawatha,False,B397-2
5257292853,567004219,759.4464968827073,secondary,Thuparamaya Mawatha,False,B397-2
5257292853,5257292855,57.51090511721135,secondary,Thuparamaya Mawatha,False,B397-2
5257292855,13587403121,4.3266270554115325,secondary,Thuparamaya Mawatha,False,B397-2
5257292855,13587403123,6.688604198226734,secondary,Thuparamaya Mawatha,False,B397-2
5257292855,5257292853,57.51090511721136,secondary,Thuparamaya Mawatha,False,B397-2
5258083976,5258083989,13.577986134450075,primary,,True,
5258083976,2185127828,29565.129032972134,primary,Pelawatta-Neluwa Road,False,B363
5258083979,1093799558,7064.843417011661,primary,Thawalama-Neluwa Road,False,B411
5258083979,5258083976,7.5135861135054265,primary,,True,
5258083985,2155827775,22868.444015197816,primary,Neluwa-Morawaka Road,False,B363
5258083985,5258083979,13.235797889847362,primary,,True,
5258083989,5258083985,7.996335817325079,primary,,True,
5258083989,2155827769,2325.825953350077,primary,Neluwa-Dellawa Road,False,B411
5264919265,3090559903,14505.849102286831,primary,Kiriella-Nedurana-Eheliyagoda Road,False,B222
5264919265,1796922874,15328.977556365708,trunk,Ratnapura Road,False,A8
5264919265,1797858594,1097.6216299271005,trunk,Ratnapura Road,False,A8
5270751465,2093610826,4556.110306760648,trunk,Puttalam-Anuradhapura-Trincomalee Road,False,AA012
5272770101,3648987752,12.289941800137786,secondary,,True,
5272770101,2560879662,29.046291759184413,trunk,Kirulapone Avenue,True,
5273425373,1830490073,573.3261088470247,trunk,T. B. Panabokke Mawatha (Gangasiri Road),False,A5
5273425373,3871146840,25.28956632169342,trunk,T. B. Panabokke Mawatha (Gangasiri Road),True,A5
5273425374,3871146844,20.649534258060406,primary,Kandy Road,True,AB13
5276999751,6513598497,10.054524264779966,primary,Denzil Kobbekaduwa Mawatha,False,AB15
5276999751,6513598493,1264.48587641183,primary,Defence Headquarters Access Road,True,B642
5276999751,4755854822,845.1388287778158,primary,Denzil Kobbekaduwa Mawatha,False,AB15
5276999759,2974015176,778.1305254640139,primary,D.P. Wijesinghe Mawatha,False,B645
5276999759,6513598565,63.974618228873275,primary,D.P. Wijesinghe Mawatha,True,B645
5276999774,5276999759,23.11144526071943,primary,D.P. Wijesinghe Mawatha,True,B645
5277143310,7043449110,50.1230013786315,primary_link,,True,
5277143310,3731372276,39.182770148005396,primary,Pannipitiya Road,True,B47
5280287630,13663348779,8.33418767076475,primary_link,,False,
5280287630,2028303897,2460.3087956827176,trunk,Colombo-Kandy Road,True,A1
5280287631,4785724017,8.289131948816118,primary_link,,False,
5280287631,5280287630,7.349610708306295,trunk,Colombo-Kandy Road,True,A1
5286754885,10088292097,2967.061710344718,primary,Bibile-Medagama-Nakkala Road,False,B56
5286754885,2398925514,44.04825500487372,trunk,Badulla-Chenkaladi Road,False,A5
5286754885,4837295492,2308.200660709935,trunk,Badulla-Chenkaladi Road,False,A5
5286960407,3476487649,1696.9731937297013,secondary,,False,
5289221658,5289221774,1163.0117269152072,primary,Udayagiri Raja Maha Viharaya Road,False,B590
5289221658,4959610635,44812.18670605855,trunk,"['Ampara-Uhana-Maha Oya Road', 'Ampara Road']",False,A27
5289221658,3649840867,2571.1974089021205,trunk,Ampara-Uhana-Maha Oya Road,False,A27
5289221774,5289221658,1163.0117269152065,primary,Udayagiri Raja Maha Viharaya Road,False,B590
5294022980,652615607,661.4058594568529,primary,H. K. Edmond Mawatha,False,B109
5294022980,3619556378,42.484368583250564,primary_link,,False,
5294022980,1364675869,39.93998105378529,primary,H. K. Edmond Mawatha,False,B109
5294130394,5294130771,497.3074758912126,primary,Goodshed Road,True,B27-14
5294130394,1694691156,266.7843418339929,primary,"['Inner Circular Road', 'Bus Station Approach Road', 'Goodshed Road']",False,B27-14
5294130771,1694695673,29.73945921657721,primary,Inner Circular Road,False,B27-14
5299485480,1694695673,246.87676250302792,trunk,Main Street,False,A4
5299485480,5300880923,476.2389426425269,primary,"['Council Avenue', 'Senanayake Mawatha']",False,AB14
5300880923,5299485480,476.23894264252687,primary,"['Senanayake Mawatha', 'Council Avenue']",False,AB14
5300880923,5304819153,23.867766346692907,primary,Council Avenue,True,AB14
5300884107,2151471710,15.644855902108517,primary_link,,True,
5300884107,5300890594,23.477249476739505,trunk,Colombo Road,True,A4
5300890594,5299485480,329.3101253103507,trunk,Main Street,True,A4
5302260364,5302260378,11.973121835446516,trunk_link,,False,
5302260364,602759923,538.6551385347753,trunk,Anuradhapura Road,True,A9
5302260374,5302260394,9.494869510622022,secondary,Kekirawa-Ganewalpola Road,True,B212
5302260374,3518425520,162.72622085412434,trunk,Anuradhapura Road,True,A9
5302260378,5302260404,45.24176616227778,trunk,Anuradhapura Road,True,A9
5302260378,5302260364,11.973121835446516,trunk_link,,False,
5302260392,602759923,9.339660831351006,secondary,Kekirawa-Ganewalpola Road,True,B212
5302260392,5302260378,543.7629164176403,trunk,Anuradhapura Road,True,A9
5302260394,5302260392,7.5133405643207976,trunk,Anuradhapura Road,True,A9
5302260394,6294506984,44.57699311086568,secondary,Kekirawa-Ganewalpola Road,True,B212
5302260404,5302260364,45.062942256633804,trunk,Anuradhapura Road,True,A9
5302260404,7927504084,10401.01518740633,trunk,Anuradhapura Road,False,A9
5303291025,5303291031,110.91761581132707,primary,Bandaranaike Mawatha,False,AB14
5303291025,3771891851,29.903508657232585,primary,Bandaranaike Mawatha,True,AB14
5303291031,3771886827,26.040689712854682,primary,Bandaranaike Mawatha,False,AB14
5303291031,5303291025,110.91761581132707,primary,Bandaranaike Mawatha,False,AB14
5303291031,8312180939,47.254654379853015,primary_link,,True,
5303300108,310860950,128.132524585521,trunk,Colombo Road,False,A4
5303300108,1694691156,558.5996796944258,trunk,Colombo Road,True,A4
5304819149,5304819153,10.49018110722083,primary,Police Roundabout,True,
5304819149,5300880923,21.26044100622781,primary,Council Avenue,True,AB14
5304819153,5304819155,8.318648853762827,primary,Police Roundabout,True,
5304819155,5303291025,31.53769890324818,primary,Bandaranaike Mawatha,True,AB14
5304819155,3771891851,14.080139349594308,primary,Police Roundabout,True,
5315984574,638937223,113.65860538413217,primary,Minuwangoda New Road,False,
5315984574,3289420403,705.1059888181867,primary,Minuwangoda New Road,True,
5315984604,843513352,7.094506434522668,primary_link,,False,
5315984604,5315984610,128.71157592161282,trunk,Colombo Road,True,A33
5315984609,843513354,7.448322727742267,primary_link,,False,
5315984609,3799780754,133.08211872151278,trunk,Colombo Road,True,A33
5315984610,3891382236,7.599410607254595,primary_link,,False,
5315984610,5315984609,70.40405682548229,trunk,Colombo Road,True,A33
5315988823,3289503413,13.260109392042132,trunk,Police Junction,True,
5315988824,2902943461,91.59926891544093,primary,Saranankara Mawatha,False,B446
5315988824,5315988834,9.37663252031821,trunk,Police Junction,True,
5315988825,637009411,86.8289594737405,trunk,Colombo Road,False,A33
5315988825,5315988824,16.831287318831933,trunk,Police Junction,True,
5315988834,5315984604,165.95977502822444,trunk,Colombo Road,True,A33
5315988834,5315988823,9.00181692765238,trunk,Police Junction,True,
5315988848,3797730069,176.58464914715793,primary,,True,
5315988848,5315988872,344.17870086647383,primary,Fly Over,True,
5315988872,4231278232,7.075980407084979,primary_link,,False,
5315988872,3214502835,92.75358403986098,primary,,True,
5316437630,4790001153,28.846140884387136,trunk,Colombo-Kandy Road,True,A1
5316437630,7087827239,34.24387285762931,primary_link,,True,
5316437631,5316437632,15.678050243978973,primary,New Kandy Road,True,B214
5316437631,658424634,4235.6817282330485,primary,New Kandy Road,False,B214
5316437632,5316437634,21.586055887501704,primary,New Kandy Road,True,B214
5316437632,4790000815,25.950361736095577,primary_link,,True,
5316437634,619905141,9.49010352057726,primary,New Kandy Road,True,B214
5316437634,4790000815,16.49370544546606,trunk,Colombo-Kandy Road,True,A1
5316468079,4790019634,8.844105358766566,primary_link,,True,
5316468079,6536495259,124.28151877796239,trunk,Colombo-Kandy Road,True,A1
5319762817,1239489675,75.10648442357866,trunk,Polgahawela-Kegalle Road,False,A19
5319762817,6227950832,57.52576071565257,trunk,Polgahawela-Kegalle Road,False,A19
5319762817,5319762820,69.6152274696138,primary_link,,True,
5319762820,5330656812,25.83886294323881,primary,Polgahawela-Kegalle Old Road,True,
5319765722,3851353586,6434.910080425156,trunk,Polgahawela-Kegalle Road,False,A19
5319765722,6227950822,54.580454142229875,trunk,Polgahawela-Kegalle Road,True,A19
5319765726,5330656814,19.309447255285498,primary,Polgahawela-Kegalle Old Road,True,
5319765726,3168908516,166.8154263639386,primary,Polgahawela-Kegalle Old Road,False,
5320624320,5320624371,9.92506829099836,primary,,True,
5320624355,3189672680,8.484593553998359,primary_link,,False,
5320624355,5320624390,276.9678285156388,primary,"['Main Street', 'Kurunegala Road']",True,B384
5320624371,5320624375,3.334771755497533,primary,,True,
5320624371,3189672680,401.42279589026236,primary,"['Station Road', 'D. M. Karunaratne Dissanayake Mw (Station Rd)']",False,B27-12
5320624375,5320624390,11.481760367007144,primary,,True,
5320624375,3189672680,276.1025862822931,primary,"['Main Street', 'Kurunegala Road']",True,B384
5320624385,5159312518,24.397096101691467,primary,Main Street,True,B384
5320624385,5320624320,11.159971705100316,primary,,True,
5320624390,5320624385,12.383267467376008,primary,,True,
5320624392,2362937081,628.3140173851084,primary,Kurunegala Road,False,B384
5320624392,5320624355,242.5514901798594,primary,Kurunegala Road,True,B384
5320836383,9562328822,686.8253467424685,trunk,Ambepussa-Kurunegala Road,True,A6
5330656812,6227950795,26.456373201984484,primary,Polgahawela-Kegalle Old Road,True,
5330656812,5907569563,368.8751424538518,primary,Polgahawela-Kegalle Old Road,False,
5330656814,5353821700,30.01119193233779,primary,Polgahawela-Kegalle Old Road,True,
5330656814,5342371002,15.603868012012514,primary,Polgahawela-Kegalle Old Road,True,
5342371002,5353821700,21.981578255535364,trunk,Polgahawela-Kegalle Road,True,A19
5342371002,6227950822,8.643559324085489,primary_link,,True,
5344838908,257673162,29.277349058914215,primary,Piliyandala - Kottawa Road,True,B267
5344838927,3320941718,8.266555767620108,primary,Piliyandala Bypass Road,True,B639
5344838927,3498446858,31.905673150471475,primary,Piliyandala-Maharagama Road,True,B367
5344838932,3320941671,51.66656746877863,primary_link,,True,
5344838932,5968395016,32.24088413919904,primary,Piliyandala-Maharagama Road,True,B367
5344838936,3498446842,31.290734421586915,primary,Piliyandala-Maharagama Road,True,B367
5344838936,5968395016,7.859499814920154,primary,Piliyandala Bypass Road,True,B639
5352135771,5352135783,25.124527327989323,primary,Biyagama Road,False,B214
5352135771,5352135772,27.22726372907595,primary,Biyagama Road,False,B214
5352135771,635895564,457.0325042775713,primary,Biyagama Road,False,B214
5352135772,5352135771,27.22726372907595,primary,Biyagama Road,False,B214
5352135772,5352135783,9.565282171412282,primary,,True,
5352135773,5352135772,3.373889612485083,primary,,True,
5352135783,5352135771,25.124527327989323,primary,Biyagama Road,False,B214
5352135783,13646507158,25.64212002651174,primary,,True,
5352929666,1282529649,19.401608209571453,trunk,Matara Road,False,A2
5352929666,1674510036,1155.5026543934036,trunk,Matara Road,False,A2
5353821700,5319765722,36.69732207019788,trunk,Polgahawela-Kegalle Road,True,A19
5353842347,6209749472,8134.284815877257,trunk,Ambepussa-Kurunegala Road,False,A6
5353842347,5353863009,108.82048467404593,trunk,Ambepussa-Kurunegala Road,True,A6
5353863009,1239489717,10.675437260809801,trunk_link,,True,
5353863009,3224468489,234.66242952855828,trunk,Ambepussa-Kurunegala Road,True,A6
5363173432,6401356372,811.7624533072337,secondary,,False,
5363283614,4767111697,2184.7542178651024,secondary,,False,
5364431661,566569982,1168.5265192076108,trunk,Jayanthi Mawatha,False,A12
5364431661,13572508097,201.55970432430635,trunk,Jayanthi Mawatha,True,A12
5366204163,619883043,7113.009016239765,primary,Godagama-Padukka Road,False,B240
5366204163,129607365,9.29331461672615,primary,,True,
5366204208,8626564856,52.20616760451587,primary,Galagedara - Padukka Road,False,B123
5366204208,8626564856,56.1293789213953,secondary,Galagedara - Padukka Road,False,B123
5366204208,129607365,40.6839968295766,primary,Galagedara - Padukka Road,False,B123
5369721906,3619696818,1907.9660722366707,primary,Wattegama Road,False,B369
5369721906,3856554872,400.3910882980753,primary,Wattegama Road,False,B369
5369721906,3616502607,11774.512648944848,primary,Kudugala-Wattegama Road,False,B242
5372968715,3141171382,27.450942051070875,trunk_link,,True,
5372968715,3136385193,38.30896492367225,trunk,Lotus Road,True,A4
5373596576,4860202575,10.388393494040036,primary,Colombo-Piliyandala-Horana Road,True,B84
5373596576,5373596579,25.867302924126946,primary,Old Kesbawa Road,True,B134
5373596579,250734844,8.344421615616536,primary,Old Kesbawa Road,True,B134
5375634189,13664742979,789.6903215845937,secondary,Louis Peiris Mawatha,False,B551
5375634189,257926316,146.63008105703068,primary,Sangaraja Mawatha,False,B195
5375634189,3422963193,1167.4994296965829,"['primary', 'trunk']","['Anagarika Dharmapala Mawatha', 'Weera Madduma Bandara Mawatha', 'Sangaraja Mawatha']",False,"['A26', 'B195', 'B608']"
5445976497,849241788,532.014646370777,trunk,Jaffna - Kankesanthurai Road,False,AA009
5445976497,7098642099,55.802317605333215,trunk,Jaffna - Kankesanthurai Road,True,AA009
5445976938,849241783,569.821023840755,primary,Jaffna-Ponnalai-Point Pedro Road,False,
5445976938,7098642092,24.36323350760234,primary,,True,
5446031365,6294563988,1.6477530615101836,trunk,,True,
5446060709,9399822974,15.977062633267815,primary,Circular Road,True,
5446060709,2050947417,20.801592340895553,primary,,True,AB021
5456686498,2017536573,6382.832396358327,primary,Narandeniya-Hakmana Road,False,B309
5456686498,1933502385,2820.4598715847924,primary,Narandeniya-Hakmana Road,False,B309
5456686498,2605760439,2779.2878923702833,secondary,,False,
5470351287,5231755680,17.78322030366396,primary_link,,True,
5474822523,2050947423,91.71265430180364,primary,,True,AB019
5474822523,847835914,11908.837446020263,primary,Jaffna-Pannai-Kayts Road,False,AB019
5483879973,2288824399,9.313398328206539,trunk,,True,
5488528980,1912538707,4.2855234554533865,primary,,True,
5488683288,662848124,47.10394435845161,primary,Cotta Road,True,B62
5488683288,3896044935,57.80183840716702,primary,Old Kotte Road,True,B62
5502287924,6294563995,4.83070975914933,trunk,,True,
5502287931,12636344432,35.105432514026774,secondary,Circular Road,True,
5502287931,5446031365,14.30076858621662,trunk,,True,
5507303478,5677985213,13.832772453851337,primary,New Kandy Road,False,B583
5507303478,10578430168,526.3518944628511,primary,New Kandy Road,False,B583
5519615353,4914548524,5074.415970979471,primary,Tonigala-Kalawewa Road,False,B423
5519615353,13763979653,47.67170289823068,primary,Tonigala-Kalawewa Road,False,B423
5519615353,13763979671,47.137486577698105,primary,Thalawa Eppawala Road,False,B213
5519615353,3336273931,5509.039663200469,primary,Thalawa Eppawala Road,False,B213
5522105422,847468303,1225.6771950338236,primary,Jafna-Manipay-Karainagar Road,False,AB017
5522105422,853156641,430.92800978868075,primary,Jafna-Manipay-Karainagar Road,False,AB017
5522105422,853165390,1124.2066893647777,secondary,Navanturai - Oddumadam,False,B315
5523265726,1668906598,11.59002561271651,primary,Main Street (New Kandy Road),True,B240
5523265726,3141868639,11.516001681415386,primary_link,Polduwa Road,True,
5526678658,853156641,48.33860665938451,primary,Jafna-Manipay-Karainagar Road,False,AB017
5526678658,853156385,2327.267768271763,primary,Jafna-Manipay-Karainagar Road,False,AB017
5526678658,3803918467,42.717899093136324,secondary,Main Road,False,B305
5537436827,3137149149,1003.6339027900513,primary,Approach Road to Wimalasurendra Power House,False,B26
5547928141,570766414,2965.391615454259,primary,Rambukkana-Mawanella Road,False,B385
5547928141,10578430168,11829.477697982964,primary,Rambukkana-Mawanella Road,False,B385
5547928141,3586058703,18071.37362108664,primary,Galagedara-Rambukkana Road,False,B122
5549855445,1285521745,20.967081547581675,primary,Main Street,True,B168
5559025440,5559025441,23.985874779744616,primary,Kadawatha-Ganemulla Road,False,B58
5559025440,3477921642,23.957002564975852,primary,Kadawatha-Ganemulla Road,False,B58
5559025440,2966142485,203.28774896275795,primary,Kadawatha-Ganemulla Road,False,B58
5559025441,5559025440,23.985874779744616,primary,Kadawatha-Ganemulla Road,False,B58
5559025441,3808444503,22.911251937201072,primary,,True,
5559025442,3477921644,20.76605531084671,primary,Kadawatha-Ganemulla Road,False,B58
5559025442,3808444503,20.830787503869544,primary,Kadawatha-Ganemulla Road,False,B58
5559025442,667524408,7896.071565391137,primary,"['Kadawatha-Ganemulla Road', 'Main Street']",False,"['B226', 'B58']"
5559025503,2966142464,18.614439538451467,trunk,Colombo-Kandy Road,True,A1
5559025503,1840750859,34.535698036206895,primary,,False,B168
5559025764,3345099186,14.03840997239628,primary,Ragama-Kadawatha Road,False,B168
5559025764,1645495724,369.2021590410364,secondary_link,,True,
5559025764,3345099189,29.884445871815377,primary,Ragama-Kadawatha Road,False,B168
5565782276,8951049861,48.44958974700316,primary_link,,True,
5565782276,619918508,186.8598001318412,trunk,High Level Road,False,A4
5565782276,9676457521,95.82802240864834,trunk,High Level Road,False,A4
5576657112,1740742111,129.08186779728842,trunk,Puttalam-Anuradhapura-Trincomalee Road,False,AA012
5576657112,3204527558,4650.749513966517,secondary,,False,
5576657112,3557522184,1222.9774279647124,trunk,Puttalam-Anuradhapura-Trincomalee Road,False,AA012
5578290005,1974713646,7136.846327211944,primary,Barrier Junction-Girandurukotte Road,False,B498
5578290005,5578290006,21.61974412957493,primary,Barrier Junction-Girandurukotte Road,True,B498
5578290006,1974713604,16.64237793879943,primary,51st Mile Post-Ulhitiyawa Road,False,B497
5578290006,1974719542,15198.949612310033,"['primary', 'secondary']","['Pahala Ratkinda-Ulhitiya Road', 'Pahala Ratkinda-Diyawiddagama Road', 'Captain P. K. A. Jayathilike Mawatha', '51st Mile Post-Ulhitiyawa Road']",False,"['C631', 'B497']"
5619440825,3215623441,1103.5887854533912,primary,Laxapana Power House Road,False,B25
5635855093,1728748206,108.31721835323549,secondary,Bazzar Street,True,B52
5635855093,7085697358,301.621355487261,secondary,Bazzar Street,False,B52
5637989077,848553626,1622.8919645749127,secondary,Uduppiddy Road,False,NJF051
5637989077,4550021670,329.7903596134636,secondary,Uduppiddy Road,False,NJF051
5637989077,11112485995,985.1409721981325,secondary,Kulanai Road,False,
5644584039,618609526,9267.698664127593,secondary,Mallawapitiya - Keppitigala Road,False,B264
5644584039,3069813661,2052.269880975097,secondary,Ridigama - Lihiniwehera Road,False,B393
5644584039,5229028214,21038.037002529163,"['secondary', 'primary']","['Mallawapitiya - Keppitigala Road', 'Mallawapitiya-Rambodagalla-Keppetigala Road', 'Alawatugoda-Ankumbura-Keppetigala Road']",False,"['B264', 'B7']"
5648828411,2052447109,519.751564067992,secondary,Beach Road,False,B165
5648828412,2052447115,611.550804029382,secondary,Beach Road,False,B165
5677985213,3226224942,10.52020892371416,primary,New Kandy Road,False,B583
5677985213,5507303478,13.832772453851337,primary,New Kandy Road,False,B583
5693657962,257926216,63.216586126728835,trunk,Sri Dalada Veediya,False,A1
5693657962,4004597816,200.63594459926054,primary,Sangaraja Mawatha,True,B518
5750995617,2093610059,1376.7658617218497,primary,Anamaduwa - Uswewa - Galgamuwa Road,False,B019
5750995617,2093609890,8510.960092664105,primary,Anamaduwa - Uswewa - Galgamuwa Road,False,B019
5750995617,2959495457,17263.473356644517,secondary,Aluthgama - Nawagaththegama,False,
5759362469,127657418,452.46590635916215,secondary,Fife Road,False,
5759362469,60796731,27.240054046802236,secondary,Fife Road,True,
5764078202,2083007739,6965.305742223588,trunk,Ambepussa-Kurunegala Road,False,A6
5764078202,7087535778,85.50355339113972,trunk,Ambepussa-Kurunegala Road,True,A6
5771476347,2722759262,24.959370581135047,trunk,Matara-Akuressa Road,True,A24
5773844872,637858647,841.1709175261278,primary,Kiribathgoda-Makola-Sapugaskanda Road,False,B221
5773844872,621126052,20.40144923732972,primary,Kiribathgoda-Makola-Sapugaskanda Road,False,B221
5773844872,5773844885,81.97956819192946,secondary_link,,False,
5773844885,5773844872,81.97956819192947,secondary_link,,False,
5774134687,6538140524,46.501597235209495,secondary,Puliyankulam-Mullaittivu,True,B296
5774134687,1457319623,42646.571508415866,secondary,"['Puliyankulam-Mullaittivu', 'Puliyankulam Road', 'Mullaitivu-Puliyankulam Road']",False,B296
5785122163,566574620,78.60922146554856,trunk,Maithripala Senanayake Mawatha (Main Street),False,A12
5785122163,13567706083,168.8690004944094,primary,Sri Maha Bodhi Mawatha (Market Street),False,AB2-7
5785122163,2833834344,1758.8534241890854,trunk,"['Nivatthakachetiya Mawatha', 'Nivatthakachethiya Mawatha']",False,A12
5804555891,5804555894,10.10236642062482,primary_link,,True,
5804555891,313407297,4201.387136475753,trunk,Colombo-Puttalam Road,True,A3
5804555894,2155584797,12.39809713723785,trunk,Negombo Road,True,A3
5840217780,853986268,270.1369079077034,primary,Valukkairaru - Pungudutivu - Kurikadduwan,False,AB039
5841721869,3927772244,16.069369176975094,trunk,,True,
5847955549,847468394,2071.6583398191124,primary,Jaffna - Kankesanthurai Road,False,AB016
5847955549,1245032999,2570.245989295903,primary,Jaffna - Kankesanthurai Road,False,AB016
5847955549,3199620297,3583.3528697618617,secondary,Kadduvan Mallakam Chankanai road,False,B170
5847955549,854024183,4532.213978243628,secondary,Kadduvan Mallakam Chankanai road,False,B170
5904513234,5916583536,11.144701307418073,secondary,,True,
5904513234,5904513250,213.35502860246132,primary,George R. de Silva Mawatha,True,AC11
5904513244,5904513250,28.669430321398863,primary,,True,
5904513244,5916583536,216.0742193173002,primary,George R. de Silva Mawatha,True,AC11
5904513250,5904513251,14.07711472503642,primary,,True,
5904513251,5904513255,18.050949149493814,primary,,True,
5904513251,313411340,625.6164822798659,primary,George R. de Silva Mawatha,True,AC11
5904513255,5904513244,27.738783919047886,primary,,True,
5904513391,5904513396,236.52971018504806,primary,Maha Vidyalaya Mawatha,True,AC16
5904513391,2095726275,223.25571661710876,primary,Maha Vidyalaya Mawatha,False,AC16
5904513396,5904513433,11.47272190399104,primary,Jethawana Road,True,AC14
5904513396,8943511124,60.69818573762557,primary,George R. de Silva Mawatha,True,AC11
5904513400,5904513418,11.94194768100546,primary_link,,False,
5904513400,313410279,722.1488143834955,primary,"['Sri Sumanatissa Mawatha (Armour Street)', 'Sri Sangaraja Mawatha']",True,"['AC30', 'AC29']"
5904513412,5904513432,11.293962196918581,primary,Jethawana Road,True,AC14
5904513412,6689144274,34.8109239209143,primary,Sri Sumanatissa Mawatha,True,AC30
5904513418,5904513400,11.94194768100546,primary_link,,False,
5904513418,6407621053,122.96288164243806,primary,Sri Sangaraja Mawatha,True,AC29
5904513428,313410279,12.898501304277588,secondary,,False,
5904513428,3816448619,896.5605148749349,secondary,M. Vincent Perera Mawatha (Grandpass Road),False,
5904513428,5904513418,728.510243297646,primary,"['Sri Sangaraja Mawatha', 'Sri Sumanatissa Mawatha']",True,"['AC30', 'AC29']"
5904513432,5904513396,9.854138244698582,primary,,True,
5904513432,5904513391,233.98332810109724,primary,Maha Vidyalaya Mawatha,True,AC16
5904513433,5904513412,10.584576459606351,primary,,True,
5904513433,6689144266,46.58230463963669,primary,Jethawana Road,True,AC14
5904513454,5904513458,622.6716758322303,secondary,Sir Ratnajothy Saravanamuttu Mawatha (Wolfendahl Street),True,
5904513458,12543026776,14.725622169566936,secondary,Sir Ratnajothy Saravanamuttu Mawatha (Wolfendahl Street),True,
5904513461,2095726275,59.616152720530266,primary,Maha Vidyalaya Mawatha,True,AC16
5904513461,12543026767,14.021752396757995,primary,Wolfendahl Round About,True,
5904513475,5904513458,13.039352988455933,secondary,Sir Ratnajothy Saravanamuttu Mawatha (Wolfendahl Street),True,
5904513475,12543026776,11.830600131965577,primary,Wolfendahl Round About,True,
5904560300,3243843706,28.630960340572496,primary,Canada Friendship Road,True,AB9
5904560300,6260398863,10.45545232402845,primary_link,,True,
5904560300,4446651438,27.4157441270917,primary,Baseline Road,False,B598
5906022857,13904633852,10.57641667838104,trunk,,True,
5907569563,5330656812,368.87514245385177,primary,Polgahawela-Kegalle Old Road,False,
5907569563,3168908516,74.94715298851358,primary,Polgahawela-Kegalle Old Road,True,
5916583535,5904513234,15.205095377250135,primary,George R. de Silva Mawatha,True,AC11
5916583535,3528785030,35.14741781587817,secondary,K. B. Christie Perera Mawatha (Jampettah Street),True,
5916583536,5916583538,16.23404536502268,primary,George R. de Silva Mawatha,True,AC11
5916583538,5916583535,12.766100612226381,secondary,,True,
5916583538,599141434,210.86938972784816,primary,George R. de Silva Mawatha,True,AC11
5944495992,1239442870,1626.3533621452032,primary,Kurunegala-Negombo Road,False,B308
5944495992,6547922794,260.76749656855026,primary,Kurunegala-Negombo Road,True,B308
5968325062,5968393656,22.118357721078116,primary,Piliyandala - Kottawa Road,True,B267
5968325062,3498455050,32.26994569517635,primary_link,,True,
5968326761,3498455036,7.50208945462857,primary,Piliyandala Bypass Road,True,B639
5968326761,5344838908,33.82900637507957,primary,Piliyandala - Kottawa Road,True,B267
5968356282,3320941892,378.91610025615904,primary,Piliyandala Bypass Road,True,B639
5968372641,5968372655,166.6516557858748,primary,Piliyandala Bypass Road,True,B639
5968372655,5968372656,16.850958630530045,primary,Piliyandala Bypass Road,True,B639
5968372656,3498458035,11.029651974918906,secondary,Kesbewa-Kosgashandiya Road,True,
5968372656,5968372677,364.05302401204324,primary,Piliyandala Bypass Road,True,B639
5968372677,3320941892,12.207137315221852,primary_link,,False,
5968372677,5968372697,372.9709818557872,primary,Piliyandala Bypass Road,True,B639
5968372697,5968393657,31.23358379410928,primary,Piliyandala Bypass Road,True,B639
5968372697,3498455040,42.283138080924715,primary_link,,True,
5968372698,3498479737,13.04919225692935,primary,Colombo - Horana Road,True,B84
5968372698,5968372641,32.412934886371076,primary,Piliyandala Bypass Road,True,B639
5968393656,5968326761,9.288379931683451,primary,Piliyandala - Kottawa Road,True,B267
5968393656,3498455050,31.91819740380953,primary,Piliyandala Bypass Road,True,B639
5968393657,3498455040,21.346342514799122,primary,Piliyandala - Kottawa Road,True,B267
5968393657,5968393656,7.443592132691395,primary,Piliyandala Bypass Road,True,B639
5968395016,5344838927,10.63161251225437,primary,Piliyandala-Maharagama Road,True,B367
5968395016,3320941671,29.197452581703377,primary,Piliyandala Bypass Road,True,B639
5969036508,3914008960,38.3042913390656,trunk,High Level Road,True,A4
5969054769,3945844315,30.70863270991385,secondary,Athurugiriya-Kottawa Road,True,
5969054769,6484105682,21.769073124978256,trunk,Kottawa Roundabout,False,
5969054769,13682136255,8.862433935254419,trunk,Kottawa Roundabout,False,
5969063938,7030921451,5.3760373121364395,trunk_link,,False,
5969063938,2068162900,687.4615159125149,trunk,High Level Road,True,A4
5974119995,567004763,37.03904115169531,secondary,Thuparamaya Mawatha,False,B397-4
5974119995,5974119999,21.64310744801161,secondary_link,,False,
5974119995,567004697,560.2582691500064,secondary,Thuparamaya Mawatha,False,B397-4
5974119999,567004763,35.39109876076309,secondary,Halpanu Ela Left Bank Road,False,B515
5974119999,567004704,1068.0056139218366,secondary,Halpanu Ela Left Bank Road,False,B515
5974119999,5974119995,21.643107448011612,secondary_link,,False,
5997069098,2906800106,134.25465657413247,secondary,"['Kahambiliyagoda Road', 'Elpitiya-Pituwala-Kahaduwa Road']",False,B175
6006772893,642867474,61.84719680268602,primary,Old Road,True,B335
6006772893,6006772899,23.064026338193,primary_link,,True,
6006772899,9676457522,380.5893659133328,trunk,High Level Road,False,A4
6006772899,642867474,60.93792829124786,trunk,High Level Road,False,A4
6017749566,3237492302,8742.48433710825,primary,"['Danture Road', 'Main Street', 'Pilimatalawa-Pottepitiya Road', 'Pilimatalawa Bridge']",False,B6
6017749566,3578067389,1315.7505556754886,secondary,Alagalla Road,False,C071
6017749566,3226275220,7269.774530479183,primary,Kadugannawa-Pottepitiya Road,False,B173
6021413404,2906794382,3122.758290387736,primary,Ambalangoda-Elpitiya-Pitigala Road,False,B14
6021413404,1638891066,133.6537528922853,primary,Ambalangoda-Elpitiya-Pitigala Road,True,B14
6038408772,6038408773,61.10316369307116,primary,Bibile-Pitakumbura-Namal Oya-Inginiyagala Road,True,B527
6038408772,3801712230,955.1012431094761,primary,Bibile-Pitakumbura-Namal Oya-Inginiyagala Road,False,B527
6038408773,6038408772,66.81976795688405,primary,Bibile-Pitakumbura-Namal Oya-Inginiyagala Road,True,B527
6038408773,2055607563,42384.380256407276,primary,Bibile-Pitakumbura-Namal Oya-Inginiyagala Road,False,B527
6038850702,3204527532,12950.009401025944,secondary,,False,
6038850702,3204549182,10680.832379464753,secondary,,False,
6038850702,6082182374,6702.864713388749,secondary,,False,
6052926619,6052926629,19.529565751438355,secondary,,True,
6052926623,1886444856,30.694986197971215,secondary,Kebitigollewa-Padaviya Road,True,B211
6052926623,6052926619,7.783342586337226,secondary,,True,
6052926625,6052926623,4.128670751190211,secondary,,True,
6052926629,1886444803,30.73058254004188,secondary,Bandaranayake Mawatha,True,B343
6052926629,6052926625,8.902305436154876,secondary,,True,
6082182374,6038850702,6702.8647133887525,secondary,,False,
6119394070,7083601479,28.097768236918487,primary,Elahera-Pallegama-Hettipola Road,True,New B312
6119394070,1896204980,2527.43943093297,primary,Elahera-Pallegama-Hettipola Road,False,New B312
6130189220,8865864663,16.03128520309948,primary,Dharmashoka Mawatha,True,B550
6130189220,3805786089,4.153066213263588,primary,Dharmashoka Mawatha,False,B550
6150896088,10081650052,1059.5707493459822,secondary,,False,
6209749472,5353842347,8134.284815877261,trunk,Ambepussa-Kurunegala Road,False,A6
6209749472,1856812802,142.29291947181747,trunk,Ambepussa-Kurunegala Road,False,A6
6209749472,1239558969,504.21110607299806,primary,Giriulla - Alawwa Road,False,B009
6218784867,6218784868,10.055861058184014,trunk_link,,False,
6218784867,562824120,404.2796019320486,trunk,Kurunegala-Dambulla Road,True,A6
6218784868,6218784867,10.055861058184014,trunk_link,,False,
6218784868,1651774095,497.7041303290682,trunk,Kurunegala-Dambulla Road,True,A6
6218784870,4903819843,11.570685472839237,trunk_link,,False,
6218784870,4903819698,963.9393060323329,trunk,Kurunegala-Dambulla Road,True,A6
6225766462,324997495,151.92294320776907,trunk,Colombo-Kandy Road,True,A1
6227950792,6227950833,15.166548832089175,trunk,Polgahawela-Kegalle Road,False,A19
6227950792,6227950826,749.76483015369,trunk,Polgahawela-Kegalle Road,False,A19
6227950795,6227950833,19.8700405201423,primary,Polgahawela-Kegalle Old Road,True,
6227950795,6227950792,23.762949360588635,primary_link,,True,
6227950806,5353842347,79.62458737303533,trunk,Ambepussa-Kurunegala Road,True,A6
6227950822,6227950824,8.648314776667396,primary_link,,True,
6227950822,6227950826,29.28935851224908,trunk,Polgahawela-Kegalle Road,True,A19
6227950824,5342371002,3.2604665646303315,trunk,Polgahawela-Kegalle Road,True,A19
6227950824,5319765726,30.072752778164435,primary,Polgahawela-Kegalle Old Road,True,
6227950826,6227950792,749.7648301536901,trunk,Polgahawela-Kegalle Road,False,A19
6227950826,6227950824,28.947664859579916,trunk,Polgahawela-Kegalle Road,True,A19
6227950832,6227950833,9.125320269698907,trunk,Polgahawela-Kegalle Road,False,A19
6227950832,5319762817,57.525760715652574,trunk,Polgahawela-Kegalle Road,False,A19
6227950832,5319762820,25.739160444972413,primary,Polgahawela-Kegalle Old Road,True,
6227950833,6227950832,9.125320269698907,trunk,Polgahawela-Kegalle Road,False,A19
6227950833,6227950792,15.166548832089175,trunk,Polgahawela-Kegalle Road,False,A19
6228139617,6228139619,13.289685670873817,trunk,,True,
6228139617,4891890159,116.67753502209253,primary,Balangoda Bypass Road,True,AB7
6228139618,6228139617,3.1378206135512827,trunk,,True,
6228139619,6228139620,1.588896097702246,trunk,,True,
6228139620,1708349370,26.469243041581297,trunk,Ratunapura-Wellawaya Road,True,A4
6228139620,4891891342,11.744363062537714,trunk,,True,
6228139621,1708349377,22.211469981924033,trunk,Ratunapura-Wellawaya Road,True,A4
6228139621,6228139618,9.193259321466133,trunk,,True,
6230792100,258053453,14.19914404459636,trunk,Sri Jayewardenepura Mawatha,True,A0
6230885416,662848124,10.610838738417918,trunk,Sri Jayewardenepura Mawatha,True,A0
6230885416,10219043288,42.30383817660683,primary,Cotta Road,True,B62
6233418792,3150402309,45.325225692027274,primary,Gnanartha Pradeepaya Road,True,AC19
6233418792,2668636316,49.239190669239676,trunk_link,,True,
6233578621,6233578631,11.049846789136085,secondary,,True,
6233578621,6233616394,173.60535652442354,primary,"['P De S Kularatne Mawatha', 'P. de S. Kularatne Mawatha']",True,AC19
6233578631,3155589781,11.552905673219495,primary,P. de S. Kularatne Mawatha,True,AC19
6233616394,663253013,7.042095636902347,primary_link,,False,
6233616394,13685191382,190.5822694060183,primary,T. B. Jayah Mawatha,True,12
6233687374,4897028998,43.85215900911805,primary,Old Kandy Road,True,B331
6233687374,49371992,220.94766448635426,primary,Bandaranaike Mawatha,False,B331
6234042655,6234044303,41.33628126883967,secondary_link,,True,
6234042681,6234042654,46.07569985640653,secondary_link,,True,
6234042681,6234044303,65.32905687938404,secondary,Ven. Baddegama Wimalawansa Thero Mawatha (Dean's Road),True,
6234044303,6233578621,452.7734631032237,secondary,"[""Ven. Baddegama Wimalawansa Thero Mawatha (Dean's Road)"", ""Ven. Baddegama Wimalawansa Thero Mawatha (Symond's Road)""]",True,
6234164269,255361132,12.198508849353347,secondary,F. R. Senanayake Mawatha,True,
6234164269,3355393382,236.91204353937874,secondary,Dr. C. W. W. Kannangara Mawatha (Alexandra Place),True,
6234353185,3822223767,7.906407638430122,primary,Dr. Colvin R. de Silva Mawatha (Union Place),True,
6234353185,13676680288,871.2682303802862,secondary,T. B. Jayah Mawatha,True,
6234353188,6234353185,201.5447699108316,primary,Dr. Colvin R. de Silva Mawatha (Union Place),True,
6234353188,6258386249,857.3712533926858,primary,Dr. Colvin R. de Silva Mawatha (Union Place),False,
6234353218,6234353185,8.10013630710644,secondary,T.B. Jaya Mawatha,True,
6234353218,6234353188,200.8794973815555,primary,Dr. Colvin R. de Silva Mawatha (Union Place),True,
6234403697,13680101714,8.285299825727954,primary_link,,False,
6234403697,13680101719,114.26949525178472,primary,D. R. Wijewardene Mawatha,True,AC6
6234403700,13680101719,8.478861483747993,primary_link,,False,
6234403700,13680101714,114.40998164207451,primary,D. R. Wijewardene Mawatha,True,AC6
6237004856,6237005686,1.9511226458817439,secondary,,True,
6237004866,6237004882,22.748886023674938,secondary,,True,
6237004868,6237005692,63.259919949142876,secondary,,True,
6237004868,6237004866,13.428665904754633,secondary,,True,
6237004881,1990178209,26105.02396073702,secondary,Oyamaduwa Road,False,
6237004881,6237004856,58.0209857949132,secondary,,True,
6237004882,6237004881,56.899652595670034,secondary,,True,
6237004882,6237004856,11.245472222357034,secondary,,True,
6237005686,6237005691,33.751771736776575,secondary,Thanthirimale Road,True,NPVAC028
6237005686,6237005689,12.997986302303943,secondary,,True,
6237005689,6237004868,3.222746751483854,secondary,,True,
6237005691,6237005689,35.05381006893356,secondary,Thanthirimale Road,True,NPVAC028
6237005691,2085159352,31222.687383170287,secondary,"['Chalambaikulam - Thanthirimalai Road', 'Thanthirimale Road']",False,NPVAC028
6237005692,1410580258,7156.391370409562,secondary,,False,
6237005692,6237004866,59.254373369119,secondary,,True,
6247562214,6247562215,7.878605051949111,primary_link,,False,
6247562214,3377606381,475.9917872486389,primary,Mirijjawila-Sooriyawewa Road,True,B562
6247562215,6247562214,7.878605051949111,primary_link,,False,
6247562215,6247562238,549.5214885273303,primary,Mirijjawila-Sooriyawewa Road,True,B562
6247562238,6247562240,109.06230162229005,primary,Mirijjawila-Sooriyawewa Road,True,B562
6247562238,6247562239,7.692421313204433,primary_link,,False,
6247562239,6247562238,7.692421313204433,primary_link,,False,
6247562239,6247562214,547.8931592505825,primary,Mirijjawila-Sooriyawewa Road,True,B562
6247562240,6247562243,134.70179390598545,primary,Mirijjawila-Sooriyawewa Road,True,B562
6247562240,6247562241,8.644640896707227,primary_link,,False,
6247562241,6247562239,109.06598430516333,primary,Mirijjawila-Sooriyawewa Road,True,B562
6247562241,6247562240,8.644640896707227,primary_link,,False,
6247562243,6247562244,10.366770215811579,primary_link,,False,
6247562243,6247562246,289.7069850869334,primary,Mirijjawila-Sooriyawewa Road,True,B562
6247562244,6247562241,134.39783748213898,primary,Mirijjawila-Sooriyawewa Road,True,B562
6247562244,6247562243,10.366770215811579,primary_link,,False,
6247562246,6247562247,10.163092108918132,primary_link,,False,
6247562246,1638915009,351.5649296750074,primary,Mirijjawila-Sooriyawewa Road,True,B562
6247562247,6247562246,10.163092108918132,primary_link,,False,
6247562247,6247562244,290.02302676473954,primary,Mirijjawila-Sooriyawewa Road,True,B562
6247562250,6247562271,13.664080215571637,trunk,,True,
6247562251,6247562250,15.44112465527991,trunk,,True,
6247562251,12387642176,961.1185721331584,trunk,Old Hambantota Road,True,Old A2
6247562270,3594038164,1.347242943989556,trunk,,True,
6247562271,6247562270,16.106593938348432,trunk,,True,
6247562271,3671782472,76.35773861078522,trunk,Old Hambantota Road,True,Old A2
6247858271,3669636256,10.754817459643833,primary_link,,False,
6247858271,6247858275,958.5287131551393,primary,Mirijjawila-Sooriyawewa Road,True,B562
6247858275,610944481,182.6200645156385,primary,Mirijjawila-Sooriyawewa Road,True,B562
6247858275,3669636250,9.360998523892045,primary_link,,False,
6247858276,3669636249,125.03453213642013,primary,Mirijjawila-Sooriyawewa Road,True,B562
6247858276,6247858277,9.777940760208395,primary_link,,False,
6247858277,6247858276,9.777940760208395,primary_link,,False,
6247858277,6247858278,149.38076293247357,primary,Mirijjawila-Sooriyawewa Road,True,B562
6247858278,3669636248,9.930877353701037,primary_link,,False,
6247858278,6247858280,331.5653064172026,primary,Mirijjawila-Sooriyawewa Road,True,B562
6247858279,6247858280,10.360055245751296,primary_link,,False,
6247858279,3669636248,331.36897858107415,primary,Mirijjawila-Sooriyawewa Road,True,B562
6247858280,6247858279,10.360055245751296,primary_link,,False,
6247858280,2404060916,1789.350390956697,primary,Mirijjawila-Sooriyawewa Road,True,B562
6247997831,6247997832,9.015358761907823,primary_link,,False,
6247997831,6247997836,974.3404423265415,primary,Mirijjawila-Sooriyawewa Road,True,B562
6247997832,6247997831,9.015358761907823,primary_link,,False,
6247997832,6252393552,2140.5728010517723,primary,Mirijjawila-Sooriyawewa Road,True,B562
6247997833,6247997836,7.814012264140933,primary_link,,False,
6247997833,6247997832,972.6291961697057,primary,Mirijjawila-Sooriyawewa Road,True,B562
6247997836,6247997833,7.814012264140933,primary_link,,False,
6247997836,6247997837,407.19739595931253,primary,Mirijjawila-Sooriyawewa Road,True,B562
6247997837,3670240826,7.942249860951526,primary_link,,False,
6247997837,6247858271,1719.126660003975,primary,Mirijjawila-Sooriyawewa Road,True,B562
6248011187,6248011188,8.933377308257885,trunk_link,,False,
6248011187,6248011210,152.52041831894869,trunk,Hambantota-Wellawaya Road,True,A2
6248011188,6248011187,8.933377308257885,trunk_link,,False,
6248011188,5142136908,355.867196126748,trunk,Hambantota-Wellawaya Road,True,A2
6248011210,41607686,62.81142974184693,primary,Lewaya Road,True,B251
6248011210,5144316831,14.43736970621455,trunk,,True,
6248011213,3169248411,1289.0651262786491,trunk,New Tissa Road,True,New-A2
6248011213,1720902277,2129.113396786512,trunk,Tissa Road,False,Old A2
6249854572,6249854581,205.62938267370984,primary,Angunakolapelessa Road,True,B548/B622
6249854577,3634797493,559.4400939170853,primary,Angunakolapelessa-Middeniya Road,False,B622
6249854577,6249854579,38.55247223287137,primary_link,,False,
6249854577,13714592717,26.86443697832962,primary,Hungama-Angunukolapelessa Road,True,B622
6249854579,6249854577,38.55247223287137,primary_link,,False,
6249854579,1428665347,7891.052955092026,primary,Angunakolapelessa-Embilipitiya Road,False,B548
6249854579,6249854572,29.165938477261726,primary,Angunakolapelessa-Embilipitiya Road,True,B548
6249854581,1428650261,85.69974765942732,primary,Angunakolapelessa Road,True,B548/B622
6249854581,6249854582,7.3686728817257885,secondary_link,,False,
6249854582,6249854581,7.3686728817257885,secondary_link,,False,
6249854582,3699456789,206.61278981301857,primary,Angunakolapelessa Road,True,B548/B622
6249855389,1818583243,886.0970904500405,primary,Hungama-Angunukolapelessa Road,True,B622
6249855389,3699457167,11.02859961470999,primary,,True,
6250183891,1186240418,1032.2224851361275,primary,Hatton-Maskeliya-Sri Pada Road,False,B149
6250183891,5252242493,37.12686974181643,primary,Hatton - Maskeliya - Sri Pada Road,True,B149
6250326149,6250326164,4.78836448147036,primary,,True,
6250326150,6250326149,33.02729506809314,primary,,True,B403
6250326150,6250339117,7096.683123620064,primary,Talladi-Arippu-Marichchukkaddi Road,False,B403
6250326151,6250326150,33.570791943637126,primary,,True,B403
6250326151,6250326149,18.998170314106233,primary,,True,
6250326159,6250326151,53.446954781836794,primary,,True,
6250326162,1732626427,12711.935144732308,primary,Talladi-Arippu-Marichchukkaddi Road,False,B403
6250326162,6250326159,62.948370778665634,primary,,True,B403
6250326164,6250326162,58.317859956190276,primary,,True,B403
6250326164,6250326159,18.570168960864006,primary,,True,
6250328435,6250328436,17.59502746051481,trunk,Medawachchiya-Talaimannar Road,False,AA014
6250328435,1732626393,13167.331562240393,trunk,Medawachchiya-Talaimannar Road,False,AA014
6250328435,1732626427,40.13076472802475,primary,,True,B403
6250328436,6250328435,17.59502746051481,trunk,Medawachchiya-Talaimannar Road,False,AA014
6250328436,2079870056,1047.2918490365976,trunk,Medawachchiya-Talaimannar Road,False,AA014
6250339112,6250339117,29.784321434178345,primary_link,,False,
6250339117,6250326150,7096.683123620064,primary,Talladi-Arippu-Marichchukkaddi Road,False,B403
6250339117,3227989004,5637.632017154603,primary,,False,
6250339117,6250339112,29.784321434178345,primary_link,,False,
6250523898,6250523900,45.125916410637544,secondary,,True,
6250523898,6250523899,19.641880060159668,primary,,True,
6250523899,1135382428,9.629366320467827,primary,,True,
6250523900,6250523899,43.03481518055325,secondary,,True,
6250523900,610955140,8783.23879272103,secondary,,False,
6250523957,6250528418,9.254923652039292,primary_link,,False,
6250523957,6250523979,2853.2743374534025,primary,Sooriyawewa-Migahajandura Road,True,
6250523961,3381632166,10.066889324877197,primary_link,,False,
6250523961,6250523957,175.4895511116951,primary,Sooriyawewa-Migahajandura Road,True,
6250523979,6250523898,6.225673548672013,primary,,True,
6250523980,6251880048,3573.4663456221247,secondary,Sooriyawewa-Sewanagala Road,True,
6250523980,6251962535,13.97456409551344,primary,Sooriyawewa-Migahajandura Road,True,
6250524006,6250523979,16.099308354370436,primary,,True,
6250524006,6250528418,2871.324521214503,primary,Sooriyawewa-Migahajandura Road,True,
6250524007,6250524006,6.626717347754566,primary,,True,
6250528418,6250523957,9.254923652039292,primary_link,,False,
6250528418,3381632166,172.43283536590633,primary,Sooriyawewa-Migahajandura Road,True,
6251317837,310863031,3.0724377854558997,trunk,,True,
6251317837,912272593,10435.851159985314,secondary,"['Kahawatte Road', 'Kahawatta-Watapotha Road']",False,
6251317844,2152800248,9.446786577569775,trunk,,True,
6251317844,4851094548,6257.136251681941,secondary,Kahawatta-Opanayake Road,False,
6251874984,6251876685,9.00813256722318,secondary_link,,False,
6251874984,6251880050,542.3184896055773,secondary,Sooriyawewa-Sewanagala Road,True,
6251876685,6251874984,9.00813256722318,secondary_link,,False,
6251876685,1433059477,139.07491598990953,secondary,Sooriyawewa-Sewanagala Road,True,
6251876728,1135382406,22.83709289671215,primary,Sooriyawewa-Migahajandura Road,True,
6251876728,13716601413,1957.731177279822,primary,Sooriyawewa-Migahajandura Road,True,
6251876743,6251876751,11.931475415573303,secondary_link,,False,
6251876743,1433059499,522.3905717460915,secondary,Sooriyawewa-Sewanagala Road,True,
6251876751,6251876743,11.931475415573303,secondary_link,,False,
6251876751,1433059700,279.64495086780875,secondary,Sooriyawewa-Sewanagala Road,True,
6251880047,6251880048,10.51119253193456,secondary_link,,False,
6251880047,6251962535,3568.852424371657,secondary,Sooriyawewa-Sewanagala Road,True,
6251880048,6251880047,10.51119253193456,secondary_link,,False,
6251880048,6251880049,847.6061246832555,secondary,Sooriyawewa-Sewanagala Road,True,
6251880049,6251880050,10.518858162965552,secondary_link,,False,
6251880049,6251876685,542.4220257301199,secondary,Sooriyawewa-Sewanagala Road,True,
6251880050,6251880049,10.518858162965552,secondary_link,,False,
6251880050,6251880047,853.6229762926505,secondary,Sooriyawewa-Sewanagala Road,True,
6251962520,610944465,7.350888545613507,primary_link,Suriyawewa Road,False,B563
6251962520,6252038712,51.03933041018118,primary,Mirijjawila-Sooriyawewa Road,True,B562
6251962524,1723290053,12198.218676901999,primary,Embilipitiya Road,False,B587
6251962524,1135382406,1940.235995011369,primary,Sooriyawewa-Migahajandura Road,True,
6251962524,13716601407,9.039113481703108,primary,Embilipitiya Road,True,B587
6251962535,6251876728,13.918323432736239,primary,,True,
6251962535,6250523961,2078.0713538998393,primary,Sooriyawewa-Migahajandura Road,True,
6251993878,6252038712,7.51585722613832,primary_link,,False,
6251993878,610944465,49.24546301223368,primary,Mirijjawila-Sooriyawewa Road,True,B562
6252038693,6252038760,8.708323445054912,primary_link,,False,
6252038693,6252038706,2139.550407447079,primary,Mirijjawila-Sooriyawewa Road,True,B562
6252038705,6252038706,8.528104568387748,primary_link,,False,
6252038705,6252038760,2143.581420209541,primary,Mirijjawila-Sooriyawewa Road,True,B562
6252038706,6252038705,8.528104568387748,primary_link,,False,
6252038706,6252038708,133.5492789648689,primary,Mirijjawila-Sooriyawewa Road,True,B562
6252038707,6252038708,10.795200728841591,primary_link,,False,
6252038707,6252038705,130.56580977373065,primary,Mirijjawila-Sooriyawewa Road,True,B562
6252038708,6252038707,10.795200728841591,primary_link,,False,
6252038708,610944464,2154.1209241967304,primary,Mirijjawila-Sooriyawewa Road,True,B562
6252038712,6251993878,7.51585722613832,primary_link,,False,
6252038712,6252038714,163.13223855174425,primary,Mirijjawila-Sooriyawewa Road,True,B562
6252038714,610944464,8.496674222149105,primary_link,,False,
6252038714,6252038707,2146.2518791755397,primary,Mirijjawila-Sooriyawewa Road,True,B562
6252038760,6252038693,8.708323445054912,primary_link,,False,
6252038760,6252393581,972.8780885883444,primary,Mirijjawila-Sooriyawewa Road,True,B562
6252393551,6252393552,9.061520823076261,primary_link,,False,
6252393551,6247997831,2136.728020785026,primary,Mirijjawila-Sooriyawewa Road,True,B562
6252393552,6252393551,9.061520823076261,primary_link,,False,
6252393552,6252393563,2201.6687689619507,primary,Mirijjawila-Sooriyawewa Road,True,B562
6252393562,6252393563,9.200324466154456,primary_link,,False,
6252393562,6252393551,2208.8748332196733,primary,Mirijjawila-Sooriyawewa Road,True,B562
6252393563,6252393562,9.200324466154456,primary_link,,False,
6252393563,6252393569,372.7442298738206,primary,Mirijjawila-Sooriyawewa Road,True,B562
6252393568,6252393569,9.281131209219211,primary_link,,False,
6252393568,6252393562,372.5715374740667,primary,Mirijjawila-Sooriyawewa Road,True,B562
6252393569,6252393568,9.281131209219211,primary_link,,False,
6252393569,6252393580,1493.4001079415893,primary,Mirijjawila-Sooriyawewa Road,True,B562
6252393579,6252393580,8.522259960471994,primary_link,,False,
6252393579,6252393568,1492.3533005350023,primary,Mirijjawila-Sooriyawewa Road,True,B562
6252393580,6252393579,8.522259960471994,primary_link,,False,
6252393580,6252393582,345.4249856621675,primary,Mirijjawila-Sooriyawewa Road,True,B562
6252393581,6252393582,9.270260466445245,primary_link,,False,
6252393581,6252393579,345.43038055085304,primary,Mirijjawila-Sooriyawewa Road,True,B562
6252393582,6252393581,9.270260466445245,primary_link,,False,
6252393582,6252038693,975.397895584777,primary,Mirijjawila-Sooriyawewa Road,True,B562
6258386249,6258386253,29.047529438701293,primary,Dr. Colvin R. de Silva Mawatha (Union Place),False,
6258386249,6234353188,857.3712533926858,primary,Dr. Colvin R. de Silva Mawatha (Union Place),False,
6258386252,6258386253,28.806248208711825,trunk,Kumaran Ratnam Road,True,A4
6258386252,6258386249,53.03223166221228,trunk_link,,True,
6258386253,6258386249,29.047529438701293,primary,Dr. Colvin R. de Silva Mawatha (Union Place),False,
6258386253,6258386258,49.05727987115468,trunk,Sir James Peiris Mawatha,True,A4
6258386253,6258386254,45.0948352629904,primary,Justice Akbar Mawatha,True,
6258386254,13445045763,138.45414091680863,primary,Justice Akbar Mawatha,True,
6258386258,259648460,901.3383872089436,trunk,Sir James Peiris Mawatha,False,A4
6258386258,6258386254,87.36814859002229,trunk_link,,True,
6260211179,6260211180,3.038178681325658,trunk,,True,
6260211180,1676479569,21.83028007912666,trunk,,True,
6260211180,9565070865,483.7726149451891,primary,Havelock Road,True,B84
6260384150,208541289,36.831893625450476,primary,Colombo-Piliyandala-Horana Road,True,B84
6260384155,1737485408,29.46880530084832,primary,Pepiliyana Road,False,B389
6260384155,6260384156,3.74980084040471,primary,Pepiliyana Road,False,B389
6260384155,6260384150,41.42746743124191,primary_link,,True,
6260384156,6260384155,3.74980084040471,primary,Pepiliyana Road,False,B389
6260384156,1737436593,663.5527775514876,primary,Pepiliyana Road,False,B389
6260384161,1737485408,37.51489672060033,primary,Colombo-Piliyandala-Horana Road,True,B84
6260384161,6260384156,53.661172041460254,primary_link,,True,
6260384168,6260384173,3.011404974466713,primary,Pepiliyana Road,False,B389
6260384168,256664026,27.32539578621904,primary,Pepiliyana Road,False,B389
6260384168,9075842358,35.56033498625996,primary_link,,True,
6260384173,6260384168,3.011404974466713,primary,Pepiliyana Road,False,B389
6260384173,9959089701,1211.4565203104498,primary,Pepiliyana Road,False,B389
6260398862,4446651431,10.766338874984049,primary_link,,True,
6260398862,12322046179,1097.5823170274518,primary,Katunayake-Veyangoda Road,False,B208
6260398863,6260398862,15.8323843928023,primary,Canada Friendship Road,True,AB9
6262067727,618073247,50.84909866797977,primary,S. W. R. D. Bandaranaike Mawatha,False,B27-1
6262067727,3216804790,160.93834255628894,primary,S. W. R. D. Bandaranaike Mawatha,False,B27-1
6262067727,2315631896,39.8512008743365,secondary,Keppetipola Road,True,
6264594174,9322671926,36.20897514961102,secondary,New Town Road,False,
6264594174,9322671934,31.730678323348066,secondary,New Town Road,True,
6266383660,3237363045,15.8142372317762,trunk,Kandy-Jaffna Road,True,AA009
6266383664,3237363047,10.269435130379746,trunk,Kandy - Jaffna Road,True,AA009
6266383668,4137095171,18.698379436126572,trunk,Vavuniya-Horowpotana Road,True,AA029
6266383668,6266383664,19.192655164065574,trunk_link,,True,
6266463975,3448778695,27.825619437666735,trunk,Galle Road,True,A2
6266871671,3081634087,10.106727680841514,primary_link,,True,
6266871671,309913698,182.27814102787488,trunk,Matara Road,True,A2
6272039662,1963939807,51.64670243828947,trunk,R. A. de Mel Mawatha,True,
6272039662,1963939812,40.78649014600028,trunk,Liberty Roundabout,True,
6272042585,9464208008,39.522021670750675,primary,Sri Uttarananda Mawatha,False,
6272042585,653109529,38.13818522814336,primary,Sri Uttarananda Mawatha,True,
6272263362,6272263363,10.36408444655755,trunk_link,,False,
6272263362,8726439509,327.94815137554843,trunk,New Hambantota Road,True,New-A2
6272263363,6272263362,10.36408444655755,trunk_link,,False,
6272263363,6272264050,316.7828430756617,trunk,New Hambantota Road,True,New-A2
6272263368,6272263369,10.379039974194205,trunk_link,,False,
6272263368,6272264049,141.7946074443446,trunk,New Hambantota Road,True,New-A2
6272263369,6272263368,10.379039974194205,trunk_link,,False,
6272263369,6272263374,238.73113850465307,trunk,New Hambantota Road,True,New-A2
6272263373,6272263374,9.937728127139,trunk_link,,False,
6272263373,6272263368,233.20230383468592,trunk,New Hambantota Road,True,New-A2
6272263374,6272263373,9.937728127139,trunk_link,,False,
6272263374,3377585366,181.9358206856317,trunk,New Hambantota Road,True,New-A2
6272264002,6272264003,9.215153564056369,trunk_link,,False,
6272264002,3377596120,964.8303768513409,trunk,New Hambantota Road,True,New-A2
6272264003,6272264002,9.215153564056369,trunk_link,,False,
6272264003,3377585348,971.6910184759166,trunk,New Hambantota Road,True,New-A2
6272264027,6272264028,9.236530599009413,trunk_link,,False,
6272264027,3377585365,109.37523710875541,trunk,New Hambantota Road,True,New-A2
6272264028,6272264030,57.574003462567966,trunk,New Hambantota Road,True,New-A2
6272264028,6272264027,9.236530599009413,trunk_link,,False,
6272264029,6272264027,56.95937116336054,trunk,New Hambantota Road,True,New-A2
6272264029,6272264030,10.447513730864756,trunk_link,,False,
6272264030,1814571621,63.05769026761004,trunk,New Hambantota Road,True,New-A2
6272264030,6272264029,10.447513730864756,trunk_link,,False,
6272264031,6272264029,63.38670729164808,trunk,New Hambantota Road,True,New-A2
6272264031,1814571621,10.828686662352597,trunk_link,,False,
6272264049,6272264050,9.43452505740004,trunk_link,,False,
6272264049,6272263362,320.5931857989017,trunk,New Hambantota Road,True,New-A2
6272264050,6272264049,9.43452505740004,trunk_link,,False,
6272264050,6272263369,139.01009197295568,trunk,New Hambantota Road,True,New-A2
6272317584,13695595627,6.847852083882882,trunk_link,,False,
6272317584,13695573498,30.462648277133436,trunk,Matara Road,True,A2
6272317584,13695595606,75.01058473197901,trunk,Matara Road,True,A2
6275242615,4087054248,17.638017066577003,trunk,Negombo Road,True,A3
6275242615,4087054250,10.749122345084398,primary_link,,True,
6276892160,4231323484,22.940345574482876,primary,Old Puttalam Road,True,AB28
6276892160,2155580131,27.368914231240726,trunk,Negombo Road,True,A3
6277459304,3742192428,9.599870552832492,secondary,,False,
6277459304,2034206245,39.84430493150597,secondary,Isipathana Mawatha,False,
6277459304,2034206073,41.72800644102825,trunk,Sri Sambuddhatwa Jayanthi Mawatha (Havelock Road),True,A4
6277491043,7037743640,9.439910319269314,primary,Pamankada Road,False,AC21
6277491043,206594633,77.84737158033539,trunk,H. Sri Nassanka Mawatha (Maya Avenue),True,A4
6277534245,4197383649,4.063839782053517,trunk,Ananda Coomaraswamy Mawatha,True,A0
6277534245,6277539949,45.97145318425741,primary,Sir Marcus Fernando Mawatha,True,
6277539949,1280044912,156.3641183739964,primary,Sir Marcus Fernando Mawatha,True,
6277581690,10268955041,66.83676263355744,secondary,St. Sebastian Hill,True,
6277581690,13676744642,96.08062232650866,secondary,St. Sebastian Hill,False,
6277581729,13676891377,270.23907536591514,secondary,Mihindu Mawatha,True,
6277581734,6277581729,56.333839808615565,secondary_link,,True,
6281776284,6281782186,16.18972539364359,trunk,Mankulam - Mullaitivu,False,AA034
6281776284,5217538839,3925.257467124613,trunk,"['Mankulam - Mullaitivu', 'Mankulam-Mullaitivu Road']",False,AA034
6281782185,6281776284,33.278859271590385,secondary,,True,
6281782185,1453000766,16821.427163718377,secondary,Puthukkudiyirippu-Mulliyawalai Road,False,
6281782186,6281776284,16.18972539364359,trunk,Mankulam - Mullaitivu,False,AA034
6281782186,6281782185,27.671777228618005,secondary,,True,
6281782186,1457319623,2104.9969827534856,trunk,Mankulam - Mullaitivu,False,AA034
6286527899,854186987,54.23573463681978,primary,Jaffna-Point Pedro Road,False,AB020
6286527899,847483734,3184.1838277247657,primary,Jaffna-Point Pedro Road,False,AB020
6286527899,6286527902,24.92203937942903,primary_link,,False,
6286527902,854186987,59.40351746511597,primary,,False,
6286527902,848554190,215.2002929020095,primary,,False,
6286527902,6286527899,24.92203937942903,primary_link,,False,
6286620938,6286620951,59.62771004936006,trunk,Mankulam - Mullaitivu,True,AA034
6286620941,6286620938,26.577594598156068,trunk_link,,True,
6286620946,6286620942,34.95728784430951,trunk_link,,True,
6286620946,6286620938,48.035395297010425,trunk,Mankulam - Mullaitivu,True,AA034
6286620951,3679319579,127.48222067709109,trunk,Mankulam - Mullaitivu,True,AA034
6286620951,634172980,23382.420017136905,trunk,Mankulam - Mullaitivu,False,AA034
6286687483,1240467172,25.2629867959275,secondary,,True,
6286687483,2916727863,7.748431849487523,primary,,True,
6286688687,1240466589,11.350087108309612,primary,,True,
6286688687,1240466813,39.3061179566171,primary,Station Road,True,B27-10
6289622879,2731988118,10.713009908476776,trunk,Kandy-Jaffna Road,True,A9
6289622879,2731988159,28.75427111222117,trunk,Kurunegala-Dambulla Road,True,A6
6291947089,13567087034,7.438912392614318,primary_link,,True,
6291947089,13567087001,85.15998716370486,trunk,Jayanthi Mawatha,True,A12
6291947090,2835617038,411.56080234221065,primary,D. S. Senanayake Mawatha,False,AB2-2
6291947090,13567087028,26.827477018788766,primary,D. S. Senanayake Mawatha,True,AB2-2
6292190457,3945809610,4.082681885363682,trunk,Kottawa Roundabout,False,
6292190457,6484105682,4.162827608412026,trunk,Kottawa Roundabout,False,
6292190465,6292190479,8.666480479256645,primary,Kottawa - Horana Road,True,B239
6292190472,3109024823,20.231323074793654,trunk,High Level Road,True,A4
6292190472,6292190465,33.10304282549186,primary,,True,B239
6292190479,252537410,896.4153810013164,primary,Kottawa - Horana Road,False,B239
6292190479,5969036508,52.92842419194881,primary,Kottawa - Horana Road,True,B239
6292190482,3945844315,9.56375857585889,secondary,Old Kottawa Road,False,
6292190482,6484105682,23.000952118207778,secondary,,False,
6292190587,3109024823,45.8507882462119,primary_link,Kottawa - Horana Road,True,B239
6292190587,5969063938,620.1548647701328,trunk,High Level Road,True,A4
6294143289,2418603889,23.973840331551706,trunk,Wellawaya-Pottuvil Road,True,A4
6294143289,11169238186,11.988954339383532,trunk,,True,
6294406153,6294406154,24.429722459090158,primary,Nagoda-Kalawellawa-Bellapitiya Road,False,B304
6294406153,6294540737,5844.112360461231,primary,Nagoda-Kalawellawa-Bellapitiya Road,False,B304
6294406154,560221118,29.413200007813213,primary,Ratnapura Road,True,B421
6294406154,1213041863,14589.691892009248,primary,Nagoda-Kalawellawa-Bellapitiya Road,False,B304
6294406154,6294406153,24.429722459090158,primary,Nagoda-Kalawellawa-Bellapitiya Road,False,B304
6294506984,5302260392,44.88783204249893,secondary,Kekirawa-Ganewalpola Road,True,B212
6294506984,567011837,6923.599735139639,secondary,Kekirawa-Ganewalpola Road,False,B212
6294540724,7182955404,2.4724009861050487,primary,,True,
6294540735,7182955406,2.5507381238636375,primary,,True,
6294540737,6294406153,5844.112360461228,primary,Nagoda-Kalawellawa-Bellapitiya Road,False,B304
6294540737,7182955395,27.497532148747904,primary,Nagoda-Kalawellawa-Bellapitiya Road,True,B304
6294540738,6294540735,38.35839272499397,primary,Nagoda-Kalawellawa-Bellapitiya Road,True,B304
6294540738,1969450599,5274.356383349516,primary,Nagoda-Kalawellawa-Bellapitiya Road,False,B304
6294540739,7182955398,40.12620182460918,primary,Horana Road,True,B157
6294540739,445270465,9149.109495852743,primary,Horana Road,False,B157
6294563988,5255462083,40.99764823058554,primary,Jaffna - Kankesanthurai Road,True,AB016
6294563988,5502287924,17.331264239904307,trunk,,True,
6294563995,5445976497,57.44902312592599,trunk,Jaffna - Kankesanthurai Road,True,AA009
6294563995,7098642099,17.529688560740567,trunk,,True,
6322017693,60797926,2409.509566796853,primary,"['Racecourse Road', 'Kendala Road']",False,B61
6324979463,13615512124,127.57840426376053,trunk,"['Sirimavo Bandaranaike Mawatha (Peradeniya Road)', 'Sri Dalada Veediya']",False,A1
6324979463,4004620083,27.317520661751455,trunk,Sri Dalada Veediya,True,A1
6388461497,60797439,8.30307919706129,primary,Kawdana Road,False,B547
6388461497,661806557,217.09660618636943,trunk,Galle Road,True,A2
6401356372,5363173432,811.7624533072336,secondary,,False,
6407621053,1863416596,616.0406024182959,trunk,Pradeepa Mawatha,True,A1
6407621053,3307476616,28.48343615564729,primary,Panchikawatte Road,True,AC22
6475692032,44534497,35.62220707583714,trunk,Main Street,True,A2
6475692032,138713209,23.8009683907205,trunk,,True,
6484105682,6292190457,4.162827608412026,trunk,Kottawa Roundabout,False,
6484105682,6292190482,23.000952118207778,secondary,,False,
6484105682,5969054769,21.769073124978256,trunk,Kottawa Roundabout,False,
6484110688,7030628001,1799.297691465249,trunk,High Level Road,True,A4
6484110688,13682136254,70.06938226505002,trunk,High Level Road,True,A4
6488496079,6488496081,18.865658542208546,primary,Old Kalmunai Road,False,B337
6488496079,13740014576,19.331949994813446,primary,Old Kalmunai Road,False,B337
6488496079,3619937663,7206.944773497352,primary,Old Kalmunai Road,False,B337
6488496081,2662800973,2.7498968002732003,trunk,,True,
6488496081,6488496079,18.865658542208546,primary,Old Kalmunai Road,False,B337
6489314103,4599114503,33.59648927947597,primary,Anagarika Dharmapala Mawatha (Bank Rd),False,B30-9
6489314103,2032266737,200.98461048373832,primary,Anagarika Dharmapala Mawatha (Bank Rd),False,B30-9
6492863072,3081634085,1291.6599286617045,primary,Galle Port Access Road,True,B594
6492863077,6492867598,32.31231476398257,trunk,Akuressa Road,True,A17
6492863077,6492863072,46.63359938061205,primary_link,,True,
6492863084,6492867599,19.18306060109863,primary,Galle Port Access Road,True,B594
6492863084,13698912417,36.404340414965446,primary_link,,True,
6492867585,6492867596,47.658347560380896,trunk,Akuressa Road,True,A17
6492867591,1660133452,76.13854672446001,primary,Galle Port Access Road,True,B594
6492867596,59947552,1304.4375188705828,trunk,Akuressa Road,False,A17
6492867596,13698912444,48.28238897786182,trunk,Akuressa Road,True,A17
6492867598,13698912446,12.997871232992166,trunk,Akuressa Road,True,A17
6492867598,6492863072,21.17452773990011,primary,Galle Port Access Road,True,B594
6492867599,13698912417,30.866278548399112,trunk,Akuressa Road,True,A17
6492867599,6492867598,10.607268640248499,primary,Galle Port Access Road,True,B594
6495299632,6495299644,6.468973148153903,secondary,Slaughter House Lake Road,True,
6495299632,6495299701,1384.2436418197979,trunk,Trincomalee Road,True,A15
6495299633,1899261904,7.426258865224323,secondary,Slaughter House Lake Road,True,
6495299637,6495299644,9.833499936559724,trunk,Trincomalee Road,True,A15
6495299637,6495299633,13.970163974338133,trunk_link,,True,
6495299640,1681115626,26.382271496327217,trunk,Trincomalee Road,True,A15
6495299644,6495299640,12.754649924601807,trunk,Trincomalee Road,True,A15
6495299644,6495299633,14.952494731521536,secondary,Slaughter House Lake Road,True,
6495299700,1676682519,218.27456116211283,secondary,Boundary Road,False,
6495299700,6495299637,1377.3053420598799,trunk,Trincomalee Road,True,A15
6495299701,6495343855,94.5555565736473,trunk,Trincomalee Road,True,A15
6495299701,1681156027,644.2863584557202,secondary,Boundary Road,False,
6495299702,6495343855,9.905081467498803,primary_link,,False,
6495299702,6495299700,93.83131868909946,trunk,Trincomalee Road,True,A15
6495343850,2382030398,5.937878440864125,trunk,,True,
6495343851,6495299702,320.82314927770153,trunk,Trincomalee Road,True,A15
6495343851,6495343850,12.84631846863496,trunk,,True,
6495343855,6495299702,9.905081467498803,primary_link,,False,
6495343855,2626866844,730.4751365793459,primary,Station Road,False,B27-27
6495343855,6495343850,325.07440601007085,trunk,Trincomalee Road,True,A15
6495360799,6495398273,12.661791770470687,trunk,,True,
6495360802,2626866848,243.75481298515408,primary,Station Road,False,B27-27
6495360802,6495360799,30.090714936992015,primary,Station Road,True,B27-27
6495360806,2078949382,11.367593770818898,trunk,,True,
6495360806,2078972802,227.68798286916808,trunk,Baily Road,True,A4
6495360824,6495360806,4.345843830434925,trunk,,True,
6495360827,2078968896,242.95505864617795,primary,Bar Road,False,B46
6495360827,6495360824,23.966070080572827,primary,Bar Road,True,B46
6495360843,2082215258,41.412132369739034,trunk,Bar Road,True,A4
6495360843,2078949358,12.219691614220295,trunk,,True,
6495398199,2078972805,7.14262288560024,trunk,,True,
6495398254,6685420675,5.571371923267028,trunk_link,,False,
6495398254,6495398255,142.37724949904768,trunk,Kalmunai Road,True,A4
6495398255,13740014577,404.35316488239584,trunk,"['Batticaloa Road', 'Kalmunai Road']",True,A4
6495398255,6488496070,23.266759734918672,trunk_link,,True,
6495398267,6495398254,640.9913552130678,trunk,"['Kalmunai Road', 'New Kallady Bridge']",True,A4
6495398268,6495398267,3.8299499764738543,primary_link,,True,
6495398268,1899261813,18.18215567860863,primary,Lady Manning’s Drive,False,B542
6495398268,6495398199,297.91431773726595,trunk,Kalmunai Road,True,A4
6495398269,6495398268,12.106588582129605,trunk,Kalmunai Road,True,A4
6495398269,1899261813,22.629808052885256,primary,Lady Manning’s Drive,False,B542
6495398273,6495398267,299.78798507316947,trunk,Kalmunai Road,True,A4
6495398273,6495398199,12.901347545136804,trunk,,True,
6495594238,2822281625,15.644907923199199,trunk,,True,
6495594238,2822277593,40.09047444112483,trunk,Habarana-Polonnaruwa-Batticaloa Road,True,A11
6495594239,6495594238,10.597795773438223,trunk,,True,
6495594259,6495594260,6.49355201310633,trunk_link,,False,
6495594259,7262773170,1392.9960111172763,trunk,New Kalmunai Road,True,A4
6495594260,6495594259,6.49355201310633,trunk_link,,False,
6495594260,6495621993,1923.912762885005,trunk,New Kalmunai Road,True,A4
6495621993,4881181012,9.302494823463833,trunk,,False,
6495621993,6495621995,696.4625645494191,trunk,New Kalmunai Road,True,A4
6495621994,6495621995,7.533413943879341,trunk_link,,False,
6495621994,4881181012,696.6365143381684,trunk,New Kalmunai Road,True,A4
6495621995,6495621994,7.533413943879341,trunk_link,,False,
6495621995,4712510859,1042.7166043185644,trunk,New Kalmunai Road,True,A4
6495926129,1474795689,51.71598257802274,primary,Thoppuwa-Nattandiya-Madampe Road,True,B419
6495926129,3432403052,10.746552937223253,primary,,True,
6496069135,6496069138,20.662630665043974,secondary,Karapitiya - Labuduwa Road,True,
6496069135,1619271361,10.513630845321211,secondary,,True,
6496069138,130346191,970.9703985001003,secondary,Karapitiya - Labuduwa Road,False,
6496069138,1619271361,20.53550766557425,secondary,Karapitiya - Labuduwa Road,True,
6498294700,619244343,247.31922166997595,primary,Main Street,True,AC17
6498294707,3922266713,23.066318165455375,primary,Sir Baron Jayatilake Mawatha,True,
6498294707,6498294700,11.69271504161255,primary_link,,True,
6498294707,248608286,30.969361284221225,primary,Lotus Road,False,AC15
6507179285,5225962162,34.816933978762464,secondary,Muttettugala-Hiripitiya Road,True,B300
6507179285,5225962171,12.800551740196951,secondary,,True,
6509057831,5233976061,17.705988592279148,primary_link,,True,
6509057831,5233980319,18.91094482409145,primary,Kalawana-Depdene-Rakwana Road,True,B181
6509196188,8865864660,6.512789619631771,trunk,Katugastota Road,True,A9
6509196188,8865864662,17.435403285963865,primary_link,,True,
6509196189,6509196200,107.75627360775803,trunk,Katugastota Road,True,A9
6509196200,4019244724,189.27932668402025,trunk,Katugastota Road,True,A9
6509196200,8606053715,107.49363358585195,primary_link,,False,
6509196204,257927955,66.9243390737768,primary,Gedige Vihara Mawatha,True,B70
6509327434,3927772236,2.2766932535253535,trunk,,True,
6509381791,2703675512,0.864821125529614,primary,Divulapitiya Roundabout,True,
6509381792,6509381791,9.144480392290758,primary,Divulapitiya Roundabout,True,
6509381792,6509381798,36.01978121153452,primary,Ekala-Kotadeniyawa Road,True,B111
6509381793,6509381792,2.1065533080144774,primary,Divulapitiya Roundabout,True,
6509381794,3197040791,1.0820705268585218,primary,Divulapitiya Roundabout,True,
6509381794,6509381795,24.26458563054108,primary,Ekala-Kotadeniyawa Road,False,B111
6509381795,3197040794,27.36233060396227,primary,Ekala-Kotadeniyawa Road,False,B111
6509381795,667547394,5104.293134176758,primary,Ekala-Kotadeniyawa Road,False,B111
6509381795,6509381794,24.26458563054108,primary,Ekala-Kotadeniyawa Road,False,B111
6509381797,2703675514,30.170150856598944,primary,Negombo-Mirigama Road,True,B324
6509381797,638945897,576.1044100478824,primary,Negombo-Mirigama Road,False,B324
6509381798,6509381791,33.71931450594296,primary,Ekala-Kotadeniyawa Road,True,B111
6509381798,617810744,7745.934842184822,primary,Ekala-Kotadeniyawa Road,False,B111
6509597375,6509597376,20.76044460775822,trunk,Katugastota-Kurunegala-Puttalam Road,False,A10
6509597375,4140985755,6789.090941593921,trunk,Katugastota-Kurunegala-Puttalam Road,False,A10
6509597376,4913540652,36.391202613661136,secondary,Palavi-Kalladi Road,True,B348
6509597376,4807150338,17860.27683309689,trunk,Katugastota-Kurunegala-Puttalam Road,False,A10
6509597376,6509597375,20.76044460775822,trunk,Katugastota-Kurunegala-Puttalam Road,False,A10
6509645609,1731568862,35.689752669968115,secondary,Bangadeniya - Andigama - Anamaduwa Road,False,B045
6509645609,6509645610,25.114540982358527,secondary,Bangadeniya - Andigama - Anamaduwa Road,False,B045
6509645610,6509645609,25.114540982358527,secondary,Bangadeniya - Andigama - Anamaduwa Road,False,B045
6509645610,3649870415,24640.23005886231,secondary,Bangadeniya - Andigama - Anamaduwa Road,False,B045
6509645610,6509645611,61.31199620547707,secondary,Kiriyankalli-Andigama Road,True,B227
6509645611,1731568828,13770.505069809878,secondary,Kiriyankalli-Andigama Road,False,B227
6509645611,6509645609,62.83554060586508,secondary,Kiriyankalli-Andigama Road,True,B227
6509727157,6509727158,26.54196522826343,trunk,Katugastota-Kurunegala-Puttalam Road,False,A10
6509727157,13700965134,5106.431259973713,trunk,Katugastota-Kurunegala-Puttalam Road,False,A10
6509727158,6509727157,26.54196522826343,trunk,Katugastota-Kurunegala-Puttalam Road,False,A10
6509727158,6509727159,48.56705866210505,secondary,Kadawalagedara - Vitikuliya Road,True,B167
6509727158,6511383113,10842.016287242332,trunk,Katugastota-Kurunegala-Puttalam Road,False,A10
6509727159,6511426680,13899.698374597216,secondary,Kadawalagedara - Vitikuliya Road,False,B167
6509727159,6509727157,60.21077480761498,secondary,Kadawalagedara - Vitikuliya Road,True,B167
6511383094,6511383114,38.76553147149605,trunk,Katugastota-Kurunegala-Puttalam Road,True,A10
6511383094,6511383112,14.998801337728747,trunk,Padeniya Roundabout,True,
6511383095,6511383115,2.6508898894403528,trunk,Padeniya Roundabout,True,
6511383096,6511383113,43.46338297389406,trunk,Katugastota-Kurunegala-Puttalam Road,True,A10
6511383096,6511383095,11.543908293197408,trunk,Padeniya Roundabout,True,
6511383104,6511383094,7.287649476018357,trunk,Padeniya Roundabout,True,
6511383112,6511383096,11.613966861724325,trunk,Padeniya Roundabout,True,
6511383113,6509727158,10842.016287242326,trunk,Katugastota-Kurunegala-Puttalam Road,False,A10
6511383113,6511383095,39.61809933402946,trunk,Katugastota-Kurunegala-Puttalam Road,True,A10
6511383114,6511383112,39.079886379520126,trunk,Katugastota-Kurunegala-Puttalam Road,True,A10
6511383114,2186928769,4799.252535092285,trunk,"['Kurunegala - Puttalam Road', 'Katugastota-Kurunegala-Puttalam Road']",False,A10
6511383115,1239568660,35.86055890777687,trunk,Anuradhapura - Padeniya Road,True,AA028
6511383115,6511383104,14.670793256763368,trunk,Padeniya Roundabout,True,
6511426673,6511426678,22.19078187710324,primary,Chilaw-Wariyapola Road,False,B079
6511426673,4268469890,9229.466252077502,primary,"['Chilaw-Wariyapola Road', 'Chilaw - Wariyapola Road']",False,B079
6511426677,6511426673,41.8263968804059,primary_link,,True,
6511426677,6511426678,34.436453707066256,secondary,Kadawalagedara - Vitikuliya Road,True,B167
6511426678,6511426679,13.208121157938598,primary,Chilaw-Wariyapola Road,False,B079
6511426678,6511426673,22.19078187710324,primary,Chilaw-Wariyapola Road,False,B079
6511426679,6511426678,13.208121157938598,primary,Chilaw-Wariyapola Road,False,B079
6511426679,3064719459,2757.765881392428,primary,Chilaw-Wariyapola Road,False,B079
6511426679,6511426680,53.788743531645125,secondary,Kadawalagedara - Vitikuliya Road,True,B167
6511426680,6509727159,13899.69837459722,secondary,Kadawalagedara - Vitikuliya Road,False,B167
6511426680,6511426677,18.9192124932303,secondary,Kadawalagedara - Vitikuliya Road,True,B167
6513598493,6513598563,14.122536676669212,primary,,True,
6513598494,6513598564,2.8741513128823435,primary,,True,
6513598495,6513598493,11.412719746496627,primary,,True,
6513598495,6513598497,1265.5979122019444,primary,Defence Headquarters Access Road,True,B642
6513598497,5276999751,10.054524264779966,primary,Denzil Kobbekaduwa Mawatha,False,AB15
6513598497,3502161783,599.0976989588094,primary,Denzil Kobbekaduwa Mawatha,False,AB15
6513598563,6513598494,9.299089973982175,primary,,True,
6513598563,4755847830,274.6763048614038,primary,D.P. Wijesinghe Mawatha,True,B645
6513598564,5276999774,36.06334896772834,primary,D.P. Wijesinghe Mawatha,True,B645
6513598564,6513598565,15.162753721608087,primary,,True,
6513598565,6513598495,3.79407713720022,primary,,True,
6513995666,635165818,23.5131381175826,primary,Parliament Drive,True,B531
6513995667,6513995678,15.028930803422318,primary,Parliament Road,True,B533
6513995667,6513995666,30.73591280686363,primary,,True,B531
6513995671,6513995672,6.338072500722504,primary,Parliament Road,True,B533
6513995671,10259347398,2034.8226764948324,secondary,Japan Sri Lanka Friendship Road,True,
6513995672,7059333096,17.95695558196297,primary,Parliament Road,True,B533
6513995672,6514054687,10.064802205380147,secondary,Japan Sri Lanka Friendship Road,True,
6513995673,6513995672,28.543500083688333,secondary,Japan Sri Lanka Friendship Road,True,
6513995673,7059333096,32.649624164281555,secondary_link,,True,
6513995676,6513995677,7.569738695545182,primary,Parliament Road,True,AB15
6513995676,6514054693,32.51282885615067,primary,Denzil Kobbekaduwa Mawatha,True,AB15
6513995677,6513995678,11.492456993627663,primary,Parliament Road,True,AB15
6513995677,6926357552,18.954344848617325,primary,Parliament Road,True,B533
6513995678,6513995679,7.860657263192194,primary,Parliament Road,True,AB15
6513995678,6513995666,21.95870483738087,primary,Parliament Drive,True,B531
6513995679,6513995676,11.054933437205907,primary,Parliament Road,True,AB15
6513995679,6514054696,35.53545248790449,primary,Parliament Road,True,AB15
6514054687,6514054691,5.751780906742994,primary,Parliament Road,True,B533
6514054691,6513995671,10.359980921401675,secondary,Japan Sri Lanka Friendship Road,True,
6514054691,1661735220,48.341970250256026,primary,Parliament Road,True,B533
6514054693,6514054697,34.16841100434513,primary,Denzil Kobbekaduwa Mawatha,True,AB15
6514054694,6513995677,26.553954259501648,primary,Denzil Kobbekaduwa Mawatha,True,AB15
6514054694,6926357552,32.494575587330445,primary_link,,True,
6514054695,6513995676,25.433390165161228,primary,Parliament Road,True,AB15
6514054695,6514054693,45.28758379320416,primary_link,,True,
6514054696,6514054695,12.091356481835975,primary,Parliament Road,True,AB15
6514054696,250730985,670.291383933738,primary,Parliament Road,False,AB15
6514054697,6514054694,39.735200172864296,primary,Denzil Kobbekaduwa Mawatha,True,AB15
6514054697,3155552910,292.5740771197345,primary,Denzil Kobbekaduwa Mawatha,False,AB15
6514093426,618771188,14.065635533627546,primary,Kotte Road,False,B120
6514093426,618771179,27.066384778182925,primary,Kotte Road,False,B120
6514093427,255179593,2323.6721150489184,primary,Talawatugoda Road,False,B368
6514093427,6514093426,65.2087996708965,primary,Talawatugoda Road,True,B368
6518084183,2974015147,8.398216376577336,primary_link,Parliament Road,True,B533
6518084183,5157977021,672.3809346506815,primary,Pelawatte Road,True,B47
6518088285,2974015176,44.009372262172164,primary,D.P. Wijesinghe Mawatha,True,B645
6518088305,250734529,8.061119070428413,primary,Talawatugoda Road,False,
6518088305,3848606598,60.04399572108082,primary,Talawatugoda Road,False,B368
6518088305,11141684438,46.05801166412505,primary,Pannipitiya Road,True,B47
6519129898,6519129899,15.624080814851132,primary,Dehiwela Road (Dehiwela-Maharagama Road),False,B94
6519129898,1737485326,2723.53190119886,primary,Dehiwela Road (Dehiwela-Maharagama Road),False,B94
6519129899,6519129898,15.624080814851132,primary,Dehiwela Road (Dehiwela-Maharagama Road),False,B94
6519129899,6519129900,37.50954063692557,primary,Piliyandala-Maharagama Road,True,B367
6519129899,2068144145,264.70082970564187,primary,Dehiwela Road (Dehiwela-Maharagama Road),False,B94
6519129900,291672423,5095.445455668284,"['primary', 'secondary']",Piliyandala-Maharagama Road,False,B367
6519129900,6519129898,29.80119506888307,primary,Piliyandala-Maharagama Road,True,B367
6519695604,10259347343,14.643463727035034,primary,New Hospital Road,True,AB5
6524306631,403875011,74.60236948274445,secondary,Ananda Rajakaruna Mawatha (Campbell Place),True,
6524306631,270333433,376.9326819750181,secondary,Ananda Rajakaruna Mawatha (Campbell Place),False,
6524645097,1346377753,182.72695662048653,secondary,Srimath Anagarika Dharmapala Mawatha,True,
6524681176,191799826,423.7235314786428,trunk,Ananda Coomaraswamy Mawatha,True,A0
6524681177,9628046175,45.38944838591913,trunk,Ananda Coomaraswamy Mawatha,True,A0
6524681177,6524681178,62.38722237013549,trunk,Sir Ernest de Silva Mawatha,True,A4
6524681178,269351942,291.34363365619134,trunk,Sir Ernest de Silva Mawatha,False,A4
6524681178,6524681176,74.0851348570128,trunk,Sir Ernest de Silva Mawatha,True,A4
6524910441,5058440382,54.678623789920366,secondary,Port Access Road,True,
6524910441,6524910445,57.29682162047258,primary_link,,True,
6524910445,240378559,343.6091538087456,primary,Sirimavo Bandaranaike Mawatha (Prince of Wales Avenue),True,AC24
6524965943,3187866787,160.30933706818354,secondary,Port Access Road,True,
6524965943,4046368469,20.034663942732834,secondary,Port Access Road,True,
6525442932,3600582931,11.402267643524818,primary_link,,True,
6525442932,3600585998,428.77889695990496,primary,Kadawatha Bypass Road,True,B641
6530555254,6524306631,47.72833448147568,secondary,Ananda Rajakaruna Mawatha (Campbell Place),True,
6530555257,403875011,15.030040579571446,trunk,Dr. Danister de Silva Mawatha (Baseline Road),True,AC5
6530555257,6530555254,26.66219613605825,secondary,Ananda Rajakaruna Mawatha (Campbell Place),True,
6535741179,3078591002,8.144622225141957,trunk_link,,False,
6535741179,5197144862,984.3289768304091,trunk,Colombo-Kandy Road,True,A1
6536495259,6536495260,9.792290191150496,trunk_link,,False,
6536495259,6536495261,485.59721451647215,trunk,"['Colombo-Kandy Road', 'Uruwel Oya Bridge']",True,A1
6536495260,6536495259,9.792290191150496,trunk_link,,False,
6536495260,4790019634,124.91087606298274,trunk,Colombo-Kandy Road,True,A1
6536495261,5316437630,217.04859935880435,trunk,Colombo-Kandy Road,True,A1
6536495261,6536495262,7.477464030299896,trunk_link,,False,
6536495262,6536495261,7.477464030299896,trunk_link,,False,
6536495262,6536495260,489.43944001652113,trunk,"['Colombo-Kandy Road', 'Uruwel Oya Bridge']",True,A1
6536506696,4785723709,8.270745848574352,trunk_link,,False,
6536506696,5280287631,204.29912065270054,trunk,Colombo-Kandy Road,True,A1
6537213315,10268958222,540.8624700695698,trunk,Kumaran Ratnam Road,True,A4
6537213323,6537213315,56.6175319120169,trunk_link,,True,
6537265135,13444619411,122.51041540940724,primary,Sri Uttarananda Mawatha,True,
6537339895,6537339897,19.547930239738413,primary,Canal Road (New Negombo Road),False,B152
6537339895,6537358011,1273.0643213170304,primary,Canal Road (New Negombo Road),False,B152
6537339896,403899740,2619.7030030025403,primary,Hendala Road,False,B151
6537339896,6537339895,33.08657863623239,primary,Hendala Road,True,B151
6537339897,6537339895,19.547930239738413,primary,Canal Road (New Negombo Road),False,B152
6537339897,2142265829,2311.9113582704917,primary,Canal Road (New Negombo Road),False,B152
6537339897,6537339896,34.4952080790503,primary,Hendala Road,True,B151
6537358006,6537358011,12.301091600560454,primary,Canal Road (New Negombo Road),False,B152
6537358006,681584663,1925.058220246253,primary,"['Canal Road (New Negombo Road)', 'Mattakkuliya Centre Road', 'Aluthmawatha Road', 'Approach Road to Mattakkuliya Bridge', 'Mattakkuliya Bridge']",False,B152
6537358011,6537339895,1273.0643213170304,primary,Canal Road (New Negombo Road),False,B152
6537358011,6537358006,12.301091600560454,primary,Canal Road (New Negombo Road),False,B152
6537358011,403899801,64.59664598249361,primary,Hekitta Road,True,B459
6537569534,6537569535,21.796240006405963,trunk,Kandy Road,False,A6
6537569534,1242715443,3827.8852360894457,trunk,Kandy Road,False,A6
6537569535,904233493,72.24616169549307,trunk,Trincomalee-Batticaloa Road,True,A15
6537569535,6537569534,21.796240006405963,trunk,Kandy Road,False,A6
6537569535,4139418521,2315.379249579983,trunk,Kandy Road,False,A6
6537959751,6537959752,43.66817684345538,secondary,Kebitigollewa-Padaviya Road,False,B211
6537959751,1881982729,24947.703466076386,secondary,Kebitigollewa-Padaviya Road,False,B211
6537959752,6537959751,43.66817684345538,secondary,Kebitigollewa-Padaviya Road,False,B211
6537959752,1886444856,3805.921405952123,secondary,Kebitigollewa-Padaviya Road,False,B211
6537959752,1886444971,51.46177638326467,secondary,Bogahawewa - Pulmuddai Road,True,B060
6538031537,3814567154,12.21107323378234,secondary,Mullaitivu-Kokilai Road,False,
6538031537,5217538839,22024.777750707228,secondary,Mullaitivu-Kokilai Road,False,B297
6538031538,1886444803,40774.58968257292,secondary,"['Padaviya-Welioya Road', 'Welioya-Janakapura Road', 'Padavi Sripura Road', 'Welioya Rd', 'Bandaranayake Mawatha', 'Padaviya-Parakramapura Road']",False,B343
6538031538,6538031537,61.08649366959807,secondary,Welioya-Janakapura Road,True,
6538031539,6538031538,60.14055812577334,secondary,Welioya-Janakapura Road,True,
6538060310,4136994008,267.77909324937116,trunk,Paranthan-Mullaittivu Road,True,AA035
6538060310,6545546146,9.415047518760282,trunk,,True,
6538060311,6545546148,14.422461576787905,trunk,Paranthan-Mullaitivu Road,True,AA035
6538060317,7034868585,9.11209616358648,trunk,Paranthan-Mullaittivu Road,True,AA035
6538060317,6538060311,17.431603204413076,trunk,Paranthan-Mullaitivu Road,True,AA035
6538140524,6538140529,35.44763798852624,trunk,Kandy - Jaffna Road,False,AA009
6538140524,1728838958,23729.92663296873,trunk,"['Kandy-Jaffna Road', 'Kandy - Jaffna Road', 'Jaffna-Kandy Road']",False,AA009
6538140529,6538140524,35.44763798852624,trunk,Kandy - Jaffna Road,False,AA009
6538140529,634172980,21407.351033831168,trunk,"['Kandy-Jaffna Road', 'Kandy - Jaffna Road']",False,AA009
6538140529,5774134687,43.555927266829194,secondary,Puliyankulam-Mullaittivu,True,B296
6540075345,6540075346,26.50719429186671,trunk,Maradankadawala-Habarana Road,False,A11
6540075345,3557474363,15267.573034820758,trunk,Maradankadawala-Habarana Road,False,A11
6540075346,6540075345,26.50719429186671,trunk,Maradankadawala-Habarana Road,False,A11
6540075346,567011837,991.1658137275957,trunk,Maradankadawala-Habarana Road,False,A11
6540075346,4884114552,29.03446718487227,primary,Ganewelpola-Galenbindunuwewa-Dachchahalmillewa Road,True,B133
6540645130,403899740,8.87141576963267,primary,Hendala Road,False,B151
6540645130,4152511797,83.10432996244243,trunk,Negombo Road,True,A3
6542819604,13412730677,80.51800687527026,primary,Hakmana-Beliatte Road,True,B141
6542819604,6542819609,7.244373834333532,primary,,True,
6542819606,6542819604,1.4808054672770292,primary,,True,
6542819607,6542819612,6.048593382316831,primary,,True,
6542819607,6548218206,89.90073056678901,primary,Matara-Hakmana Road,True,B275
6542819609,6542819607,8.167411563209138,primary,,True,
6542819612,6542819620,5.2240083567510185,primary,,True,
6542819619,2605760439,2215.9530958422865,primary,Matara-Hakmana Road,False,B275
6542819619,1933502385,123.01344563831809,primary,Matara-Hakmana Road,True,B275
6542819620,1932028801,203.5648430923941,primary,Hakmana-Walasmulla Road,True,B142
6542819620,6542819606,9.739354539774299,primary,,True,
6542960916,1675705732,106.91769409646597,trunk,Matara Road,True,A2
6542960920,6542960916,33.37609714256007,trunk_link,,True,
6543091741,1093763628,31.469224483852763,primary,Udugama Road,True,B129
6543091741,6543091747,10.860075672543163,primary,,True,
6543091742,6543091755,41.6168153918358,primary,Akuressa Road,True,B238
6543091742,6543091753,11.599790557396256,primary,,True,
6543091744,6543091741,6.508098417043925,primary,,True,
6543091745,1093763092,50.4124180923169,primary,Udugama Road,True,B129
6543091745,6543091744,15.038683561114484,primary,,True,
6543091747,6543091742,10.150436559693723,primary,,True,
6543091753,6543091745,3.933859828296989,primary,,True,
6543091755,6543091753,41.752259911123375,primary,Akuressa Road,True,B238
6543091755,3492736839,1587.0195348004881,primary,Akuressa Road,False,B238
6545241017,6545241018,2.2583408297596073,trunk,,True,
6545241018,77379074,14.575863707599206,trunk,Matara-Hambantota Road,True,A2
6545241018,3960797189,15.815664094995423,trunk,,True,
6545320371,2831587640,18.701360254500912,primary,,True,
6545320373,6545320376,30.665642781244344,primary,Kurunegala Road,True,B638
6545320373,6545320371,12.734476409669956,primary,,True,
6545320374,2831587623,10.43920420604009,primary,,True,
6545320374,4099698764,22.52406231254082,primary,Sri Saranankara Sangarakkhitha Mawatha (Vessagiriya Road),True,
6545320376,4099698756,18.592627229021822,primary,Kurunegala Road,True,B638
6545320376,1181921747,1869.2715875343192,primary,Kurunegala Road,False,B638
6545546146,6545546148,9.040433550273539,trunk,Paranthan-Mullaitivu Road,True,AA035
6545546146,7034868585,30.708694580754482,trunk,Paranthan-Mullaitivu Road,True,AA035
6545546148,6538060310,19.85019723496807,trunk,"['Paranthan-Mullaittivu Road', 'Paranthan-Mullaitivu Road']",True,AA035
6545679856,6545679857,17.71731881930762,primary,Weliweriya-Kirindiwela Road,False,B472
6545679856,1235697388,4861.006139337982,primary,Weliweriya-Kirindiwela Road,False,B472
6545679857,6545679856,17.71731881930762,primary,Weliweriya-Kirindiwela Road,False,B472
6545679857,3387391143,31.872024691150212,primary,Yakkala-Radawana Road,True,B479
6545679857,619906809,8006.487928494101,primary,Weliweriya-Kirindiwela Road,False,B472
6545683449,2753084556,35.424065202257125,primary,Hanwella - Pugoda - Kirindiwela - Urapola Road,False,B146
6545683449,6545683450,8.20654858427355,primary,Hanwella - Pugoda - Kirindiwela - Urapola Road,False,B146
6545683450,6545683449,8.20654858427355,primary,Hanwella - Pugoda - Kirindiwela - Urapola Road,False,B146
6545683450,10093923287,19.143116132813592,primary,Hanwella - Pugoda - Kirindiwela - Urapola Road,False,B146
6545683450,10093923284,16.587602960546768,primary,Delgoda-Dompe-Giridara Road,True,B95
6547914278,6547922829,10.186879083835924,primary,Kurunegala-Negombo Road,True,B247
6547914278,1977816707,282.4715901139279,primary,Kurunegala - Narammala - Madampe Road,True,B247
6547922791,6547922792,9.99442214384917,primary_link,,False,
6547922791,6547922793,50.187276303253775,primary,Kurunegala-Negombo Road,True,B308
6547922792,6547922791,9.99442214384917,primary_link,,False,
6547922792,6547914278,156.36096709001555,primary,Kurunegala-Negombo Road,True,B308
6547922793,6547922794,9.996206701488767,primary_link,,False,
6547922793,5944495992,264.5342459001907,primary,Kurunegala-Negombo Road,True,B308
6547922794,6547922793,9.996206701488767,primary_link,,False,
6547922794,6547922792,48.292337839187795,primary,Kurunegala-Negombo Road,True,B308
6547922829,6547922837,8.153914058379092,primary,Kurunegala - Narammala - Madampe Road,True,B247
6547922829,6547922849,555.9405662805469,primary,Kurunegala-Negombo Road,True,B247
6547922837,6547922838,10.777056985751384,primary,Kurunegala-Negombo Road,True,B308
6547922838,6547914278,8.096865789261555,primary,Kurunegala - Narammala - Madampe Road,True,B247
6547922838,6547922791,154.42874880413686,primary,Kurunegala-Negombo Road,True,B308
6547922849,1237974510,2468.8651054360353,primary,Kurunegala-Negombo Road,False,B247
6547922849,6547922837,546.707737875377,primary,Kurunegala-Negombo Road,True,B247
6548047374,6548047381,54.834672408102044,primary,Kurunegala-Negombo Road,False,B247
6548047374,1477408997,6326.1599813755765,primary,Kurunegala-Negombo Road,False,B247
6548047376,6548047374,44.59348575552184,primary_link,,True,
6548047381,6548196299,1246.539414287002,primary,Kurunegala-Negombo Road,False,"['B247', 'B27;B247']"
6548047381,6548047374,54.834672408102044,primary,Kurunegala-Negombo Road,False,B247
6548047381,6548047377,28.979750439808445,primary_link,,True,
6548196295,5248343437,901.4253535286568,primary,Kurunegala-Negombo Road,False,B247
6548196295,3167996118,41.37487788921285,primary,Kurunegala-Negombo Road,True,B247
6548196298,562824877,722.4667960101975,primary,Bauddhaloka Mawatha,False,B82
6548196298,3167996140,33.31355025142028,primary,Bauddhaloka Mawatha,True,B82
6548196299,6548047381,1246.5394142870018,primary,Kurunegala-Negombo Road,False,"['B247', 'B27;B247']"
6548196299,3167996142,44.081242760311525,primary,Kurunegala-Negombo Road,True,B247
6548218206,1933502385,6.607237000285712,primary,Narandeniya-Hakmana Road,False,B309
6548218206,6542819619,123.2437970284822,primary,Matara-Hakmana Road,True,B275
6548218220,13412730677,6.126962337170113,secondary,,False,
6548218220,12799752191,5631.061926806642,secondary,Hettiyawala Karathota Road,False,
6548218220,6542819609,80.81472445455215,primary,Hakmana-Beliatte Road,True,B141
6592863153,3215623441,10068.527585953349,primary,Laxapana Power House Road,False,B25
6592863153,2686032868,13873.495904717729,primary,Norton-Maskeliya Road,False,B328
6592863153,2686035634,2567.173825337706,primary,Norton-Maskeliya Road,False,B328
6632178150,3377837113,282.68732035519713,primary,Hambantota-Gonnoruwa-Meegahajandura Road,True,B631
6632178172,6632178150,36.13261239923071,primary,Hambantota-Gonnoruwa-Meegahajandura Road,True,B631
6632178174,7795511714,617.4698253334152,trunk_link,,True,
6632178174,6822794795,660.9124347025468,trunk,Padawkema - Mattala Road,True,
6632178175,5232275461,955.2875677686188,trunk,Padawkema - Mattala Road,True,
6653100609,4045295806,12434.917193875164,primary,Pallebedde-Medaganoya-Weligepola Road,False,B351
6653100609,6653100627,16.61506806222791,primary,,True,
6653100627,1994857493,1096.3564576238978,primary,Kirimetitenna-Weligepola Road,False,B124
6653100627,6653100609,27.73385877376181,primary,,True,
6658588595,44265239,26697.636944844773,trunk,Wellawaya-Ella-Kumbalwela Road,False,A23
6658588595,1945605121,27214.83844057429,primary,Ella-Passara Road,False,B113
6658588595,49364006,364.41618512586575,trunk,Wellawaya-Ella-Kumbalwela Road,False,A23
6661265112,1732649294,21673.299033981497,secondary,Nelukkulam-Neriyakulam Road,False,B325
6661265112,1732642149,31249.469832831983,trunk,Vavuniya - Parayanalankulam,False,AA030
6661265112,1729992697,3289.7203625728184,trunk,Vavuniya - Parayanalankulam,False,AA030
6673012482,1745895523,32.6946850322045,primary,Dondra Light House Road,False,B107
6673012482,13709350341,143.65959041301292,primary,Dondra Light House Road,False,B107
6673012482,13709350352,24.233209906041843,primary,Dondra Light House Road,False,B107
6685173555,2401225758,9831.935281965534,secondary,,False,C1046
6685173555,1979375863,235.57901134095934,trunk,Passara-Moneragala Road,False,A22
6685173555,2400768904,9944.652156880487,trunk,Passara-Moneragala Road,False,A22
6685195536,6695208839,2.596483269364193,trunk,,True,
6685195539,6695208838,14.65502126248171,trunk,,True,
6685420675,6495398254,5.571371923267028,trunk_link,,False,
6685420675,6495398269,626.3862407177311,trunk,"['Kalmunai Road', 'New Kallady Bridge']",True,A4
6685474007,6685474060,11.306773677236087,trunk,,True,
6685474007,2565428392,30.68129429603198,trunk,Trincomalee Road,True,A15
6685474010,6685474057,14.834244298886091,trunk,,True,
6685474010,6685474049,25.972195108731036,primary,Valaichchenai-Nasivantivu Road,True,AB38
6685474049,6685474057,31.76413041353129,primary,Valaichchenai-Nasivantivu Road,True,AB38
6685474049,2565428366,2062.105310963947,primary,Valaichchenai-Nasivantivu Road,False,AB38
6685474057,6685474007,4.2530200687458155,trunk,,True,
6685474058,3109068245,1548.2320326181932,trunk,Trincomalee Road,False,A15
6685474058,13904633852,23.41428170168863,trunk,Trincomalee Road,True,A15
6685474058,5906022857,25.879840113071985,trunk,Trincomalee Road,True,A15
6685474060,5906022857,8.42674954808961,trunk,,True,
6685478660,9567743870,49.63600979150073,trunk,Trincomalee Road,True,A15
6685478660,9396246082,10.595636801162064,trunk,,True,
6685478661,2304485540,44091.63416687221,trunk,Habarana-Polonnaruwa-Batticaloa Road,False,A11
6685478661,6685478660,28.62004265613408,trunk,,True,
6685478667,1725061738,2611.643452183469,trunk,Trincomalee Road,False,A15
6685478667,6685478661,17.900045620503334,trunk,,True,
6685553328,904233506,2225.8921318708835,primary,North Coast Road,False,B424
6685553328,1242700557,4550.656544115259,primary,Trincomalee-Nilaveli Road,False,B424
6685553328,4139420763,1490.9985535549501,primary,Uppuveli Road,False,B140-6
6688367855,313407297,7.49515150092282,trunk_link,,False,
6688367855,5804555894,4197.540708515831,trunk,Colombo-Puttalam Road,True,A3
6689144266,4328912486,233.0542126737225,primary,Jethawana Road,True,AC14
6689144270,6689144266,61.03735388589,primary_link,,True,
6689144270,5904513433,42.44973548056937,primary,George R. de Silva Mawatha,True,AC11
6689144274,5904513428,139.2271589074648,primary,Sri Sumanatissa Mawatha,True,AC30
6689144278,6689144274,52.39896744782483,primary_link,,True,
6689144278,5904513412,30.88670235138631,primary,Jethawana Road,True,AC14
6695208837,6695208840,6.053335805512603,trunk,,True,
6695208838,6695208837,13.700651534658288,trunk,,True,
6695208838,974346527,40.56610602931814,trunk,Wellawaya-Pottuvil Road,True,A4
6695208839,6685195539,15.196125433914396,trunk,,True,
6695208839,3730047332,27.84525910764636,trunk,Wellawaya-Pottuvil Road,True,A4
6695208840,6685195536,12.527496602910515,trunk,,True,
6695208840,2145219371,30.905129769815133,trunk,Siyambalanduwa-Damana-Ampara Road,True,A25
6695505185,1847947584,4.983307625578148,trunk,Colombo-Puttalam Road,True,A3
6695505186,2366743826,41.59069150160219,trunk_link,,True,
6695505186,6695505187,32.13228850684053,primary,Thoppuwa-Nattandiya-Madampe Road,True,B419
6695505187,6695505185,6.509951548077996,primary,Thoppuwa-Nattandiya-Madampe Road,True,B419
6695505187,2366743826,20.51975466775913,trunk,Colombo-Puttalam Road,True,A3
6695505199,1474800248,61.614109688115555,primary,Thoppuwa-Nattandiya-Madampe Road,True,B419
6695505199,6695505187,7.3411010849801785,trunk,Colombo-Puttalam Road,True,A3
6700759025,1751020481,3952.7095496136494,primary,Hidellana-Karapincha Road,False,B589
6716865701,904233218,24.443246185356195,primary,,True,
6716865701,1242787964,766.2445000651867,primary,Inner Harbour Road,False,B140-1
6719733698,6719733720,981.229799571456,primary,Pelawatte Road,True,B47
6719733717,3502162896,967.534547258007,primary,Pelawatte Road,True,B47
6719733720,3354710540,25.744630519488084,primary_link,,True,B47
6719733720,3404831124,18.51659695646573,primary,Pelawatte Road,True,B47
6720549504,2035811537,198.48576482164958,primary,Main Street (New Bazaar Street),True,B331-5
6720549508,3819995230,13.13320696791985,primary,Lawson Street,True,B331-4
6720549508,6720549504,23.081838063079672,primary,Main Street (New Bazaar Street),True,B331-5
6720586707,3219914048,6.652398317851951,secondary,Bandaranaike Mawatha,True,
6721753073,6721810540,10.21597229757615,trunk,Colombo-Kandy Road,True,A1
6721753073,2823998651,87.32197673968183,primary,Yakkala-Radawana Road,True,B479
6721810540,4963408994,8.135719723488291,primary_link,,True,
6721810540,4790030896,2322.1858832654852,trunk,Colombo-Kandy Road,True,A1
6721834897,3487940314,303.28139141112104,trunk,Approach Road to Katunayake Expressway,False,
6721834897,324997824,220.09719118835605,trunk,Approach Road to Katunayake Expressway,False,
6822782243,2157073971,2894.1317026258703,secondary,Dandeniya-Kirinda Road,False,
6822794796,6632178175,658.2955981536256,trunk,Padawkema - Mattala Road,True,
6822794874,1124475656,3143.6908256091924,primary,Access Road to Matara,True,B635
6896310128,11348443537,342.99046884934467,secondary,Airport Access Driveway,False,
6896310128,3199620297,2175.0925389897384,secondary,"['Vallai Tellippalai Araly Road', 'Kadduvan Myliddi Road']",False,"['B 437', 'B171']"
6896310128,1245763163,1588.5219799789927,secondary,Kadduvan Myliddi Road,False,B171
6908246810,13077441777,52.71203171948204,secondary,Sooriyawewa Road,False,
6908246810,13077441777,99.99343380946692,secondary_link,,False,
6908246810,2113181192,5179.107542324775,secondary,Sooriyawewa Road,False,
6926357552,6514054687,64.78599050521815,primary,Parliament Road,True,B533
6947814997,619152185,147.50899566370725,trunk,Sri Jayewardenepura Mawatha,True,A0
6947814998,6947814997,25.11907065063391,trunk_link,Kotte Road,True,
6947814998,1429213457,25.240556464459097,primary,Kotte Road,True,
6947814999,6947814998,7.528052178603444,primary,Kotte Road,True,
6947814999,619152185,153.78533455984328,primary,Sambudthwa Jayanthi Mawatha,True,B120
6985901088,901009262,3.8055181840628727,trunk,,True,
7008833872,10080004439,1811.9418648825103,secondary,,False,
7024993693,2278210726,37501.163588901945,secondary,Somawathiya Road,False,B488
7024993693,2279244474,280.83485500647123,trunk,Habarana-Polonnaruwa-Batticaloa Road,False,A11
7024993693,2822277593,1150.673053488887,trunk,Habarana-Polonnaruwa-Batticaloa Road,False,A11
7026519236,3514826055,21016.995818498563,primary,Yatiyantota-Punugala-Sea Forth Road,False,B482
7030628001,7030628002,14.539412231970383,trunk,High Level Road,True,A4
7030628002,635164975,11.01115746396486,primary_link,,True,
7030628002,129615826,1972.8334412872862,trunk,High Level Road,True,A4
7030921385,2499038749,381.80110409061837,trunk,High Level Road,True,A4
7030921385,7030921398,14.9802917247669,trunk,,True,
7030921386,7030921385,13.503764899011095,trunk,,True,
7030921398,7030921401,7.6527876250478055,trunk,,True,
7030921401,7030921386,16.740620995372282,trunk,,True,
7030921401,7030921451,722.3814484182255,trunk,High Level Road,True,A4
7030921451,5969063938,5.3760373121364395,trunk_link,,False,
7030921451,6292190472,560.6916187948285,trunk,High Level Road,True,A4
7030993914,6292190482,23.445634853547183,secondary,Athurugiriya-Kottawa Road,True,
7030993914,6292190457,37.72926669286832,secondary_link,,True,
7034868585,4136994005,17.296978030216227,trunk,Paranthan-Mullaitivu Road,True,AA035
7034884152,9041600956,23.711367214755178,primary,,True,B213
7034884152,566569836,12731.228505813451,primary,Thalawa Eppawala Road,False,B213
7035050523,3336273922,5.768149891664602,trunk_link,,False,
7035050523,3336273920,57.256317637189596,trunk,Anuradhapura Road,True,A9
7035050524,1981147409,6.5755191930755315,trunk_link,,False,
7035050524,7035050523,45.263775971678186,trunk,Anuradhapura Road,True,A9
7037556016,3170533571,26.294523728442844,trunk,Madawala Road,True,A9
7037556016,7037556017,29.220929673786312,trunk_link,,True,
7037556017,2558293072,2181.8114035421045,trunk,"['Katugastota Road', 'Katugastota Bridge']",True,A9
7037741108,13684572988,4.940146160989257,trunk,Negombo Road,True,A3
7037741108,6276892160,8.763978271942188,primary_link,,True,
7037743601,2247695845,13.986442427294968,secondary,Robert Gunawardena Mawatha,True,
7037743601,7037743630,9.789527017237301,trunk,H. Sri Nassanka Mawatha (High Level Road),True,A4
7037743630,2247695861,9.876355105604647,trunk_link,,True,
7037743630,7037743638,407.77437374106995,trunk,"['H. Sri Nassanka Mawatha (High Level Road)', 'H. Sri Nassanka Mawatha (Maya Avenue)']",True,A4
7037743638,129616162,561.6130340852927,secondary,Stratford Avenue,True,
7037743638,7037743641,18.3609300472924,trunk,H. Sri Nassanka Mawatha (Maya Avenue),True,A4
7037743640,6277491043,9.439910319269314,primary,Pamankada Road,False,AC21
7037743640,1676479570,48.96011269168504,trunk,H. Sri Nassanka Mawatha (Maya Avenue),True,A4
7037743641,269351924,62.57507060917497,primary,Pamankada Road,True,AC21
7037743641,7037743640,60.45632217624771,trunk,H. Sri Nassanka Mawatha (Maya Avenue),True,A4
7037793024,7037793029,7.919638876960134,trunk_link,,False,
7037793024,2339297873,183.4438662123368,trunk,Galle Road,True,A2
7037793029,7037793024,7.919638876960134,trunk_link,,False,
7037793029,2340032515,326.99480118597893,trunk,Galle Road,True,A2
7042347620,1735981103,19.58994842868601,trunk,Kandy - Jaffna Road,False,AA009
7042347620,1642975181,165.5383594037551,trunk,Kandy - Jaffna Road,False,AA009
7042347620,7042347624,38.12663930932375,trunk_link,Paranthan - Mullaitivu,True,AA035
7042347623,7042347632,16.36028532746363,trunk,Kandy - Jaffna Road,False,AA009
7042347623,8626940908,2891.45534231676,trunk,Kandy - Jaffna Road,False,AA009
7042347624,7042347643,9.667122453596992,trunk,Paranthan - Mullaitivu,True,AA035
7042347625,7042347632,30.375023516337635,trunk,,True,AA035
7042347625,7042347623,34.89054561913284,trunk_link,,True,AA035
7042347632,7042347623,16.36028532746363,trunk,Kandy - Jaffna Road,False,AA009
7042347632,1735981103,7.664957437378372,trunk,Kandy - Jaffna Road,False,AA009
7042347643,7042347625,9.020068989929609,trunk,,True,AA035
7042347643,4136994008,35565.39676999351,trunk,"['Paranthan-Mullaittivu Road', 'Paranthan - Mullaitivu', 'Paranthan-Mullaitivu Highway']",False,AA035
7043371488,4142435849,7.0561819119116285,primary,Nawalapitiya Road,True,AB13
7043371488,1785705927,6.9262657568633745,primary_link,,False,
7043449110,2974015161,11.372453935789505,primary,Parliament Road,True,B533
7051044595,7051044596,22.797384064716752,trunk,Trincomalee-Batticaloa Road,False,A15
7051044595,1685802576,12090.477226038935,trunk,"['Trincomalee-Batticaloa Road', 'Gangai Bridge', 'Upparu Bridge', 'Ralkuli Bridge']",False,A15
7051044595,7051044597,41.46493680862406,primary,Thambalagamuwa-Kinniya Road,True,B541
7051044596,7051044595,22.797384064716752,trunk,Trincomalee-Batticaloa Road,False,A15
7051044596,904233493,10738.195900467432,trunk,"['Trincomalee-Batticaloa Road', 'Kinniya Bridge']",False,A15
7051044597,7051044596,40.887057115828426,primary,Thambalagamuwa-Kinniya Road,True,B541
7051044597,7702374761,1180.1528003243798,primary,Thambalagamuwa-Kinniya Road,False,B541
7053715738,9734329673,287.1994244740517,primary,Dr. Colvin R. de Silva Mawatha (Union Place),True,
7053715743,7053715738,36.05412014193686,secondary_link,,True,
7053715743,3822223767,34.690180818327306,secondary,T.B. Jaya Mawatha,True,
7059333096,6513995667,52.25578779086331,primary,Parliament Road,True,B533
7062180134,667350244,135.39991970614156,secondary_link,Borella Kottawa Road,True,
7062180134,910154883,262.6179074761999,primary,"['Talawatugoda Road', 'Pannipitiya Road']",True,B47
7062216179,1691828079,10.150976930694323,primary_link,,False,
7062216179,7062229410,1064.233790818393,primary,Colombo - Horana Road,True,B84
7062229410,1691828074,9.982012327318913,primary_link,,False,
7062229410,7062229418,299.86907976161143,primary,Colombo - Horana Road,True,B84
7062229418,254365532,9.46728281030491,primary_link,,False,
7062229418,3498479749,169.41192784204588,primary,Colombo - Horana Road,True,B84
7062379366,7062379367,8.502017708963695,primary_link,,False,
7062379366,1212770518,654.6084150107492,primary,Colombo - Horana Road,True,B84
7062379367,7062379366,8.502017708963695,primary_link,,False,
7062379367,7062380597,891.6775952898336,primary,Colombo - Horana Road,True,B84
7062380591,7062380592,8.962420099638427,primary_link,,False,
7062380591,7062380609,190.36229586789645,primary,Colombo - Horana Road,True,B84
7062380592,7062380591,8.962420099638427,primary_link,,False,
7062380592,252537863,117.13957773914922,primary,Colombo - Horana Road,True,B84
7062380597,252537863,8.9366745363005,primary,Kirigampanuwa Road,False,B654
7062380597,7062380591,117.57709019031921,primary,Colombo - Horana Road,True,B84
7062380609,1660321886,9.050013745741643,primary_link,,False,
7062380609,7062216179,2642.965744168245,primary,Colombo - Horana Road,True,B84
7062428087,256664021,7.560944382935574,primary_link,,False,
7062428087,7062428147,1732.235096682785,primary,Colombo - Horana Road,True,B84
7062428147,252537345,7.449817936364405,primary_link,,False,
7062428147,7062428158,209.90207804573163,primary,Colombo - Horana Road,True,B84
7062428158,4996622511,7.491903741188629,primary_link,,False,
7062428158,7062428168,366.528000125814,primary,Colombo - Horana Road,True,B84
7062428168,1212770518,7.483677417233173,primary_link,,False,
7062428168,7062379367,652.7675892968181,primary,Colombo - Horana Road,True,B84
7062446553,7062446558,31.865078949689153,primary,Colombo-Horana Road,True,B84
7062446553,7062446557,44.609379792444564,primary_link,,True,
7062446557,3320941715,707.1657068382677,primary,Piliyandala Bypass Road,True,B639
7062446558,7062446557,19.531229871821743,primary,Piliyandala Bypass Road,True,B639
7062446558,3498436506,8.594016282834318,primary,Colombo-Horana Road,True,B84
7062446559,7062446558,10.902342311745844,primary,Piliyandala Bypass Road,True,
7062446559,12467159834,3084.8003085736113,primary,"['Colombo - Horana Road', 'Colombo-Horana Road']",True,B84
7071757658,901010009,28383.901985852248,trunk,Kandy Road,False,A6
7071757658,13942702875,15226.412159382613,trunk,Kandy Road,False,A6
7071757658,3213759120,14463.671286704306,primary,Minneriya - Gal Oya Road,False,B617
7081602426,191794675,296.18241748600826,trunk,Galle Face Centre Road,True,A2
7081602426,7081602427,8.69328001036986,trunk_link,,False,
7081602427,8944102122,735.4073518032459,trunk,Galle Face Centre Road,True,A2
7081602427,7081602426,8.69328001036986,trunk_link,,False,
7083601467,6119394070,30.213932029270232,primary,Elahera-Pallegama-Hettipola Road,True,New B312
7083601467,7083601479,9.732945200352367,primary,,True,
7083601470,7083601467,14.700416358017133,primary,,True,
7083601473,3897543544,50.712864262938595,primary,Elahera-Pallegama-Hettipola Road,True,New B312
7083601473,7083601470,14.758340786054436,primary,,True,
7083601479,7083601473,29.642576565732544,primary,,True,
7084497218,3898518037,10.554019473674888,primary,Buhari Adi Junction,True,
7084497218,7702374764,35.1833808834645,primary,Thambalagamuwa-Kinniya Road,False,B541
7085495071,10603977925,8.742432233573917,primary,Attidiya Road,False,B389
7085495071,10603977996,1388.8543932908963,trunk,Galle Road,True,A2
7085505932,1728838995,30.780288817937695,trunk,Mannar-Vavuniya Road,True,AA030
7085505934,1981183266,36.02449456202579,trunk,Kandy-Jaffna Road,False,AA009
7085505934,1728838958,20.571084286209057,trunk,Kandy-Jaffna Road,False,AA009
7085505934,7085505932,49.73010230082454,trunk,Mannar-Vavuniya Road,True,AA030
7085506299,7085525494,13.097183820210576,trunk,Galle Road,True,A2
7085506299,1185558591,32.87413752536593,primary,"Approach Road to Aerodrome, Ratmalana",True,B24
7085525494,7085525496,12.508182543145486,trunk_link,Air Port Road,True,
7085525494,1249855906,397.95778470697354,trunk,Galle Road,True,A2
7085525496,60798009,12.775149313375591,trunk,Galle Road,True,A2
7085654863,7085654864,8.5666655052527,trunk_link,,False,
7085654863,4515020731,54.332904957309516,trunk,Galle Road,True,A2
7085654864,7085654863,8.5666655052527,trunk_link,,False,
7085654864,666881493,161.24739213509986,trunk,Galle Road,True,A2
7085684184,7085690885,8.720979433602308,trunk_link,,False,
7085684184,60797056,943.9866384197607,trunk,Galle Road,True,A2
7085690885,7085684184,8.720979433602308,trunk_link,,False,
7085690885,1683151514,538.4513604737299,trunk,Galle Road,True,A2
7085697356,7085697357,9.02870316833452,trunk_link,,False,
7085697356,7085697362,284.69494451320395,trunk,Kandy - Jaffna Road,True,AA009
7085697357,7085697356,9.02870316833452,trunk_link,,False,
7085697357,1728748120,123.78963234359152,trunk,Kandy - Jaffna Road,True,AA009
7085697358,1728748120,16.083233563528953,secondary,Bazzar Street,False,B52
7085697358,5635855093,301.621355487261,secondary,Bazzar Street,False,B52
7085697358,7085697356,124.94737037792615,trunk,Kandy - Jaffna Road,True,AA009
7085697362,1981159944,22469.119654223297,trunk,"['Kandy-Jaffna Road', 'Kandy - Jaffna Road']",False,AA009
7085697362,7085697357,285.03172632287544,trunk,Kandy - Jaffna Road,True,AA009
7085726788,4137378464,40.10538932579621,secondary,Medawachchiya-Kebithigollewa Road,True,B283
7085726788,1981159930,9.559320430759211,trunk,,True,
7087395001,3279650333,22.72548885625208,primary,Dikwella-Wewurukannala Road,True,B525
7087395001,1818609858,585.2101135310548,primary,Dikwella-Wewurukannala Road,False,B525
7087535778,1980566512,7185.3884672163,trunk,Colombo-Kandy Road,False,A1
7087535778,617967952,19.896927697693002,trunk,Colombo-Kandy Road,False,A1
7087827239,5316437631,18.343955121568612,primary,New Kandy Road,True,B214
7094485193,618073247,135.00748302628236,primary,S. W. R. D. Bandaranaike Mawatha,True,B27-1
7094485197,11851168716,7.845393289701437,primary_link,,True,
7094563039,1139248145,13.553421351741003,trunk,Matara Road,False,A2
7094563039,1282529649,1893.3556476082222,trunk,Matara Road,False,A2
7094563040,252541774,5308.89910609172,secondary,Habaraduwa-Dikkumbura Road,False,
7094563040,7094563039,32.494135569950195,secondary,Habaraduwa-Dikkumbura Road,True,
7094700078,13625464816,382.0280455546369,trunk,Colombo Road,False,A1
7094700078,5120237603,43.041994931511354,primary,Gannoruwa Road,False,B365
7094700078,35436490,18.097789566163705,trunk,Colombo Road,False,A1
7095171150,54398901,3568.449395602606,trunk,Galle Road,False,A2
7095171150,1506183874,1200.3776860538962,trunk,Galle Road,True,A2
7098638332,3896381292,35.30483670678017,primary,Jaffna-Ponnalai-Point Pedro Road,True,AB021
7098638332,1245021311,8097.161801309777,primary,Jaffna-Ponnalai-Point Pedro Road,False,AB021
7098638333,3896381287,31.54101236941721,primary,Jaffna-Manipay-Karainagar Road,True,AB017
7098638333,853137780,5422.227088836457,primary,Jaffna-Manipay-Karainagar Road,False,AB017
7098642092,2646359666,1.7836504715244352,primary,Circular Road,True,
7098642099,5502287931,7.799427984282602,trunk,,True,
7100451968,13914032195,15.886983471874762,trunk,Trincomalee-Batticaloa Road,False,A15
7100451968,13914032183,15.842376426825991,trunk,Trincomalee-Batticaloa Road,True,A15
7100451968,1880414150,7934.497086491602,trunk,Trincomalee-Batticaloa Road,False,A15
7103753925,7103753926,6.178317920994526,primary_link,,True,
7103753925,1667080259,1747.4666211926133,trunk,Galle Road,True,A2
7103753926,60797607,12.668549953916413,trunk,Galle Road,True,A2
7103760769,245519747,30.35145254592185,primary,Horana-Kalutara Road,True,B224
7103760769,7103753925,11.866626076682426,trunk,Galle Road,True,A2
7103763193,7103763194,4.704216301704202,trunk_link,,False,
7103763193,2231309667,50.180481950224035,trunk,Pottuvil-Batticaloa Road,True,A4
7103763194,7103763193,4.704216301704202,trunk_link,,False,
7103763194,3302140243,282.8166631949636,trunk,Pottuvil-Batticaloa Road,True,A4
7103763199,7103763200,2.8608904352869176,trunk_link,,False,
7103763199,3302140240,302.2148809200251,trunk,Pottuvil-Batticaloa Road,True,A4
7103763200,7103763199,2.8608904352869176,trunk_link,,False,
7103763200,3271092634,942.0902614873365,trunk,Pottuvil-Batticaloa Road,True,A4
7153699522,670802546,434.2599437562372,primary,New Baladaksha Mawatha,False,
7153699522,7153699537,629.0556851280909,primary,New Baladaksha Mawatha,False,
7153699522,665240022,347.37554063778146,primary,,True,
7153699537,8944102122,9.569863434388486,primary,New Baladaksha Mawatha,False,
7153699537,7081602426,730.2488924166898,trunk,Galle Face Centre Road,True,A2
7153699537,7153699522,629.0556851280909,primary,New Baladaksha Mawatha,False,
7168896405,1737150787,865.7523956784304,primary,Attidiya Road,False,B389
7168896405,10603977925,1258.4417912746799,"['primary', 'secondary']",Attidiya Road,False,B389
7168896405,9748233243,36.45365538148204,primary,"Approach Road to Aerodrome, Ratmalana",False,B24
7182955395,7182955400,1.9002502716367682,primary,,True,
7182955398,7182955399,2.5033664058776086,primary,,True,
7182955399,6294540737,27.829102944736952,primary,Nagoda-Kalawellawa-Bellapitiya Road,True,B304
7182955399,7182955395,7.997231332083505,primary,,True,
7182955400,4904045485,27.601142108347226,primary,Aluthgama Road,True,B157
7182955400,6294540724,7.410283244733904,primary,,True,
7182955404,6294540738,37.511464647030095,primary,Nagoda-Kalawellawa-Bellapitiya Road,True,B304
7182955404,6294540735,10.04241543938694,primary,,True,
7182955406,6294540739,42.54093387532689,primary,Horana Road,True,B157
7182955406,7182955398,10.177688712247466,primary,,True,
7183361978,7183361982,7.852022647135526,primary,Ranna-Udayala-Weeraketiya Road,False,B387
7183361978,7183361980,27.008961404864397,primary_link,,True,
7183361978,2605755428,4159.886345722543,primary,Ranna-Udayala-Weeraketiya Road,False,B387
7183361980,7183361983,3.709465286722577,primary,Tangalle-Weeraketiya Road,False,B410
7183361980,2726000363,3380.9875186839527,primary,Tangalle-Weeraketiya Road,False,B410
7183361981,3778393953,17.225862229440647,primary,Weeraketiya-Middeniya Road,True,B463
7183361981,610929939,832.111203207483,primary,Weeraketiya-Middeniya Road,False,B463
7183361982,3778393948,13.963306819274575,primary,Ranna-Udayala-Weeraketiya Road,True,B387
7183361982,7183361978,7.852022647135526,primary,Ranna-Udayala-Weeraketiya Road,False,B387
7183361983,7183361980,3.709465286722577,primary,Tangalle-Weeraketiya Road,False,B410
7183361983,3778393944,13.120927482514798,primary,Tangalle-Weeraketiya Road,True,B410
7183361984,4761516411,4093.73590313944,primary,Belliatte-Weeraketiya Road,False,B627
7183361984,1748962217,19.13280624480153,primary,Belliatte-Weeraketiya Road,True,B627
7183404785,1748962242,22.82762554045855,primary,Walasmulla-Weeraketiya Road,True,B450
7183404785,1931937816,6819.765056083248,primary,Walasmulla-Weeraketiya Road,False,B450
7183441660,3470537530,5478.482764644033,primary,Elpitiya Road,False,B14
7183441660,1140307744,51.63021165724784,primary,Ambalangoda-Elpitiya-Pitigala Road,True,B14
7183582771,7183582772,24.870358692703828,secondary_link,,False,
7183582771,1855349632,37.164793480179306,primary,Daulagala-Watadeniya Road,False,B91
7183582771,3237453500,1929.457091448935,primary,Daulagala-Watadeniya Road,False,B91
7183582772,1855349632,29.123305882751694,primary,Pilimatalawa-Daulagala Road,False,B116
7183582772,7183582771,24.870358692703828,secondary_link,,False,
7183582772,1855349523,4645.319146202481,primary,"['Daulagala Road', 'Pilimatalawa-Daulagala Road']",False,B116
7185588314,13564859268,72.43526540420787,primary,Old Puttalam Road,True,B234
7185588314,4139586563,64.8957794313027,trunk,Puttalam Road,True,A12
7185616200,13564859299,131.31746281751754,trunk,Puttalam Road,True,A12
7193608912,11671536986,1081.760881168953,secondary,,False,
7198864554,7198864573,1309.1732884621476,secondary,,False,
7198864573,3522179254,3435.5650390408578,secondary,,False,
7198864573,3753678121,596.7033633280915,secondary,,False,
7198864573,7198864554,1309.1732884621479,secondary,,False,
7205862638,7205862648,10.838901767028187,primary,,True,
7205862641,7241425510,3.754639646500029,primary,,True,
7205862643,1737436611,33.599643998111986,secondary,,True,
7205862643,7205862638,17.06087805544582,primary,,True,
7205862648,1737436593,29.233083368780505,primary,,True,B389
7205862648,7205862641,16.993884926276735,primary,,True,
7227878082,6509196188,8.920329190569078,primary_link,,True,
7227878082,3088508758,2223.8347737667073,trunk,"['Katugastota Road', 'Katugastota Bridge']",True,A9
7241425510,7241425511,14.537344003623591,primary,,True,
7241425510,1737436578,35.01329143983921,primary,,True,B389
7241425511,7205862643,3.5566703211383177,primary,,True,
7260121838,2142265829,2142.3474498470136,primary,Kerawalapitiya Industrial Zone Access Road,False,B655
7260121838,7260121839,106.31345287161537,primary,Kerawalapitiya Industrial Zone Access Road,False,B655
7260121838,7260121855,105.09907638995226,primary,Kerawalapitiya Industrial Zone Access Road,False,B655
7260121839,7260121838,106.31345287161537,primary,Kerawalapitiya Industrial Zone Access Road,False,B655
7260121839,7260121855,15.581399246208427,primary,,True,
7260121855,7260121838,105.09907638995226,primary,Kerawalapitiya Industrial Zone Access Road,False,B655
7260121855,7260121839,85.16431873585236,primary,,True,
7262773169,7262773170,6.56718265680143,trunk_link,,False,
7262773169,6495594260,1392.6548399739504,trunk,New Kalmunai Road,True,A4
7262773170,7262773169,6.56718265680143,trunk_link,,False,
7262773170,1147030351,93.90440286465055,trunk,New Kalmunai Road,True,A4
7262802916,1147030351,6.904270610127578,trunk_link,,False,
7262802916,7262773169,95.48232035959123,trunk,New Kalmunai Road,True,A4
7273820519,9790518649,4661.150508921339,primary,,False,
7291030424,651637344,730.5555564818425,trunk,Gampaha-Ja Ela Road,False,A33
7291030424,4231244456,1900.2834390240828,trunk,Gampaha-Ja Ela Road,True,A33
7308439360,2407536192,4904.194603726464,secondary,Ettampitiya-Ketawala-Keenakele Road,False,C45
7323226158,8336642961,328.0898129820573,secondary,,False,
7323226552,5124153327,1838.5829525085674,secondary,,False,
7409403107,4137198917,54.67245018262208,trunk,,True,AA014
7409403107,2568225710,30186.73855779135,trunk,Medawachchiya-Talaimannar Road,False,AA014
7461966816,13676744644,34.75849329944229,secondary,San Sebastian Hill,True,
7461966816,13676891358,18.80880246189579,secondary,San Sebastian Hill,False,
7528511522,1148495722,285.21124092617856,primary,Jaffna-Point Pedro Road,False,AB020
7528511522,1148494987,79.45753302055002,primary,Jaffna-Point Pedro Road,True,AB020
7528511522,1148495608,143.34487482517883,primary,Jaffna-Point Pedro Road,True,AB020
7528511525,854186991,1345.5751935031092,primary,Jaffna-Point Pedro Road,False,AB020
7528511525,7528511522,168.32346839613535,primary,Jaffna-Point Pedro Road,True,AB020
7557813364,7557813365,8.682478045561222,primary_link,,False,
7557813364,7557813396,1355.0071850059603,primary,Jaffna-Ponnalai-Point Pedro Road,True,AB021
7557813365,7557813397,87.79513584709306,primary_link,,False,
7557813365,7557813364,8.682478045561222,primary_link,,False,
7557813365,7557813398,128.65361587979697,primary,Jaffna-Ponnalai-Point Pedro Road,True,AB021
7557813396,7557813365,1360.8846902987625,primary,Jaffna-Ponnalai-Point Pedro Road,True,AB021
7557813396,1148495933,1955.2437903544414,primary,Jaffna-Ponnalai-Point Pedro Road,False,AB021
7557813397,7557813365,87.79513584709306,primary_link,,False,
7557813397,1245021322,2622.47105748014,secondary,Maviddapuram - Keeramalai,False,B277
7557813397,1245021317,175.23796909293932,secondary,Maviddapuram - Keeramalai,False,B277
7557813398,7557813364,131.48709756305323,primary,Jaffna-Ponnalai-Point Pedro Road,True,AB021
7557813398,1245021317,59.12777976451896,primary,Jaffna-Ponnalai-Point Pedro Road,False,AB021
7569009680,848593926,4277.23754280981,primary,Jaffna-Ponnalai-Point Pedro Road,False,AB021
7569009680,848610218,18.00743202260822,primary,Jaffna-Ponnalai-Point Pedro Road,False,AB021
7599684152,1981147403,8.159719420650056,trunk,,False,A9
7599684152,2731988210,1302.1825430700785,trunk,Kandy-Jaffna Road,True,A9
7621971271,7621971279,7.9033480941429834,trunk_link,,False,
7621971271,13083883262,537.7721847060836,trunk,Colombo-Kandy Road,True,A1
7621971279,7621971271,7.9033480941429834,trunk_link,,False,
7621971279,7621986814,1116.4184194938566,trunk,Colombo-Kandy Road,True,A1
7621986814,324969585,10.467116815179274,trunk_link,,False,
7621986814,7621986858,676.6179082646652,trunk,Colombo-Kandy Road,True,A1
7621986858,3270476305,8.79411499860847,trunk_link,,False,
7621986858,7621986929,2136.344051218873,trunk,"['Colombo-Kandy Road', 'Galtota Oya Bridge', 'Attanagalu Oya Bridge']",True,A1
7621986929,2823998635,8.382167074105704,trunk_link,,False,
7621986929,6721753073,484.8926520348652,trunk,Colombo-Kandy Road,True,A1
7625469738,618514963,648.3456599433264,trunk,Sri Jayewardenepura Mawatha,True,A0
7625469752,3217294322,31.739452779471762,primary,Avissawella Road,False,AB10
7625469752,619742402,705.0827609075895,primary,Avissawella Road,False,AB10
7625469766,7625469752,61.367722792213414,primary_link,,True,
7625469766,3217294322,56.60641546793045,primary,New Kandy Road,True,AB4
7702374760,7702374761,38.88378033452125,primary,Thambalagamuwa-Kinniya Road,False,B541
7702374760,3898518038,8.412265223975162,primary,Buhari Adi Junction,True,
7702374761,7702374760,38.88378033452125,primary,Thambalagamuwa-Kinniya Road,False,B541
7702374761,3898518038,38.025712110821566,primary,Thambalagamuwa-Kinniya Road,False,B541
7702374761,7051044597,1180.15280032438,primary,Thambalagamuwa-Kinniya Road,False,B541
7702374764,3898518037,36.9745831022796,primary,Thambalagamuwa-Kinniya Road,False,B541
7702374764,1242786017,5815.145358867496,primary,Thambalagamuwa-Kinniya Road,False,B541
7702374764,7084497218,35.1833808834645,primary,Thambalagamuwa-Kinniya Road,False,B541
7704618048,1976198828,10.204087832143136,primary,Kurunegala - Narammala - Madampe Road,True,B247
7704618060,1976172945,7918.4812558150425,secondary,"['Kuliyapitiya - Hettipola Road', 'Kuliyapitiya-Hettipola Road']",False,B243
7704618060,11292753164,744.0656424669999,secondary,Kuliyapitiya - Hettipola Road,True,B243
7704618065,7704618048,8.568711944650662,secondary,Kuliyapitiya - Hettipola Road,True,B243
7704618065,4086635248,274.4873442251284,primary,Kurunegala - Narammala - Madampe Road,True,B247
7704618073,7704618065,9.549805329207315,primary,Kurunegala - Narammala - Madampe Road,True,B247
7704618073,11292753165,126.53763956711123,secondary,Kuliyapitiya - Hettipola Road,True,B243
7704629712,1976198830,8.250224368031914,secondary,Bowatta-Padiwela-Kuliyapitiya Road,False,B65
7704629712,1976198848,17426.763895021144,secondary,"['Bowatta Padiwela Kuliyapitiya Road', 'Bowatta-Padiwela-Kuliyapitiya Road']",False,B65
7704629712,7704618073,1485.401656903254,primary,Kurunegala - Narammala - Madampe Road,True,B247
7704629738,1976198852,13.944932597253972,primary,Kurunegala - Narammala - Madampe Road,True,B247
7704629738,4086665691,114.27254578792024,secondary,Pannala - Kuliyapitiya Road,True,B356
7704629739,7704629738,8.72264616644591,secondary,Pannala - Kuliyapitiya Road,True,B356
7704629739,7704629712,536.2638495637805,primary,Kurunegala - Narammala - Madampe Road,True,B247
7704629744,7704629739,14.51073223627231,primary,Kurunegala - Narammala - Madampe Road,True,B247
7734473410,258523358,8.112740882503802,secondary,Galthambarawa Road,False,
7734473410,1241537030,5529.7255263037905,secondary,Galthambarawa Road,False,
7734473410,6495594239,184.1657380721384,trunk,Habarana-Polonnaruwa-Batticaloa Road,True,A11
7765114184,2093608214,7.172403665761486,primary,Palapathwela-Galewela Road,False,B346
7765114184,2093606557,28133.359879485495,primary,Palapathwela-Galewela Road,False,B346
7765114184,562824290,854.1209058931631,trunk,Kurunegala-Dambulla Road,True,A6
7765135906,562824120,13003.767020487727,trunk,Kurunegala-Dambulla Road,False,A6
7765135906,12488644097,459.8454635996207,trunk,Kurunegala-Dambulla Road,True,A6
7770372639,7770372644,1443.0586115962838,trunk,Kurunegala-Dambulla Road,True,A6
7770372639,2093606919,9618.028956462356,trunk,Kurunegala-Dambulla Road,False,A6
7770372644,562824290,13764.04257624421,trunk,Kurunegala-Dambulla Road,False,A6
7770372644,7770372639,1444.1858795063786,trunk,Kurunegala-Dambulla Road,True,A6
7786917078,324966462,9.231544453480433,secondary,Wathupitiwala Road,False,
7786917078,617970086,3232.855516930721,secondary,Wathupitiwala Road,False,
7786917078,7786924226,2422.284185125705,trunk,Colombo-Kandy Road,True,A1
7786924226,667426156,9.629666871434578,primary_link,,False,
7786924226,639297344,5398.812590329578,primary,Thihariya-Warapalana Road,False,B416
7786924226,7786924237,497.0976619432361,trunk,Colombo-Kandy Road,True,A1
7786924237,3737231765,8.820889983104518,primary_link,,False,
7786924237,7786924250,984.545101573495,trunk,Colombo-Kandy Road,True,A1
7786924250,13083883262,8.659118469517992,primary_link,,False,B179
7786924250,7621971279,535.5161144167372,trunk,Colombo-Kandy Road,True,A1
7795511705,6632178175,625.9399611866174,trunk_link,,True,
7795511709,3261809905,34.8493103613676,primary,Hambantota-Gonnoruwa-Meegahajandura Road,True,B631
7795511709,7795511705,64.92514538860485,trunk_link,,True,
7795511714,6632178172,48.99255468854084,trunk_link,,True,
7795511714,6632178150,63.53442496524093,trunk_link,,True,
7903823164,2087105380,480.56812738479505,primary,Biyagama Makola Road,False,B632
7903823164,3600449270,100.36281742089743,primary,Biyagama Makola Road,True,B632
7927504077,566553126,8.430164063213939,secondary,Madatugama-Pubbogama-Andiyagala Road,False,B556
7927504077,3522137034,13267.043280677935,secondary,Madatugama-Pubbogama-Andiyagala Road,False,B556
7927504077,7927509189,290.60353284453095,trunk,Anuradhapura Road,True,A9
7927504084,5302260404,10401.01518740633,trunk,Anuradhapura Road,False,A9
7927504084,7927504077,349.73971867498807,trunk,Anuradhapura Road,True,A9
7927509189,1981147403,6742.264875877115,trunk,Anuradhapura Road,False,A9
7927509189,566553126,293.22457813933306,trunk,Anuradhapura Road,True,A9
7961874511,3199110537,360.10299364799994,secondary,,True,
7961874515,13727362509,39.25132236994577,secondary,,True,
7961874515,13727362540,47.09070718960729,secondary_link,,True,
7961874516,13727362519,26.304565090803603,secondary,,True,
7961874516,2648621836,10.449467969903345,secondary_link,,True,
8014319682,8014319683,9.406376905386974,trunk,Maradankadawala-Habarana Road,False,A11
8014319682,567011739,402.94043906403004,trunk,Anuradhapura Road,True,A9
8014319683,8014319682,9.406376905386974,trunk,Maradankadawala-Habarana Road,False,A11
8014319683,567011837,8699.668906474277,trunk,Maradankadawala-Habarana Road,False,A11
8014319683,8014344204,145.1238923786828,trunk,Anuradhapura Road,True,A9
8014344204,4914548524,3852.0571406423883,trunk,Anuradhapura Road,False,A9
8014344204,8014319682,145.19362630962786,trunk,Anuradhapura Road,True,A9
8032417732,1880627764,58.490796719561054,trunk,Puttalam-Anuradhapura-Trincomalee Road,False,AA012
8032417732,8032417737,30.04848995947885,trunk,Puttalam-Anuradhapura-Trincomalee Road,True,AA012
8032417733,2093935572,1255.116852844144,trunk,Puttalam-Anuradhapura-Trincomalee Road,False,AA012
8032417733,8032417743,24.504763502455212,trunk,Puttalam-Anuradhapura-Trincomalee Road,True,AA012
8032417734,1880627815,116.96011744196497,trunk,Kandy-Jaffna Road,False,A9
8032417734,8032417746,22.523127659707647,trunk,Kandy-Jaffna Road,True,A9
8032417735,8032417740,21.98939984824004,trunk,Kandy-Jaffna Road,True,A9
8032417735,1880627813,292.2509030953582,trunk,Kandy-Jaffna Road,False,A9
8032417737,8032417734,22.158068367238055,trunk,Kandy-Jaffna Road,True,A9
8032417737,8032417746,14.486472788716505,trunk,Jaffna-Kandy Road,True,AA009
8032417740,8032417732,31.260814733115446,trunk,Puttalam-Anuradhapura-Trincomalee Road,True,AA012
8032417740,8032417737,13.387532843753712,trunk,Jaffna-Kandy Road,True,AA009
8032417743,8032417735,22.62427877386855,trunk,Kandy-Jaffna Road,True,A9
8032417743,8032417740,11.116302304243465,trunk,Jaffna-Kandy Road,True,AA009
8032417746,8032417733,24.272807732774336,trunk,Puttalam-Anuradhapura-Trincomalee Road,True,AA012
8032417746,8032417743,10.922782169275681,trunk,Jaffna-Kandy Road,True,AA009
8082580144,9634869050,10.370104551661637,primary_link,,False,
8082580144,10130181954,18.813348410485723,trunk,Galle Road,True,A2
8082580144,2280537322,47.744998709183946,primary,Katukurunda-Neboda Road,True,B207
8112505448,3851226779,8.881516723841695,trunk_link,,False,
8112505448,403899731,729.3403137688653,trunk,Negombo Road,True,A3
8169922827,2087260972,14.139150794278082,trunk,Yatiyantota Road,False,A7
8169922827,191856851,868.0802294017783,trunk,Yatiyantota Road,False,A7
8222742922,3141868650,1221.4445247009212,primary,Polduwa Road,True,B653
8279646115,2638058705,31.34879414486237,trunk,Anuradhapura - Padeniya Road,True,AA028
8279646115,8279649724,13.859786152188335,trunk,,True,
8279649718,2638058811,36.45851506543307,trunk,Anuradhapura - Padeniya Road,True,AA028
8279649718,4396503415,16.600857165921187,trunk,,True,
8279649724,8279649718,16.49418710345142,trunk,,True,
8312180939,912273614,20516.39678699906,primary,"['Muwagama Bridge', 'Ratnapura-Palawela Road', 'Palawela-Karawita Road']",False,B390
8312180939,8441040522,37.385064761118436,primary_link,,True,
8312180939,3771886827,32.782657974208114,primary,Ratnapura-Palawela Road,True,B390
8336642961,7323226158,328.08981298205725,secondary,,False,
8421010096,8421010098,21.765275556891957,secondary,Kuruwita-Erathna Road,True,
8421010096,3104872055,29616.681645610264,secondary,"['Erathna - Sri Pada Road', 'Erathna - Deraniyagala Road', 'Kuruwita-Erathna Road']",False,
8421010097,8421010096,24.3884818048076,secondary,Kuruwita-Erathna Road,True,
8421010097,8421010098,15.907936858841964,trunk,Colombo Road,False,A4
8421010097,3090559903,15373.941235043832,trunk,"['Colombo-Ratnapura Road', 'Kuru Ganga Bridge', 'Colombo Road']",False,A4
8421010098,2149942832,3969.100227418431,trunk,Colombo Road,False,A4
8421010098,8421010097,15.907936858841964,trunk,Colombo Road,False,A4
8441040522,5303300108,706.7643066523808,primary,Bandaranaike Mawatha,True,AB14
8567388506,619742785,69.62868320001266,primary,Kaduwela – Athurugiriya Road,True,B174
8567388506,8567390725,22.088306627649153,primary,,True,
8567390717,619742791,40.78626770286387,primary,Kaduwela – Athurugiriya Road,True,B174
8567390717,8567390721,15.534372414671184,primary,,True,
8567390721,8567388506,20.53177492032262,primary,,True,
8567390725,8567390717,32.7711810754958,primary,,True,
8605932095,2382152045,14.614144581296728,primary,Buwelikada Road,True,B69
8605932095,8605932100,13.446570091098888,primary,Buwelikada Road,True,B69
8605932100,2382152045,8.882390245078657,trunk,Anagarika Dharmapala Mawatha,False,A26
8605932100,2382152014,16.62743981884064,primary,Buwelikada Road,True,B69
8605932100,2078322240,19.886028940719036,trunk,Anagarika Dharmapala Mawatha,False,A26
8606053715,3805786089,30.025010816401764,primary_link,,True,
8606053715,6509196200,107.49363358585195,primary_link,,False,
8626564846,1697582696,4139.280615599364,primary,Padukka - Ingirya Road,False,B240
8626564846,8626564849,9.758354803212825,primary,,True,
8626564849,13149927791,9500.915038622135,primary,Horana - Padukka Road,False,B123
8626564849,5366204163,8.48018853972081,primary,,True,
8626564856,1697583653,1437.708880076643,primary,Galagedara - Padukka Road,False,B123
8626564856,5366204208,52.20616760451587,primary,Galagedara - Padukka Road,False,B123
8626564856,5366204208,56.1293789213953,secondary,Galagedara - Padukka Road,False,B123
8626940908,7042347623,2891.4553423167595,trunk,Kandy - Jaffna Road,False,AA009
8626940908,2152832499,2717.817957006098,trunk,Kandy - Jaffna Road,True,AA009
8701260315,60796641,188.3109642676413,secondary,Maitland Crescent,False,
8701260315,10682149772,48.04536197231678,secondary,Maitland Crescent,True,
8703211017,47822231,861.042435461083,trunk,Matara Road,False,A2
8703211017,59947552,546.3724385768845,trunk,Matara Road,False,A2
8703211017,12553497571,650.8946092924926,primary,Circular Road,False,B129
8726439508,8726439509,16.313949711699053,trunk,Matara-Hambantota Road,False,A2
8726439508,6272263363,326.0583265845326,trunk,New Hambantota Road,True,New-A2
8726439508,1986887586,4600.955298157052,trunk,Matara-Hambantota Road,False,A2
8726439509,8726439508,16.313949711699053,trunk,Matara-Hambantota Road,False,A2
8726439509,3671782472,1839.59700681524,trunk,Old Hambantota Road,False,Old A2
8736765754,3775399923,4350.379317123296,primary,Mahiyanganaya Road,False,B36
8736765754,2057039735,61.635067783913556,primary,King's Street,False,B30-9
8736765754,10607575538,158.59931480993254,trunk,Bandarawela Road,False,A5
8736765754,2057045370,311.5980732435418,trunk,Bandarawela Road,False,A5
8770467948,4139420762,39.12044646335557,trunk,Kandy Road,True,A6
8770467948,4062722959,16.85342422744497,trunk,,True,
8771443546,8771443562,20.11441640250028,secondary,Pannala-Kuliyapitiya Road,True,B356
8771443546,8771443550,38.99710978366587,primary_link,,True,
8771443550,8771443572,26.731447247221062,primary,Kurunegala-Negombo Road,True,B308
8771443550,617810971,11214.65532246825,primary,Kurunegala - Negombo,False,B308
8771443550,8771443554,38.14821660603209,primary_link,,True,
8771443557,8771443560,8.924526172125109,primary,,True,
8771443560,8771443575,31.184275440279936,secondary,Pannala-Kuliyapitiya Road,True,B356
8771443560,8771443562,9.095079298081627,primary,,True,
8771443562,8771443563,3.0618981708313084,primary,,True,
8771443563,8771443550,28.17339837773381,primary,Kurunegala-Negombo Road,True,B308
8771443563,8771443572,9.167971447777479,primary,,True,
8771443572,8771443573,24.093843825900393,primary,,True,
8771443573,617799602,23.77919581545019,primary,Negombo-Kurunegala Road,True,B308
8771443573,8771443557,8.961571341652956,primary,,True,
8771443575,8771443546,9.580318905826323,secondary,Pannala-Kuliyapitiya Road,True,B356
8771443575,3628051370,6084.668639395118,secondary,Pannala-Kuliyapitiya Road,False,B356
8795417507,1401473103,36.07207817155881,trunk,Jayanthi Mawatha,True,A12
8795417507,1401473132,18.00188900079351,trunk,Buddha Jayanthi RB,True,
8795417508,4137359439,41.5906348876893,primary,Bandaranaike Mawatha,True,B397-8
8795417508,8795417509,15.340722466913862,trunk,Buddha Jayanthi RB,True,
8795417509,13567087010,4.4061846491909895,trunk,Buddha Jayanthi RB,True,
8795417511,8795417512,3.346178492813552,trunk,Buddha Jayanthi RB,True,
8795417512,4137359438,53.54232355940736,trunk,Bandaranaike Mawatha,True,A13
8795417512,1401473107,20.61318359277167,trunk,Buddha Jayanthi RB,True,
8864816852,8864816863,3.3592378597256265,primary,,True,
8864816852,1676752919,292.0205359547537,secondary,Boundary Road,False,
8864816853,1676753019,3.644079958291999,primary,,True,
8864816856,8864816859,14.650850044512675,primary,,True,
8864816859,8864816862,9.259414154856575,primary,,True,
8864816859,8864816867,39.30876932735075,primary,Bar Road,True,B46
8864816862,8864816852,7.272436001919728,primary,,True,
8864816863,1681155624,18.751672671456294,secondary,Mamankap Pillaiyar Kovil Road,True,
8864816863,8864816853,6.744196409648932,primary,,True,
8864816866,8864816856,16.280246197569884,primary,Bar Road,True,B46
8864816866,2354387318,3031.9440814070736,primary,Bar Road,False,B46
8864816867,2626866857,1125.567924934272,primary,Bar Road,False,B46
8864816867,8864816862,37.15237109743077,primary,Bar Road,True,B46
8865864660,6509196189,14.526399717591296,trunk,Katugastota Road,True,A9
8865864660,8865864661,9.076986935983177,primary_link,,True,
8865864661,7227878082,6.250637844137022,trunk,Katugastota Road,True,A9
8865864662,6130189220,16.612882561000827,primary,Dharmashoka Mawatha,True,B550
8865864663,6509196189,22.006749440822794,primary_link,,True,
8865864663,8865864660,16.70412784974787,primary_link,,True,
8910656318,13567706050,17.381077783333943,primary,Jayanthi Mawatha,True,AB2-4
8910656318,13567706051,14.643070317768682,primary,Lion Pillar Roundabout,True,
8910656320,8910656318,9.096203506653483,primary,Lion Pillar Roundabout,True,
8910656321,8910656320,29.532282700224155,primary,Sri Maha Bodhi Mawatha (Market Street),True,AB2-7
8910656321,13567706083,66.8711772154086,primary,Sri Maha Bodhi Mawatha (Market Street),False,AB2-7
8933799511,8933799512,77.40342820609266,trunk,Gampaha-Yakkala Road,True,A33
8933799511,3798986723,791.0331198266122,primary,"['Queen Mary Road', 'Rest House Road']",False,B569
8933799512,3592104628,42.909017931356104,trunk,Gampaha-Yakkala Road,True,A33
8936981953,257926216,131.86073142386482,trunk,Sri Dalada Veediya,True,A1
8936981953,3021911951,722.7166328892424,primary,"['Yatinuwara Veediya', 'Hill Street (Kande Veediya)']",True,"['B520', 'B519']"
8943511124,599141434,12.280209444569099,secondary,,False,
8943511124,5916583535,207.21281862017824,primary,George R. de Silva Mawatha,True,AC11
8944102122,7153699537,9.569863434388486,primary,New Baladaksha Mawatha,False,
8944102122,12564186527,200.80897837404808,trunk,Galle Face Centre Road,True,A2
8951049861,2091781232,136.81587572385683,primary,Old Road,True,B335
8953454696,2833603895,93.91564239309514,secondary,Old Trincomalee Road,True,B164
8953454696,13577179092,8.781780572787444,trunk_link,,True,
8977212317,8977212331,3.6434072951122336,primary,Baseline Road,False,B598
8977212317,4446651438,4.080004609501645,primary,Baseline Road,False,B598
8977212331,8977212317,3.6434072951122336,primary,Baseline Road,False,B598
8977212331,11722038133,144.41400682671886,primary,Baseline Road,False,B598
8977212331,3243843706,38.850562166778644,primary_link,,False,
9041600940,9072859382,0.9871229249047643,trunk,,True,
9041600943,2837518594,30.055866085559597,trunk,Anuradhapura - Padeniya Road,True,AA028
9041600943,9041600940,13.464306842212315,trunk,,True,
9041600946,9041600943,13.528134762350145,trunk,,True,
9041600949,2837518575,34.704952459421335,trunk,Anuradhapura - Padeniya Road,True,AA028
9041600949,9041600946,13.066836186946746,trunk,,True,
9041600956,9041600949,2.15965478415367,trunk,,True,
9072859382,7034884152,29.442763051088754,primary,,True,B213
9072859382,9041600956,9.90444113434564,trunk,,True,
9075697853,9075697856,56.47215866151542,secondary,Jayantha Weerasekara Mawatha,True,AC13
9075697856,9075697857,8.710915182553782,secondary_link,,False,
9075697856,9075697858,765.4171261264918,secondary,Jayantha Weerasekara Mawatha,True,AC13
9075697857,9075697856,8.710915182553782,secondary_link,,False,
9075697857,619224265,61.39988284212946,secondary,"['Maligawatta Road', 'Jayantha Weerasekara Mawatha']",True,"['AC18', 'AC13']"
9075697858,6233578631,376.4683805959141,primary,"['Panchikawatte Road', 'P. de S. Kularatne Mawatha']",True,"['AC22', 'AC19']"
9075818013,256664026,32.32532006398364,primary,Colombo-Piliyandala-Horana Road,True,B84
9075818013,6260384173,49.67594397981817,primary_link,,True,
9075842334,3504273406,8.253250544644454,primary_link,,False,
9075842334,9075842399,621.8089299616926,primary,Colombo-Piliyandala-Horana Road,True,B84
9075842358,9075842334,559.8540038917162,primary,Colombo-Piliyandala-Horana Road,True,B84
9075842367,9075842371,151.2226184406862,primary,Colombo-Piliyandala-Horana Road,True,B84
9075842371,9075842383,7.978058650138458,primary_link,,False,
9075842371,3902482860,734.3176189770629,primary,Colombo-Piliyandala-Horana Road,True,B84
9075842383,9075842371,7.978058650138458,primary_link,,False,
9075842383,9075842392,168.8179855873812,primary,Colombo-Piliyandala-Horana Road,True,B84
9075842392,3521510211,8.394040823205401,primary,Colombo-Piliyandala-Horana Road,True,B84
9075842399,5373596579,42.14061875255624,primary_link,,True,
9075842399,5373596576,43.40810337591539,primary,Colombo-Piliyandala-Horana Road,True,B84
9180242955,6234042681,573.1128596966904,secondary,Ven. Baddegama Wimalawansa Thero Mawatha (Dean's Road),True,
9201280517,4004620073,12.135311050915789,trunk,,True,
9201280517,4004630079,23.159159419091992,trunk,Sri Dalada Veediya,True,A1
9243057496,61802753,227.32236320121567,secondary,Cambridge Place,True,
9282393896,5257292853,158.53515833224355,secondary,Thuparamaya Mawatha,False,B397-2
9282393896,4099888824,4.337501322013949,primary,,True,
9282772872,1402737653,20.54279283224089,primary,Villachchi Road (New Ellakkattuwa Road),True,B397-9
9282772872,4099707550,8.761431253989224,primary,Sri Saranankara Sangarakkhitha Mawatha (Vessagiriya Road),True,
9291504362,7461966816,35.421241438645154,secondary,San Sebastian Hill,True,
9291504362,13676744644,11.357142462514286,secondary,,True,
9291504374,9291504377,7.607537818642093,secondary,Mihindu Mawatha – San Sebastian Hill Roundabout,True,
9291504377,3825059831,7.519278276357678,secondary,Mihindu Mawatha – San Sebastian Hill Roundabout,True,
9291504377,13676891372,47.56090140889722,secondary,Mihindu Mawatha,True,
9291504385,9291504374,9.858535080057228,secondary,Mihindu Mawatha – San Sebastian Hill Roundabout,True,
9291504385,13676891358,26.31036826050513,secondary,San Sebastian Hill,True,
9322671512,9322671951,51.76764296161494,primary,Maithreepala Sirisena Road,True,
9322671512,9322671926,39.90821299852808,primary_link,,True,
9322671515,1241527366,41.53874159279151,trunk,Habarana-Polonnaruwa-Batticaloa Road,False,A11
9322671515,1241527372,1686.4785045138483,trunk,Habarana-Polonnaruwa-Batticaloa Road,False,A11
9322671926,6264594174,36.20897514961102,secondary,New Town Road,False,
9322671926,2822324320,4034.392777029189,secondary,New Town Road,False,
9322671929,9322671961,38.239629324166245,secondary,,True,
9322671930,9322671929,23.634785129230714,secondary,New Town Road,True,
9322671930,1241527372,502.19392731592103,secondary,New Town Road,False,
9322671934,1241535500,47.36145593122202,secondary,,True,
9322671951,9322671952,5.066769653945697,secondary,,True,
9322671952,6264594174,18.696389657657843,secondary,New Town Road,True,
9322671952,9322671934,26.420198708023207,secondary,,True,
9322671961,9322671515,1682.8567372486432,primary,Maithreepala Sirisena Road,True,
9322671961,9322671951,20.253341335999657,secondary,,True,
9394230349,9394230350,11.942439862175837,trunk_link,,False,
9394230349,2279244474,547.9949607039408,trunk,Habarana-Polonnaruwa-Batticaloa Road,True,A11
9394230350,9394230349,11.942439862175837,trunk_link,,False,
9394230350,9394230354,1205.3437102253167,trunk,Habarana-Polonnaruwa-Batticaloa Road,True,A11
9394230354,1241527372,644.7937383080226,trunk,Habarana-Polonnaruwa-Batticaloa Road,False,A11
9394230354,9429896951,168.1917866683242,trunk,Habarana-Polonnaruwa-Batticaloa Road,True,A11
9394245009,9394245015,16.848686675465704,primary,Kantale-Allai Road,True,B10
9394245011,9394245013,20.28829579060521,primary,Kantale-Allai Road,True,B10
9394245011,9428150314,28.843505347403802,primary_link,,True,
9394245013,9394245009,19.53590725349387,primary,Kantale-Allai Road,True,B10
9394245013,9428150314,22.245917692158162,trunk,Trincomalee-Batticaloa Road,False,A15
9394245013,1685803214,21.60735731641902,trunk,Trincomalee-Batticaloa Road,False,A15
9394245015,1242694030,39096.014754822354,primary,Kantale-Allai Road,False,B10
9394245015,9394245011,17.181962011117275,primary,Kantale-Allai Road,True,B10
9396199881,2830957526,28.555073697007256,primary,Gabo's Roundabout,True,
9396199881,3816444787,55.41321370662634,primary,Sea Street,True,
9396246082,6685478667,9.072539882733404,trunk,,True,
9399822974,4706187708,16.33438377814527,primary,Circular Road,True,
9406617684,9406617692,7.232390939019767,primary,,True,
9406617684,11722038133,51.268597036355494,primary,Baseline Road,True,B598
9406617687,9406617684,20.764542980389447,primary,,True,
9406617689,13534166712,3.527168802340579,primary,,True,
9406617691,11722038126,37.038065063666856,secondary,Katunayake Kotugoda road,True,
9406617691,9406617689,13.068202484783937,primary,,True,
9406617692,9406617691,3.3261949483309667,primary,,True,
9406713271,3316122466,4.1756721127234515,trunk,,True,
9406760943,5075907874,155.08919958259798,secondary,Elahera-Giritale Road,False,B112
9406760943,5075907972,7.563304950971361,primary,,True,
9407052256,3618872674,1650.9273592961965,primary,William Gopallawa Mawatha,True,AB42
9407052256,3780934113,15.399347866092484,trunk,,True,
9407052257,3618872658,18.69893697049803,trunk,Sirimavo Bandaranaike Mawatha (Peradeniya Road),True,A1
9407052257,3780823908,12.655707064062618,trunk,,True,
9427842409,2079053634,18.528071335899057,trunk,Clock Tower Roundabout,True,
9427842409,9427842410,28.796589589284807,primary,Munai Street,True,B298
9427842410,2079053634,25.966318264671944,primary,Munai Street,True,B298
9427842410,2295729728,414.61024084583886,primary,Munai Street,False,B298
9427844828,1541715354,8.914014148796351,primary_link,,False,
9427844828,1676588936,449.5173686865581,primary,Lady Manning’s Drive,False,B542
9427844828,2079053659,128.67599718768597,trunk,"['Koddamunai Bridge', 'Trincomalee Road']",True,A15
9427992821,2295729729,915.5337860205095,primary,Lake Road No. 1,False,B250
9427992821,1675641381,14.920152514579364,primary,,True,
9427992826,4074853003,14327.02267807584,secondary,"['Veechukalmunai Bridge', 'Airport Road', 'Vavunathivu Bridge', 'Valaiyirove Veethy', 'Batticaloa Road', 'Karadiyanaru Road']",False,
9427992826,9427992821,17.761573240233528,primary,,True,
9428150314,1880414150,9029.107218825176,trunk,"['Trincomalee-Batticaloa Road', 'Kiliveddi Bridge']",False,A15
9428150314,9394245013,22.24591769215816,trunk,Trincomalee-Batticaloa Road,False,A15
9429896951,9429896955,53.02426066061398,trunk,Habarana-Polonnaruwa-Batticaloa Road,True,A11
9429896951,9429896954,33.00325919961199,trunk_link,,True,
9429896955,9394230349,985.6842690990746,trunk,Habarana-Polonnaruwa-Batticaloa Road,True,A11
9429896958,9429896955,30.0596632124443,trunk_link,,True,
9460815101,3764721086,7.919980731842582,primary,,True,
9460815101,9464208008,32.18218990629153,primary,Sri Uttarananda Mawatha,True,
9462080182,662326567,31.39354840833895,trunk,Kanatta Roundabout,True,
9462668423,1981311694,14760.172126030162,primary,Dolosbage Road,False,B132
9462668423,2686377371,10579.709482325701,primary,Nawalapitiya-Dolosbage Road,False,B318
9462668423,3745318479,8539.037227878787,primary,Gampola-Dolosbage Road,False,B318
9464208008,6272042585,39.522021670750675,primary,Sri Uttarananda Mawatha,False,
9464208008,3764721086,27.594230006205002,primary,Sri Uttarananda Mawatha,True,
9465124703,60796751,265.5480110928668,primary,Ven. Murutthettuwe Ananda Nahimi Mawatha (Thimbirigasyaya Road),False,
9465124703,13698430254,52.50561036673966,primary,Ven. Murutthettuwe Ananda Nahimi Mawatha (Thimbirigasyaya Road),True,
9468145020,1280868423,286.07919846735143,primary,Sir Mohamed Macan Makar Mawatha,False,
9468145020,130019052,12.65263625764975,trunk,Galle Face Roundabout,True,
9468271507,3825207097,34.870608163072106,trunk,Janadhipathi Mawatha,True,A2
9468271507,669217870,22.707526943946128,trunk,Lotus Round About,True,
9470509023,9470509024,8.739738475039038,primary,Sir Mohamed Macan Markar Mawatha,True,
9470509024,670802546,58.361839663170045,primary,New Baladaksha Mawatha,True,
9470509024,9470509031,20.387656699558235,primary,Sir Mohamed Macan Markar Mawatha,True,
9470509031,670802545,25.65036136978773,primary,Sir Mohamed Macan Markar Mawatha,True,
9473965630,3199118537,24.356493626608135,primary,Khan Clock Tower Roundabout,True,
9483005842,9396199881,7.78364966808004,primary,Gabo's Roundabout,True,
9485258137,5904513454,52.98472525774438,secondary,Sir Ratnajothy Saravanamuttu Mawatha (Wolfendahl Street),True,
9485258137,9483005842,13.021240871734873,primary,Gabo's Roundabout,True,
9485258187,3816444789,42.33508379192718,primary,Main Street,False,AC17
9485258187,13367765274,63.83589670304704,primary,Main Street,False,AC17
9491622364,9560237825,34.92069419376708,primary,,True,
9513937129,9562328829,18.771805602769625,primary,Bauddhaloka Mawatha,True,B82
9513937129,3575249194,7.164286019084335,trunk,Ambepussa-Kurunegala Road,True,A6
9513937130,9562328826,28.71150299955834,trunk,Ambepussa-Kurunegala Road,True,A6
9513937130,9513937129,9.126367664791477,primary,"['U. B. Wanninayake Mawatha', 'Bauddhaloka Mawatha']",True,B82
9513937134,9568699375,31.68890892675519,trunk,Kurunegala - Kandy Road,True,A10
9513937134,617806916,89.83825020195857,trunk,Kurunegala - Kandy Road,False,A10
9513937134,5320836383,52.55368744897473,trunk_link,,True,
9513937138,9568699375,7.673415023986255,trunk,Kurunegala-Dambulla Road,True,A6
9513937138,9513937134,30.88416997199912,trunk,Kurunegala - Kandy Road,True,A10
9547857711,10264115338,7.9321663859625895,primary,Pamankada Road,False,AC21
9547857711,269351924,297.35103860160433,primary,Pamankada Road,False,AC21
9547857711,10740616709,479.88343136039936,primary,Havelock Road,True,B84
9560237825,654159864,7.814640267288187,primary,,True,
9560237825,654159865,30.168526807706947,primary,Sea Beach Road,True,AC26
9562328818,904233212,15.51038772361361,primary,U. B. Wanninayake Mawatha,True,B82
9562328819,9513937130,21.045500923002443,primary,U. B. Wanninayake Mawatha,True,B82
9562328819,9562328826,40.496267101899406,primary_link,,True,
9562328822,9562328834,19.792977676639865,trunk,Ambepussa-Kurunegala Road,True,A6
9562328822,9562328818,22.969053699856577,primary_link,,True,
9562328826,3064600110,1396.8885712824424,trunk,Ambepussa-Kurunegala Road,True,A6
9562328827,9513937129,28.543481326186885,trunk,Ambepussa-Kurunegala Road,True,A6
9562328827,9562328829,31.1989389150737,primary_link,,True,
9562328829,562824877,13.564226286860183,primary,Bauddhaloka Mawatha,True,B82
9562328833,3575249194,20.693120647523177,primary,Bauddhaloka Mawatha,True,B82
9562328833,5248343532,32.29615574798816,primary_link,,True,
9562328834,9513937130,7.482125797742875,trunk,Ambepussa-Kurunegala Road,True,A6
9562328834,9562328818,19.06107641799706,primary,U. B. Wanninayake Mawatha,True,B82
9565070864,5037942619,7.222006391866659,primary_link,,True,
9565070864,9547857711,67.81829515665908,primary,Havelock Road,True,B84
9565070865,9565070864,9.239561809246517,primary,Havelock Road,True,B84
9565952986,3822164769,312.86715197507493,trunk,Galle Road,True,A2
9565952987,9565952986,7.86713875388423,trunk_link,,True,
9565952987,618273393,129.51132767441936,trunk,Galle Road,True,A2
9567743870,9396246082,49.937526296979364,trunk,Trincomalee Road,True,A15
9567743870,1725061816,1601.1628089535639,trunk,Trincomalee Road,False,A15
9568699369,4548513547,354.9932175750768,trunk,Kurunegala-Dambulla Road,True,A6
9568699375,4944055508,9.42717989488264,trunk,Kurunegala - Puttalam Road,True,A10
9568699375,5320836383,30.385783472902748,trunk,Ambepussa-Kurunegala Road,True,A6
9570235011,1723290267,1487.0973361370523,primary,Timbolketiya-Tanamalwila Road,False,B427
9572634367,3836856289,2437.4349939199183,trunk,Kandy-Mahiyanganaya-Padiyatalawa Road,True,A26
9572634367,10130033784,15330.114597076716,trunk,"['Kandy-Mahiyanganaya-Padiyatalawa Road', 'Ulhitiya Oya Bridge']",False,A26
9577055309,2068144145,9.931432900271608,primary,Dehiwela Road (Dehiwela-Maharagama Road),True,B94
9577055310,9676457522,26.184169673512432,trunk,High Level Road,False,A4
9577055310,9577055313,14.412129829960168,trunk,High Level Road,False,A4
9577055310,9577055309,28.074861359672127,primary,Dehiwela Road (Dehiwela-Maharagama Road),True,B94
9577055311,9577055313,29.3677893049961,primary,Dehiwela Road (Dehiwela-Maharagama Road),True,B94
9577055311,9676457521,40.33508941476498,trunk_link,,True,
9577055313,9676457521,20.402268968281984,trunk,High Level Road,False,A4
9577055313,9577055310,14.412129829960168,trunk,High Level Road,False,A4
9580103932,678335056,26.383035468435914,primary,Bauddhaloka Mawatha,True,AC2
9628046175,6524681176,34.0512190455878,trunk,Ananda Coomaraswamy Mawatha,True,A0
9628046175,3164393649,124.01673037636658,trunk,Sir Ernest de Silva Mawatha,True,A4
9634869050,8082580144,10.370104551661637,primary_link,,False,
9634869050,10130181953,78.63990692436535,trunk,Galle Road,True,A2
9635214349,3264925428,1.0168139895585462,primary,Mahasen Roundabout,True,
9635214351,3264925420,2.0392402007411206,primary,Mahasen Roundabout,True,
9676457521,9577055313,20.402268968281984,trunk,High Level Road,False,A4
9676457521,5565782276,95.82802240864834,trunk,High Level Road,False,A4
9676457522,9577055310,26.184169673512432,trunk,High Level Road,False,A4
9676457522,6006772899,380.5893659133328,trunk,High Level Road,False,A4
9676457522,9577055309,39.06532309378066,trunk_link,,True,
9734329673,10880095739,48.0608296416668,primary_link,,True,
9734329673,619732375,16.97285840825118,primary,Dr. Colvin R. de Silva Mawatha (Union Place),True,
9740487199,3649036760,28.06145925807972,trunk_link,,True,
9740487199,2560879663,16.9168732712361,trunk,Vijaya Kumaratunga Mawatha,True,
9748233243,9748233247,13.543142456049322,primary,"Approach Road to Aerodrome, Ratmalana",False,B24
9748233243,9748233247,35.80744440098072,primary,"Approach Road to Aerodrome, Ratmalana",False,B24
9748233243,7168896405,36.45365538148204,primary,"Approach Road to Aerodrome, Ratmalana",False,B24
9748233247,11037159201,2479.398917584242,primary,"Approach Road to Aerodrome, Ratmalana",False,B24
9748233247,9748233243,35.80744440098072,primary,"Approach Road to Aerodrome, Ratmalana",False,B24
9748233247,9748233243,13.543142456049322,primary,"Approach Road to Aerodrome, Ratmalana",False,B24
9752443846,1397099213,168.60797930011012,primary,Centre Road,False,B27-17
9752443846,1397128195,27.266497871563864,primary,Centre Road,False,B27-17
9752443846,603247200,26.719750318158916,primary,Centre Road,False,B27-17
9754473426,3268426144,2458.0315622793246,primary,Chavalakadai-Chadayantalawa Road,False,B77
9754473426,3649843433,7262.220405857273,primary,Chadayantalawa-Uhana Road,False,B73
9754473426,1792802761,5886.0917314222925,primary,Malwatte-Chadayantalawa Road,False,B266
9766180818,4376985006,676.240648556348,secondary,,False,
9790518649,1721577214,18097.68885001935,primary,Buttala-Sella Kataragama Road,False,B35
9790518649,3264925411,25751.270768355054,primary,"['Kataragama-Sella Kataragama Road', 'Buttala-Sella Kataragama Road']",False,"['B202', 'B35']"
9790518649,7273820519,4661.150508921337,primary,,False,
9795422576,12328410054,25.974189655972452,trunk,,True,
9795422576,250131881,386.47662792908153,trunk,"['Mahanama Bridge', 'New Tangalle Road', 'Anagarika Dharmapala Mawatha', 'Tangalle Road']",True,A2
9837778025,2094553959,468.6939827375676,secondary,,False,
9882336681,1831898405,7313.750198379562,"['secondary', 'primary']","['Horawala-Hemmathagama Road', 'Aranayaka-Horawala Road', 'Hemmathagama-Horawala Road', 'Mawanella-Aranayaka-Horawala Road']",False,B278
9882336681,1981311694,11805.428338226187,primary,Mawanella-Hemmathagama-Singhapitiya Road,False,B279
9882336681,3226211756,13911.755565991145,primary,Mawanella-Hemmathagama-Singhapitiya Road,False,B279
9924565829,620382516,21.623769495302454,secondary,Alfred Place,False,
9924565829,9924565830,26.56069819044688,secondary,Bagatalle Road,False,
9924565829,127658599,415.4927766219641,secondary,Alfred Place,False,
9924565830,9924565829,26.56069819044688,secondary,Bagatalle Road,False,
9924565830,13673393240,219.1754509155677,trunk,Cumaratunga Munidasa Mawatha,True,A4
9959089698,129615942,24.78476408691185,trunk,High Level Road,False,A4
9959089698,129615924,565.3707484888826,trunk,High Level Road,False,A4
9959089698,9959089701,36.579667868230004,trunk_link,,True,
9959089701,129615942,27.277814330487708,primary,Pepiliyana Road,False,B389
9959089701,6260384173,1211.4565203104496,primary,Pepiliyana Road,False,B389
9959089701,651260245,43.97570071006787,trunk_link,,True,
9981050817,618033109,28.900048200648648,secondary,Maitland Crescent,True,
9981050817,60797501,126.74982124332283,secondary,Maitland Crescent,False,
10016226406,2001999485,23079.38142933055,trunk,Badulla-Chenkaladi Road,False,A5
10016226406,1783974992,36.96482880431259,trunk,Badulla-Chenkaladi Road,False,A5
10016226413,1783974992,8.741670621414244,trunk,Badulla-Chenkaladi Road,False,A5
10016226413,10016226414,17.57878337321784,trunk,Badulla-Chenkaladi Road,False,A5
10016226413,13431444639,25.660071034241405,trunk,Kandy-Mahiyanganaya-Padiyatalawa Road,True,A26
10016226414,2401185742,21250.99784831201,trunk,Badulla-Chenkaladi Road,False,A5
10016226414,13431444639,18.437271606602707,trunk_link,,True,
10016226414,10016226413,17.57878337321784,trunk,Badulla-Chenkaladi Road,False,A5
10035915708,1278079633,204.63605589322452,primary,Dr. C. W. W. Kannangara Mawatha (Alexandra Place),True,
10049535833,1697645957,4574.981162036999,secondary,Ihala Bope-Labugama Road,False,
10049535833,1697584137,30.22631450509368,secondary,Ihala Bope-Labugama Road,True,
10065277044,10065277052,42.85369727399306,primary,Weragantota-Randenigala Road,True,B474
10065277044,5120422165,24709.011427878042,primary,Weragantota-Randenigala Road,False,B474
10065277052,10065277058,21.126461571888136,trunk,Kandy-Mahiyanganaya-Padiyatalawa Road,False,A26
10065277052,2055564960,4850.028794737806,trunk,Kandy-Mahiyanganaya-Padiyatalawa Road,False,A26
10065277058,1974698416,545.6729885071555,trunk,Kandy-Mahiyanganaya-Padiyatalawa Road,False,A26
10065277058,10065277052,21.126461571888136,trunk,Kandy-Mahiyanganaya-Padiyatalawa Road,False,A26
10065277058,10065277044,37.49153332025838,primary,Weragantota-Randenigala Road,True,B474
10075982286,10076000309,1091.5986579639764,secondary,,False,
10076000258,10076000309,275.25486484536736,secondary,,False,
10076000309,10075982286,1091.5986579639768,secondary,,False,
10076000309,10076000258,275.25486484536736,secondary,,False,
10076000309,10077903462,1271.858818619797,secondary,,False,
10077903462,10076000309,1271.8588186197971,secondary,,False,
10080004439,7008833872,1811.9418648825126,secondary,,False,
10081650052,3454145592,1424.4604565359652,secondary,,False,
10081650052,10088292097,2579.4132331582427,secondary,,False,
10081650052,6150896088,1059.5707493459818,secondary,,False,
10083474105,10083504521,389.33113035525554,secondary,,False,
10083504521,1979346418,6878.537165250455,primary,Bibile-Mahiyangana Road,False,B57
10083504521,10083504605,71.98108888821753,primary,Bibile-Mahiyangana Road,False,B57
10083504521,10083474105,389.33113035525554,secondary,,False,
10083504522,2043478205,170.57556559744364,secondary,,False,
10083504533,10083504564,73.41974860233421,secondary,,False,
10083504541,10083504564,340.92668310866134,secondary,,False,
10083504564,10083504533,73.41974860233422,secondary,,False,
10083504564,10083504541,340.92668310866145,secondary,,False,
10083504564,10083504600,251.24288237874734,secondary,,False,
10083504578,10083504600,305.60293088202917,secondary,,False,
10083504600,10083504564,251.2428823787473,secondary,,False,
10083504600,10083504578,305.60293088202917,secondary,,False,
10083504600,10083504605,165.6799288207422,secondary,,False,
10083504605,10083504521,71.98108888821753,primary,Bibile-Mahiyangana Road,False,B57
10083504605,2043478205,397.4818817438035,primary,Bibile-Mahiyangana Road,False,B57
10083504605,10083504600,165.67992882074216,secondary,,False,
10083504606,10083504633,292.7750860481668,secondary,,False,
10083504633,10083504606,292.7750860481668,secondary,,False,
10086207496,3770695580,12422.24971668118,secondary,Sacret City-Pangaragammana-Loggal Oya Road,False,C602
10086207496,1974698369,184.00054183576916,secondary,Sacret City-Pangaragammana-Loggal Oya Road,False,C602
10086207496,10086214431,314.3178322643187,primary,Sacret City Roads,False,B514
10086214431,3822724027,251.9758433639178,primary,Sacret City Roads,False,B514
10086214431,10086207496,314.3178322643186,primary,Sacret City Roads,False,B514
10086214431,1974698374,202.0878570473993,primary,Sacret City Roads,False,B514
10088292097,5286754885,2967.0617103447175,primary,Bibile-Medagama-Nakkala Road,False,B56
10088292097,2055594048,5944.6978476737495,primary,Bibile-Medagama-Nakkala Road,False,B56
10088292097,10081650052,2579.413233158241,secondary,,False,
10093923283,6545683449,17.357107561825735,primary,Delgoda-Dompe-Giridara Road,True,B95
10093923283,2753084556,45.98611400760679,primary_link,,True,
10093923284,1241600897,34.847295138851905,primary,Delgoda-Dompe-Giridara Road,True,B95
10093923287,6545683450,19.143116132813592,primary,Hanwella - Pugoda - Kirindiwela - Urapola Road,False,B146
10093923287,1447394805,4837.796652990788,primary,Hanwella - Pugoda - Kirindiwela - Urapola Road,False,B146
10093923287,10093923284,19.804857787025533,primary_link,,True,
10108469977,10108470176,359.177887814459,secondary,,False,
10108470176,198485623,31063.74165328608,primary,"['Boralande-Ohiya Road', 'Pattipola-Horton Plains Road', 'Ambewela-Pattipola Road', 'Ohiya-Horton Plains Road']",False,"['B512', 'B508']"
10108470176,598167934,2331.290512639876,primary,Boralande-Ohiya Road,False,B508
10108470176,10108469977,359.17788781445904,secondary,,False,
10110604172,598167934,248.07201490213592,primary,Keppetipola-Boralande-Haputale Road,False,B353
10110604172,49368092,12872.92257931117,primary,Keppetipola-Boralande-Haputale Road,False,B353
10110604172,3666039729,180.46518605818358,secondary,,False,
10112981124,3590886013,234.81614764246993,secondary,Udakendagolla Road,False,
10112981124,2639779657,3070.525734032493,"['secondary', 'primary']","['Diyatalawa-Aluthwela South Road', 'Aluthwela-Kirinde Road', 'Kirinde-Aluthwela South Road']",False,"['C223', 'B103']"
10112981124,598168119,1483.0061355558082,secondary,Aluthwela-Kirinde Road,False,C223
10130010204,4814119816,2222.5217327075898,secondary,Mahiyangana-Sorabora Wewa Road,False,C601
10130033784,1974713604,4734.6688591284865,primary,51st Mile Post-Ulhitiyawa Road,False,B497
10130033784,9572634367,15330.11459707672,trunk,"['Kandy-Mahiyanganaya-Padiyatalawa Road', 'Ulhitiya Oya Bridge']",False,A26
10130033784,1783942945,3326.9867898905018,trunk,Kandy-Mahiyanganaya-Padiyatalawa Road,False,A26
10130181940,10130181941,9.34087465051125,trunk_link,,False,
10130181940,10130181950,722.7070220859607,trunk,Galle Road,True,A2
10130181941,10130181940,9.34087465051125,trunk_link,,False,
10130181941,1822627568,722.7750171184147,trunk,Galle Road,True,A2
10130181943,1822627568,17.51811642585287,secondary,Hill Street,False,
10130181943,600669265,2899.8109300748188,secondary,Hill Street,False,
10130181943,10130181940,719.3362190689467,trunk,Galle Road,True,A2
10130181950,10130181951,9.506511815040573,trunk_link,,False,
10130181950,10130181952,403.40709505725533,trunk,Galle Road,True,A2
10130181951,10130181950,9.506511815040573,trunk_link,,False,
10130181951,10130181941,721.9348610608154,trunk,Galle Road,True,A2
10130181952,10130181953,10.172470849522579,trunk_link,,False,
10130181952,8082580144,79.17772174327223,trunk,Galle Road,True,A2
10130181953,10130181952,10.172470849522579,trunk_link,,False,
10130181953,10130181951,402.84854078770127,trunk,Galle Road,True,A2
10130181954,50415206,9.774441289105324,primary_link,,False,
10130181954,10130181979,212.07477929891434,trunk,Galle Road,True,A2
10130181979,2083533106,9506.284249499708,trunk,"['Dummalamodara Bridge', 'Galle Road']",False,A2
10130181979,50415206,210.78314326699103,trunk,Galle Road,True,A2
10131009918,3147021776,34.74975840333732,trunk,Embilipitiya-Nonagama Road,False,A18
10131009918,3147058584,178.29172396582942,trunk,Embilipitiya-Nonagama Road,False,A18
10132102319,1639029741,614.3920744506893,primary,Tissa-Kirinde Road,False,B422
10132102319,3276158589,46.58739467415349,primary,Tissa-Kirinde Road,True,B422
10132102403,3283385131,6420.706855377048,primary,Weeraketiya-Tissa Road,False,B21
10132102403,610970078,55.53992455238671,primary,Weeraketiya-Tissa Road,True,B21
10132285300,10132285327,663.463562471671,secondary,,False,
10132285327,10132285300,663.4635624716708,secondary,,False,
10132667228,610955288,59.80618474260365,primary,Timbolketiya-Tanamalwila Road,True,B427
10132667228,3147073493,5022.501661178174,primary,Timbolketiya-Tanamalwila Road,False,B427
10132667231,610955288,17.677736464247207,trunk,Hambantota-Wellawaya Road,False,A2
10132667231,2544591508,10759.972874243367,trunk,Hambantota-Wellawaya Road,False,A2
10132667231,10132667228,58.40646367809511,primary,Timbolketiya-Tanamalwila Road,True,B427
10137867336,599137149,18.19331980719172,secondary,Perahera Mawatha,True,
10137867346,5180475383,42.55305568303404,primary,Sri Uttarananda Mawatha,False,
10137867346,620384473,260.6264702965434,secondary,Rotunda Gardens,False,
10137867346,3764721073,399.8705664859197,primary,Sri Uttarananda Mawatha,False,
10137867346,10137867336,25.39030400256356,secondary,Perahera Mawatha,True,
10142217471,904233506,27.26635633911424,primary,North Coast Road,False,B424
10142217471,1172970726,440.8058067706955,primary,North Coast Road,False,B424
10142217471,10142217472,33.25002308688607,primary,Station Road,True,B27-10
10142217472,10142217473,29.16300849891407,primary,Station Road,False,B27-10
10142217472,904233506,37.96169989143213,primary,Station Road,True,B27-10
10142217473,1240466813,216.95048878199452,primary,Station Road,False,B27-10
10142217473,10142217472,29.16300849891407,primary,Station Road,False,B27-10
10142217473,3805442686,254.33140997206158,primary,Station Road,False,B27-10
10156503981,10156504025,7.372410901473547,secondary,,False,
10156504025,10156503981,7.372410901473547,secondary,,False,
10166776387,2145042656,4862.206379938495,trunk,Badulla-Bandarawela Road,False,A16
10166776387,2011981296,3638.1948239052394,trunk,"['Bandarawela Road', 'Badulla-Bandarawela Road']",False,A16
10166776387,13843923932,324.662247007467,primary,Uduwara Station Road,False,B27-18
10170931056,4955880071,35.28951049958312,primary,Kottawa-Thalagala Road,False,B239
10170931056,252542077,5000.553351834471,primary,Kottawa-Thalagala Road,False,B239
10170931056,4955880477,41.64673261202374,primary_link,,True,
10170931060,4955880071,35.08731310840109,primary,Kottawa-Thalagala Road,False,B239
10170931060,252537410,420.2069237659432,primary,Kottawa-Thalagala Road,False,B239
10170931060,10170931056,56.45073560198301,primary_link,,True,
10180821183,2149942832,1975.94165829543,primary,Edandawela-Kahengama Road,False,B495
10217285592,5217865786,50.65587488664164,trunk_link,,True,
10217285592,621816440,48.57741679651019,primary,Nawala Road,True,B307
10219043287,10219043288,11.652072346248378,primary_link,,False,
10219043287,5488683288,2.5376476288134917,primary,Cotta Road,True,B62
10219043288,10219043287,11.652072346248378,primary_link,,False,
10219043288,3152507940,672.7791759528485,primary,Cotta Road,True,B62
10219043290,10219043315,11.902356174594523,trunk_link,,True,
10219043290,10219043295,24.818602503268863,trunk_link,,True,
10219043295,1235750079,11.365932709997217,trunk_link,,True,
10219043297,10219043298,10.186200402382088,trunk_link,,True,
10219043297,10219043306,46.126055902200015,primary,Dr. N. M. Perera Mawatha (Cotta Road),True,AC4
10219043298,10219043304,44.176924459677906,trunk_link,,True,
10219043298,10219043307,31.130332044774697,trunk_link,,True,
10219043304,1235750064,7.476239931771663,trunk_link,,True,
10219043306,10219043307,19.867049364381504,trunk_link,,True,
10219043306,10219043316,32.11517892748137,primary_link,,True,
10219043306,1235750079,35.98399426395387,primary,Dr. N. M. Perera Mawatha (Cotta Road),True,AC4
10219043307,1428448780,25.26732938975209,trunk_link,,True,
10219043307,10219043304,25.166364346309294,trunk_link,,True,
10219043311,3964896717,607.0493343394483,trunk,Dudley Senanayake Mawatha (Castle Street),True,A0
10219043315,10219043295,17.829758993538814,trunk_link,,True,
10219043315,10219043306,25.972742101875887,trunk_link,,True,
10219043316,683787618,191.19168767033312,primary,"['Cotta Road', 'Dr. N. M. Perera Mawatha (Cotta Road)']",True,"['B62', 'AC4']"
10259347339,622288497,9.110278458164533,secondary,Japan Sri Lanka Friendship Road,True,
10259347339,10259347358,116.4037838425935,primary,Talawatugoda Road,True,B368
10259347340,10259347341,7.4182523707509676,primary,Talawatugoda Road,True,B368
10259347341,10259347344,8.02195270455312,primary_link,New Hospital Road,True,
10259347341,3887468599,116.87861188083316,primary,Talawatugoda Road,True,B368
10259347343,5214681742,15.733346723337172,primary,New Hospital Road,True,AB5
10259347343,660916674,486.4159367030501,primary,New Hospital Road,False,AB5
10259347344,6519695604,32.91318524559302,primary,New Hospital Road,True,AB5
10259347344,10259347345,7.2817744265880044,primary,Talawatugoda Road,True,B368
10259347345,10259347340,8.074135412876126,primary_link,New Hospital Road,True,
10259347345,10259347359,24.692666916118203,primary,Talawatugoda Road,True,B368
10259347353,10259347339,9.632432726130912,primary,Talawatugoda Road,True,B368
10259347358,10259347344,18.885075645448214,primary,Talawatugoda Road,True,B368
10259347358,6519695604,35.946719081812915,primary,,True,AB5
10259347359,3804176571,26.374045335292806,primary,Talawatugoda Road,True,B368
10259347398,10259347399,28.053774328078866,secondary,Japan Sri Lanka Friendship Road,True,
10259347398,2984031967,35.97272504088284,secondary_link,,True,
10259347399,2984031967,20.963744039508452,primary,Talawatugoda Road,True,B368
10259347399,10259347353,8.725313440316565,secondary,Japan Sri Lanka Friendship Road,True,
10264115338,9547857711,7.9321663859625895,primary,Pamankada Road,False,AC21
10264115338,5037942619,70.03137012365278,primary,Havelock Road,True,B84
10268955041,3556443375,33.42711785848851,trunk,Sri Sangaraja Mawatha,True,A1
10268958222,6258386252,16.55826734650785,trunk,Kumaran Ratnam Road,True,A4
10268958222,6258386254,37.14304051543043,trunk_link,,True,
10308309675,10308309676,10.297148692952277,primary_link,,False,
10308309675,10308309702,157.31363415930693,primary,Colombo - Horana Road,True,B84
10308309676,10308309675,10.297148692952277,primary_link,,False,
10308309676,4724027713,1291.926923526991,primary,Colombo - Horana Road,True,B84
10308309701,1212770540,13.284038766129353,primary_link,,False,
10308309701,252537325,241.79542798933517,primary,Colombo - Horana Road,True,B84
10308309702,1212770531,9.478754354974004,primary_link,,False,
10308309702,10308309701,340.30010264600446,primary,Colombo - Horana Road,True,B84
10308315016,4724027713,9.38312923685469,primary_link,,False,
10308315016,10308309675,1296.6509279509467,primary,Colombo - Horana Road,True,B84
10308315023,4996622455,8.509762326168367,primary_link,,False,
10308315023,10308315016,733.0127870714732,primary,Colombo - Horana Road,True,B84
10575124012,3365313019,852.1762308761524,trunk,Matara Road,False,A2
10575124012,11542234718,114.19508261934094,trunk,Matara Road,True,A2
10578430168,5507303478,526.3518944628511,primary,New Kandy Road,False,B583
10578430168,3591964802,1265.2682266279912,primary,New Kandy Road,False,B583
10578430168,5547928141,11829.477697982962,primary,Rambukkana-Mawanella Road,False,B385
10578430168,2338839291,229.4128192466924,primary,Rambukkana-Mawanella Road,False,B385
10584049815,5352929666,129.30935336963225,trunk_link,,True,
10603977925,7085495071,8.742432233573917,primary,Attidiya Road,False,B389
10603977925,7168896405,1258.4417912746794,"['primary', 'secondary']",Attidiya Road,False,B389
10603977925,7085506299,1092.0862780682126,trunk,Galle Road,True,A2
10603977996,10603977997,8.59202074250436,primary_link,Templers Road,False,B032
10603977996,6388461497,1908.712071702839,trunk,Galle Road,True,A2
10603977997,10603977996,8.59202074250436,primary_link,Templers Road,False,B032
10603977997,1737150787,1995.5761298325203,primary,Templers Road,False,B32
10603977997,10603977925,1387.747216668146,trunk,Galle Road,True,A2
10607575538,8736765754,158.59931480993254,trunk,Bandarawela Road,False,A5
10607575538,3884338673,621.1766932850453,trunk,"['Lower Street', 'Bandarawela Road']",True,A5
10628115393,2082347909,40.226277583111,secondary,,True,
10628115393,10628115399,18.703563097280927,secondary_link,,True,
10628115399,1249801969,125.28796361433051,secondary,,True,
10628115400,3774582589,156.25133192664055,secondary,,True,
10628115404,1533913602,17.794239682542223,secondary,,True,
10628115404,10628115400,19.504281266706325,secondary_link,,True,
10660932931,9462080182,521.7164117989955,primary,Bauddhaloka Mawatha,True,AC2
10660932931,127658294,706.6026630244244,secondary,Wijerama Mawatha (McCarthy Road),False,
10660932949,10660932931,468.0438422375054,primary,Bauddhaloka Mawatha,True,AC2
10660932949,3822138072,172.1468760795529,primary,Maitland Place,False,AC1
10660932971,4324726612,9.012445167052919,secondary,Jawatte Road,False,
10660932971,10660932949,503.0420865039081,primary,Bauddhaloka Mawatha,True,AC2
10660932975,3084209238,41.30487925335374,primary,Bauddhaloka Mawatha,True,AC2
10660932978,10660932975,7.897415336361672,secondary,Prof. Stanley Wijesundara Mawatha,True,
10660932978,10660932971,155.4003466685154,primary,Bauddhaloka Mawatha,True,AC2
10660932978,1369209676,454.19685336151394,secondary,Prof. Stanley Wijesundara Mawatha,False,
10660932982,13698430235,881.4095973203191,secondary,Torrington Avenue,False,
10660932982,4324726612,190.4810279182568,primary,Bauddhaloka Mawatha,True,AC2
10682149765,10682149766,6.812347439917892,trunk,Horton Place,True,A0
10682149766,10682149773,8.797170597627975,secondary,Maitland Crescent,True,
10682149766,248608270,20.77038189217402,trunk,Horton Place,True,A0
10682149772,10682149765,9.104758771723679,secondary,Maitland Crescent,True,
10682149772,269202456,247.56991328072328,trunk,Horton Place,True,A0
10682149773,10682149772,6.951897600320674,trunk,Horton Place,True,A0
10682149773,8701260315,49.69935945793041,secondary,Maitland Crescent,True,
10682425433,4069776491,104.56589343116323,secondary,bandarawela depot road,False,
10682971402,1147075948,15239.980705341313,primary,Bandarawela-Ettampitiya Road,False,B43
10682971402,49365945,984.9239461189163,primary,Bandarawela-Ettampitiya Road,False,B43
10682971402,10682971809,51.865968051771596,primary_link,,False,
10682971809,10682971402,51.865968051771596,primary_link,,False,
10740616705,10740616731,11.960423320087983,secondary_link,,True,
10740616705,10740616716,24.46174656343801,primary,,True,B84
10740616709,10740616710,10.409352186521291,secondary_link,,True,
10740616709,10740616705,30.161305688964624,primary,Havelock Road,True,B84
10740616710,10264115338,477.29354616532237,primary,Havelock Road,True,B84
10740616715,10740616719,11.412725421348547,secondary,Sri Saranankara Road,False,
10740616716,129616175,19.502369572197818,primary,Havelock Road,True,B84
10740616719,10740616715,11.412725421348547,secondary,Sri Saranankara Road,False,
10740616719,620401826,1619.8307160615473,secondary,Sri Saranankara Road,False,
10740616731,10740616715,21.3992645532008,secondary,Sri Saranankara Road,True,
10740616731,10740616710,39.023993583925176,primary,Havelock Road,True,B84
10771363400,10771363401,7.287942059312965,secondary,Balapokuna Road,False,
10771363400,258030081,27.332167765919017,trunk,High Level Road,True,A4
10771363401,10771363400,7.287942059312965,secondary,Balapokuna Road,False,
10771363401,281864258,332.7725404765412,secondary,Balapokuna Road,False,
10771363401,12741337236,795.8045839112087,trunk,High Level Road,True,A4
10777185545,603240958,472.57490323698437,primary,Dondra Light House Road,False,B107
10880095739,646762530,45.543146593150475,primary,,True,
10880095739,9180242955,72.463426900504,primary_link,,True,
10882845389,1886606126,1293.234138524182,primary,Pasyala-Giriulla Road,False,AB29
10882845389,1662220570,438.89661343917203,primary,Pasyala-Giriulla Road,True,AB29
10902062114,1533913627,1761.7516821029546,primary,"['Railway Station Road', 'Marine Drive']",False,
10902062114,10902062124,1310.8489089538496,primary,Marine Drive,True,
10902062124,253026210,454.4224117473399,primary,Marine Drive,True,
11035177226,13149927792,827.470450037188,primary,Kottawa Thalagala Road,False,B239
11035177226,11035177227,71.45839957091076,primary,Kottawa Thalagala Road,False,B239
11035177226,11035177227,90.8092101963152,primary_link,Kottawa Thalagala Road,False,B239
11035177227,254029970,1547.257566185497,primary,Kottawa Thalagala Road,False,B239
11035177227,11035177226,71.45839957091077,primary,Kottawa Thalagala Road,False,B239
11035177227,11035177226,90.8092101963152,primary_link,Kottawa Thalagala Road,False,B239
11037159201,9748233247,2479.398917584243,primary,"Approach Road to Aerodrome, Ratmalana",False,B24
11037159201,1185558582,418.09941497811536,primary,"Approach Road to Aerodrome, Ratmalana",True,B24
11054253578,2057045370,457.5807598409575,secondary,Keppettipola Road,False,
11054253578,3815798282,19.86620335715777,secondary,,True,
11068701021,3104872055,49.125948069852626,secondary,Erathna - Deraniyagala Road,False,
11112485995,847483734,1368.5711669501898,primary,Jaffna-Point Pedro Road,False,AB020
11112485995,4550021668,245.52670436377366,primary,Jaffna-Point Pedro Road,False,AB020
11112485995,5637989077,985.1409721981323,secondary,Kulanai Road,False,
11141684438,5277143310,1855.6147400288642,primary,Pannipitiya Road,True,B47
11141684447,250734529,62.04967495265052,primary,Pannipitiya Road,True,B47
11141684447,11141684456,90.43688542436698,secondary_link,,True,
11141684456,617219703,1383.5361885333236,secondary,Hokandara-Talawatugoda Road,False,
11141684456,250734529,47.69936676305702,secondary,Hokandara-Talawatugoda Road,False,
11141684456,11141684467,73.26512715177044,secondary_link,,True,
11141684467,7062180134,3450.426609899226,primary,Pannipitiya Road,True,B47
11141684469,6518088305,59.33329699064792,primary,Pannipitiya Road,True,B47
11141684469,3848606598,101.865005031504,primary_link,,True,
11169238186,4071257592,3.1562527421537374,trunk,,True,
11292753164,11292753165,15.149878878098761,secondary_link,,False,
11292753164,7704618065,136.20266062037695,secondary,Kuliyapitiya - Hettipola Road,True,B243
11292753165,11292753164,15.149878878098761,secondary_link,,False,
11292753165,7704618060,756.3487025318327,secondary,Kuliyapitiya - Hettipola Road,True,B243
11330496878,1877453832,1839.1872943885019,primary,Varipathanchenai-Irakkamam Road,False,B651
11330496878,1877453566,2151.202835492203,primary,Irakkamam-Manikkamadu Road,False,B650
11330496878,1685409160,1308.6455423818365,primary,Newguna-Irakkamam Road,False,B650
11348443537,6896310128,342.9904688493447,secondary,Airport Access Driveway,False,
11348443537,11348443537,252.06401392302348,secondary,Airport Access Driveway,False,
11348443537,11348443537,252.06401392302342,secondary,Airport Access Driveway,False,
11367587825,3999196805,16.7951569104882,primary,Thilak Ratnayake Mawatha,True,B70
11367587826,13671477050,24.7357652498588,trunk,Sirimavo Bandaranaike Mawatha (Peradeniya Road),False,A1
11367587826,4004621090,7.0928514510752265,trunk,Sirimavo Bandaranaike Mawatha (Peradeniya Road),False,A1
11367587826,11367587825,24.760483551083755,primary,Thilak Ratnayake Mawatha,True,B70
11368215992,3090460089,3857.2895357577595,primary,Dodanduwa-Gonapinuwala Road,False,B106
11368215992,3249089698,26.46923128885791,primary,Dodanduwa-Gonapinuwala Road,True,B106
11470088372,253721036,160.4024362962771,secondary_link,Borella Kottawa Road,True,
11542234718,1674509938,11.046863520111271,trunk_link,,False,
11542234718,11542234727,357.4230740002206,trunk,Matara Road,True,A2
11542234727,33389255,2138.7679300489185,trunk,Matara Road,False,A2
11542234727,1674509938,355.1841367273434,trunk,Matara Road,True,A2
11572133444,1401473006,34.29020495850064,trunk,Bandaranaike Mawatha,True,A13
11572133444,12118609958,278.88171473042496,trunk,Bandaranaike Mawatha,False,A13
11593705874,2833834360,1026.5340213679794,trunk,Jaffna Road,False,A20
11593705874,2833604877,7057.658584063834,trunk,Jaffna Road,True,A20
11671536986,7193608912,1081.760881168953,secondary,,False,
11715824035,1684534515,8.123969638769971,trunk,Siyambalanduwa-Damana-Ampara Road,True,A25
11715824035,11715824054,44.2557614933157,trunk,Karativu-Ampara Road,True,A31
11715824039,11715824040,17.97040913003796,trunk,Siyambalanduwa-Damana-Ampara Road,True,A25
11715824039,13876145704,38.72006474317315,trunk_link,,True,
11715824040,11715824035,8.39836122867366,trunk,Siyambalanduwa-Damana-Ampara Road,True,A25
11715824040,13876145704,33.87805297303205,trunk,Karativu-Ampara Road,True,A31
11715824044,11715824064,13.679399076770965,trunk,Karativu-Ampara Road,True,A31
11715824044,1685776752,23.182339770141052,primary,Buddhangala Road,True,B17
11715824051,11715824052,9.919391571028465,trunk_link,,False,
11715824051,1684534503,145.47395446499405,trunk,Karativu-Ampara Road,True,A31
11715824052,11715824051,9.919391571028465,trunk_link,,False,
11715824052,11715824059,270.96124881919286,trunk,Karativu-Ampara Road,True,A31
11715824054,1684534499,638.5966318609512,trunk,Karativu-Ampara Road,False,A31
11715824054,13876145712,26.562541097158878,trunk,Karativu-Ampara Road,True,A31
11715824059,1684534472,8.73399639871017,primary,Saddhatissa Mawatha,False,B17
11715824059,1685790906,487.78958035883625,primary,Saddhatissa Mawatha,False,B17
11715824059,11715824035,166.8037880795633,trunk,Karativu-Ampara Road,True,A31
11715824064,1684534503,8.862544509663861,primary,Buddhangala Road,True,B17
11715824064,11715824052,145.50068942546827,trunk,Karativu-Ampara Road,True,A31
11715824066,1684534495,8.865136581009319,trunk_link,,False,
11715824066,11715824044,141.80458476865857,trunk,Karativu-Ampara Road,True,A31
11715848170,2082247577,8.79925807297105,primary,Kachcheri Road,False,B17
11715848170,1684345227,99.45352792433401,primary,Kachcheri Road,False,B17
11715848170,11715824066,241.50564438153577,trunk,Karativu-Ampara Road,True,A31
11722038126,9406617689,35.49447631808203,secondary,Katunayake Kotugoda road,True,
11722038126,1268334809,6594.296289666051,secondary,"['Katunayake yagodamulla Road', 'Katunayake Kotugoda road']",False,
11722038127,9406617687,27.864807399127045,primary,Baseline Road,True,B598
11722038127,4192345790,3695.959360801366,primary,Baseline Road,False,B598
11722038133,8977212331,144.41400682671886,primary,Baseline Road,False,B598
11722038133,9406617692,51.055072360214155,primary,Baseline Road,True,B598
11743149449,1401473053,29.147290536862485,primary,Maithripala Senanayake Mawatha (Main Street),True,AB2-5
11743149449,2835617063,724.294127819916,primary,Maithripala Senanayake Mawatha (Main Street),False,AB2-5
11743149450,1401473074,21.47605481371192,trunk,Bandaranaike Mawatha,True,A13
11743149450,4137359438,523.0422173566875,trunk,Bandaranaike Mawatha,False,A13
11743149451,1401473035,32.38532126035759,primary,Maithripala Senanayake Mawatha (Main Street),True,AB2-5
11743149451,2835617039,1543.044046225313,primary,Maithripala Senanayake Mawatha (Main Street),False,AB2-5
11765244589,3218455285,7.158765781913752,primary_link,,False,
11765244589,11765244595,211.69338416600976,primary,Colombo - Horana Road,True,B84
11765244590,1212770520,9.122124580316804,trunk,Horana Road,False,A8
11765244590,11765244589,51.01355834298348,primary,Colombo - Horana Road,True,B84
11765244590,1446610177,5316.135421980934,trunk,Horana Road,False,A8
11765244595,1212770521,8.146263267952937,primary_link,,False,B84
11765584301,3271092634,4.946881320746579,primary_link,,False,
11765584301,7103763199,942.0756883759493,trunk,Pottuvil-Batticaloa Road,True,A4
11851168715,7094485193,23.820717248660692,primary,S. W. R. D. Bandaranaike Mawatha,True,B27-1
11851168716,4728795356,126.27657511741218,secondary,S. W. R. D. Bandaranaike Mawatha,False,B27-1
11851168716,11851168715,40.95531143280312,primary_link,,True,
11854288255,5059861884,5649.466467902467,primary,Andaulpotha Road,False,B36
11854288255,11854288259,35.92469974183739,primary,Andaulpotha Road,True,B36
11854288255,3548926813,38.2292308270017,primary,Andaulpotha Road,True,B36
11854288259,3548926813,24.026776894989208,primary,Bibile-Mahiyangana Road,False,B57
11854288259,2043478205,14820.129419228362,primary,Bibile-Mahiyangana Road,False,B57
11959575844,11959575860,30.82107056912385,primary,Jubilee Post,True,B291
11959575844,11959575849,55.19542227187404,primary_link,,True,
11959575849,11959575861,60.48706529741132,primary,Old Kottawa Road,True,B291
11959575852,11959575853,6.957215283682788,primary_link,Jubilee Post,True,
11959575852,2619372954,101.66214640982776,primary,Stanley Thilakarathne Mawatha,True,B120
11959575853,11959629974,25.795620052095583,primary,Kotte Road,True,B120
11959575853,618771321,8.268491651948546,primary_link,Stanley Thilakarathne Mawatha,True,B120
11959575860,11959629976,8.560181780761999,primary_link,Jubilee Post,True,
11959575860,11959575849,30.457925347640533,primary,Old Kottawa Road,True,B291
11959575861,252538015,441.4407597258955,primary,Old Kottawa Road,False,B291
11959575861,11959629976,86.43162403535293,primary,Old Kottawa Road,True,B291
11959575863,11959629975,8.369513073303182,primary_link,Jubilee Post,True,
11959629970,11959575852,8.661314234999447,primary_link,Stanley Thilakarathne Mawatha,True,B120
11959629970,11959575844,63.518933814596444,primary,Jubilee Post,True,B291
11959629974,268931537,87.08553577410044,primary,Kotte Road,True,B120
11959629974,11994641693,44.024553160221096,primary_link,,False,
11959629975,11959575860,9.575945660011028,primary,Old Kottawa Road,True,B291
11959629975,11959575852,89.75415199992439,primary,Jubilee Post,True,B291
11959629976,11959575863,8.650904878021176,primary,Old Kottawa Road,True,B291
11959629976,4580840142,84.79880275171456,primary,Rathmalana-Mirihana Road,True,B389
11994641693,11959575853,32.00023681339267,primary,Stanley Thilakarathne Mawatha,True,B120
11994641693,11959629974,44.02455316022109,primary_link,,False,
12062438411,3528785030,731.4291158927043,secondary,K. B. Christie Perera Mawatha (Jampettah Street),False,
12062438411,3893849748,28.821914569344585,secondary,K. B. Christie Perera Mawatha (Jampettah Street),True,
12062438412,3893849748,15.208813199674475,primary,St. Anthony's Mawatha,True,AC31
12062438412,12062438411,21.593892222453356,secondary,K. B. Christie Perera Mawatha (Jampettah Street),True,
12062438416,3186396762,11.792232776488243,primary,St. Anthony's Mawatha,True,AC31
12062438416,12062438412,10.587839586489466,secondary,,True,
12109482770,12109482771,19.790343709477447,trunk,Galle Road,False,A2
12109482770,50415165,4154.12525690179,trunk,Galle Road,False,A2
12109482771,2079240021,49.7938656606064,trunk,Galle Road,False,A2
12109482771,12109482770,19.790343709477447,trunk,Galle Road,False,A2
12109482771,12109482772,35.14099017826758,primary,Morontuduwa Road,True,B449
12109482772,1795375615,5226.020949681526,primary,"['Morontuduwa Road', 'Wadduwa Road']",False,B449
12109482772,12109482770,35.39210238511267,primary,Morontuduwa Road,True,B449
12118609956,1401472905,33.276496310380104,trunk,Bandaranaike Mawatha,True,A13
12118609956,1401472808,428.68687507088055,trunk,Bandaranaike Mawatha,False,A13
12118609958,1401472976,42.59798377014991,trunk,Bandaranaike Mawatha,True,A13
12118609958,11572133444,278.88171473042496,trunk,Bandaranaike Mawatha,False,A13
12119430734,2079053698,328.170012478375,trunk,Fort Road,False,A15
12126721593,1506183874,9.242043951403977,trunk_link,,True,
12126721593,7095171150,1197.0319711386512,trunk,Galle Road,True,A2
12126721597,12126721593,14.334627200413433,trunk,"['Colombo Road', 'Galle Road']",True,A2
12287228620,9470509023,22.738237236881066,primary,Sir Mohamed Macan Markar Mawatha,True,
12287228620,1280868423,52.43088644904297,primary,Sir Mohamed Macan Makar Mawatha,True,
12287228624,12287228625,1.8253462397400169,primary,Sir Mohamed Macan Markar Mawatha,True,
12287228625,6537265135,34.65166099939121,primary,Sri Uttarananda Mawatha,True,
12287228625,12287228633,5.633354762892622,primary,Sir Mohamed Macan Markar Mawatha,True,
12287228633,12287228620,16.95767117518436,primary,Sir Mohamed Macan Markar Mawatha,True,
12322046179,1268334826,3037.1365848086293,primary,Katunayake-Veyangoda Road,False,B208
12322046179,4446651425,1086.3328267302475,primary,Katunayake-Veyangoda Road,False,B208
12322046179,6260398862,1097.5823170274516,primary,Katunayake-Veyangoda Road,False,B208
12328410054,3594147916,114.09959485662935,trunk,New Tangalle Road,True,A2
12328410054,13695148146,22.75142822714782,trunk,,True,
12335959161,3364860615,965.8846741313085,trunk,Anagarika Dharmapala Mawatha,True,New-A2/B535
12373680251,4422645697,55.04712771604355,trunk_link,,True,
12373680251,61802472,47.38540229991015,trunk,Dr. Danister de Silva Mawatha,True,A1
12387642174,12387642177,8.310271848464762,trunk,,True,
12387642174,12387642175,108.82664513939436,trunk,Old Hambantota Road,True,Old A2
12387642175,12387642176,4.846990749133354,secondary_link,,False,
12387642175,6247562250,961.6058429946629,trunk,Old Hambantota Road,True,Old A2
12387642176,12387642175,4.846990749133354,secondary_link,,False,
12387642176,12387642177,105.2963152985667,trunk,Old Hambantota Road,True,Old A2
12387642177,12387642174,67.51890809236792,trunk,,True,
12467159834,13236794129,9.45845768233055,primary_link,,False,
12467159834,13236794170,97.70666972599687,primary,Colombo - Horana Road,True,B84
12474497827,130462216,54.290694578918114,trunk,Anagarika Dharmapala Mawatha,False,New-A2/B535
12474497827,1734550178,421.0331594904501,trunk,Anagarika Dharmapala Mawatha,False,New-A2/B535
12474497827,12474497849,22.937575685499887,trunk_link,,False,
12474497849,1428670833,431.4900813524484,trunk,Kumaratunga Mawatha (Old Matara Road),False,Old-A2
12474497849,130462216,61.71348875571568,trunk,Kumaratunga Mawatha (Old Matara Road),False,Old-A2
12474497849,12474497827,22.937575685499887,trunk_link,,False,
12488644096,2093608215,9.164514114870009,primary_link,,True,
12488644096,7765114184,511.51496095747706,trunk,Kurunegala-Dambulla Road,True,A6
12488644097,12488644096,23.031000742771045,trunk,Kurunegala-Dambulla Road,True,A6
12509374263,1475773455,11.426452252957272,trunk_link,,False,
12509374263,2155580113,465.9857939671251,trunk,Negombo Road,True,A3
12543026767,12543026769,9.605541881210272,primary,Wolfendahl Round About,True,
12543026769,3187945982,582.4514137953266,primary,Mohamad Zain Mawatha (Central Road),True,AC3
12543026769,5904513475,14.78594783705848,primary,Wolfendahl Round About,True,
12543026776,5904513461,8.893115578225128,primary,Wolfendahl Round About,True,
12553497560,1242562100,800.4183857264995,secondary,Circular Road,False,
12553497560,1242395226,24.225289763005453,primary_link,,True,
12553497562,12553497560,22.367605064872702,secondary,Circular Road,True,
12553497562,1242395226,14.962248279149618,primary,Udugama Road,False,B129
12553497571,12553497562,17.709229682814854,primary,Circular Road,True,B129
12553497571,8703211017,650.8946092924926,primary,Circular Road,False,B129
12564186527,9468271507,45.0839268702367,trunk,Lotus Round About,True,
12564186528,3825207097,46.47424700852428,trunk_link,,True,
12620876473,13686682350,259.9574742984615,trunk,Colombo-Puttalam Road,False,A3
12620876473,1731470195,5452.681835692102,trunk,Colombo-Puttalam Road,False,A3
12620876476,12620876473,27.91878315707499,trunk_link,,True,
12625589425,12625589426,6.732321285709014,trunk_link,,False,
12625589425,5212490345,1902.592893297175,trunk,Akuressa Road,True,A24
12625589426,12625589425,6.732321285709014,trunk_link,,False,
12625589426,2568176862,613.3274491102701,trunk,Akuressa Road,True,A24
12636344432,5446031365,33.5077932982803,secondary,Circular Road,True,
12636344432,849241768,458.53198363407427,secondary,Circular Road,False,
12701931333,12706498838,1554.936772024883,secondary,"['ආයුර්වේද පාර', 'Pelawatta Road']",False,
12706498838,3521385523,2479.0335371975552,secondary,ආයුර්වේද පාර,False,
12706498838,12701931333,1554.936772024882,secondary,"['ආයුර්වේද පාර', 'Pelawatta Road']",False,
12706498838,12708048694,332.1643416747311,secondary,Polgahena Road,False,
12708048694,1932027779,3732.0374526058404,secondary,,False,
12708048694,3521385523,2312.5573286112144,secondary,,False,
12708048694,12706498838,332.16434167473096,secondary,Polgahena Road,False,
12741337233,2247695845,12.498239398707423,secondary,Robert Gunawardena Mawatha,False,
12741337233,619023601,25.88126632556105,secondary,Robert Gunawardena Mawatha,False,
12741337236,7037743601,18.181222556187365,trunk,High Level Road,True,A4
12741337236,12741337233,30.00129598530374,trunk_link,,True,
12741337237,281864258,439.1136773988868,secondary,Robert Gunawardena Mawatha,False,
12741337237,619023601,131.08738393596045,secondary,Robert Gunawardena Mawatha,True,
12741337237,619023601,121.23486767665945,secondary,Robert Gunawardena Mawatha,False,
12761661737,12761661745,7.1787893786357815,trunk,,True,
12761661741,12761661748,2.3964749217997166,trunk,,True,
12761661742,12761661743,6.746060630166548,trunk,,True,
12761661742,1877424685,14.63803832736596,primary,Sammanturai-Malkampiddy Road,True,B483
12761661743,12761661746,3.5040428596670847,trunk,,True,
12761661744,1792802797,1722.1888750698615,primary,"['Kalmunai Road', 'Ampara Road']",False,AB33
12761661744,12761661741,29.793407301019922,primary,Ampara Road,True,AB33
12761661745,12761661741,8.045414950968874,trunk,,True,
12761661745,12761661744,30.47265931560218,primary,Ampara Road,True,AB33
12761661746,12761661737,9.31000821520995,trunk,,True,
12761661746,12761661750,99.92083055442885,trunk,Karativu-Ampara Road,True,A31
12761661747,12761661742,7.442311249949004,trunk,,True,
12761661748,12761661747,9.431165151368301,trunk,,True,
12761661748,1792802798,34.24832513225139,trunk,Karativu-Ampara Road,True,A31
12761661750,2902881148,1547.058744432701,trunk,Karativu-Ampara Road,False,A31
12761661750,12761661737,100.09221964763402,trunk,Karativu-Ampara Road,True,A31
12794013248,1157613973,6678.673917147735,primary,Kandenuwara Road,False,B461
12794013248,1290251657,20435.10058268639,primary,Madulkelle-Kabaragala-Kandenuwara Road,False,B257
12794013248,3620006922,11774.943766077866,primary,Kandenuwara Road,False,B461
12799752191,6548218220,5631.061926806643,secondary,Hettiyawala Karathota Road,False,
12799752191,2157074329,1909.4832273605025,secondary,Hettiyawala Karathota Road,False,
12799752191,2607351567,1219.4125112482382,secondary,Hettiyawala Karathota Road,False,
12815082884,12815082888,1.8280942386760206,trunk,,True,AA028
12815082885,12815082884,12.833283801037291,trunk,,True,AA028
12815082885,2840975747,37.28612592649493,trunk,Anuradhapura - Padeniya Road,True,AA028
12815082886,2840975728,34.31195440470186,trunk,Anuradhapura - Padeniya Road,True,AA028
12815082886,12815082889,12.983902156684042,trunk,,True,AA028
12815082887,12815082886,2.4465142885499933,trunk,,True,AA028
12815082888,12815082887,16.894673730271357,trunk,,True,AA028
12815082888,2840975729,40.0577061064632,secondary,,True,
12815082889,4406211219,2.7795620559088206,trunk,,True,AA028
12815082893,12815082885,2.192955425838911,trunk,,True,AA028
12856077341,376763058,991.2842311952054,primary,Matara-Hakmana Road,True,B275
12856077341,1529240569,2450.8459017829514,primary,Matara-Hakmana Road,False,B275
12856077364,376763058,10.26624679939554,secondary,Kumaradasa Mawatha,False,
12856077364,5212489400,1661.7450360615787,secondary,Kumaradasa Mawatha,False,
12856077364,12856077341,992.5374972459855,primary,Matara-Hakmana Road,True,B275
12856077378,310845638,9.10364331060924,secondary,Rahula Road,False,
12856077378,5212489397,1204.7932186863638,secondary,Rahula Road,False,
12856077378,12856077364,489.8285933317682,primary,Matara-Hakmana Road,True,B275
12856077384,1428668275,8.650199623504705,primary_link,,False,
12856077384,3364860615,529.5313303818152,primary,Dr. S. A. Wickramasinghe Mawatha (Station Road),False,B27-16
12856077384,12856077378,170.81195187603547,primary,Matara-Hakmana Road,True,B275
13055938742,1744448774,18.427190930241963,trunk,Hambantota-Wellawaya Road,False,A2
13055938742,610970078,22.520256794110413,trunk,Hambantota-Wellawaya Road,False,A2
13055938742,10132102403,41.13213086962943,primary,Weeraketiya-Tissa Road,True,B21
13077441777,6908246810,52.71203171948204,secondary,Sooriyawewa Road,False,
13077441777,6908246810,99.99343380946692,secondary_link,,False,
13077441777,1723290053,8951.132917700903,secondary,Sooriyawewa Road,False,
13083883262,7786924250,8.659118469517992,primary_link,,False,B179
13083883262,639288676,4034.390192222017,primary,Kalagedihena-Veyangoda Road,False,B179
13083883262,3737231765,984.5932031459212,trunk,Colombo-Kandy Road,True,A1
13149927791,13149927798,11.133181694432558,primary,Horana - Padukka Road,False,B123
13149927791,8626564849,9500.91503862214,primary,Horana - Padukka Road,False,B123
13149927792,11035177226,827.470450037188,primary,Kottawa Thalagala Road,False,B239
13149927792,13149927797,34.09283857630704,primary_link,Kottawa Thalagala Road,True,B239
13149927793,13149927798,5.3689926889196435,primary,Horana - Padukka Road,False,B123
13149927793,129606431,27.96148171658494,primary,Horana - Padukka Road,False,B123
13149927793,1430577735,21.91171037737528,primary,,True,B239
13149927797,13149927791,15.366570509142202,primary_link,,True,
13149927797,13149927798,15.02656795045911,primary_link,Kottawa Thalagala Road,True,B239
13149927798,13149927791,11.133181694432558,primary,Horana - Padukka Road,False,B123
13149927798,13149927793,5.3689926889196435,primary,Horana - Padukka Road,False,B123
13167532340,9981050817,28.10578476528046,secondary,Maitland Crescent,True,
13167532340,618033109,18.63629477862368,primary,Independence Avenue,True,AC1
13236794129,12467159834,9.45845768233055,primary_link,,False,
13236794129,7062446553,3065.8158475574696,primary,"['Colombo - Horana Road', 'Colombo-Horana Road']",True,B84
13236794134,13236794170,10.272756110493946,primary_link,Gangarama Road,False,
13236794134,13236794129,93.35508799602536,primary,Colombo - Horana Road,True,B84
13236794170,13236794134,10.272756110493946,primary_link,Gangarama Road,False,
13236794170,1249855906,4196.93675651847,primary,"['Gangarama Road', 'Borupana Road']",False,B388
13236794170,3902482137,1020.8627836406552,primary,Colombo - Horana Road,True,B84
13304847351,847835979,1451.3261485082853,primary,Jaffna-Pannai-Kayts Road,False,AB019
13304847351,847835914,6819.379796733723,primary,Jaffna-Pannai-Kayts Road,False,AB019
13304847351,847836026,7041.898732560555,secondary,Velanai-Kayts Road,False,B441
13367298677,13367298672,48.81556078694942,trunk_link,,True,
13367298677,13367298678,70.3101263926849,trunk,Matara-Akuressa Road,True,A24
13367298678,13367298684,82.87096676917724,trunk,Matara-Akuressa Road,True,A24
13367298682,13367298678,41.79268219760874,trunk_link,,True,
13367298684,3621305202,225.3883206149087,trunk,Matara-Akuressa Road,True,A24
13367298684,2722759262,2145.706077139927,trunk,Matara-Akuressa Road,False,A24
13367765274,13367765455,47.63704608650089,primary,Main Street,True,AC17
13367765274,9485258187,63.83589670304704,primary,Main Street,False,AC17
13367765455,9473965630,413.0544805729168,primary,Main Street,True,AC17
13380401234,1813627370,2995.8135328468425,primary,Radampola Road,False,B595
13380401234,13380401240,23.240170488340866,primary,Radampola Road,True,B595
13380401240,13380401241,8.955947498296396,primary,,True,
13380401241,13380401257,10.286920200230922,primary,,True,
13380401241,2157080312,27.415905901141098,primary,Walasgala Road,True,B595
13380401246,13380401240,15.937998197214185,primary,,True,
13380401246,13380401234,26.89873121376043,primary,Radampola Road,True,B595
13380401257,13380401246,17.246979970852607,primary,,True,
13399644563,1429213459,29.13050050954966,trunk,Sri Jayewardenepura Mawatha,True,A0
13399644563,4056840093,33.628341084993025,trunk_link,,True,
13412730677,6548218220,6.126962337170113,secondary,,False,
13412730677,1792760335,143.74768137818327,primary,Hakmana-Beliatte Road,True,B141
13425538963,678334696,21.275119520106767,trunk,Sri Sambuddhatwa Jayanthi Mawatha (Havelock Road),True,A4
13425538963,9580103932,30.039681218475394,trunk_link,,True,
13431444639,3836856289,16.77394975542974,trunk,Kandy-Mahiyanganaya-Padiyatalawa Road,True,A26
13431444645,10016226406,49.008182316799974,trunk_link,,True,
13431444645,1783974992,21.43643613626764,trunk,Kandy-Mahiyanganaya-Padiyatalawa Road,True,A26
13437079205,3570836895,83.51453685885,primary,Piliyandala-Maharagama Road,True,B367
13437079208,13437079205,30.55305159627723,secondary_link,,True,
13437079224,13437079225,6.21968487964918,secondary_link,,False,
13437079224,13437079205,459.25641138628237,"['primary', 'secondary']",Piliyandala-Maharagama Road,True,B367
13437079225,5344838932,4.698661461379627,primary,Piliyandala-Maharagama Road,True,B367
13437079225,13437079224,6.21968487964918,secondary_link,,False,
13442454956,1239436268,3883.5857637242525,secondary,Mahakeliya-Katupotha Road,False,B258
13442454956,3066124415,8277.037188454993,secondary,Mahakeliya - Katupotha Road,False,B258
13442454956,1237974516,15119.8811374728,secondary,"['Kalugamuwa-Wariyapola Road', 'Kalugamuwa-Wariyapola Rood', 'Kalugamuwa Wariyapola Road']",False,B190
13442454956,2842935028,6057.091716014841,secondary,"['Kalugamuwa-Wariyapola Rood', 'Kalugamuwa - Wariyapola Road', 'Kalugamuwa-Wariyapola Rd', 'Kalugamuwa Wariyapola Road']",False,B190
13444619411,618747712,52.36124828255102,primary,Sri Uttarananda Mawatha,True,
13444619411,651263576,474.21195653965685,primary,Sri Uttarananda Mawatha,False,
13444644367,3805786089,19.01467510842906,primary,Dharmashoka Mawatha,False,B550
13444644367,8606053715,39.34896771642184,primary_link,,True,
13444644367,1837478229,2535.3348468254194,primary,Dharmashoka Mawatha,False,B550
13445045751,6537265135,30.536088473024705,primary_link,,True,
13445045763,3187963299,180.93998962233115,primary,Justice Akbar Mawatha,True,
13445045763,13445045764,28.602985774063733,primary_link,,True,
13534166712,11722038127,27.594726651707013,primary,Baseline Road,True,B598
13534166712,9406617687,9.161561838014698,primary,,True,
13564710647,2837518594,10335.336395074786,trunk,"['Anuradhapura - Padeniya Road', 'Padeniya-Anuradhapura Road']",False,"['AA028', 'A28']"
13564710647,4137349478,29.477258972502582,trunk,Padeniya-Anuradhapura Road,True,A28
13564710682,4137349482,28.737826211825396,trunk,Puttalam Road,True,A12
13564710682,13564859299,2191.5899686760945,trunk,Puttalam Road,False,A12
13564859268,1401456469,40.8798244348875,primary,Old Puttalam Road,True,B234
13564859299,1401456461,299.69375832810533,trunk,Puttalam Road,True,A12
13564859299,13564710682,2191.589968676094,trunk,Puttalam Road,False,A12
13567087001,1401473103,1414.1302862902892,trunk,Jayanthi Mawatha,False,A12
13567087001,13567087012,67.56063246695862,trunk,Jayanthi Mawatha,True,A12
13567087010,8795417511,13.51356230497032,trunk,Buddha Jayanthi RB,True,
13567087010,4137359440,42.654731704758085,trunk,Jayanthi Mawatha,True,A12
13567087012,13567087034,17.435685693470823,trunk,Jayanthi Mawatha,True,A12
13567087012,13567087032,23.81750096972786,primary_link,,True,
13567087026,5364431661,192.44490100221188,trunk,Jayanthi Mawatha,True,A12
13567087027,13572508097,7.3595543032650905,primary_link,,True,
13567087027,13567087026,16.678148326530124,trunk,Jayanthi Mawatha,True,A12
13567087028,13567087027,15.251402954774184,primary,D. S. Senanayake Mawatha,True,AB2-2
13567087028,13567087026,19.956201708577453,primary_link,,True,
13567087032,6291947090,25.450774979245093,primary,D. S. Senanayake Mawatha,True,AB2-2
13567087034,13567087027,6.768735561483118,trunk,Jayanthi Mawatha,True,A12
13567087034,13567087032,15.466815072247043,primary,D. S. Senanayake Mawatha,True,AB2-2
13567706050,13567706051,17.041847538943372,primary,Jayanthi Mawatha,True,AB2-4
13567706050,602759879,712.1886703235389,primary,Jayanthi Mawatha,False,AB2-4
13567706051,4407921051,9.203682584275084,primary,Lion Pillar Roundabout,True,
13567706083,8910656321,66.8711772154086,primary,Sri Maha Bodhi Mawatha (Market Street),False,AB2-7
13567706083,5785122163,168.86900049440936,primary,Sri Maha Bodhi Mawatha (Market Street),False,AB2-7
13567706083,1146218667,154.03774829140974,secondary,Railway Place,False,AB2-6
13567706091,4407921053,31.607615944008685,secondary,Railway Station Road,True,AB2-6
13567706091,4407921055,11.067947814022641,primary,Lion Pillar Roundabout,True,
13567706092,13567706091,8.534819346625925,primary,Lion Pillar Roundabout,True,
13570724458,11743149449,31.48719721683942,primary,Maithripala Senanayake Mawatha (Main Street),True,AB2-5
13570724458,1401473053,18.183377897663007,trunk,Police Roundabout,True,
13572508097,6291947089,6.564197160970084,trunk,Jayanthi Mawatha,True,A12
13574349086,2831587846,704.1419169194387,primary,Dakanu Dagoba Mawatha,False,B397-9
13574349086,2831587846,974.4937130750999,primary,Mihindu Mawatha,True,"['B397-1', 'B638']"
13574349086,4099698761,492.0148270655545,primary,Kurunegala Road,False,B638
13574349086,1402737653,457.92287183731906,primary,Vilachchi Rd. (New Ellakkattuwa Rd),False,B397-9
13577179092,13577179096,17.036024489237928,trunk,Jaffna Road,True,A20
13577179092,4137371245,8.991207762640007,trunk,,True,
13577179096,2833834360,35.05754211050945,trunk,Jaffna Road,True,A20
13577660245,2835617021,930.7829310964063,primary,D. S. Senanayake Mawatha,False,AB2-2
13577660245,1181921742,549.0767875082522,primary,D. S. Senanayake Mawatha,False,AB2-2
13577660245,1401574299,1165.8529619144863,secondary,Bulankulama Disawa Mawatha,False,
13587389092,13587403121,4.916964783970288,primary,,False,
13587389092,13587403118,5.373158896872325,primary,,False,
13587389092,13587389094,8.17190524010625,primary,Old Puttalam Road,False,B234
13587389094,13587403118,8.875134070915989,primary,Old Puttalam Road,False,B234
13587389094,4099888824,165.88692672513363,primary,Old Puttalam Road,False,B234
13587389094,13587389092,8.17190524010625,primary,Old Puttalam Road,False,B234
13587403118,13587389094,8.875134070915989,primary,Old Puttalam Road,False,B234
13587403118,13587389092,5.373158896872325,primary,,False,
13587403118,13587403123,16.516831490205206,primary,,False,
13587403121,5257292855,4.3266270554115325,secondary,Thuparamaya Mawatha,False,B397-2
13587403121,13587403123,4.782068765970375,primary,,False,
13587403121,13587389092,4.916964783970288,primary,,False,
13587403123,5257292855,6.688604198226734,secondary,Thuparamaya Mawatha,False,B397-2
13587403123,13587403118,16.516831490205206,primary,,False,
13587403123,13587403121,4.782068765970375,primary,,False,
13591204530,2835617095,11.68219435908798,secondary,,True,
13591204530,13591204531,35.685889087428535,secondary,,True,
13591204531,2835617095,32.92284671269707,secondary,,True,
13591204531,1410580258,7794.468041349033,secondary,,False,
13595572702,13596262043,299.30728359861683,secondary,Sri Rewatha Mawatha,False,B397-5
13596149373,773016545,732.5352120887845,secondary,Malwatu Oya Left Bank Road,False,B397-13
13596149373,13691441813,31.059392107090144,secondary,Malwatu Oya Left Bank Road,True,B397-13
13596262043,1181921888,209.54268029762812,primary,Ellakkattuwa Road,False,B397-12
13596262043,13595572702,299.3072835986169,secondary,Sri Rewatha Mawatha,False,B397-5
13596262043,1402737653,912.5907441420961,primary,Ellakkattuwa Road,False,B397-12
13613018164,4004621090,25.36546285240367,primary,Thilak Ratnayake Mawatha,True,B70
13613018164,13615512124,26.86925907476288,primary_link,,True,
13614804390,13659388309,22.38952452627355,primary,William Gopallawa Mawatha,True,AB42
13614804399,618043670,30.53781968233468,secondary,Baladaksha Mawatha,True,
13614804399,13614804390,19.002214008356777,primary_link,,True,
13615512124,6324979463,127.57840426376052,trunk,"['Sirimavo Bandaranaike Mawatha (Peradeniya Road)', 'Sri Dalada Veediya']",False,A1
13615512124,4004621090,20.416929603160348,trunk,Sirimavo Bandaranaike Mawatha (Peradeniya Road),False,A1
13624920350,5120237603,293.28447575834787,primary,Gannoruwa Road,False,B365
13624920350,13624920535,250.34402122908,primary,Gannoruwa Road,True,B365
13625281401,1855322535,254.60154747268854,trunk,"['Penideniya Bridge', 'Penideniya Road']",False,A5
13625281401,2078331482,259.4040552487882,trunk,Penideniya Road,False,A5
13625281401,2910325921,1001.5520753988174,primary,Quarry Road,False,B118
13625464816,2078331482,869.8900820566346,primary,Sarananda Road,False,B505
13625464816,2910325921,309.3342379223255,trunk,Colombo Road,False,A1
13625464816,7094700078,382.02804555463683,trunk,Colombo Road,False,A1
13646507158,4457419930,34.960752983103305,primary,Biyagama Road,True,B214
13646507158,5352135773,12.873372158564981,primary,,True,
13650405023,2035845823,3110.2277344081767,primary,"[""Lover's Leap Road"", ""Lady McCallum's Drive""]",False,B249
13650405023,2035832241,14.70364333047124,primary,Lady McCallum's Drive,False,B249
13650405023,4897029032,17.281542665697614,primary,Old Udapussellawa Road,False,B331
13653585411,5122515798,29.514634957302185,primary,Sri Sumana Mawatha,False,B644
13653585411,403816197,806.2321870332858,primary,Sri Sumana Mawatha,False,B644
13653585411,733606450,49.635681520085186,primary_link,,True,
13653585418,13653585411,58.02870246401286,primary_link,,True,
13653585418,5122515798,41.46966804674,primary,Ambatale Road,False,AB10
13653585418,403816206,2561.0824281105242,primary,Ambatale Road,False,AB10
13656692418,618700103,376.4884908615467,primary,"['Janadhipathi Mawatha', 'Sir Baron Jayatilake Mawatha']",False,
13656692418,13656692423,21.76246493204354,trunk,Clock Tower RB,True,
13656692423,669217870,348.32214138769046,trunk,Janadhipathi Mawatha,True,A2
13656692423,3355420037,13.315932312881378,trunk,Clock Tower RB,True,
13656869429,11851168715,12.250079361672496,primary,William Gopallawa Mawatha,True,AB42
13656869429,7094485197,27.186166541006656,primary_link,,True,
13656872132,1278007299,44.88040470032883,primary,Galle Road New Deviation,True,AB11
13656872132,1418747698,11.377787144712482,primary,,True,
13659388309,3012657751,8.506652564901225,primary,William Gopallawa Mawatha,True,AB42
13659388309,7094485193,84.11387895977909,primary_link,,True,
13662447481,4784496254,74.15999137480668,trunk,Colombo-Kandy Road,True,A1
13662447481,4784496273,67.90894321950636,trunk,Colombo-Kandy Road,False,A1
13663348779,4785724017,7.387619403660602,trunk,Colombo-Kandy Road,True,A1
13663348779,5280287630,8.33418767076475,primary_link,,False,
13663348779,4785723989,23.75257061727698,primary,Kadawatha Bypass Road,True,B641
13663630398,668963648,17.016969618406577,primary,Panchikawatte Road,True,AC22
13663630398,3136316333,157.97210324405097,primary,Panchikawatte Road,True,AC22
13663655377,3136286192,47.00423917473293,primary,D. R. Wijewardene Mawatha,True,AC6
13663655377,3647856938,23.463677899813163,trunk,,True,
13664742979,5375634189,789.6903215845939,secondary,Louis Peiris Mawatha,False,B551
13664742979,3422963193,51.39481742092522,secondary,Louis Peiris Mawatha,True,B551
13671477050,11367587826,24.7357652498588,trunk,Sirimavo Bandaranaike Mawatha (Peradeniya Road),False,A1
13671477050,3983328377,3862.9603245763997,trunk,Sirimavo Bandaranaike Mawatha (Peradeniya Road),False,A1
13671477050,11367587825,41.82665340606455,primary_link,,True,
13671920564,257927955,825.4672034550922,primary,"['Gedige Vihara Mawatha', 'Adahanamaluwa Road']",False,B70
13671920564,3999196805,708.3225896231537,primary,"['Thilak Ratnayake Mawatha', 'Adahanamaluwa Road']",False,B70
13671920564,3991976934,31.951446292236355,primary_link,,True,
13673393240,13673393243,25.152512794989068,trunk,Cumaratunga Munidasa Mawatha,True,A4
13673393240,13673393247,30.828076403000736,secondary,5th Lane,True,
13673393243,191816795,69.55243521664909,trunk,Cumaratunga Munidasa Mawatha,True,A4
13673393247,127658568,495.5442119271523,secondary,5th Lane,False,
13673393247,13673393243,31.038988705187382,secondary,5th Lane,True,
13673566348,1274137038,30.320763550404138,primary,Bambalapitiya Station Road,False,
13673566348,1274137040,2169.4480509236746,primary,"['Station Road', 'Marine Drive']",False,
13673566348,253026210,1650.6021115127107,primary,Marine Drive,False,
13676334893,3422963193,19.54804986943897,trunk,Anagarika Dharmapala Mawatha,False,A26
13676334893,2078322240,462.6323708625575,trunk,Anagarika Dharmapala Mawatha,False,A26
13676334893,13664742979,43.23130234688729,secondary,Louis Peiris Mawatha,True,B551
13676680288,635909834,77.90389051319411,primary_link,,True,
13676680288,3136350901,59.24745770712943,secondary,T. B. Jayah Mawatha,True,
13676744637,9291504362,16.514095120176837,secondary,,True,
13676744639,13676744642,24.130933811852252,secondary,St. Sebastian Hill,True,
13676744639,13676744637,9.03018218232338,secondary,,True,
13676744642,6277581690,96.08062232650866,secondary,St. Sebastian Hill,False,
13676744642,13676744637,22.847006082930115,secondary,St. Sebastian Hill,True,
13676744644,13676744639,12.559790304617358,secondary,,True,
13676891358,7461966816,18.80880246189579,secondary,San Sebastian Hill,False,
13676891358,9291504374,27.01040817350687,secondary,San Sebastian Hill,True,
13676891372,3825059831,51.35178772921063,secondary,Mihindu Mawatha,True,
13676891372,13676891377,53.2406656680624,secondary,Mihindu Mawatha,False,
13676891377,13676891372,53.2406656680624,secondary,Mihindu Mawatha,False,
13680101714,6234403697,8.285299825727954,primary_link,,False,
13680101714,654148520,994.7488653189572,primary,D. R. Wijewardene Mawatha,True,AC6
13680101719,6234403700,8.478861483747993,primary_link,,False,
13680101719,3136350898,173.4375369496029,primary,D. R. Wijewardene Mawatha,True,AC6
13680517127,3822140391,82.29914719607234,primary,Albert Crescent,True,
13680517128,13680517127,15.178659863103558,primary_link,,True,
13680517128,637624617,115.58554297569047,primary,Albert Crescent,True,
13682136254,13682136255,26.201889077939562,trunk,Kottawa Roundabout,False,
13682136254,3914008960,8.6832228217758,trunk,Kottawa Roundabout,False,
13682136255,5969054769,8.862433935254419,trunk,Kottawa Roundabout,False,
13682136255,13682136254,26.201889077939562,trunk,Kottawa Roundabout,False,
13684572977,4231323484,8.598218985437883,primary,Old Puttalam Road,True,
13684572977,13684572987,16.90849612346429,primary,Old Puttalam Road,False,
13684572987,6276892160,4.9253544027245315,trunk,Negombo Road,True,A3
13684572987,13684572988,8.739986637613912,primary_link,,False,
13684572987,13684572977,16.90849612346429,primary,Old Puttalam Road,False,
13684572988,13684572987,8.739986637613912,primary_link,,False,
13684572988,620529017,595.6521751154207,trunk,Negombo Road,True,A3
13684602357,1863416592,301.0397193183836,secondary,Maligawatta Road,False,AC18
13684602357,9075697853,24.100020051559436,secondary,Jayantha Weerasekara Mawatha,True,AC13
13685191382,1428433267,12.32230656436925,primary_link,,False,
13685191382,3136350899,111.77361298910759,primary,T. B. Jayah Mawatha,True,12
13686682344,4140985775,23.38808513851765,primary,Puttalam - Marichchikadai - Mannar Road,False,B379
13686682344,13686682345,16.349964773096236,trunk,,True,
13686682345,4140985775,24.272428402233892,primary,Puttalam - Marichchikadai - Mannar Road,False,B379
13686682345,13686682355,8.152028249028788,trunk,,True,
13686682347,13686682350,26.34757644181997,trunk,Colombo-Puttalam Road,False,A3
13686682347,13686682367,10.899313482950298,trunk,,True,
13686682350,12620876473,259.95747429846153,trunk,Colombo-Puttalam Road,False,A3
13686682350,13686682367,30.043645181096423,trunk,Colombo-Puttalam Road,False,A3
13686682350,13686682347,26.347576441819974,trunk,Colombo-Puttalam Road,False,A3
13686682355,618604210,26.559440455489558,trunk,Katugastota-Puttalam Road,True,A10
13686682355,13686682358,9.807689385766547,trunk,,True,
13686682358,618604210,27.041165332510722,trunk,Katugastota-Puttalam Road,True,A10
13686682358,13686682347,12.222661549773813,trunk,,True,
13686682367,13686682350,30.043645181096416,trunk,Colombo-Puttalam Road,False,A3
13686682367,13686682344,12.512011553502077,trunk,,True,
13689191650,3283385135,3824.287470496777,primary,Pannegamuwa-Tissa Road,False,B464
13689191650,1744448774,4907.2814452201565,trunk,Hambantota-Wellawaya Road,False,A2
13689191650,3674901134,7222.095684470749,trunk,Hambantota-Wellawaya Road,False,A2
13691441803,13691441804,18.40332972991399,secondary,Sri Bharathindra Mawatha,True,B397-7
13691441803,602759883,332.4170814582807,secondary,Sri Bharathindra Mawatha,False,B397-7
13691441804,13691441805,8.980950882258494,secondary,,True,
13691441805,685393534,16.35989627421831,secondary,Sri Bharathindra Mawatha,True,B397-7
13691441805,1244985940,11.958975151913549,secondary,,True,
13691441811,13691441813,8.970440602014357,secondary,,True,
13691441811,13596149373,31.495703067976926,secondary,Malwatu Oya Left Bank Road,True,B397-13
13691441813,13691441815,5.974867947108774,secondary,,True,
13691441815,13691441803,18.644096598941495,secondary,Sri Bharathindra Mawatha,True,B397-7
13691441815,13691441804,9.008401490027552,secondary,,True,
13692124480,127657312,314.95696303548027,primary,Dr. Colvin R. de Silva Mawatha (Union Place),True,
13692124480,619732375,15.665481089957188,primary,Lipton Circus,True,
13692201508,3136338274,80.41668923083883,primary,Ward Place,True,
13692201508,13692201509,16.002870149718667,primary,De Soysa Circus,True,
13692201509,619732438,4.149267499736304,primary,De Soysa Circus,True,
13695148146,9795422576,34.67436332404419,trunk,,True,
13695573497,6272317584,41.34846634446068,trunk,Matara Road,True,A2
13695573497,13695595606,95.27733541546867,trunk_link,,True,
13695573498,3279700855,15.694925419088268,trunk,Matara Road,True,A2
13695595606,3279700971,7.5204616688319135,trunk_link,,True,
13695595607,6272317584,41.543075785902154,primary,New Matara Road,True,AB41
13695595607,13695573498,47.96355722785553,primary_link,,True,
13695595627,6272317584,6.847852083882882,trunk_link,,False,
13695595627,1500304217,74.04450113267431,primary,New Matara Road,True,AB41
13695697500,621822224,774.4265589589679,primary,Bernard Soysa Mawatha (Kirula Road),False,
13695697500,13695751603,16.211761151444765,primary,Bernard Soysa Mawatha (Kirula Road),True,
13695751601,13695751612,13.029855871239201,primary,,True,
13695751601,621816478,34.04716242914215,trunk,Elvitigala Mawatha,True,AC8
13695751603,621816478,62.293835276177916,trunk_link,,True,
13695751603,13695751601,43.1326254164473,primary,Bernard Soysa Mawatha (Kirula Road),True,
13695751609,672817127,1230.4516980143221,primary,"['Narahenpita Road', 'Nawala Road']",False,B307
13695751609,10217285592,87.6624115772999,primary,Nawala Road,True,B307
13695751611,13695751609,106.51529505620074,primary,Nawala Road,True,B307
13695751612,621816440,8.122653068341704,trunk,Elvitigala Mawatha,True,
13695751612,13695751611,35.22084393075236,primary,Nawala Road,True,B307
13698397487,13698430251,0.044237438930681654,trunk,Elvitigala Mawatha,True,AC8
13698397487,13698397488,14.521380043712123,primary,,True,
13698397488,62783063,12.125591911165571,trunk,Elvitigala Mawatha,True,AC8
13698430208,13698430222,10.530004673748493,primary,Ven. Murutthettuwe Ananda Nahimi Mawatha (Thimbirigasyaya Road),True,
13698430210,60796731,11.209574736318746,primary,Ven. Murutthettuwe Ananda Nahimi Mawatha (Thimbirigasyaya Road),True,
13698430210,5759362469,27.076073311460842,secondary,Fife Road,True,
13698430211,13698430254,8.634714088268387,secondary,Jawatta Road,True,
13698430211,9465124703,50.05059605301795,primary,Ven. Murutthettuwe Ananda Nahimi Mawatha (Thimbirigasyaya Road),True,
13698430212,13698430211,11.120311787619473,primary,Ven. Murutthettuwe Ananda Nahimi Mawatha (Thimbirigasyaya Road),True,
13698430222,13698430210,7.06726018023586,secondary,Fife Road,True,
13698430222,13698430228,211.34052519952718,primary,Ven. Murutthettuwe Ananda Nahimi Mawatha (Thimbirigasyaya Road),True,
13698430228,621822224,7.30410295577959,primary,Bernard Soysa Mawatha (Kirula Road),False,
13698430228,13698430235,281.95846331856535,primary,Ven. Murutthettuwe Ananda Nahimi Mawatha (Thimbirigasyaya Road),True,
13698430235,621817310,6.397673717433358,secondary,Torrington Avenue,False,
13698430235,10660932982,881.4095973203193,secondary,Torrington Avenue,False,
13698430235,13698430251,688.6922522241276,primary,Ven. Murutthettuwe Ananda Nahimi Mawatha (Thimbirigasyaya Road),True,
13698430251,13714200025,782.3962552640234,trunk,Elvitigala Mawatha,True,AC8
13698430252,13698430212,8.725718844121785,secondary,Jawatta Road,True,
13698430252,13698430208,132.51281441815215,primary,Ven. Murutthettuwe Ananda Nahimi Mawatha (Thimbirigasyaya Road),True,
13698430254,13698430252,11.285260846856785,primary,Ven. Murutthettuwe Ananda Nahimi Mawatha (Thimbirigasyaya Road),True,
13698430254,13698430255,19.827854625140247,secondary,Jawatta Road,True,
13698430255,4324726612,976.741669185048,secondary,"['Jawatte Road', 'Jawatta Road']",False,
13698430255,13698430252,20.51671737477045,secondary,Jawatta Road,True,
13698912417,1636603514,46.26335201466516,trunk,Akuressa Road,True,A17
13698912444,13698912445,22.119631886686133,trunk,Akuressa Road,True,A17
13698912444,6492867591,34.10737662237154,primary_link,,True,
13698912445,6492867599,13.122292858571786,trunk,Akuressa Road,True,A17
13698912445,6492867591,20.31922280742319,primary,Galle Port Access Road,True,B594
13698912446,6492867585,21.711828558191616,trunk,Akuressa Road,True,A17
13698912446,13698912445,10.3070083815545,primary,Galle Port Access Road,True,B594
13698912447,13698912446,19.892231146104226,primary,Galle Port Access Road,True,B594
13698912447,6492867585,28.751974882921544,primary_link,,True,
13700965134,6509727157,5106.431259973714,trunk,Katugastota-Kurunegala-Puttalam Road,False,A10
13700965134,1976110894,3631.4691096342203,trunk,Katugastota-Kurunegala-Puttalam Road,False,A10
13700965134,3106294734,3814.368264989745,secondary,Nikaweratiya - Maho - Madagalla Road,False,B326
13709350341,13711501216,85.82061986953173,primary,Circular Road,False,B557
13709350341,603240958,601.4994380782492,primary,Dondra Light House Road,False,B107
13709350341,6673012482,143.65959041301292,primary,Dondra Light House Road,False,B107
13709350352,1745895523,27.23694024683934,trunk,Tangalle Road,False,A2
13709350352,33389417,147.13699273102299,trunk,Tangalle Road,False,A2
13709350352,6673012482,24.233209906041843,primary,Dondra Light House Road,False,B107
13711501216,13709350341,85.82061986953174,primary,Circular Road,False,B557
13711501216,33389417,337.85951912076,primary,Circular Road,False,B557
13711501216,603240958,827.623455072999,primary,Sinhasana Road,False,B559
13714200025,13714200026,11.881130268135392,trunk_link,,False,
13714200025,3339929667,448.88218738602643,trunk,Elvitigala Mawatha,True,AC8
13714200026,13714200025,11.881130268135392,trunk_link,,False,
13714200026,13698397488,778.7268647915115,trunk,Elvitigala Mawatha,True,AC8
13714592717,6249854579,24.911062058291186,primary,Angunakolapelessa-Embilipitiya Road,True,B548
13714592717,6249854572,8.593710365808924,primary,Hungama-Angunukolapelessa Road,True,B622
13716601407,6251962520,1917.9844022911898,primary,Embilipitiya Road,True,B587
13716601413,13716601407,9.23425684497228,primary_link,,True,
13716601413,6251962524,8.788062361653173,primary_link,,True,
13723181257,1639029976,11764.653344676548,primary,Tissa-Kataragama Road,False,B464
13723181257,3683997236,54.49145384644402,primary,Tissa-Kataragama Road,True,B464
13723181260,3683997229,35.17349407082384,primary,Tissa-Kataragama Road,True,B464
13723181260,1740265426,4391.404056366002,primary,Tissa-Kataragama Road,False,B464
13727362508,13727362519,41.97104952499437,secondary_link,,True,
13727362509,7961874516,9.209372370806596,secondary,,True,
13727362510,7961874511,20.928440085533804,secondary,,True,
13727362510,13727362509,10.572901690274172,secondary_link,,True,
13727362515,2648621836,35.43348395591993,secondary,,True,
13727362515,13727362511,48.58599993055841,secondary_link,,True,
13727362519,2648621841,1371.0822040335756,secondary,,True,
13727362525,7961874511,39.01564911382844,secondary_link,,True,
13728195887,2605754835,1816.1537005918415,primary,Belliatte-Weeraketiya Road,False,B627
13728195887,3234257841,2718.982370365925,primary,Beliatte-Walasmulla Road,False,B54
13728195887,1748992310,2656.554800491493,primary,Beliatte-Walasmulla Road,False,B54
13739751298,44265234,7.393315541458427,trunk,Wellawaya-Pottuvil Road,False,A4
13739751298,603240642,234.58471272532043,trunk,Wellawaya-Pottuvil Road,False,A4
13740014575,6495621994,1039.0952295029554,trunk,New Kalmunai Road,True,A4
13740014575,4712510859,14.462618402601052,trunk,,True,
13740014576,6488496079,19.331949994813446,primary,Old Kalmunai Road,False,B337
13740014576,6685420675,538.4394075897626,trunk,Kalmunai Road,True,A4
13740014577,13740014575,10.467851048412555,trunk,,True,
13743364556,4212767857,18.736145441507475,trunk,Trincomalee Road,False,A15
13743364556,1807810047,46.97131756564065,trunk,Badulla-Chenkaladi Road,True,A5
13743364556,1675667180,11616.835529349126,trunk,Trincomalee Road,False,A15
13749558417,1886079221,39.1871699321335,trunk,Jaffna Road,True,A20
13749558417,13749558430,27.070520593392622,trunk_link,,True,
13749558419,13749558430,25.058029212515386,trunk,Kandy-Jaffna Road,False,A9
13749558419,2093935800,1627.7504704924556,trunk,Kandy-Jaffna Road,False,A9
13749558419,13749558428,24.861817728108043,trunk_link,,True,
13749558428,1886079226,20.900031602861862,trunk,Jaffna Road,True,A20
13749558430,1886079221,23.032291752149572,trunk,Kandy-Jaffna Road,False,A9
13749558430,13749558419,25.058029212515386,trunk,Kandy-Jaffna Road,False,A9
13749558430,13749558428,25.078239330145976,trunk,Jaffna Road,True,A20
13756203795,3517327762,21778.929820671317,primary,Lindula-Agarapathana-Dayagama Road,False,B252
13763979653,5519615353,47.67170289823067,primary,Tonigala-Kalawewa Road,False,B423
13763979653,4158784481,8407.918811021944,primary,Tonigala-Kalawewa Road,False,B423
13763979653,13763979671,43.66387867139552,primary_link,,False,
13763979671,5231755680,2101.199636964574,primary,Thalawa Eppawala Road,False,B213
13763979671,5519615353,47.137486577698105,primary,Thalawa Eppawala Road,False,B213
13763979671,13763979653,43.66387867139552,primary_link,,False,
13791119241,4507913122,72.24736573813675,primary,Talawakelle Station Road,False,B27-5
13811685898,2015265429,6216.205748144739,primary,Galigamuwa-Ruwanwella Road,False,B127
13811685898,13811688265,48.54802426775954,primary,Galigamuwa-Ruwanwella Road,True,B127
13811685898,13811688268,48.55792577646455,primary,Galigamuwa-Ruwanwella Road,True,B127
13811688265,617968149,4352.451240173629,trunk,Colombo-Kandy Road,False,A1
13811688265,13811688268,22.614237806574444,trunk,Colombo-Kandy Road,False,A1
13811688268,13811688265,22.614237806574444,trunk,Colombo-Kandy Road,False,A1
13811688268,1980566518,5541.768201578903,trunk,Colombo-Kandy Road,False,A1
13834066716,4814119818,23.79786092540288,primary,Mahiyanganaya-Dimbulagala-Dalukane Road,True,AB44
13834066716,3822752112,341.4834743989745,secondary,Roof Tile Factory Road,False,C615
13843923932,10166776387,324.66224700746693,primary,Uduwara Station Road,False,B27-18
13844131039,49364006,166.70574003236635,primary,Ella Station Road,False,B27-20
13850088952,4973240985,23.014983579754514,trunk,Main Street,True,A16
13850088952,4973240984,30.640036020117243,primary_link,,False,
13872342556,1945644699,16.862810462038738,trunk,Badulla-Chenkaladi Road,False,A5
13872342556,2902111505,53411.931941887946,"['primary', 'secondary']","['Passara-Madulsima-Metigahatenne Road', 'Metigahatenne-Akiriya-Ketawatta-Gurumada Road', 'Meegahakivula-Kalugahakandura Road']",False,"['C22', 'C665', 'B360']"
13872342556,1945605121,3340.4830886754985,trunk,Badulla-Passara Road,False,A5
13876145704,1684534472,126.53202042942713,trunk,Karativu-Ampara Road,True,A31
13876145708,1684534497,14.235133495177543,trunk,Siyambalanduwa-Damana-Ampara Road,True,A25
13876145712,1684534515,15.321586200326093,trunk,Karativu-Ampara Road,True,A31
13876145712,13876145708,17.946401909032392,trunk_link,,True,
13895307330,3315891506,1404.134683979997,primary,Deeghavapi Temple Road,False,B92
13901998344,1685409160,1305.863481446476,primary,Newguna-Irakkamam Road,False,B650
13901998344,1685409092,1643.1027651222407,trunk,Siyambalanduwa-Damana-Ampara Road,False,A25
13901998344,1979513536,3349.511587606125,trunk,Siyambalanduwa-Damana-Ampara Road,False,A25
13902371877,1675667180,2547.193592409655,primary,Urani Road,False,B433
13904633852,6685474010,2.271067810484936,trunk,,True,
13907822736,3899387299,42.62103533011346,trunk,Trincomalee Road,False,A15
13907822736,3899387303,12.281302614019905,trunk,,True,
13914032183,1685802576,16.735090308182247,trunk,Trincomalee-Batticaloa Road,True,A15
13914032191,1685803096,22.72388411548303,secondary,Old Batticaloa Road,True,
13914032191,13914032195,14.038436187626475,trunk,Trincomalee-Batticaloa Road,True,A15
13914032195,1685803096,20.92141885380742,secondary,Old Batticaloa Road,False,
13914032195,7100451968,15.886983471874762,trunk,Trincomalee-Batticaloa Road,False,A15
13914032195,13914032183,14.053555884042433,trunk_link,,True,
13917455415,3809341386,706.9087090421889,secondary,Old Batticaloa Road,False,
13929460685,13929460691,11.642103098687645,trunk,,True,
13929460685,1242788120,29.939261760555578,primary,Main Street,True,B27-10
13929460688,13929460695,12.226663423660538,trunk,,True,
13929460691,13929460693,5.927634081468806,trunk,,True,
13929460693,1242795099,22.308161244873386,trunk,Inner Harbour Road,True,A6
13929460693,13929460688,13.301923692090957,trunk,,True,
13929460695,13929460698,12.376102537638982,trunk,,True,
13929460695,4139440649,32.04854700412966,trunk,Kandy Road,True,A6
13929460698,13929460685,8.310625196284906,trunk,,True,
13938053003,1242787964,40.46882084627116,primary,Dockyard Road,False,B140-3
13942360677,1882011622,3314.3131521109844,primary,Trincomalee-Pulmoddai Road,False,B424
13942360677,13942360684,165.36399237314498,primary,Trincomalee-Pulmoddai Road,False,B424
13942360677,13942360684,175.80584412887777,primary,Trincomalee-Pulmoddai Road,False,B424
13942360684,13942360677,165.36399237314498,primary,Trincomalee-Pulmoddai Road,False,B424
13942360684,13942360677,175.8058441288778,primary,Trincomalee-Pulmoddai Road,False,B424
13942360684,1886444971,33907.55001541491,"['primary', 'secondary']","['Bogahawewa - Pulmuddai Road', 'Trincomalee-Pulmoddai Road']",False,"['B060', 'B424']"
13942702875,7071757658,15226.41215938263,trunk,Kandy Road,False,A6
13942702875,3557474353,14.068148606028364,trunk,Habarana Roundabout,True,
