node_id,latitude,longitude,junction_type,source
33389255,5.9730524,80.3619721,AA-Other,AA
1233269778,5.9811153,80.340288,AA-Other,AA
11542234727,5.9654496,80.3794433,AA-Other,AA
33389341,5.9428884,80.5683876,AA-Other,AA
250131773,5.9452219,80.5654173,AA-Other,AA
33389417,5.9282624,80.587898,AA-Other,AA
13709350352,5.9281692,80.5892188,AA-Other,AA
33389466,5.9845588,80.7248831,AA-Other,AA
1750306782,5.9994592,80.7409722,AA-Other,AA
250131591,5.9645506,80.6945462,AA-Other,AA
35436490,7.2657717,80.592541,AA-Other,AA
258029156,7.2641242,80.5929415,AA-AA,AA
7094700078,7.2658191,80.5923849,AA-Other,AA
44265232,6.7283078,81.1028568,AA-Other,AA
2610876638,6.5186424,81.1270256,AA-Other,AA
44265234,6.7320733,81.1019539,AA-AA,AA
13739751298,6.7320625,81.1018879,AA-Other,AA
1135398600,6.7328536,81.1069157,AA-Other,AA
44265239,6.7352857,81.0994513,AA-Other,AA
603240642,6.7316582,81.0998053,AA-AA,AA
6658588595,6.8730161,81.0491151,AA-Other,AA
44534497,6.0327543,80.2174846,AA-Other,AA
138713209,6.032452,80.2173589,AA-Other,AA
44534546,6.0329619,80.2176646,AA-Other,AA
47822231,6.0373485,80.228239,AA-Other,AA
8703211017,6.0341042,80.2352522,AA-Other,AA
47824936,6.0375697,80.2272571,AA-Other,AA
49364006,6.8742941,81.0467913,AA-Other,AA
49364356,6.8734775,81.031248,AA-AA,AA
2145042656,6.8992542,81.0580984,AA-Other,AA
49368092,6.8940378,80.87,AA-Other,AA
2078611991,6.9058027,80.9097611,AA-Other,AA
3682574805,6.9168609,80.8313045,AA-Other,AA
49368243,6.9062962,80.9140507,AA-Other,AA
1147075948,6.9370897,80.9909664,AA-Other,AA
2026114937,6.9039401,80.9125742,AA-Other,AA
49371992,6.9769448,80.7622554,AA-Other,AA
77682693,6.9731994,80.7654223,AA-Other,AA
3584750699,6.9791415,80.7583683,AA-Other,AA
49378902,7.1343961,80.5978194,AA-Other,AA
3217407684,7.1322639,80.5885919,AA-Other,AA
1834922625,7.0968005,80.6458746,AA-Other,AA
50366409,7.1465373,80.0970024,AA-Other,AA
617823296,7.1685206,80.1241296,AA-Other,AA
324965926,7.1439008,80.0955978,AA-Other,AA
324965995,7.1438908,80.0956693,AA-Other,AA
50415021,6.7250599,79.9065741,AA-Other,AA
665685894,6.7264146,79.9054242,AA-Other,AA
50415165,6.6291784,79.9431006,AA-Other,AA
12109482770,6.6638441,79.9305924,AA-Other,AA
1138325237,6.6098909,79.9516819,AA-Other,AA
50415206,6.5611121,79.968943,AA-Other,AA
9634869050,6.5612844,79.9689011,AA-Other,AA
50422936,6.7974283,79.8885734,AA-Other,AA
2361900649,6.7949889,79.8878711,AA-Other,AA
54398901,6.0557577,80.1811582,AA-Other,AA
1781355217,6.0633475,80.1755003,AA-Other,AA
7095171150,6.0382718,80.2056368,AA-Other,AA
59947552,6.0321579,80.239635,AA-AA,AA
6492867596,6.0377672,80.2493675,AA-Other,AA
309913698,6.030876,80.2407539,AA-Other,AA
60654455,5.9605613,80.4563066,AA-Other,AA
1231879141,5.9410814,80.4943508,AA-Other,AA
1675705732,5.9627579,80.4562779,AA-Other,AA
60797056,6.8624205,79.863849,AA-Other,AA
60797372,6.8611475,79.8641282,AA-Other,AA
1249801968,6.8530698,79.8658205,AA-Other,AA
60797439,6.8475213,79.866065,AA-Other,AA
10603977997,6.8305117,79.8678375,AA-Other,AA
60797607,6.6083532,79.9526173,AA-Other,AA
60797926,6.0715551,80.1631009,AA-Other,AA
3090456359,6.1107077,80.1251481,AA-Other,AA
60798009,6.8128144,79.8807742,AA-Other,AA
7085495071,6.8194855,79.8736163,AA-Other,AA
61802472,6.9438059,79.8781777,AA-Other,AA
1431441533,6.9495233,79.8784568,AA-Other,AA
61802550,6.950346,79.878467,AA-Other,AA
253022456,6.9506406,79.8786058,AA-Other,AA
77368738,6.0326546,80.2168312,AA-Other,AA
3379676395,6.0325573,80.2172007,AA-Other,AA
77379011,6.0329056,80.796545,AA-Other,AA
1340667695,6.0971079,80.8759406,AA-Other,AA
3960868163,6.0327465,80.7964605,AA-Other,AA
77379074,6.0286701,80.7948907,AA-Other,AA
3960797189,6.0285372,80.794853,AA-Other,AA
77381284,6.8302512,80.9885986,AA-Other,AA
4365280299,6.8304614,80.9887451,AA-Other,AA
2026106458,6.8293016,80.9875652,AA-Other,AA
2035811429,6.9719208,80.7667079,AA-Other,AA
77684317,6.9598727,80.7709464,AA-Other,AA
3390636008,6.959213,80.7719886,AA-Other,AA
3390634865,6.9607347,80.7692619,AA-AA,AA
77844809,6.8297352,80.9933306,AA-Other,AA
91030247,6.931298,79.8423099,AA-Other,AA
7153699537,6.9295434,79.8427535,AA-Other,AA
98554099,6.0357139,80.3890672,AA-Other,AA
98554144,6.0424667,80.4100691,AA-Other,AA
252541774,6.0349703,80.3156374,AA-Other,AA
98554769,6.0902964,80.476194,AA-AA,AA
2164965693,6.0911269,80.4765241,AA-Other,AA
1231840453,6.0243099,80.4956568,AA-Other,AA
102737773,6.0219749,80.7961853,AA-Other,AA
102737884,6.0222947,80.7958591,AA-Other,AA
3256396052,6.0216578,80.79635,AA-Other,AA
102737846,6.0227118,80.7955966,AA-Other,AA
3592218007,6.0256178,80.7942731,AA-Other,AA
127658294,6.911448,79.8709444,AA-Other,AA
248608270,6.9116,79.8671497,AA-Other,AA
4798976659,6.9113141,79.8762725,AA-Other,AA
127658312,6.8904392,79.8565364,AA-Other,AA
191792898,6.8938115,79.8554037,AA-Other,AA
127659606,6.9585517,80.2218847,AA-Other,AA
191856851,6.9647141,80.2637958,AA-Other,AA
3095525776,6.952377,80.2133809,AA-Other,AA
127660871,6.8786673,79.874506,AA-Other,AA
2247695861,6.8783042,79.8763489,AA-Other,AA
127660889,6.8774949,79.8794661,AA-Other,AA
10771363400,6.8739667,79.8818279,AA-Other,AA
129605583,6.7202283,80.0557965,AA-Other,AA
1212770520,6.7260983,80.0339689,AA-Other,AA
256663997,6.7181274,80.0586808,AA-Other,AA
129607626,6.8547965,80.089391,AA-Other,AA
1723172770,6.8584748,80.0911024,AA-Other,AA
1697583102,6.854361,80.0890505,AA-Other,AA
129610044,6.9031389,80.0874472,AA-Other,AA
1150403364,6.9113232,80.0936701,AA-Other,AA
1697437102,6.8590882,80.0913736,AA-Other,AA
129615686,6.841196,80.0031135,AA-Other,AA
2068162856,6.837921,79.9851096,AA-Other,AA
1430578050,6.8446381,80.0154729,AA-Other,AA
129615826,6.844796,79.9308921,AA-Other,AA
635164975,6.8464254,79.9483796,AA-Other,AA
642867474,6.8449619,79.9302846,AA-Other,AA
129615869,6.8518943,79.9197365,AA-Other,AA
619918508,6.8490001,79.9244796,AA-Other,AA
619956323,6.8577543,79.9085127,AA-Other,AA
129615924,6.8629794,79.9014385,AA-Other,AA
9959089698,6.8650231,79.8967741,AA-Other,AA
2071116345,6.85787,79.908414,AA-Other,AA
129615942,6.8651204,79.8965721,AA-Other,AA
651260245,6.8652355,79.8962922,AA-Other,AA
130019052,6.92097,79.8465687,AA-Other,AA
4515020714,6.9187701,79.847264,AA-Other,AA
130445177,6.2409186,80.0535808,AA-Other,AA
130445309,6.2388731,80.0541276,AA-Other,AA
130445589,6.2295327,80.0542727,AA-Other,AA
248048875,6.1833893,80.0721228,AA-Other,AA
130462216,5.9462667,80.5302423,AA-Other,AA
138713219,6.0324076,80.2171736,AA-Other,AA
5234940056,6.0325121,80.2168001,AA-Other,AA
666903979,6.8954287,79.8548763,AA-Other,AA
191794735,6.9211057,79.8464009,AA-Other,AA
7081602427,6.9236332,79.8454887,AA-Other,AA
191799826,6.9120162,79.8520162,AA-Other,AA
6272039662,6.9120599,79.8516567,AA-Other,AA
191816795,6.9060062,79.8589998,AA-Other,AA
269351942,6.9090918,79.8574538,AA-Other,AA
8169922827,6.9711526,80.2652565,AA-Other,AA
198601066,7.0239703,80.2612652,AA-Other,AA
3217150026,7.0237133,80.2614716,AA-Other,AA
5153458214,7.0457549,80.2538268,AA-Other,AA
198851718,6.1404895,80.0997402,AA-Other,AA
3090460083,6.1113054,80.1244071,AA-Other,AA
206594633,6.8785914,79.8727315,AA-Other,AA
206596162,7.0477458,79.8970466,AA-Other,AA
1475773455,7.051814,79.8966001,AA-Other,AA
206597309,7.1311694,79.8761885,AA-Other,AA
3805872958,7.1396393,79.8747157,AA-Other,AA
245519497,6.7169911,80.0615299,AA-Other,AA
1446610199,6.7169328,80.0617551,AA-Other,AA
245519498,6.7168237,80.0629621,AA-Other,AA
253718899,6.7174484,80.066074,AA-Other,AA
247139123,6.9588093,80.5220169,AA-Other,AA
247139339,6.9312111,80.5514288,AA-Other,AA
1190507161,6.9630227,80.5180391,AA-Other,AA
5252242488,6.8980344,80.5925313,AA-Other,AA
247140202,6.9475294,80.6300085,AA-Other,AA
4108748760,6.9252292,80.608955,AA-Other,AA
4507913122,6.9395831,80.6602918,AA-Other,AA
247140495,6.930383,80.7179219,AA-Other,AA
247140995,6.9374771,80.7383723,AA-Other,AA
3517327762,6.9271151,80.6869586,AA-Other,AA
247141016,6.9409386,80.74424,AA-Other,AA
3390658487,6.949311,80.7737674,AA-Other,AA
10682149773,6.9115582,79.8669677,AA-Other,AA
3279650333,5.964547,80.6917814,AA-Other,AA
2155946168,5.9468547,80.5566443,AA-Other,AA
250731003,6.9094649,79.8968741,AA-Other,AA
13399644563,6.9086601,79.8984321,AA-Other,AA
2434214580,6.0376155,80.3044717,AA-Other,AA
253022446,6.9438447,79.8782935,AA-Other,AA
4422642586,6.9434315,79.8783189,AA-Other,AA
324997824,6.9556012,79.8828973,AA-Other,AA
253022458,6.950953,79.8790303,AA-Other,AA
1431441535,6.9499888,79.8786057,AA-Other,AA
253022461,6.9555584,79.883004,AA-Other,AA
1796922853,6.7438968,80.1763478,AA-Other,AA
5693657962,7.2930331,80.6377489,AA-AA,AA
258025225,8.0320952,80.7725835,AA-Other,AA
3213759120,8.0638324,80.8984001,AA-Other,AA
258025517,7.8578859,80.652269,AA-Other,AA
1651774036,7.8604196,80.6522003,AA-Other,AA
258049598,7.7072532,80.6535865,AA-Other,AA
258029159,7.2603615,80.5926773,AA-Other,AA
258029175,7.2641917,80.5939602,AA-Other,AA
2078331482,7.2578358,80.5906623,AA-Other,AA
3033937981,7.2661312,80.5960944,AA-Other,AA
258030081,6.8737331,79.8819058,AA-Other,AA
10771363401,6.8739457,79.8817654,AA-Other,AA
4582456531,6.870435,79.8870239,AA-Other,AA
258049265,7.4092254,80.609506,AA-Other,AA
258049267,7.4101533,80.6094921,AA-Other,AA
3616502607,7.35703,80.6175063,AA-Other,AA
1727358941,7.4239591,80.6106067,AA-Other,AA
258049379,7.4657422,80.6237756,AA-Other,AA
3662474367,7.4659159,80.6234324,AA-Other,AA
3620006922,7.4493948,80.6310127,AA-Other,AA
2083007820,7.4662148,80.6232927,AA-Other,AA
1980552001,7.4809229,80.6234027,AA-Other,AA
258049453,7.5307154,80.6258655,AA-Other,AA
3710121977,7.6947512,80.6521086,AA-Other,AA
258053453,6.908812,79.8952784,AA-Other,AA
6230885416,6.9093314,79.8960491,AA-Other,AA
258523315,7.9545394,80.9990381,AA-Other,AA
258523345,7.9455601,80.9999611,AA-Other,AA
1241520120,7.9987675,80.9253843,AA-Other,AA
7734473410,7.9413644,81.0002781,AA-Other,AA
258523358,7.9413592,81.0002047,AA-Other,AA
259648460,6.9152163,79.855985,AA-Other,AA
6258386258,6.9225303,79.8525729,AA-Other,AA
3164393649,6.9129219,79.8556908,AA-Other,AA
263155120,7.1872599,80.5894503,AA-Other,AA
3591084262,7.1669943,80.5724649,AA-Other,AA
263155217,7.214638,80.598026,AA-Other,AA
263179584,7.2411255,80.5933576,AA-Other,AA
1855322535,7.2550153,80.5895904,AA-Other,AA
268931354,6.8851181,79.8668302,AA-Other,AA
1792664495,6.8849907,79.8670069,AA-Other,AA
3742192428,6.888089,79.8642468,AA-Other,AA
269202453,6.9118677,79.8644769,AA-Other,AA
3355393382,6.9117995,79.8646636,AA-Other,AA
269202456,6.9116395,79.8646664,AA-Other,AA
3355393361,6.9115959,79.8646299,AA-Other,AA
6524681178,6.9114639,79.8563093,AA-Other,AA
275517851,6.9051655,79.9056985,AA-Other,AA
663702778,6.9039441,79.906832,AA-Other,AA
292783948,7.200907,79.8533142,AA-Other,AA
403881177,7.2055063,79.8511768,AA-Other,AA
308865192,7.9790873,79.8332896,AA-Other,AA
1731568828,7.7649475,79.8288592,AA-Other,AA
1731470195,7.980907,79.8335972,AA-Other,AA
309033793,6.946793,80.2149855,AA-Other,AA
3510278658,6.9522207,80.2125814,AA-Other,AA
3090078667,6.8533573,80.2616096,AA-Other,AA
3081634094,6.0299261,80.2416118,AA-Other,AA
310860950,6.6853284,80.3960779,AA-AA,AA
3937837818,6.7052019,80.3850901,AA-Other,AA
5303300108,6.6843626,80.3967127,AA-Other,AA
1797858594,6.7317282,80.2773496,AA-Other,AA
310863031,6.5832267,80.5731725,AA-Other,AA
2152800310,6.5833673,80.5731412,AA-Other,AA
311128308,6.4297053,79.9995983,AA-Other,AA
1094458277,6.4189228,80.0025171,AA-Other,AA
1138480331,6.4298246,79.999635,AA-Other,AA
313407297,7.2530719,79.8536394,AA-Other,AA
1478609150,7.2536607,79.8548474,AA-Other,AA
7786917078,7.1357844,80.0895544,AA-Other,AA
324966462,7.1358592,80.0895173,AA-Other,AA
324969585,7.109221,80.0487473,AA-Other,AA
7621971271,7.1157713,80.0556979,AA-Other,AA
324988637,6.9782248,79.9273873,AA-Other,AA
3864419806,6.9781778,79.9273455,AA-Other,AA
324988797,6.9779722,79.9271378,AA-Other,AA
3478551526,6.9767075,79.9258045,AA-Other,AA
324994643,6.9756887,79.9246414,AA-Other,AA
844679704,6.9767498,79.9257535,AA-Other,AA
324997495,6.966849,79.8998493,AA-Other,AA
621175136,6.957377,79.8897261,AA-Other,AA
324997506,6.9557396,79.8877332,AA-Other,AA
3431855628,6.9557321,79.884039,AA-Other,AA
324998173,6.9560385,79.8829445,AA-Other,AA
2499137348,6.9564985,79.8827385,AA-Other,AA
325000016,6.9574269,79.8896498,AA-Other,AA
4476504845,6.9668999,79.899754,AA-Other,AA
325003402,6.9605997,79.8811124,AA-Other,AA
1924772358,6.9600596,79.8810701,AA-Other,AA
325009601,6.9569983,79.8825221,AA-Other,AA
3431855608,6.9566893,79.8828527,AA-Other,AA
325011481,6.9637593,79.8817118,AA-Other,AA
3664895156,6.96076,79.8811284,AA-Other,AA
374112182,5.9526176,80.5350723,AA-Other,AA
1231840826,5.9548177,80.5334443,AA-Other,AA
403875118,6.9082454,79.898965,AA-Other,AA
2064203704,7.2142651,79.8471745,AA-Other,AA
403899731,7.0217699,79.8995534,AA-Other,AA
403899740,6.9906653,79.8931846,AA-Other,AA
8112505448,7.0154036,79.8983426,AA-Other,AA
403899785,6.9812505,79.8880539,AA-Other,AA
3577871618,6.9856668,79.8890748,AA-Other,AA
445260233,7.0599528,80.2598404,AA-Other,AA
2087261005,7.0727632,80.2690137,AA-Other,AA
5153458215,7.0459599,80.2537905,AA-Other,AA
445969634,7.2520446,80.4352129,AA-Other,AA
3591964802,7.2520781,80.4353467,AA-Other,AA
570766494,7.2525196,80.377078,AA-Other,AA
445970143,7.2504987,80.3629189,AA-Other,AA
4929241610,7.2507796,80.3678344,AA-Other,AA
3219914093,7.2549296,80.3539098,AA-Other,AA
562824120,7.8583773,80.6393909,AA-Other,AA
7765135906,7.7627968,80.5739352,AA-Other,AA
6218784868,7.8610145,80.6418988,AA-Other,AA
562824290,7.7502558,80.5630496,AA-Other,AA
2093608214,7.7562011,80.5679728,AA-Other,AA
566553126,7.9442992,80.629244,AA-Other,AA
7927504084,7.9473394,80.6285533,AA-Other,AA
566569982,8.3212205,80.3823354,AA-Other,AA
1181921887,8.3212196,80.3820002,AA-Other,AA
5364431661,8.320194,80.392883,AA-Other,AA
566574620,8.3416253,80.4117344,AA-Other,AA
1981468985,8.3352912,80.4110057,AA-Other,AA
5785122163,8.342314,80.4118763,AA-Other,AA
3518437204,8.1649147,80.5368349,AA-Other,AA
567011739,8.1307741,80.56153,AA-Other,AA
8014319683,8.1273369,80.5627474,AA-AA,AA
567011837,8.0921875,80.6293856,AA-Other,AA
6540075346,8.0896906,80.6377746,AA-Other,AA
570765602,7.3225193,80.6228775,AA-Other,AA
3088508767,7.3219033,80.6243917,AA-Other,AA
3088508746,7.3218511,80.6244193,AA-Other,AA
570765771,7.3277988,80.5779711,AA-Other,AA
2131510192,7.3312982,80.5710241,AA-Other,AA
4929241606,7.2508241,80.368325,AA-Other,AA
598168274,6.7682483,80.9584923,AA-Other,AA
603240427,6.763807,80.9131266,AA-AA,AA
598168296,6.7689001,80.9599969,AA-Other,AA
2646312392,6.7890088,80.9701844,AA-Other,AA
599347546,6.8098129,79.882947,AA-Other,AA
7085525496,6.8127231,79.880845,AA-Other,AA
602759879,8.3368477,80.4063441,AA-Other,AA
1146218640,8.3351205,80.410581,AA-Other,AA
4137359440,8.3323152,80.4032616,AA-Other,AA
602759923,8.0398278,80.5983263,AA-Other,AA
5302260374,8.0398789,80.598278,AA-Other,AA
3157384370,6.7435343,81.0181648,AA-Other,AA
1712466837,6.7674109,80.8473065,AA-Other,AA
603247200,5.9737457,80.4293409,AA-Other,AA
1397128195,5.9737147,80.429562,AA-Other,AA
1397090864,5.9736837,80.4281911,AA-Other,AA
610951677,6.1636296,81.1626757,AA-Other,AA
5144316608,6.1549589,81.1488463,AA-Other,AA
3674777304,6.1924653,81.1841664,AA-Other,AA
610955288,6.4349907,81.1308725,AA-Other,AA
10132667231,6.4348309,81.130877,AA-Other,AA
610970078,6.2554067,81.227095,AA-Other,AA
13055938742,6.2556096,81.2270775,AA-Other,AA
3677422292,6.2115401,81.2042706,AA-Other,AA
615737752,7.999733,80.2713402,AA-Other,AA
2093611694,8.1510931,80.2945774,AA-Other,AA
2638058811,7.9958812,80.2707991,AA-Other,AA
617806916,7.4868473,80.3661295,AA-Other,AA
5245953970,7.4867808,80.3665893,AA-Other,AA
9513937134,7.4870058,80.3653317,AA-Other,AA
617806943,7.4888049,80.3620962,AA-Other,AA
5248343448,7.4872218,80.3647309,AA-Other,AA
3167641878,7.1956868,80.1531822,AA-Other,AA
617967898,7.2298179,80.2015668,AA-Other,AA
1427371978,7.2263873,80.1991365,AA-Other,AA
617967952,7.2413523,80.211272,AA-AA,AA
5764078202,7.2420527,80.2116326,AA-Other,AA
7087535778,7.2413077,80.2114465,AA-AA,AA
617968149,7.2508593,80.3321312,AA-AA,AA
13811688265,7.2353302,80.3102392,AA-Other,AA
4929242043,7.2513957,80.3349984,AA-Other,AA
3851353586,7.2828823,80.3247159,AA-Other,AA
618027759,6.9120607,79.8509414,AA-Other,AA
1963939812,6.9122289,79.8514581,AA-Other,AA
618096975,6.898955,79.8603415,AA-Other,AA
620382516,6.9032109,79.8586112,AA-Other,AA
618273393,6.8793914,79.8598221,AA-Other,AA
3617768739,6.8862313,79.8578017,AA-Other,AA
9565952986,6.8782864,79.8601853,AA-Other,AA
618514963,6.9104278,79.887889,AA-Other,AA
10219043311,6.9107364,79.8875206,AA-Other,AA
618514969,6.9085576,79.8953019,AA-Other,AA
4692166486,6.9082833,79.894681,AA-Other,AA
618528183,6.9091483,79.8962328,AA-Other,AA
2122125311,6.9086247,79.8954098,AA-Other,AA
618604210,8.030379,79.8289582,AA-Other,AA
1400433848,8.0302248,79.8307919,AA-Other,AA
618605190,8.030444,79.8538765,AA-Other,AA
4140943332,8.0303897,79.8537093,AA-Other,AA
619152165,6.9038878,79.9067784,AA-Other,AA
1429213457,6.9050819,79.9056398,AA-Other,AA
619152185,6.9059828,79.9045135,AA-Other,AA
1912464464,6.9080927,79.8990331,AA-Other,AA
619195381,6.8817692,79.8698835,AA-Other,AA
4011680781,6.881386,79.8700619,AA-Other,AA
619195388,6.8817677,79.8696069,AA-Other,AA
4011682730,6.8822115,79.8695284,AA-Other,AA
619224223,6.9400534,79.8783407,AA-Other,AA
1863416593,6.9400533,79.8782133,AA-Other,AA
619224226,6.9401678,79.8782155,AA-Other,AA
1863416599,6.9401671,79.8783383,AA-Other,AA
12373680251,6.943379,79.8782119,AA-Other,AA
619227137,6.9345103,79.8658156,AA-Other,AA
6407621053,6.9345422,79.8661251,AA-Other,AA
619883043,6.8516836,80.0327266,AA-Other,AA
619905141,7.0666448,80.012222,AA-Other,AA
4790000816,7.0666905,80.0122458,AA-Other,AA
5565782276,6.8478543,79.9257199,AA-Other,AA
9924565830,6.9034001,79.8585533,AA-Other,AA
620384473,6.9159941,79.84823,AA-Other,AA
7085654863,6.914604,79.8486658,AA-Other,AA
620529017,7.091863,79.8884465,AA-Other,AA
4152530090,6.9560054,79.8882139,AA-Other,AA
634172980,9.1292587,80.4467958,AA-AA,AA
1146591926,9.1300058,80.4464208,AA-Other,AA
6538140529,8.9651213,80.5255261,AA-Other,AA
6286620951,9.1535932,80.6490194,AA-Other,AA
635079773,6.9015438,79.8529116,AA-Other,AA
3822124809,6.9037363,79.8521962,AA-Other,AA
635111100,6.8992563,79.8607737,AA-Other,AA
3808874254,6.8976196,79.8601158,AA-Other,AA
635117662,6.9112394,79.8774396,AA-Other,AA
635164747,6.862331,79.8637742,AA-Other,AA
7085690885,6.8707525,79.8620246,AA-Other,AA
910154883,6.8464,79.9485034,AA-Other,AA
635166169,6.9084454,79.8930927,AA-Other,AA
4692166467,6.9085102,79.8946051,AA-Other,AA
635795993,6.9069153,79.8511027,AA-Other,AA
2925773146,6.9108098,79.8498449,AA-Other,AA
635855735,6.8697873,79.8881915,AA-Other,AA
3354661040,6.869953,79.8877932,AA-Other,AA
635855755,6.8699221,79.8883224,AA-Other,AA
635857021,6.8698245,79.8885843,AA-Other,AA
635857018,6.869667,79.8885318,AA-Other,AA
635857020,6.8701014,79.8878532,AA-Other,AA
4582456543,6.8691777,79.8900027,AA-Other,AA
637009411,7.0918835,79.9939574,AA-Other,AA
4068148608,7.0921697,79.9930463,AA-Other,AA
5315988825,7.0916087,79.9946936,AA-Other,AA
637763018,7.101328,79.9106782,AA-Other,AA
638969238,7.1012717,79.9103637,AA-Other,AA
667529248,7.0917072,79.9688735,AA-Other,AA
639266144,7.2912616,79.8525476,AA-Other,AA
3658420115,7.2726076,79.8639069,AA-Other,AA
3658467162,7.3460299,79.8398991,AA-Other,AA
6006772899,6.8452239,79.9297996,AA-Other,AA
645126091,6.9782322,79.927277,AA-Other,AA
3864419811,6.9782809,79.9273209,AA-Other,AA
651637344,7.084894,79.8934173,AA-Other,AA
1278169498,7.0848026,79.8932173,AA-Other,AA
7291030424,7.0882947,79.8989697,AA-Other,AA
651637359,7.0847459,79.893093,AA-Other,AA
1278086605,7.0812477,79.891203,AA-Other,AA
651747031,6.7715667,79.8854283,AA-Other,AA
3448778695,6.77937,79.8831278,AA-Other,AA
2339320507,6.7270444,79.9053575,AA-Other,AA
652378597,6.7141152,79.9075138,AA-Other,AA
2339365431,6.7208538,79.9073772,AA-Other,AA
652384089,6.7881034,79.8851689,AA-Other,AA
1425700952,6.7879453,79.8851156,AA-Other,AA
652533088,6.9110022,79.8815998,AA-Other,AA
3150421800,6.911237,79.8775348,AA-Other,AA
658424660,7.0348673,79.9906666,AA-Other,AA
2028303947,7.0270901,79.9808296,AA-Other,AA
661806557,6.8494796,79.8659565,AA-Other,AA
1249801969,6.8530956,79.8657584,AA-Other,AA
662848124,6.9093762,79.896134,AA-Other,AA
3574703794,6.9094816,79.8967648,AA-Other,AA
4817216282,6.9035171,79.9096546,AA-Other,AA
665214512,6.911433,79.8496023,AA-AA,AA
665214513,6.91178,79.8500887,AA-AA,AA
4515020730,6.9141184,79.8487391,AA-Other,AA
665240022,6.9274584,79.8496488,AA-Other,AA
255040405,6.9319851,79.8468093,AA-Other,AA
2339326612,6.7266366,79.9052834,AA-Other,AA
665685929,6.7797571,79.8831169,AA-Other,AA
1418994146,6.7798056,79.8830503,AA-Other,AA
6266463975,6.779609,79.8832052,AA-Other,AA
665686664,6.9449008,79.8784037,AA-Other,AA
666881493,6.9159674,79.8481457,AA-Other,AA
4515020715,6.9187374,79.847172,AA-Other,AA
667426156,7.1261196,80.0706261,AA-Other,AA
667536145,7.0921091,79.9709194,AA-Other,AA
3289420458,7.09278,79.989979,AA-Other,AA
678334663,6.8973808,79.8597678,AA-Other,AA
678334730,6.897593,79.8598671,AA-Other,AA
678334679,6.8971519,79.8599556,AA-Other,AA
678335411,6.8967441,79.8599233,AA-Other,AA
678334696,6.8970756,79.8597705,AA-Other,AA
678334722,6.897461,79.8600606,AA-Other,AA
678334735,6.8976631,79.8599031,AA-Other,AA
3742192393,6.8923173,79.8622987,AA-Other,AA
13425538963,6.8968989,79.8598466,AA-Other,AA
733573148,6.9756261,79.9247015,AA-Other,AA
6535741179,6.9684666,79.910777,AA-Other,AA
843513352,7.0911479,79.9963044,AA-Other,AA
5315988823,7.0915208,79.994835,AA-Other,AA
843513354,7.0910764,79.998107,AA-Other,AA
3891382236,7.0910944,79.9974686,AA-Other,AA
847851002,9.6596299,80.160805,AA-Other,AA
847869821,9.6590731,80.1634038,AA-Other,AA
847851217,9.6712149,80.0969486,AA-Other,AA
847851287,9.6623084,80.0819607,AA-Other,AA
4136824664,9.6620592,80.0816893,AA-AA,AA
4136868892,9.659153,80.1636582,AA-Other,AA
849189814,9.6818316,80.2211505,AA-Other,AA
1141723502,9.5819824,80.3658165,AA-Other,AA
1148495443,9.6777321,80.1963904,AA-Other,AA
849238535,9.6627778,80.062322,AA-Other,AA
1148494612,9.6620781,80.0811261,AA-Other,AA
2152817015,9.6577589,80.0250594,AA-Other,AA
849241788,9.6606018,80.0116525,AA-Other,AA
5445976497,9.6647252,80.0097165,AA-Other,AA
901009262,8.5873384,81.2152571,AA-Other,AA
4062727240,8.587106,81.2153578,AA-Other,AA
901010009,8.3509456,80.9845707,AA-Other,AA
7071757658,8.149093,80.8373626,AA-Other,AA
4336068793,8.3664731,81.0030441,AA-Other,AA
904233218,8.5675245,81.231744,AA-Other,AA
1242787976,8.5747072,81.2265012,AA-Other,AA
904233239,7.885523,80.6520769,AA-Other,AA
5202667325,7.9289593,80.6868567,AA-Other,AA
7599684152,7.8850724,80.6516679,AA-AA,AA
904233493,8.5812192,81.1894298,AA-Other,AA
6537569534,8.5817003,81.1891679,AA-AA,AA
7051044596,8.5013562,81.1918232,AA-Other,AA
904233581,7.4939423,80.3752252,AA-Other,AA
3064571973,7.4928267,80.3668407,AA-Other,AA
13682136255,6.8416723,79.9643455,AA-Other,AA
912268077,6.6656212,80.4315926,AA-Other,AA
4851065489,6.6236711,80.542844,AA-Other,AA
1694691223,6.682145,80.409801,AA-Other,AA
937249756,7.2816622,80.6661442,AA-Other,AA
2382076784,7.2813113,80.6663213,AA-Other,AA
4177584096,7.2814514,80.6664298,AA-Other,AA
2382152045,7.2943,80.6500034,AA-Other,AA
937250000,7.2815703,80.6708528,AA-Other,AA
2382076798,7.2814084,80.6666981,AA-Other,AA
2334261008,7.2991841,80.7346896,AA-Other,AA
970058024,5.9453334,80.5488191,AA-Other,AA
12328410054,5.9449449,80.5488917,AA-Other,AA
974346527,6.9065997,81.558921,AA-Other,AA
1809828943,6.9288084,81.3592553,AA-Other,AA
6695208837,6.906732,81.5592544,AA-Other,AA
1028522566,8.3053994,80.4488458,AA-Other,AA
1028522781,8.307717,80.4730502,AA-Other,AA
1028522572,8.3098348,80.4230905,AA-Other,AA
1181921828,8.3229013,80.4160762,AA-Other,AA
3518418196,8.2742889,80.4998905,AA-Other,AA
1039403582,6.9033547,79.9102826,AA-Other,AA
3502106859,6.9033013,79.9073759,AA-Other,AA
1039412973,6.9033194,79.9107028,AA-Other,AA
1668906602,6.9033276,79.9106238,AA-Other,AA
1039421894,6.9033837,79.9106335,AA-Other,AA
1637717826,6.338512,80.0289804,AA-Other,AA
3351203885,6.7464189,81.1934778,AA-Other,AA
1138324553,6.5854214,79.9605747,AA-Other,AA
1138325594,6.5786643,79.9626265,AA-Other,AA
1667080259,6.5940474,79.9590846,AA-Other,AA
7103760769,6.6083719,79.9526657,AA-Other,AA
10130181943,6.5776055,79.9630121,AA-Other,AA
1614298412,6.4303405,79.9995345,AA-Other,AA
1139248145,5.9937387,80.3076026,AA-Other,AA
7094563039,5.9937245,80.3077242,AA-Other,AA
1674485421,6.028388,80.243207,AA-Other,AA
1642975181,9.4380464,80.4076259,AA-Other,AA
2835617079,8.3350981,80.4108627,AA-Other,AA
1147026886,7.6562402,81.7409014,AA-Other,AA
1880354575,7.5174311,81.7871514,AA-Other,AA
1883639101,7.6619428,81.7404236,AA-Other,AA
1147030351,7.672213,81.7339746,AA-Other,AA
2145571047,6.9382328,80.9939149,AA-Other,AA
4136824665,9.662098,80.0814653,AA-AA,AA
1862815989,6.9182394,80.0986648,AA-Other,AA
1181395615,5.9744021,80.4354606,AA-Other,AA
3279700855,5.9742318,80.438144,AA-Other,AA
1397099240,5.9737914,80.4328117,AA-Other,AA
1401472757,8.324067,80.4140929,AA-Other,AA
3215382447,6.989024,80.4942613,AA-Other,AA
11765244590,6.7261091,80.0338871,AA-Other,AA
1231840374,5.9992804,80.5195786,AA-Other,AA
1812292194,6.0094686,80.5175436,AA-Other,AA
3621305202,5.9972911,80.5192288,AA-Other,AA
1231840774,5.9585335,80.5299938,AA-Other,AA
12625589426,5.9708493,80.5204574,AA-Other,AA
1231840785,5.9574756,80.5308652,AA-Other,AA
1235750064,6.9104834,79.8880069,AA-Other,AA
1235750071,6.9108722,79.8874887,AA-Other,AA
1428448780,6.9107351,79.887772,AA-Other,AA
1235814824,8.3666494,81.0032824,AA-Other,AA
2094947243,8.4484621,81.057976,AA-Other,AA
1239435066,7.619476,80.246502,AA-Other,AA
2902101196,7.6196274,80.2462285,AA-Other,AA
1247060927,7.6156862,80.2491593,AA-Other,AA
1239435069,7.6198921,80.2459304,AA-Other,AA
2186928769,7.6200608,80.2458487,AA-Other,AA
1239436241,7.5518898,80.3024308,AA-Other,AA
1239436268,7.5824355,80.2803317,AA-Other,AA
3066364711,7.5226336,80.3296305,AA-Other,AA
1239489670,7.3351475,80.3002487,AA-Other,AA
3174892783,7.3353889,80.3001827,AA-AA,AA
1239489675,7.3348254,80.3003238,AA-Other,AA
5319762817,7.334169,80.3001569,AA-Other,AA
1239489695,7.3351507,80.3003949,AA-Other,AA
1239489717,7.3354362,80.3002625,AA-AA,AA
1239568660,7.6560361,80.221169,AA-Other,AA
6511383104,7.6557313,80.2210346,AA-Other,AA
1239651798,7.8218039,80.2499582,AA-Other,AA
1239725256,7.9208569,80.2393842,AA-Other,AA
2638058713,7.9939918,80.2694666,AA-Other,AA
1241520208,8.000537,80.9244761,AA-Other,AA
2285202897,8.0393041,80.9056254,AA-Other,AA
1241527366,7.9207143,81.0421179,AA-Other,AA
9322671515,7.9209741,81.0418458,AA-Other,AA
2304485540,7.905759,81.1258095,AA-Other,AA
1241527372,7.932301,81.0317364,AA-Other,AA
9394230354,7.9354562,81.0273804,AA-Other,AA
1242694031,8.5872145,81.2065145,AA-AA,AA
4139418521,8.5872683,81.2062036,AA-AA,AA
4139420762,8.587347,81.2147319,AA-Other,AA
1242695993,8.6066122,81.1786878,AA-Other,AA
3805434522,8.5875037,81.206283,AA-Other,AA
1242700513,8.6137485,81.1743423,AA-Other,AA
1242703950,8.6179621,81.1627387,AA-Other,AA
2093935801,8.5992601,80.9231291,AA-Other,AA
1242715443,8.5643151,81.1599459,AA-Other,AA
1242786013,8.5002732,81.0946741,AA-Other,AA
1242795111,8.5772763,81.2246876,AA-Other,AA
1242795099,8.5800882,81.2235042,AA-Other,AA
13929460688,8.5802581,81.2233983,AA-Other,AA
1242795139,8.5817397,81.2220969,AA-Other,AA
4139440649,8.580579,81.2231683,AA-Other,AA
1245043305,9.6323418,80.1483806,AA-Other,AA
4136824661,9.6619085,80.0819224,AA-Other,AA
4137314888,9.5043848,80.2120266,AA-Other,AA
3774582589,6.8494834,79.8660385,AA-Other,AA
1249855906,6.8098609,79.8830262,AA-Other,AA
1268335758,7.2055001,79.8512711,AA-Other,AA
2155584783,7.2008805,79.8534127,AA-Other,AA
1269994723,7.1925918,79.8571407,AA-Other,AA
4087054265,7.1983687,79.8545364,AA-Other,AA
1274137040,6.9112261,79.849672,AA-Other,AA
1278003886,6.7974295,79.8884721,AA-Other,AA
1278003887,6.7881625,79.8850185,AA-Other,AA
2361900638,6.7950376,79.8877744,AA-Other,AA
1278079600,6.9116439,79.8643856,AA-Other,AA
3164356590,6.9118509,79.8644413,AA-Other,AA
1280044911,6.9117452,79.8586618,AA-Other,AA
1278079633,6.9116177,79.8644029,AA-Other,AA
1278079635,6.9120186,79.858136,AA-Other,AA
1278086414,7.0817335,79.8908888,AA-Other,AA
2507098828,7.0818291,79.8909085,AA-Other,AA
2155580115,7.0808535,79.8907857,AA-AA,AA
1307336317,6.9117371,79.8581841,AA-Other,AA
1280044917,6.9118364,79.8576784,AA-Other,AA
6524681177,6.9118935,79.8565657,AA-AA,AA
1280869010,6.9324834,79.846142,AA-Other,AA
665241266,6.93259,79.8459655,AA-Other,AA
1280869013,6.9328945,79.8461765,AA-Other,AA
1282529649,5.9885327,80.3238482,AA-Other,AA
5352929666,5.9884452,80.3240001,AA-Other,AA
6277534245,6.911678,79.8581554,AA-Other,AA
1307348559,6.9110887,79.8817585,AA-Other,AA
2131864641,6.9110752,79.8820488,AA-Other,AA
1331893829,6.9712672,80.7670396,AA-Other,AA
3820002302,6.9716994,80.7668438,AA-Other,AA
3815809876,6.9677761,80.7675694,AA-Other,AA
2035811614,6.9717401,80.766972,AA-Other,AA
1428650220,6.0975273,80.884747,AA-Other,AA
1346379037,6.9116655,79.8580144,AA-Other,AA
1364655117,5.9629783,80.4096631,AA-Other,AA
1640240442,5.9649835,80.3910813,AA-Other,AA
1397140981,5.9632621,80.4097488,AA-Other,AA
3935855296,5.9687906,80.4221226,AA-Other,AA
1397147766,5.9684948,80.4158598,AA-Other,AA
3935855297,5.9688383,80.4219296,AA-Other,AA
5169879074,8.0301828,79.8310971,AA-Other,AA
1400433849,8.0302262,79.8314872,AA-Other,AA
5169879054,8.0301221,79.8312241,AA-Other,AA
1400433850,8.0307313,79.8534529,AA-Other,AA
4140943341,8.0305452,79.8538094,AA-Other,AA
1401456407,8.3074469,80.326105,AA-Other,AA
1401456461,8.3267736,80.3597684,AA-Other,AA
2093612570,8.2836744,80.2623993,AA-Other,AA
7185588314,8.3272592,80.3605143,AA-Other,AA
1401472808,8.324204,80.4138785,AA-Other,AA
12118609956,8.3264509,80.4107077,AA-Other,AA
1401472937,8.3266962,80.4102446,AA-Other,AA
12118609958,8.3269637,80.4099693,AA-Other,AA
1401472941,8.3266962,80.4105149,AA-Other,AA
1401473045,8.3286764,80.4074048,AA-Other,AA
11743149450,8.3288394,80.4072915,AA-Other,AA
1401473049,8.3286707,80.407688,AA-Other,AA
11572133444,8.3284189,80.4079016,AA-Other,AA
1401473103,8.3315349,80.4027694,AA-Other,AA
1401473132,8.3318753,80.4028818,AA-Other,AA
13567087001,8.3213687,80.395134,AA-Other,AA
1425700953,6.7879997,79.8849533,AA-Other,AA
1420351659,6.4421818,79.9925227,AA-Other,AA
1420351935,6.4589501,79.9869955,AA-Other,AA
2083533106,6.4767409,79.9829475,AA-Other,AA
3448778696,6.7803595,79.8834135,AA-Other,AA
1427371818,7.2051005,80.1740776,AA-Other,AA
1427371952,7.2240322,80.1945242,AA-Other,AA
3699494976,6.1100278,80.931975,AA-Other,AA
1428665347,6.2138438,80.9443292,AA-Other,AA
1985676796,6.2533845,80.9132738,AA-Other,AA
3699457435,6.1991517,80.945129,AA-Other,AA
6947814997,6.9051574,79.9055503,AA-Other,AA
1429213459,6.9085044,79.8986447,AA-Other,AA
1446610177,6.7144774,79.9890405,AA-Other,AA
2079215806,6.7068041,79.9372192,AA-Other,AA
1453000665,9.3140657,80.6977833,AA-Other,AA
4136994000,9.3138607,80.6967091,AA-Other,AA
1453000766,9.3162231,80.7059599,AA-Other,AA
5217538839,9.2625754,80.8112651,AA-AA,AA
1457319623,9.2236238,80.7888877,AA-Other,AA
6281782186,9.2320702,80.8052157,AA-Other,AA
3679319579,9.1541314,80.650038,AA-Other,AA
3849049823,7.0810367,79.8907514,AA-Other,AA
1475786189,6.9722091,79.8858573,AA-Other,AA
4693290695,7.2662979,79.8604042,AA-Other,AA
1506183874,6.0329119,80.2149187,AA-Other,AA
3377393479,6.0326546,80.2166783,AA-Other,AA
1535398426,7.5000486,80.3485539,AA-Other,AA
3064572227,7.4900342,80.3597046,AA-Other,AA
3066364582,7.5178144,80.333711,AA-Other,AA
1535398451,7.4769142,80.3768318,AA-Other,AA
4067964375,7.478357,80.3741469,AA-Other,AA
4067967894,7.4737695,80.3904575,AA-Other,AA
1541715354,7.7153167,81.6982999,AA-Other,AA
2382030363,7.7179259,81.698891,AA-Other,AA
1545169133,7.2507194,81.8544072,AA-Other,AA
3316015809,7.3310852,81.8469528,AA-Other,AA
3302172264,7.2333372,81.851665,AA-Other,AA
1571011417,7.0927338,79.9902348,AA-Other,AA
1599036622,5.9668328,80.4531162,AA-Other,AA
3279700971,5.9737493,80.4390387,AA-Other,AA
6542960916,5.9637215,80.4562507,AA-Other,AA
1617989288,6.2784145,80.0402578,AA-Other,AA
1779605042,6.3137533,80.0351229,AA-Other,AA
1636603514,6.0379257,80.2508078,AA-Other,AA
6492863077,6.0378179,80.250401,AA-Other,AA
3365313019,5.9650785,80.3909886,AA-Other,AA
7042347620,9.4365499,80.4076551,AA-AA,AA
1650097492,5.9446433,80.550332,AA-Other,AA
4885745120,5.9446019,80.5499314,AA-Other,AA
1692793167,7.8674372,80.6507066,AA-Other,AA
1651774095,7.8648421,80.6442265,AA-Other,AA
6218784870,7.8659981,80.645042,AA-Other,AA
7103753926,6.6082518,79.9526706,AA-Other,AA
3081634069,6.0295523,80.241845,AA-Other,AA
1674509938,5.966015,80.3825436,AA-Other,AA
10575124012,5.9655878,80.3835158,AA-Other,AA
1675667180,7.7297315,81.6773963,AA-Other,AA
1899261664,7.7285104,81.6841321,AA-Other,AA
13743364556,7.7849874,81.5911933,AA-AA,AA
1676479570,6.8786303,79.8716465,AA-Other,AA
6277491043,6.8785304,79.8720318,AA-Other,AA
1681115626,7.727309,81.6856456,AA-Other,AA
6495299632,7.7270958,81.6858812,AA-Other,AA
1683151514,6.875491,79.8609399,AA-Other,AA
1683151517,6.8755575,79.8609169,AA-Other,AA
1683151516,6.8755177,79.8610281,AA-Other,AA
7085684184,6.870771,79.8621013,AA-Other,AA
9565952987,6.8782613,79.8601187,AA-Other,AA
1684344771,7.2921986,81.6722881,AA-Other,AA
1684401699,7.2936996,81.6721834,AA-Other,AA
2082247583,7.2912752,81.6724355,AA-Other,AA
1684401661,7.2964679,81.6720213,AA-Other,AA
2082247570,7.3014174,81.670538,AA-Other,AA
1684534472,7.2926939,81.6855587,AA-Other,AA
11715824051,7.2921547,81.6831685,AA-Other,AA
1684534495,7.291701,81.680485,AA-Other,AA
2082247577,7.2911667,81.6783643,AA-Other,AA
1684534497,7.292505,81.6870574,AA-Other,AA
1685409301,7.2654093,81.695605,AA-Other,AA
11715824039,7.2925987,81.6869896,AA-Other,AA
1684534499,7.2940504,81.6926584,AA-Other,AA
1792802761,7.3310807,81.7423221,AA-Other,AA
11715824054,7.2927232,81.6874299,AA-Other,AA
1684534503,7.2918381,81.6818899,AA-Other,AA
1691633509,7.291813,81.6817568,AA-Other,AA
1684534515,7.2927451,81.687055,AA-AA,AA
13876145708,7.2926335,81.6870577,AA-Other,AA
11715824040,7.292754,81.6870024,AA-AA,AA
1685409092,7.2461577,81.7076456,AA-Other,AA
1979513531,7.2520611,81.7079284,AA-Other,AA
13901998344,7.2352679,81.702585,AA-Other,AA
1685488386,7.2278408,81.67304,AA-Other,AA
1877385011,7.129221,81.5703952,AA-Other,AA
1685598193,8.5336296,80.4960381,AA-Other,AA
1981159934,8.5534263,80.4858739,AA-Other,AA
1732790481,8.4562897,80.5110309,AA-Other,AA
1685802576,8.4442556,81.2636061,AA-Other,AA
7051044595,8.5011504,81.1918113,AA-Other,AA
13914032191,8.4442386,81.263759,AA-Other,AA
1685803214,8.3255637,81.3008076,AA-Other,AA
9394245013,8.3256647,81.3006408,AA-Other,AA
3377492839,8.3157988,81.3195126,AA-Other,AA
4911274821,7.8719419,80.6509914,AA-Other,AA
1694691156,6.6822028,80.4010185,AA-Other,AA
5300884107,6.680458,80.4022482,AA-Other,AA
1694695673,6.6802769,80.4073189,AA-Other,AA
5299485480,6.6795057,80.4052269,AA-Other,AA
1708349295,6.6483723,80.7012154,AA-Other,AA
1828234049,6.6504997,80.6991665,AA-Other,AA
1708349377,6.6477365,80.701263,AA-Other,AA
1708349356,6.6533538,80.6982447,AA-Other,AA
4891891444,6.6532855,80.6982177,AA-Other,AA
1708362766,6.6536541,80.6983495,AA-Other,AA
1708349359,6.6531056,80.698135,AA-Other,AA
1828217445,6.6523015,80.6979015,AA-Other,AA
1708349370,6.6471871,80.7013975,AA-Other,AA
4891891342,6.6474037,80.7012839,AA-Other,AA
4851094548,6.6062755,80.6111031,AA-Other,AA
6228139618,6.6475564,80.7013382,AA-Other,AA
1708362825,6.6560887,80.6992636,AA-Other,AA
2077442148,6.6685293,80.7164746,AA-Other,AA
1709997728,6.7196455,80.7856791,AA-Other,AA
1709997745,6.7196664,80.7858832,AA-Other,AA
1712467077,6.7669397,80.8467705,AA-Other,AA
1720491739,6.7602912,81.2470455,AA-Other,AA
2401225758,6.8077497,81.2945086,AA-Other,AA
1720902666,6.2026361,81.1965811,AA-Other,AA
1722823167,6.8073541,81.2978485,AA-Other,AA
1809805397,6.8542113,81.3384753,AA-AA,AA
1723290054,6.4108736,80.7963838,AA-Other,AA
3145257097,6.4107314,80.7965743,AA-Other,AA
4045295806,6.4804503,80.7022871,AA-Other,AA
1723700615,6.7152356,80.3851733,AA-Other,AA
1750944667,6.7057581,80.3851397,AA-Other,AA
3937818079,6.7154998,80.3848659,AA-Other,AA
1725053695,7.0903095,81.8252662,AA-Other,AA
2231309667,7.2165939,81.852179,AA-Other,AA
4067142493,6.8781828,81.8289788,AA-Other,AA
1725061738,7.9229382,81.5137647,AA-Other,AA
3899387299,7.916053,81.5207389,AA-Other,AA
6685478667,7.9452332,81.5067426,AA-Other,AA
1725061816,7.9460471,81.5217596,AA-Other,AA
9567743870,7.9453471,81.5072545,AA-Other,AA
1725061828,7.946596,81.5222713,AA-Other,AA
3813344287,7.4242998,80.6166266,AA-Other,AA
1728748120,8.7542495,80.4981204,AA-Other,AA
3753591917,8.7546745,80.4983512,AA-Other,AA
1728748206,8.7560673,80.5012165,AA-Other,AA
5156577888,8.6408624,80.6697654,AA-Other,AA
3753591216,8.7589551,80.5002662,AA-Other,AA
1728838958,8.7613756,80.4986313,AA-AA,AA
7085505934,8.7612488,80.4987681,AA-AA,AA
6538140524,8.9648086,80.5254553,AA-Other,AA
1728838995,8.7612179,80.4980694,AA-Other,AA
1729992697,8.7629652,80.4891347,AA-Other,AA
6661265112,8.7620767,80.4593443,AA-Other,AA
12620876473,8.0278375,79.8298002,AA-Other,AA
1731470200,8.0259417,79.8470143,AA-Other,AA
4140985755,8.0259119,79.8471876,AA-Other,AA
4140985756,8.0298485,79.831418,AA-Other,AA
3649870415,7.6285317,79.822589,AA-Other,AA
1732626393,8.8682164,80.0152297,AA-Other,AA
1732626412,8.8343866,80.050819,AA-Other,AA
6250328435,8.9366177,79.9237356,AA-Other,AA
1971685346,8.7719399,80.1522822,AA-Other,AA
1732642149,8.7499189,80.1834957,AA-AA,AA
2085159352,8.6225859,80.3406864,AA-Other,AA
1732649294,8.6122003,80.3603449,AA-Other,AA
1981159938,8.5536149,80.4852462,AA-Other,AA
1886079221,8.4416159,80.506476,AA-AA,AA
1735981103,9.4363728,80.4076584,AA-AA,AA
7042347624,9.4363668,80.4079304,AA-Other,AA
7042347632,9.4363035,80.4076593,AA-AA,AA
1737618827,6.6232206,80.5431972,AA-Other,AA
4851072866,6.6233885,80.5431151,AA-Other,AA
1740742111,8.5501021,80.8326473,AA-AA,AA
5576657112,8.5492886,80.8318064,AA-Other,AA
3492721845,8.6253691,80.7014878,AA-Other,AA
1744448774,6.2557754,81.2270608,AA-Other,AA
13689191650,6.2978478,81.236812,AA-Other,AA
1745895523,5.9282859,80.5894332,AA-Other,AA
1813587322,5.9621383,80.6559744,AA-Other,AA
1750869639,6.5340337,80.5931433,AA-AA,AA
1780055690,6.4754842,80.6099656,AA-Other,AA
1751015081,6.5721534,80.5737894,AA-Other,AA
3937837967,6.7055058,80.3849315,AA-Other,AA
2152800360,6.5829813,80.573333,AA-Other,AA
1751020481,6.7179049,80.383656,AA-Other,AA
3937818139,6.7160332,80.3849062,AA-Other,AA
2149942832,6.7448694,80.3790859,AA-Other,AA
1780055679,6.4752052,80.6096765,AA-Other,AA
2017404189,6.438615,80.6355381,AA-Other,AA
1783942571,7.3402423,80.9947609,AA-Other,AA
4814119812,7.3402256,80.9945026,AA-Other,AA
1783942945,7.3597817,81.0578062,AA-Other,AA
10130033784,7.3852005,81.073918,AA-Other,AA
1783974992,7.3832049,81.2281944,AA-AA,AA
10016226413,7.3831539,81.2281339,AA-AA,AA
10016226406,7.3834475,81.2284245,AA-Other,AA
1791337297,6.8545414,81.3383233,AA-Other,AA
1979375863,6.8899116,81.2983389,AA-Other,AA
1945675344,6.8543829,81.3385645,AA-AA,AA
2902881148,7.3651506,81.7890226,AA-Other,AA
1792802797,7.3701894,81.8121412,AA-Other,AA
1792802798,7.3621362,81.8039807,AA-Other,AA
3316122472,7.3768738,81.8385608,AA-Other,AA
12761661747,7.362027,81.8036694,AA-Other,AA
1795321756,6.7078579,79.9083865,AA-Other,AA
4663255502,6.7104891,79.9074557,AA-Other,AA
1795321763,6.7045545,79.9095472,AA-Other,AA
1795321908,6.7019641,79.9107797,AA-Other,AA
1795321973,6.687568,79.9183314,AA-Other,AA
2340037600,6.6912573,79.9165866,AA-Other,AA
1795322023,6.6977715,79.9131348,AA-Other,AA
2079240023,6.6985695,79.9128808,AA-Other,AA
1795322086,6.6942379,79.9147198,AA-Other,AA
2347147693,6.6943658,79.9146768,AA-Other,AA
2079537942,6.743879,80.1767353,AA-Other,AA
1796922874,6.738416,80.183735,AA-Other,AA
5264919265,6.7398202,80.2737247,AA-Other,AA
1797964180,6.9532215,80.2123716,AA-AA,AA
1803663804,6.953947,80.2111859,AA-Other,AA
3491135824,6.9530767,80.2125631,AA-Other,AA
1797964206,6.954101,80.2104468,AA-Other,AA
2141873197,6.9334717,80.1880133,AA-Other,AA
1807810047,7.7849091,81.5907769,AA-Other,AA
4959610635,7.5459104,81.377528,AA-AA,AA
1809637851,7.3248356,80.6258018,AA-Other,AA
3804182781,7.3252486,80.6261583,AA-Other,AA
1809637872,7.3247077,80.6257,AA-Other,AA
1809805271,6.3476189,81.1964104,AA-Other,AA
2404061091,6.3611689,81.1810615,AA-Other,AA
3674901134,6.3463437,81.1977866,AA-Other,AA
1809805500,6.8719463,81.3500788,AA-Other,AA
2418603897,6.8726426,81.3505135,AA-Other,AA
3622789896,6.9245931,81.3533475,AA-Other,AA
3279650334,5.9645765,80.6916413,AA-Other,AA
1818583225,6.1100279,80.9320386,AA-Other,AA
1985676681,6.1136408,80.9915058,AA-AA,AA
1822627568,6.5775838,79.9628577,AA-Other,AA
4891890160,6.6522028,80.6979644,AA-Other,AA
1830490073,7.1630239,80.5728519,AA-Other,AA
5273425373,7.1666521,80.5726125,AA-Other,AA
4142250033,7.1618583,80.5735371,AA-Other,AA
1834981477,7.0681863,80.6857933,AA-Other,AA
3254670926,7.0576474,80.6976772,AA-Other,AA
1840750860,6.9911342,79.9394184,AA-Other,AA
2966142458,7.0016977,79.9508673,AA-Other,AA
1841475983,6.0282644,80.794777,AA-Other,AA
3960797183,6.0284726,80.7947164,AA-Other,AA
1847947584,7.2724925,79.8639296,AA-Other,AA
13625281401,7.2565835,80.5888165,AA-Other,AA
1856812802,7.2927587,80.2405126,AA-Other,AA
6209749472,7.294033,80.2405906,AA-Other,AA
2083007739,7.292576,80.2404835,AA-Other,AA
1862815981,6.9183601,80.0987452,AA-Other,AA
1863416592,6.9351443,79.8716514,AA-Other,AA
3307476616,6.9342872,79.866089,AA-Other,AA
1863416596,6.9352265,79.8716488,AA-Other,AA
1863456297,6.9349539,79.8537659,AA-Other,AA
3073676023,6.9342501,79.8553721,AA-Other,AA
3693930754,7.0329609,81.5317892,AA-Other,AA
1879056247,7.4152777,81.8256234,AA-Other,AA
2661675127,7.4152399,81.8256499,AA-Other,AA
2661675134,7.4173365,81.8241323,AA-Other,AA
1879056356,7.4127676,81.8271951,AA-Other,AA
3320202231,7.4132868,81.8269365,AA-Other,AA
3316122451,7.3771876,81.838799,AA-Other,AA
1880354577,7.513959,81.7879925,AA-Other,AA
1880414150,8.3923758,81.2934236,AA-Other,AA
7100451968,8.4440313,81.2637775,AA-Other,AA
9428150314,8.325792,81.3004851,AA-Other,AA
1880627764,8.358256,80.5109037,AA-Other,AA
8032417732,8.3583744,80.5114213,AA-Other,AA
2833604332,8.3575164,80.4984022,AA-Other,AA
1880627813,8.3566265,80.5106641,AA-Other,AA
8032417735,8.3582231,80.5117994,AA-Other,AA
3518417590,8.2744891,80.5002233,AA-Other,AA
1880627815,8.3597268,80.5114545,AA-Other,AA
2093935800,8.4271311,80.5030542,AA-Other,AA
8032417734,8.3586936,80.5116793,AA-Other,AA
1881982667,8.6405859,80.6703436,AA-Other,AA
5156577885,8.6407932,80.6699079,AA-Other,AA
7262802916,7.6721738,81.7339259,AA-Other,AA
13749558430,8.4414176,80.5064121,AA-AA,AA
1886079226,8.4413162,80.5060072,AA-Other,AA
13749558417,8.4414338,80.5061718,AA-Other,AA
1886464452,8.9881363,80.0452712,AA-Other,AA
2093613917,9.1888312,80.1265532,AA-Other,AA
2079870063,8.9502667,79.967208,AA-Other,AA
1889362399,7.5344856,79.8207988,AA-Other,AA
3649878436,7.5761027,79.79597,AA-Other,AA
1889362430,7.4830497,79.8261039,AA-Other,AA
2842889275,7.4703031,79.8285875,AA-Other,AA
1895649423,7.8767596,81.5409308,AA-Other,AA
2565428392,7.9079916,81.5339738,AA-Other,AA
1895831908,7.7851719,81.5909517,AA-Other,AA
4212767857,7.7850885,81.591057,AA-AA,AA
1908190206,6.9323455,79.8463904,AA-Other,AA
3354483657,6.909218,79.8968217,AA-Other,AA
3664895152,6.9605259,79.8808139,AA-Other,AA
1945604950,6.9837124,81.0670866,AA-Other,AA
1945605121,6.9313455,81.1405192,AA-Other,AA
3298069926,6.9846948,81.0604214,AA-Other,AA
13872342556,6.9357426,81.1601214,AA-Other,AA
1945644699,6.9356217,81.1602144,AA-Other,AA
3527283166,6.9396477,81.1754114,AA-AA,AA
1971623281,8.3545313,80.4428241,AA-Other,AA
2833604333,8.3575158,80.4974074,AA-Other,AA
5055655471,8.3559663,80.4182702,AA-Other,AA
1974694446,7.3393246,80.9899037,AA-Other,AA
1974698432,7.3390466,80.989121,AA-Other,AA
3822754793,7.3401048,80.9923158,AA-Other,AA
1974698353,7.3402948,80.9945048,AA-Other,AA
1974698416,7.3385869,80.9878552,AA-Other,AA
10065277058,7.3368531,80.9832299,AA-Other,AA
1976110894,7.7808307,80.1047785,AA-Other,AA
13700965134,7.7503832,80.1156512,AA-Other,AA
4913504514,7.8083902,80.0765249,AA-Other,AA
1979346418,7.160784,81.2254313,AA-Other,AA
2401185742,7.2007779,81.2382086,AA-Other,AA
2398925514,7.1553667,81.2240549,AA-Other,AA
6685173555,6.890054,81.2962188,AA-Other,AA
1979513536,7.2279004,81.6732357,AA-Other,AA
1980552009,7.3492069,80.615292,AA-Other,AA
1980566512,7.2346831,80.2625055,AA-Other,AA
1980566518,7.2347067,80.2626043,AA-Other,AA
13811688268,7.2354115,80.3100513,AA-Other,AA
1981147403,7.8851298,80.6516214,AA-AA,AA
7927509189,7.9417832,80.630079,AA-Other,AA
1981147409,8.0422473,80.5961229,AA-Other,AA
3518425514,8.0409394,80.5970795,AA-Other,AA
4137378450,8.5536287,80.485686,AA-Other,AA
4137378456,8.5537299,80.4856065,AA-Other,AA
1981159944,8.5541168,80.4855206,AA-Other,AA
4137378462,8.5538413,80.4856915,AA-Other,AA
7085697362,8.7507555,80.4969269,AA-Other,AA
1981183266,8.7610297,80.4990104,AA-Other,AA
2407760102,8.7597999,80.4999465,AA-Other,AA
2835617074,8.335051,80.410957,AA-Other,AA
4838849617,6.1226201,81.0238634,AA-Other,AA
3147021776,6.3326528,80.8555058,AA-Other,AA
1986887586,6.1226294,81.0251163,AA-Other,AA
8726439508,6.1204913,81.0663604,AA-Other,AA
1990178209,8.2761434,80.2401487,AA-Other,AA
2093612506,8.2387056,80.1444785,AA-Other,AA
2001999485,7.5311555,81.3560829,AA-Other,AA
2011981296,6.9553914,81.0314877,AA-AA,AA
5190957525,6.9563304,81.0319933,AA-Other,AA
10166776387,6.9292745,81.0415887,AA-Other,AA
2015265415,7.0727658,80.2695458,AA-Other,AA
6509327434,7.0728855,80.2692219,AA-Other,AA
3514826047,7.0827311,80.3024072,AA-Other,AA
2015265450,7.0232752,80.2612784,AA-Other,AA
2021573972,7.0100365,80.2620422,AA-Other,AA
3217150039,7.0235358,80.2613329,AA-Other,AA
4267522204,6.3369575,80.5589383,AA-Other,AA
2087260972,6.9712791,80.2652379,AA-Other,AA
2024988651,7.4948903,80.3782057,AA-Other,AA
3172043469,7.4940477,80.376017,AA-Other,AA
2025020177,7.5478683,80.449803,AA-Other,AA
2093606919,7.5613992,80.4590321,AA-Other,AA
2552014491,6.8202737,80.9850565,AA-Other,AA
2026114935,6.9049299,80.9117994,AA-Other,AA
2028303897,7.0271392,79.9807745,AA-Other,AA
4787694002,7.0349228,79.9906033,AA-Other,AA
3600553588,7.0116674,79.9667023,AA-Other,AA
2034206073,6.8877523,79.86445,AA-Other,AA
3820002325,6.9717722,80.7667954,AA-Other,AA
3820002304,6.9718688,80.7668592,AA-Other,AA
2051320917,7.9849589,80.7206592,AA-Other,AA
2732633603,7.9294326,80.6871941,AA-Other,AA
4397554917,8.0397944,80.7553818,AA-Other,AA
2055564960,7.3516452,80.9502799,AA-Other,AA
10065277052,7.3368077,80.9830442,AA-Other,AA
3203303832,7.278725,80.8100695,AA-Other,AA
2057045370,6.9908168,81.0543163,AA-Other,AA
8736765754,6.9898442,81.056922,AA-Other,AA
2057046125,6.9887993,81.0491374,AA-Other,AA
2155634710,7.2193748,79.8453582,AA-Other,AA
2066330708,6.9113174,79.8774428,AA-Other,AA
3150421787,6.9113157,79.8775359,AA-Other,AA
7030921398,6.8394612,79.9764692,AA-Other,AA
2068162900,6.8395809,79.9760848,AA-Other,AA
7030921386,6.8395924,79.9764029,AA-Other,AA
2074229848,7.2676641,80.5762318,AA-Other,AA
2907684935,7.2675356,80.5759242,AA-Other,AA
2078328569,7.265438,80.5840778,AA-Other,AA
2078322240,7.2940855,80.6498673,AA-Other,AA
13676334893,7.2909961,80.6471584,AA-Other,AA
8605932100,7.2942243,80.6499765,AA-Other,AA
2910325921,7.2642998,80.5867441,AA-Other,AA
2078972805,7.7216185,81.7028455,AA-Other,AA
2078949382,7.7203763,81.7012049,AA-Other,AA
2079053667,7.7142937,81.6977617,AA-Other,AA
2079053698,7.712449,81.699281,AA-Other,AA
2364192267,7.7139148,81.698068,AA-Other,AA
2339285633,6.712387,79.9083631,AA-Other,AA
12109482771,6.6640064,79.9305171,AA-Other,AA
2340036296,6.6995099,79.9125818,AA-Other,AA
2079240044,6.6957843,79.9139041,AA-Other,AA
2079870056,8.9452237,79.9235003,AA-Other,AA
6250328436,8.936754,79.9236531,AA-Other,AA
2079870057,8.9456935,79.9234963,AA-Other,AA
4137190998,8.9768787,79.9140658,AA-Other,AA
3492878507,8.9451188,79.9239519,AA-Other,AA
2082215258,7.7199461,81.7010766,AA-Other,AA
2382030373,7.7180232,81.6990118,AA-Other,AA
2646389088,7.3332489,81.6566896,AA-Other,AA
2082247572,7.2911058,81.6724887,AA-Other,AA
2082247579,7.2912679,81.6722946,AA-Other,AA
3662474355,7.4660114,80.6234755,AA-Other,AA
10130181979,6.5592371,79.9692223,AA-Other,AA
5841721869,7.0729853,80.2691192,AA-Other,AA
2093608215,7.7595799,80.5710281,AA-Other,AA
3522149875,7.759712,80.5711415,AA-Other,AA
2093610826,8.0576036,79.9612751,AA-Other,AA
2959495457,8.1367789,80.0437091,AA-Other,AA
2840975728,8.1609571,80.2998306,AA-Other,AA
2093612347,8.2097548,80.1072777,AA-Other,AA
2093612778,8.4676248,80.7347705,AA-Other,AA
3204549182,8.4775379,80.7460017,AA-Other,AA
3204562797,8.4264056,80.6881612,AA-Other,AA
4137314869,9.503818,80.2119683,AA-Other,AA
2093935572,8.3621024,80.5226366,AA-Other,AA
8032417733,8.3585134,80.5119937,AA-Other,AA
13749558419,8.4412005,80.506347,AA-Other,AA
2094554407,8.2150729,80.3397296,AA-Other,AA
2837518575,8.2361981,80.3506212,AA-Other,AA
2840975747,8.1615868,80.3003282,AA-Other,AA
2105382093,6.9333897,79.8564095,AA-Other,AA
5372968715,6.933767,79.8468934,AA-AA,AA
2105405964,6.933471,79.8564821,AA-Other,AA
3937903239,6.9319837,79.8589702,AA-Other,AA
3343547728,7.3388451,80.557549,AA-Other,AA
2145113802,7.2488265,80.3436089,AA-Other,AA
3794035028,7.2529236,80.3431952,AA-AA,AA
3219914005,7.2485474,80.3437333,AA-Other,AA
2145113863,7.207284,80.3632504,AA-Other,AA
3221200523,7.2115797,80.3615652,AA-Other,AA
3221213836,7.1741309,80.361924,AA-Other,AA
2145219371,6.9070398,81.5593734,AA-Other,AA
6685195536,6.9067711,81.5593962,AA-Other,AA
8421010098,6.7769698,80.3663487,AA-Other,AA
2152800248,6.583156,80.5733143,AA-Other,AA
2152800385,6.5832833,80.573259,AA-Other,AA
2152921941,6.5831243,80.5732404,AA-Other,AA
2155579750,7.1311824,79.8762619,AA-Other,AA
2155634707,7.0918635,79.8885199,AA-Other,AA
2155579905,7.0217598,79.8996384,AA-Other,AA
3851226779,7.0153681,79.8984147,AA-Other,AA
2155580074,7.0792994,79.8907059,AA-Other,AA
12509374263,7.051767,79.8966922,AA-Other,AA
2155580113,7.0477619,79.8971225,AA-Other,AA
2155580125,7.0813695,79.8908947,AA-Other,AA
3849049820,7.0811407,79.8908419,AA-AA,AA
2155580131,7.0865921,79.89049,AA-Other,AA
2684604208,7.0817999,79.8909773,AA-Other,AA
4087054250,7.1985616,79.8545296,AA-Other,AA
2155584793,7.1926149,79.8572092,AA-Other,AA
2506028803,7.157362,79.8711094,AA-Other,AA
2155584797,7.2193479,79.8454455,AA-Other,AA
2155584835,7.214303,79.8472474,AA-Other,AA
2155634701,6.9856519,79.8891333,AA-Other,AA
4426787286,6.9812592,79.8881297,AA-Other,AA
2155634708,7.086984,79.8903772,AA-Other,AA
13684572987,7.0868732,79.8904109,AA-Other,AA
5804555891,7.219483,79.8453923,AA-Other,AA
2155666096,7.1985231,79.8545431,AA-Other,AA
2155672282,6.2909365,80.5465775,AA-Other,AA
2155827812,6.2954283,80.5427384,AA-Other,AA
3203084587,6.2792253,80.5469715,AA-Other,AA
2155827775,6.2601004,80.4922881,AA-Other,AA
3211908158,6.201054,80.4741042,AA-Other,AA
2190965493,6.1004842,80.4775469,AA-Other,AA
1239435091,7.6199762,80.2460128,AA-Other,AA
6511383114,7.6553194,80.2210535,AA-Other,AA
2190932692,6.1963023,80.4687265,AA-Other,AA
3445493696,6.1035456,80.4760553,AA-Other,AA
2190965800,6.1014366,80.4768801,AA-Other,AA
7103763194,7.2168327,81.8517983,AA-Other,AA
2247695870,6.8782905,79.876477,AA-Other,AA
2247695871,6.8781921,79.8767776,AA-Other,AA
2279244474,7.9422266,81.0132475,AA-Other,AA
9394230350,7.9408312,81.0180163,AA-Other,AA
7024993693,7.9425113,81.01072,AA-Other,AA
2288824399,7.9396014,81.000249,AA-Other,AA
6685478661,7.9453171,81.5066251,AA-Other,AA
2340032516,6.6846436,79.9198724,AA-Other,AA
2337932210,7.250131,80.4430077,AA-Other,AA
3226211756,7.2517683,80.4458913,AA-Other,AA
3224668762,7.2517502,80.4355351,AA-Other,AA
2338839291,7.252187,80.4468422,AA-Other,AA
3718488871,7.2511973,80.4498809,AA-Other,AA
2339285632,6.7141207,79.9075876,AA-Other,AA
2339297860,6.7124376,79.9075375,AA-AA,AA
2339297862,6.7123243,79.9075419,AA-AA,AA
7037793029,6.7106584,79.9075091,AA-Other,AA
2339297865,6.7124315,79.9074265,AA-Other,AA
2339297871,6.7229548,79.9071471,AA-Other,AA
2339297873,6.7123127,79.9074356,AA-Other,AA
2339297877,6.7250986,79.9066537,AA-Other,AA
2339297881,6.7229605,79.9072312,AA-Other,AA
2339365433,6.7208597,79.9074455,AA-Other,AA
2339326606,6.7267226,79.9053691,AA-Other,AA
2339326610,6.7267578,79.9052937,AA-Other,AA
2339326619,6.7266845,79.9053743,AA-Other,AA
2340032514,6.6958118,79.9139648,AA-Other,AA
2340032515,6.7078708,79.908462,AA-Other,AA
2340032521,6.7045928,79.9096098,AA-Other,AA
2340037594,6.6866774,79.9188128,AA-Other,AA
2340032539,6.7020124,79.9108456,AA-Other,AA
2340032526,6.6875748,79.9183815,AA-Other,AA
2340037602,6.6867108,79.9188754,AA-Other,AA
2340032530,6.6985919,79.9129517,AA-Other,AA
2340037601,6.6977911,79.9132001,AA-Other,AA
2340036297,6.6995264,79.9126313,AA-Other,AA
2340037597,6.6942646,79.914764,AA-Other,AA
2340037598,6.6912871,79.916648,AA-Other,AA
2362937346,7.4377976,80.3383152,AA-Other,AA
3785620361,7.3955066,80.3217028,AA-Other,AA
3064600110,7.4731035,80.3516805,AA-Other,AA
2079053722,7.7140708,81.6977448,AA-Other,AA
2364192275,7.7141673,81.6978688,AA-Other,AA
2366743826,7.2722745,79.8640564,AA-Other,AA
4693290694,7.2662266,79.860435,AA-Other,AA
2375441056,7.253628,79.8548676,AA-Other,AA
6688367855,7.2530359,79.8536969,AA-Other,AA
2382030370,7.7179561,81.6989885,AA-Other,AA
9427844828,7.7152855,81.6983744,AA-Other,AA
2382030398,7.7181105,81.6989436,AA-Other,AA
2078949358,7.7203178,81.7010573,AA-Other,AA
2382076796,7.2812904,80.666501,AA-Other,AA
5286754885,7.1549917,81.2239212,AA-Other,AA
2398934524,7.112818,81.2113683,AA-Other,AA
4837295492,7.1350663,81.2188335,AA-Other,AA
2400768904,6.8956156,81.2363595,AA-Other,AA
10016226414,7.383068,81.2280001,AA-Other,AA
2544591508,6.3612298,81.1810062,AA-Other,AA
2407608224,7.0931077,80.0043213,AA-Other,AA
8933799511,7.0918669,80.0003648,AA-Other,AA
6266383660,8.7595894,80.500089,AA-Other,AA
2418603889,6.8730706,81.3505523,AA-Other,AA
11169238186,6.8728868,81.3506686,AA-Other,AA
4071257599,6.872809,81.3505795,AA-Other,AA
2499038749,6.8386456,79.9798234,AA-Other,AA
2499283524,6.9720996,79.8858694,AA-Other,AA
5216483982,6.9717969,79.8856181,AA-Other,AA
2499283525,6.9721521,79.8858077,AA-Other,AA
2499287720,6.9678565,79.9015027,AA-Other,AA
3780516724,6.9679401,79.9015551,AA-Other,AA
2505983167,6.9557435,79.8839891,AA-Other,AA
2509007852,7.1570903,79.8711974,AA-Other,AA
2507098804,7.0817081,79.8909581,AA-Other,AA
7037741108,7.0868234,79.8903449,AA-Other,AA
2508106197,7.1558914,79.8715472,AA-Other,AA
3805872959,7.1396479,79.8747815,AA-Other,AA
3268563915,7.1563761,79.8714085,AA-Other,AA
2523753994,6.7893331,80.9703589,AA-Other,AA
2558293072,7.3086862,80.6372765,AA-Other,AA
6509196188,7.3082461,80.6372242,AA-Other,AA
6685474060,7.908204,81.5338116,AA-Other,AA
2568176828,5.9763489,80.5185251,AA-Other,AA
2568176881,5.976228,80.5185453,AA-Other,AA
2568176862,5.9759599,80.518458,AA-Other,AA
3398081271,5.9762179,80.5184373,AA-Other,AA
12625589425,5.9708735,80.5205132,AA-Other,AA
7409403107,8.9777213,79.9135353,AA-Other,AA
2608995079,6.9380352,80.6614338,AA-Other,AA
2828629366,6.9382405,80.6614683,AA-Other,AA
2638058705,7.9954565,80.2701752,AA-Other,AA
8279649724,7.9956466,80.2703967,AA-Other,AA
4396503415,7.9955919,80.2705753,AA-Other,AA
3649840867,7.3630959,81.6358683,AA-Other,AA
2662800973,7.7123823,81.7102252,AA-Other,AA
13740014576,7.7124386,81.7102237,AA-Other,AA
2722759262,5.9768501,80.5183498,AA-Other,AA
13367298684,5.9952857,80.5194685,AA-Other,AA
2731988159,7.8739278,80.6508747,AA-Other,AA
4903819699,7.8729893,80.6502653,AA-Other,AA
2731988170,7.8738272,80.6511532,AA-Other,AA
6289622879,7.8740769,80.6510876,AA-AA,AA
2731988196,7.8743505,80.6510572,AA-Other,AA
2731988214,7.8741809,80.651252,AA-Other,AA
4911274820,7.8719368,80.6510659,AA-Other,AA
2731988222,7.874116,80.6511695,AA-Other,AA
2822277593,7.9397126,81.0007949,AA-Other,AA
2823998635,7.0895987,80.0358656,AA-Other,AA
2854966358,7.0984698,80.0414663,AA-Other,AA
2833604324,8.3574698,80.4978983,AA-Other,AA
2833604323,8.3574676,80.4980137,AA-Other,AA
2833604339,8.357584,80.4979005,AA-Other,AA
2833604338,8.3575818,80.498016,AA-Other,AA
2833604877,8.4119112,80.4569333,AA-Other,AA
2833834344,8.3555723,80.4179815,AA-Other,AA
5055655450,8.3558024,80.4179407,AA-Other,AA
2833834360,8.3561302,80.4168288,AA-Other,AA
4137371245,8.3557252,80.4168342,AA-Other,AA
2835617071,8.334967,80.4108073,AA-Other,AA
9041600946,8.2364902,80.3507335,AA-Other,AA
2837518594,8.2367859,80.3509734,AA-Other,AA
9041600940,8.2365267,80.3508834,AA-Other,AA
13564710647,8.3206412,80.3813145,AA-Other,AA
12815082889,8.1612485,80.2999693,AA-Other,AA
12815082884,8.1612977,80.3001585,AA-Other,AA
3658572657,7.4131499,79.8308762,AA-Other,AA
3270476305,7.10571,80.0445698,AA-Other,AA
2902109603,7.6197101,80.2462934,AA-Other,AA
2902109607,7.6196957,80.2461221,AA-Other,AA
3204336190,7.619815,80.2459984,AA-Other,AA
12761661750,7.3620709,81.8026336,AA-Other,AA
2907674340,7.2672857,80.5715082,AA-Other,AA
3226356899,7.2652111,80.5565435,AA-Other,AA
13625464816,7.2651586,80.5890679,AA-Other,AA
2920465482,7.3767235,81.8389046,AA-Other,AA
9406713271,7.376896,81.8387867,AA-Other,AA
2966142356,6.9910558,79.9394149,AA-Other,AA
3816390084,6.9783879,79.9275336,AA-Other,AA
2966142456,7.0016342,79.9509089,AA-Other,AA
2966142462,7.0018553,79.9511463,AA-Other,AA
5559025503,7.0019298,79.9513117,AA-Other,AA
2966142464,7.0019962,79.9514665,AA-Other,AA
2966142468,7.0020731,79.9516883,AA-Other,AA
2966142485,7.0027861,79.9535511,AA-Other,AA
2966142476,7.0026922,79.9535534,AA-Other,AA
3345071368,7.0019212,79.9515007,AA-Other,AA
13662447481,7.0028718,79.9556994,AA-Other,AA
2966142501,7.003275,79.9564968,AA-Other,AA
4784496254,7.0030695,79.9563335,AA-Other,AA
3021911951,7.2984206,80.637017,AA-Other,AA
3218446414,7.3066343,80.6345543,AA-Other,AA
3033937986,7.2662078,80.5961248,AA-Other,AA
3810784671,7.2678638,80.5968155,AA-Other,AA
3064234194,7.3704604,80.5278141,AA-Other,AA
4394543338,7.3707501,80.5276412,AA-Other,AA
5239569079,7.3436627,80.5503237,AA-Other,AA
3064234503,7.4328459,80.446494,AA-Other,AA
3064234504,7.4329592,80.4462808,AA-Other,AA
3586058707,7.3724202,80.5259904,AA-Other,AA
4905293870,7.4884944,80.365557,AA-Other,AA
3064571979,7.4863309,80.3669051,AA-Other,AA
4067964377,7.478433,80.3740039,AA-Other,AA
617806911,7.4866465,80.3666611,AA-Other,AA
9562328827,7.4816172,80.3606732,AA-Other,AA
4577768759,6.9342138,79.8555316,AA-Other,AA
3078591002,6.9685243,79.9107312,AA-Other,AA
6266871671,6.0296042,80.2417932,AA-Other,AA
3081634071,6.0293802,80.2421662,AA-Other,AA
3081634077,6.0296099,80.2419129,AA-Other,AA
3081634087,6.0296665,80.24186,AA-Other,AA
3088508684,7.3251742,80.6262241,AA-Other,AA
3088508692,7.3248193,80.6258668,AA-Other,AA
3088508691,7.3247155,80.625787,AA-Other,AA
7037556016,7.3225486,80.6250209,AA-Other,AA
3088508709,7.3223054,80.6248609,AA-AA,AA
3088516296,7.3222071,80.6247722,AA-Other,AA
3088508720,7.3223466,80.6247946,AA-AA,AA
3088508729,7.322392,80.6248281,AA-Other,AA
3088508732,7.3219466,80.6244669,AA-Other,AA
3088508750,7.3218936,80.6244976,AA-Other,AA
3090559903,6.850908,80.264163,AA-Other,AA
3090460074,6.1111066,80.1248126,AA-Other,AA
8421010097,6.7770885,80.3662675,AA-Other,AA
3491138212,6.9525332,80.2131843,AA-Other,AA
3109024823,6.8412508,79.9651421,AA-Other,AA
5969036508,6.8413552,79.9648405,AA-Other,AA
3109068245,7.9155733,81.5215974,AA-Other,AA
3899387302,7.9157429,81.521118,AA-Other,AA
3899387303,7.9158528,81.5211852,AA-Other,AA
6685474058,7.9083995,81.5335762,AA-Other,AA
3120470733,7.1323481,80.3275895,AA-Other,AA
3514813026,7.1050303,80.3358865,AA-Other,AA
3763282547,7.1555317,80.368209,AA-Other,AA
3129331583,7.0234902,80.2614574,AA-Other,AA
3136299955,6.9319442,79.8469445,AA-Other,AA
259648440,6.9276953,79.8498005,AA-Other,AA
3136385191,6.9340094,79.8464391,AA-AA,AA
3141171382,6.9339624,79.84685,AA-Other,AA
3136385193,6.9335263,79.8466517,AA-Other,AA
3136385196,6.9340356,79.8471276,AA-Other,AA
3155986410,6.3366856,80.8458446,AA-Other,AA
10131009918,6.3329039,80.8553176,AA-Other,AA
3147058584,6.3339507,80.8541085,AA-Other,AA
3147058592,6.3340719,80.853913,AA-Other,AA
3147058586,6.3341788,80.8537584,AA-Other,AA
3169826275,7.1491802,80.5802198,AA-Other,AA
4142250035,7.1617254,80.5736346,AA-Other,AA
3170533571,7.3223484,80.6248924,AA-Other,AA
6227950806,7.3352732,80.3000083,AA-Other,AA
3199600250,7.1012394,79.9103381,AA-Other,AA
3204336187,7.6199077,80.246096,AA-Other,AA
2902101194,7.6197961,80.2462163,AA-Other,AA
3557522184,8.5418119,80.8236483,AA-Other,AA
3206095333,7.063978,80.0111988,AA-Other,AA
4789587325,7.0524228,80.004281,AA-Other,AA
3215585621,6.9868988,80.4448612,AA-Other,AA
3216973603,7.0289007,80.2949755,AA-Other,AA
3216973606,7.0290136,80.2949624,AA-Other,AA
3217149379,7.023448,80.2618179,AA-Other,AA
3129331580,7.0235051,80.2614925,AA-Other,AA
3217150024,7.0236393,80.2613164,AA-Other,AA
3217150036,7.0236241,80.2615454,AA-Other,AA
3217232039,7.0729738,80.2692998,AA-Other,AA
4019244695,7.3069035,80.6345707,AA-Other,AA
3219884852,7.2529953,80.3431865,AA-Other,AA
3803143155,7.2535124,80.3481383,AA-Other,AA
3224489753,7.2528236,80.3422631,AA-Other,AA
3219885863,7.2483393,80.3437132,AA-Other,AA
4929241947,7.2482213,80.343574,AA-Other,AA
3219914004,7.2485218,80.3436396,AA-Other,AA
4929241573,7.2487079,80.3435975,AA-Other,AA
3794028977,7.2545666,80.352836,AA-Other,AA
3219994344,7.2521741,80.3396735,AA-Other,AA
4929242050,7.2514075,80.3351317,AA-Other,AA
3220121962,7.2527445,80.3416036,AA-Other,AA
3796385433,7.2527657,80.3422741,AA-Other,AA
3220016719,7.2308643,80.3506791,AA-Other,AA
3220025120,7.2305588,80.3505347,AA-Other,AA
4929241586,7.2478223,80.3432267,AA-Other,AA
3224468484,7.3356208,80.3004478,AA-Other,AA
3224468489,7.3369141,80.301432,AA-Other,AA
3739999316,7.3606693,80.3071431,AA-Other,AA
3226275220,7.2569925,80.5189842,AA-Other,AA
3237492320,7.2655538,80.5520417,AA-Other,AA
3718488870,7.2509556,80.4505945,AA-Other,AA
3237492327,7.2656493,80.5522214,AA-Other,AA
3237363036,8.7594591,80.4999911,AA-AA,AA
3237363045,8.7594605,80.5001501,AA-AA,AA
4137095171,8.7593009,80.5000749,AA-AA,AA
3237363047,8.7590446,80.4999419,AA-Other,AA
3252971709,7.0812013,79.8910695,AA-Other,AA
3268563914,7.1563191,79.871281,AA-Other,AA
3268563916,7.1570678,79.8710505,AA-Other,AA
3271092634,7.2296274,81.8507492,AA-Other,AA
13695573497,5.9741983,80.4382273,AA-Other,AA
13695595627,5.9737985,80.4383218,AA-Other,AA
3289420399,7.0928391,79.9903814,AA-Other,AA
3797644308,7.0927555,79.990642,AA-Other,AA
3289420454,7.0928281,79.9902382,AA-Other,AA
3302140237,7.2184299,81.8496635,AA-Other,AA
7103763200,7.2211509,81.849912,AA-Other,AA
3302140241,7.2183908,81.8497642,AA-Other,AA
7103763193,7.2168677,81.8518225,AA-Other,AA
11765584301,7.2296233,81.8507938,AA-Other,AA
3316122459,7.3769878,81.8388371,AA-Other,AA
3316122455,7.3769925,81.8387512,AA-Other,AA
3316122462,7.3769497,81.8388493,AA-Other,AA
3316122466,7.3769113,81.8387527,AA-Other,AA
3316122454,7.3769687,81.838737,AA-Other,AA
3336273920,8.0431084,80.5958211,AA-Other,AA
4914548524,8.0931088,80.5743885,AA-Other,AA
3336273922,8.0426105,80.59597,AA-Other,AA
3340914298,6.9276427,79.8498962,AA-Other,AA
6537213315,6.9274349,79.8502952,AA-Other,AA
3345071370,7.0018558,79.9513503,AA-Other,AA
3350595478,7.2912365,81.6724782,AA-Other,AA
11715848170,7.2912454,81.6783526,AA-Other,AA
3355393375,6.9117687,79.8646782,AA-Other,AA
10682149765,6.9116398,79.8669109,AA-Other,AA
3364860604,5.9482987,80.5479087,AA-Other,AA
3364864049,5.9482386,80.5349311,AA-Other,AA
3410002327,5.9480304,80.5349228,AA-Other,AA
3364883416,5.9480186,80.5348925,AA-Other,AA
3815814909,6.9675914,80.7675683,AA-Other,AA
3398081272,5.9763359,80.5184288,AA-Other,AA
5771476347,5.97663,80.5183997,AA-Other,AA
3403175022,6.9558693,79.8880178,AA-Other,AA
3422963193,7.2909265,80.6469957,AA-Other,AA
5375634189,7.2880092,80.6472505,AA-Other,AA
3431855593,6.955927,79.8840794,AA-Other,AA
4621924226,6.9559395,79.8879743,AA-Other,AA
3431855654,6.9565815,79.8829313,AA-Other,AA
3431855630,6.9559391,79.8840175,AA-Other,AA
3431908601,6.9721466,79.8859166,AA-Other,AA
3474422106,9.6621462,80.08162,AA-AA,AA
3478101817,7.2658729,80.5962672,AA-Other,AA
3491135822,6.9529643,80.212406,AA-Other,AA
5153486366,7.104056,80.3356444,AA-Other,AA
3518418201,8.2741862,80.5002347,AA-Other,AA
3518418193,8.274076,80.5002315,AA-Other,AA
3518418194,8.2737457,80.5002049,AA-Other,AA
3518418208,8.2740411,80.5001063,AA-Other,AA
3518418214,8.2742228,80.5000996,AA-Other,AA
3518418199,8.2742315,80.500122,AA-Other,AA
3518418203,8.2740989,80.5000515,AA-Other,AA
3518425501,8.0408079,80.5971918,AA-Other,AA
5302260394,8.0399407,80.5983378,AA-Other,AA
3518425508,8.040872,80.5969588,AA-Other,AA
7035050524,8.0422214,80.5960692,AA-Other,AA
3538149112,6.9343147,79.8655891,AA-Other,AA
619227153,6.933926,79.8659741,AA-Other,AA
3538150718,6.9322876,79.860376,AA-Other,AA
3538180787,6.9323207,79.8604813,AA-Other,AA
10268955041,6.9323621,79.8606448,AA-Other,AA
3556443371,6.9320936,79.8607384,AA-Other,AA
3799736775,6.9319155,79.8589606,AA-Other,AA
3556443375,6.9323952,79.8609442,AA-Other,AA
3557474363,8.0398948,80.7553541,AA-Other,AA
6540075345,8.0896008,80.6379976,AA-Other,AA
3575249194,7.481855,80.360892,AA-Other,AA
5248343532,7.4819929,80.361017,AA-Other,AA
3871146838,7.1667924,80.5724351,AA-Other,AA
3594147916,5.9447015,80.5498847,AA-Other,AA
3697151657,5.9446928,80.5499515,AA-Other,AA
13663348779,7.0110916,79.9663891,AA-Other,AA
3600557544,7.0029437,79.9562341,AA-Other,AA
3618872658,7.2713128,80.6053721,AA-Other,AA
3780823908,7.2715079,80.6054069,AA-Other,AA
3645486728,7.4397787,80.631744,AA-Other,AA
13367298677,5.9966559,80.5193404,AA-Other,AA
3637344649,6.152999,81.1447109,AA-Other,AA
6248011188,6.1535751,81.1458494,AA-Other,AA
5289221658,7.3793015,81.6266251,AA-Other,AA
3649864139,7.5765738,79.7958155,AA-Other,AA
3649864144,7.5765224,79.7956095,AA-Other,AA
3649876602,7.5767066,79.7953701,AA-Other,AA
3649873087,7.5782365,79.79435,AA-Other,AA
3649874915,7.5777058,79.7943874,AA-Other,AA
3649874902,7.5776981,79.7942578,AA-Other,AA
3649874906,7.5776417,79.794265,AA-Other,AA
3649876603,7.5768739,79.7953627,AA-Other,AA
3649876604,7.5767381,79.795315,AA-Other,AA
3649878435,7.5768363,79.7954709,AA-Other,AA
3649864133,7.576721,79.7957204,AA-Other,AA
3649878439,7.5764925,79.7956529,AA-Other,AA
6695505199,7.272513,79.8639761,AA-Other,AA
3658467161,7.3461791,79.8398388,AA-Other,AA
3658572654,7.4129991,79.8308858,AA-Other,AA
3662474376,7.4659964,80.62337,AA-Other,AA
3664895173,6.9608995,79.8808778,AA-Other,AA
4426797157,6.9637662,79.8816394,AA-Other,AA
6286620946,9.1540182,80.6498958,AA-Other,AA
3697145064,5.9446118,80.5498618,AA-Other,AA
13695148146,5.9447939,80.5487898,AA-Other,AA
3718488874,7.2511358,80.4500054,AA-Other,AA
3730047332,6.9067985,81.5596611,AA-Other,AA
6685195539,6.9066296,81.5594071,AA-Other,AA
4067142483,6.8780966,81.8289057,AA-Other,AA
3737231765,7.1233486,80.0671468,AA-Other,AA
3742213227,6.89199,79.8625542,AA-Other,AA
3742220438,6.8903314,79.8637229,AA-Other,AA
3742213226,6.891961,79.8624661,AA-Other,AA
3742220440,6.8904385,79.8637775,AA-Other,AA
3742220437,6.8903496,79.8638014,AA-Other,AA
6277459304,6.8881095,79.8643312,AA-Other,AA
3742220439,6.8904213,79.8636999,AA-Other,AA
6266383668,8.7591512,80.5001539,AA-Other,AA
7085697358,8.754207,80.4982602,AA-Other,AA
3770168315,7.0908375,79.991998,AA-Other,AA
3799742997,7.0910052,79.991598,AA-Other,AA
3770168316,7.0909559,79.9921747,AA-Other,AA
3780516705,6.967602,79.9013195,AA-Other,AA
5197144868,6.9679091,79.9016228,AA-Other,AA
3781723165,6.9342933,79.845036,AA-Other,AA
3803143156,7.2534615,80.3481436,AA-Other,AA
3797644263,7.0922957,79.9923026,AA-Other,AA
3797730069,7.0911668,79.9916882,AA-Other,AA
3797644275,7.0924148,79.9922503,AA-Other,AA
3289420390,7.092718,79.9903821,AA-Other,AA
3799780749,7.0912184,79.9994758,AA-Other,AA
8933799512,7.091441,79.9998088,AA-Other,AA
3799780753,7.0909881,79.9993574,AA-Other,AA
5139375451,7.2661342,80.596441,AA-Other,AA
3822164769,6.8755804,79.8610076,AA-Other,AA
4814119777,7.3402061,80.9928922,AA-Other,AA
3825207097,6.9319237,79.8421931,AA-Other,AA
3355420037,6.9346657,79.8427662,AA-Other,AA
3836856289,7.3831775,81.2277726,AA-Other,AA
13431444645,7.3832704,81.2280196,AA-Other,AA
6540645130,6.9906233,79.893253,AA-Other,AA
5319765722,7.3296575,80.3041016,AA-Other,AA
3871134706,7.1668363,80.5723456,AA-Other,AA
3899387301,7.9157948,81.5210315,AA-Other,AA
13907822736,7.9159043,81.5210955,AA-Other,AA
3927772236,7.0728849,80.2692013,AA-Other,AA
3937818066,6.7156074,80.3849877,AA-Other,AA
3937818093,6.7156566,80.3848129,AA-Other,AA
3937818064,6.7156354,80.3849797,AA-Other,AA
3937837841,6.7054053,80.3848089,AA-Other,AA
3937837843,6.7054902,80.3849338,AA-Other,AA
3937837959,6.7055734,80.3848444,AA-Other,AA
3945809610,6.8417024,79.9646254,AA-Other,AA
6292190587,6.8415721,79.9648933,AA-Other,AA
3960797187,6.0285031,80.7948432,AA-Other,AA
3964896717,6.9109859,79.8820529,AA-Other,AA
3983328377,7.2718996,80.6058738,AA-Other,AA
3983328743,7.2715539,80.6056104,AA-Other,AA
13671477050,7.2931467,80.6331699,AA-Other,AA
3983329767,7.2716411,80.6055067,AA-Other,AA
4004620069,7.2931609,80.6351431,AA-Other,AA
4004630079,7.2930862,80.63531,AA-Other,AA
4004620076,7.2931389,80.6349273,AA-Other,AA
6324979463,7.2932716,80.6347419,AA-Other,AA
4004621090,7.2932636,80.6334333,AA-Other,AA
11367587826,7.2932387,80.6333741,AA-Other,AA
13615512124,7.2933243,80.6336079,AA-Other,AA
8936981953,7.293084,80.6359829,AA-Other,AA
6260211179,6.8816367,79.869795,AA-Other,AA
619195378,6.8818678,79.8698367,AA-Other,AA
4019244692,7.3070126,80.6345968,AA-Other,AA
8865864661,7.308231,80.6371277,AA-Other,AA
4019244724,7.3070421,80.6347669,AA-Other,AA
4062722950,8.5872373,81.2151793,AA-Other,AA
4071257597,6.8727727,81.3506385,AA-Other,AA
4087054248,7.1987193,79.8543627,AA-Other,AA
4087054259,7.1985191,79.8544599,AA-Other,AA
6275242615,7.1985763,79.8544334,AA-Other,AA
4108748752,6.924352,80.6062826,AA-Other,AA
5252242470,6.8981448,80.5925873,AA-Other,AA
4136824662,9.6619808,80.0815236,AA-AA,AA
6538060317,9.3138858,80.6964348,AA-Other,AA
4136994005,9.3139506,80.696461,AA-Other,AA
4136994008,9.3147902,80.694085,AA-Other,AA
7042347643,9.4363345,80.4080122,AA-Other,AA
6545546146,9.3136552,80.6962286,AA-Other,AA
6266383664,8.7591254,80.4999879,AA-Other,AA
4137184213,8.9772688,79.9136856,AA-Other,AA
1661614342,8.9771511,79.9137558,AA-Other,AA
4137190999,8.9772331,79.9138189,AA-Other,AA
4137314878,9.5040709,80.2121547,AA-Other,AA
4137314871,9.5039728,80.2122378,AA-Other,AA
4137314881,9.5041156,80.2121627,AA-Other,AA
4137314887,9.5041803,80.2122633,AA-Other,AA
4137349471,8.3208026,80.3815448,AA-Other,AA
4137349478,8.3208511,80.3814737,AA-AA,AA
13564710682,8.3209985,80.3812646,AA-Other,AA
4137349486,8.3209405,80.3815633,AA-Other,AA
4137353395,8.3212508,80.3818978,AA-Other,AA
4137349488,8.3211977,80.3819459,AA-Other,AA
4137349479,8.3208614,80.3816248,AA-Other,AA
4137353396,8.3212846,80.382009,AA-Other,AA
4137359438,8.3315773,80.4034527,AA-Other,AA
1401473107,8.3317815,80.4030565,AA-Other,AA
8795417511,8.3319641,80.403114,AA-Other,AA
5055655462,8.3559109,80.4179352,AA-Other,AA
4137378452,8.5536479,80.4856487,AA-Other,AA
4137378455,8.5536978,80.4858228,AA-Other,AA
4137378458,8.5537692,80.4856121,AA-Other,AA
6537569535,8.5818555,81.1892899,AA-AA,AA
4062722959,8.5874123,81.215111,AA-Other,AA
13929460698,8.5804306,81.2233996,AA-Other,AA
4139586563,8.3273559,80.3610911,AA-Other,AA
7185616200,8.3273496,80.3611958,AA-Other,AA
4140943337,8.0304739,79.8536426,AA-Other,AA
6509597375,7.9928573,79.8974873,AA-Other,AA
5169879067,8.0300107,79.8311392,AA-Other,AA
4147052689,6.9897638,79.8925631,AA-Other,AA
4152511797,6.9900173,79.8928083,AA-Other,AA
4177584094,7.2814371,80.666471,AA-Other,AA
4197383649,6.9116599,79.8581234,AA-Other,AA
4231244458,7.1013749,79.9103518,AA-Other,AA
4365280289,6.8304919,80.9888935,AA-Other,AA
13850088952,6.8305966,80.9892352,AA-Other,AA
4365280295,6.8303718,80.9888102,AA-Other,AA
4388603896,6.9565805,79.882698,AA-Other,AA
4406211219,8.1612735,80.2999667,AA-Other,AA
12815082893,8.161367,80.3000535,AA-Other,AA
5216483990,6.9725522,79.8862754,AA-Other,AA
669218019,6.9209394,79.8464775,AA-Other,AA
7085654864,6.9145794,79.8485923,AA-Other,AA
4515020731,6.9141358,79.8488147,AA-Other,AA
4548513547,7.4903775,80.3651241,AA-Other,AA
4944052746,7.4928805,80.366784,AA-Other,AA
4585299247,7.0640037,80.0111232,AA-Other,AA
7037793024,6.7106541,79.9074376,AA-Other,AA
6230792100,6.9087465,79.8951679,AA-Other,AA
7625469738,6.9083453,79.8931117,AA-Other,AA
6695505185,7.2724496,79.8639434,AA-Other,AA
4784496253,7.0032241,79.956355,AA-Other,AA
6536506696,7.0094492,79.9654033,AA-Other,AA
4785723709,7.0094186,79.9654716,AA-Other,AA
4785723991,7.0108251,79.9662272,AA-Other,AA
4785724017,7.0110345,79.9663544,AA-Other,AA
4789587324,7.0524587,80.0042282,AA-Other,AA
4789942110,7.0732827,80.0162557,AA-Other,AA
5316468079,7.0732059,80.0161714,AA-Other,AA
4790000815,7.0664707,80.0122413,AA-Other,AA
6536495262,7.0687173,80.0131403,AA-Other,AA
4790001153,7.0666524,80.0123226,AA-Other,AA
5316437634,7.066608,80.0122996,AA-Other,AA
4790019632,7.0733397,80.0161999,AA-Other,AA
4790030895,7.0736364,80.0165563,AA-Other,AA
4790019634,7.0732696,80.016123,AA-Other,AA
4790030893,7.0735852,80.0166078,AA-Other,AA
4790030894,7.0737048,80.0166367,AA-Other,AA
4963408994,7.0859827,80.0333615,AA-AA,AA
4790030896,7.0736521,80.016689,AA-Other,AA
4807150323,7.8776481,80.0110176,AA-Other,AA
4807150339,7.8773268,80.011249,AA-Other,AA
4807150337,7.8776362,80.0108524,AA-Other,AA
4807150338,7.8779618,80.0106177,AA-Other,AA
4807150328,7.8777248,80.0109299,AA-Other,AA
6509597376,7.9927269,79.8976227,AA-Other,AA
4807150333,7.8775614,80.0109261,AA-Other,AA
4814119737,7.3402354,80.9939911,AA-Other,AA
4814119780,7.3400384,80.99301,AA-Other,AA
4814119747,7.3401957,80.9930187,AA-Other,AA
4814119803,7.3403134,80.9939947,AA-Other,AA
4814119752,7.3400535,80.9928707,AA-Other,AA
4814119802,7.3403121,80.9940838,AA-Other,AA
4814119811,7.3402366,80.9940877,AA-Other,AA
4851065488,6.6233326,80.5433829,AA-Other,AA
4851072864,6.6234033,80.5431878,AA-Other,AA
4851065502,6.62349,80.5431573,AA-Other,AA
4851065496,6.6234097,80.5430943,AA-Other,AA
4851066124,6.6233932,80.5431781,AA-Other,AA
4851072874,6.6234615,80.5431929,AA-Other,AA
4881181012,7.6987191,81.7181923,AA-Other,AA
6495594259,7.6837174,81.7270138,AA-Other,AA
4903819698,7.8730272,80.6501955,AA-Other,AA
2731988138,7.8742652,80.6510035,AA-Other,AA
4903819843,7.8659405,80.6451296,AA-Other,AA
4903819840,7.864792,80.6442937,AA-Other,AA
6218784867,7.8609567,80.6419692,AA-Other,AA
4944055432,7.4873132,80.3651431,AA-Other,AA
8014344204,8.1260787,80.5631198,AA-Other,AA
4929241911,7.2480555,80.3432561,AA-Other,AA
5237485234,7.2508004,80.3681304,AA-Other,AA
5237485233,7.250794,80.3680686,AA-Other,AA
4929241932,7.248034,80.3431967,AA-Other,AA
4944052730,7.4940003,80.3752217,AA-Other,AA
9513937138,7.4871093,80.3650718,AA-AA,AA
4944055507,7.4871597,80.364719,AA-Other,AA
5248343437,7.4887714,80.3620203,AA-Other,AA
4944055508,7.4870729,80.3649667,AA-AA,AA
4944055634,7.4871341,80.3649916,AA-AA,AA
9568699369,7.4873411,80.3650717,AA-Other,AA
4963408990,7.0866322,80.0324604,AA-Other,AA
4963408992,7.086046,80.0334307,AA-AA,AA
4973240985,6.8306865,80.989423,AA-Other,AA
5055655447,8.3558228,80.4179184,AA-Other,AA
8953454696,8.3556512,80.4168127,AA-Other,AA
5055655457,8.3559211,80.418014,AA-Other,AA
5055655461,8.3558132,80.4180397,AA-Other,AA
5055655453,8.3558388,80.4180526,AA-Other,AA
5140888508,7.2481245,80.3431956,AA-Other,AA
3219914003,7.2483839,80.3436248,AA-Other,AA
5142136907,6.1550393,81.1487945,AA-Other,AA
5142136908,6.1550028,81.1487297,AA-Other,AA
5144316609,6.1549236,81.1487788,AA-Other,AA
6248011187,6.1535116,81.1458993,AA-Other,AA
5169879060,8.0301856,79.8311668,AA-Other,AA
5169879064,8.0300698,79.831221,AA-Other,AA
5169879070,8.0300629,79.8310527,AA-Other,AA
5197144862,6.9677658,79.9023286,AA-Other,AA
5197144866,6.9678265,79.9015615,AA-Other,AA
6225766462,6.967299,79.9011461,AA-Other,AA
5212489397,5.9526188,80.535191,AA-Other,AA
5212489400,5.9575344,80.5309168,AA-Other,AA
5212490356,5.9548737,80.5334951,AA-Other,AA
5212490345,5.9585783,80.5300518,AA-Other,AA
6281776284,9.2321508,80.8053387,AA-Other,AA
5234940057,6.0325089,80.2167161,AA-Other,AA
12126721597,6.0328113,80.2149929,AA-Other,AA
5245953959,7.4866822,80.3665799,AA-Other,AA
5245953965,7.4867426,80.3667269,AA-Other,AA
5248343520,7.4868142,80.3648627,AA-Other,AA
3871146840,7.1666953,80.5723901,AA-Other,AA
5280287630,7.011124,79.966321,AA-Other,AA
5280287631,7.011067,79.9662868,AA-Other,AA
5300890594,6.6803432,80.4024119,AA-Other,AA
5302260364,8.0351562,80.5996889,AA-Other,AA
3518425520,8.0406964,80.5970628,AA-Other,AA
5302260378,8.0351854,80.5997935,AA-Other,AA
5302260404,8.0347795,80.5998448,AA-Other,AA
5302260392,8.0398902,80.5983834,AA-Other,AA
5315984604,7.0912119,79.9963088,AA-Other,AA
5315984610,7.091163,79.9974726,AA-Other,AA
5315984609,7.0911437,79.9981096,AA-Other,AA
3799780754,7.0910905,79.9993122,AA-Other,AA
5315988834,7.0915942,79.9948634,AA-Other,AA
5316437630,7.0668874,80.0124359,AA-Other,AA
6536495259,7.0724458,80.0153447,AA-Other,AA
6227950832,7.3336922,80.2999493,AA-Other,AA
6227950822,7.3297963,80.3036328,AA-Other,AA
5320836383,7.4867944,80.3649335,AA-Other,AA
9562328822,7.4819489,80.3610876,AA-Other,AA
5342371002,7.3298744,80.3036358,AA-Other,AA
5353821700,7.3298471,80.3038324,AA-Other,AA
5353842347,7.3348733,80.29941,AA-Other,AA
5353863009,7.3354777,80.3001752,AA-Other,AA
13572508097,8.320807,80.3945226,AA-Other,AA
7098642099,9.6650376,80.0093184,AA-Other,AA
9676457521,6.8473134,79.9263968,AA-Other,AA
5804555894,7.2194548,79.8454793,AA-Other,AA
3914008960,6.8414724,79.9645176,AA-Other,AA
5969063938,6.8393427,79.9699666,AA-Other,AA
9676457522,6.8470045,79.9268538,AA-Other,AA
6227950792,7.3334982,80.2998461,AA-Other,AA
6227950833,7.3336195,80.2999102,AA-Other,AA
6227950826,7.3297664,80.3033698,AA-Other,AA
6227950824,7.32987,80.3036066,AA-Other,AA
6228139620,6.6474259,80.701381,AA-Other,AA
6228139621,6.647536,80.7012609,AA-Other,AA
6248011210,6.152874,81.1446929,AA-Other,AA
6258386252,6.9232044,79.8523707,AA-Other,AA
6258386253,6.922958,79.8524552,AA-Other,AA
6272317584,5.9738602,80.4383165,AA-Other,AA
13695573498,5.9741119,80.4382168,AA-Other,AA
13695595606,5.9737927,80.4389864,AA-Other,AA
6276892160,7.0868306,79.8904239,AA-Other,AA
6286620938,9.153809,80.6495129,AA-Other,AA
2731988118,7.8741575,80.6510337,AA-Other,AA
6291947089,8.3208482,80.3945655,AA-Other,AA
6292190472,6.8411853,79.965313,AA-Other,AA
6294143289,6.8728562,81.3505781,AA-Other,AA
6294563995,9.6651428,80.009412,AA-Other,AA
4004620083,7.2932213,80.6349796,AA-Other,AA
6388461497,6.8475171,79.86599,AA-Other,AA
6475692032,6.0325677,80.2172223,AA-Other,AA
7030628001,6.846308,79.9484921,AA-Other,AA
13682136254,6.8414795,79.96444,AA-Other,AA
6492867598,6.037783,80.2501112,AA-Other,AA
6492867585,6.0377709,80.249798,AA-Other,AA
13698912444,6.0378407,80.2497973,AA-Other,AA
13698912446,6.0377744,80.2499941,AA-Other,AA
6492867599,6.0378789,80.2501133,AA-Other,AA
13698912417,6.0379108,80.2503903,AA-Other,AA
6495299701,7.7204336,81.6958941,AA-Other,AA
6495299637,7.7269957,81.6859374,AA-Other,AA
6495299644,7.727041,81.6858607,AA-Other,AA
6495299640,7.7271004,81.6857616,AA-Other,AA
6495299700,7.720356,81.6958846,AA-Other,AA
6495343855,7.7199862,81.6966221,AA-Other,AA
6495299702,7.7198999,81.6965981,AA-Other,AA
6495343851,7.7180283,81.6988188,AA-Other,AA
6495343850,7.7181115,81.6988903,AA-Other,AA
6495360806,7.7204625,81.7011584,AA-Other,AA
2078972802,7.7217106,81.7027761,AA-Other,AA
6495360843,7.7203073,81.7011609,AA-Other,AA
6495398254,7.7172618,81.7101399,AA-Other,AA
6495398255,7.7160364,81.7105015,AA-Other,AA
13740014577,7.7123953,81.7103442,AA-Other,AA
6495398267,7.7203971,81.7053117,AA-Other,AA
6495398268,7.7203693,81.705291,AA-Other,AA
6495398199,7.7216289,81.7029083,AA-Other,AA
6495398269,7.7203039,81.705379,AA-Other,AA
6495398273,7.7217303,81.7029469,AA-Other,AA
6495594238,7.9396697,81.0004359,AA-Other,AA
7262773170,7.6729107,81.7334896,AA-Other,AA
6495594260,7.6836888,81.7269624,AA-Other,AA
6495621993,7.6986799,81.7181177,AA-Other,AA
6495621995,7.7041119,81.7149249,AA-Other,AA
6495621994,7.7041446,81.7149848,AA-Other,AA
4712510859,7.7122909,81.7102393,AA-Other,AA
8865864660,7.3081923,80.6372002,AA-Other,AA
6509196189,7.3080819,80.6371289,AA-Other,AA
6509196200,7.3074249,80.6364172,AA-Other,AA
6509727157,7.717942,80.1463369,AA-Other,AA
6509727158,7.7177534,80.1464857,AA-Other,AA
6511383113,7.656079,80.2206864,AA-Other,AA
6511383094,7.6556679,80.2210212,AA-Other,AA
6511383096,7.6557256,80.220853,AA-Other,AA
6511383095,7.6558031,80.2209152,AA-Other,AA
6511383112,7.6556375,80.2209,AA-Other,AA
6511383115,7.6558076,80.2209388,AA-Other,AA
6524681176,6.911925,79.8558476,AA-AA,AA
9628046175,6.9119114,79.8561554,AA-AA,AA
6536495261,7.0686939,80.0132038,AA-Other,AA
6536495260,7.0725117,80.0152855,AA-Other,AA
10268958222,6.9233464,79.8523233,AA-Other,AA
6538060310,9.3135784,80.6961919,AA-Other,AA
6538060311,9.3137442,80.6963651,AA-Other,AA
6545546148,9.3136277,80.6963061,AA-Other,AA
7034868585,9.3139031,80.6963537,AA-Other,AA
6545241018,6.0286299,80.7947653,AA-Other,AA
6685420675,7.7172369,81.710096,AA-Other,AA
6685474007,7.9082526,81.5338931,AA-Other,AA
13904633852,7.9083354,81.5337745,AA-Other,AA
5906022857,7.9082485,81.5337532,AA-Other,AA
6685478660,7.9453736,81.5068051,AA-Other,AA
6695208838,6.9066208,81.5592851,AA-Other,AA
6695208839,6.906755,81.5594133,AA-Other,AA
6695208840,6.9067735,81.5592892,AA-Other,AA
6695505187,7.272452,79.8640023,AA-Other,AA
6721753073,7.0860075,80.0334897,AA-Other,AA
6721810540,7.085943,80.0334235,AA-Other,AA
7030628002,6.8463274,79.948362,AA-Other,AA
7030921385,6.8395714,79.9765145,AA-Other,AA
7030921401,6.8394669,79.9764002,AA-Other,AA
7030921451,6.8392942,79.9699633,AA-Other,AA
7035050523,8.0426007,80.5959186,AA-Other,AA
7037556017,7.3222861,80.6250106,AA-Other,AA
13684572988,7.0868662,79.8903321,AA-Other,AA
7037743601,6.8782073,79.876475,AA-Other,AA
7037743630,6.8782239,79.876388,AA-Other,AA
7037743638,6.8784949,79.8727486,AA-Other,AA
7037743641,6.8784639,79.8725854,AA-Other,AA
7037743640,6.8784454,79.8720396,AA-Other,AA
7042347623,9.4361556,80.4076622,AA-AA,AA
7042347625,9.4363043,80.4079359,AA-Other,AA
13942702875,8.0399268,80.7554602,AA-Other,AA
7081602426,6.9236612,79.8455622,AA-Other,AA
191794675,6.9211541,79.8465008,AA-Other,AA
8944102122,6.9295636,79.8426693,AA-Other,AA
10603977996,6.8304817,79.8677658,AA-Other,AA
7085505932,8.7611662,80.4983443,AA-Other,AA
7085506299,6.8128813,79.8808645,AA-Other,AA
7085525494,6.8127881,79.8809376,AA-Other,AA
7085697356,8.7531632,80.497832,AA-Other,AA
7085697357,8.753193,80.4977556,AA-Other,AA
13914032195,8.4441542,81.2638522,AA-Other,AA
13914032183,8.4441635,81.2637254,AA-Other,AA
7103753925,6.608279,79.9527194,AA-Other,AA
3302140243,7.2183446,81.8497339,AA-Other,AA
7103763199,7.2211506,81.8499379,AA-Other,AA
3302140240,7.2184319,81.8497499,AA-Other,AA
13564859299,8.3270163,80.3623363,AA-Other,AA
7227878082,7.3082821,80.6371519,AA-Other,AA
3088508758,7.3222126,80.6249547,AA-Other,AA
7262773169,7.6728853,81.7334358,AA-Other,AA
4231244456,7.1012426,79.9102067,AA-Other,AA
4137198917,8.97729,79.9137782,AA-Other,AA
2731988210,7.8742579,80.6512671,AA-Other,AA
13083883262,7.1185335,80.0596606,AA-Other,AA
7621971279,7.115725,80.0557524,AA-Other,AA
7621986814,7.1091299,80.0487216,AA-Other,AA
7621986858,7.1056669,80.0446367,AA-Other,AA
7621986929,7.0895596,80.0359306,AA-Other,AA
6495594239,7.9397036,81.000349,AA-Other,AA
7765114184,7.7561409,80.567997,AA-Other,AA
12488644097,7.7596572,80.5712049,AA-Other,AA
7786924226,7.126059,80.0706887,AA-Other,AA
7786924237,7.1232807,80.0671887,AA-Other,AA
7786924250,7.1184701,80.0597066,AA-Other,AA
7927504077,7.9442539,80.6291825,AA-Other,AA
8014319682,8.1273113,80.562666,AA-AA,AA
8032417737,8.3584945,80.5116642,AA-AA,AA
8032417743,8.3584262,80.511792,AA-AA,AA
8032417746,8.3585163,80.5117768,AA-AA,AA
8032417740,8.3583946,80.5117043,AA-AA,AA
8082580144,6.5613035,79.9689929,AA-Other,AA
10130181954,6.561137,79.9690278,AA-Other,AA
8279646115,7.9955409,80.2704466,AA-Other,AA
8279649718,7.9957131,80.2705146,AA-Other,AA
8726439509,6.1204392,81.0664983,AA-Other,AA
8770467948,8.5872787,81.2150804,AA-Other,AA
8795417507,8.3317721,80.4029942,AA-Other,AA
8795417512,8.3319368,80.4031271,AA-Other,AA
3592104628,7.091132,79.9995739,AA-Other,AA
12564186527,6.9312862,79.8420964,AA-Other,AA
9041600943,8.2365847,80.35079,AA-Other,AA
9041600949,8.2364362,80.3508264,AA-Other,AA
9201280517,7.2930406,80.6351053,AA-Other,AA
9394230349,7.9407286,81.0179825,AA-Other,AA
9429896951,7.9357641,81.0258959,AA-Other,AA
9407052257,7.2714353,80.6054888,AA-Other,AA
2079053659,7.7142496,81.6978468,AA-Other,AA
9429896955,7.9358747,81.025428,AA-Other,AA
9468271507,6.9316172,79.8421191,AA-Other,AA
9513937129,7.4818086,80.3608467,AA-Other,AA
9513937130,7.4817687,80.360919,AA-Other,AA
9562328826,7.4815758,80.3607449,AA-Other,AA
9568699375,7.4870444,80.3650472,AA-AA,AA
9562328834,7.48182,80.3609632,AA-Other,AA
9396246082,7.9452814,81.5068064,AA-Other,AA
9577055310,6.8471317,79.926654,AA-Other,AA
9577055313,6.8472073,79.9265478,AA-Other,AA
10130181953,6.5619701,79.9687137,AA-Other,AA
9795422576,5.9450089,80.548702,AA-Other,AA
250131881,5.9482594,80.5478606,AA-Other,AA
13673393240,6.9053603,79.8584936,AA-Other,AA
13431444639,7.3832069,81.2279213,AA-Other,AA
10130181940,6.5714834,79.9651743,AA-Other,AA
10130181950,6.565468,79.9676938,AA-Other,AA
10130181941,6.571451,79.9650963,AA-Other,AA
10130181952,6.5619937,79.9688026,AA-Other,AA
10130181951,6.5654419,79.9676119,AA-Other,AA
11542234718,5.9659151,80.3825439,AA-Other,AA
10603977925,6.8195262,79.8736841,AA-Other,AA
3884338673,6.9847403,81.0603014,AA-Other,AA
10682149766,6.9116376,79.8669725,AA-Other,AA
10682149772,6.9115577,79.8669048,AA-Other,AA
12741337236,6.8781683,79.8766348,AA-Other,AA
1401473006,8.3285532,80.407621,AA-Other,AA
11715824035,7.2928177,81.6870438,AA-AA,AA
13876145704,7.2927807,81.686697,AA-Other,AA
11715824044,7.2918941,81.6817496,AA-Other,AA
11715824064,7.2919161,81.6818715,AA-Other,AA
11715824052,7.292242,81.6831479,AA-Other,AA
11715824059,7.2927714,81.6855435,AA-Other,AA
13876145712,7.2927192,81.6871913,AA-Other,AA
11715824066,7.2917801,81.680472,AA-Other,AA
1401473074,8.3288118,80.4074845,AA-Other,AA
1401472905,8.3265726,80.4104314,AA-Other,AA
1401472976,8.3268197,80.410328,AA-Other,AA
12126721593,6.0328455,80.214868,AA-Other,AA
12488644096,7.7595046,80.5710628,AA-Other,AA
13686682350,8.0299197,79.8287192,AA-Other,AA
12761661746,7.3620326,81.8035349,AA-Other,AA
12761661748,7.3621084,81.8036724,AA-Other,AA
12761661737,7.362113,81.8035381,AA-Other,AA
12815082888,8.1612815,80.3001618,AA-Other,AA
12815082885,8.1613672,80.3000734,AA-Other,AA
12815082886,8.1611746,80.3000521,AA-Other,AA
12815082887,8.1611743,80.3000743,AA-Other,AA
13367298678,5.9960248,80.5194178,AA-Other,AA
4137349482,8.3209387,80.3815185,AA-Other,AA
13567087012,8.3209117,80.3947277,AA-Other,AA
13567087010,8.3320225,80.4030111,AA-Other,AA
13567087034,8.3208017,80.3946143,AA-Other,AA
13567087026,8.3206524,80.3944632,AA-Other,AA
13567087027,8.3207597,80.3945696,AA-Other,AA
13577179092,8.3557059,80.4167549,AA-Other,AA
13577179096,8.3558424,80.4166972,AA-Other,AA
13656692423,6.9346774,79.8428765,AA-Other,AA
669217870,6.931591,79.8423134,AA-Other,AA
13673393243,6.9055772,79.8585427,AA-Other,AA
13686682347,8.0301555,79.8286967,AA-Other,AA
13686682367,8.0301625,79.8286015,AA-Other,AA
13686682355,8.0303216,79.8287248,AA-Other,AA
13686682358,8.0302418,79.8287573,AA-Other,AA
13698912445,6.0378676,80.2499953,AA-Other,AA
13740014575,7.7123072,81.7103534,AA-Other,AA
13749558428,8.4413597,80.5061919,AA-Other,AA
13929460693,8.5802899,81.2235067,AA-Other,AA
13929460695,8.5803441,81.2233384,AA-Other,AA
31363877,6.0577533,80.217612,B-Other,B
50392728,6.0452629,80.2230139,B-B,B
102750385,6.0632482,80.2150836,B-Other,B
33389197,5.9486984,80.5471963,B-Other,B
3594319500,5.9487611,80.5470474,B-Other,B
1650097484,5.9430777,80.5499435,B-Other,B
13711501216,5.926316,80.5888606,B-B,B
5120237603,7.2661036,80.5926509,B-Other,B
41607666,6.1317261,81.1263007,B-Other,B
41607686,6.1523554,81.1444618,B-Other,B
5144316831,6.1529004,81.1445779,B-Other,B
44534440,6.0310204,80.2171286,B-Other,B
54399243,6.0307942,80.2171344,B-Other,B
47811685,6.0740895,80.1978864,B-Other,B
50767449,6.0591819,80.2036035,B-Other,B
82800337,6.0912353,80.193316,B-B,B
47817820,6.0382474,80.2210248,B-Other,B
1242562192,6.0425746,80.2228199,B-B,B
1242562069,6.0390258,80.2278469,B-Other,B
47824132,6.0354471,80.2201352,B-Other,B
47824157,6.0358995,80.2201774,B-Other,B
49365524,6.8307213,80.9887811,B-Other,B
49365945,6.8333269,80.9846994,B-B,B
4365280087,6.8305228,80.9888587,B-Other,B
10682971402,6.8408076,80.985147,B-Other,B
2915447204,6.8692387,80.9437325,B-B,B
10110604172,6.8299195,80.8930999,B-Other,B
1364675869,6.0456165,80.2248702,B-B,B
1795375615,6.6630913,79.9719992,B-B,B
694987695,6.7950937,79.9039873,B-B,B
50760908,6.0329773,80.2168003,B-Other,B
1235775273,6.0326677,80.2168189,B-Other,B
5182838447,6.0345652,80.2170407,B-Other,B
60797984,6.0590771,80.2036826,B-Other,B
1235775050,6.0309481,80.2170472,B-Other,B
635164739,6.8628673,79.8658465,B-B,B
621950451,6.8615888,79.8661435,B-B,B
60797432,6.8513212,79.8660662,B-Other,B
1533913594,6.8512895,79.8663657,B-Other,B
598720858,6.8404067,79.8786186,B-Other,B
1139090033,6.0530595,80.2080483,B-Other,B
60798033,6.8496823,79.8770052,B-Other,B
208541195,6.8498479,79.8791925,B-B,B
150994801,6.8502628,79.8720151,B-B,B
77373725,6.00357,80.7172227,B-Other,B
77374718,6.0464235,80.7330798,B-B,B
1530689260,5.9852095,80.698748,B-B,B
2909552257,6.0421241,80.6916484,B-Other,B
3771334922,6.0481503,80.7335017,B-Other,B
77374761,6.0481867,80.7335766,B-Other,B
3592199657,6.0431855,80.7423219,B-B,B
77682074,6.9667526,80.7718181,B-Other,B
2637064010,6.9676841,80.767675,B-Other,B
2035832311,6.967087,80.772005,B-Other,B
3492736839,6.1064323,80.3483191,B-B,B
266478204,5.984079,80.4353882,B-B,B
2993960268,6.0223313,80.7961526,B-Other,B
102750184,6.0656425,80.2176938,B-Other,B
1242330004,6.0878848,80.2118097,B-Other,B
127659819,6.9904257,80.2174682,B-B,B
3883403618,7.0784835,80.1447025,B-Other,B
129606431,6.7843694,80.0551029,B-B,B
13149927793,6.7844904,80.055325,B-B,B
1430577735,6.7846578,80.0552201,B-Other,B
129607365,6.8421427,80.0917104,B-Other,B
5366204208,6.8424912,80.0915927,B-Other,B
1697583653,6.8540139,80.0893795,B-Other,B
1150403426,6.9088795,80.0825898,B-B,B
252542077,6.8099115,79.9955648,B-B,B
324918527,6.86494,79.9958663,B-B,B
255179552,6.867539,79.9100876,B-B,B
1348104699,6.8665401,79.9004958,B-Other,B
250734844,6.848623,79.8976897,B-B,B
9959089701,6.8648939,79.8964744,B-Other,B
275520231,6.8694419,79.8979244,B-B,B
129616175,6.8733839,79.8729933,B-Other,B
10740616731,6.8735807,79.8726933,B-Other,B
1978809439,6.8714187,79.876055,B-Other,B
129616344,6.8662008,79.8797089,B-Other,B
208541425,6.8670384,79.8846505,B-B,B
620401826,6.8631791,79.8672495,B-Other,B
130346191,6.0706892,80.2338355,B-B,B
652615607,6.0505551,80.2282537,B-Other,B
1093698342,6.0779621,80.2486447,B-Other,B
1138480058,6.2611616,80.0595438,B-B,B
12474497827,5.9464384,80.5307017,B-Other,B
138713153,6.0326718,80.2166953,B-Other,B
138714131,6.0311264,80.2169987,B-Other,B
138714420,6.0312958,80.21709,B-Other,B
138714274,6.0310814,80.2171217,B-Other,B
5182773491,6.0321102,80.2172884,B-Other,B
191849931,6.9759601,80.7655254,B-B,B
2035832247,6.9734548,80.771528,B-B,B
2035763052,6.9739371,80.7671745,B-Other,B
198485623,6.8781649,80.8136718,B-B,B
10108470176,6.815635,80.8839387,B-B,B
198553743,6.9714331,80.7744632,B-B,B
4897029032,6.9731085,80.7719651,B-Other,B
2035845823,6.9703357,80.7844741,B-B,B
3249089698,6.1413993,80.1367671,B-B,B
206597400,6.8483277,79.885464,B-B,B
2068144084,6.8408188,79.9013322,B-Other,B
1737436578,6.8534855,79.8850256,B-Other,B
621909031,6.8398023,79.8847421,B-B,B
622293249,6.8522222,79.8822646,B-Other,B
208541289,6.8571377,79.8907528,B-Other,B
9075818013,6.856832,79.8907408,B-Other,B
1489265551,6.7167967,80.0616668,B-Other,B
245519512,6.6944556,80.075782,B-B,B
2083588478,6.6794497,80.1621226,B-B,B
245519575,6.6634555,80.0715997,B-B,B
253718871,6.7136266,80.0633912,B-B,B
245519747,6.6084093,79.9529376,B-Other,B
265731258,6.6256812,80.0770366,B-B,B
2689283758,6.9587984,80.6093976,B-B,B
247987689,6.1724918,80.1778287,B-B,B
3257914816,6.1804648,80.1919351,B-B,B
3257848747,6.1551221,80.1837547,B-B,B
3257742983,6.1746636,80.1665351,B-B,B
1637776242,6.2241181,80.1138238,B-Other,B
248049055,6.1414017,80.1369569,B-B,B
11368215992,6.1411925,80.1367169,B-Other,B
4408220358,5.9768855,80.6987532,B-B,B
1745927593,5.9483118,80.5695977,B-Other,B
250131908,5.9491729,80.5437396,B-Other,B
1428670920,5.947937,80.5349016,B-Other,B
250730985,6.8941506,79.9156882,B-Other,B
3379422351,6.8924035,79.9187122,B-B,B
250731057,6.8734714,79.8913865,B-B,B
635164942,6.8722938,79.89027,B-Other,B
3702135218,6.8750823,79.8919599,B-B,B
639689279,6.8779777,79.8906521,B-B,B
250734529,6.8763584,79.9353716,B-Other,B
11141684467,6.8760312,79.9355946,B-Other,B
2071116379,6.8576525,79.9083377,B-Other,B
3521510213,6.8484101,79.8977961,B-Other,B
252537325,6.7511567,80.0214313,B-Other,B
1212770521,6.7283605,80.0331626,B-Other,B
1212770540,6.7517402,80.0193178,B-Other,B
252537345,6.7808443,79.9962649,B-Other,B
256664021,6.7699867,80.0051585,B-Other,B
252537410,6.8330002,79.9647447,B-B,B
10170931060,6.8293565,79.9654443,B-Other,B
665006631,6.8039417,79.9406208,B-B,B
6292190479,6.8409369,79.9650333,B-Other,B
252537800,6.8771505,79.8929505,B-B,B
618771179,6.8838738,79.9019226,B-B,B
3702142136,6.8759051,79.8923165,B-Other,B
252537863,6.7844526,79.9783632,B-Other,B
7062379366,6.783408,79.9862115,B-Other,B
252538015,6.8727655,79.9048863,B-Other,B
11959575861,6.8749314,79.9016024,B-Other,B
254029970,6.7981565,80.0432639,B-Other,B
10170931056,6.8291729,79.965899,B-Other,B
1131882974,6.9440507,79.8786153,B-Other,B
253721036,6.8491411,79.9483602,B-Other,B
11141684469,6.8758827,79.9356196,B-Other,B
11035177227,6.7927443,80.0540999,B-Other,B
254033158,6.8952043,79.8895573,B-Other,B
672817127,6.8870123,79.8871674,B-B,B
3340955134,6.9077447,79.8956268,B-Other,B
254365532,6.7946125,79.9423488,B-Other,B
1691828074,6.7936281,79.9448664,B-Other,B
255179558,6.8688982,79.9110913,B-Other,B
2152938672,6.8661112,79.9290129,B-B,B
255179593,6.8789337,79.9218786,B-Other,B
6514093427,6.8841924,79.9025314,B-Other,B
3804176571,6.8769495,79.9263801,B-Other,B
10308315023,6.7685656,80.0063759,B-Other,B
256664026,6.8565412,79.8907113,B-B,B
6260384168,6.8564769,79.89095,B-Other,B
1737485408,6.8565517,79.8906461,B-B,B
9075842358,6.8562573,79.8907168,B-Other,B
256823957,6.9022148,79.9195726,B-B,B
6719733717,6.9020664,79.9196353,B-Other,B
3404831124,6.9021831,79.9194833,B-B,B
3354710539,6.9022862,79.9197113,B-B,B
257673145,6.797293,79.9307598,B-B,B
3498479745,6.7959698,79.9403798,B-Other,B
3570836882,6.8013213,79.9231286,B-Other,B
4019531402,6.8009993,79.9347138,B-Other,B
257673162,6.8017262,79.9354689,B-Other,B
665006657,6.8038963,79.9404757,B-B,B
3498455049,6.8014444,79.9351932,B-Other,B
257926316,7.2869766,80.6478171,B-B,B
1909546344,7.2026154,80.6631731,B-B,B
4004597816,7.2912491,80.6374189,B-B,B
257927955,7.3063648,80.6339667,B-Other,B
13671920564,7.2993934,80.6352914,B-Other,B
2019733995,7.9400942,80.7276186,B-B,B
258057404,7.858589,80.6807868,B-B,B
1836349438,7.4096759,80.6089195,B-Other,B
2093606557,7.5487991,80.6218063,B-B,B
568948837,7.7076733,80.7715412,B-Other,B
896199017,7.9400222,80.7274223,B-B,B
5075907972,7.7775606,80.8184203,B-Other,B
4082665360,8.0415306,80.9532879,B-Other,B
3237453500,7.2148565,80.5710391,B-B,B
445265132,6.6045485,80.0919956,B-B,B
1500297617,5.9821268,80.4467961,B-B,B
1181395693,5.9781888,80.430409,B-Other,B
268931537,6.8772613,79.9003949,B-Other,B
618771321,6.8763137,79.9007113,B-Other,B
275517837,6.9033204,79.9053555,B-Other,B
618771188,6.8842443,79.9019547,B-B,B
6947814999,6.9049182,79.9053928,B-Other,B
4580840142,6.8747442,79.9005563,B-Other,B
291672423,6.8093683,79.9389616,B-B,B
6519129900,6.8442397,79.9259088,B-Other,B
3803845891,6.8059426,79.926484,B-Other,B
310845638,5.9531677,80.5459919,B-Other,B
1428668275,5.9516331,80.5461519,B-Other,B
312920246,7.207084,79.8408343,B-B,B
313236260,7.2077516,79.8379134,B-Other,B
1683204299,7.1987048,79.8539358,B-Other,B
1147858863,7.2083482,79.8348078,B-B,B
313236265,7.2105947,79.8393799,B-Other,B
639204465,7.2114446,79.8412839,B-Other,B
313236286,7.210998,79.8385678,B-B,B
4087081915,7.219309,79.8449593,B-Other,B
313403915,7.0796129,79.8595801,B-Other,B
2506020933,7.0822899,79.8681819,B-B,B
403899928,7.093991,79.8471428,B-B,B
323506737,6.9056677,79.9631882,B-Other,B
2620521080,6.9040146,79.9551853,B-B,B
617228235,6.9096581,79.9711551,B-Other,B
619742609,6.8746776,79.9932994,B-B,B
674898973,7.153073,80.0636669,B-B,B
617970086,7.1255194,80.1108037,B-Other,B
324982229,7.0021719,79.9509066,B-Other,B
1840750859,7.0021251,79.9510764,B-Other,B
3345071366,7.0021491,79.9514124,B-Other,B
1645495724,7.0020189,79.9492835,B-Other,B
324985529,6.9771962,79.9303049,B-Other,B
621139685,6.9779318,79.9276541,B-Other,B
637858647,6.9750973,79.949457,B-B,B
3816390091,6.9779864,79.9276866,B-Other,B
1438094658,6.9847798,79.9031112,B-B,B
635895564,6.9531337,79.9189781,B-B,B
376763058,5.9575438,80.545616,B-Other,B
376774340,6.0528202,80.6298498,B-B,B
3634858930,6.0683841,80.629216,B-Other,B
1932027734,6.0477981,80.6288634,B-B,B
5041222126,6.0687832,80.6013465,B-Other,B
388268117,6.0955981,80.7447576,B-Other,B
2605754835,6.0857517,80.7432443,B-Other,B
4761516411,6.1212919,80.7448513,B-Other,B
403816151,6.9441597,79.8789671,B-Other,B
403816178,6.9372349,79.8962205,B-B,B
2131864627,6.9328496,79.8937164,B-B,B
2760582892,6.9362469,79.9152688,B-Other,B
403816197,6.9359382,79.925652,B-B,B
13653585411,6.9427922,79.9235606,B-Other,B
403816206,6.937395,79.9452099,B-Other,B
2760582907,6.9359196,79.916367,B-Other,B
3166543427,6.9219776,79.9268121,B-B,B
403841727,6.9090425,80.053903,B-Other,B
1778845290,6.8650033,80.0233282,B-B,B
403841840,6.9422835,79.9618111,B-B,B
403841847,6.9440841,79.9548966,B-B,B
3603503553,6.9388718,79.9711516,B-Other,B
621150239,6.967339,79.9611849,B-B,B
3491079318,6.968955,79.9544318,B-B,B
403874494,6.9461592,79.9129055,B-Other,B
2760582902,6.9366797,79.9153868,B-Other,B
403874820,6.9311337,79.8831083,B-Other,B
4678368699,6.930973,79.8827058,B-Other,B
2131864639,6.932654,79.89044,B-B,B
403875117,6.9093042,79.8984212,B-B,B
635166180,6.9096195,79.89707,B-Other,B
5007247077,6.9226931,79.9132095,B-Other,B
4056840093,6.9088245,79.8986759,B-Other,B
403875119,6.9086441,79.8987672,B-Other,B
403881228,7.2219165,79.8635654,B-B,B
403881262,7.2358437,79.8788961,B-B,B
4316825579,7.2238384,79.8797147,B-B,B
403881289,7.2480632,79.899349,B-B,B
403881294,7.2508069,79.9054046,B-B,B
403881317,7.2608506,79.9393654,B-B,B
617812791,7.2306941,79.9087737,B-B,B
1261568353,7.2862446,79.9855784,B-B,B
6537339896,6.9946047,79.8743673,B-Other,B
403899801,6.9829579,79.8752631,B-Other,B
6537358006,6.9828528,79.8746978,B-B,B
403899823,7.027495,79.8656624,B-B,B
403899962,7.0471115,79.8619764,B-Other,B
2142265829,7.0142185,79.8675948,B-Other,B
403899879,7.0691604,79.8532004,B-Other,B
1980566521,7.139472,80.2345684,B-B,B
445260245,7.073259,80.2695212,B-Other,B
3927772231,7.0729818,80.2692995,B-Other,B
2015279496,7.123982,80.2876719,B-B,B
3210113789,6.5914434,80.0856344,B-B,B
445265578,6.5916959,80.0851731,B-Other,B
560221970,6.5687057,79.9892205,B-B,B
445270465,6.5907049,80.0858739,B-Other,B
6294540739,6.5232618,80.1144754,B-Other,B
560221118,6.5420925,80.1576638,B-Other,B
6294406153,6.5423416,80.1573741,B-B,B
1994843650,6.5265885,80.1702846,B-B,B
560221199,6.5247674,80.2136016,B-B,B
1994725664,6.5327686,80.3485221,B-Other,B
3369556773,6.607366,80.2362293,B-Other,B
560221964,6.5595869,79.9775328,B-B,B
600669265,6.5614038,79.9811329,B-Other,B
2280537322,6.561267,79.9694214,B-Other,B
4059337439,6.5654439,79.9996821,B-B,B
562824877,7.4819753,80.3606074,B-Other,B
9562328833,7.4819464,80.3607284,B-Other,B
6548196298,7.4841865,80.3550163,B-Other,B
566569273,7.9800982,80.5307372,B-B,B
4158784481,7.9959764,80.5377892,B-B,B
3522137041,7.9026646,80.5233858,B-Other,B
566569620,8.0059567,80.510241,B-B,B
2093610550,8.029829,80.4872186,B-Other,B
566569836,8.1441229,80.4117884,B-Other,B
7034884152,8.2362626,80.3509607,B-Other,B
2906906430,8.1348037,80.4314684,B-Other,B
567004309,8.3437877,80.4031003,B-Other,B
567004704,8.3476273,80.4021234,B-Other,B
567004605,8.3704327,80.4007782,B-Other,B
1244985944,8.3552793,80.4049973,B-Other,B
3305877503,8.3712379,80.4005046,B-B,B
5974119999,8.3552184,80.404087,B-Other,B
567004763,8.3553732,80.4043652,B-Other,B
6294506984,8.0401973,80.5986497,B-Other,B
568948707,7.7323786,80.7910892,B-B,B
1896101718,7.7062944,80.8287391,B-B,B
3998841948,7.2907688,80.60715,B-B,B
570766414,7.3290814,80.4089463,B-B,B
570766423,7.3232977,80.3968581,B-B,B
5547928141,7.3266122,80.4261642,B-B,B
598167934,6.8289322,80.8945465,B-B,B
598168119,6.7991367,80.9148259,B-Other,B
3666045181,6.8416391,80.9017034,B-B,B
3590783632,6.7850106,80.9327285,B-B,B
603240958,5.9213012,80.5897075,B-B,B
13709350341,5.9267112,80.5894877,B-B,B
610929939,6.1535627,80.7683455,B-B,B
3633739438,6.2513801,80.7644249,B-Other,B
3547525265,6.1841403,80.7930934,B-B,B
7183361981,6.1477633,80.7635752,B-Other,B
610944381,6.1187267,81.08248,B-Other,B
6247562247,6.1217916,81.0816742,B-Other,B
610944426,6.2805605,80.9719114,B-Other,B
610944465,6.3019486,81.0032486,B-B,B
610944464,6.300037,81.0031568,B-Other,B
6251993878,6.3015033,81.0032522,B-Other,B
6251962520,6.3019668,81.0033125,B-B,B
6251962524,6.3179333,80.9982024,B-Other,B
610944481,6.1744258,81.0610229,B-Other,B
6247858277,6.173341,81.0613413,B-Other,B
610950712,6.1469857,81.1271446,B-Other,B
3377484745,6.1482531,81.1271271,B-Other,B
1720902277,6.1464244,81.1271244,B-Other,B
610955140,6.4311328,81.022503,B-Other,B
610968720,6.2593813,81.3102149,B-Other,B
912275456,6.2270293,81.3341268,B-B,B
1639029741,6.2751806,81.2911649,B-B,B
610968963,6.285315,81.2780923,B-B,B
3283385138,6.2846614,81.266784,B-Other,B
3276158654,6.2853625,81.2785186,B-Other,B
3276158651,6.2852005,81.2783866,B-Other,B
2093610245,8.0058746,80.3015027,B-B,B
615737957,8.3410586,80.3802741,B-B,B
4099888815,8.3446347,80.3916586,B-Other,B
1401456469,8.3277863,80.3613875,B-Other,B
1410578037,8.3590711,80.3723978,B-Other,B
617190011,6.8966121,79.9594113,B-B,B
4755847830,6.8934865,79.9376252,B-Other,B
971827647,6.9036595,79.9552252,B-Other,B
3540609796,6.8909223,79.9645814,B-Other,B
617799602,7.3284377,80.0238785,B-Other,B
8771443557,7.3284133,80.0241014,B-Other,B
1261568522,7.3218661,79.9772562,B-B,B
617810744,7.2812587,80.0553507,B-B,B
6509381798,7.2248449,80.0195156,B-Other,B
3167605964,7.2843729,80.0657952,B-B,B
617810971,7.3300122,80.1226537,B-B,B
4600910031,7.3394472,80.131258,B-B,B
2562843827,7.3246504,80.1233987,B-Other,B
8771443550,7.3282265,80.0244678,B-Other,B
639129515,7.2307367,79.909793,B-B,B
617816305,7.2980047,79.8823884,B-Other,B
3432403070,7.2975203,79.8822139,B-Other,B
3660680255,7.3098558,79.8902778,B-Other,B
1723172809,7.1122569,80.1362757,B-B,B
617823362,7.2474509,80.1275323,B-B,B
617823428,7.3134997,80.1095942,B-B,B
617823366,7.2474579,80.1294545,B-Other,B
1662220531,7.2463168,80.1194764,B-B,B
1235783744,7.2534941,80.1724746,B-B,B
1235697661,7.1197686,80.1167018,B-B,B
3340955133,6.9079889,79.8957466,B-Other,B
618609526,7.49781,80.4381481,B-B,B
5644584039,7.5494527,80.4910418,B-B,B
6514093426,6.8841174,79.9019462,B-B,B
11959629970,6.8762557,79.9007385,B-B,B
619742402,6.9333293,79.9899588,B-Other,B
619742791,6.888113,79.9949349,B-Other,B
2712362971,6.8771554,79.9899902,B-B,B
2710652547,6.8685267,80.0014005,B-Other,B
619742785,6.887332,79.994072,B-Other,B
2712362969,6.8774206,79.9900663,B-Other,B
8567390725,6.8879498,79.9943571,B-Other,B
8567390721,6.8879093,79.9946163,B-Other,B
619880027,6.8656522,80.013501,B-Other,B
5366204163,6.8420673,80.0917001,B-Other,B
619906809,7.0307895,80.0288423,B-B,B
6545679857,7.0335675,80.0918886,B-B,B
2021648880,6.9945141,80.0152677,B-B,B
658424634,7.0336178,80.0271479,B-B,B
8951049861,6.8481872,79.9258735,B-Other,B
2507107528,7.0827088,79.8684738,B-Other,B
621126052,6.9694336,79.9543533,B-B,B
5773844872,6.9696045,79.9542841,B-Other,B
3491079315,6.9689431,79.954892,B-Other,B
621188379,6.9077409,79.9303917,B-Other,B
5237448596,6.9078839,79.9300043,B-Other,B
2972494700,6.9084243,79.9445459,B-Other,B
1737150787,6.8322533,79.8855892,B-B,B
622288497,6.8767562,79.9281359,B-Other,B
10259347399,6.8767238,79.9282158,B-Other,B
1737436611,6.8539005,79.8846497,B-Other,B
635165818,6.8924937,79.9212509,B-Other,B
3379422350,6.8924024,79.9187714,B-B,B
6513995679,6.8926131,79.9216205,B-Other,B
5352135771,6.9503228,79.9173067,B-Other,B
637009373,7.0932515,79.993765,B-B,B
637834306,7.028912,79.9218053,B-Other,B
1285521727,7.0283538,79.9219266,B-B,B
970090967,6.9813763,79.9682706,B-B,B
637859907,6.9864654,79.9739054,B-B,B
638916931,7.1565549,80.055225,B-B,B
3203260988,7.2076144,80.0570483,B-B,B
638943128,7.1584113,80.0315462,B-B,B
4085806761,7.1548103,80.0577767,B-Other,B
638921965,7.1633732,79.9812145,B-B,B
3645054902,7.1633611,79.9813198,B-B,B
638923097,7.1690055,79.9484816,B-Other,B
667547394,7.1950589,79.9845899,B-B,B
638924150,7.1690219,79.9481226,B-Other,B
638924157,7.1691033,79.9481354,B-Other,B
638925117,7.1690722,79.9476977,B-Other,B
638927828,7.1691197,79.9480193,B-Other,B
638927836,7.1690587,79.9480014,B-Other,B
638925131,7.1701233,79.9454332,B-B,B
1268334826,7.1846964,79.9081686,B-Other,B
1268334824,7.2046467,79.9209579,B-Other,B
638927829,7.1693326,79.9482359,B-Other,B
1431446624,7.1691137,79.948129,B-Other,B
1847947621,7.1843653,79.9638676,B-B,B
1431446632,7.1691386,79.9480487,B-Other,B
638927834,7.1687865,79.947929,B-Other,B
1431446619,7.1690442,79.9480058,B-Other,B
1431446617,7.169005,79.9480962,B-Other,B
638929070,7.1638452,79.9461823,B-B,B
638935065,7.1390644,79.9763655,B-B,B
1268334809,7.1430109,79.9306959,B-Other,B
638935032,7.1262912,79.9810949,B-Other,B
638936201,7.1259737,79.9811944,B-B,B
638936216,7.1259997,79.9812838,B-B,B
667537356,7.1245656,79.9751827,B-B,B
638936200,7.1258866,79.980979,B-Other,B
638936206,7.1258627,79.9813211,B-B,B
638936208,7.125603,79.9813894,B-Other,B
638936220,7.125846,79.9812184,B-B,B
638937223,7.1001318,79.9911222,B-Other,B
638936212,7.1259001,79.9816447,B-Other,B
3205978508,7.1503835,80.0195743,B-B,B
3799725188,7.0924366,79.9923678,B-Other,B
3203261039,7.1921612,80.0383131,B-B,B
638945897,7.2248547,80.0247722,B-B,B
6509381797,7.2245304,80.0196195,B-Other,B
3645537814,7.2264635,80.0516783,B-B,B
638969225,7.1013968,79.9102252,B-Other,B
4231244463,7.1016908,79.9103068,B-Other,B
638973604,7.1232317,79.9235773,B-B,B
638973609,7.123496,79.9245286,B-B,B
3784064218,7.1237899,79.9244415,B-Other,B
638976365,7.1215216,79.9214691,B-B,B
667536068,7.1244792,79.9748207,B-B,B
2375440996,7.1237211,79.9245884,B-Other,B
638976353,7.12169,79.9209468,B-Other,B
4192345640,7.1329819,79.8887864,B-Other,B
638976368,7.1213779,79.9213457,B-B,B
639127236,6.9627129,80.0090286,B-Other,B
639127239,6.9636065,80.0093153,B-Other,B
3710297373,6.961549,79.996498,B-Other,B
639127718,6.9624037,80.0097064,B-Other,B
639127240,6.9433737,79.9907703,B-Other,B
3517629554,6.9611427,79.9959302,B-Other,B
5064507626,6.9427698,79.9897318,B-Other,B
639127532,6.9698695,80.0015008,B-Other,B
3107607858,6.9872656,80.0134227,B-B,B
3206169196,6.9615499,79.9961365,B-B,B
639128147,7.2095547,79.918146,B-B,B
639142096,7.2045981,79.8807625,B-B,B
639245116,7.2088455,79.9667277,B-B,B
639247310,7.2315815,79.9713293,B-B,B
1261568415,7.229445,79.9884813,B-B,B
639268374,7.2946744,79.880063,B-B,B
1474800248,7.2727272,79.8644897,B-Other,B
1474795689,7.2970323,79.8818803,B-Other,B
639288676,7.1534807,80.0601877,B-B,B
3687641055,7.1542348,80.0591103,B-B,B
4202427009,7.1536608,80.0613956,B-Other,B
639297344,7.0843598,80.0788645,B-B,B
2823998651,7.0854814,80.0340719,B-Other,B
639298307,7.0704742,80.0933624,B-B,B
3120324420,7.077118,80.121466,B-B,B
667506531,7.0577407,80.0970764,B-B,B
651746985,6.7270495,79.900678,B-Other,B
5232614480,6.7271499,79.9005551,B-Other,B
1418747701,6.7275691,79.9004731,B-Other,B
652384088,6.787907,79.8854502,B-Other,B
5294022980,6.0457885,80.225187,B-Other,B
5316437631,7.0664943,80.0126115,B-Other,B
3498458033,6.797766,79.9408766,B-Other,B
3816584562,7.0734264,80.0169406,B-Other,B
3387391143,7.0337893,80.0920728,B-Other,B
667524408,7.0693057,79.9613829,B-B,B
5559025442,7.0050192,79.9542347,B-B,B
6509381795,7.22435,80.0190993,B-Other,B
13695751609,6.8917463,79.8781096,B-Other,B
3240952949,7.1864499,80.1117891,B-Other,B
4202427002,7.1537326,80.0621185,B-Other,B
681584663,6.967078,79.8717384,B-Other,B
683787618,6.9109201,79.8899755,B-B,B
10219043287,6.9097102,79.8958416,B-Other,B
2558457385,6.8014388,79.922009,B-Other,B
773016545,8.3515053,80.4083784,B-B,B
2833603895,8.3554788,80.4159787,B-Other,B
843506679,7.0925384,79.9954625,B-Other,B
3799756193,7.0924722,79.9952719,B-Other,B
3681424087,7.0912532,79.9992272,B-Other,B
847419106,9.7396889,79.8898229,B-Other,B
1886574479,9.7088124,79.8665087,B-Other,B
847420598,9.7285317,79.9486132,B-Other,B
853986268,9.6960188,79.9420329,B-Other,B
853138091,9.7355618,79.9526524,B-B,B
847436961,9.7770729,80.1296061,B-Other,B
1245033035,9.7788215,80.1161973,B-B,B
847437156,9.790557,80.14443,B-Other,B
848594025,9.7966104,80.1471008,B-B,B
847439889,9.6739369,80.0348494,B-Other,B
847467192,9.6741897,80.0261668,B-Other,B
847467198,9.6760933,80.0211959,B-Other,B
847467215,9.6816639,80.012971,B-Other,B
847468342,9.6981954,80.0147518,B-Other,B
853156385,9.7027717,79.9978538,B-Other,B
847468378,9.7304394,80.0237472,B-Other,B
853155878,9.741832,79.98627,B-Other,B
849238277,9.7174567,80.0443627,B-Other,B
847468394,9.745055,80.0279105,B-Other,B
847469685,9.7454871,80.0557773,B-Other,B
854024183,9.757738,79.9976932,B-B,B
847469569,9.7482764,80.1082977,B-Other,B
847483734,9.800029,80.2007364,B-Other,B
848553626,9.8065675,80.2029482,B-Other,B
847851582,9.7884191,80.214849,B-B,B
847836026,9.6379918,79.9020082,B-Other,B
13304847351,9.6911183,79.8702715,B-Other,B
854150056,9.6894522,80.1630244,B-Other,B
848553191,9.7777602,80.2336459,B-Other,B
848554190,9.8062713,80.2261976,B-Other,B
847851714,9.7743971,80.2060888,B-B,B
847863823,9.7704234,80.2340497,B-Other,B
847864408,9.7910604,80.1582896,B-Other,B
1245043260,9.6589149,80.1635876,B-B,B
854187070,9.8319773,80.201535,B-Other,B
848554341,9.8031251,80.2413222,B-B,B
1148495722,9.8277951,80.2355643,B-Other,B
854186991,9.8139666,80.2313446,B-Other,B
848593926,9.8167204,80.1350657,B-Other,B
3804229985,9.8164326,80.1351918,B-B,B
1148495382,9.7911095,80.1569324,B-Other,B
1245037494,9.806956,80.1572568,B-B,B
848594067,9.8058754,80.1653551,B-Other,B
848610217,9.823412,80.1695827,B-Other,B
7569009680,9.8237109,80.1694673,B-Other,B
848610218,9.8236878,80.1696298,B-Other,B
4136868890,9.6589661,80.1636129,B-Other,B
4439545826,9.7045168,80.0693718,B-Other,B
849241783,9.6599087,80.0093941,B-Other,B
2052447109,9.6572573,80.0145268,B-B,B
853137780,9.753738,79.961601,B-Other,B
5126464949,9.7731767,79.9691988,B-Other,B
853156367,9.7042522,79.9977677,B-Other,B
853155767,9.7473243,79.9721766,B-Other,B
854070754,9.7537436,79.9833911,B-Other,B
853156231,9.7163471,79.997196,B-Other,B
854093516,9.7053532,80.0180187,B-Other,B
853165390,9.6858911,79.9995219,B-Other,B
5522105422,9.6803529,80.0078788,B-Other,B
853165643,9.6819299,80.0130272,B-Other,B
3803918467,9.6844984,80.0080965,B-Other,B
854023955,9.7533132,79.9843815,B-Other,B
5847955549,9.7634493,80.0295366,B-Other,B
854070627,9.7730791,79.971674,B-B,B
1245033009,9.7599161,79.9818324,B-B,B
1245033122,9.7793913,79.9878723,B-B,B
871932407,9.5836692,79.8220544,B-Other,B
891638940,7.1619061,80.5739086,B-Other,B
1724997103,7.2386236,80.6011124,B-B,B
2732633599,7.9289704,80.6874064,B-Other,B
1235804433,8.3475789,81.0083497,B-Other,B
904233212,7.4816494,80.3612217,B-Other,B
9562328819,7.4816827,80.3610891,B-Other,B
904233272,7.4783309,80.3740106,B-Other,B
904233235,8.5710159,81.2368787,B-Other,B
1242786587,8.5686295,81.2337522,B-B,B
1242791210,8.5765567,81.2345715,B-Other,B
904233506,8.5839139,81.2288279,B-Other,B
10142217471,8.5837079,81.228964,B-Other,B
6685553328,8.6004214,81.2179561,B-Other,B
904233558,8.5775871,81.234723,B-Other,B
1172970726,8.5805243,81.2313361,B-Other,B
4067964376,7.4784513,80.3741196,B-Other,B
4045751173,6.5958918,80.4578527,B-Other,B
912273614,6.5884294,80.4160504,B-B,B
4045751170,6.595934,80.4577005,B-Other,B
8312180939,6.6800935,80.4001647,B-Other,B
5237438508,6.5313046,80.3966435,B-Other,B
1164676122,7.3029326,80.6585204,B-B,B
2087105380,6.9713649,79.9768203,B-B,B
2489067296,6.9040412,79.9549621,B-Other,B
1028522713,8.3694974,80.3880428,B-Other,B
1028522856,8.3688517,80.3878409,B-Other,B
1410579071,8.3684029,80.3856866,B-Other,B
1030050388,7.2583226,80.5558609,B-B,B
3170533458,7.2498292,80.5623165,B-B,B
3226291720,7.2293166,80.5364598,B-B,B
1093697782,6.2204815,80.2861546,B-B,B
1093799320,6.2073824,80.3370349,B-B,B
4729747107,6.2015829,80.2767156,B-B,B
2607383505,6.2447691,80.2689029,B-Other,B
1093698207,6.1721857,80.2855429,B-Other,B
4729747389,6.1979483,80.2747205,B-B,B
1093699503,6.1347369,80.2544265,B-B,B
1093751318,6.1658156,80.2052444,B-B,B
1093762656,6.1023432,80.3183902,B-B,B
1093751150,6.1540885,80.1845119,B-Other,B
1093762481,6.0776488,80.2756354,B-Other,B
2215855644,6.0795413,80.2843538,B-B,B
3269957968,6.0617083,80.2621647,B-Other,B
1093763092,6.1070771,80.3344533,B-Other,B
1093762966,6.2017614,80.3352258,B-B,B
1093763628,6.107396,80.3349928,B-Other,B
4730103455,6.2014006,80.3034874,B-B,B
6543091744,6.1070888,80.3348642,B-Other,B
6543091747,6.1070987,80.3349996,B-Other,B
1093799558,6.3402574,80.3366213,B-B,B
5258083979,6.3773234,80.3609848,B-Other,B
3470538976,6.3431716,80.0803537,B-B,B
1124475656,5.9762993,80.5180249,B-Other,B
1135382428,6.3596423,81.0343202,B-Other,B
3570607529,6.3567796,81.0382108,B-Other,B
3470537530,6.2705602,80.0912427,B-Other,B
3425048815,6.4298134,79.9998496,B-Other,B
1931363942,6.0352625,80.2169577,B-Other,B
1638891066,6.2736493,80.137041,B-B,B
1140307744,6.2737205,80.13699,B-Other,B
6021413404,6.2743749,80.1379989,B-Other,B
1146766252,6.4809331,80.1270619,B-B,B
4904045485,6.5225775,80.1143566,B-Other,B
2143415342,6.4607749,80.1794349,B-B,B
1969450556,6.4730105,80.1162057,B-Other,B
3619937663,7.6571789,81.7396116,B-Other,B
1148495922,9.8123356,80.128792,B-Other,B
1245034081,9.7956302,80.1225038,B-B,B
1697645957,6.858713,80.1742019,B-Other,B
1149576728,6.862604,80.1678757,B-B,B
1862816008,6.9181173,80.0989535,B-Other,B
1862498820,6.9091228,80.0831689,B-Other,B
1156533833,7.3276404,80.6727155,B-Other,B
1156533842,7.3284768,80.6735686,B-B,B
1156534074,7.3246244,80.6485066,B-B,B
3619696818,7.3342411,80.6742751,B-B,B
3616495484,7.3282535,80.6334066,B-Other,B
1157613973,7.4168648,80.6832297,B-B,B
1314754534,7.4210719,80.6338666,B-B,B
12794013248,7.4540988,80.6826272,B-B,B
3416397811,7.3540379,80.6821763,B-B,B
1837478229,7.2978272,80.6504431,B-B,B
1181395662,5.9756606,80.4276359,B-Other,B
1397090861,5.9756559,80.4275567,B-B,B
1233271397,5.9758433,80.4278632,B-Other,B
1181921747,8.3215203,80.3822055,B-Other,B
6545320376,8.3343232,80.3928243,B-Other,B
1185558591,6.8130443,79.8811115,B-Other,B
1186240418,6.8916727,80.5984092,B-Other,B
1186240445,6.8898915,80.5981618,B-Other,B
6250183891,6.898179,80.5929717,B-Other,B
1186247404,6.8689038,80.5999578,B-B,B
3137149149,6.9039815,80.5283849,B-B,B
1190546887,6.8393292,80.6122879,B-B,B
2686035634,6.9137621,80.5211757,B-B,B
3195561861,6.8425638,80.6067818,B-B,B
1212770518,6.7834831,79.9919473,B-Other,B
4996622511,6.7817266,79.9947327,B-Other,B
3218455285,6.7265578,80.033746,B-Other,B
1212770531,6.7527824,80.016407,B-Other,B
10308309676,6.7539462,80.0155443,B-Other,B
1213041863,6.6436975,80.1799855,B-Other,B
6294406154,6.5423491,80.1575938,B-B,B
1213041911,6.6452362,80.1797422,B-Other,B
5222832228,6.6462241,80.1794308,B-Other,B
1213041924,6.6505616,80.1775876,B-Other,B
5222832372,6.6511254,80.1774726,B-Other,B
1213042254,6.6528809,80.1768828,B-Other,B
5222832390,6.6521015,80.1773255,B-Other,B
1796923068,6.679322,80.1635199,B-Other,B
1222995418,6.8365037,80.5720492,B-Other,B
1222995629,6.8368816,80.5719569,B-B,B
2686032868,6.84749,80.5517354,B-B,B
1222995635,6.836479,80.5717565,B-Other,B
3517300319,6.7902905,80.6114101,B-B,B
1223888358,6.6691783,79.9725421,B-Other,B
1232107044,6.3808922,81.314464,B-Other,B
1535505645,6.3792435,81.3086149,B-Other,B
3683993724,6.3809234,81.3147667,B-B,B
1235697388,7.0430834,80.1314927,B-B,B
6545679856,7.033585,80.092048,B-B,B
3883403616,7.0782991,80.1442288,B-Other,B
2753084556,6.9477146,80.0943725,B-Other,B
1235697764,7.0977415,80.1446413,B-B,B
3120323405,7.0974826,80.1446846,B-B,B
1805745150,7.0458879,80.2534563,B-Other,B
1235775279,6.0324222,80.2173487,B-Other,B
2562843705,7.2716544,80.1368253,B-Other,B
1886606136,7.247827,80.1316074,B-B,B
1242694030,8.3474631,81.0085954,B-B,B
1235804471,8.3477296,81.0085447,B-Other,B
1235814874,8.366322,81.0032587,B-Other,B
1237974510,7.4392764,80.237436,B-B,B
1237974516,7.4490375,80.2580973,B-B,B
6547922849,7.4344565,80.2173856,B-Other,B
1477408997,7.4627593,80.2922554,B-Other,B
13442454956,7.5716203,80.2488897,B-B,B
1239435107,7.6198015,80.2457349,B-Other,B
4268469890,7.6187273,80.2070547,B-B,B
1239442870,7.4128006,80.2103913,B-B,B
5944495992,7.4265963,80.2135514,B-Other,B
3167653286,7.3455521,80.1340236,B-Other,B
1239558969,7.295477,80.2366244,B-B,B
1239442924,7.4513639,80.1913916,B-B,B
2589251603,7.4534195,80.1489999,B-Other,B
1977816707,7.4326814,80.2129074,B-Other,B
3066124415,7.53362,80.1875737,B-B,B
1239690924,7.8293366,80.3013653,B-Other,B
3106294734,7.7686227,80.1449626,B-B,B
5052793628,7.8294151,80.3017303,B-Other,B
1240466580,8.5810468,81.2275153,B-Other,B
1242786599,8.5769476,81.2283823,B-Other,B
1241520212,7.9981769,80.9244804,B-Other,B
1896192506,7.7775076,80.8185277,B-Other,B
1241600897,6.9477473,80.0936292,B-Other,B
10093923283,6.9476452,80.093965,B-Other,B
1242344698,6.0473525,80.2485415,B-Other,B
1242395226,6.0399354,80.2341665,B-Other,B
3658899780,6.0504419,80.2556816,B-Other,B
12553497562,6.0398572,80.2340562,B-Other,B
1242562100,6.0427721,80.2274373,B-B,B
3619556378,6.0454134,80.2252156,B-Other,B
9394245015,8.3253812,81.3004907,B-Other,B
1242700557,8.6372215,81.2018638,B-B,B
3221586259,8.6811208,81.1927374,B-B,B
1242786017,8.4726716,81.1446808,B-B,B
7702374764,8.5021835,81.1803216,B-Other,B
3804306277,8.5675657,81.2318729,B-Other,B
1242791243,8.5773801,81.2347032,B-Other,B
1245021311,9.7981814,79.958094,B-Other,B
5126464959,9.7732956,79.9692981,B-Other,B
1245021317,9.8143078,80.0127261,B-Other,B
7557813397,9.8134981,80.014099,B-Other,B
1245021322,9.8009302,80.0343616,B-Other,B
1245032999,9.7855965,80.0336963,B-Other,B
3199620297,9.7824836,80.0538602,B-B,B
1245033016,9.7801313,79.988142,B-B,B
1245033118,9.8102315,79.9974574,B-Other,B
1245033029,9.7775673,80.1149764,B-B,B
1245033052,9.7628041,80.117738,B-Other,B
1245033104,9.7836089,80.0782626,B-Other,B
1245763163,9.8097841,80.0718389,B-Other,B
6896310128,9.7979904,80.0647504,B-B,B
1247065794,7.6326491,80.3050975,B-B,B
5225962164,7.6566227,80.369206,B-Other,B
13236794170,6.8329282,79.9063102,B-B,B
1848020009,7.3199493,79.9768637,B-Other,B
2703675509,7.2246174,80.0189732,B-Other,B
3205666202,7.3216635,79.9764942,B-B,B
1268329299,7.1329804,79.8885979,B-B,B
4192345790,7.1333566,79.8885637,B-Other,B
4192345643,7.1329779,79.8884156,B-Other,B
2375441004,7.1240877,79.924673,B-Other,B
12322046179,7.1752635,79.8896601,B-Other,B
1285521703,7.0283394,79.9217393,B-B,B
2026484605,7.0281359,79.923233,B-Other,B
1285521732,7.028131,79.9200591,B-Other,B
1370716561,7.0279076,79.9155352,B-B,B
1285521745,7.0282064,79.9217478,B-Other,B
1290251657,7.3869018,80.7330845,B-B,B
3619718204,7.3393758,80.6933316,B-B,B
1292992471,7.0888709,80.0053902,B-B,B
3592104626,7.0910258,79.9998103,B-Other,B
4790019635,7.0740732,80.0154054,B-Other,B
1314754545,7.4212836,80.6333466,B-B,B
3751644917,6.1430301,80.8122796,B-Other,B
3935855298,5.9689636,80.4221187,B-Other,B
13591204530,8.3593091,80.3723454,B-Other,B
1410578077,8.3596908,80.3724354,B-Other,B
2835617088,8.359395,80.3724565,B-Other,B
1418747698,6.727177,79.9006913,B-Other,B
1418747700,6.7272814,79.9005252,B-Other,B
1418747699,6.7273271,79.900628,B-Other,B
1985676777,6.1624081,80.8974095,B-B,B
1428650226,6.1668461,80.8977189,B-Other,B
1428650261,6.167411,80.8974243,B-B,B
1891699904,6.1670269,80.897705,B-B,B
6249854579,6.1700804,80.8965307,B-Other,B
3364860601,5.9487729,80.5471996,B-B,B
1734550178,5.947761,80.5342667,B-Other,B
13149927792,6.7849504,80.0552897,B-Other,B
1432825404,6.526651,81.0011596,B-B,B
2407176254,6.6054624,80.7983872,B-B,B
3147073493,6.4302592,81.0920769,B-B,B
3577854817,6.9897672,79.8929214,B-Other,B
3498479727,6.7949929,79.9405871,B-Other,B
1447394805,6.9092771,80.0832769,B-Other,B
1862498825,6.9091524,80.0834338,B-Other,B
10093923287,6.9474265,80.0938832,B-Other,B
5774134687,8.9649922,80.5258309,B-Other,B
1466614238,7.3536643,79.8858939,B-B,B
3658467160,7.3461977,79.8400548,B-Other,B
1480051538,7.4117537,79.8653237,B-B,B
3432403052,7.2974461,79.8820772,B-Other,B
6695505186,7.2725895,79.8642583,B-Other,B
6548047374,7.4768367,80.3453245,B-Other,B
1848166895,7.4315905,79.9276281,B-B,B
3658572653,7.4130889,79.831253,B-Other,B
1529199964,6.0126644,80.5658226,B-B,B
2165097325,6.0367803,80.5607869,B-Other,B
3557360283,6.0212756,80.5886874,B-Other,B
1529240569,5.9855878,80.555076,B-Other,B
12856077341,5.9660344,80.5478498,B-Other,B
4408220362,5.9769824,80.6986873,B-B,B
2157080287,5.9985888,80.6852467,B-Other,B
3167996132,7.4846662,80.3544928,B-Other,B
3264925450,6.4180552,81.3248265,B-Other,B
1676682519,7.7184707,81.6954808,B-Other,B
1877272333,7.2282338,81.7810922,B-B,B
1721462757,6.3416877,80.0726498,B-Other,B
1637776271,6.2247962,80.1173954,B-B,B
3655959347,6.256444,80.1391812,B-B,B
7183441660,6.2734091,80.1366431,B-Other,B
1638915009,6.1187355,81.0825582,B-Other,B
3594038163,6.11701,81.0826914,B-Other,B
1740265426,6.4135362,81.3325544,B-B,B
10132102319,6.277449,81.2865577,B-Other,B
1639029976,6.2854248,81.2914317,B-B,B
13723181257,6.3803619,81.3150535,B-Other,B
1639380623,6.0243595,80.6008939,B-B,B
2605760184,6.0376071,80.6124068,B-Other,B
2081198517,5.9992685,80.606262,B-Other,B
4137314879,9.5041136,80.212545,B-Other,B
3345099189,7.00201,79.9492481,B-Other,B
3366106297,5.9431738,80.5496213,B-Other,B
3366095884,5.9431009,80.5495899,B-Other,B
1660133452,6.0387113,80.2501761,B-Other,B
3658899782,6.0499247,80.2560815,B-Other,B
6492863084,6.0380523,80.2501184,B-Other,B
1660138837,6.0635185,80.2615357,B-Other,B
1660321886,6.7848668,79.9756958,B-Other,B
7062380592,6.7844424,79.9773036,B-Other,B
1661735220,6.8915842,79.9224795,B-Other,B
2974015161,6.8910724,79.9283649,B-Other,B
6513995671,6.8918859,79.9221472,B-Other,B
1668906517,6.8759536,79.9292273,B-Other,B
3848606598,6.8759565,79.9349077,B-Other,B
10259347353,6.8766507,79.9281861,B-Other,B
1668906598,6.9032627,79.9113503,B-Other,B
1676588936,7.7150178,81.7021307,B-Other,B
1899261813,7.7202364,81.705194,B-Other,B
1676753019,7.7334135,81.6985204,B-Other,B
8864816866,7.7335444,81.698511,B-Other,B
1683151528,6.877311,79.8694725,B-Other,B
1676479569,6.8817237,79.8696132,B-Other,B
4087054249,7.1986371,79.8541758,B-Other,B
1684345227,7.2921442,81.6783446,B-Other,B
1684401505,7.2947941,81.6771215,B-Other,B
1685776786,7.2948816,81.6770865,B-Other,B
1684401588,7.3034812,81.6772437,B-Other,B
1684401664,7.2976233,81.6763929,B-Other,B
1685790901,7.2997124,81.683083,B-Other,B
1691633689,7.2990881,81.6880565,B-Other,B
1685409160,7.2401169,81.7127949,B-Other,B
1877272293,7.2173818,81.7464772,B-B,B
1685488289,7.2279765,81.6731117,B-Other,B
1881982405,8.5322867,80.6764403,B-B,B
1685776727,7.2942675,81.6818457,B-Other,B
1685776804,7.2975497,81.6834228,B-Other,B
1685776752,7.2920902,81.6818092,B-Other,B
1685790906,7.2971525,81.6858122,B-Other,B
1685790735,7.3035637,81.6830452,B-Other,B
3350317922,7.3035908,81.6772947,B-Other,B
1685790789,7.3008796,81.6863712,B-Other,B
1685790747,7.3005471,81.6863513,B-Other,B
1691828079,6.7908289,79.9540001,B-Other,B
2151603690,6.7080122,80.4355282,B-B,B
1697436973,6.8585956,80.0917454,B-Other,B
1697582696,6.8357253,80.1277089,B-B,B
1697582615,6.8280556,80.1369081,B-Other,B
8626564846,6.8421292,80.0917888,B-Other,B
8626564856,6.8428674,80.0917469,B-Other,B
4891890159,6.6483633,80.7018776,B-Other,B
2384952875,6.7193108,80.7858525,B-Other,B
1720491131,6.4182662,81.3250696,B-Other,B
9635214349,6.4183405,81.3248613,B-Other,B
1721577214,6.759524,81.2473918,B-B,B
3674900993,6.2596472,81.2165693,B-Other,B
1721577072,6.7536567,81.3055422,B-B,B
9790518649,6.6109631,81.2699594,B-B,B
1723290053,6.3491158,80.9057243,B-B,B
2090006193,6.3894981,80.962827,B-Other,B
3147058589,6.3341807,80.8542784,B-Other,B
3145257092,6.4110943,80.7966068,B-Other,B
1723290267,6.4134759,80.9627986,B-B,B
2113181192,6.4385538,80.8884978,B-Other,B
4032560667,7.2580818,80.5994593,B-Other,B
1877266311,7.2180458,81.8495918,B-B,B
1725074556,6.251574,80.7644265,B-Other,B
2152922062,6.3291515,80.7584063,B-Other,B
1725074566,6.2516671,80.783792,B-Other,B
1725074569,6.2520889,80.7838449,B-Other,B
3784921861,6.2517033,80.7839156,B-B,B
3633739448,6.2514973,80.7645237,B-Other,B
3640131695,6.2817984,80.8205943,B-Other,B
1725074683,6.3324144,80.8550145,B-Other,B
1727359184,7.465841,80.6228473,B-Other,B
4913540652,7.9926705,79.8972975,B-Other,B
6509645611,7.776152,79.9487155,B-Other,B
1731568862,7.7767824,79.9490467,B-Other,B
6509645609,7.7764845,79.9491711,B-B,B
4807150341,7.8773768,80.0108018,B-Other,B
3227989004,8.7513708,79.9506513,B-B,B
1732626427,8.9362758,79.9236234,B-Other,B
6250326162,8.8373085,79.9684685,B-Other,B
7168896405,6.8251389,79.883584,B-B,B
7241425511,6.8537984,79.8849538,B-Other,B
1737436593,6.853857,79.8853249,B-Other,B
6260384156,6.8565906,79.8903481,B-Other,B
7205862641,6.8538194,79.885105,B-Other,B
1737485326,6.8411544,79.9022456,B-Other,B
6519129898,6.8444719,79.9257745,B-B,B
3902482152,6.8410624,79.9020038,B-Other,B
6260384155,6.8565867,79.8903818,B-Other,B
6260384150,6.856817,79.8906771,B-Other,B
13723181260,6.3812301,81.3148523,B-Other,B
1744563108,5.9432058,80.5496078,B-Other,B
6673012482,5.928,80.5893579,B-Other,B
1812177148,5.9639525,80.6017697,B-Other,B
1748892859,6.143304,80.8120276,B-Other,B
3751644936,6.1432924,80.8122102,B-Other,B
2605755428,6.1440917,80.8000734,B-Other,B
1748962227,6.1476009,80.7635147,B-Other,B
7183361982,6.147556,80.7636315,B-Other,B
1748962243,6.1476799,80.7634456,B-Other,B
1748992310,6.0510798,80.7340169,B-B,B
3261661183,6.0374115,80.7790532,B-B,B
13728195887,6.0729402,80.7341048,B-B,B
3771334945,6.0482855,80.7335126,B-Other,B
5233976058,6.530863,80.3965326,B-Other,B
2076672978,6.3190484,80.1603079,B-B,B
1789586195,6.2294264,80.2572788,B-Other,B
1792701998,6.312202,80.2126314,B-Other,B
3211931764,6.2980987,80.1733168,B-B,B
2076672992,6.3396618,80.2230815,B-B,B
1792754399,6.0632824,80.7129994,B-Other,B
3234692631,6.0731091,80.70359,B-Other,B
3771334938,6.0482519,80.7334559,B-Other,B
1792755975,6.0800822,80.6567905,B-Other,B
1792760335,6.0830841,80.6469406,B-Other,B
2607352523,6.0783717,80.6631968,B-Other,B
6548218220,6.0835111,80.6457162,B-Other,B
1792790811,7.3235455,81.8021259,B-B,B
1877453757,7.2586255,81.7492845,B-B,B
1877424685,7.3618786,81.8035467,B-Other,B
9754473426,7.3797405,81.7331537,B-B,B
12109482772,6.6640573,79.9308303,B-Other,B
2079537908,6.7276491,80.1873238,B-B,B
1796923216,6.7163961,80.1914861,B-B,B
3484165078,6.6387076,80.3120345,B-B,B
1797964284,6.9713302,80.2655964,B-Other,B
3104873585,6.9272308,80.3385866,B-Other,B
1809637722,7.3248944,80.625651,B-Other,B
3211942093,7.3571346,80.5660206,B-B,B
2418603892,6.8728151,81.3509138,B-Other,B
2081198513,5.9641939,80.6023734,B-Other,B
1813587152,5.9760372,80.6574596,B-Other,B
1813627370,5.9991298,80.648278,B-Other,B
13380401234,6.0026973,80.6717974,B-Other,B
1814571515,6.194545,81.1282894,B-Other,B
3169248398,6.1595035,81.1273285,B-Other,B
1814571587,6.2303082,81.1299693,B-Other,B
1818583243,6.1625572,80.9044459,B-Other,B
3699457167,6.1668751,80.8977532,B-Other,B
3634944563,6.1131365,80.9314087,B-Other,B
1818609858,5.9698429,80.6921518,B-Other,B
4408220354,5.9767707,80.6985108,B-Other,B
7087395001,5.9647461,80.6917305,B-Other,B
1821073186,6.9066209,80.9095191,B-B,B
2408053510,6.9278598,80.8950008,B-B,B
1828212116,6.6483632,80.701928,B-Other,B
1828212200,6.6316764,80.7239662,B-B,B
2407176375,6.6072079,80.796264,B-B,B
1994857493,6.5795897,80.7074523,B-B,B
1828217366,6.6521259,80.6978015,B-Other,B
1831898405,7.1488121,80.4648798,B-Other,B
4006801962,7.1831427,80.4545843,B-B,B
9882336681,7.1738895,80.4998611,B-B,B
2686590800,7.0526159,80.5902541,B-B,B
4430564637,7.0776444,80.6446942,B-B,B
1834958043,7.034359,80.6562733,B-B,B
1834981446,7.0599025,80.6825715,B-B,B
2608992327,6.938136,80.6616996,B-Other,B
1834981067,7.0652062,80.6793108,B-B,B
1834981401,7.0650467,80.6800925,B-B,B
3254668917,7.0606294,80.6839722,B-B,B
3410071521,7.4097635,80.605461,B-B,B
1836349723,7.3812374,80.5866735,B-B,B
5239599858,7.381288,80.5864763,B-Other,B
1836349953,7.3786734,80.5866669,B-B,B
1837354773,7.2917412,80.6351004,B-Other,B
3033904482,7.2927659,80.6350294,B-Other,B
2382152088,7.2941529,80.6495257,B-Other,B
13444644367,7.3079331,80.6376326,B-Other,B
3628051370,7.3801508,80.0367469,B-B,B
1978072063,7.484922,79.9680215,B-B,B
1855296116,7.2951766,80.5707689,B-Other,B
1855349523,7.2553222,80.5813862,B-B,B
7183582772,7.2281238,80.5749764,B-Other,B
3758716316,7.2544947,80.5767214,B-B,B
1855349632,7.2283393,80.5748248,B-B,B
7183582771,7.2280056,80.5747848,B-Other,B
1856812890,7.2926912,80.2408592,B-Other,B
1862498818,6.9091102,80.0839128,B-Other,B
1874159728,6.7567438,81.804707,B-B,B
4067142475,6.8780414,81.829023,B-Other,B
3271092569,7.218164,81.8496085,B-Other,B
1888945264,7.2220321,81.8389277,B-B,B
1877266360,7.2230743,81.8218469,B-B,B
3998773392,7.2242825,81.8279233,B-B,B
3078464586,7.2172869,81.8128507,B-B,B
12761661743,7.3620085,81.8035555,B-Other,B
1877453566,7.2606347,81.7255524,B-Other,B
1877453832,7.2521307,81.7093152,B-Other,B
3315891502,7.2768227,81.7755522,B-Other,B
1879056278,7.4125858,81.7769211,B-B,B
1879094855,7.5108436,81.7324795,B-B,B
3268426144,7.39606,81.7474229,B-B,B
1879056339,7.4150479,81.8236151,B-B,B
1879056423,7.4144673,81.8249517,B-B,B
3320202230,7.4132139,81.826816,B-Other,B
1883604788,7.5190078,81.7664047,B-Other,B
1883604574,7.548736,81.7378986,B-Other,B
1880354744,7.514489,81.7823215,B-Other,B
4527825395,7.5146193,81.7821767,B-Other,B
1881982723,8.5257173,80.6803842,B-Other,B
1881982729,8.6470018,80.675995,B-B,B
6537959751,8.8095469,80.7991027,B-B,B
5156577886,8.6409033,80.6698733,B-Other,B
1882011362,8.7530484,81.1493272,B-B,B
1882011622,8.8805073,81.0382926,B-Other,B
13942360677,8.8907832,81.0147916,B-Other,B
4527627326,7.5693414,81.7343837,B-Other,B
1886444803,8.8311296,80.7729316,B-Other,B
6052926625,8.8308248,80.7729554,B-Other,B
6538031538,9.0909599,80.897854,B-Other,B
1886444856,8.8305863,80.7731529,B-Other,B
6052926619,8.8307384,80.7729108,B-Other,B
6537959752,8.809912,80.7989515,B-B,B
1886444971,8.8099875,80.7993565,B-B,B
13942360684,8.8915624,81.013515,B-B,B
1886606126,7.248366,80.1303313,B-Other,B
1887817267,7.5936984,79.9078668,B-B,B
1887817351,7.556419,79.9002277,B-Other,B
1976198848,7.5986139,79.9619463,B-B,B
3655100675,7.576624,79.7960176,B-Other,B
1887817275,7.4958383,79.8421882,B-B,B
1889362449,7.5333393,79.8772463,B-B,B
3180046129,7.4936124,79.9058712,B-Other,B
2565428366,7.9267288,81.5297993,B-B,B
1896097830,7.7774485,80.8184998,B-Other,B
2051261091,7.6070413,80.8233982,B-Other,B
1896204980,7.6059335,80.8228647,B-Other,B
1909593733,7.1977853,80.6698722,B-B,B
2078334820,7.1458628,80.7840203,B-B,B
1912538608,6.9235871,79.9129958,B-Other,B
2091855950,6.9326252,79.8936947,B-Other,B
5158364156,6.923333,79.9132132,B-Other,B
1912538674,6.9226119,79.9136601,B-Other,B
3301611018,6.9227175,79.9134996,B-Other,B
1912538681,6.9235481,79.9136459,B-Other,B
2760582908,6.9356771,79.9162223,B-Other,B
3301611023,6.9231097,79.9134713,B-Other,B
1912538707,6.9228557,79.9134018,B-Other,B
2083191756,6.9230096,79.9133509,B-Other,B
2150213472,6.03509,80.2170991,B-Other,B
1931937742,6.1556265,80.6978951,B-B,B
1932028416,6.1554969,80.6995303,B-B,B
1932028753,6.1463312,80.6990174,B-B,B
2152975776,6.1583451,80.6981462,B-B,B
1931937816,6.1583251,80.7056562,B-B,B
7183404785,6.1477643,80.7632027,B-Other,B
3142698207,6.2605691,80.7445572,B-B,B
2157074329,6.0592094,80.648484,B-Other,B
1932028020,6.0407505,80.6201661,B-Other,B
1932027779,6.1205597,80.6803804,B-Other,B
1932027824,6.1074063,80.6488912,B-B,B
1932028801,6.0852254,80.6461866,B-Other,B
2152922533,6.1364879,80.6162301,B-Other,B
1932028204,6.1073663,80.7158421,B-Other,B
3234257841,6.0953985,80.7289689,B-Other,B
6542819606,6.083827,80.6450463,B-Other,B
1933502385,6.0831687,80.6443899,B-B,B
6548218206,6.083137,80.6444405,B-B,B
5456686498,6.0884263,80.6260535,B-Other,B
6542819612,6.0838115,80.6449437,B-Other,B
1933520777,6.0780935,80.5925382,B-Other,B
2165127439,6.0800929,80.5817272,B-Other,B
1945674941,6.998224,81.2850838,B-Other,B
2055594017,7.030723,81.2776928,B-Other,B
3210169158,6.4604567,80.105379,B-Other,B
1969450599,6.5185714,80.0729962,B-Other,B
6294540738,6.5228528,80.1139108,B-Other,B
2280604896,6.5189478,80.0714481,B-B,B
2081238502,8.9247556,80.0368079,B-Other,B
1974694415,7.330318,80.9925695,B-Other,B
1974698402,7.3337467,80.9934554,B-Other,B
4919739452,7.3268281,80.9907464,B-Other,B
1974694423,7.3368236,80.9908142,B-Other,B
1974698405,7.3371776,80.9925817,B-B,B
1974698435,7.3365614,80.9900964,B-Other,B
1974694431,7.3386209,80.992575,B-Other,B
4814119764,7.3397403,80.9928278,B-Other,B
1974698349,7.3230942,80.9915896,B-B,B
4918978047,7.3252677,80.9905198,B-B,B
1974698431,7.3206477,80.9953457,B-Other,B
1974698415,7.3227748,80.9912925,B-Other,B
1974698365,7.3353748,80.9927767,B-Other,B
1974698374,7.3200302,80.9921232,B-Other,B
3822724026,7.3221563,80.9913957,B-Other,B
10086214431,7.319536,80.99039,B-Other,B
1974698404,7.3361278,80.9888735,B-Other,B
4809569429,7.3225665,80.9906677,B-Other,B
4900167756,7.321004,80.9966734,B-Other,B
1974713604,7.4233616,81.058983,B-B,B
5578290006,7.4235106,81.0589618,B-B,B
5578290005,7.4235234,81.0587674,B-Other,B
1974713646,7.4693392,81.0152176,B-Other,B
1974713677,7.3201933,81.0103899,B-Other,B
2055570486,7.2834551,81.0431298,B-B,B
1974719542,7.5415418,81.0343881,B-Other,B
1974719581,7.5107584,81.0182161,B-Other,B
2018086754,7.5076282,81.0033777,B-Other,B
1974724222,7.6712335,81.041338,B-Other,B
3664816336,7.7676371,81.1782769,B-B,B
1975353905,6.2074307,80.6670704,B-Other,B
3827971307,6.2646026,80.6912951,B-B,B
1976165109,7.6055247,80.0786507,B-B,B
1976172945,7.5477119,80.0582622,B-Other,B
3064719459,7.6059177,80.1010504,B-Other,B
7704618060,7.4780415,80.0452957,B-Other,B
1976198828,7.4700892,80.0439472,B-B,B
7704618073,7.4701721,80.0439589,B-B,B
1976198830,7.4693312,80.0308755,B-B,B
7704629712,7.4694048,80.0308633,B-B,B
7704629738,7.4698712,80.0265098,B-B,B
1976198850,7.47243,80.0230676,B-Other,B
7704629744,7.4700033,80.0264479,B-B,B
1976198852,7.4699456,80.0264078,B-B,B
6547922829,7.4306827,80.2143679,B-Other,B
10083504521,7.1798275,81.1706399,B-Other,B
1979513513,7.2224369,81.5611938,B-Other,B
3801712230,7.2759362,81.5329469,B-Other,B
2910209739,7.5207039,80.6770946,B-B,B
1981311694,7.1608662,80.5595102,B-B,B
9462668423,7.0824291,80.520501,B-B,B
4142435846,7.1597219,80.5648825,B-Other,B
3699457165,6.1668553,80.8976134,B-B,B
1994703248,6.5395442,80.3645112,B-B,B
5233976061,6.5310607,80.3964165,B-Other,B
3371892591,6.581854,80.8005487,B-Other,B
2015265429,7.1900766,80.3015173,B-B,B
13811685898,7.2349788,80.3099769,B-Other,B
3453321762,7.185006,80.3202322,B-B,B
2036185335,6.3432222,80.7716206,B-B,B
2017427174,6.3018461,80.6353407,B-Other,B
3633693455,6.2917778,80.6378858,B-Other,B
2017536532,6.0799414,80.5746256,B-B,B
2078784989,6.081875,80.5665331,B-B,B
2017536573,6.0957059,80.5829784,B-Other,B
2018057285,7.5200751,80.9294018,B-B,B
5030096474,7.5198673,80.9301519,B-Other,B
2055561737,7.5196661,80.9298948,B-Other,B
2055561684,7.5340593,80.9134755,B-B,B
2520673118,7.5225964,80.9759086,B-Other,B
2019950765,7.2132356,80.7547464,B-Other,B
4781584814,7.2131681,80.7548632,B-Other,B
3201052237,7.2404795,80.7219064,B-Other,B
2019986609,7.217446,80.7852661,B-B,B
4781602735,7.2132491,80.7549956,B-Other,B
4877035512,7.144528,80.8559157,B-B,B
2023111966,7.1647579,80.5710359,B-Other,B
3226286143,7.1995875,80.5475669,B-B,B
2024849379,7.6758948,80.4250113,B-B,B
4445128968,7.65676,80.369757,B-Other,B
5051771525,7.7827284,80.3980438,B-Other,B
5225962162,7.656449,80.3696873,B-Other,B
3615147754,6.7775244,81.0438341,B-B,B
5549855445,7.028221,79.921937,B-Other,B
3345099186,7.0019381,79.9488572,B-Other,B
2031636377,7.2100405,81.0136706,B-B,B
3770695580,7.2209174,81.0282147,B-Other,B
3773265561,7.1944476,81.0221682,B-Other,B
2035832241,6.9732487,80.7719141,B-B,B
13650405023,6.973238,80.7720466,B-B,B
2035855681,7.0200372,80.8541584,B-B,B
2035878922,7.0953058,80.8622369,B-Other,B
2408054159,6.987488,80.8814966,B-B,B
4877071672,7.1302965,80.8429108,B-B,B
2043454739,6.9941259,81.0126176,B-Other,B
2407536122,7.017809,81.0058978,B-Other,B
2043478205,7.1771582,81.1677861,B-Other,B
10083504605,7.1795636,81.1700446,B-Other,B
11854288259,7.2625678,81.0806518,B-B,B
2052447115,9.6507059,80.0224116,B-B,B
3897543544,7.5931862,80.8406128,B-Other,B
3548926831,7.2225199,81.0315599,B-B,B
4509879174,7.2836472,81.0439008,B-Other,B
2055594048,7.0854201,81.2592558,B-Other,B
10088292097,7.1307404,81.2351998,B-Other,B
2055607563,7.1775882,81.2904331,B-Other,B
3454145592,7.1594771,81.2505169,B-Other,B
3521595120,6.8409357,79.9014731,B-Other,B
2068144145,6.8468599,79.9264478,B-Other,B
9577055311,6.8469564,79.9264611,B-Other,B
6519129899,6.8445557,79.9258883,B-B,B
2088167963,6.4558322,80.1016367,B-B,B
2185127828,6.3929924,80.2194484,B-B,B
2382152014,7.2941734,80.6498348,B-Other,B
3201082769,7.208937,80.7549351,B-Other,B
4815668922,7.0927822,80.7973159,B-Other,B
2078753314,6.1487851,80.6074787,B-Other,B
2078753333,6.1531095,80.6038309,B-Other,B
2078753477,6.1607404,80.5847568,B-Other,B
2078753463,6.1601589,80.5843009,B-B,B
2078753475,6.1607246,80.5842774,B-B,B
3368441146,6.2010095,80.5921036,B-Other,B
2078754584,6.2456371,80.6085965,B-Other,B
2078754703,6.260663,80.603455,B-B,B
2078755191,6.28339,80.6376464,B-B,B
2078754919,6.2659923,80.6459153,B-Other,B
3827971313,6.2648764,80.6912454,B-Other,B
3633693454,6.2911079,80.6378734,B-Other,B
2165130846,6.0801469,80.5661921,B-B,B
2078949437,7.7204273,81.7010395,B-Other,B
6495360827,7.7206517,81.7010017,B-Other,B
2078968896,7.7228077,81.7005933,B-Other,B
2081300475,7.1055884,80.5639988,B-Other,B
2590173342,7.0943472,80.5645547,B-B,B
3350317932,7.3035779,81.6771355,B-Other,B
2083191782,6.9230468,79.9134687,B-Other,B
2083191728,6.9228817,79.9135334,B-Other,B
3517629552,6.9615404,79.995748,B-Other,B
3425048799,6.4297028,79.9999083,B-Other,B
2091781232,6.8475015,79.9269037,B-B,B
6006772893,6.8453641,79.9298976,B-Other,B
3705965291,6.9328166,79.89355,B-B,B
3069813661,7.5644413,80.5005347,B-B,B
3522149870,7.7599192,80.5709532,B-Other,B
2093609890,7.9982483,80.1767551,B-Other,B
5750995617,8.0129361,80.1062031,B-Other,B
2093610059,8.0011519,80.1039553,B-B,B
4807150340,7.8779827,80.0110007,B-Other,B
3163956073,7.867306,80.4120884,B-B,B
3336196292,8.0772711,80.3658932,B-B,B
2723880187,8.0438922,80.4472347,B-B,B
2093611084,8.0723208,80.5286991,B-Other,B
3518433775,8.1059857,80.4963226,B-Other,B
5229420028,8.0692347,80.5362425,B-Other,B
2093611607,8.1439744,80.3122426,B-Other,B
2840975729,8.1610039,80.3003938,B-Other,B
2093611941,8.1901312,80.2582753,B-B,B
2094553959,8.1816432,80.2687025,B-Other,B
4884114552,8.0899372,80.6378614,B-Other,B
2840975746,8.1614835,80.2997575,B-Other,B
2117500121,6.930288,79.8783061,B-Other,B
3150410545,6.9303518,79.8781059,B-Other,B
6537339897,6.9945898,79.8740585,B-B,B
3210162496,6.4052182,80.2161795,B-Other,B
2150213460,6.0349342,80.217124,B-Other,B
5258083989,6.377411,80.3610703,B-Other,B
5258083985,6.3773442,80.3610848,B-Other,B
2607351567,6.0540461,80.6583759,B-Other,B
2157080312,6.0026956,80.6723217,B-Other,B
13380401257,6.0025752,80.6721094,B-Other,B
2164965800,6.1003888,80.4757731,B-Other,B
2164965848,6.1014721,80.4753242,B-B,B
2165105694,6.0532058,80.563017,B-Other,B
4987786794,6.0735568,80.5624033,B-Other,B
2166737050,6.0975027,80.4837665,B-Other,B
4987786790,6.0738434,80.562276,B-Other,B
2176866777,6.3462627,80.5595553,B-Other,B
5258083976,6.3773862,80.3609695,B-Other,B
2199336301,7.2973661,79.8827875,B-Other,B
3432403050,7.2974104,79.8821775,B-Other,B
4082665365,8.0415771,80.9532153,B-Other,B
2295729728,7.7144771,81.6938898,B-Other,B
9427842410,7.7142885,81.6974599,B-Other,B
2295729729,7.7144787,81.6937871,B-Other,B
9427992821,7.7087175,81.6885636,B-Other,B
2304485572,7.8833265,81.1392024,B-Other,B
2315595592,7.2587739,80.5995688,B-Other,B
4032560683,7.2585818,80.5995878,B-Other,B
3088821708,7.2656397,80.5966065,B-Other,B
3229498069,7.2160172,80.4545752,B-B,B
10578430168,7.254221,80.4465011,B-B,B
2342916289,7.3252246,80.6263037,B-Other,B
2362937081,7.3299956,80.3880612,B-B,B
3448831164,7.3499398,80.3961294,B-B,B
5320624392,7.324883,80.3881942,B-Other,B
3448830936,7.4132076,80.3718407,B-B,B
3264925415,6.4186227,81.3247873,B-Other,B
2382076814,7.2809365,80.6664348,B-Other,B
2382076781,7.2812856,80.6663366,B-Other,B
8605932095,7.2942839,80.6498741,B-Other,B
2404060916,6.1541753,81.0680904,B-Other,B
3377606382,6.1456883,81.0730141,B-Other,B
3371893296,6.5820504,80.8007667,B-Other,B
3773786519,7.1524748,81.0043794,B-Other,B
4071257592,6.8728669,81.3506888,B-Other,B
4071257595,6.8727853,81.3506739,B-Other,B
2499287719,6.968034,79.9012363,B-Other,B
5216483988,6.9717957,79.8861769,B-Other,B
4375137197,7.0824156,79.8682994,B-B,B
2507107516,7.0825097,79.8686786,B-Other,B
2521164368,6.8106087,80.9562916,B-B,B
2639779556,6.8115581,80.9492267,B-B,B
2521206649,6.8069973,80.9572386,B-B,B
2521206584,6.8068964,80.9572678,B-B,B
2521206592,6.8068475,80.9569914,B-Other,B
2521801458,6.8036046,80.9604893,B-Other,B
2646312393,6.7893405,80.9700181,B-Other,B
2544603913,6.1526371,81.1272844,B-Other,B
3169248401,6.1482494,81.1271968,B-Other,B
3570836892,6.8016473,79.9224516,B-Other,B
3570836878,6.8017394,79.9227306,B-B,B
2568176821,5.9762194,80.5180322,B-Other,B
2584550963,7.2483388,80.3439803,B-Other,B
3219914010,7.2483453,80.3437468,B-Other,B
4929241877,7.2480568,80.3507772,B-Other,B
2589231774,7.4666629,80.063633,B-Other,B
4086635248,7.4702315,80.0465103,B-Other,B
2605754891,6.0877468,80.7841249,B-Other,B
3669997743,6.0329548,80.79636,B-Other,B
2726000363,6.1193267,80.7749437,B-Other,B
7183361978,6.1475399,80.7637006,B-Other,B
2605760439,6.0700043,80.6297226,B-Other,B
6542819619,6.0822737,80.6437414,B-Other,B
2619372954,6.8758242,79.8998408,B-Other,B
3702142135,6.8756046,79.8924584,B-Other,B
11994641693,6.8761512,79.9003853,B-Other,B
2626866857,7.7229606,81.700563,B-Other,B
8864816867,7.7329559,81.6986598,B-Other,B
2639779657,6.8107071,80.9447576,B-B,B
10112981124,6.8044146,80.9229004,B-Other,B
2661656508,6.2277636,80.8252513,B-B,B
3635049258,6.1959707,80.8001536,B-B,B
3640129666,6.2387371,80.8165514,B-B,B
3634797493,6.1705132,80.8912088,B-Other,B
6592863153,6.9252933,80.5043139,B-B,B
2686377371,7.05475,80.53347,B-B,B
2686377386,7.054854,80.5343313,B-B,B
2686377394,7.0549929,80.5344328,B-B,B
2686509758,7.0547173,80.5344961,B-Other,B
3215395992,7.0591901,80.537973,B-Other,B
4108749709,6.9291457,80.6075863,B-Other,B
6509381793,7.2246115,80.0192642,B-Other,B
2703675512,7.2245771,80.0193623,B-Other,B
2712362974,6.8773198,79.9897683,B-B,B
3145713375,6.8908145,79.9646749,B-Other,B
3217294322,6.9357218,79.9842475,B-Other,B
3867253810,8.0442441,80.4453139,B-Other,B
7183361980,6.1473763,80.7635265,B-Other,B
6545683449,6.9475558,80.0940941,B-B,B
2760582905,6.9360784,79.9158331,B-B,B
2760582895,6.9359964,79.9160561,B-B,B
2831587640,8.3347072,80.3930053,B-Other,B
4099698761,8.3349,80.3932506,B-Other,B
2831970104,8.2014166,81.0848347,B-B,B
4082665380,8.0416824,80.9532866,B-B,B
4137371244,8.3556585,80.4165193,B-Other,B
2835617084,8.3592968,80.3724451,B-Other,B
2835617095,8.3594081,80.3723551,B-Other,B
2842935028,7.619363,80.246145,B-Other,B
2902101200,7.6196692,80.2461315,B-Other,B
2902111505,7.1349182,81.04699,B-B,B
3760127505,7.1456478,81.0547373,B-B,B
3775399923,7.0213461,81.0539841,B-Other,B
2902943461,7.0924101,79.9951382,B-Other,B
5315988824,7.0916615,79.9948169,B-Other,B
2904638859,6.2936308,80.1636125,B-B,B
2906794382,6.2893146,80.1608908,B-B,B
2904638879,6.2929903,80.1638751,B-B,B
2906800106,6.2904028,80.162496,B-B,B
3937646623,7.5470787,80.8153833,B-Other,B
5559025440,7.0044502,79.9541724,B-Other,B
2974015141,6.891835,79.9289073,B-Other,B
2974015147,6.8914361,79.9289201,B-B,B
3731371610,6.8913522,79.9289264,B-B,B
6518088285,6.8916156,79.9292399,B-Other,B
6518084183,6.8913971,79.9288549,B-B,B
2974015176,6.8916076,79.9296342,B-Other,B
5276999759,6.8932639,79.9353047,B-Other,B
2984031967,6.8766549,79.9283925,B-Other,B
3256397109,6.0220121,80.7974549,B-B,B
4004620073,7.2930238,80.6350009,B-Other,B
3064234204,7.3705741,80.5274744,B-Other,B
3586058703,7.3725189,80.5246424,B-Other,B
3064719434,7.5475467,80.1256949,B-Other,B
6511426679,7.6058429,80.1247821,B-B,B
3074557148,7.2767725,80.5966292,B-Other,B
5120237611,7.2753724,80.5997452,B-Other,B
3081634085,6.0299187,80.2422759,B-Other,B
3081634092,6.0299653,80.2421845,B-Other,B
13698912447,6.0375949,80.2499823,B-Other,B
3088508756,7.3214688,80.6245862,B-Other,B
3090460072,6.1112089,80.1248774,B-Other,B
3090460089,6.1113936,80.1250073,B-Other,B
3090460077,6.1111467,80.1250619,B-Other,B
6292190465,6.8409816,79.9650977,B-Other,B
3120332567,7.0789019,80.1444358,B-Other,B
3883403630,7.0786596,80.1444533,B-Other,B
3141868639,6.9033209,79.9114998,B-Other,B
3141868650,6.90328,79.9115728,B-Other,B
3861760657,6.9021378,79.9191077,B-Other,B
3633739445,6.2514489,80.7643349,B-Other,B
3827971310,6.2647034,80.6914168,B-B,B
10132667228,6.4348464,81.1303523,B-Other,B
635914018,6.930389,79.8779906,B-Other,B
3152507940,6.9108431,79.8899811,B-Other,B
10219043297,6.9107908,79.8883694,B-Other,B
3161365280,7.2480067,80.34288,B-Other,B
3219885917,7.2511712,80.3353881,B-Other,B
3663534823,7.8421918,80.3970493,B-Other,B
3163960436,7.8420078,80.397048,B-Other,B
5051771529,7.782849,80.3980169,B-Other,B
4228041368,6.9084058,79.9293512,B-Other,B
3167637635,7.2398851,80.1254582,B-Other,B
3167996118,7.4844146,80.3548229,B-B,B
3167996141,7.4844669,80.3547631,B-B,B
3167996140,7.4843563,80.3547718,B-B,B
6548196299,7.4841042,80.3544599,B-B,B
6548196295,7.4847051,80.3550588,B-Other,B
3167996142,7.4844125,80.3547077,B-B,B
3377554135,6.1547947,81.1273358,B-Other,B
3189672680,7.3231719,80.3895178,B-Other,B
3197040791,7.2245337,80.0192282,B-Other,B
3197040794,7.22448,80.0193101,B-Other,B
3201082623,7.2127432,80.754853,B-Other,B
4781591828,7.2130191,80.7548011,B-Other,B
3203254224,7.1958193,80.1109419,B-Other,B
3215623441,6.9253405,80.4855502,B-B,B
3216973602,7.0289555,80.2952408,B-Other,B
3514826055,7.0418804,80.3130372,B-B,B
3219914009,7.2484613,80.3438162,B-Other,B
3220669258,6.5818745,80.8011723,B-B,B
3226224942,7.2511808,80.4503119,B-Other,B
5677985213,7.2512379,80.4502357,B-Other,B
6017749566,7.2887223,80.4957821,B-B,B
3756752965,7.2012054,80.5633154,B-Other,B
13624920350,7.2687352,80.5926569,B-Other,B
4140985775,8.0304484,79.8284626,B-Other,B
3237492302,7.2657575,80.5521283,B-Other,B
3592213984,6.0320314,80.7885738,B-Other,B
3261715730,6.2524979,80.7877188,B-Other,B
3640127941,6.2447634,80.8107906,B-Other,B
3261809905,6.289465,81.0852264,B-Other,B
6632178172,6.2889091,81.0855778,B-Other,B
3264925411,6.4185159,81.3245516,B-B,B
9635214351,6.4184777,81.3247322,B-Other,B
3264925436,6.4184811,81.3248416,B-Other,B
3264925420,6.4184872,81.324748,B-Other,B
3264925425,6.4184129,81.3248838,B-Other,B
3264925428,6.4183339,81.3248549,B-Other,B
3264925432,6.4183644,81.3247023,B-Other,B
3264925435,6.4183255,81.324734,B-Other,B
3649843433,7.3729425,81.671271,B-B,B
3269957961,6.0615526,80.2611748,B-Other,B
3302140235,7.2183671,81.849658,B-Other,B
3276158587,6.2776356,81.2861438,B-Other,B
3276158604,6.2776818,81.2860338,B-Other,B
3279674224,6.0287046,80.7946278,B-Other,B
6545241017,6.0286273,80.7947451,B-Other,B
3283385131,6.2845451,81.2666798,B-Other,B
10132102403,6.2558126,81.2273838,B-Other,B
3283385135,6.2846352,81.2666367,B-Other,B
3289453902,7.0925826,79.995284,B-Other,B
3289575296,6.9034696,79.9111347,B-Other,B
3301611007,6.9230838,79.9133093,B-Other,B
3301611010,6.9231642,79.9133872,B-Other,B
5158364149,6.9233641,79.9134949,B-Other,B
3301611011,6.9228174,79.9135717,B-Other,B
3301611021,6.9227154,79.9134813,B-Other,B
3302140257,7.2183384,81.8497021,B-Other,B
3315891506,7.2772462,81.7757554,B-Other,B
3320941671,6.8055813,79.9260545,B-Other,B
3320941694,6.8092286,79.9208621,B-Other,B
3498436506,6.8093679,79.920636,B-B,B
3320941715,6.8057376,79.9259745,B-Other,B
5344838927,6.8055261,79.9263036,B-B,B
3320941718,6.8054803,79.9263627,B-B,B
3498455027,6.805196,79.9267326,B-Other,B
5344838936,6.8053945,79.9263328,B-B,B
3320941892,6.8002257,79.93851,B-Other,B
3498458035,6.7976252,79.9405411,B-B,B
3336273931,8.0407598,80.5965709,B-Other,B
3518425516,8.0408481,80.5969499,B-Other,B
5519615353,8.0581774,80.5523759,B-B,B
5559025764,7.0019634,79.9489817,B-Other,B
4817240135,6.9079731,79.9293338,B-B,B
3354710540,6.9021551,79.9193597,B-B,B
3364860615,5.9492491,80.5437382,B-Other,B
3594319501,5.9488214,80.5470724,B-B,B
3366095891,5.9432145,80.5494955,B-Other,B
3377554171,6.1526365,81.1271658,B-Other,B
3377554125,6.1548332,81.1271556,B-Other,B
3396222638,6.1590975,81.1271998,B-Other,B
3377598520,6.1414392,81.0745342,B-Other,B
3669636229,6.1541242,81.0680346,B-Other,B
3377606367,6.1379361,81.076178,B-Other,B
6247562215,6.1311968,81.0789876,B-Other,B
3377606381,6.1351252,81.0772294,B-Other,B
3377795308,6.1945429,81.1282031,B-Other,B
3377919347,6.2301375,81.1299325,B-Other,B
3377799428,6.3368045,81.0433016,B-Other,B
3378015268,6.3404022,81.0415102,B-Other,B
3377799429,6.3368789,81.0433806,B-Other,B
3377803375,6.3300075,81.050807,B-Other,B
3377803385,6.3265116,81.0544365,B-Other,B
3377803376,6.3299602,81.0507614,B-Other,B
3377803384,6.3264222,81.0543753,B-Other,B
3726222386,6.3259684,81.0557667,B-Other,B
3377837110,6.2866016,81.0874775,B-Other,B
3377837114,6.2866721,81.0873908,B-Other,B
3377837112,6.2866525,81.0875299,B-Other,B
3377837113,6.2867395,81.0874387,B-Other,B
3726222385,6.3258764,81.0557225,B-Other,B
3721669276,6.3527302,81.0393478,B-Other,B
3378015269,6.3404484,81.041572,B-Other,B
3403175009,6.9557632,79.8885591,B-Other,B
4457419930,6.9499296,79.916941,B-Other,B
4152530093,6.9557395,79.8881385,B-Other,B
4152530101,6.9557957,79.8882537,B-Other,B
12335959161,5.9481206,80.5351451,B-Other,B
5229028214,7.4333288,80.5607851,B-B,B
3856554872,7.3513284,80.6825405,B-B,B
5216483996,6.971889,79.8862133,B-Other,B
3432403049,7.2975455,79.8821033,B-Other,B
3432403079,7.2975109,79.8822185,B-Other,B
3477921642,7.0046511,79.9542535,B-Other,B
3477921644,7.0048362,79.9542768,B-Other,B
6543091755,6.1066702,80.3351698,B-Other,B
3498436079,6.8088349,79.9206009,B-Other,B
3570836873,6.8021846,79.9223658,B-Other,B
3498436083,6.8093898,79.9205405,B-Other,B
7062446559,6.8094682,79.9205388,B-Other,B
3498436089,6.8091326,79.9206307,B-Other,B
3498446842,6.8051279,79.926238,B-Other,B
13437079224,6.8050885,79.9262098,B-Other,B
3498446844,6.8058102,79.9264515,B-Other,B
3498446858,6.8057944,79.9264097,B-Other,B
3498455046,6.8014868,79.9348122,B-Other,B
3498455031,6.8052202,79.9265793,B-Other,B
3498455036,6.8013414,79.9350824,B-B,B
5968356282,6.8012454,79.9352595,B-Other,B
5968393657,6.8012845,79.9350184,B-B,B
3498455040,6.801146,79.9348839,B-Other,B
5968326761,6.8013731,79.9350224,B-B,B
3498455050,6.8014403,79.9346984,B-Other,B
3498458036,6.7974894,79.9406012,B-B,B
3498479737,6.7956036,79.9408736,B-B,B
3498479747,6.7955643,79.9407432,B-B,B
3498479748,6.7954851,79.940825,B-B,B
3498479741,6.7957895,79.9406521,B-Other,B
5968372698,6.795679,79.9407828,B-B,B
3498479760,6.7953199,79.9407558,B-Other,B
3498479749,6.7953379,79.9410034,B-Other,B
3502161784,6.8950338,79.9243388,B-Other,B
3502161785,6.8948657,79.9245512,B-Other,B
3502162896,6.8951882,79.9240753,B-Other,B
3504273406,6.8528965,79.8940761,B-Other,B
6260384161,6.8562128,79.8906521,B-Other,B
3518425530,8.0407083,80.5970156,B-Other,B
3521419922,6.9414194,79.9861489,B-Other,B
3603503554,6.9391803,79.9732649,B-Other,B
5064507311,6.9415284,79.9871899,B-Other,B
5064507314,6.9416123,79.987187,B-Other,B
3521510211,6.8482525,79.8976944,B-B,B
5373596576,6.8483152,79.8976961,B-B,B
4860202575,6.8482747,79.8977809,B-B,B
3521592487,6.8410728,79.9017308,B-B,B
3902482154,6.8411502,79.9019697,B-Other,B
3521595117,6.8409881,79.9017758,B-B,B
3902482146,6.8409344,79.901678,B-B,B
3902482140,6.8408292,79.9018691,B-Other,B
3521595128,6.8410261,79.9016342,B-B,B
3902482859,6.8412592,79.9015284,B-Other,B
3522137034,7.9025924,80.5235159,B-Other,B
3522137035,7.902558,80.5235098,B-Other,B
3522179237,7.8102179,80.568685,B-Other,B
3548926813,7.2626543,81.0804522,B-B,B
5059861884,7.2168267,81.0609333,B-B,B
3549382890,7.1547158,80.0579832,B-Other,B
3721669277,6.3527606,81.0394201,B-Other,B
3570607534,6.3567362,81.0381126,B-Other,B
6250524007,6.3595723,81.0343245,B-Other,B
3570836884,6.8018398,79.9227394,B-B,B
3570836893,6.8017895,79.922685,B-B,B
3570836895,6.8017883,79.9227911,B-B,B
13437079225,6.8051206,79.9261636,B-Other,B
3570836887,6.8020012,79.9224872,B-Other,B
4897028998,6.9765694,80.7645145,B-B,B
3799781562,7.0909717,79.9995131,B-Other,B
3594038164,6.1170142,81.0825982,B-Other,B
12856077384,5.9516309,80.5460738,B-Other,B
3597945583,7.8421207,80.3969434,B-Other,B
3600553558,7.0029676,79.9564578,B-Other,B
3600553580,7.0025255,79.9601243,B-Other,B
6525442932,7.0025254,79.9601847,B-Other,B
4785723989,7.0109455,79.9665439,B-Other,B
3600567895,7.0044874,79.9633902,B-Other,B
3600582931,7.0024223,79.960184,B-Other,B
3600567908,7.0046096,79.9634914,B-Other,B
3600582963,7.0024237,79.9601238,B-Other,B
3600585997,7.0046781,79.9634061,B-Other,B
4785723992,7.0106877,79.9664091,B-Other,B
3600585998,7.0045508,79.9633046,B-Other,B
3606358347,7.0030791,79.9566221,B-Other,B
5369721906,7.3487984,80.6799835,B-B,B
6488496079,7.7123982,81.7100535,B-Other,B
4086665691,7.4688465,80.0264923,B-Other,B
8771443575,7.3286074,80.0244009,B-Other,B
4191945360,6.2912644,80.6378534,B-Other,B
4191945367,6.2914441,80.6379307,B-Other,B
6249854577,6.170053,80.8961964,B-Other,B
3699495002,6.1111,80.9318408,B-Other,B
6509645610,7.7762737,79.9492556,B-B,B
6247858279,6.1691428,81.0624742,B-Other,B
3669636248,6.1720197,81.0616361,B-Other,B
6247858276,6.1733191,81.0612557,B-Other,B
3669636249,6.1744054,81.0609421,B-Other,B
3669636250,6.1759853,81.0604817,B-Other,B
3669636253,6.1794143,81.0594789,B-Other,B
3669636256,6.184311,81.0580558,B-Other,B
3670240826,6.1979566,81.0511035,B-Other,B
6247997833,6.2013572,81.0496807,B-Other,B
3799780752,7.0912125,79.9993981,B-Other,B
3683997237,6.3808003,81.3147489,B-Other,B
3683997240,6.3807979,81.3149421,B-Other,B
3699456789,6.1698232,80.8963537,B-B,B
13714592717,6.1699083,80.8963894,B-B,B
3699457178,6.1669636,80.8975792,B-B,B
6249854582,6.1680718,80.8970014,B-B,B
3699495000,6.1110883,80.9317782,B-Other,B
3702142140,6.8755412,79.8921264,B-Other,B
3702142150,6.8754437,79.8922629,B-B,B
3702142128,6.8757541,79.8922913,B-Other,B
7795511709,6.2897332,81.085061,B-Other,B
3731372276,6.8913049,79.9288612,B-B,B
11141684447,6.8769037,79.9352486,B-Other,B
7043449110,6.891091,79.9284661,B-Other,B
3738834813,7.2729442,80.6041664,B-Other,B
3738834815,7.2726808,80.6038781,B-Other,B
3745318479,7.0816346,80.4689829,B-B,B
5153486356,7.1041671,80.3366364,B-B,B
3751644923,6.1431722,80.8122304,B-Other,B
3751644927,6.1432014,80.8123036,B-Other,B
3751644929,6.1432235,80.8121813,B-Other,B
5159312518,7.3218881,80.3920225,B-Other,B
3778393945,6.1474991,80.7633662,B-Other,B
7183361984,6.1474103,80.7632291,B-Other,B
3778393947,6.1475187,80.7634903,B-Other,B
7183361983,6.1474055,80.76351,B-Other,B
3778393954,6.1476211,80.763323,B-Other,B
3799780751,7.0911246,79.9993174,B-Other,B
5526678658,9.6846302,80.0077307,B-Other,B
10259347340,6.8769522,79.9268354,B-Other,B
3805786089,7.3080314,80.6374913,B-Other,B
6130189220,7.3080513,80.6374594,B-Other,B
3808444503,7.0048436,79.9541665,B-Other,B
3810927781,7.2766995,80.5966242,B-Other,B
3817590031,7.2503656,80.3680707,B-Other,B
4929241611,7.2505295,80.3680737,B-Other,B
4929241873,7.2482098,80.3510468,B-Other,B
4809569430,7.3219829,80.9907723,B-Other,B
3822724027,7.3216564,80.9895747,B-Other,B
3822728700,7.3222204,80.9895553,B-Other,B
6518088305,6.8763205,79.9353093,B-B,B
3861760731,6.9031994,79.9115238,B-Other,B
5523265726,6.9032296,79.9114498,B-Other,B
3883403623,7.0785521,80.1443137,B-Other,B
3883403617,7.0785029,80.1443933,B-Other,B
3883403620,7.0785127,80.1444351,B-Other,B
3883403628,7.0786221,80.144479,B-Other,B
3883403631,7.0786725,80.1443546,B-Other,B
3887468599,6.8768097,79.927949,B-Other,B
3896044935,6.9095682,79.8963686,B-Other,B
3898518037,8.5025178,81.1803265,B-Other,B
3898518038,8.5025407,81.1804804,B-Other,B
7702374761,8.5025483,81.1808257,B-Other,B
3902482137,6.8407383,79.9017918,B-Other,B
13236794134,6.8329768,79.9063894,B-Other,B
3902482142,6.8408494,79.901515,B-Other,B
9075842383,6.8470851,79.8987747,B-Other,B
3902482860,6.8413061,79.9016279,B-Other,B
3927772244,7.0730632,80.269224,B-Other,B
3960797188,6.0285318,80.7946801,B-Other,B
3999196805,7.2935903,80.6334596,B-Other,B
13613018164,7.2934925,80.6334385,B-Other,B
6509196204,7.3067825,80.6343916,B-Other,B
5968325062,6.8011768,79.9348172,B-Other,B
4796114651,7.2583839,80.5994001,B-Other,B
4032560674,7.2583806,80.5995913,B-Other,B
7704618048,7.470106,80.0440381,B-B,B
4087054262,7.1985559,79.8542363,B-Other,B
4096475956,7.2726236,80.6038364,B-Other,B
4096475975,7.2726922,80.6037355,B-Other,B
5120237612,7.275305,80.5997131,B-Other,B
4096475976,7.2727484,80.6037767,B-Other,B
4099698756,8.3344885,80.3928551,B-Other,B
6545320371,8.3345808,80.3929268,B-Other,B
13574349086,8.3387575,80.3952937,B-Other,B
6545320374,8.3346484,80.3931038,B-Other,B
4099888824,8.3446826,80.391769,B-Other,B
13587389094,8.3452182,80.3931745,B-Other,B
4137314875,9.5040114,80.2123456,B-Other,B
4137353401,8.3213036,80.38194,B-Other,B
4137378464,8.5541752,80.4858687,B-Other,B
1981159930,8.553811,80.4857977,B-Other,B
5156577884,8.6407611,80.6698054,B-Other,B
13686682344,8.0302595,79.8285548,B-Other,B
13686682345,8.0303483,79.8286574,B-Other,B
1785705927,7.1597732,80.5650321,B-Other,B
4142435852,7.1597084,80.5650222,B-Other,B
13763979653,8.0580022,80.5519829,B-Other,B
4177584099,7.2812723,80.6664844,B-Other,B
4191945359,6.2912576,80.6379726,B-Other,B
4191945364,6.2913926,80.6378284,B-Other,B
11722038127,7.1653822,79.883063,B-Other,B
4202427022,7.1538918,80.0618641,B-Other,B
4202427008,7.1537198,80.0615896,B-Other,B
5237467113,6.9082593,79.9293821,B-Other,B
4231244457,7.1013847,79.9103426,B-Other,B
6511426673,7.6058446,80.1251029,B-Other,B
4365280300,6.8304848,80.9887522,B-Other,B
5225962174,7.6567349,80.3695323,B-Other,B
4446651425,7.1680156,79.8831166,B-Other,B
4446651431,7.1679144,79.882953,B-B,B
4446651438,7.1676099,79.8829343,B-Other,B
8977212317,7.1675731,79.8829369,B-Other,B
5904560300,7.1678379,79.8828417,B-Other,B
5352135773,6.9500631,79.9172171,B-Other,B
4863310705,7.5694704,81.7342668,B-Other,B
11959575863,6.8753657,79.9008809,B-B,B
4724027713,6.7646532,80.0116909,B-Other,B
4996622455,6.7685211,80.0063131,B-Other,B
4838908981,6.8938181,79.9355679,B-Other,B
4781591822,7.2131676,80.7549023,B-Other,B
4781591824,7.2130208,80.7549628,B-Other,B
4781591830,7.213078,80.7547843,B-Other,B
4781591826,7.2130785,80.7549784,B-Other,B
7087827239,7.066595,80.0124815,B-Other,B
4796114654,7.2585995,80.5994329,B-Other,B
4807150331,7.8776952,80.0109988,B-Other,B
4807150335,7.8775856,80.0108757,B-Other,B
4815668572,7.0925812,80.7985635,B-Other,B
5239209328,6.9079971,79.9293874,B-B,B
6513598494,6.8938174,79.9352954,B-Other,B
9075842392,6.8482118,79.8977585,B-B,B
9075842367,6.8481634,79.897943,B-Other,B
4863310661,7.5694967,81.7343357,B-Other,B
6294540724,6.5228251,80.1142668,B-Other,B
4929241607,7.250532,80.3681157,B-Other,B
4929241872,7.2481885,80.3509824,B-Other,B
4929241931,7.2479872,80.3429624,B-Other,B
4955880071,6.829077,79.9655945,B-Other,B
7062428087,6.769943,80.0051059,B-Other,B
5003691358,6.6520699,80.1772544,B-Other,B
5488528980,6.9228193,79.9133885,B-Other,B
5037942619,6.8772254,79.8694873,B-Other,B
5051771522,7.7827179,80.3979414,B-Other,B
5225962163,7.6569624,80.3693543,B-Other,B
11854288255,7.2623106,81.0804624,B-Other,B
5064507312,6.9415531,79.9872682,B-Other,B
5064507313,6.9416389,79.9872681,B-Other,B
9406760943,7.7775024,80.8183894,B-Other,B
10065277044,7.3365241,80.9833087,B-Other,B
5122515798,6.9430587,79.9235748,B-Other,B
5157977021,6.89482,79.9245069,B-Other,B
5157977022,6.8949627,79.9242962,B-Other,B
6719733698,6.8950724,79.9241084,B-Other,B
2083191826,6.9231506,79.9133467,B-Other,B
5320624320,7.3219334,80.3918096,B-Other,B
5234940060,6.0323856,80.2171965,B-Other,B
1931362427,6.0349193,80.2170192,B-Other,B
6538031537,9.09129,80.898295,B-Other,B
5222832213,6.6505776,80.1776755,B-Other,B
5222832369,6.6496717,80.1779326,B-Other,B
5222832359,6.6494865,80.1779718,B-Other,B
5222832229,6.6462534,80.1794983,B-Other,B
5222832230,6.6452347,80.1798171,B-Other,B
5222832354,6.6495997,80.1778759,B-Other,B
5222832362,6.6495357,80.1780567,B-Other,B
5222832381,6.6511284,80.1775615,B-Other,B
5225962171,7.6566698,80.3694319,B-Other,B
5225962180,7.6568336,80.3694539,B-Other,B
5225962167,7.656754,80.3693666,B-Other,B
5225962166,7.6567798,80.3693718,B-Other,B
5225962170,7.6566817,80.3694037,B-Other,B
5225962178,7.6568135,80.3695047,B-Other,B
5231755680,8.0689283,80.5365479,B-Other,B
13763979671,8.0583961,80.5520096,B-Other,B
6509057831,6.5309386,80.3965186,B-Other,B
5233980319,6.5310882,80.3964438,B-B,B
5237375206,6.5311602,80.3965173,B-B,B
5234967326,6.0350591,80.2169837,B-Other,B
5237438509,6.5309316,80.3965437,B-Other,B
5237448594,6.9079198,79.9299131,B-Other,B
5239209325,6.9079957,79.9296798,B-Other,B
5245953969,7.4868006,80.3666194,B-Other,B
5252242482,6.8981291,80.5926614,B-Other,B
5276999751,6.9001951,79.9269436,B-Other,B
6513598493,6.8939211,79.9351764,B-Other,B
6513598565,6.8938003,79.9351582,B-Other,B
5276999774,6.8934723,79.9352896,B-Other,B
5277143310,6.8909506,79.9288613,B-Other,B
5316437632,7.0665154,80.0124713,B-Other,B
5320624355,7.3232441,80.3895438,B-Other,B
5320624390,7.322061,80.3917527,B-Other,B
5320624375,7.321975,80.3917115,B-Other,B
5320624385,7.3220195,80.391845,B-Other,B
5344838908,6.8015788,79.9352489,B-Other,B
5344838932,6.8051583,79.9261832,B-Other,B
5968395016,6.8054346,79.9262741,B-B,B
5352135783,6.9500959,79.917318,B-Other,B
5352135772,6.9500869,79.9172362,B-Other,B
5373596579,6.8485485,79.8976824,B-Other,B
13664742979,7.2906872,80.6473842,B-Other,B
5488683288,6.9097027,79.8958633,B-Other,B
5507303478,7.2513247,80.4501455,B-Other,B
5559025441,7.004666,79.9541507,B-Other,B
6547922794,7.4287519,80.2144879,B-Other,B
5968393656,6.8013173,79.9349596,B-B,B
5968372641,6.7959709,79.9408046,B-Other,B
5968372655,6.797445,79.9405094,B-Other,B
5968372656,6.7975852,79.9404497,B-Other,B
5968372677,6.8001287,79.9384573,B-Other,B
5968372697,6.8011312,79.9352557,B-Other,B
6052926623,8.8307879,80.7729611,B-Other,B
6052926629,8.8308557,80.7728845,B-Other,B
8865864663,7.308109,80.6373262,B-Other,B
10219043288,6.9096145,79.8957975,B-Other,B
6247562214,6.1311689,81.0789221,B-Other,B
6247562238,6.1264634,81.0804811,B-Other,B
6247562240,6.125513,81.0807445,B-Other,B
6247562239,6.1264481,81.0804133,B-Other,B
6247562243,6.1243417,81.0810788,B-Other,B
6247562241,6.1254954,81.0806684,B-Other,B
6247562246,6.121813,81.0817635,B-Other,B
6247562244,6.1243226,81.0809871,B-Other,B
6247858271,6.1843368,81.0581495,B-Other,B
6247858275,6.1760116,81.0605621,B-Other,B
6247858278,6.172045,81.0617222,B-Other,B
6247858280,6.1691675,81.0625645,B-Other,B
6247997831,6.2094231,81.0461535,B-Other,B
6247997836,6.2013801,81.0497475,B-Other,B
6247997832,6.2093819,81.0460832,B-Other,B
6252393552,6.2281991,81.0424124,B-Other,B
6247997837,6.1979841,81.0511698,B-Other,B
6249854572,6.1698424,80.8964305,B-B,B
6249854581,6.1680966,80.8970632,B-B,B
6249855389,6.1669702,80.8977654,B-Other,B
5252242493,6.8980195,80.5926785,B-Other,B
6250326150,8.8367519,79.9688521,B-Other,B
6250326149,8.8370335,79.968952,B-Other,B
6250339117,8.7964948,79.9315591,B-Other,B
6250326151,8.8369425,79.9690896,B-Other,B
6250326159,8.8372114,79.9690305,B-Other,B
6250326164,8.8370759,79.9689432,B-Other,B
6252038712,6.3015053,81.0033201,B-Other,B
13716601407,6.3178912,80.9982707,B-Other,B
6252038693,6.2682775,81.0180187,B-Other,B
6252038706,6.2799385,81.0032218,B-Other,B
6252038705,6.279999,81.0032696,B-Other,B
6252038760,6.2683133,81.0180888,B-Other,B
6252038708,6.2806973,81.0022921,B-Other,B
6252038707,6.280755,81.0023708,B-Other,B
6252038714,6.3000332,81.0032335,B-Other,B
6252393581,6.2607154,81.022473,B-Other,B
6252393551,6.2282089,81.0424937,B-Other,B
6252393563,6.2468409,81.0368541,B-Other,B
6252393562,6.2469024,81.0369101,B-Other,B
6252393569,6.2491605,81.0344106,B-Other,B
6252393568,6.2492217,81.034468,B-Other,B
6252393580,6.2584918,81.0246547,B-Other,B
6252393579,6.2585411,81.0247139,B-Other,B
6252393582,6.2606613,81.022409,B-Other,B
6260211180,6.8816294,79.8697685,B-Other,B
9565070865,6.8773201,79.8695291,B-Other,B
6260384173,6.856472,79.8909768,B-Other,B
6260398862,7.1680116,79.8829584,B-Other,B
6294540737,6.5228093,80.1145903,B-Other,B
7182955395,6.5228342,80.1143451,B-Other,B
6294540735,6.5229232,80.1142504,B-Other,B
7182955398,6.5229208,80.1143514,B-Other,B
6488496081,7.712359,81.7102165,B-Other,B
6492863072,6.0375943,80.2500787,B-Other,B
6492867591,6.0380513,80.2499987,B-Other,B
6495360824,7.7204713,81.7011201,B-Other,B
6495926129,7.2974052,79.8821602,B-Other,B
6507179285,7.6567209,80.3695282,B-Other,B
6509381792,7.2246172,80.0192824,B-Other,B
6509381794,7.2245246,80.0192318,B-Other,B
2703675514,7.2245002,80.019348,B-Other,B
6509381791,7.2245837,80.0193581,B-Other,B
6509727159,7.7174145,80.1462057,B-Other,B
6511426680,7.6063029,80.1248038,B-Other,B
6511426678,7.605843,80.1249018,B-B,B
6511426677,7.6061489,80.1248782,B-Other,B
6513598495,6.8938306,79.9351421,B-Other,B
6513598497,6.9001162,79.9268984,B-Other,B
6513598563,6.8938978,79.9352898,B-Other,B
6513598564,6.8937961,79.9352805,B-Other,B
6513995666,6.8924981,79.9214636,B-Other,B
6513995667,6.8924351,79.9217261,B-B,B
6513995678,6.892551,79.9216551,B-B,B
6513995672,6.8919327,79.9221141,B-Other,B
7059333096,6.8920586,79.9220115,B-Other,B
6513995677,6.8925928,79.9217503,B-Other,B
6926357552,6.8924483,79.9218425,B-Other,B
6514054687,6.891979,79.9221925,B-Other,B
6514054691,6.8919383,79.9222249,B-Other,B
11141684438,6.8767203,79.9351993,B-Other,B
6537339895,6.9944319,79.874138,B-B,B
6537358011,6.982963,79.8746828,B-B,B
6542819604,6.0838145,80.6450511,B-Other,B
13412730677,6.0835636,80.6457339,B-Other,B
6542819607,6.0837616,80.6449604,B-Other,B
6542819620,6.083849,80.6449702,B-Other,B
6543091741,6.1071241,80.3349099,B-Other,B
6543091742,6.1070124,80.3350133,B-Other,B
6543091745,6.106971,80.3348953,B-Other,B
6543091753,6.106961,80.3349292,B-Other,B
6545320373,8.3345218,80.3930186,B-Other,B
6545683450,6.9475148,80.0940322,B-B,B
10093923284,6.9475938,80.0939046,B-Other,B
6547914278,7.4305906,80.2143662,B-B,B
6547922791,7.4291903,80.2146078,B-Other,B
6547922793,7.4287375,80.2145773,B-Other,B
6547922792,7.4291876,80.2145173,B-Other,B
6547922837,7.4306721,80.214441,B-B,B
6547922838,7.4305747,80.2144378,B-B,B
6548047381,7.4769187,80.345811,B-B,B
6542819609,6.0837568,80.6450289,B-Other,B
6632178150,6.288636,81.0857571,B-Other,B
6719733720,6.9020314,79.9195542,B-Other,B
9041600956,8.2364432,80.3508447,B-Other,B
7051044597,8.5012894,81.1914644,B-Other,B
7062180134,6.848764,79.9485135,B-Other,B
7062216179,6.7907382,79.953986,B-Other,B
7062229410,6.7935459,79.9448291,B-Other,B
7062229418,6.7945387,79.9423054,B-Other,B
7062379367,6.7833354,79.9861862,B-Other,B
7062380597,6.7843718,79.9783644,B-Other,B
7062380591,6.7843614,79.977301,B-Other,B
7062380609,6.7847937,79.975659,B-Other,B
7062428147,6.7807774,79.996257,B-Other,B
7062428158,6.7816821,79.9946816,B-Other,B
7062428168,6.7834291,79.9919065,B-Other,B
7062446553,6.8097337,79.9206305,B-Other,B
7062446558,6.8094456,79.9206348,B-B,B
7062446557,6.8093642,79.9207916,B-Other,B
12467159834,6.8324699,79.9070654,B-Other,B
7084497218,8.5024881,81.1804136,B-Other,B
7085726788,8.5538444,80.4857194,B-Other,B
9748233243,6.8248514,79.8837453,B-Other,B
7182955399,6.5229009,80.114362,B-Other,B
7182955400,6.5228241,80.1143312,B-Other,B
7182955404,6.5228395,80.1142497,B-Other,B
7182955406,6.5229377,80.1142682,B-Other,B
3778393953,6.1476225,80.7635086,B-Other,B
3778393948,6.1475421,80.7635061,B-Other,B
3778393944,6.147486,80.7634229,B-Other,B
1748962217,6.1475573,80.7633202,B-Other,B
1748962242,6.1476814,80.7633916,B-Other,B
13564859268,8.3275999,80.361067,B-Other,B
7205862648,6.8539566,79.8850803,B-Other,B
7241425510,6.8537962,79.8850802,B-Other,B
7702374760,8.5026143,81.1804788,B-Other,B
11292753164,7.4713961,80.0442588,B-Other,B
7704618065,7.4701832,80.0440447,B-B,B
11292753165,7.471298,80.044163,B-Other,B
7704629739,7.469933,80.0265589,B-B,B
3771886827,6.6803494,80.4003144,B-Other,B
8567388506,6.887812,79.9944754,B-Other,B
8567390717,6.888038,79.9945785,B-Other,B
8626564849,6.8420527,80.0917694,B-Other,B
13149927791,6.7845625,80.0554557,B-Other,B
12553497571,6.0397115,80.2341226,B-Other,B
8771443546,7.3285371,80.0243502,B-Other,B
8771443562,7.3283899,80.0242432,B-Other,B
8771443572,7.3282858,80.0242331,B-Other,B
8771443560,7.3284354,80.0241771,B-Other,B
8771443563,7.328364,80.024253,B-Other,B
8771443573,7.3283405,80.0240706,B-Other,B
8864816859,7.7333069,81.6986229,B-Other,B
8864816856,7.7334181,81.6985868,B-Other,B
8864816862,7.7332723,81.6985506,B-Other,B
8865864662,7.308162,80.6373577,B-Other,B
8977212331,7.1675402,79.8829386,B-Other,B
11722038133,7.1662372,79.8830241,B-Other,B
9072859382,8.2365179,80.3508849,B-Other,B
9075842334,6.8529314,79.8941421,B-Other,B
9075842399,6.8484382,79.8973237,B-Other,B
9075842371,6.8471311,79.8988303,B-Other,B
9394245009,8.3254984,81.3005881,B-Other,B
9394245011,8.3255348,81.3005139,B-Other,B
9406617684,7.1657754,79.8829934,B-Other,B
9427842409,7.7141271,81.6976586,B-Other,B
2079053634,7.7142754,81.6976949,B-Other,B
9562328829,7.481895,80.3607003,B-Other,B
9547857711,6.8767356,79.8698858,B-Other,B
10740616709,6.8738359,79.8725125,B-Other,B
9562328818,7.4817446,80.3611185,B-Other,B
9565070864,6.8772395,79.8695511,B-Other,B
9577055309,6.8469204,79.9265142,B-Other,B
9748233247,6.8248236,79.8838503,B-Other,B
10086207496,7.3185472,80.9924969,B-Other,B
3276158589,6.277517,81.2861422,B-Other,B
10217285592,6.8921923,79.8774612,B-Other,B
621816440,6.8923613,79.8770586,B-Other,B
10219043316,6.9109116,79.8882741,B-Other,B
10259347339,6.8766802,79.9281041,B-Other,B
10259347358,6.8768617,79.9270704,B-Other,B
10259347341,6.8769468,79.9269023,B-Other,B
10259347344,6.8768743,79.9269,B-Other,B
10259347345,6.8768792,79.9268343,B-Other,B
10259347359,6.8768957,79.9266115,B-Other,B
10264115338,6.8766988,79.8698242,B-Other,B
10308309675,6.7539822,80.0156302,B-Other,B
10308309702,6.7528513,80.016458,B-Other,B
10308309701,6.7518517,80.0193625,B-Other,B
10308315016,6.7647229,80.0117393,B-Other,B
10740616705,6.8736802,79.8727357,B-Other,B
10740616716,6.8735354,79.872903,B-Other,B
10740616710,6.8738063,79.8724231,B-Other,B
11035177226,6.7921152,80.0539657,B-Other,B
11367587825,7.293461,80.6333798,B-Other,B
9406617687,7.1656257,79.8829982,B-Other,B
9406617692,7.1657789,79.8830575,B-Other,B
11765244589,6.726526,80.0336896,B-Other,B
11959575844,6.8757127,79.9009223,B-Other,B
11959575860,6.8754386,79.9009727,B-Other,B
11959575849,6.8753175,79.9012202,B-Other,B
11959575852,6.8762201,79.9006687,B-B,B
11959575853,6.8762785,79.9006453,B-Other,B
11959629974,6.8764923,79.900552,B-Other,B
11959629976,6.8753624,79.9009591,B-B,B
11959629975,6.8754412,79.9008861,B-Other,B
12761661742,7.3619926,81.8036133,B-Other,B
12856077364,5.9575415,80.5455233,B-Other,B
12856077378,5.9531656,80.5459097,B-Other,B
13149927798,6.7845139,80.0553675,B-B,B
13149927797,6.7846481,80.0553462,B-Other,B
13236794129,6.8325415,79.9071122,B-Other,B
13380401240,6.0026642,80.6720034,B-Other,B
13380401241,6.0026578,80.6720805,B-Other,B
13380401246,6.0025424,80.6719833,B-Other,B
13437079205,6.802372,79.9232667,B-Other,B
13534166712,7.1656312,79.883079,B-Other,B
2831587846,8.3442903,80.3926126,B-Other,B
13587389092,8.3452836,80.3932088,B-Other,B
13587403118,8.3452554,80.3932459,B-Other,B
13646507158,6.9499632,79.9172507,B-Other,B
13695751611,6.8923454,79.877367,B-Other,B
13695751612,6.8924347,79.8770612,B-Other,B
3683997236,6.3807673,81.3147749,B-Other,B
3683997229,6.3809211,81.3149277,B-Other,B
