node_id,latitude,longitude,street_count
31363877,6.057753,80.217612,4
33389197,5.948698,80.547196,3
33389255,5.973052,80.361972,3
33389341,5.942888,80.568388,3
33389417,5.928262,80.587898,3
33389466,5.984559,80.724883,3
33389625,6.124552,81.122354,3
35436490,7.265772,80.592541,3
41607659,6.126186,81.125903,3
41607666,6.131726,81.126301,3
41607686,6.152355,81.144462,3
41607687,6.153003,81.14459,3
44265232,6.728308,81.102857,4
44265234,6.732073,81.101954,3
44265239,6.735286,81.099451,3
44534440,6.03102,80.217129,3
44534497,6.032754,80.217485,3
44534546,6.032962,80.217665,3
44534576,6.033364,80.218074,3
47811685,6.07409,80.197886,3
47817820,6.038247,80.221025,3
47822231,6.037348,80.228239,3
47824104,6.035586,80.220339,3
47824132,6.035447,80.220135,3
47824157,6.0359,80.220177,3
47824192,6.035822,80.220729,3
47824936,6.03757,80.227257,3
47826162,6.033533,80.21794,3
49364006,6.874294,81.046791,3
49364356,6.873478,81.031248,3
49365524,6.830721,80.988781,3
49365945,6.833327,80.984699,3
49368092,6.894038,80.87,3
49368243,6.906296,80.914051,3
49371992,6.976945,80.762255,3
49378902,7.134396,80.597819,3
50366409,7.146537,80.097002,3
50392728,6.045263,80.223014,3
50415021,6.72506,79.906574,3
50415165,6.629178,79.943101,3
50415206,6.561112,79.968943,3
50422936,6.797428,79.888573,4
50422994,6.851314,79.865903,4
50760908,6.032977,80.2168,3
50762807,6.035218,80.219815,2
50767449,6.059182,80.203604,4
53095670,6.033683,80.218033,2
54398901,6.055758,80.181158,3
54399243,6.030794,80.217134,3
59947552,6.032158,80.239635,3
60654455,5.960561,80.456307,3
60796641,6.909574,79.866169,2
60796731,6.891381,79.868371,4
60796751,6.890471,79.864415,3
60797056,6.86242,79.863849,4
60797372,6.861148,79.864128,3
60797432,6.851321,79.866066,4
60797439,6.847521,79.866065,4
60797501,6.909082,79.865785,3
60797607,6.608353,79.952617,3
60797926,6.071555,80.163101,3
60797978,6.058963,80.203419,3
60797984,6.059077,80.203683,3
60798009,6.812814,79.880774,3
60798033,6.849682,79.877005,3
61802472,6.943806,79.878178,4
61802550,6.950346,79.878467,6
61802753,6.909286,79.860754,3
62783063,6.896923,79.877141,3
77368738,6.032655,80.216831,3
77373725,6.00357,80.717223,3
77374718,6.046424,80.73308,3
77374761,6.048187,80.733577,3
77379011,6.032906,80.796545,3
77379074,6.02867,80.794891,3
77381284,6.830251,80.988599,3
77512695,6.856872,81.021914,2
77682074,6.966753,80.771818,3
77682693,6.973199,80.765422,3
77684317,6.959873,80.770946,3
77844809,6.829735,80.993331,3
82800337,6.091235,80.193316,3
91030247,6.931298,79.84231,3
91030442,6.931412,79.842878,3
91031447,6.937701,79.849559,3
91032431,6.939577,79.85678,2
98554099,6.035714,80.389067,4
98554144,6.042467,80.410069,3
98554769,6.090296,80.476194,3
102737773,6.021975,80.796185,3
102737846,6.022712,80.795597,3
102737884,6.022295,80.795859,3
102750184,6.065642,80.217694,3
102750385,6.063248,80.215084,3
103396809,6.127058,81.124696,1
127657312,6.918672,79.861384,3
127657418,6.888214,79.870549,3
127657445,6.886415,79.870987,3
127658062,6.916472,79.868875,3
127658294,6.911448,79.870944,4
127658312,6.890439,79.856536,3
127658568,6.90437,79.854054,4
127658599,6.902143,79.854811,4
127659606,6.958552,80.221885,3
127659819,6.990426,80.217468,3
127660871,6.878667,79.874506,3
127660889,6.877495,79.879466,3
129605583,6.720228,80.055796,3
129606431,6.784369,80.055103,3
129607365,6.842143,80.09171,3
129607626,6.854796,80.089391,3
129610044,6.903139,80.087447,3
129615686,6.841196,80.003114,4
129615826,6.844796,79.930892,3
129615869,6.851894,79.919736,3
129615924,6.862979,79.901438,4
129615942,6.86512,79.896572,4
129616162,6.873974,79.872869,4
129616175,6.873384,79.872993,4
129616344,6.866201,79.879709,3
130019052,6.92097,79.846569,3
130346191,6.070689,80.233836,3
130444698,6.037327,80.226952,3
130445177,6.240919,80.053581,3
130445309,6.238873,80.054128,3
130445589,6.229533,80.054273,3
130462216,5.946267,80.530242,3
138713153,6.032672,80.216695,3
138713209,6.032452,80.217359,3
138713219,6.032408,80.217174,3
138714131,6.031126,80.216999,3
138714274,6.031081,80.217122,3
138714420,6.031296,80.21709,3
150994801,6.850263,79.872015,3
191792898,6.893812,79.855404,3
191794675,6.921154,79.846501,3
191794735,6.921106,79.846401,3
191799826,6.912016,79.852016,3
191813176,6.907526,79.852995,4
191814043,6.894217,79.8771,4
191814403,6.889088,79.876609,4
191816795,6.906006,79.859,4
191849931,6.97596,80.765525,3
191850199,6.9751,80.76639,2
191856851,6.964714,80.263796,3
198476911,6.959896,80.771839,3
198485623,6.878165,80.813672,3
198553743,6.971433,80.774463,3
198601066,7.02397,80.261265,3
198851718,6.14049,80.09974,3
206594633,6.878591,79.872732,3
206596162,7.047746,79.897047,3
206597309,7.131169,79.876188,3
206597400,6.848328,79.885464,4
208541195,6.849848,79.879192,3
208541289,6.857138,79.890753,3
208541425,6.867038,79.88465,4
240378550,6.946576,79.871615,3
240378559,6.954537,79.875014,3
240378561,6.958763,79.875863,4
245519497,6.716991,80.06153,3
245519498,6.716824,80.062962,3
245519512,6.694456,80.075782,3
245519575,6.663456,80.0716,3
245519747,6.608409,79.952938,3
247139123,6.958809,80.522017,3
247139339,6.931211,80.551429,3
247140202,6.947529,80.630008,3
247140495,6.930383,80.717922,3
247140995,6.937477,80.738372,3
247141016,6.940939,80.74424,3
247987689,6.172492,80.177829,3
248048875,6.183389,80.072123,3
248049055,6.141402,80.136957,3
248608270,6.9116,79.86715,3
248608286,6.936277,79.846983,4
250131591,5.964551,80.694546,3
250131773,5.945222,80.565417,3
250131881,5.948259,80.547861,4
250131908,5.949173,80.54374,3
250132276,6.232804,80.053655,2
250730985,6.894151,79.915688,3
250731003,6.909465,79.896874,4
250731057,6.873471,79.891386,4
250734529,6.876358,79.935372,4
250734844,6.848623,79.89769,4
252537325,6.751157,80.021431,3
252537345,6.780844,79.996265,3
252537410,6.833,79.964745,3
252537800,6.87715,79.89295,3
252537863,6.784453,79.978363,4
252538015,6.872766,79.904886,3
252541774,6.03497,80.315637,3
252542077,6.809912,79.995565,3
253022302,6.894232,79.876978,3
253022345,6.883129,79.87605,3
253022446,6.943845,79.878294,4
253022456,6.950641,79.878606,3
253022458,6.950953,79.87903,3
253022461,6.955558,79.883004,3
253026193,6.874659,79.857745,4
253026210,6.878649,79.856771,3
253718871,6.713627,80.063391,3
253718899,6.717448,80.066074,3
253721036,6.849141,79.94836,3
254029970,6.798156,80.043264,3
254033158,6.895204,79.889557,3
254365532,6.794612,79.942349,3
255040405,6.931985,79.846809,3
255179552,6.867539,79.910088,3
255179558,6.868898,79.911091,3
255179593,6.878934,79.921879,3
255361132,6.913944,79.864725,4
256663997,6.718127,80.058681,3
256664021,6.769987,80.005158,3
256664026,6.856541,79.890711,4
256823957,6.902215,79.919573,3
257673145,6.797293,79.93076,3
257673162,6.801726,79.935469,3
257926216,7.293052,80.637177,2
257926316,7.286977,80.647817,3
257927955,7.306365,80.633967,3
258025225,8.032095,80.772584,3
258025517,7.857886,80.652269,3
258029156,7.264124,80.592942,3
258029159,7.260362,80.592677,3
258029175,7.264192,80.59396,3
258030081,6.873733,79.881906,3
258049265,7.409225,80.609506,3
258049267,7.410153,80.609492,3
258049379,7.465742,80.623776,3
258049381,7.466907,80.623301,2
258049396,7.477235,80.623321,2
258049453,7.530715,80.625866,3
258049598,7.707253,80.653586,3
258051365,6.888136,79.918698,1
258053453,6.908812,79.895278,3
258057404,7.858589,80.680787,3
258523315,7.954539,80.999038,3
258523345,7.94556,80.999961,3
258523358,7.941359,81.000205,3
259648440,6.927695,79.8498,3
259648460,6.915216,79.855985,3
263155120,7.18726,80.58945,3
263155217,7.214638,80.598026,3
263179584,7.241126,80.593358,3
265731258,6.625681,80.077037,3
266478204,5.984079,80.435388,3
266907986,6.908355,79.864554,3
268931354,6.885118,79.86683,3
268931537,6.877261,79.900395,3
268931740,6.904517,79.869247,2
269202453,6.911868,79.864477,3
269202456,6.91164,79.864666,3
269351924,6.878217,79.872076,3
269351942,6.909092,79.857454,3
270333418,6.921251,79.871305,4
270333419,6.921465,79.87165,3
270333433,6.92143,79.873644,3
275517837,6.90332,79.905356,3
275517851,6.905166,79.905698,3
275520231,6.869442,79.897924,4
281864258,6.873424,79.878808,3
291672423,6.809368,79.938962,3
292783948,7.200907,79.853314,3
308865192,7.979087,79.83329,3
309033787,6.953955,80.210634,3
309033793,6.946793,80.214986,3
309913698,6.030876,80.240754,3
310845638,5.953168,80.545992,3
310860950,6.685328,80.396078,3
310863031,6.583227,80.573172,3
311128308,6.429705,79.999598,3
312920246,7.207084,79.840834,4
313236260,7.207752,79.837913,3
313236265,7.210595,79.83938,3
313236286,7.210998,79.838568,3
313236388,7.235527,79.841373,1
313403915,7.079613,79.85958,3
313407297,7.253072,79.853639,3
313410279,6.941867,79.86484,4
313411158,6.952093,79.857152,3
313411340,6.950118,79.857168,4
323506737,6.905668,79.963188,3
324701268,6.939928,79.858848,2
324918527,6.86494,79.995866,4
324965926,7.143901,80.095598,4
324965995,7.143891,80.095669,4
324966462,7.135859,80.089517,3
324969585,7.109221,80.048747,3
324982229,7.002172,79.950907,3
324985529,6.977196,79.930305,3
324988637,6.978225,79.927387,4
324988797,6.977972,79.927138,3
324994643,6.975689,79.924641,4
324997495,6.966849,79.899849,4
324997506,6.95574,79.887733,3
324997824,6.955601,79.882897,3
324998173,6.956038,79.882944,3
325000016,6.957427,79.88965,4
325003402,6.9606,79.881112,3
325008948,6.958672,79.875963,4
325008951,6.954513,79.875102,3
325009601,6.956998,79.882522,3
325011481,6.963759,79.881712,4
374112182,5.952618,80.535072,3
376763058,5.957544,80.545616,3
376774340,6.05282,80.62985,3
388268117,6.095598,80.744758,3
403816151,6.94416,79.878967,3
403816157,6.944702,79.881859,2
403816162,6.942458,79.886801,2
403816178,6.937235,79.89622,3
403816197,6.935938,79.925652,4
403816206,6.937395,79.94521,3
403841655,6.917975,80.035608,3
403841727,6.909042,80.053903,3
403841840,6.942284,79.961811,3
403841847,6.944084,79.954897,3
403874494,6.946159,79.912906,3
403874820,6.931134,79.883108,3
403875011,6.92141,79.877727,3
403875117,6.909304,79.898421,3
403875118,6.908245,79.898965,4
403875119,6.908644,79.898767,3
403881177,7.205506,79.851177,4
403881228,7.221916,79.863565,3
403881262,7.235844,79.878896,3
403881289,7.248063,79.899349,3
403881294,7.250807,79.905405,3
403881317,7.260851,79.939365,3
403899731,7.02177,79.899553,3
403899740,6.990665,79.893185,4
403899785,6.98125,79.888054,4
403899801,6.982958,79.875263,3
403899823,7.027495,79.865662,3
403899879,7.06916,79.8532,3
403899881,7.070793,79.85553,3
403899889,7.076384,79.858283,3
403899928,7.093991,79.847143,3
403899962,7.047112,79.861976,3
445260233,7.059953,80.25984,3
445260245,7.073259,80.269521,3
445265132,6.604548,80.091996,3
445265578,6.591696,80.085173,3
445270465,6.590705,80.085874,3
445969634,7.252045,80.435213,3
445970143,7.250499,80.362919,3
560221118,6.542092,80.157664,3
560221199,6.524767,80.213602,3
560221964,6.559587,79.977533,3
560221970,6.568706,79.98922,4
562824120,7.858377,80.639391,3
562824290,7.750256,80.56305,3
562824877,7.481975,80.360607,3
566553126,7.944299,80.629244,3
566568781,8.324026,80.413897,3
566569273,7.980098,80.530737,3
566569620,8.005957,80.510241,3
566569836,8.144123,80.411788,3
566569965,8.333969,80.413877,3
566569982,8.321221,80.382335,3
566574620,8.341625,80.411734,3
567004219,8.351852,80.394574,3
567004309,8.343788,80.4031,3
567004310,8.344495,80.398758,1
567004349,8.334492,80.39764,3
567004533,8.334655,80.396663,3
567004605,8.370433,80.400778,3
567004697,8.355514,80.398963,3
567004704,8.347627,80.402123,4
567004763,8.355373,80.404365,3
567011644,8.21619,80.52284,2
567011739,8.130774,80.56153,3
567011837,8.092188,80.629386,3
568948707,7.732379,80.791089,3
568948837,7.707673,80.771541,3
570765602,7.322519,80.622878,3
570765771,7.327799,80.577971,3
570766414,7.329081,80.408946,3
570766423,7.323298,80.396858,3
570766494,7.25252,80.377078,3
598167934,6.828932,80.894546,4
598168119,6.799137,80.914826,3
598168274,6.768248,80.958492,3
598168296,6.7689,80.959997,3
598182953,6.782936,81.003499,1
598715826,6.845349,79.970906,3
598716088,6.8906,79.96458,3
598720858,6.840407,79.878619,3
599137149,6.916612,79.850842,3
599141434,6.943943,79.86414,4
599347546,6.809813,79.882947,4
599822933,6.866472,79.959473,1
600669265,6.561404,79.981133,3
602730587,8.327044,80.410639,3
602759879,8.336848,80.406344,3
602759883,8.343791,80.409518,3
602759902,8.355695,80.3969,3
602759923,8.039828,80.598326,3
603240427,6.763807,80.913127,3
603240642,6.731658,81.099805,4
603240958,5.921301,80.589708,3
603247200,5.973746,80.429341,3
610929939,6.153563,80.768346,3
610944381,6.118727,81.08248,3
610944426,6.28056,80.971911,3
610944464,6.300037,81.003157,3
610944465,6.301949,81.003249,4
610944481,6.174426,81.061023,3
610950712,6.146986,81.127145,3
610951677,6.16363,81.162676,3
610955045,6.389525,80.962818,1
610955140,6.431133,81.022503,3
610955288,6.434991,81.130872,3
610968720,6.259381,81.310215,3
610968963,6.285315,81.278092,3
610970078,6.255407,81.227095,3
615737752,7.999733,80.27134,3
615737957,8.341059,80.380274,3
617190011,6.896612,79.959411,3
617219703,6.880279,79.947423,2
617219704,6.880286,79.947839,2
617228235,6.909658,79.971155,3
617248607,7.085067,79.893182,3
617799602,7.328438,80.023878,5
617806911,7.486646,80.366661,3
617806916,7.486847,80.36613,3
617806943,7.488805,80.362096,4
617810744,7.281259,80.055351,3
617810971,7.330012,80.122654,3
617812791,7.230694,79.908774,3
617816305,7.298005,79.882388,3
617823296,7.168521,80.12413,4
617823362,7.247451,80.127532,3
617823366,7.247458,80.129454,3
617823428,7.3135,80.109594,3
617967898,7.229818,80.201567,3
617967952,7.241352,80.211272,3
617968149,7.250859,80.332131,3
617970086,7.125519,80.110804,3
618027759,6.912061,79.850941,3
618033109,6.908075,79.86482,4
618043670,7.289448,80.632763,3
618073247,7.291679,80.633569,3
618073249,7.290592,80.634342,3
618073265,7.291012,80.634382,3
618096975,6.898955,79.860342,3
618273393,6.879391,79.859822,4
618309296,6.890904,79.858523,4
618514963,6.910428,79.887889,3
618514969,6.908558,79.895302,4
618528183,6.909148,79.896233,5
618532479,6.931304,79.878027,3
618533937,6.926967,79.865773,3
618534074,6.931114,79.875631,3
618542173,6.915193,79.874884,2
618604210,8.030379,79.828958,3
618605187,8.026274,79.847476,3
618605190,8.030444,79.853876,3
618609526,7.49781,80.438148,3
618700103,6.936216,79.84487,2
618747712,6.922623,79.848455,3
618771179,6.883874,79.901923,3
618771188,6.884244,79.901955,3
618771321,6.876314,79.900711,4
619023601,6.877738,79.876443,3
619152165,6.903888,79.906778,4
619152185,6.905983,79.904514,3
619188579,6.907747,79.864318,4
619195378,6.881868,79.869837,3
619195381,6.881769,79.869884,3
619195388,6.881768,79.869607,3
619224223,6.940053,79.878341,3
619224226,6.940168,79.878216,4
619224265,6.932386,79.871994,3
619227137,6.93451,79.865816,3
619227153,6.933926,79.865974,3
619244343,6.937247,79.849128,3
619732375,6.91737,79.863935,3
619732378,6.917358,79.863966,3
619732382,6.917216,79.863967,3
619732389,6.917279,79.863832,3
619732393,6.917438,79.864748,3
619732407,6.917714,79.864973,3
619732410,6.917373,79.864913,3
619732438,6.917195,79.864904,3
619732442,6.917165,79.864703,3
619732443,6.917182,79.864682,3
619742402,6.933329,79.989959,3
619742609,6.874678,79.993299,3
619742785,6.887332,79.994072,3
619742791,6.888113,79.994935,3
619880027,6.865652,80.013501,3
619883043,6.851684,80.032727,4
619905141,7.066645,80.012222,3
619906809,7.03079,80.028842,3
619918508,6.849,79.92448,3
619956323,6.857754,79.908513,3
620382516,6.903211,79.858611,3
620384473,6.915994,79.84823,4
620401826,6.863179,79.86725,3
620529017,7.091863,79.888446,4
621126052,6.969434,79.954353,3
621139685,6.977932,79.927654,3
621150239,6.967339,79.961185,3
621175136,6.957377,79.889726,3
621188379,6.907741,79.930392,3
621190877,6.937496,79.946122,3
621816438,6.892759,79.877072,3
621816440,6.892361,79.877059,4
621816450,6.892355,79.876943,4
621816478,6.892733,79.87695,3
621817310,6.894611,79.871462,3
621822224,6.892702,79.86982,4
621909031,6.839802,79.884742,3
621950451,6.861589,79.866144,3
622288497,6.876756,79.928136,4
622293249,6.852222,79.882265,3
634172980,9.129259,80.446796,3
635079773,6.901544,79.852912,3
635111100,6.899256,79.860774,3
635117662,6.911239,79.87744,4
635164739,6.862867,79.865846,3
635164747,6.862331,79.863774,3
635164786,6.877316,79.881555,3
635164942,6.872294,79.89027,3
635164975,6.846425,79.94838,4
635165818,6.892494,79.921251,3
635166169,6.908445,79.893093,3
635166180,6.90962,79.89707,3
635795993,6.906915,79.851103,3
635855735,6.869787,79.888192,4
635855755,6.869922,79.888322,4
635857018,6.869667,79.888532,3
635857020,6.870101,79.887853,3
635857021,6.869824,79.888584,3
635895564,6.953134,79.918978,3
635909834,6.927037,79.861434,3
635914018,6.930389,79.877991,4
636988660,7.090338,79.993915,3
637009373,7.093252,79.993765,3
637009411,7.091884,79.993957,3
637603462,6.89687,79.877011,4
637624617,6.909736,79.86356,4
637763018,7.101328,79.910678,3
637833597,7.036937,79.936805,1
637834306,7.028912,79.921805,3
637858647,6.975097,79.949457,3
637859907,6.986465,79.973905,3
638916931,7.156555,80.055225,3
638921965,7.163373,79.981214,3
638923097,7.169006,79.948482,3
638924150,7.169022,79.948123,3
638924157,7.169103,79.948135,3
638925117,7.169072,79.947698,3
638925131,7.170123,79.945433,3
638927828,7.16912,79.948019,3
638927829,7.169333,79.948236,3
638927834,7.168786,79.947929,3
638927836,7.169059,79.948001,3
638929070,7.163845,79.946182,3
638935032,7.126291,79.981095,3
638935065,7.139064,79.976366,4
638936200,7.125887,79.980979,3
638936201,7.125974,79.981194,4
638936206,7.125863,79.981321,4
638936208,7.125603,79.981389,3
638936212,7.1259,79.981645,3
638936216,7.126,79.981284,4
638936220,7.125846,79.981218,4
638937223,7.100132,79.991122,3
638943128,7.158411,80.031546,4
638945897,7.224855,80.024772,3
638969225,7.101397,79.910225,3
638969238,7.101272,79.910364,3
638973604,7.123232,79.923577,3
638973609,7.123496,79.924529,3
638976353,7.12169,79.920947,3
638976365,7.121522,79.921469,3
638976368,7.121378,79.921346,3
639127236,6.962713,80.009029,3
639127239,6.963606,80.009315,3
639127240,6.943374,79.99077,3
639127532,6.96987,80.001501,3
639127718,6.962404,80.009706,3
639128147,7.209555,79.918146,4
639129515,7.230737,79.909793,3
639142096,7.204598,79.880762,4
639200159,7.209203,79.839906,4
639204465,7.211445,79.841284,3
639245116,7.208846,79.966728,3
639247310,7.231582,79.971329,3
639266144,7.291262,79.852548,3
639268374,7.294674,79.880063,3
639288676,7.153481,80.060188,3
639297344,7.08436,80.078864,3
639298307,7.070474,80.093362,3
639689279,6.877978,79.890652,3
642867474,6.844962,79.930285,3
645126091,6.978232,79.927277,3
646762530,6.917403,79.864684,3
650721754,6.913053,79.884471,3
651260245,6.865236,79.896292,3
651263576,6.918065,79.849688,3
651637344,7.084894,79.893417,3
651637359,7.084746,79.893093,3
651746985,6.72705,79.900678,3
651747031,6.771567,79.885428,3
652378597,6.714115,79.907514,3
652378719,6.715618,79.904268,2
652384088,6.787907,79.88545,3
652384089,6.788103,79.885169,4
652394817,6.79912,79.876717,1
652533088,6.911002,79.8816,4
652615607,6.050555,80.228254,3
653109529,6.91229,79.851602,4
653145822,6.964424,79.869186,3
653148590,6.939905,79.878215,3
653148591,6.939949,79.878341,3
653148592,6.933872,79.878218,3
653148593,6.93384,79.878107,3
654148520,6.932215,79.851918,3
654148521,6.932297,79.851934,3
654159864,6.944476,79.855408,3
654159865,6.944319,79.855127,3
654187034,6.963103,79.870753,4
658424634,7.033618,80.027148,3
658424660,7.034867,79.990667,4
660916674,6.872519,79.92891,3
661806557,6.84948,79.865956,3
662326567,6.908849,79.87721,3
662326576,6.908699,79.877461,3
662337895,6.909061,79.877318,3
662848124,6.909376,79.896134,4
662901136,6.914707,79.877536,5
662901137,6.914654,79.877636,4
663253013,6.928351,79.864231,3
663253092,6.928324,79.863709,3
663702778,6.903944,79.906832,3
664420249,6.917201,79.863928,3
664420352,6.916996,79.863837,3
664501764,6.950379,79.877676,3
665006631,6.803942,79.940621,3
665006657,6.803896,79.940476,3
665214512,6.911433,79.849602,3
665214513,6.91178,79.850089,4
665240022,6.927458,79.849649,4
665241266,6.93259,79.845966,4
665246977,6.9372,79.849409,3
665685894,6.726415,79.905424,3
665685929,6.779757,79.883117,5
665686664,6.944901,79.878404,3
666881493,6.915967,79.848146,3
666903979,6.895429,79.854876,3
667350244,6.847585,79.948768,1
667426156,7.12612,80.070626,3
667506531,7.057741,80.097076,3
667524408,7.069306,79.961383,3
667529248,7.091707,79.968874,3
667536068,7.124479,79.974821,3
667536145,7.092109,79.970919,3
667537356,7.124566,79.975183,3
667547394,7.195059,79.98459,3
668963648,6.930085,79.864996,3
669217870,6.931591,79.842313,3
669218019,6.920939,79.846478,3
670802545,6.923544,79.84806,3
670802546,6.923657,79.847283,3
672596769,6.878546,79.876501,3
672817127,6.887012,79.887167,3
674684720,6.91075,79.881052,3
674684731,6.910633,79.8818,1
674898973,7.153073,80.063667,3
678334663,6.897381,79.859768,3
678334679,6.897152,79.859956,3
678334696,6.897076,79.85977,4
678334722,6.897461,79.860061,4
678334730,6.897593,79.859867,3
678334735,6.897663,79.859903,3
678335056,6.897015,79.859377,3
678335411,6.896744,79.859923,3
679746549,6.915996,79.862406,3
679746553,6.91594,79.862406,3
679746558,6.915852,79.862334,3
679746560,6.915852,79.862227,3
679749960,6.916095,79.862284,3
679751864,6.913547,79.857584,3
679751868,6.913233,79.857952,3
681584663,6.967078,79.871738,3
682687439,6.937629,79.849471,3
683787618,6.91092,79.889976,4
685393534,8.345933,80.40717,3
694987695,6.795094,79.903987,3
733573148,6.975626,79.924702,3
733606450,6.943056,79.923216,4
773016545,8.351505,80.408378,3
843506679,7.092538,79.995462,3
843513352,7.091148,79.996304,3
843513354,7.091076,79.998107,3
844679704,6.97675,79.925754,3
847419106,9.739689,79.889823,3
847419308,9.744286,79.920569,3
847420598,9.728532,79.948613,4
847421031,9.707388,79.965636,3
847436961,9.777073,80.129606,3
847437156,9.790557,80.14443,3
847437694,9.745302,80.106572,3
847439889,9.673937,80.034849,3
847467192,9.67419,80.026167,3
847467198,9.676093,80.021196,4
847467215,9.681664,80.012971,3
847467265,9.682517,80.024747,3
847468295,9.687167,80.013726,3
847468303,9.67001,80.01012,4
847468342,9.698195,80.014752,3
847468378,9.730439,80.023747,4
847468394,9.745055,80.02791,4
847469569,9.748276,80.108298,3
847469685,9.745487,80.055777,4
847483734,9.800029,80.200736,4
847835914,9.652651,79.915918,4
847835979,9.701492,79.862815,1
847836026,9.637992,79.902008,3
847836620,9.597527,79.792552,1
847851002,9.65963,80.160805,3
847851217,9.671215,80.096949,3
847851287,9.662308,80.081961,3
847851582,9.788419,80.214849,4
847851714,9.774397,80.206089,4
847863823,9.770423,80.23405,3
847864408,9.79106,80.15829,3
847869821,9.659073,80.163404,3
848553191,9.77776,80.233646,3
848553626,9.806568,80.202948,3
848554190,9.806271,80.226198,3
848554341,9.803125,80.241322,3
848593926,9.81672,80.135066,3
848594025,9.79661,80.147101,4
848594067,9.805875,80.165355,3
848610217,9.823412,80.169583,3
848610218,9.823688,80.16963,3
849189814,9.681832,80.22115,4
849238277,9.717457,80.044363,4
849238535,9.662778,80.062322,3
849241768,9.663806,80.006056,3
849241783,9.659909,80.009394,3
849241788,9.660602,80.011652,3
853137780,9.753738,79.961601,4
853138091,9.735562,79.952652,3
853155767,9.747324,79.972177,3
853155878,9.741832,79.98627,4
853156231,9.716347,79.997196,3
853156367,9.704252,79.997768,3
853156385,9.702772,79.997854,3
853156641,9.684243,80.007935,3
853165390,9.685891,79.999522,3
853165643,9.68193,80.013027,3
853986268,9.696019,79.942033,3
854023955,9.753313,79.984382,3
854024183,9.757738,79.997693,3
854070627,9.773079,79.971674,3
854070754,9.753744,79.983391,3
854093516,9.705353,80.018019,3
854150056,9.689452,80.163024,4
854186987,9.808518,80.227262,3
854186991,9.813967,80.231345,3
854187070,9.831977,80.201535,3
871932407,9.583669,79.822054,3
891638822,6.94193,80.74391,1
891638940,7.161906,80.573909,3
896199017,7.940022,80.727422,3
901009262,8.587338,81.215257,3
901010009,8.350946,80.984571,3
904233200,8.57745,81.234846,3
904233212,7.481649,80.361222,3
904233218,8.567524,81.231744,3
904233235,8.571016,81.236879,3
904233239,7.885523,80.652077,3
904233272,7.478331,80.374011,3
904233452,8.577404,81.234665,3
904233493,8.581219,81.18943,3
904233506,8.583914,81.228828,3
904233553,8.570045,81.237872,3
904233558,8.577587,81.234723,3
904233581,7.493942,80.375225,4
910154883,6.8464,79.948503,4
912268077,6.665621,80.431593,3
912272593,6.587563,80.5023,3
912273614,6.588429,80.41605,3
912275456,6.227029,81.334127,3
917948850,6.363865,81.517745,1
917949547,6.288454,81.386475,1
937249756,7.281662,80.666144,3
937250000,7.28157,80.670853,3
970058024,5.945333,80.548819,3
970090967,6.981376,79.968271,3
971827647,6.90366,79.955225,3
974346527,6.9066,81.558921,3
974346758,6.98378,81.379326,3
1028522566,8.305399,80.448846,3
1028522572,8.309835,80.42309,3
1028522713,8.369497,80.388043,3
1028522781,8.307717,80.47305,3
1028522856,8.368852,80.387841,3
1030050388,7.258323,80.555861,3
1039403582,6.903355,79.910283,3
1039407820,6.902616,79.91112,4
1039412973,6.903319,79.910703,4
1039421894,6.903384,79.910634,4
1093697782,6.220482,80.286155,3
1093698207,6.172186,80.285543,3
1093698342,6.077962,80.248645,3
1093699503,6.134737,80.254426,4
1093751150,6.154088,80.184512,3
1093751318,6.165816,80.205244,3
1093762481,6.077649,80.275635,3
1093762656,6.102343,80.31839,3
1093762966,6.201761,80.335226,3
1093763092,6.107077,80.334453,3
1093763628,6.107396,80.334993,3
1093799320,6.207382,80.337035,3
1093799558,6.340257,80.336621,3
1094458277,6.418923,80.002517,3
1124475544,5.99278,80.49559,1
1124475656,5.976299,80.518025,3
1131882974,6.944051,79.878615,4
1131882981,6.944488,79.87849,3
1135382406,6.334979,81.001721,3
1135382428,6.359642,81.03432,3
1135398600,6.732854,81.106916,3
1138324553,6.585421,79.960575,3
1138325237,6.609891,79.951682,3
1138325594,6.578664,79.962626,3
1138480058,6.261162,80.059544,3
1138480331,6.429825,79.999635,3
1138481094,6.241653,80.051082,2
1138543695,6.0353,80.220518,3
1139090033,6.05306,80.208048,3
1139248145,5.993739,80.307603,3
1140307739,6.271833,80.138763,2
1140307744,6.27372,80.13699,3
1141723502,9.581982,80.365816,3
1146218637,8.344079,80.40957,3
1146218640,8.33512,80.410581,3
1146218667,8.343955,80.410542,3
1146591926,9.130006,80.446421,3
1146766252,6.480933,80.127062,3
1147026886,7.65624,81.740901,3
1147030351,7.672213,81.733975,3
1147075948,6.93709,80.990966,3
1147858863,7.208348,79.834808,3
1148494612,9.662078,80.081126,3
1148494987,9.824863,80.236585,2
1148495171,9.669448,80.018985,3
1148495382,9.79111,80.156932,3
1148495443,9.677732,80.19639,3
1148495608,9.824426,80.236476,3
1148495722,9.827795,80.235564,3
1148495870,9.808729,80.085793,3
1148495922,9.812336,80.128792,3
1148495933,9.815389,80.044614,3
1149576611,6.855548,80.187055,1
1149576728,6.862604,80.167876,3
1150403364,6.911323,80.09367,3
1150403426,6.90888,80.08259,4
1156533833,7.32764,80.672716,3
1156533842,7.328477,80.673569,3
1156534074,7.324624,80.648507,3
1157613973,7.416865,80.68323,3
1164676122,7.302933,80.65852,3
1172970726,8.580524,81.231336,4
1181395615,5.974402,80.435461,3
1181395662,5.975661,80.427636,3
1181395693,5.978189,80.430409,3
1181921633,8.306244,80.409471,1
1181921742,8.308129,80.407333,3
1181921747,8.32152,80.382206,3
1181921828,8.322901,80.416076,3
1181921887,8.32122,80.382,3
1181921888,8.344309,80.399903,3
1185558582,6.81875,79.885969,2
1185558591,6.813044,79.881112,3
1186240418,6.891673,80.598409,3
1186240445,6.889892,80.598162,3
1186247404,6.868904,80.599958,3
1190507161,6.963023,80.518039,3
1190546887,6.839329,80.612288,3
1212770518,6.783483,79.991947,3
1212770520,6.726098,80.033969,3
1212770521,6.72836,80.033163,3
1212770531,6.752782,80.016407,3
1212770540,6.75174,80.019318,3
1213041863,6.643698,80.179986,3
1213041911,6.645236,80.179742,3
1213041924,6.650562,80.177588,3
1213042254,6.652881,80.176883,3
1222995418,6.836504,80.572049,3
1222995629,6.836882,80.571957,3
1222995635,6.836479,80.571756,3
1223888358,6.669178,79.972542,3
1223888669,6.674311,80.006067,1
1231840374,5.99928,80.519579,3
1231840453,6.02431,80.495657,3
1231840774,5.958534,80.529994,3
1231840785,5.957476,80.530865,3
1231840826,5.954818,80.533444,3
1231879141,5.941081,80.494351,3
1232107044,6.380892,81.314464,3
1233269765,6.028102,80.39336,3
1233269778,5.981115,80.340288,3
1233271397,5.975843,80.427863,3
1233271580,6.022802,80.40705,3
1235697388,7.043083,80.131493,3
1235697661,7.119769,80.116702,3
1235697764,7.097742,80.144641,3
1235750064,6.910483,79.888007,3
1235750071,6.910872,79.887489,3
1235750079,6.911171,79.887741,3
1235775050,6.030948,80.217047,3
1235775273,6.032668,80.216819,3
1235775279,6.032422,80.217349,3
1235777074,6.908572,79.877452,3
1235783744,7.253494,80.172475,3
1235804433,8.347579,81.00835,3
1235804471,8.34773,81.008545,3
1235814824,8.366649,81.003282,3
1235814874,8.366322,81.003259,3
1237365640,8.260881,80.400047,1
1237974510,7.439276,80.237436,3
1237974516,7.449038,80.258097,3
1239435066,7.619476,80.246502,3
1239435069,7.619892,80.24593,4
1239435091,7.619976,80.246013,3
1239435107,7.619802,80.245735,3
1239436241,7.55189,80.302431,3
1239436268,7.582436,80.280332,3
1239442870,7.412801,80.210391,3
1239442924,7.451364,80.191392,3
1239489670,7.335148,80.300249,3
1239489675,7.334825,80.300324,3
1239489695,7.335151,80.300395,3
1239489717,7.335436,80.300262,4
1239558969,7.295477,80.236624,3
1239568660,7.656036,80.221169,3
1239651798,7.821804,80.249958,4
1239690924,7.829337,80.301365,3
1239725256,7.920857,80.239384,3
1240466576,8.581519,81.227003,3
1240466579,8.581316,81.227404,3
1240466580,8.581047,81.227515,4
1240466589,8.581407,81.227401,3
1240466593,8.581276,81.227302,3
1240466596,8.581318,81.227251,3
1240466605,8.579245,81.230295,4
1240466813,8.581725,81.227529,3
1240466817,8.58144,81.227297,3
1240467172,8.581323,81.227624,3
1241520120,7.998768,80.925384,3
1241520208,8.000537,80.924476,3
1241520212,7.998177,80.92448,3
1241527366,7.920714,81.042118,3
1241527372,7.932301,81.031736,3
1241535500,7.92855,81.030023,3
1241537030,7.971935,81.020142,1
1241541843,7.921935,80.994423,1
1241541926,7.921829,80.996562,3
1241600897,6.947747,80.093629,3
1241645825,7.153001,80.058198,1
1242330004,6.087885,80.21181,3
1242344698,6.047352,80.248542,3
1242395226,6.039935,80.234166,4
1242562069,6.039026,80.227847,3
1242562100,6.042772,80.227437,4
1242562192,6.042575,80.22282,3
1242694030,8.347463,81.008595,3
1242694031,8.587214,81.206514,3
1242695993,8.606612,81.178688,3
1242700513,8.613748,81.174342,3
1242700557,8.637222,81.201864,3
1242703950,8.617962,81.162739,3
1242715443,8.564315,81.159946,3
1242786013,8.500273,81.094674,3
1242786017,8.472672,81.144681,3
1242786587,8.56863,81.233752,3
1242786590,8.566771,81.237905,3
1242786599,8.576948,81.228382,4
1242787901,8.570364,81.237576,3
1242787964,8.56182,81.235722,3
1242787976,8.574707,81.226501,3
1242787991,8.581059,81.23187,1
1242788104,8.565005,81.239366,1
1242788118,8.579696,81.230652,4
1242788120,8.580554,81.223713,3
1242791210,8.576557,81.234572,3
1242791243,8.57738,81.234703,3
1242795099,8.580088,81.223504,3
1242795111,8.577276,81.224688,3
1242795139,8.58174,81.222097,3
1244985940,8.345925,80.40732,3
1244985944,8.355279,80.404997,3
1245021311,9.798181,79.958094,3
1245021317,9.814308,80.012726,3
1245021322,9.80093,80.034362,3
1245032999,9.785596,80.033696,4
1245033009,9.759916,79.981832,3
1245033016,9.780131,79.988142,3
1245033029,9.777567,80.114976,3
1245033035,9.778822,80.116197,3
1245033052,9.762804,80.117738,3
1245033104,9.783609,80.078263,3
1245033118,9.810232,79.997457,3
1245033122,9.779391,79.987872,3
1245034081,9.79563,80.122504,3
1245034098,9.78711,80.086259,1
1245037494,9.806956,80.157257,3
1245043260,9.658915,80.163588,3
1245043305,9.632342,80.148381,3
1245763163,9.809784,80.071839,3
1247060927,7.615686,80.249159,3
1247065794,7.632649,80.305098,3
1249801968,6.85307,79.86582,3
1249801969,6.853096,79.865758,3
1249855906,6.809861,79.883026,4
1261568353,7.286245,79.985578,4
1261568415,7.229445,79.988481,3
1261568522,7.321866,79.977256,3
1268329299,7.13298,79.888598,3
1268334809,7.143011,79.930696,3
1268334824,7.204647,79.920958,3
1268334826,7.184696,79.908169,3
1268335758,7.2055,79.851271,4
1269994619,7.182777,79.865125,1
1269994723,7.192592,79.857141,3
1274137038,6.893249,79.853571,2
1274137040,6.911226,79.849672,3
1278003886,6.79743,79.888472,3
1278003887,6.788162,79.885018,3
1278007299,6.727182,79.901093,3
1278007303,6.727197,79.900517,3
1278079598,6.91121,79.858233,3
1278079600,6.911644,79.864386,3
1278079633,6.911618,79.864403,3
1278079635,6.912019,79.858136,3
1278079706,6.913984,79.86483,3
1278079713,6.914029,79.864726,4
1278086414,7.081734,79.890889,4
1278086492,7.086772,79.890731,2
1278086605,7.081248,79.891203,3
1278169498,7.084803,79.893217,4
1280044911,6.911745,79.858662,3
1280044912,6.91013,79.85911,3
1280044917,6.911836,79.857678,3
1280868423,6.922878,79.847778,3
1280869006,6.932196,79.845706,4
1280869010,6.932483,79.846142,3
1280869012,6.932716,79.845763,4
1280869013,6.932894,79.846176,4
1282529649,5.988533,80.323848,3
1285521703,7.028339,79.921739,4
1285521727,7.028354,79.921927,4
1285521732,7.028131,79.920059,4
1285521745,7.028206,79.921748,3
1290251657,7.386902,80.733084,3
1292992471,7.088871,80.00539,3
1307336317,6.911737,79.858184,3
1307336320,6.912288,79.857993,3
1307347933,6.908464,79.877164,4
1307348559,6.911089,79.881758,4
1314754534,7.421072,80.633867,3
1314754545,7.421284,80.633347,3
1315967063,7.405283,80.778177,1
1316756487,6.905029,79.862679,3
1316756498,6.905468,79.863039,3
1316756516,6.905349,79.86225,3
1331893829,6.971267,80.76704,3
1340667695,6.097108,80.875941,3
1346377742,6.915999,79.862157,3
1346377747,6.916346,79.862602,3
1346377753,6.9159,79.861796,3
1346379037,6.911666,79.858014,3
1348104699,6.86654,79.900496,3
1364596318,6.830549,80.98958,3
1364655117,5.962978,80.409663,3
1364675869,6.045616,80.22487,3
1365357696,7.261567,79.842864,1
1369209676,6.903213,79.862738,3
1370716561,7.027908,79.915535,3
1397090861,5.975656,80.427557,3
1397090864,5.973684,80.428191,3
1397099213,5.975456,80.429678,3
1397099228,5.975181,80.431771,3
1397099240,5.973791,80.432812,3
1397128195,5.973715,80.429562,3
1397140981,5.963262,80.409749,3
1397147766,5.968495,80.41586,3
1400433848,8.030225,79.830792,3
1400433849,8.030226,79.831487,3
1400433850,8.030731,79.853453,3
1401456407,8.307447,80.326105,3
1401456461,8.326774,80.359768,3
1401456469,8.327786,80.361388,3
1401472757,8.324067,80.414093,3
1401472808,8.324204,80.413878,3
1401472831,8.324234,80.414058,3
1401472905,8.326573,80.410431,3
1401472937,8.326696,80.410245,3
1401472941,8.326696,80.410515,3
1401472957,8.326747,80.410505,3
1401472976,8.32682,80.410328,3
1401472980,8.32683,80.41038,3
1401473001,8.328535,80.40757,3
1401473006,8.328553,80.407621,3
1401473035,8.328629,80.407413,3
1401473045,8.328676,80.407405,3
1401473049,8.328671,80.407688,3
1401473053,8.328735,80.407688,3
1401473074,8.328812,80.407484,3
1401473103,8.331535,80.402769,3
1401473107,8.331782,80.403056,3
1401473132,8.331875,80.402882,3
1401501527,8.333722,80.413785,3
1401501568,8.333791,80.413959,3
1401501575,8.333899,80.413707,3
1401501722,8.342742,80.409506,3
1401574299,8.319413,80.410532,2
1401574323,8.319496,80.410593,2
1402737605,8.334589,80.397008,3
1402737608,8.33459,80.396898,3
1402737627,8.334734,80.397026,3
1402737640,8.334763,80.396977,3
1402737653,8.334885,80.396722,4
1410578037,8.359071,80.372398,3
1410578077,8.359691,80.372435,3
1410578511,8.363414,80.394943,3
1410579071,8.368403,80.385687,4
1410579229,8.369569,80.385561,3
1410580258,8.394763,80.311545,3
1410580274,8.395418,80.404668,1
1418747698,6.727177,79.900691,4
1418747699,6.727327,79.900628,3
1418747700,6.727281,79.900525,4
1418747701,6.727569,79.900473,3
1418994146,6.779806,79.88305,3
1420351659,6.442182,79.992523,3
1420351752,6.448805,79.999158,1
1420351876,6.45671,79.991594,1
1420351935,6.45895,79.986996,3
1425700952,6.787945,79.885116,4
1425700953,6.788,79.884953,3
1427371818,7.2051,80.174078,3
1427371952,7.224032,80.194524,3
1427371978,7.226387,80.199136,3
1428433267,6.927882,79.862573,3
1428448780,6.910735,79.887772,6
1428449258,6.912979,79.884428,4
1428650220,6.097527,80.884747,3
1428650226,6.166846,80.897719,3
1428650261,6.167411,80.897424,3
1428665347,6.213844,80.944329,3
1428668275,5.951633,80.546152,3
1428670833,5.945971,80.534674,3
1428670920,5.947937,80.534902,5
1429213457,6.905082,79.90564,4
1429213459,6.908504,79.898645,3
1430577735,6.784658,80.05522,3
1430578050,6.844638,80.015473,3
1431441533,6.949523,79.878457,3
1431441535,6.949989,79.878606,3
1431441564,6.950405,79.878094,3
1431446617,7.169005,79.948096,3
1431446619,7.169044,79.948006,3
1431446624,7.169114,79.948129,3
1431446632,7.169139,79.948049,3
1432825404,6.526651,81.00116,3
1433059477,6.36614,80.973238,3
1433059499,6.366284,80.972836,3
1433059700,6.368699,80.966201,3
1438094658,6.98478,79.903111,3
1446610177,6.714477,79.98904,4
1446610199,6.716933,80.061755,3
1447394805,6.909277,80.083277,3
1453000665,9.314066,80.697783,3
1453000766,9.316223,80.70596,3
1457319623,9.223624,80.788888,3
1466614238,7.353664,79.885894,3
1474795689,7.297032,79.88188,3
1474800248,7.272727,79.86449,3
1475773455,7.051814,79.8966,3
1475786189,6.972209,79.885857,3
1477408997,7.462759,80.292255,3
1478609150,7.253661,79.854847,3
1480051538,7.411754,79.865324,4
1489265551,6.716797,80.061667,3
1500297617,5.982127,80.446796,3
1500304217,5.97368,80.437665,3
1506183874,6.032912,80.214919,4
1529199964,6.012664,80.565823,3
1529240569,5.985588,80.555076,3
1530689260,5.98521,80.698748,3
1533913594,6.85129,79.866366,4
1533913602,6.85106,79.865911,3
1533913610,6.851154,79.866073,3
1533913627,6.851304,79.865623,4
1535398426,7.500049,80.348554,3
1535398451,7.476914,80.376832,3
1535505645,6.379244,81.308615,3
1541715354,7.715317,81.6983,4
1545169133,7.250719,81.854407,3
1571011417,7.092734,79.990235,3
1583879162,6.909299,79.861577,3
1599036622,5.966833,80.453116,3
1614298412,6.43034,79.999534,3
1617989288,6.278414,80.040258,3
1619271297,6.066893,80.225634,3
1619271308,6.066934,80.225654,3
1619271326,6.067075,80.22582,3
1619271356,6.067112,80.225741,3
1619271361,6.067116,80.225861,3
1619271402,6.067158,80.225577,3
1619271413,6.067185,80.225501,3
1619271426,6.067196,80.225788,3
1619287001,6.067122,80.225738,3
1636603514,6.037926,80.250808,3
1637717826,6.338512,80.02898,3
1637776242,6.224118,80.113824,3
1637776271,6.224796,80.117395,3
1638891066,6.273649,80.137041,4
1638915009,6.118736,81.082558,3
1638926258,6.413874,81.338673,1
1639029741,6.275181,81.291165,3
1639029976,6.285425,81.291432,3
1639380623,6.02436,80.600894,3
1640240442,5.964984,80.391081,3
1640241201,6.01736,80.378321,4
1642975181,9.438046,80.407626,3
1645495724,7.002019,79.949284,3
1650097484,5.943078,80.549944,3
1650097492,5.944643,80.550332,3
1651774036,7.86042,80.6522,3
1651774095,7.864842,80.644226,3
1654297620,9.681374,79.930401,1
1660133452,6.038711,80.250176,3
1660138837,6.063518,80.261536,3
1660321886,6.784867,79.975696,3
1661614342,8.977151,79.913756,3
1661735220,6.891584,79.92248,3
1662220531,7.246317,80.119476,3
1662220570,7.261779,80.136669,2
1667080259,6.594047,79.959085,3
1668906517,6.875954,79.929227,3
1668906553,6.902908,79.910884,3
1668906598,6.903263,79.91135,3
1668906602,6.903328,79.910624,4
1674287226,6.241404,80.050569,1
1674485421,6.028388,80.243207,3
1674509843,5.982042,80.338215,2
1674509938,5.966015,80.382544,3
1674510036,5.983544,80.333177,2
1675641381,7.708605,81.688561,3
1675641843,7.708966,81.693335,3
1675667180,7.729732,81.677396,4
1675705732,5.962758,80.456278,3
1676479569,6.881724,79.869613,3
1676479570,6.87863,79.871646,3
1676588936,7.715018,81.702131,3
1676682519,7.718471,81.695481,3
1676682579,7.717892,81.694254,3
1676752919,7.73078,81.697749,3
1676753019,7.733414,81.69852,3
1681115626,7.727309,81.685646,3
1681155451,7.735242,81.695469,3
1681155624,7.733437,81.698349,3
1681155827,7.730081,81.686004,4
1681156012,7.727824,81.69402,3
1681156027,7.726162,81.696938,3
1681156061,7.731795,81.689142,3
1683151514,6.875491,79.86094,4
1683151516,6.875518,79.861028,4
1683151517,6.875558,79.860917,3
1683151528,6.877311,79.869472,4
1683204299,7.198705,79.853936,3
1684344771,7.292199,81.672288,4
1684345227,7.292144,81.678345,3
1684401505,7.294794,81.677122,3
1684401588,7.303481,81.677244,3
1684401661,7.296468,81.672021,3
1684401664,7.297623,81.676393,4
1684401699,7.2937,81.672183,3
1684534472,7.292694,81.685559,3
1684534495,7.291701,81.680485,3
1684534497,7.292505,81.687057,3
1684534499,7.29405,81.692658,3
1684534503,7.291838,81.68189,3
1684534515,7.292745,81.687055,4
1685409092,7.246158,81.707646,3
1685409160,7.240117,81.712795,4
1685409301,7.265409,81.695605,3
1685488289,7.227976,81.673112,3
1685488386,7.227841,81.67304,3
1685598193,8.53363,80.496038,3
1685735079,8.449033,81.267872,3
1685735096,8.449574,81.268181,3
1685776727,7.294268,81.681846,3
1685776752,7.29209,81.681809,3
1685776786,7.294882,81.677086,3
1685776804,7.29755,81.683423,3
1685790735,7.303564,81.683045,3
1685790747,7.300547,81.686351,3
1685790789,7.30088,81.686371,3
1685790901,7.299712,81.683083,4
1685790906,7.297152,81.685812,4
1685802576,8.444256,81.263606,3
1685803096,8.444318,81.263948,3
1685803214,8.325564,81.300808,3
1691633509,7.291813,81.681757,3
1691633689,7.299088,81.688056,3
1691716765,7.287491,81.666181,3
1691754374,7.237991,81.580438,3
1691828074,6.793628,79.944866,3
1691828079,6.790829,79.954,3
1692793167,7.867437,80.650707,3
1694488877,7.290168,80.63389,3
1694488879,7.290114,80.63404,2
1694691156,6.682203,80.401018,3
1694691223,6.682145,80.409801,3
1694695673,6.680277,80.407319,3
1697436973,6.858596,80.091745,3
1697437102,6.859088,80.091374,3
1697582615,6.828056,80.136908,3
1697582696,6.835725,80.127709,3
1697583102,6.854361,80.08905,3
1697583653,6.854014,80.08938,3
1697584137,6.833533,80.153624,2
1697645957,6.858713,80.174202,3
1708349295,6.648372,80.701215,3
1708349356,6.653354,80.698245,3
1708349359,6.653106,80.698135,3
1708349370,6.647187,80.701398,3
1708349377,6.647736,80.701263,3
1708362766,6.653654,80.69835,3
1708362825,6.656089,80.699264,3
1709997728,6.719646,80.785679,3
1709997745,6.719666,80.785883,3
1712466837,6.767411,80.847306,3
1712467077,6.76694,80.84677,3
1720491131,6.418266,81.32507,3
1720491739,6.760291,81.247046,4
1720902277,6.146424,81.127124,3
1720902666,6.202636,81.196581,3
1721462757,6.341688,80.07265,3
1721577072,6.753657,81.305542,3
1721577214,6.759524,81.247392,3
1722823167,6.807354,81.297848,3
1723172770,6.858475,80.091102,3
1723172809,7.112257,80.136276,3
1723290053,6.349116,80.905724,4
1723290054,6.410874,80.796384,3
1723290267,6.413476,80.962799,3
1723700615,6.715236,80.385173,3
1724997103,7.238624,80.601112,3
1725053695,7.09031,81.825266,3
1725061738,7.922938,81.513765,3
1725061816,7.946047,81.52176,3
1725061828,7.946596,81.522271,3
1725074556,6.251574,80.764426,3
1725074566,6.251667,80.783792,3
1725074569,6.252089,80.783845,3
1725074683,6.332414,80.855014,3
1727358941,7.423959,80.610607,3
1727359184,7.465841,80.622847,3
1728748120,8.75425,80.49812,4
1728748206,8.756067,80.501216,3
1728838958,8.761376,80.498631,3
1728838995,8.761218,80.498069,3
1729303350,6.72266,81.354943,1
1729992697,8.762965,80.489135,3
1731470195,7.980907,79.833597,3
1731470200,8.025942,79.847014,3
1731568828,7.764948,79.828859,3
1731568862,7.776782,79.949047,3
1732626393,8.868216,80.01523,3
1732626412,8.834387,80.050819,3
1732626427,8.936276,79.923623,3
1732642149,8.749919,80.183496,3
1732649294,8.6122,80.360345,3
1732790481,8.45629,80.511031,3
1734550178,5.947761,80.534267,3
1735981103,9.436373,80.407658,3
1737150787,6.832253,79.885589,3
1737436578,6.853486,79.885026,3
1737436593,6.853857,79.885325,3
1737436611,6.8539,79.88465,3
1737485326,6.841154,79.902246,3
1737485408,6.856552,79.890646,4
1737618827,6.623221,80.543197,3
1740265426,6.413536,81.332554,3
1740742111,8.550102,80.832647,3
1744448774,6.255775,81.227061,3
1744563108,5.943206,80.549608,3
1745895523,5.928286,80.589433,3
1745927593,5.948312,80.569598,3
1748877150,6.143376,80.812401,3
1748892859,6.143304,80.812028,3
1748962217,6.147557,80.76332,3
1748962227,6.147601,80.763515,3
1748962242,6.147681,80.763392,3
1748962243,6.14768,80.763446,3
1748992310,6.05108,80.734017,3
1750306782,5.999459,80.740972,3
1750869639,6.534034,80.593143,3
1750944667,6.705758,80.38514,3
1751015081,6.572153,80.573789,3
1751020481,6.717905,80.383656,3
1775834997,8.574508,81.239978,3
1778845290,6.865003,80.023328,3
1779605042,6.313753,80.035123,3
1780055679,6.475205,80.609676,3
1780055690,6.475484,80.609966,3
1781355217,6.063348,80.1755,3
1783645280,6.153582,81.122218,3
1783942571,7.340242,80.994761,3
1783942945,7.359782,81.057806,3
1783974992,7.383205,81.228194,3
1785705891,7.161497,80.565821,3
1785705895,7.161897,80.566219,3
1785705911,7.163518,80.570343,4
1785705919,7.159158,80.565024,3
1785705927,7.159773,80.565032,4
1788449944,6.329464,80.163763,1
1789586195,6.229426,80.257279,3
1791337297,6.854541,81.338323,3
1792664495,6.884991,79.867007,3
1792701998,6.312202,80.212631,3
1792754399,6.063282,80.712999,3
1792755975,6.080082,80.65679,3
1792760335,6.083084,80.646941,3
1792790811,7.323546,81.802126,3
1792802761,7.331081,81.742322,3
1792802797,7.370189,81.812141,3
1792802798,7.362136,81.803981,3
1795321756,6.707858,79.908386,3
1795321763,6.704554,79.909547,3
1795321908,6.701964,79.91078,3
1795321973,6.687568,79.918331,3
1795322023,6.697772,79.913135,3
1795322086,6.694238,79.91472,3
1795375615,6.663091,79.971999,3
1796922853,6.743897,80.176348,3
1796922874,6.738416,80.183735,3
1796923068,6.679322,80.16352,3
1796923216,6.716396,80.191486,3
1797858594,6.731728,80.27735,3
1797964180,6.953222,80.212372,3
1797964206,6.954101,80.210447,3
1797964284,6.97133,80.265596,3
1803663804,6.953947,80.211186,3
1805745150,7.045888,80.253456,3
1807810047,7.784909,81.590777,4
1809637722,7.324894,80.625651,3
1809637851,7.324836,80.625802,4
1809637872,7.324708,80.6257,4
1809805271,6.347619,81.19641,3
1809805397,6.854211,81.338475,3
1809805500,6.871946,81.350079,3
1809828943,6.928808,81.359255,3
1809829139,6.978397,81.3715,3
1812177148,5.963952,80.60177,3
1812292194,6.009469,80.517544,4
1813425920,5.983346,80.578282,3
1813426066,5.954694,80.56578,1
1813426081,5.957468,80.564363,1
1813587152,5.976037,80.65746,4
1813587322,5.962138,80.655974,3
1813627370,5.99913,80.648278,3
1814540629,6.121667,81.106844,1
1814540652,6.122546,81.111567,3
1814571489,6.130917,81.067209,3
1814571515,6.194545,81.128289,3
1814571587,6.230308,81.129969,4
1814571621,6.132353,81.067096,3
1814571632,6.146038,81.072508,3
1818583225,6.110028,80.932039,3
1818583243,6.162557,80.904446,3
1818609858,5.969843,80.692152,3
1821073186,6.906621,80.909519,3
1821073264,6.927744,80.894846,1
1822627568,6.577584,79.962858,3
1827277884,6.47682,79.982708,1
1828212116,6.648363,80.701928,4
1828212200,6.631676,80.723966,3
1828217366,6.652126,80.697802,3
1828217445,6.652302,80.697902,3
1828234049,6.6505,80.699166,3
1830490073,7.163024,80.572852,3
1831898405,7.148812,80.46488,3
1834922490,7.05714,80.597147,1
1834922625,7.0968,80.645875,3
1834958043,7.034359,80.656273,3
1834981067,7.065206,80.679311,3
1834981401,7.065047,80.680092,3
1834981446,7.059902,80.682572,3
1834981477,7.068186,80.685793,3
1836349438,7.409676,80.60892,3
1836349723,7.381237,80.586674,3
1836349953,7.378673,80.586667,3
1837041866,6.825324,80.520039,1
1837354773,7.291741,80.6351,3
1837478229,7.297827,80.650443,3
1838453702,6.85167,79.865895,3
1840750859,7.002125,79.951076,3
1840750860,6.991134,79.939418,4
1841475983,6.028264,80.794777,3
1847947584,7.272492,79.86393,3
1847947621,7.184365,79.963868,3
1848020009,7.319949,79.976864,3
1848166895,7.43159,79.927628,3
1855296116,7.295177,80.570769,3
1855322535,7.255015,80.58959,3
1855349523,7.255322,80.581386,4
1855349632,7.228339,80.574825,3
1856812802,7.292759,80.240513,3
1856812890,7.292691,80.240859,3
1862498818,6.90911,80.083913,3
1862498820,6.909123,80.083169,3
1862498825,6.909152,80.083434,3
1862815981,6.91836,80.098745,3
1862815989,6.918239,80.098665,3
1862816008,6.918117,80.098954,3
1863416592,6.935144,79.871651,4
1863416593,6.940053,79.878213,4
1863416596,6.935226,79.871649,3
1863416599,6.940167,79.878338,3
1863456297,6.934954,79.853766,3
1867157139,7.516265,80.266438,3
1867157551,7.525538,80.285516,3
1867157640,7.534538,80.284338,3
1874159728,6.756744,81.804707,3
1874159816,6.755717,81.809307,1
1877266311,7.218046,81.849592,3
1877266360,7.223074,81.821847,3
1877272293,7.217382,81.746477,4
1877272333,7.228234,81.781092,3
1877385011,7.129221,81.570395,3
1877424685,7.361879,81.803547,3
1877453566,7.260635,81.725552,3
1877453757,7.258626,81.749284,3
1877453832,7.252131,81.709315,3
1879056247,7.415278,81.825623,3
1879056265,7.423484,81.831057,1
1879056278,7.412586,81.776921,4
1879056339,7.415048,81.823615,3
1879056356,7.412768,81.827195,3
1879056423,7.414467,81.824952,3
1879094855,7.510844,81.73248,3
1880354575,7.517431,81.787151,3
1880354577,7.513959,81.787992,3
1880354744,7.514489,81.782322,3
1880414150,8.392376,81.293424,3
1880627764,8.358256,80.510904,4
1880627813,8.356627,80.510664,3
1880627815,8.359727,80.511454,3
1881982405,8.532287,80.67644,4
1881982667,8.640586,80.670344,3
1881982723,8.525717,80.680384,3
1881982729,8.647002,80.675995,3
1882011362,8.753048,81.149327,3
1882011484,8.742926,81.131154,1
1882011622,8.880507,81.038293,3
1883604574,7.548736,81.737899,3
1883604788,7.519008,81.766405,3
1883639101,7.661943,81.740424,3
1886079221,8.441616,80.506476,3
1886079226,8.441316,80.506007,3
1886444803,8.83113,80.772932,3
1886444856,8.830586,80.773153,3
1886444971,8.809988,80.799356,3
1886464452,8.988136,80.045271,3
1886574357,9.706524,79.865178,1
1886574479,9.708812,79.866509,3
1886606126,7.248366,80.130331,3
1886606136,7.247827,80.131607,3
1887817267,7.593698,79.907867,3
1887817275,7.495838,79.842188,3
1887817351,7.556419,79.900228,3
1888945264,7.222032,81.838928,3
1889362399,7.534486,79.820799,3
1889362430,7.48305,79.826104,3
1889362449,7.533339,79.877246,3
1891699904,6.167027,80.897705,3
1895649423,7.87676,81.540931,3
1895831908,7.785172,81.590952,3
1896097830,7.777448,80.8185,3
1896101718,7.706294,80.828739,3
1896192506,7.777508,80.818528,3
1896204980,7.605934,80.822865,3
1899261664,7.72851,81.684132,3
1899261813,7.720236,81.705194,3
1899261904,7.726839,81.685847,3
1908190206,6.932346,79.84639,3
1909546344,7.202615,80.663173,3
1909593733,7.197785,80.669872,3
1912464464,6.908093,79.899033,3
1912538608,6.923587,79.912996,3
1912538674,6.922612,79.91366,3
1912538681,6.923548,79.913646,3
1912538707,6.922856,79.913402,3
1924772358,6.96006,79.88107,4
1931362427,6.034919,80.217019,3
1931363942,6.035262,80.216958,3
1931937742,6.155626,80.697895,3
1931937816,6.158325,80.705656,3
1932027734,6.047798,80.628863,3
1932027779,6.12056,80.68038,3
1932027824,6.107406,80.648891,3
1932028020,6.04075,80.620166,3
1932028204,6.107366,80.715842,4
1932028416,6.155497,80.69953,3
1932028753,6.146331,80.699017,3
1932028801,6.085225,80.646187,3
1933502385,6.083169,80.64439,4
1933520777,6.078094,80.592538,3
1945604950,6.983712,81.067087,3
1945605121,6.931346,81.140519,3
1945644699,6.935622,81.160214,3
1945674941,6.998224,81.285084,3
1945675344,6.854383,81.338564,3
1963939807,6.911595,79.851633,3
1963939812,6.912229,79.851458,4
1969450556,6.47301,80.116206,3
1969450599,6.518571,80.072996,3
1971623281,8.354531,80.442824,3
1971685346,8.77194,80.152282,3
1974535927,7.427588,80.988617,3
1974694415,7.330318,80.99257,3
1974694423,7.336824,80.990814,3
1974694431,7.338621,80.992575,3
1974694434,7.338564,80.990167,3
1974694446,7.339325,80.989904,3
1974698341,7.331747,80.996106,1
1974698349,7.323094,80.99159,3
1974698353,7.340295,80.994505,3
1974698363,7.333556,80.990862,3
1974698365,7.335375,80.992777,3
1974698369,7.320204,80.992379,3
1974698374,7.32003,80.992123,3
1974698377,7.335674,80.994535,3
1974698402,7.333747,80.993455,3
1974698404,7.336128,80.988874,3
1974698405,7.337178,80.992582,3
1974698415,7.322775,80.991292,3
1974698416,7.338587,80.987855,3
1974698431,7.320648,80.995346,3
1974698432,7.339047,80.989121,3
1974698435,7.336561,80.990096,4
1974700262,7.370767,80.980267,1
1974700361,7.352201,80.993533,3
1974713604,7.423362,81.058983,3
1974713646,7.469339,81.015218,3
1974713677,7.320193,81.01039,3
1974719542,7.541542,81.034388,3
1974719581,7.510758,81.018216,3
1974724222,7.671234,81.041338,3
1975345215,6.203305,80.654769,3
1975353905,6.207431,80.66707,3
1976110894,7.780831,80.104778,3
1976165109,7.605525,80.078651,3
1976172945,7.547712,80.058262,3
1976198828,7.470089,80.043947,3
1976198830,7.469331,80.030876,3
1976198848,7.598614,79.961946,3
1976198850,7.47243,80.023068,3
1976198852,7.469946,80.026408,4
1977816707,7.432681,80.212907,3
1978072063,7.484922,79.968022,3
1978142686,6.155556,81.106026,4
1978809439,6.871419,79.876055,3
1979346418,7.160784,81.225431,3
1979375863,6.889912,81.298339,3
1979513513,7.222437,81.561194,3
1979513531,7.252061,81.707928,3
1979513536,7.2279,81.673236,3
1980552001,7.480923,80.623403,3
1980552009,7.349207,80.615292,3
1980566512,7.234683,80.262506,3
1980566518,7.234707,80.262604,3
1980566521,7.139472,80.234568,3
1981147403,7.88513,80.651621,4
1981147409,8.042247,80.596123,3
1981159930,8.553811,80.485798,3
1981159934,8.553426,80.485874,3
1981159938,8.553615,80.485246,3
1981159944,8.554117,80.485521,3
1981183266,8.76103,80.49901,3
1981311657,7.162005,80.56575,3
1981311694,7.160866,80.55951,3
1981468985,8.335291,80.411006,3
1985676681,6.113641,80.991506,3
1985676777,6.162408,80.89741,3
1985676796,6.253384,80.913274,3
1986887586,6.122629,81.025116,3
1990178209,8.276143,80.240149,3
1994703248,6.539544,80.364511,3
1994725664,6.532769,80.348522,3
1994843650,6.526588,80.170285,3
1994857493,6.57959,80.707452,3
2001999485,7.531156,81.356083,3
2011981296,6.955391,81.031488,3
2015155899,6.896029,79.85682,4
2015265415,7.072766,80.269546,3
2015265429,7.190077,80.301517,3
2015265450,7.023275,80.261278,3
2015279496,7.123982,80.287672,3
2017404189,6.438615,80.635538,3
2017427174,6.301846,80.635341,3
2017536532,6.079941,80.574626,3
2017536573,6.095706,80.582978,3
2018057285,7.520075,80.929402,3
2018086754,7.507628,81.003378,3
2019733995,7.940094,80.727619,3
2019894706,7.321462,80.644579,1
2019950765,7.213236,80.754746,3
2019986609,7.217446,80.785266,3
2021573972,7.010036,80.262042,3
2021648880,6.994514,80.015268,3
2023111966,7.164758,80.571036,3
2024849379,7.675895,80.425011,3
2024988651,7.49489,80.378206,3
2025020177,7.547868,80.449803,3
2026106458,6.829302,80.987565,3
2026114935,6.90493,80.911799,3
2026114937,6.90394,80.912574,3
2026484605,7.028136,79.923233,4
2028303897,7.027139,79.980774,3
2028303947,7.02709,79.98083,3
2031636377,7.21004,81.013671,3
2032266045,6.986154,81.0575,2
2032266737,6.984473,81.058172,2
2034206073,6.887752,79.86445,3
2034206245,6.888147,79.86469,3
2035763052,6.973937,80.767174,3
2035811429,6.971921,80.766708,3
2035811537,6.971867,80.766921,3
2035811614,6.97174,80.766972,3
2035832111,6.966491,80.772031,3
2035832241,6.973249,80.771914,3
2035832247,6.973455,80.771528,3
2035832311,6.967087,80.772005,3
2035845823,6.970336,80.784474,3
2035855681,7.020037,80.854158,3
2035878922,7.095306,80.862237,3
2036185335,6.343222,80.771621,3
2043454739,6.994126,81.012618,4
2043478205,7.177158,81.167786,3
2050947417,9.663484,80.00541,3
2050947423,9.663424,80.00559,3
2050947457,9.663517,80.005886,3
2050947465,9.663397,80.005846,3
2051261091,7.607041,80.823398,3
2051320917,7.984959,80.720659,3
2052447109,9.657257,80.014527,3
2052447115,9.650706,80.022412,3
2055561684,7.534059,80.913476,3
2055561737,7.519666,80.929895,3
2055564960,7.351645,80.95028,3
2055570486,7.283455,81.04313,3
2055594017,7.030723,81.277693,3
2055594048,7.08542,81.259256,3
2055607563,7.177588,81.290433,3
2057039735,6.989303,81.05705,2
2057041156,6.973804,81.040474,2
2057045370,6.990817,81.054316,3
2057045684,6.984092,81.060181,3
2057045756,6.980586,81.05914,1
2057046125,6.988799,81.049137,3
2064203704,7.214265,79.847174,4
2066330706,6.911227,79.882059,3
2066330708,6.911317,79.877443,4
2068144084,6.840819,79.901332,3
2068144145,6.84686,79.926448,3
2068162856,6.837921,79.98511,3
2068162900,6.839581,79.976085,3
2071116345,6.85787,79.908414,3
2071116379,6.857652,79.908338,3
2074229848,7.267664,80.576232,3
2076672978,6.319048,80.160308,3
2076672992,6.339662,80.223082,3
2077442148,6.668529,80.716475,3
2078322240,7.294086,80.649867,3
2078328569,7.265438,80.584078,3
2078331482,7.257836,80.590662,3
2078334820,7.145863,80.78402,3
2078542962,6.98677,81.057391,2
2078611991,6.905803,80.909761,3
2078753314,6.148785,80.607479,3
2078753333,6.15311,80.603831,3
2078753463,6.160159,80.584301,3
2078753475,6.160725,80.584277,3
2078753477,6.16074,80.584757,3
2078754030,6.204622,80.65202,3
2078754584,6.245637,80.608596,3
2078754703,6.260663,80.603455,3
2078754919,6.265992,80.645915,3
2078755191,6.28339,80.637646,3
2078784643,6.045204,80.513966,3
2078784989,6.081875,80.566533,3
2078949358,7.720318,81.701057,3
2078949382,7.720376,81.701205,3
2078949437,7.720427,81.70104,3
2078968896,7.722808,81.700593,3
2078972802,7.721711,81.702776,4
2078972805,7.721618,81.702846,3
2079053634,7.714275,81.697695,3
2079053659,7.71425,81.697847,3
2079053667,7.714294,81.697762,3
2079053698,7.712449,81.699281,3
2079053722,7.714071,81.697745,3
2079215806,6.706804,79.937219,3
2079222588,6.712108,79.906598,3
2079240021,6.664405,79.930307,2
2079240023,6.69857,79.912881,3
2079240044,6.695784,79.913904,3
2079537908,6.727649,80.187324,3
2079537942,6.743879,80.176735,3
2079774277,8.574346,81.239699,3
2079870056,8.945224,79.9235,3
2079870057,8.945694,79.923496,3
2079870063,8.950267,79.967208,3
2081198513,5.964194,80.602373,3
2081198517,5.999268,80.606262,3
2081238502,8.924756,80.036808,3
2081238682,8.931046,80.031458,3
2081300475,7.105588,80.563999,3
2082215258,7.719946,81.701077,3
2082247570,7.301417,81.670538,3
2082247572,7.291106,81.672489,3
2082247577,7.291167,81.678364,3
2082247579,7.291268,81.672295,3
2082247583,7.291275,81.672436,3
2082347909,6.851623,79.86605,3
2083007739,7.292576,80.240484,3
2083007820,7.466215,80.623293,3
2083191643,6.91704,79.864706,3
2083191728,6.922882,79.913533,3
2083191756,6.92301,79.913351,3
2083191782,6.923047,79.913469,3
2083191826,6.923151,79.913347,3
2083533106,6.476741,79.982948,3
2083588478,6.67945,80.162123,3
2085159352,8.622586,80.340686,3
2087105380,6.971365,79.97682,3
2087260972,6.971279,80.265238,3
2087261005,7.072763,80.269014,3
2087539072,8.2511,79.758106,1
2088167963,6.455832,80.101637,3
2090006193,6.389498,80.962827,4
2091781232,6.847502,79.926904,3
2091855950,6.932625,79.893695,3
2091860038,6.930641,79.878004,3
2093029548,6.9358,79.87835,3
2093029550,6.935832,79.878081,3
2093030672,6.937774,79.878391,3
2093030680,6.937794,79.878121,3
2093606557,7.548799,80.621806,3
2093606919,7.561399,80.459032,3
2093608214,7.756201,80.567973,3
2093608215,7.75958,80.571028,4
2093609890,7.998248,80.176755,3
2093610059,8.001152,80.103955,3
2093610245,8.005875,80.301503,3
2093610550,8.029829,80.487219,3
2093610826,8.057604,79.961275,3
2093611084,8.072321,80.528699,3
2093611607,8.143974,80.312243,3
2093611694,8.151093,80.294577,3
2093611941,8.190131,80.258275,3
2093612347,8.209755,80.107278,3
2093612506,8.238706,80.144478,3
2093612570,8.283674,80.262399,3
2093612778,8.467625,80.73477,3
2093613917,9.188831,80.126553,3
2093935057,8.251559,80.466805,1
2093935572,8.362102,80.522637,3
2093935800,8.427131,80.503054,3
2093935801,8.59926,80.923129,3
2094306221,6.921535,79.871047,3
2094553959,8.181643,80.268702,4
2094554407,8.215073,80.33973,3
2094947243,8.448462,81.057976,3
2095726275,6.941813,79.860338,4
2105382093,6.93339,79.85641,3
2105405964,6.933471,79.856482,3
2113181192,6.438554,80.888498,3
2117500119,6.930107,79.878091,3
2117500121,6.930288,79.878306,3
2122125311,6.908625,79.89541,4
2131510192,7.331298,80.571024,3
2131864627,6.93285,79.893716,3
2131864639,6.932654,79.89044,3
2131864641,6.911075,79.882049,3
2141873197,6.933472,80.188013,3
2142265829,7.014218,79.867595,3
2143415342,6.460775,80.179435,3
2145042656,6.899254,81.058098,3
2145113802,7.248826,80.343609,3
2145113863,7.207284,80.36325,3
2145219371,6.90704,81.559373,3
2145571047,6.938233,80.993915,3
2149942832,6.744869,80.379086,3
2150213460,6.034934,80.217124,3
2150213472,6.03509,80.217099,3
2151471654,6.680151,80.402263,3
2151471660,6.680285,80.402162,3
2151471687,6.679993,80.401798,3
2151471698,6.679872,80.401908,3
2151471710,6.680317,80.402253,3
2151603690,6.708012,80.435528,3
2151631685,6.786336,80.44841,1
2152800248,6.583156,80.573314,3
2152800310,6.583367,80.573141,3
2152800360,6.582981,80.573333,3
2152800385,6.583283,80.573259,3
2152817015,9.657759,80.025059,3
2152832499,9.385451,80.408414,2
2152921941,6.583124,80.57324,3
2152922062,6.329152,80.758406,3
2152922533,6.136488,80.61623,3
2152938662,6.869385,79.92653,1
2152938672,6.866111,79.929013,3
2152975776,6.158345,80.698146,3
2155579750,7.131182,79.876262,4
2155579905,7.02176,79.899638,4
2155580074,7.079299,79.890706,3
2155580113,7.047762,79.897122,4
2155580115,7.080854,79.890786,3
2155580125,7.08137,79.890895,3
2155580131,7.086592,79.89049,3
2155584783,7.20088,79.853413,4
2155584793,7.192615,79.857209,4
2155584797,7.219348,79.845446,3
2155584835,7.214303,79.847247,4
2155634701,6.985652,79.889133,4
2155634707,7.091864,79.88852,3
2155634708,7.086984,79.890377,3
2155634710,7.219375,79.845358,4
2155666096,7.198523,79.854543,3
2155672282,6.290936,80.546578,3
2155827769,6.380811,80.377718,1
2155827775,6.2601,80.492288,3
2155827812,6.295428,80.542738,3
2155946168,5.946855,80.556644,3
2157073971,6.013249,80.656703,3
2157074329,6.059209,80.648484,3
2157080287,5.998589,80.685247,3
2157080312,6.002696,80.672322,3
2164965693,6.091127,80.476524,3
2164965800,6.100389,80.475773,3
2164965848,6.101472,80.475324,4
2165097325,6.03678,80.560787,3
2165105694,6.053206,80.563017,3
2165127439,6.080093,80.581727,3
2165130846,6.080147,80.566192,3
2166737050,6.097503,80.483766,3
2174786546,6.911177,79.887897,3
2176728167,6.36767,80.59292,1
2176866777,6.346263,80.559555,3
2185127828,6.392992,80.219448,3
2186928769,7.620061,80.245849,3
2190932692,6.196302,80.468726,3
2190965493,6.100484,80.477547,4
2190965800,6.101437,80.47688,3
2199336301,7.297366,79.882788,3
2215855644,6.079541,80.284354,3
2231309667,7.216594,81.852179,3
2247695845,6.878084,79.876447,3
2247695861,6.878304,79.876349,4
2247695870,6.87829,79.876477,4
2247695871,6.878192,79.876778,3
2278210726,8.118677,81.167423,1
2279244474,7.942227,81.013248,3
2280537322,6.561267,79.969421,3
2280604896,6.518948,80.071448,3
2285202897,8.039304,80.905625,3
2288824399,7.939601,81.000249,3
2295729717,7.714432,81.693823,3
2295729728,7.714477,81.69389,3
2295729729,7.714479,81.693787,3
2295729741,7.714531,81.693845,3
2304485540,7.905759,81.12581,3
2304485572,7.883326,81.139202,3
2315595592,7.258774,80.599569,3
2315631896,7.291723,80.633807,3
2334261008,7.299184,80.73469,3
2337337148,6.727627,79.899174,3
2337337149,6.72768,79.899217,3
2337340596,6.671267,79.927074,2
2337857891,7.732818,81.678358,3
2337932210,7.250131,80.443008,3
2338839291,7.252187,80.446842,3
2339285632,6.714121,79.907588,3
2339285633,6.712387,79.908363,3
2339297860,6.712438,79.907538,4
2339297862,6.712324,79.907542,4
2339297865,6.712432,79.907426,4
2339297871,6.722955,79.907147,3
2339297873,6.712313,79.907436,4
2339297876,6.712263,79.907106,3
2339297877,6.725099,79.906654,3
2339297881,6.72296,79.907231,3
2339320506,6.726771,79.905003,3
2339320507,6.727044,79.905358,3
2339326606,6.726723,79.905369,3
2339326610,6.726758,79.905294,3
2339326611,6.726749,79.905274,3
2339326612,6.726637,79.905283,3
2339326614,6.726667,79.905252,3
2339326619,6.726684,79.905374,3
2339349484,6.724752,79.90553,2
2339365431,6.720854,79.907377,3
2339365433,6.72086,79.907446,3
2340032514,6.695812,79.913965,4
2340032515,6.707871,79.908462,3
2340032516,6.684644,79.919872,3
2340032521,6.704593,79.90961,3
2340032526,6.687575,79.918382,3
2340032530,6.698592,79.912952,3
2340032539,6.702012,79.910846,3
2340036296,6.69951,79.912582,3
2340036297,6.699526,79.912631,3
2340037594,6.686677,79.918813,3
2340037597,6.694265,79.914764,3
2340037598,6.691287,79.916648,3
2340037600,6.691257,79.916587,3
2340037601,6.697791,79.9132,3
2340037602,6.686711,79.918875,3
2342916289,7.325225,80.626304,3
2347147693,6.694366,79.914677,4
2354387318,7.755071,81.685343,1
2361900638,6.795038,79.887774,3
2361900649,6.794989,79.887871,3
2362937081,7.329996,80.388061,3
2362937346,7.437798,80.338315,3
2364192267,7.713915,81.698068,3
2364192275,7.714167,81.697869,3
2366743826,7.272274,79.864056,3
2375440476,6.423182,81.32536,1
2375440996,7.123721,79.924588,3
2375441004,7.124088,79.924673,3
2375441056,7.253628,79.854868,4
2382030363,7.717926,81.698891,3
2382030370,7.717956,81.698988,3
2382030373,7.718023,81.699012,3
2382030398,7.71811,81.698944,3
2382076781,7.281286,80.666337,3
2382076784,7.281311,80.666321,3
2382076796,7.28129,80.666501,3
2382076798,7.281408,80.666698,3
2382076814,7.280936,80.666435,3
2382152014,7.294173,80.649835,3
2382152045,7.2943,80.650003,3
2382152088,7.294153,80.649526,3
2384952875,6.719311,80.785852,3
2398925514,7.155367,81.224055,3
2398934524,7.112818,81.211368,3
2400768904,6.895616,81.23636,3
2401185742,7.200778,81.238209,3
2401225758,6.80775,81.294509,3
2404060916,6.154175,81.06809,3
2404061091,6.361169,81.181062,3
2404061766,6.151462,81.057825,3
2407176254,6.605462,80.798387,3
2407176375,6.607208,80.796264,3
2407536122,7.017809,81.005898,3
2407536134,7.01811,81.020485,3
2407536192,7.019951,81.020034,3
2407608224,7.093108,80.004321,3
2407760102,8.7598,80.499946,3
2408053510,6.92786,80.895001,3
2408054159,6.987488,80.881497,3
2418603889,6.873071,81.350552,3
2418603892,6.872815,81.350914,3
2418603897,6.872643,81.350514,3
2434214580,6.037616,80.304472,3
2477387622,7.733339,81.692012,3
2489067296,6.904041,79.954962,3
2499038749,6.838646,79.979823,3
2499048594,6.958957,79.886003,1
2499137348,6.956498,79.882738,3
2499283524,6.9721,79.885869,4
2499283525,6.972152,79.885808,3
2499287719,6.968034,79.901236,3
2499287720,6.967856,79.901503,4
2505983167,6.955744,79.883989,4
2506020933,7.08229,79.868182,3
2506028803,7.157362,79.871109,3
2507098804,7.081708,79.890958,3
2507098828,7.081829,79.890908,4
2507107516,7.08251,79.868679,3
2507107528,7.082709,79.868474,3
2508106197,7.155891,79.871547,3
2508106202,7.156696,79.872084,3
2509007852,7.15709,79.871197,4
2520671931,7.501414,80.984568,3
2520673118,7.522596,80.975909,4
2521164368,6.810609,80.956292,3
2521206584,6.806896,80.957268,3
2521206592,6.806848,80.956991,3
2521206649,6.806997,80.957239,3
2521801345,6.802326,80.959569,1
2521801458,6.803605,80.960489,3
2523753994,6.789333,80.970359,3
2544591508,6.36123,81.181006,3
2544603913,6.152637,81.127284,3
2552014491,6.820274,80.985056,3
2558293072,7.308686,80.637276,3
2558457385,6.801439,79.922009,3
2560879662,6.885223,79.876588,3
2560879663,6.885529,79.876802,4
2560879667,6.885597,79.876717,3
2562843705,7.271654,80.136825,3
2562843827,7.32465,80.123399,3
2565428366,7.926729,81.529799,3
2565428392,7.907992,81.533974,3
2568176821,5.976219,80.518032,3
2568176828,5.976349,80.518525,3
2568176862,5.97596,80.518458,3
2568176881,5.976228,80.518545,3
2568225710,9.107406,79.729867,1
2584550963,7.248339,80.34398,3
2589231774,7.466663,80.063633,3
2589231839,7.429103,80.076285,3
2589251603,7.45342,80.149,3
2590173342,7.094347,80.564555,3
2605754835,6.085752,80.743244,3
2605754891,6.087747,80.784125,3
2605755428,6.144092,80.800073,3
2605760184,6.037607,80.612407,3
2605760439,6.070004,80.629723,3
2605822580,5.99859,80.494824,1
2607351567,6.054046,80.658376,3
2607352523,6.078372,80.663197,3
2607383505,6.244769,80.268903,3
2608992327,6.938136,80.6617,3
2608995079,6.938035,80.661434,3
2610876638,6.518642,81.127026,3
2619372954,6.875824,79.899841,3
2620521080,6.904015,79.955185,3
2626866844,7.722868,81.700491,3
2626866848,7.72289,81.700648,3
2626866857,7.722961,81.700563,3
2637064010,6.967684,80.767675,3
2638058705,7.995456,80.270175,3
2638058713,7.993992,80.269467,3
2638058811,7.995881,80.270799,3
2639779556,6.811558,80.949227,3
2639779657,6.810707,80.944758,3
2643547285,5.962975,80.409934,3
2646312392,6.789009,80.970184,3
2646312393,6.78934,80.970018,3
2646359666,9.663348,80.005699,3
2646389088,7.333249,81.65669,3
2647057197,6.514017,81.693093,1
2648621803,6.939785,79.84251,3
2648621836,6.941733,79.838904,3
2648621841,6.941771,79.826284,1
2652607492,7.157107,79.87155,3
2661656508,6.227764,80.825251,3
2661675127,7.41524,81.82565,3
2661675134,7.417336,81.824132,3
2662800973,7.712382,81.710225,3
2668636316,6.915066,79.877617,3
2668636321,6.921093,79.877714,3
2684604208,7.0818,79.890977,3
2686032868,6.84749,80.551735,3
2686035634,6.913762,80.521176,3
2686377371,7.05475,80.53347,3
2686377386,7.054854,80.534331,3
2686377394,7.054993,80.534433,3
2686509758,7.054717,80.534496,3
2686590800,7.052616,80.590254,3
2689283758,6.958798,80.609398,3
2703675509,7.224617,80.018973,3
2703675512,7.224577,80.019362,3
2703675514,7.2245,80.019348,3
2710652547,6.868527,80.0014,3
2712362969,6.877421,79.990066,3
2712362971,6.877155,79.98999,3
2712362974,6.87732,79.989768,3
2722750908,6.923738,79.977935,2
2722750909,6.924826,79.978592,2
2722759262,5.97685,80.51835,3
2723880187,8.043892,80.447235,3
2726000363,6.119327,80.774944,3
2731988118,7.874158,80.651034,3
2731988138,7.874265,80.651004,3
2731988159,7.873928,80.650875,3
2731988170,7.873827,80.651153,3
2731988196,7.87435,80.651057,3
2731988210,7.874258,80.651267,3
2731988214,7.874181,80.651252,3
2731988222,7.874116,80.65117,3
2732633599,7.92897,80.687406,3
2732633603,7.929433,80.687194,3
2753084556,6.947715,80.094372,3
2755818445,6.935932,79.984414,3
2760582892,6.936247,79.915269,3
2760582895,6.935996,79.916056,3
2760582902,6.93668,79.915387,3
2760582905,6.936078,79.915833,3
2760582907,6.93592,79.916367,3
2760582908,6.935677,79.916222,3
2822277593,7.939713,81.000795,3
2822281605,7.939293,81.000374,3
2822281622,7.939491,81.000374,3
2822281625,7.939539,81.000447,3
2822324303,7.914737,81.000121,3
2822324311,7.914743,81.000198,3
2822324312,7.914748,81.000134,3
2822324313,7.914689,80.999924,3
2822324320,7.914864,81.000183,3
2823998635,7.089599,80.035866,3
2823998651,7.085481,80.034072,3
2828629366,6.93824,80.661468,3
2830957526,6.939692,79.854119,3
2831587623,8.334559,80.393087,3
2831587640,8.334707,80.393005,3
2831587846,8.34429,80.392613,3
2831970104,8.201417,81.084835,1
2833603895,8.355479,80.415979,3
2833604323,8.357468,80.498014,3
2833604324,8.35747,80.497898,3
2833604332,8.357516,80.498402,3
2833604333,8.357516,80.497407,3
2833604338,8.357582,80.498016,3
2833604339,8.357584,80.4979,3
2833604877,8.411911,80.456933,3
2833834344,8.355572,80.417982,3
2833834360,8.35613,80.416829,3
2835617021,8.317648,80.398013,3
2835617022,8.317745,80.397844,3
2835617029,8.317812,80.39791,4
2835617030,8.31781,80.397768,3
2835617037,8.317879,80.397833,4
2835617038,8.318018,80.397618,3
2835617039,8.318001,80.39803,3
2835617063,8.334802,80.410778,3
2835617065,8.334885,80.411166,3
2835617066,8.334929,80.410898,4
2835617071,8.334967,80.410807,4
2835617074,8.335051,80.410957,4
2835617079,8.335098,80.410863,4
2835617084,8.359297,80.372445,3
2835617088,8.359395,80.372456,3
2835617095,8.359408,80.372355,4
2837518575,8.236198,80.350621,3
2837518594,8.236786,80.350973,3
2840975728,8.160957,80.299831,3
2840975729,8.161004,80.300394,3
2840975746,8.161483,80.299758,3
2840975747,8.161587,80.300328,3
2842889275,7.470303,79.828588,3
2842935028,7.619363,80.246145,3
2854966358,7.09847,80.041466,3
2902101194,7.619796,80.246216,3
2902101196,7.619627,80.246228,4
2902101200,7.619669,80.246132,3
2902109603,7.61971,80.246293,3
2902109607,7.619696,80.246122,3
2902111505,7.134918,81.04699,3
2902881148,7.365151,81.789023,3
2902943461,7.09241,79.995138,3
2904638859,6.293631,80.163612,3
2904638879,6.29299,80.163875,3
2906794382,6.289315,80.160891,3
2906800106,6.290403,80.162496,3
2906906430,8.134804,80.431468,3
2907674340,7.267286,80.571508,3
2907684935,7.267536,80.575924,3
2909552257,6.042124,80.691648,3
2910209739,7.520704,80.677095,3
2910325921,7.2643,80.586744,3
2915447204,6.869239,80.943732,3
2916727863,8.581328,81.22741,3
2920465482,7.376724,81.838905,3
2925773146,6.91081,79.849845,3
2959495457,8.136779,80.043709,3
2966142356,6.991056,79.939415,3
2966142456,7.001634,79.950909,4
2966142458,7.001698,79.950867,3
2966142462,7.001855,79.951146,3
2966142464,7.001996,79.951466,4
2966142468,7.002073,79.951688,3
2966142476,7.002692,79.953553,3
2966142485,7.002786,79.953551,4
2966142501,7.003275,79.956497,3
2972494700,6.908424,79.944546,3
2972494709,6.908305,79.944998,1
2974015141,6.891835,79.928907,3
2974015147,6.891436,79.92892,4
2974015161,6.891072,79.928365,3
2974015176,6.891608,79.929634,3
2984031967,6.876655,79.928392,3
2993960268,6.022331,80.796153,3
3012657751,7.289948,80.632819,3
3021911951,7.298421,80.637017,4
3033895841,7.29028,80.634372,2
3033904482,7.292766,80.635029,3
3033937981,7.266131,80.596094,3
3033937986,7.266208,80.596125,3
3064234194,7.37046,80.527814,3
3064234204,7.370574,80.527474,3
3064234503,7.432846,80.446494,3
3064234504,7.432959,80.446281,3
3064571973,7.492827,80.366841,4
3064571979,7.486331,80.366905,3
3064572163,7.47427,80.370053,1
3064572227,7.490034,80.359705,3
3064600110,7.473104,80.35168,3
3064719434,7.547547,80.125695,3
3064719459,7.605918,80.10105,3
3066124415,7.53362,80.187574,4
3066364582,7.517814,80.333711,3
3066364711,7.522634,80.32963,3
3069813661,7.564441,80.500535,3
3073676023,6.93425,79.855372,3
3074557148,7.276772,80.596629,3
3078464586,7.217287,81.812851,3
3078591002,6.968524,79.910731,3
3081634069,6.029552,80.241845,3
3081634071,6.02938,80.242166,3
3081634077,6.02961,80.241913,4
3081634085,6.029919,80.242276,3
3081634087,6.029666,80.24186,4
3081634092,6.029965,80.242184,3
3081634094,6.029926,80.241612,3
3084209238,6.899696,79.86483,3
3084209269,6.903195,79.862407,3
3084209277,6.903614,79.862497,3
3088508684,7.325174,80.626224,3
3088508691,7.324716,80.625787,3
3088508692,7.324819,80.625867,3
3088508709,7.322305,80.624861,4
3088508720,7.322347,80.624795,3
3088508729,7.322392,80.624828,3
3088508732,7.321947,80.624467,3
3088508746,7.321851,80.624419,4
3088508750,7.321894,80.624498,4
3088508756,7.321469,80.624586,3
3088508758,7.322213,80.624955,3
3088508767,7.321903,80.624392,3
3088516296,7.322207,80.624772,3
3088821708,7.26564,80.596606,3
3090078667,6.853357,80.26161,3
3090456359,6.110708,80.125148,3
3090460072,6.111209,80.124877,4
3090460074,6.111107,80.124813,3
3090460077,6.111147,80.125062,3
3090460083,6.111305,80.124407,3
3090460089,6.111394,80.125007,3
3090559903,6.850908,80.264163,3
3095525776,6.952377,80.213381,3
3104872055,6.92545,80.339759,3
3104873585,6.927231,80.338587,3
3106294734,7.768623,80.144963,3
3107607858,6.987266,80.013423,3
3109024823,6.841251,79.965142,4
3109068245,7.915573,81.521597,3
3120323405,7.097483,80.144685,3
3120324420,7.077118,80.121466,3
3120332567,7.078902,80.144436,3
3120470733,7.132348,80.32759,3
3129331580,7.023505,80.261492,3
3129331583,7.02349,80.261457,3
3136286192,6.932479,79.846914,3
3136299955,6.931944,79.846944,3
3136316333,6.929099,79.864143,3
3136316335,6.929435,79.863433,3
3136338274,6.917159,79.865615,3
3136350893,6.927158,79.86183,3
3136350896,6.926997,79.861784,3
3136350898,6.927143,79.861784,3
3136350899,6.927082,79.86192,3
3136350901,6.926986,79.861808,3
3136385191,6.934009,79.846439,3
3136385193,6.933526,79.846652,3
3136385196,6.934036,79.847128,3
3137149149,6.903982,80.528385,3
3141171382,6.933962,79.84685,4
3141171384,6.934231,79.846994,3
3141171386,6.936594,79.847123,3
3141868639,6.903321,79.9115,4
3141868650,6.90328,79.911573,4
3142698207,6.260569,80.744557,3
3145257092,6.411094,80.796607,3
3145257097,6.410731,80.796574,3
3145713375,6.890814,79.964675,3
3147021776,6.332653,80.855506,3
3147058584,6.333951,80.854108,3
3147058586,6.334179,80.853758,3
3147058589,6.334181,80.854278,4
3147058592,6.334072,80.853913,3
3147073493,6.430259,81.092077,3
3150402309,6.914825,79.877555,4
3150410543,6.930528,79.877556,3
3150410545,6.930352,79.878106,4
3150410546,6.931303,79.878147,4
3150421787,6.911316,79.877536,4
3150421789,6.909333,79.877478,4
3150421800,6.911237,79.877535,4
3152507940,6.910843,79.889981,3
3155552910,6.894722,79.92416,4
3155589780,6.927192,79.865447,4
3155589781,6.927274,79.865497,3
3155986410,6.336686,80.845845,3
3157384370,6.743534,81.018165,3
3161365280,7.248007,80.34288,3
3163956073,7.867306,80.412088,3
3163960436,7.842008,80.397048,3
3164334813,6.927003,79.861889,3
3164356590,6.911851,79.864441,3
3164371478,6.912401,79.851836,3
3164393649,6.912922,79.855691,4
3166543427,6.921978,79.926812,3
3167605964,7.284373,80.065795,3
3167637635,7.239885,80.125458,3
3167641878,7.195687,80.153182,3
3167653286,7.345552,80.134024,3
3167996118,7.484415,80.354823,4
3167996132,7.484666,80.354493,3
3167996140,7.484356,80.354772,4
3167996141,7.484467,80.354763,4
3167996142,7.484412,80.354708,4
3168908516,7.330957,80.302224,2
3169248398,6.159504,81.127328,3
3169248401,6.148249,81.127197,3
3169248411,6.153508,81.132896,3
3169248433,6.153642,81.132282,3
3169826275,7.14918,80.58022,3
3170533458,7.249829,80.562316,3
3170533571,7.322348,80.624892,4
3172043469,7.494048,80.376017,3
3174892783,7.335389,80.300183,4
3180046129,7.493612,79.905871,3
3185210184,6.915381,79.873968,3
3185210187,6.915551,79.874171,1
3185210190,6.915019,79.874505,1
3185210191,6.915222,79.874728,3
3186369043,6.955885,79.862331,4
3186383484,6.955976,79.863196,4
3186396762,6.946806,79.856498,3
3186416542,6.938086,79.849401,3
3186504907,6.93753,79.849352,3
3186504909,6.938052,79.849223,3
3186505825,6.937014,79.846559,1
3186505826,6.937672,79.846004,3
3186529289,6.944497,79.85545,3
3187821074,6.949026,79.856503,3
3187821084,6.948404,79.856545,1
3187859722,6.956011,79.862447,4
3187866785,6.95626,79.859067,3
3187866787,6.95608,79.859201,3
3187879920,6.955856,79.8632,4
3187945982,6.939912,79.854778,3
3187963299,6.923716,79.849378,3
3189672680,7.323172,80.389518,4
3191464509,6.913221,79.864733,3
3191466213,6.915203,79.860055,1
3191696089,6.921474,79.871288,3
3191696090,6.921385,79.871185,4
3191696091,6.921101,79.871037,3
3191696092,6.92129,79.871146,4
3195561861,6.842564,80.606782,3
3197040791,7.224534,80.019228,3
3197040794,7.22448,80.01931,3
3199110533,6.940419,79.842029,3
3199110537,6.940587,79.84222,3
3199110539,6.940241,79.842197,3
3199116923,6.940275,79.842307,3
3199118537,6.93698,79.84914,3
3199600250,7.101239,79.910338,3
3199620297,9.782484,80.05386,3
3201052237,7.24048,80.721906,3
3201082623,7.212743,80.754853,3
3201082769,7.208937,80.754935,3
3203084587,6.279225,80.546972,3
3203254224,7.195819,80.110942,3
3203260988,7.207614,80.057048,4
3203261039,7.192161,80.038313,3
3203303832,7.278725,80.81007,3
3204336187,7.619908,80.246096,3
3204336190,7.619815,80.245998,4
3204527532,8.51812,80.857969,1
3204527558,8.518195,80.857685,1
3204549182,8.477538,80.746002,3
3204562797,8.426406,80.688161,3
3205666202,7.321664,79.976494,3
3205978508,7.150384,80.019574,3
3206095333,7.063978,80.011199,3
3206169196,6.96155,79.996136,4
3210113789,6.591443,80.085634,3
3210162496,6.405218,80.21618,3
3210169158,6.460457,80.105379,3
3211908158,6.201054,80.474104,3
3211931764,6.298099,80.173317,3
3211942093,7.357135,80.566021,3
3213759120,8.063832,80.8984,3
3214502827,7.090164,79.993908,3
3214502835,7.090209,79.993801,4
3215382447,6.989024,80.494261,3
3215395992,7.05919,80.537973,3
3215585621,6.986899,80.444861,3
3215623441,6.92534,80.48555,3
3216804790,7.29305,80.634776,3
3216973602,7.028956,80.295241,3
3216973603,7.028901,80.294976,3
3216973606,7.029014,80.294962,3
3217149379,7.023448,80.261818,3
3217150024,7.023639,80.261316,3
3217150026,7.023713,80.261472,3
3217150036,7.023624,80.261545,3
3217150039,7.023536,80.261333,3
3217232039,7.072974,80.2693,3
3217294322,6.935722,79.984248,5
3217407684,7.132264,80.588592,3
3218446414,7.306634,80.634554,4
3218455285,6.726558,80.033746,3
3219884852,7.252995,80.343186,3
3219885863,7.248339,80.343713,3
3219885917,7.251171,80.335388,3
3219914003,7.248384,80.343625,3
3219914004,7.248522,80.34364,3
3219914005,7.248547,80.343733,3
3219914009,7.248461,80.343816,3
3219914010,7.248345,80.343747,3
3219914048,7.248528,80.350945,3
3219914093,7.25493,80.35391,3
3219994344,7.252174,80.339674,3
3220016719,7.230864,80.350679,3
3220025120,7.230559,80.350535,3
3220121962,7.252744,80.341604,3
3220545605,6.581573,80.807346,1
3220669258,6.581874,80.801172,3
3221200523,7.21158,80.361565,3
3221213836,7.174131,80.361924,3
3221586259,8.681121,81.192737,3
3224468484,7.335621,80.300448,3
3224468489,7.336914,80.301432,3
3224489753,7.252824,80.342263,3
3224668762,7.25175,80.435535,3
3226211756,7.251768,80.445891,3
3226224942,7.251181,80.450312,3
3226224960,7.251186,80.450055,3
3226275220,7.256992,80.518984,4
3226286143,7.199588,80.547567,3
3226291720,7.229317,80.53646,3
3226356899,7.265211,80.556544,3
3226356946,7.270968,80.592322,2
3227989004,8.751371,79.950651,3
3229498069,7.216017,80.454575,3
3234257841,6.095398,80.728969,3
3234691184,6.082024,80.703575,3
3234692631,6.073109,80.70359,3
3237363036,8.759459,80.499991,4
3237363045,8.75946,80.50015,3
3237363047,8.759045,80.499942,3
3237453500,7.214856,80.571039,3
3237492302,7.265758,80.552128,3
3237492320,7.265554,80.552042,3
3237492327,7.265649,80.552221,3
3240952949,7.18645,80.111789,3
3243843706,7.167676,79.882639,3
3249089698,6.141399,80.136767,3
3252971709,7.081201,79.89107,3
3254668917,7.060629,80.683972,3
3254670926,7.057647,80.697677,3
3256396052,6.021658,80.79635,3
3256397109,6.022012,80.797455,3
3256397158,6.022415,80.798773,1
3257742983,6.174664,80.166535,3
3257848747,6.155122,80.183755,3
3257914816,6.180465,80.191935,3
3261661183,6.037412,80.779053,3
3261715665,6.211787,80.792714,1
3261715730,6.252498,80.787719,3
3261809905,6.289465,81.085226,3
3261809924,6.296453,81.098105,3
3261809931,6.300612,81.103281,3
3261810957,6.304298,81.106679,3
3264925411,6.418516,81.324552,3
3264925415,6.418623,81.324787,3
3264925420,6.418487,81.324748,3
3264925425,6.418413,81.324884,3
3264925428,6.418334,81.324855,3
3264925432,6.418364,81.324702,3
3264925435,6.418326,81.324734,3
3264925436,6.418481,81.324842,3
3264925450,6.418055,81.324826,3
3265928492,8.449181,81.268077,3
3265928495,8.449234,81.267976,3
3265928502,8.449311,81.268143,3
3265928510,8.449362,81.268049,3
3268426144,7.39606,81.747423,3
3268563914,7.156319,79.871281,3
3268563915,7.156376,79.871408,4
3268563916,7.157068,79.87105,3
3269955348,6.064314,80.261746,2
3269957961,6.061553,80.261175,3
3269957962,6.064336,80.261632,2
3269957968,6.061708,80.262165,3
3270476305,7.10571,80.04457,3
3271092569,7.218164,81.849608,3
3271092634,7.229627,81.850749,4
3276158587,6.277636,81.286144,3
3276158589,6.277517,81.286142,3
3276158604,6.277682,81.286034,3
3276158651,6.2852,81.278387,3
3276158654,6.285362,81.278519,3
3279650333,5.964547,80.691781,3
3279650334,5.964576,80.691641,3
3279674224,6.028705,80.794628,3
3279700855,5.974232,80.438144,3
3279700971,5.973749,80.439039,3
3283385131,6.284545,81.26668,3
3283385135,6.284635,81.266637,3
3283385138,6.284661,81.266784,3
3289420390,7.092718,79.990382,3
3289420399,7.092839,79.990381,3
3289420402,7.09226,79.990363,3
3289420403,7.092859,79.990356,3
3289420407,7.092712,79.990377,3
3289420423,7.092853,79.990263,3
3289420430,7.092699,79.990271,3
3289420454,7.092828,79.990238,3
3289420458,7.09278,79.989979,3
3289453902,7.092583,79.995284,3
3289503413,7.091518,79.994723,3
3289575296,6.90347,79.911135,3
3293925970,6.973822,81.041127,2
3298069926,6.984695,81.060421,3
3301611007,6.923084,79.913309,3
3301611010,6.923164,79.913387,3
3301611011,6.922817,79.913572,3
3301611018,6.922718,79.9135,3
3301611021,6.922715,79.913481,3
3301611023,6.92311,79.913471,3
3301953719,6.992861,81.048713,3
3302140235,7.218367,81.849658,3
3302140237,7.21843,81.849664,3
3302140240,7.218432,81.84975,3
3302140241,7.218391,81.849764,3
3302140243,7.218345,81.849734,3
3302140257,7.218338,81.849702,3
3302172264,7.233337,81.851665,3
3305877503,8.371238,80.400505,3
3307476616,6.934287,79.866089,3
3315891502,7.276823,81.775552,3
3315891506,7.277246,81.775755,3
3316015809,7.331085,81.846953,3
3316122451,7.377188,81.838799,3
3316122454,7.376969,81.838737,3
3316122455,7.376992,81.838751,3
3316122459,7.376988,81.838837,3
3316122462,7.37695,81.838849,3
3316122466,7.376911,81.838753,3
3316122472,7.376874,81.838561,3
3320202230,7.413214,81.826816,3
3320202231,7.413287,81.826936,3
3320941671,6.805581,79.926054,3
3320941694,6.809229,79.920862,3
3320941715,6.805738,79.925974,3
3320941718,6.80548,79.926363,4
3320941892,6.800226,79.93851,3
3336196292,8.077271,80.365893,3
3336273920,8.043108,80.595821,3
3336273922,8.04261,80.59597,3
3336273931,8.04076,80.596571,3
3339667810,6.937257,79.84914,3
3339929667,6.908121,79.877252,3
3339929672,6.908332,79.876974,3
3340914298,6.927643,79.849896,3
3340955133,6.907989,79.895747,3
3340955134,6.907745,79.895627,3
3341955250,6.503469,80.055835,1
3343547728,7.338845,80.557549,3
3345071366,7.002149,79.951412,3
3345071368,7.001921,79.951501,3
3345071370,7.001856,79.95135,3
3345073128,7.000863,79.949327,1
3345099186,7.001938,79.948857,3
3345099189,7.00201,79.949248,3
3350172600,7.333418,81.610865,1
3350317922,7.303591,81.677295,3
3350317932,7.303578,81.677136,3
3350595478,7.291236,81.672478,3
3350595479,7.291051,81.672303,3
3350596498,7.291188,81.672242,3
3351203885,6.746419,81.193478,3
3354483657,6.909218,79.896822,3
3354661040,6.869953,79.887793,3
3354684570,6.876941,79.928199,3
3354710539,6.902286,79.919711,3
3354710540,6.902155,79.91936,3
3355393361,6.911596,79.86463,3
3355393375,6.911769,79.864678,3
3355393382,6.9118,79.864664,3
3355420037,6.934666,79.842766,3
3364860601,5.948773,80.5472,4
3364860604,5.948299,80.547909,3
3364860615,5.949249,80.543738,4
3364864049,5.948239,80.534931,3
3364883416,5.948019,80.534892,4
3365313016,5.965136,80.3911,3
3365313019,5.965078,80.390989,3
3366095884,5.943101,80.54959,3
3366095891,5.943214,80.549496,3
3366106297,5.943174,80.549621,3
3368441146,6.20101,80.592104,3
3369556773,6.607366,80.236229,3
3371892591,6.581854,80.800549,3
3371893296,6.58205,80.800767,3
3377393479,6.032655,80.216678,3
3377484738,6.153721,81.122221,3
3377484744,6.153527,81.128145,3
3377484745,6.148253,81.127127,3
3377492839,8.315799,81.319513,3
3377554124,6.153676,81.126078,3
3377554125,6.154833,81.127156,3
3377554135,6.154795,81.127336,3
3377554136,6.15365,81.128311,3
3377554166,6.153546,81.126227,3
3377554171,6.152636,81.127166,3
3377585348,6.134408,81.066913,3
3377585365,6.134402,81.066828,3
3377585366,6.130908,81.067122,3
3377596120,6.147752,81.075031,3
3377596139,6.152075,81.081881,3
3377598504,6.144185,81.075949,3
3377598520,6.141439,81.074534,3
3377606356,6.14614,81.076442,3
3377606357,6.144123,81.076113,3
3377606367,6.137936,81.076178,3
3377606381,6.135125,81.077229,3
3377606382,6.145688,81.073014,3
3377615196,6.150573,81.079691,3
3377615207,6.146178,81.076261,3
3377656967,7.927131,81.440899,1
3377660265,7.931399,81.531726,1
3377660279,7.945953,81.522441,3
3377795308,6.194543,81.128203,3
3377799428,6.336804,81.043302,3
3377799429,6.336879,81.043381,3
3377803375,6.330008,81.050807,3
3377803376,6.32996,81.050761,3
3377803384,6.326422,81.054375,3
3377803385,6.326512,81.054436,3
3377837110,6.286602,81.087478,3
3377837112,6.286652,81.08753,3
3377837113,6.28674,81.087439,3
3377837114,6.286672,81.087391,3
3377919347,6.230138,81.129932,3
3378015268,6.340402,81.04151,3
3378015269,6.340448,81.041572,3
3379196495,6.22115,80.639752,3
3379198802,6.21905,80.636049,3
3379393108,6.84848,80.020694,2
3379422347,6.888134,79.918762,1
3379422350,6.892402,79.918771,3
3379422351,6.892404,79.918712,3
3379676395,6.032557,80.217201,3
3381632166,6.341328,81.017928,3
3387391143,7.033789,80.092073,3
3390634865,6.960735,80.769262,3
3390636008,6.959213,80.771989,3
3390658487,6.949311,80.773767,3
3394212059,6.471165,80.614682,1
3396222638,6.159098,81.1272,3
3396258709,7.219378,81.544994,2
3396258718,7.219425,81.544715,2
3398081271,5.976218,80.518437,4
3398081272,5.976336,80.518429,4
3403175009,6.955763,79.888559,3
3403175022,6.955869,79.888018,5
3404831124,6.902183,79.919483,3
3410002327,5.94803,80.534923,4
3410071521,7.409764,80.605461,3
3415305649,7.298499,80.638226,1
3416291126,6.886809,79.859795,4
3416397811,7.354038,80.682176,3
3422963193,7.290926,80.646996,3
3425048799,6.429703,79.999908,3
3425048815,6.429813,79.99985,3
3431855593,6.955927,79.884079,3
3431855608,6.956689,79.882853,4
3431855628,6.955732,79.884039,3
3431855630,6.955939,79.884018,3
3431855654,6.956582,79.882931,3
3431908601,6.972147,79.885917,4
3432403049,7.297546,79.882103,3
3432403050,7.29741,79.882178,3
3432403052,7.297446,79.882077,3
3432403070,7.29752,79.882214,3
3432403079,7.297511,79.882218,3
3445493696,6.103546,80.476055,3
3448778695,6.77937,79.883128,3
3448778696,6.78036,79.883414,3
3448830936,7.413208,80.371841,3
3448831164,7.34994,80.396129,3
3453321762,7.185006,80.320232,3
3454145592,7.159477,81.250517,3
3470537530,6.27056,80.091243,3
3470538976,6.343172,80.080354,4
3474422106,9.662146,80.08162,3
3476487649,7.141131,81.199603,1
3476851295,7.863924,81.538519,2
3476851315,7.863793,81.538544,2
3477921642,7.004651,79.954254,3
3477921644,7.004836,79.954277,3
3478101817,7.265873,80.596267,4
3478551526,6.976708,79.925804,3
3484165078,6.638708,80.312034,3
3487940314,6.959091,79.885913,1
3491079315,6.968943,79.954892,3
3491079318,6.968955,79.954432,3
3491135822,6.952964,80.212406,3
3491135824,6.953077,80.212563,3
3491138210,6.95235,80.213248,3
3491138212,6.952533,80.213184,3
3492721845,8.625369,80.701488,3
3492736839,6.106432,80.348319,3
3492878507,8.945119,79.923952,3
3498436079,6.808835,79.920601,3
3498436083,6.80939,79.92054,3
3498436089,6.809133,79.920631,3
3498436506,6.809368,79.920636,4
3498446842,6.805128,79.926238,3
3498446844,6.80581,79.926452,3
3498446858,6.805794,79.92641,3
3498455027,6.805196,79.926733,3
3498455031,6.80522,79.926579,3
3498455036,6.801341,79.935082,4
3498455040,6.801146,79.934884,3
3498455046,6.801487,79.934812,3
3498455049,6.801444,79.935193,3
3498455050,6.80144,79.934698,3
3498458033,6.797766,79.940877,3
3498458035,6.797625,79.940541,4
3498458036,6.797489,79.940601,4
3498479727,6.794993,79.940587,3
3498479737,6.795604,79.940874,4
3498479741,6.79579,79.940652,3
3498479745,6.79597,79.94038,3
3498479747,6.795564,79.940743,4
3498479748,6.795485,79.940825,4
3498479749,6.795338,79.941003,3
3498479760,6.79532,79.940756,3
3502106854,6.90365,79.906494,3
3502106859,6.903301,79.907376,3
3502161783,6.895283,79.924477,4
3502161784,6.895034,79.924339,4
3502161785,6.894866,79.924551,3
3502162896,6.895188,79.924075,3
3504273406,6.852896,79.894076,3
3510278658,6.952221,80.212581,3
3514813026,7.10503,80.335886,3
3514826047,7.082731,80.302407,3
3514826055,7.04188,80.313037,3
3517300085,6.786858,80.615208,1
3517300319,6.79029,80.61141,3
3517327762,6.927115,80.686959,3
3517629552,6.96154,79.995748,3
3517629554,6.961143,79.99593,4
3518417590,8.274489,80.500223,3
3518418193,8.274076,80.500232,3
3518418194,8.273746,80.500205,3
3518418196,8.274289,80.49989,3
3518418199,8.274232,80.500122,3
3518418201,8.274186,80.500235,3
3518418203,8.274099,80.500052,3
3518418208,8.274041,80.500106,3
3518418214,8.274223,80.5001,3
3518425501,8.040808,80.597192,3
3518425508,8.040872,80.596959,3
3518425514,8.040939,80.59708,3
3518425516,8.040848,80.59695,3
3518425520,8.040696,80.597063,3
3518425530,8.040708,80.597016,3
3518433775,8.105986,80.496323,3
3518437204,8.164915,80.536835,3
3521385523,6.08526,80.659411,3
3521419922,6.941419,79.986149,3
3521510211,6.848252,79.897694,3
3521510213,6.84841,79.897796,3
3521592487,6.841073,79.901731,4
3521595117,6.840988,79.901776,4
3521595120,6.840936,79.901473,3
3521595128,6.841026,79.901634,4
3522137034,7.902592,80.523516,3
3522137035,7.902558,80.52351,3
3522137041,7.902665,80.523386,3
3522149870,7.759919,80.570953,3
3522149875,7.759712,80.571142,4
3522174528,7.789384,80.520936,1
3522179237,7.810218,80.568685,3
3522179254,7.811961,80.547168,3
3527283166,6.939648,81.175411,3
3528785030,6.94572,79.863228,3
3533679913,6.20001,80.628733,3
3537884133,6.880429,79.959868,3
3538149112,6.934315,79.865589,3
3538150716,6.932502,79.860287,3
3538150718,6.932288,79.860376,3
3538180787,6.932321,79.860481,4
3540609796,6.890922,79.964581,4
3547525265,6.18414,80.793093,3
3548926813,7.262654,81.080452,3
3548926831,7.22252,81.03156,3
3549382890,7.154716,80.057983,3
3556443371,6.932094,79.860738,4
3556443375,6.932395,79.860944,3
3557360283,6.021276,80.588687,3
3557474353,8.039816,80.755487,3
3557474363,8.039895,80.755354,3
3557522184,8.541812,80.823648,3
3570607529,6.35678,81.038211,3
3570607534,6.356736,81.038113,3
3570836873,6.802185,79.922366,3
3570836878,6.801739,79.922731,4
3570836882,6.801321,79.923129,3
3570836884,6.80184,79.922739,4
3570836887,6.802001,79.922487,3
3570836892,6.801647,79.922452,3
3570836893,6.80179,79.922685,4
3570836895,6.801788,79.922791,4
3574703794,6.909482,79.896765,3
3575249194,7.481855,80.360892,4
3577854817,6.989767,79.892921,4
3577871618,6.985667,79.889075,3
3578067389,7.295694,80.489348,1
3580607301,6.31433,80.516362,1
3584750699,6.979142,80.758368,3
3586058703,7.372519,80.524642,3
3586058707,7.37242,80.52599,3
3586109085,7.596125,80.69985,1
3590783632,6.785011,80.932728,3
3590886013,6.805328,80.922205,1
3590886031,6.805489,80.922198,1
3591084262,7.166994,80.572465,3
3591964802,7.252078,80.435347,3
3592104626,7.091026,79.99981,3
3592104628,7.091132,79.999574,4
3592199657,6.043186,80.742322,3
3592213984,6.032031,80.788574,3
3592218007,6.025618,80.794273,3
3594038163,6.11701,81.082691,3
3594038164,6.117014,81.082598,3
3594147916,5.944702,80.549885,3
3594319500,5.948761,80.547047,3
3594319501,5.948821,80.547072,4
3594762775,6.005237,80.52066,1
3597945583,7.842121,80.396943,3
3600449270,6.970641,79.971643,2
3600553558,7.002968,79.956458,3
3600553580,7.002526,79.960124,3
3600553588,7.011667,79.966702,3
3600557544,7.002944,79.956234,3
3600567895,7.004487,79.96339,3
3600567908,7.00461,79.963491,3
3600582931,7.002422,79.960184,3
3600582963,7.002424,79.960124,3
3600585997,7.004678,79.963406,3
3600585998,7.004551,79.963305,3
3603432676,6.936022,79.970598,3
3603432681,6.936334,79.97299,3
3603503553,6.938872,79.971152,3
3603503554,6.93918,79.973265,3
3606358347,7.003079,79.956622,3
3610826712,6.932429,79.847146,3
3610863709,6.932178,79.846819,4
3610863717,6.932335,79.846848,4
3615147754,6.777524,81.043834,3
3615242206,6.782538,81.045811,1
3616495484,7.328254,80.633407,3
3616502607,7.35703,80.617506,3
3617768739,6.886231,79.857802,3
3618872658,7.271313,80.605372,3
3618872674,7.278626,80.618182,3
3619556378,6.045413,80.225216,3
3619696818,7.334241,80.674275,3
3619718204,7.339376,80.693332,3
3619937663,7.657179,81.739612,3
3620006922,7.449395,80.631013,3
3621305202,5.997291,80.519229,3
3622789896,6.924593,81.353348,3
3628051370,7.380151,80.036747,3
3633693454,6.291108,80.637873,3
3633693455,6.291778,80.637886,3
3633739438,6.25138,80.764425,3
3633739445,6.251449,80.764335,3
3633739448,6.251497,80.764524,3
3634797493,6.170513,80.891209,3
3634858930,6.068384,80.629216,3
3634944563,6.113136,80.931409,3
3635049258,6.195971,80.800154,3
3637344649,6.152999,81.144711,3
3640127941,6.244763,80.810791,3
3640129666,6.238737,80.816551,3
3640129740,6.273598,80.85615,1
3640131695,6.281798,80.820594,3
3645054902,7.163361,79.98132,3
3645486728,7.439779,80.631744,3
3645537814,7.226464,80.051678,3
3647856938,6.932307,79.846677,4
3647984170,6.866577,79.959695,3
3648987752,6.885507,79.876658,3
3648987760,6.885327,79.876894,3
3648987776,6.885229,79.877343,3
3649036760,6.885423,79.876946,3
3649840867,7.363096,81.635868,3
3649843433,7.372942,81.671271,3
3649864133,7.576721,79.79572,3
3649864139,7.576574,79.795816,4
3649864144,7.576522,79.79561,3
3649864152,7.576679,79.795792,3
3649870415,7.628532,79.822589,3
3649873087,7.578236,79.79435,3
3649874902,7.577698,79.794258,3
3649874906,7.577642,79.794265,3
3649874915,7.577706,79.794387,4
3649876602,7.576707,79.79537,3
3649876603,7.576874,79.795363,3
3649876604,7.576738,79.795315,3
3649878435,7.576836,79.795471,3
3649878436,7.576103,79.79597,3
3649878439,7.576492,79.795653,3
3650242321,7.914675,81.00012,3
3655100675,7.576624,79.796018,3
3655959347,6.256444,80.139181,3
3655959354,6.269845,80.138979,2
3658420115,7.272608,79.863907,3
3658467160,7.346198,79.840055,3
3658467161,7.346179,79.839839,3
3658467162,7.34603,79.839899,3
3658572653,7.413089,79.831253,3
3658572654,7.412999,79.830886,3
3658572657,7.41315,79.830876,3
3658899780,6.050442,80.255682,3
3658899782,6.049925,80.256082,3
3660680255,7.309856,79.890278,3
3660695020,7.345169,79.938208,1
3662474355,7.466011,80.623476,4
3662474367,7.465916,80.623432,4
3662474376,7.465996,80.62337,4
3663534823,7.842192,80.397049,3
3664816336,7.767637,81.178277,3
3664895140,6.960847,79.880784,3
3664895145,6.960573,79.880763,3
3664895152,6.960526,79.880814,3
3664895156,6.96076,79.881128,3
3664895173,6.9609,79.880878,3
3666039729,6.831244,80.893879,1
3666045181,6.841639,80.901703,3
3669636229,6.154124,81.068035,4
3669636248,6.17202,81.061636,3
3669636249,6.174405,81.060942,3
3669636250,6.175985,81.060482,3
3669636253,6.179414,81.059479,3
3669636256,6.184311,81.058056,3
3669997743,6.032955,80.79636,3
3670240826,6.197957,81.051104,3
3671782472,6.116986,81.0819,3
3674777304,6.192465,81.184166,3
3674900993,6.259647,81.216569,3
3674901134,6.346344,81.197787,3
3676141026,6.15558,81.105803,4
3677422292,6.21154,81.204271,3
3679319579,9.154131,80.650038,3
3681424087,7.091253,79.999227,3
3682574805,6.916861,80.831304,3
3683993724,6.380923,81.314767,4
3683997229,6.380921,81.314928,3
3683997236,6.380767,81.314775,3
3683997237,6.3808,81.314749,3
3683997240,6.380798,81.314942,3
3687641055,7.154235,80.05911,3
3693930754,7.032961,81.531789,3
3694577182,7.040634,81.488824,3
3697145064,5.944612,80.549862,4
3697151657,5.944693,80.549952,3
3699456789,6.169823,80.896354,3
3699457165,6.166855,80.897613,3
3699457167,6.166875,80.897753,3
3699457178,6.166964,80.897579,3
3699457435,6.199152,80.945129,3
3699494976,6.110028,80.931975,3
3699495000,6.111088,80.931778,3
3699495002,6.1111,80.931841,3
3702135218,6.875082,79.89196,3
3702142128,6.875754,79.892291,3
3702142135,6.875605,79.892458,3
3702142136,6.875905,79.892316,3
3702142140,6.875541,79.892126,3
3702142150,6.875444,79.892263,4
3705965291,6.932817,79.89355,3
3708794359,7.527706,81.018311,3
3710121977,7.694751,80.652109,3
3710127155,7.679098,80.662524,1
3710297373,6.961549,79.996498,3
3718488870,7.250956,80.450594,3
3718488871,7.251197,80.449881,3
3718488874,7.251136,80.450005,3
3721669276,6.35273,81.039348,3
3721669277,6.352761,81.03942,3
3726222385,6.325876,81.055722,3
3726222386,6.325968,81.055767,3
3730047332,6.906798,81.559661,3
3731371610,6.891352,79.928926,4
3731372276,6.891305,79.928861,4
3737231765,7.123349,80.067147,3
3738834813,7.272944,80.604166,3
3738834815,7.272681,80.603878,4
3739999316,7.360669,80.307143,3
3742192393,6.892317,79.862299,3
3742192428,6.888089,79.864247,4
3742213226,6.891961,79.862466,4
3742213227,6.89199,79.862554,3
3742220437,6.89035,79.863801,4
3742220438,6.890331,79.863723,3
3742220439,6.890421,79.8637,3
3742220440,6.890438,79.863778,4
3745318479,7.081635,80.468983,3
3749027775,6.241666,80.050391,2
3751644917,6.14303,80.81228,3
3751644923,6.143172,80.81223,3
3751644927,6.143201,80.812304,3
3751644929,6.143224,80.812181,3
3751644931,6.143253,80.812312,3
3751644936,6.143292,80.81221,3
3751644937,6.143302,80.812257,3
3753591216,8.758955,80.500266,3
3753591917,8.754674,80.498351,3
3753678121,7.834917,80.539516,1
3756752965,7.201205,80.563315,3
3758716316,7.254495,80.576721,3
3760127505,7.145648,81.054737,3
3763282547,7.155532,80.368209,3
3764676928,6.938581,79.852836,2
3764721073,6.913217,79.851069,3
3764721086,6.913102,79.851157,3
3770168315,7.090838,79.991998,3
3770168316,7.090956,79.992175,3
3770695580,7.220917,81.028215,3
3771334922,6.04815,80.733502,3
3771334938,6.048252,80.733456,3
3771334945,6.048286,80.733513,3
3771886827,6.680349,80.400314,3
3771891851,6.679982,80.40177,3
3771891854,6.680275,80.402308,3
3773265561,7.194448,81.022168,3
3773786519,7.152475,81.004379,3
3774582589,6.849483,79.866038,3
3775399923,7.021346,81.053984,3
3775419137,7.0242,81.044817,3
3777579457,7.321926,80.392594,2
3778393944,6.147486,80.763423,3
3778393945,6.147499,80.763366,3
3778393947,6.147519,80.76349,3
3778393948,6.147542,80.763506,3
3778393953,6.147622,80.763509,3
3778393954,6.147621,80.763323,3
3778593800,7.024679,81.033078,1
3780516705,6.967602,79.90132,3
3780516724,6.96794,79.901555,3
3780823908,7.271508,80.605407,3
3780823919,7.271639,80.605488,3
3780934113,7.271434,80.605516,3
3781723165,6.934293,79.845036,3
3781723175,6.936171,79.845015,4
3784064218,7.12379,79.924442,3
3784921861,6.251703,80.783916,3
3785620361,7.395507,80.321703,3
3794028977,7.254567,80.352836,3
3794035028,7.252924,80.343195,4
3796385433,7.252766,80.342274,3
3797644263,7.092296,79.992303,3
3797644275,7.092415,79.99225,3
3797644308,7.092756,79.990642,3
3797730069,7.091167,79.991688,4
3798986721,7.093406,79.993882,2
3798986723,7.093444,79.993924,2
3799725188,7.092437,79.992368,3
3799736775,6.931916,79.858961,3
3799742997,7.091005,79.991598,3
3799756193,7.092472,79.995272,3
3799780749,7.091218,79.999476,3
3799780751,7.091125,79.999317,3
3799780752,7.091212,79.999398,3
3799780753,7.090988,79.999357,3
3799780754,7.09109,79.999312,3
3799781562,7.090972,79.999513,3
3801712230,7.275936,81.532947,3
3803143155,7.253512,80.348138,3
3803143156,7.253462,80.348144,3
3803459185,7.139478,80.638663,1
3803845891,6.805943,79.926484,3
3803918467,9.684498,80.008096,3
3804176571,6.87695,79.92638,3
3804182781,7.325249,80.626158,4
3804182806,7.330401,80.63283,1
3804229985,9.816433,80.135192,3
3804306277,8.567566,81.231873,3
3804306281,8.570483,81.237903,3
3805434522,8.587504,81.206283,3
3805442686,8.584301,81.226379,1
3805786089,7.308031,80.637491,3
3805872149,7.13922,79.87265,3
3805872958,7.139639,79.874716,4
3805872959,7.139648,79.874782,3
3808444503,7.004844,79.954166,3
3808874253,6.897652,79.860595,3
3808874254,6.89762,79.860116,4
3809341382,8.454013,81.26666,2
3809341386,8.455352,81.26129,2
3810784671,7.267864,80.596816,3
3810927781,7.2767,80.596624,3
3812152952,7.139125,79.86924,1
3813344287,7.4243,80.616627,3
3814567154,9.09119,80.898342,1
3815798282,6.995051,81.054096,2
3815809876,6.967776,80.767569,3
3815814909,6.967591,80.767568,3
3816390084,6.978388,79.927534,3
3816390091,6.977986,79.927687,3
3816444769,6.939122,79.854089,3
3816444773,6.93913,79.854283,3
3816444779,6.939004,79.854114,3
3816444781,6.93906,79.854083,3
3816444787,6.939154,79.854266,3
3816444789,6.938985,79.853986,3
3816448619,6.946258,79.871423,3
3816584562,7.073426,80.016941,3
3817590031,7.250366,80.368071,3
3819995230,6.973874,80.767003,3
3820002302,6.971699,80.766844,3
3820002304,6.971869,80.766859,3
3820002325,6.971772,80.766795,3
3822116980,6.93614,79.845319,3
3822124809,6.903736,79.852196,3
3822138072,6.904008,79.869426,3
3822138073,6.903953,79.869187,3
3822138405,6.904387,79.869281,3
3822140391,6.909952,79.863313,3
3822140401,6.909989,79.86357,3
3822164769,6.87558,79.861008,4
3822202809,6.934012,79.844728,3
3822223767,6.918737,79.86142,4
3822724026,7.322156,80.991396,3
3822724027,7.321656,80.989575,3
3822728700,7.32222,80.989555,3
3822752112,7.340512,80.993023,3
3822754793,7.340105,80.992316,3
3825024064,6.94204,79.82639,1
3825059831,6.934536,79.859394,3
3825202161,6.931313,79.842327,3
3825202164,6.931563,79.842341,3
3825207097,6.931924,79.842193,3
3827971307,6.264603,80.691295,3
3827971310,6.264703,80.691417,3
3827971313,6.264876,80.691245,3
3836856289,7.383178,81.227773,3
3848606598,6.875956,79.934908,4
3849049820,7.081141,79.890842,4
3849049823,7.081037,79.890751,3
3851226779,7.015368,79.898415,3
3851353586,7.282882,80.324716,3
3856554872,7.351328,80.68254,3
3861760657,6.902138,79.919108,3
3861760731,6.903199,79.911524,3
3864419806,6.978178,79.927346,4
3864419811,6.978281,79.927321,3
3867253810,8.044244,80.445314,3
3871134706,7.166836,80.572346,3
3871146838,7.166792,80.572435,4
3871146840,7.166695,80.57239,4
3871146844,7.166748,80.572297,3
3881591515,7.34478,80.993935,3
3883403616,7.078299,80.144229,3
3883403617,7.078503,80.144393,3
3883403618,7.078484,80.144702,3
3883403620,7.078513,80.144435,3
3883403623,7.078552,80.144314,3
3883403628,7.078622,80.144479,3
3883403630,7.07866,80.144453,3
3883403631,7.078672,80.144355,3
3884338673,6.98474,81.060301,3
3887468599,6.87681,79.927949,3
3891382236,7.091094,79.997469,3
3893849748,6.946634,79.856488,3
3893909443,6.914242,79.864735,3
3893909444,6.914196,79.864517,3
3893909450,6.914161,79.864407,3
3896044935,6.909568,79.896369,3
3896381287,9.744313,79.921032,4
3896381289,9.744399,79.920877,3
3896381292,9.744415,79.920992,3
3896381294,9.744394,79.921015,3
3896381298,9.744253,79.920917,3
3896381300,9.744273,79.920882,3
3896381303,9.744367,79.920858,3
3896381309,9.744168,79.921114,3
3897543544,7.593186,80.840613,3
3898518037,8.502518,81.180326,3
3898518038,8.502541,81.18048,3
3899387299,7.916053,81.520739,3
3899387301,7.915795,81.521032,3
3899387302,7.915743,81.521118,3
3899387303,7.915853,81.521185,3
3902482137,6.840738,79.901792,3
3902482140,6.840829,79.901869,3
3902482142,6.840849,79.901515,3
3902482146,6.840934,79.901678,4
3902482152,6.841062,79.902004,3
3902482154,6.84115,79.90197,3
3902482859,6.841259,79.901528,3
3902482860,6.841306,79.901628,3
3906319524,7.242011,80.787263,1
3914008960,6.841472,79.964518,3
3914008962,6.842141,79.964826,3
3922266713,6.936494,79.846785,3
3927772231,7.072982,80.2693,3
3927772236,7.072885,80.269201,3
3927772244,7.073063,80.269224,3
3935855296,5.968791,80.422123,3
3935855297,5.968838,80.42193,3
3935855298,5.968964,80.422119,3
3937646623,7.547079,80.815383,3
3937651729,7.582186,80.821722,3
3937818064,6.715635,80.38498,3
3937818066,6.715607,80.384988,3
3937818079,6.7155,80.384866,3
3937818080,6.715504,80.384852,3
3937818091,6.715633,80.384799,3
3937818093,6.715657,80.384813,3
3937818099,6.715478,80.384523,3
3937818139,6.716033,80.384906,3
3937837818,6.705202,80.38509,3
3937837820,6.70557,80.384822,3
3937837832,6.705471,80.384758,3
3937837841,6.705405,80.384809,3
3937837843,6.70549,80.384934,3
3937837848,6.705769,80.38453,3
3937837959,6.705573,80.384844,3
3937837967,6.705506,80.384932,3
3937903239,6.931984,79.85897,3
3945809610,6.841702,79.964625,3
3945844315,6.841999,79.964462,3
3960797183,6.028473,80.794716,3
3960797187,6.028503,80.794843,3
3960797188,6.028532,80.79468,3
3960797189,6.028537,80.794853,3
3960868163,6.032746,80.79646,3
3964852181,6.912853,79.855263,3
3964896717,6.910986,79.882053,3
3964910415,6.910821,79.881521,3
3983328377,7.2719,80.605874,3
3983328743,7.271554,80.60561,3
3983329763,7.271562,80.605406,3
3983329767,7.271641,80.605507,3
3991976934,7.299114,80.635304,1
3998773392,7.224282,81.827923,3
3998841948,7.290769,80.60715,3
3999196805,7.29359,80.63346,3
4001647875,8.646913,81.171228,1
4004597816,7.291249,80.637419,3
4004620069,7.293161,80.635143,3
4004620073,7.293024,80.635001,3
4004620076,7.293139,80.634927,3
4004620078,7.293034,80.63498,3
4004620083,7.293221,80.63498,3
4004620085,7.293114,80.634928,3
4004621090,7.293264,80.633433,3
4004630079,7.293086,80.63531,3
4006801962,7.183143,80.454584,3
4011680781,6.881386,79.870062,3
4011682730,6.882212,79.869528,3
4019244692,7.307013,80.634597,3
4019244695,7.306904,80.634571,4
4019244724,7.307042,80.634767,3
4019531402,6.800999,79.934714,3
4020226660,7.15814,81.722691,1
4032560667,7.258082,80.599459,3
4032560674,7.258381,80.599591,3
4032560683,7.258582,80.599588,3
4034893256,9.616204,79.807653,1
4045295806,6.48045,80.702287,3
4045751170,6.595934,80.4577,3
4045751172,6.595789,80.457748,3
4045751173,6.595892,80.457853,3
4046368469,6.956556,79.860521,3
4046368474,6.956519,79.860666,3
4056840093,6.908824,79.898676,3
4059337439,6.565444,79.999682,3
4062722950,8.587237,81.215179,3
4062722953,8.587424,81.215139,3
4062722959,8.587412,81.215111,3
4062727240,8.587106,81.215358,3
4067142475,6.878041,81.829023,3
4067142483,6.878097,81.828906,3
4067142493,6.878183,81.828979,3
4067964375,7.478357,80.374147,3
4067964376,7.478451,80.37412,3
4067964377,7.478433,80.374004,3
4067967894,7.47377,80.390458,3
4068148608,7.09217,79.993046,3
4069776491,6.842061,80.985029,1
4070798087,6.905418,79.920859,1
4071257592,6.872867,81.350689,3
4071257595,6.872785,81.350674,3
4071257597,6.872773,81.350638,3
4071257599,6.872809,81.35058,3
4074853003,7.676054,81.571489,1
4082665360,8.041531,80.953288,3
4082665365,8.041577,80.953215,3
4082665380,8.041682,80.953287,3
4085806761,7.15481,80.057777,3
4085806765,7.154914,80.05811,3
4086635248,7.470232,80.04651,3
4086665691,7.468846,80.026492,3
4087054248,7.198719,79.854363,3
4087054249,7.198637,79.854176,3
4087054250,7.198562,79.85453,3
4087054259,7.198519,79.85446,4
4087054262,7.198556,79.854236,3
4087054265,7.198369,79.854536,3
4087081915,7.219309,79.844959,3
4096475956,7.272624,80.603836,3
4096475975,7.272692,80.603736,3
4096475976,7.272748,80.603777,4
4099698756,8.334489,80.392855,3
4099698758,8.334596,80.392722,1
4099698761,8.3349,80.393251,4
4099698764,8.334645,80.393308,3
4099698765,8.334616,80.393444,3
4099707534,8.344587,80.391773,3
4099707550,8.334746,80.396895,3
4099888815,8.344635,80.391659,3
4099888824,8.344683,80.391769,3
4108748752,6.924352,80.606283,3
4108748760,6.925229,80.608955,3
4108749709,6.929146,80.607586,3
4109470048,6.961167,80.52701,1
4124299560,6.974048,80.901955,3
4124299576,6.972727,80.899302,1
4136824661,9.661908,80.081922,3
4136824662,9.661981,80.081524,4
4136824664,9.662059,80.081689,4
4136824665,9.662098,80.081465,3
4136868890,9.658966,80.163613,3
4136868892,9.659153,80.163658,3
4136994000,9.313861,80.696709,3
4136994005,9.313951,80.696461,3
4136994008,9.31479,80.694085,3
4137095171,8.759301,80.500075,4
4137184213,8.977269,79.913686,3
4137190998,8.976879,79.914066,3
4137190999,8.977233,79.913819,3
4137198917,8.97729,79.913778,3
4137314869,9.503818,80.211968,3
4137314871,9.503973,80.212238,3
4137314875,9.504011,80.212346,3
4137314878,9.504071,80.212155,3
4137314879,9.504114,80.212545,3
4137314881,9.504116,80.212163,3
4137314884,9.504157,80.212328,3
4137314887,9.50418,80.212263,3
4137314888,9.504385,80.212027,3
4137349471,8.320803,80.381545,3
4137349478,8.320851,80.381474,4
4137349479,8.320861,80.381625,3
4137349482,8.320939,80.381518,3
4137349486,8.320941,80.381563,3
4137349488,8.321198,80.381946,3
4137353395,8.321251,80.381898,3
4137353396,8.321285,80.382009,4
4137353401,8.321304,80.38194,3
4137359438,8.331577,80.403453,3
4137359439,8.332173,80.402603,3
4137359440,8.332315,80.403262,3
4137371244,8.355659,80.416519,3
4137371245,8.355725,80.416834,4
4137378450,8.553629,80.485686,3
4137378452,8.553648,80.485649,3
4137378455,8.553698,80.485823,3
4137378456,8.55373,80.485606,3
4137378458,8.553769,80.485612,3
4137378462,8.553841,80.485692,3
4137378464,8.554175,80.485869,3
4139418521,8.587268,81.206204,3
4139420762,8.587347,81.214732,3
4139420763,8.587635,81.215292,3
4139440649,8.580579,81.223168,3
4139580626,8.222268,80.522596,2
4139586563,8.327356,80.361091,3
4140943329,8.030307,79.853412,3
4140943332,8.03039,79.853709,3
4140943337,8.030474,79.853643,4
4140943341,8.030545,79.853809,4
4140985755,8.025912,79.847188,3
4140985756,8.029848,79.831418,3
4140985775,8.030448,79.828463,3
4142250033,7.161858,80.573537,3
4142250035,7.161725,80.573635,3
4142435846,7.159722,80.564882,3
4142435847,7.16005,80.565157,3
4142435849,7.159699,80.565084,3
4142435852,7.159708,80.565022,4
4147052689,6.989764,79.892563,3
4152511797,6.990017,79.892808,3
4152530090,6.956005,79.888214,3
4152530093,6.95574,79.888138,3
4152530101,6.955796,79.888254,3
4158784481,7.995976,80.537789,3
4177584094,7.281437,80.666471,3
4177584096,7.281451,80.66643,3
4177584099,7.281272,80.666484,3
4191945359,6.291258,80.637973,3
4191945360,6.291264,80.637853,3
4191945364,6.291393,80.637828,3
4191945367,6.291444,80.637931,3
4192345640,7.132982,79.888786,4
4192345643,7.132978,79.888416,4
4192345790,7.133357,79.888564,4
4197383649,6.91166,79.858123,3
4202427002,7.153733,80.062118,3
4202427008,7.15372,80.06159,3
4202427009,7.153661,80.061396,3
4202427022,7.153892,80.061864,3
4202427024,7.153993,80.061742,3
4207369014,6.287194,80.539727,1
4212767857,7.785088,81.591057,3
4228041368,6.908406,79.929351,3
4231244456,7.101243,79.910207,3
4231244457,7.101385,79.910343,3
4231244458,7.101375,79.910352,3
4231244463,7.101691,79.910307,3
4231278232,7.090451,79.992988,3
4231278237,7.090088,79.99374,3
4231323484,7.086818,79.890628,4
4231371016,7.084947,79.89324,3
4231371023,7.084946,79.893148,3
4248201234,8.574589,81.23962,3
4254145897,8.681617,81.188612,1
4267522204,6.336958,80.558938,3
4268469890,7.618727,80.207055,3
4316825579,7.223838,79.879715,4
4324726612,6.900412,79.86644,4
4328912486,6.944448,79.866577,3
4328924651,6.951026,79.874186,4
4328924652,6.950301,79.873957,3
4328924653,6.950964,79.874159,3
4328924663,6.945796,79.868513,1
4328924665,6.945938,79.868432,3
4328944046,6.944396,79.866635,4
4328944072,6.949341,79.87237,3
4328944074,6.94942,79.872292,3
4336068793,8.366473,81.003044,3
4365280087,6.830523,80.988859,3
4365280289,6.830492,80.988894,3
4365280291,6.830408,80.988893,3
4365280295,6.830372,80.98881,3
4365280299,6.830461,80.988745,3
4365280300,6.830485,80.988752,3
4372070251,8.575267,81.24133,1
4375137197,7.082416,79.868299,3
4375640154,7.137911,79.869414,1
4376985006,8.356363,81.386769,1
4388603895,6.956478,79.882786,3
4388603896,6.95658,79.882698,3
4394543338,7.37075,80.527641,3
4396503415,7.995592,80.270575,3
4397554917,8.039794,80.755382,3
4406211219,8.161274,80.299967,3
4407921050,8.342742,80.409044,3
4407921051,8.342647,80.409278,3
4407921053,8.343065,80.409444,3
4407921055,8.342788,80.409454,3
4408220354,5.976771,80.698511,3
4408220358,5.976886,80.698753,3
4408220362,5.976982,80.698687,3
4422642586,6.943432,79.878319,3
4422645697,6.943672,79.877826,3
4426787286,6.981259,79.88813,3
4426797157,6.963766,79.881639,3
4428081251,7.154686,80.38917,1
4430564637,7.077644,80.644694,3
4439545826,9.704517,80.069372,4
4445128968,7.65676,80.369757,3
4446651425,7.168016,79.883117,3
4446651431,7.167914,79.882953,4
4446651438,7.16761,79.882934,3
4457419930,6.94993,79.916941,3
4457853567,6.934432,80.559078,1
4476504845,6.9669,79.899754,3
4478228996,7.32814,80.024081,1
4507913122,6.939583,80.660292,3
4509879174,7.283647,81.043901,3
4513240962,6.889141,79.876844,4
4513240966,6.888929,79.876846,3
4513240969,6.889342,79.876855,3
4513240970,6.889196,79.876992,3
4515020714,6.91877,79.847264,3
4515020715,6.918737,79.847172,3
4515020730,6.914118,79.848739,3
4515020731,6.914136,79.848815,3
4527627326,7.569341,81.734384,3
4527825395,7.514619,81.782177,3
4529659709,7.490576,81.774938,1
4529801636,7.569641,81.734434,3
4548513547,7.490378,80.365124,3
4548545184,6.935946,79.984076,3
4550021668,9.797851,80.186246,3
4550021670,9.806241,80.185879,3
4577768759,6.934214,79.855532,3
4577776882,6.934541,79.855836,1
4580840142,6.874744,79.900556,3
4582456531,6.870435,79.887024,4
4582456543,6.869178,79.890003,4
4585299247,7.064004,80.011123,4
4599114497,6.984558,81.060297,3
4599114503,6.984632,81.060238,3
4600910031,7.339447,80.131258,3
4621924226,6.95594,79.887974,3
4624585754,6.951101,79.87408,4
4663255502,6.710489,79.907456,3
4663300583,6.719713,79.900994,1
4674059874,7.927462,81.530978,1
4678368698,6.931129,79.882676,3
4678368699,6.930973,79.882706,3
4692166467,6.90851,79.894605,3
4692166486,6.908283,79.894681,3
4693290694,7.266227,79.860435,4
4693290695,7.266298,79.860404,3
4706187708,9.663656,80.005706,3
4712510859,7.712291,81.710239,3
4724027713,6.764653,80.011691,3
4728795356,7.289763,80.631513,1
4729747107,6.201583,80.276716,3
4729747389,6.197948,80.27472,3
4730103455,6.201401,80.303487,3
4755847830,6.893486,79.937625,3
4755854822,6.907264,79.929751,3
4761516411,6.121292,80.744851,3
4762385860,6.949108,80.405604,1
4767111697,6.977652,80.904569,3
4781584814,7.213168,80.754863,3
4781591822,7.213168,80.754902,3
4781591824,7.213021,80.754963,3
4781591826,7.213078,80.754978,3
4781591828,7.213019,80.754801,3
4781591830,7.213078,80.754784,3
4781602735,7.213249,80.754996,3
4784496253,7.003224,79.956355,3
4784496254,7.00307,79.956334,6
4784496273,7.003125,79.956254,2
4785723709,7.009419,79.965472,3
4785723989,7.010946,79.966544,3
4785723991,7.010825,79.966227,3
4785723992,7.010688,79.966409,3
4785724017,7.011034,79.966354,4
4787694002,7.034923,79.990603,3
4789587324,7.052459,80.004228,3
4789587325,7.052423,80.004281,3
4789942110,7.073283,80.016256,3
4790000815,7.066471,80.012241,3
4790000816,7.06669,80.012246,3
4790001153,7.066652,80.012323,4
4790019632,7.07334,80.0162,4
4790019634,7.07327,80.016123,4
4790019635,7.074073,80.015405,3
4790030893,7.073585,80.016608,4
4790030894,7.073705,80.016637,3
4790030895,7.073636,80.016556,3
4790030896,7.073652,80.016689,4
4793209901,6.914834,79.877668,4
4796114651,7.258384,80.5994,3
4796114654,7.2586,80.599433,3
4796130131,6.028251,80.218443,1
4798976659,6.911314,79.876272,3
4807150323,7.877648,80.011018,3
4807150328,7.877725,80.01093,4
4807150331,7.877695,80.010999,3
4807150333,7.877561,80.010926,4
4807150335,7.877586,80.010876,3
4807150337,7.877636,80.010852,3
4807150338,7.877962,80.010618,3
4807150339,7.877327,80.011249,3
4807150340,7.877983,80.011001,3
4807150341,7.877377,80.010802,3
4809569429,7.322566,80.990668,3
4809569430,7.321983,80.990772,3
4814119737,7.340235,80.993991,3
4814119747,7.340196,80.993019,4
4814119752,7.340054,80.992871,4
4814119764,7.33974,80.992828,3
4814119777,7.340206,80.992892,4
4814119780,7.340038,80.99301,4
4814119802,7.340312,80.994084,4
4814119803,7.340313,80.993995,4
4814119811,7.340237,80.994088,3
4814119812,7.340226,80.994503,4
4814119816,7.343487,80.993986,4
4814119818,7.343484,80.993916,3
4814709482,6.95898,79.875922,3
4814709483,6.958966,79.875626,3
4814710055,6.958505,79.87593,3
4814710056,6.958558,79.876086,3
4815668572,7.092581,80.798564,3
4815668922,7.092782,80.797316,3
4817216282,6.903517,79.909655,3
4817240135,6.907973,79.929334,3
4836504654,6.813612,80.915658,1
4837295492,7.135066,81.218834,3
4838849617,6.12262,81.023863,3
4838908981,6.893818,79.935568,3
4851065488,6.623333,80.543383,3
4851065489,6.623671,80.542844,3
4851065496,6.62341,80.543094,3
4851065502,6.62349,80.543157,3
4851066124,6.623393,80.543178,3
4851072864,6.623403,80.543188,3
4851072866,6.623388,80.543115,3
4851072874,6.623462,80.543193,3
4851094548,6.606276,80.611103,3
4860202575,6.848275,79.897781,4
4863310661,7.569497,81.734336,3
4863310667,7.569516,81.734346,3
4863310671,7.569604,81.734285,3
4863310705,7.56947,81.734267,3
4877035512,7.144528,80.855916,3
4877071672,7.130296,80.842911,3
4881181012,7.698719,81.718192,3
4884114552,8.089937,80.637861,3
4884835156,5.958968,80.564382,1
4884835157,5.958899,80.564373,1
4884835162,5.957375,80.564389,1
4885745120,5.944602,80.549931,4
4891890159,6.648363,80.701878,4
4891890160,6.652203,80.697964,3
4891891342,6.647404,80.701284,3
4891891427,6.653057,80.698478,3
4891891439,6.653025,80.698409,3
4891891444,6.653286,80.698218,3
4897028998,6.976569,80.764514,3
4897029032,6.973108,80.771965,3
4900167756,7.321004,80.996673,3
4903819698,7.873027,80.650196,3
4903819699,7.872989,80.650265,3
4903819840,7.864792,80.644294,4
4903819843,7.86594,80.64513,3
4904045485,6.522578,80.114357,3
4905293870,7.488494,80.365557,4
4911274820,7.871937,80.651066,3
4911274821,7.871942,80.650991,3
4913504514,7.80839,80.076525,3
4913540652,7.99267,79.897298,3
4914548524,8.093109,80.574388,3
4918978047,7.325268,80.99052,3
4919739452,7.326828,80.990746,3
4921918932,7.145707,81.204414,1
4924643886,7.239231,80.784254,1
4929241571,7.248562,80.343476,1
4929241573,7.248708,80.343598,3
4929241586,7.247822,80.343227,5
4929241606,7.250824,80.368325,3
4929241607,7.250532,80.368116,3
4929241610,7.25078,80.367834,3
4929241611,7.25053,80.368074,3
4929241872,7.248188,80.350982,3
4929241873,7.24821,80.351047,3
4929241877,7.248057,80.350777,3
4929241911,7.248056,80.343256,4
4929241931,7.247987,80.342962,3
4929241932,7.248034,80.343197,4
4929241947,7.248221,80.343574,3
4929242043,7.251396,80.334998,3
4929242050,7.251408,80.335132,3
4944052730,7.494,80.375222,3
4944052746,7.49288,80.366784,3
4944055432,7.487313,80.365143,3
4944055507,7.48716,80.364719,3
4944055508,7.487073,80.364967,4
4944055634,7.487134,80.364992,4
4955880071,6.829077,79.965594,3
4955880477,6.82887,79.965728,3
4959610635,7.54591,81.377528,3
4963408990,7.086632,80.03246,3
4963408992,7.086046,80.033431,4
4963408994,7.085983,80.033362,4
4973240984,6.830583,80.989511,3
4973240985,6.830686,80.989423,3
4987786790,6.073843,80.562276,3
4987786791,6.07339,80.562059,3
4987786794,6.073557,80.562403,3
4990131983,7.649646,80.928711,1
4996622455,6.768521,80.006313,3
4996622511,6.781727,79.994733,3
5003691358,6.65207,80.177254,3
5007247077,6.922693,79.91321,3
5018474141,6.855906,81.021408,2
5030096474,7.519867,80.930152,3
5037942619,6.877225,79.869487,4
5041222126,6.068783,80.601346,3
5051771419,7.782817,80.39792,3
5051771522,7.782718,80.397941,3
5051771525,7.782728,80.398044,3
5051771529,7.782849,80.398017,3
5052793627,7.829227,80.301706,3
5052793628,7.829415,80.30173,3
5055655447,8.355823,80.417918,3
5055655450,8.355802,80.417941,3
5055655453,8.355839,80.418053,3
5055655457,8.355921,80.418014,3
5055655461,8.355813,80.41804,3
5055655462,8.355911,80.417935,3
5055655471,8.355966,80.41827,3
5058440372,6.950744,79.87399,3
5058440381,6.951113,79.874214,4
5058440382,6.951183,79.874111,4
5059861884,7.216827,81.060933,3
5064507311,6.941528,79.98719,4
5064507312,6.941553,79.987268,4
5064507313,6.941639,79.987268,3
5064507314,6.941612,79.987187,3
5064507626,6.94277,79.989732,3
5064507637,6.938346,79.987077,3
5064507638,6.938366,79.987001,3
5064507639,6.940036,79.98723,3
5064507640,6.940038,79.98715,3
5075907874,7.777189,80.81702,2
5075907880,7.777229,80.816914,2
5075907972,7.777561,80.81842,3
5120237603,7.266104,80.592651,3
5120237611,7.275372,80.599745,3
5120237612,7.275305,80.599713,3
5120422165,7.201914,80.926639,1
5122515798,6.943059,79.923575,3
5124153327,6.833012,80.870178,1
5126464943,9.773195,79.969379,3
5126464949,9.773177,79.969199,3
5126464959,9.773296,79.969298,3
5139375451,7.266134,80.596441,4
5140888508,7.248124,80.343196,4
5142136907,6.155039,81.148794,4
5142136908,6.155003,81.14873,4
5142136909,6.155465,81.106018,3
5142136910,6.155484,81.105789,3
5144316608,6.154959,81.148846,3
5144316609,6.154924,81.148779,3
5144316831,6.1529,81.144578,4
5146025948,6.838349,79.980216,1
5153458214,7.045755,80.253827,3
5153458215,7.04596,80.25379,3
5153486356,7.104167,80.336636,3
5153486366,7.104056,80.335644,3
5156577884,8.640761,80.669805,3
5156577885,8.640793,80.669908,3
5156577886,8.640903,80.669873,3
5156577888,8.640862,80.669765,3
5157977021,6.89482,79.924507,3
5157977022,6.894963,79.924296,4
5158364149,6.923364,79.913495,3
5158364156,6.923333,79.913213,3
5159312518,7.321888,80.392022,3
5169879054,8.030122,79.831224,3
5169879060,8.030186,79.831167,3
5169879064,8.03007,79.831221,3
5169879067,8.030011,79.831139,3
5169879070,8.030063,79.831053,3
5169879074,8.030183,79.831097,3
5180475383,6.917037,79.850376,3
5182773491,6.03211,80.217288,3
5182838447,6.034565,80.217041,3
5190957525,6.95633,81.031993,3
5197144862,6.967766,79.902329,3
5197144866,6.967826,79.901562,4
5197144868,6.967909,79.901623,3
5202070937,6.718195,80.198744,1
5202667325,7.928959,80.686857,3
5212489397,5.952619,80.535191,4
5212489400,5.957534,80.530917,4
5212490345,5.958578,80.530052,3
5212490356,5.954874,80.533495,3
5214681742,6.876579,79.926887,3
5216483982,6.971797,79.885618,3
5216483988,6.971796,79.886177,3
5216483990,6.972552,79.886275,3
5216483996,6.971889,79.886213,3
5217538839,9.262575,80.811265,3
5217865786,6.892085,79.877047,3
5217865787,6.892097,79.876931,3
5217865790,6.892304,79.876698,3
5220461443,6.921187,79.871228,4
5222832139,6.649673,80.178008,3
5222832213,6.650578,80.177676,3
5222832228,6.646224,80.179431,3
5222832229,6.646253,80.179498,3
5222832230,6.645235,80.179817,3
5222832354,6.6496,80.177876,3
5222832359,6.649486,80.177972,3
5222832362,6.649536,80.178057,3
5222832369,6.649672,80.177933,3
5222832372,6.651125,80.177473,3
5222832381,6.651128,80.177562,3
5222832390,6.652102,80.177326,3
5225962162,7.656449,80.369687,3
5225962163,7.656962,80.369354,3
5225962164,7.656623,80.369206,3
5225962166,7.65678,80.369372,3
5225962167,7.656754,80.369367,3
5225962170,7.656682,80.369404,3
5225962171,7.65667,80.369432,3
5225962174,7.656735,80.369532,3
5225962178,7.656814,80.369505,3
5225962180,7.656834,80.369454,3
5229028214,7.433329,80.560785,3
5229420028,8.069235,80.536242,3
5231755675,8.069181,80.536537,1
5231755680,8.068928,80.536548,3
5232275453,6.29775,81.099576,3
5232275461,6.296541,81.098038,3
5232275477,6.30151,81.1126,2
5232275515,6.301001,81.113471,2
5232614480,6.72715,79.900555,3
5232991034,6.310225,81.112543,3
5233976058,6.530863,80.396533,3
5233976061,6.531061,80.396416,3
5233980319,6.531088,80.396444,3
5234940056,6.032512,80.2168,3
5234940057,6.032509,80.216716,3
5234940060,6.032386,80.217196,3
5234964214,6.037619,80.226831,3
5234967326,6.035059,80.216984,3
5237375206,6.53116,80.396517,3
5237438508,6.531305,80.396644,3
5237438509,6.530932,80.396544,3
5237448594,6.90792,79.929913,3
5237448596,6.907884,79.930004,3
5237467094,6.907388,79.929791,3
5237467113,6.908259,79.929382,3
5237485233,7.250794,80.368069,3
5237485234,7.2508,80.36813,3
5239209325,6.907996,79.92968,3
5239209328,6.907997,79.929387,3
5239569079,7.343663,80.550324,3
5239599858,7.381288,80.586476,3
5245953959,7.486682,80.36658,3
5245953965,7.486743,80.366727,3
5245953969,7.486801,80.366619,3
5245953970,7.486781,80.366589,3
5248343437,7.488771,80.36202,4
5248343448,7.487222,80.364731,3
5248343520,7.486814,80.364863,3
5248343532,7.481993,80.361017,3
5252242470,6.898145,80.592587,3
5252242482,6.898129,80.592661,3
5252242488,6.898034,80.592531,3
5252242493,6.89802,80.592678,3
5255462083,9.66556,80.009322,3
5257292853,8.345545,80.392713,3
5257292855,8.345358,80.393191,3
5258083976,6.377386,80.36097,3
5258083979,6.377323,80.360985,3
5258083985,6.377344,80.361085,3
5258083989,6.377411,80.36107,3
5264919265,6.73982,80.273725,3
5270751465,8.045173,79.921934,1
5272770101,6.885435,79.876743,4
5273425373,7.166652,80.572612,3
5273425374,7.166565,80.572257,3
5276999751,6.900195,79.926944,3
5276999759,6.893264,79.935305,3
5276999774,6.893472,79.93529,3
5277143310,6.890951,79.928861,3
5280287630,7.011124,79.966321,3
5280287631,7.011067,79.966287,3
5286754885,7.154992,81.223921,3
5286960407,7.131341,81.2072,1
5289221658,7.379302,81.626625,3
5289221774,7.382005,81.632815,1
5294022980,6.045788,80.225187,3
5294130394,6.682274,80.403082,2
5294130771,6.680504,80.407174,2
5299485480,6.679506,80.405227,3
5300880923,6.679639,80.401907,3
5300884107,6.680458,80.402248,3
5300890594,6.680343,80.402412,3
5302260364,8.035156,80.599689,3
5302260374,8.039879,80.598278,3
5302260378,8.035185,80.599794,3
5302260392,8.03989,80.598383,4
5302260394,8.039941,80.598338,4
5302260404,8.03478,80.599845,3
5303291025,6.680045,80.401507,3
5303291031,6.680292,80.400543,3
5303300108,6.684363,80.396713,3
5304819149,6.679829,80.401877,3
5304819153,6.679816,80.401783,3
5304819155,6.679868,80.401732,3
5315984574,7.099128,79.991333,3
5315984604,7.091212,79.996309,3
5315984609,7.091144,79.99811,3
5315984610,7.091163,79.997473,3
5315988823,7.091521,79.994835,3
5315988824,7.091662,79.994817,3
5315988825,7.091609,79.994694,3
5315988834,7.091594,79.994863,3
5315988848,7.092156,79.990487,3
5315988872,7.090508,79.993017,3
5316437630,7.066887,80.012436,3
5316437631,7.066494,80.012612,3
5316437632,7.066515,80.012471,3
5316437634,7.066608,80.0123,4
5316468079,7.073206,80.016171,3
5319762817,7.334169,80.300157,3
5319762820,7.333543,80.30012,3
5319765722,7.329658,80.304102,3
5319765726,7.330104,80.303469,3
5320624320,7.321933,80.39181,3
5320624355,7.323244,80.389544,3
5320624371,7.321949,80.391727,3
5320624375,7.321975,80.391712,3
5320624385,7.32202,80.391845,3
5320624390,7.322061,80.391753,3
5320624392,7.324883,80.388194,3
5320836383,7.486794,80.364934,3
5330656812,7.333326,80.300205,3
5330656814,7.330014,80.303618,3
5342371002,7.329874,80.303636,4
5344838908,6.801579,79.935249,3
5344838927,6.805526,79.926304,4
5344838932,6.805158,79.926183,3
5344838936,6.805394,79.926333,4
5352135771,6.950323,79.917307,3
5352135772,6.950087,79.917236,3
5352135773,6.950063,79.917217,3
5352135783,6.950096,79.917318,3
5352929666,5.988445,80.324,3
5353821700,7.329847,80.303832,3
5353842347,7.334873,80.29941,3
5353863009,7.335478,80.300175,4
5363173432,6.99003,80.914123,1
5363283614,6.98211,80.92001,1
5364431661,8.320194,80.392883,3
5366204163,6.842067,80.0917,3
5366204208,6.842491,80.091593,3
5369721906,7.348798,80.679984,3
5372968715,6.933767,79.846893,3
5373596576,6.848315,79.897696,4
5373596579,6.848548,79.897682,3
5375634189,7.288009,80.64725,3
5445976497,9.664725,80.009716,3
5445976938,9.663153,80.005822,3
5446031365,9.665184,80.009246,3
5446060709,9.663434,80.005585,3
5456686498,6.088426,80.626054,3
5470351287,8.069079,80.536591,1
5474822523,9.662694,80.005206,3
5483879973,7.939524,81.000278,3
5488528980,6.922819,79.913388,3
5488683288,6.909703,79.895863,3
5502287924,9.665183,80.009395,3
5502287931,9.665065,80.009254,3
5507303478,7.251325,80.450146,3
5519615353,8.058177,80.552376,4
5522105422,9.680353,80.007879,3
5523265726,6.90323,79.91145,3
5526678658,9.68463,80.007731,3
5537436827,6.907684,80.525527,1
5547928141,7.326612,80.426164,3
5549855445,7.028221,79.921937,3
5559025440,7.00445,79.954172,3
5559025441,7.004666,79.954151,3
5559025442,7.005019,79.954235,3
5559025503,7.00193,79.951312,4
5559025764,7.001963,79.948982,3
5565782276,6.847854,79.92572,3
5576657112,8.549289,80.831806,3
5578290005,7.423523,81.058767,3
5578290006,7.423511,81.058962,3
5619440825,6.918938,80.49141,1
5635855093,8.755461,80.500443,2
5637989077,9.805629,80.188736,3
5644584039,7.549453,80.491042,3
5648828411,9.654251,80.018119,1
5648828412,9.654223,80.018145,1
5677985213,7.251238,80.450236,3
5693657962,7.293033,80.637749,3
5750995617,8.012936,80.106203,3
5759362469,6.891165,79.868477,3
5764078202,7.242053,80.211633,3
5771476347,5.97663,80.5184,3
5773844872,6.969604,79.954284,3
5773844885,6.96899,79.954039,1
5774134687,8.964992,80.525831,3
5785122163,8.342314,80.411876,3
5804555891,7.219483,79.845392,4
5804555894,7.219455,79.845479,3
5840217780,9.694093,79.94052,1
5841721869,7.072985,80.269119,3
5847955549,9.763449,80.029537,4
5904513234,6.945828,79.863464,4
5904513244,6.947407,79.862325,3
5904513250,6.947255,79.862169,3
5904513251,6.947338,79.862078,3
5904513255,6.947483,79.862126,3
5904513391,6.942529,79.862226,3
5904513396,6.943383,79.864174,4
5904513400,6.935652,79.866229,3
5904513412,6.943335,79.864288,4
5904513418,6.935633,79.866335,3
5904513428,6.941908,79.864949,4
5904513432,6.943296,79.864194,4
5904513433,6.943429,79.864267,4
5904513454,6.940103,79.854675,3
5904513456,6.941475,79.859861,1
5904513458,6.941797,79.859594,3
5904513461,6.941757,79.859802,3
5904513475,6.941699,79.85966,3
5904560300,7.167838,79.882842,4
5906022857,7.908248,81.533753,3
5907569563,7.331435,80.301768,2
5916583535,6.945714,79.863542,4
5916583536,6.94589,79.863544,3
5916583538,6.945777,79.863638,3
5944495992,7.426596,80.213551,3
5968325062,6.801177,79.934817,3
5968326761,6.801373,79.935022,4
5968356282,6.801245,79.93526,3
5968372641,6.795971,79.940805,3
5968372655,6.797445,79.940509,3
5968372656,6.797585,79.94045,3
5968372677,6.800129,79.938457,3
5968372697,6.801131,79.935256,3
5968372698,6.795679,79.940783,4
5968393656,6.801317,79.93496,4
5968393657,6.801284,79.935018,4
5968395016,6.805435,79.926274,4
5969036508,6.841355,79.96484,3
5969054769,6.841739,79.964389,3
5969063938,6.839343,79.969967,3
5974119995,8.355391,80.404029,3
5974119999,8.355218,80.404087,3
5997069098,6.290276,80.163482,1
6006772893,6.845364,79.929898,3
6006772899,6.845224,79.9298,3
6017749566,7.288722,80.495782,3
6021413404,6.274375,80.137999,3
6038408772,7.281786,81.527402,2
6038408773,7.282011,81.526906,2
6038850702,8.459836,80.818119,3
6052926619,8.830738,80.772911,3
6052926623,8.830788,80.772961,3
6052926625,8.830825,80.772955,3
6052926629,8.830856,80.772884,3
6082182374,8.403232,80.812386,1
6119394070,7.593995,80.840289,3
6130189220,7.308051,80.637459,3
6150896088,7.148547,81.254808,1
6209749472,7.294033,80.240591,3
6218784867,7.860957,80.641969,3
6218784868,7.861014,80.641899,3
6218784870,7.865998,80.645042,3
6225766462,6.967299,79.901146,3
6227950792,7.333498,80.299846,3
6227950795,7.333511,80.300054,3
6227950806,7.335273,80.300008,3
6227950822,7.329796,80.303633,4
6227950824,7.32987,80.303607,4
6227950826,7.329766,80.30337,3
6227950832,7.333692,80.299949,3
6227950833,7.33362,80.29991,3
6228139617,6.647545,80.701364,3
6228139618,6.647556,80.701338,3
6228139619,6.647438,80.701389,3
6228139620,6.647426,80.701381,3
6228139621,6.647536,80.701261,3
6230792100,6.908746,79.895168,3
6230885416,6.909331,79.896049,4
6233418792,6.9151,79.877264,3
6233578621,6.927269,79.865379,4
6233578631,6.927354,79.86543,3
6233616394,6.928294,79.864259,3
6233687374,6.976395,80.76416,2
6234042654,6.92305,79.8644,1
6234042655,6.923094,79.864418,1
6234042681,6.922743,79.864657,3
6234044303,6.923333,79.86469,3
6234164269,6.913904,79.864828,3
6234353185,6.918766,79.861354,4
6234353188,6.919512,79.859692,3
6234353218,6.918704,79.861317,3
6234403697,6.927835,79.85931,3
6234403700,6.927351,79.860229,3
6237004856,8.434613,80.260676,3
6237004866,8.434489,80.26082,3
6237004868,8.434603,80.260821,3
6237004881,8.434631,80.260149,3
6237004882,8.434518,80.260654,3
6237005686,8.434624,80.260689,3
6237005689,8.434623,80.2608,3
6237005691,8.434928,80.260714,3
6237005692,8.43437,80.261344,3
6247562214,6.131169,81.078922,3
6247562215,6.131197,81.078988,3
6247562238,6.126463,81.080481,3
6247562239,6.126448,81.080413,3
6247562240,6.125513,81.080744,3
6247562241,6.125495,81.080668,3
6247562243,6.124342,81.081079,3
6247562244,6.124323,81.080987,3
6247562246,6.121813,81.081764,3
6247562247,6.121792,81.081674,3
6247562250,6.116872,81.082694,3
6247562251,6.116996,81.082706,3
6247562270,6.117007,81.082588,3
6247562271,6.116879,81.082581,3
6247858271,6.184337,81.05815,3
6247858275,6.176012,81.060562,3
6247858276,6.173319,81.061256,3
6247858277,6.173341,81.061341,3
6247858278,6.172045,81.061722,3
6247858279,6.169143,81.062474,3
6247858280,6.169168,81.062564,3
6247997831,6.209423,81.046154,3
6247997832,6.209382,81.046083,3
6247997833,6.201357,81.049681,3
6247997836,6.20138,81.049748,3
6247997837,6.197984,81.05117,3
6248011187,6.153512,81.145899,3
6248011188,6.153575,81.145849,3
6248011210,6.152874,81.144693,4
6248011213,6.152912,81.144501,3
6249854572,6.169842,80.89643,3
6249854577,6.170053,80.896196,4
6249854579,6.17008,80.896531,4
6249854581,6.168097,80.897063,3
6249854582,6.168072,80.897001,3
6249855389,6.16697,80.897765,3
6250183891,6.898179,80.592972,3
6250326149,8.837034,79.968952,3
6250326150,8.836752,79.968852,3
6250326151,8.836942,79.96909,3
6250326159,8.837211,79.96903,3
6250326162,8.837308,79.968468,3
6250326164,8.837076,79.968943,3
6250328435,8.936618,79.923736,3
6250328436,8.936754,79.923653,3
6250339112,8.796748,79.931518,1
6250339117,8.796495,79.931559,3
6250523898,6.359605,81.034139,3
6250523899,6.359699,81.03426,3
6250523900,6.359988,81.034,3
6250523957,6.340688,81.019357,3
6250523961,6.341415,81.017955,3
6250523979,6.359552,81.034157,3
6250523980,6.335195,81.001693,3
6250524006,6.359527,81.034287,3
6250524007,6.359572,81.034324,3
6250528418,6.340621,81.019307,3
6251317837,6.583199,80.573169,3
6251317844,6.583241,80.573305,3
6251874984,6.365995,80.974493,3
6251876685,6.365917,80.974471,3
6251876728,6.335179,81.001774,4
6251876743,6.367341,80.968244,3
6251876751,6.367238,80.968214,3
6251880047,6.361527,80.9859,3
6251880048,6.361462,80.98583,3
6251880049,6.364863,80.97926,3
6251880050,6.364956,80.979283,3
6251962520,6.301967,81.003312,3
6251962524,6.317933,80.998202,5
6251962535,6.335304,81.001757,4
6251993878,6.301503,81.003252,3
6252038693,6.268278,81.018019,3
6252038705,6.279999,81.00327,3
6252038706,6.279938,81.003222,3
6252038707,6.280755,81.002371,3
6252038708,6.280697,81.002292,3
6252038712,6.301505,81.00332,3
6252038714,6.300033,81.003234,3
6252038760,6.268313,81.018089,3
6252393551,6.228209,81.042494,3
6252393552,6.228199,81.042412,3
6252393562,6.246902,81.03691,3
6252393563,6.246841,81.036854,3
6252393568,6.249222,81.034468,3
6252393569,6.24916,81.034411,3
6252393579,6.258541,81.024714,3
6252393580,6.258492,81.024655,3
6252393581,6.260715,81.022473,3
6252393582,6.260661,81.022409,3
6258386249,6.922852,79.852696,3
6258386252,6.923204,79.852371,3
6258386253,6.922958,79.852455,4
6258386254,6.923162,79.852102,4
6258386258,6.92253,79.852573,3
6260211179,6.881637,79.869795,3
6260211180,6.881629,79.869768,3
6260384150,6.856817,79.890677,3
6260384155,6.856587,79.890382,3
6260384156,6.856591,79.890348,3
6260384161,6.856213,79.890652,3
6260384168,6.856477,79.89095,3
6260384173,6.856472,79.890977,3
6260398862,7.168012,79.882958,3
6260398863,7.167932,79.882839,3
6262067727,7.292082,80.633791,3
6264594174,7.92803,81.029771,3
6266383660,8.759589,80.500089,3
6266383664,8.759125,80.499988,3
6266383668,8.759151,80.500154,3
6266463975,6.779609,79.883205,3
6266871671,6.029604,80.241793,3
6272039662,6.91206,79.851657,4
6272042585,6.912565,79.851396,3
6272263362,6.123205,81.067567,3
6272263363,6.123221,81.067475,3
6272263368,6.127268,81.067516,3
6272263369,6.127218,81.067437,3
6272263373,6.129282,81.066991,3
6272263374,6.129278,81.066901,3
6272264002,6.142948,81.067766,3
6272264003,6.142895,81.06783,3
6272264027,6.133416,81.066883,3
6272264028,6.133436,81.066964,3
6272264029,6.132905,81.066941,3
6272264030,6.13292,81.067034,3
6272264031,6.132334,81.067,3
6272264049,6.126056,81.067917,3
6272264050,6.126032,81.067835,3
6272317584,5.97386,80.438316,5
6275242615,7.198576,79.854433,4
6276892160,7.086831,79.890424,4
6277459304,6.88811,79.864331,4
6277491043,6.87853,79.872032,3
6277534245,6.911678,79.858155,3
6277539949,6.911304,79.858334,3
6277581690,6.932699,79.860167,3
6277581729,6.93424,79.856026,3
6277581734,6.934721,79.855869,1
6281776284,9.232151,80.805339,3
6281782185,9.232266,80.805059,3
6281782186,9.23207,80.805216,3
6286527899,9.808212,80.226876,3
6286527902,9.80804,80.227015,3
6286620938,9.153809,80.649513,3
6286620941,9.153727,80.649739,1
6286620942,9.153736,80.649782,1
6286620946,9.154018,80.649896,3
6286620951,9.153593,80.649019,3
6286687483,8.581397,81.227407,3
6286688687,8.581444,81.227311,3
6289622879,7.874077,80.651088,4
6291947089,8.320848,80.394566,3
6291947090,8.320518,80.39485,3
6292190457,6.841732,79.964603,3
6292190465,6.840982,79.965098,3
6292190472,6.841185,79.965313,3
6292190479,6.840937,79.965033,3
6292190482,6.841952,79.964534,3
6292190587,6.841572,79.964893,3
6294143289,6.872856,81.350578,3
6294406153,6.542342,80.157374,3
6294406154,6.542349,80.157594,3
6294506984,8.040197,80.59865,3
6294540724,6.522825,80.114267,3
6294540735,6.522923,80.11425,3
6294540737,6.522809,80.11459,3
6294540738,6.522853,80.113911,3
6294540739,6.523262,80.114475,3
6294563988,9.665195,80.009255,3
6294563995,9.665143,80.009412,3
6322017693,6.087283,80.170339,1
6324979463,7.293272,80.634742,3
6388461497,6.847517,79.86599,3
6401356372,6.985705,80.909542,1
6407621053,6.934542,79.866125,4
6475692032,6.032568,80.217222,3
6484105682,6.841755,79.964573,3
6484110688,6.84156,79.963813,2
6488496070,7.715931,81.710658,1
6488496079,7.712398,81.710054,3
6488496081,7.712359,81.710216,3
6489314103,6.984641,81.059936,3
6492863072,6.037594,80.250079,3
6492863077,6.037818,80.250401,3
6492863084,6.038052,80.250118,3
6492867585,6.037771,80.249798,3
6492867591,6.038051,80.249999,3
6492867596,6.037767,80.249368,3
6492867598,6.037783,80.250111,4
6492867599,6.037879,80.250113,4
6495299632,7.727096,81.685881,3
6495299633,7.726906,81.68585,3
6495299637,7.726996,81.685937,3
6495299640,7.7271,81.685762,3
6495299644,7.727041,81.685861,4
6495299700,7.720356,81.695885,3
6495299701,7.720434,81.695894,3
6495299702,7.7199,81.696598,3
6495343850,7.718112,81.69889,3
6495343851,7.718028,81.698819,3
6495343855,7.719986,81.696622,4
6495360799,7.72179,81.702858,3
6495360802,7.721873,81.702598,3
6495360806,7.720462,81.701158,3
6495360824,7.720471,81.70112,3
6495360827,7.720652,81.701002,3
6495360843,7.720307,81.701161,3
6495398199,7.721629,81.702908,3
6495398254,7.717262,81.71014,3
6495398255,7.716036,81.710502,3
6495398267,7.720397,81.705312,3
6495398268,7.720369,81.705291,4
6495398269,7.720304,81.705379,3
6495398273,7.72173,81.702947,3
6495594238,7.93967,81.000436,3
6495594239,7.939704,81.000349,3
6495594259,7.683717,81.727014,3
6495594260,7.683689,81.726962,3
6495621993,7.69868,81.718118,3
6495621994,7.704145,81.714985,3
6495621995,7.704112,81.714925,3
6495926129,7.297405,79.88216,3
6496069135,6.067194,80.22582,3
6496069138,6.067237,80.226002,3
6498294700,6.936663,79.846976,3
6498294707,6.936557,79.846984,4
6506310961,7.223776,80.194546,1
6507179285,7.656721,80.369528,3
6509057831,6.530939,80.396519,3
6509196188,7.308246,80.637224,4
6509196189,7.308082,80.637129,3
6509196200,7.307425,80.636417,3
6509196204,7.306782,80.634392,3
6509327434,7.072886,80.269222,3
6509381791,7.224584,80.019358,3
6509381792,7.224617,80.019282,3
6509381793,7.224612,80.019264,3
6509381794,7.224525,80.019232,3
6509381795,7.22435,80.019099,3
6509381797,7.22453,80.01962,3
6509381798,7.224845,80.019516,3
6509597375,7.992857,79.897487,3
6509597376,7.992727,79.897623,3
6509645609,7.776484,79.949171,3
6509645610,7.776274,79.949256,3
6509645611,7.776152,79.948716,3
6509727157,7.717942,80.146337,3
6509727158,7.717753,80.146486,3
6509727159,7.717414,80.146206,3
6511383094,7.655668,80.221021,3
6511383095,7.655803,80.220915,3
6511383096,7.655726,80.220853,3
6511383104,7.655731,80.221035,3
6511383112,7.655638,80.2209,3
6511383113,7.656079,80.220686,3
6511383114,7.655319,80.221054,3
6511383115,7.655808,80.220939,3
6511426673,7.605845,80.125103,3
6511426677,7.606149,80.124878,3
6511426678,7.605843,80.124902,3
6511426679,7.605843,80.124782,3
6511426680,7.606303,80.124804,3
6513598493,6.893921,79.935176,3
6513598494,6.893817,79.935295,3
6513598495,6.893831,79.935142,3
6513598497,6.900116,79.926898,3
6513598563,6.893898,79.93529,3
6513598564,6.893796,79.93528,3
6513598565,6.8938,79.935158,3
6513995666,6.892498,79.921464,3
6513995667,6.892435,79.921726,3
6513995671,6.891886,79.922147,4
6513995672,6.891933,79.922114,4
6513995673,6.891784,79.921903,3
6513995676,6.89265,79.921713,4
6513995677,6.892593,79.92175,4
6513995678,6.892551,79.921655,4
6513995679,6.892613,79.92162,4
6514054687,6.891979,79.922192,3
6514054691,6.891938,79.922225,3
6514054693,6.89278,79.921977,3
6514054694,6.892717,79.921956,3
6514054695,6.892842,79.921586,3
6514054696,6.892911,79.921502,3
6514054697,6.892918,79.922254,3
6514093426,6.884117,79.901946,3
6514093427,6.884192,79.902531,3
6518084183,6.891397,79.928855,4
6518088285,6.891616,79.92924,3
6518088305,6.87632,79.935309,4
6519129898,6.844472,79.925774,3
6519129899,6.844556,79.925888,3
6519129900,6.84424,79.925909,3
6519695604,6.876578,79.926924,3
6524306631,6.92136,79.877054,3
6524645097,6.9151,79.860349,3
6524681176,6.911925,79.855848,4
6524681177,6.911894,79.856566,3
6524681178,6.911464,79.856309,3
6524910441,6.951478,79.873714,3
6524910445,6.951537,79.874212,3
6524965943,6.956396,79.860606,4
6525442932,7.002525,79.960185,3
6530555254,6.921299,79.877481,3
6530555257,6.921274,79.877721,3
6535741179,6.968467,79.910777,3
6536495259,7.072446,80.015345,3
6536495260,7.072512,80.015286,3
6536495261,7.068694,80.013204,3
6536495262,7.068717,80.01314,3
6536506696,7.009449,79.965403,3
6537213315,6.927435,79.850295,3
6537213323,6.927223,79.849915,1
6537265135,6.923265,79.848357,3
6537339895,6.994432,79.874138,3
6537339896,6.994605,79.874367,3
6537339897,6.99459,79.874058,3
6537358006,6.982853,79.874698,3
6537358011,6.982963,79.874683,3
6537569534,8.5817,81.189168,3
6537569535,8.581856,81.18929,3
6537959751,8.809547,80.799103,3
6537959752,8.809912,80.798952,3
6538031537,9.09129,80.898295,3
6538031538,9.09096,80.897854,3
6538031539,9.091128,80.898374,1
6538060310,9.313578,80.696192,3
6538060311,9.313744,80.696365,3
6538060317,9.313886,80.696435,4
6538140524,8.964809,80.525455,3
6538140529,8.965121,80.525526,3
6540075345,8.089601,80.637998,3
6540075346,8.089691,80.637775,3
6540645130,6.990623,79.893253,3
6542819604,6.083814,80.645051,3
6542819606,6.083827,80.645046,3
6542819607,6.083762,80.64496,3
6542819609,6.083757,80.645029,3
6542819612,6.083812,80.644944,3
6542819619,6.082274,80.643741,3
6542819620,6.083849,80.64497,3
6542960916,5.963722,80.456251,3
6542960920,5.964022,80.456271,1
6543091741,6.107124,80.33491,3
6543091742,6.107012,80.335013,3
6543091744,6.107089,80.334864,3
6543091745,6.106971,80.334895,3
6543091747,6.107099,80.335,3
6543091753,6.106961,80.334929,3
6543091755,6.10667,80.33517,3
6545241017,6.028627,80.794745,3
6545241018,6.02863,80.794765,3
6545320371,8.334581,80.392927,3
6545320373,8.334522,80.393019,3
6545320374,8.334648,80.393104,4
6545320376,8.334323,80.392824,3
6545546146,9.313655,80.696229,4
6545546148,9.313628,80.696306,3
6545679856,7.033585,80.092048,3
6545679857,7.033568,80.091889,3
6545683449,6.947556,80.094094,3
6545683450,6.947515,80.094032,3
6547914278,7.430591,80.214366,4
6547922791,7.42919,80.214608,3
6547922792,7.429188,80.214517,3
6547922793,7.428738,80.214577,3
6547922794,7.428752,80.214488,3
6547922829,7.430683,80.214368,4
6547922837,7.430672,80.214441,3
6547922838,7.430575,80.214438,3
6547922849,7.434456,80.217386,3
6548047374,7.476837,80.345324,3
6548047376,7.47662,80.345664,1
6548047377,7.476673,80.345722,1
6548047381,7.476919,80.345811,3
6548196295,7.484705,80.355059,3
6548196298,7.484186,80.355016,3
6548196299,7.484104,80.35446,3
6548218206,6.083137,80.64444,3
6548218220,6.083511,80.645716,4
6592863153,6.925293,80.504314,3
6632178150,6.288636,81.085757,3
6632178172,6.288909,81.085578,3
6632178174,6.291885,81.090814,3
6632178175,6.291963,81.090742,3
6653100609,6.573562,80.704845,2
6653100627,6.573679,80.704853,2
6658588595,6.873016,81.049115,3
6661265112,8.762077,80.459344,3
6673012482,5.928,80.589358,3
6685173555,6.890054,81.296219,3
6685195536,6.906771,81.559396,3
6685195539,6.90663,81.559407,3
6685420675,7.717237,81.710096,3
6685474007,7.908253,81.533893,3
6685474010,7.908346,81.533792,3
6685474049,7.908572,81.533852,3
6685474057,7.908291,81.533896,3
6685474058,7.9084,81.533576,3
6685474060,7.908204,81.533812,3
6685478660,7.945374,81.506805,3
6685478661,7.945317,81.506625,3
6685478667,7.945233,81.506743,3
6685553328,8.600421,81.217956,3
6688367855,7.253036,79.853697,3
6689144266,6.943616,79.864644,3
6689144270,6.9438,79.864171,3
6689144274,6.943043,79.864403,3
6689144278,6.943491,79.86452,3
6695208837,6.906732,81.559254,3
6695208838,6.906621,81.559285,3
6695208839,6.906755,81.559413,3
6695208840,6.906774,81.559289,3
6695505185,7.27245,79.863943,3
6695505186,7.27259,79.864258,3
6695505187,7.272452,79.864002,4
6695505199,7.272513,79.863976,4
6700759025,6.7365,80.358976,1
6716865701,8.567426,81.231877,3
6719733698,6.895072,79.924108,3
6719733717,6.902066,79.919635,3
6719733720,6.902031,79.919554,3
6720549504,6.97366,80.766945,3
6720549508,6.973847,80.766888,3
6720586707,7.248469,80.350934,3
6721753073,7.086008,80.03349,4
6721810540,7.085943,80.033424,4
6721834897,6.957167,79.8841,3
6822782243,6.029118,80.672794,1
6822794795,6.289214,81.08547,1
6822794796,6.289292,81.085425,1
6822794874,5.990999,80.508396,1
6896310128,9.79799,80.06475,3
6908246810,6.404323,80.86195,3
6926357552,6.892448,79.921842,3
6947814997,6.905157,79.90555,3
6947814998,6.904953,79.905451,3
6947814999,6.904918,79.905393,3
6985901088,8.587372,81.215248,3
7008833872,7.155381,81.271934,1
7024993693,7.942511,81.01072,3
7026519236,7.071863,80.432066,1
7030628001,6.846308,79.948492,3
7030628002,6.846327,79.948362,3
7030921385,6.839571,79.976514,3
7030921386,6.839592,79.976403,3
7030921388,6.839745,79.976181,1
7030921398,6.839461,79.976469,3
7030921401,6.839467,79.9764,3
7030921451,6.839294,79.969963,3
7030993914,6.842049,79.964722,3
7034868585,9.313903,80.696354,3
7034884152,8.236263,80.350961,3
7035050523,8.042601,80.595919,3
7035050524,8.042221,80.596069,3
7037556016,7.322549,80.625021,3
7037556017,7.322286,80.625011,3
7037741108,7.086823,79.890345,3
7037743601,6.878207,79.876475,4
7037743630,6.878224,79.876388,4
7037743638,6.878495,79.872749,4
7037743640,6.878445,79.87204,4
7037743641,6.878464,79.872585,3
7037793024,6.710654,79.907438,3
7037793029,6.710658,79.907509,3
7042347620,9.43655,80.407655,3
7042347623,9.436156,80.407662,3
7042347624,9.436367,80.40793,3
7042347625,9.436304,80.407936,3
7042347632,9.436304,80.407659,3
7042347643,9.436334,80.408012,3
7043371488,7.159762,80.565094,3
7043449110,6.891091,79.928466,3
7051044595,8.50115,81.191811,3
7051044596,8.501356,81.191823,3
7051044597,8.501289,81.191464,3
7053715738,6.918667,79.861562,3
7053715743,6.918987,79.86161,3
7059333096,6.892059,79.922012,3
7062180134,6.848764,79.948514,3
7062216179,6.790738,79.953986,3
7062229410,6.793546,79.944829,3
7062229418,6.794539,79.942305,3
7062379366,6.783408,79.986212,3
7062379367,6.783335,79.986186,3
7062380591,6.784361,79.977301,3
7062380592,6.784442,79.977304,3
7062380597,6.784372,79.978364,3
7062380609,6.784794,79.975659,3
7062428087,6.769943,80.005106,3
7062428147,6.780777,79.996257,3
7062428158,6.781682,79.994682,3
7062428168,6.783429,79.991906,3
7062446553,6.809734,79.92063,3
7062446557,6.809364,79.920792,3
7062446558,6.809446,79.920635,4
7062446559,6.809468,79.920539,3
7071757658,8.149093,80.837363,3
7081602426,6.923661,79.845562,3
7081602427,6.923633,79.845489,3
7083601467,7.593745,80.8404,3
7083601470,7.593627,80.840444,3
7083601473,7.593643,80.84057,3
7083601479,7.593808,80.840462,3
7084497218,8.502488,81.180414,3
7085495071,6.819486,79.873616,3
7085505932,8.761166,80.498344,3
7085505934,8.761249,80.498768,3
7085506299,6.812881,79.880864,4
7085525494,6.812788,79.880938,4
7085525496,6.812723,79.880845,3
7085654863,6.914604,79.848666,3
7085654864,6.914579,79.848592,3
7085684184,6.870771,79.862101,3
7085690885,6.870752,79.862025,3
7085697356,8.753163,80.497832,3
7085697357,8.753193,80.497756,3
7085697358,8.754207,80.49826,4
7085697362,8.750756,80.496927,3
7085726788,8.553844,80.485719,3
7087395001,5.964746,80.69173,3
7087535778,7.241308,80.211446,3
7087827239,7.066595,80.012482,3
7094485193,7.290609,80.63298,3
7094485197,7.290225,80.632624,3
7094563039,5.993724,80.307724,3
7094563040,5.994017,80.307702,3
7094700078,7.265819,80.592385,3
7095171150,6.038272,80.205637,3
7098638332,9.744695,79.920838,3
7098638333,9.744389,79.921309,3
7098642092,9.663345,80.005715,3
7098642099,9.665038,80.009318,3
7100451968,8.444031,81.263778,3
7103753925,6.608279,79.952719,4
7103753926,6.608252,79.952671,3
7103760769,6.608372,79.952666,4
7103763193,7.216868,81.851822,3
7103763194,7.216833,81.851798,3
7103763199,7.221151,81.849938,3
7103763200,7.221151,81.849912,3
7153699522,6.926807,79.846874,3
7153699537,6.929543,79.842754,4
7168896405,6.825139,79.883584,3
7182955395,6.522834,80.114345,3
7182955398,6.522921,80.114351,3
7182955399,6.522901,80.114362,3
7182955400,6.522824,80.114331,3
7182955404,6.52284,80.11425,3
7182955406,6.522938,80.114268,3
7183361978,6.14754,80.763701,3
7183361980,6.147376,80.763526,3
7183361981,6.147763,80.763575,3
7183361982,6.147556,80.763632,3
7183361983,6.147406,80.76351,3
7183361984,6.14741,80.763229,3
7183404785,6.147764,80.763203,3
7183441660,6.273409,80.136643,3
7183582771,7.228006,80.574785,3
7183582772,7.228124,80.574976,3
7185588314,8.327259,80.360514,3
7185616200,8.32735,80.361196,3
7193608912,6.867155,80.615287,1
7198864554,7.845311,80.540487,1
7198864573,7.835755,80.544066,3
7205862638,6.853962,79.884986,3
7205862641,6.853819,79.885105,3
7205862643,6.853829,79.884944,3
7205862648,6.853957,79.88508,3
7227878082,7.308282,80.637152,3
7241425510,6.853796,79.88508,3
7241425511,6.853798,79.884954,3
7260121838,7.018315,79.882233,3
7260121839,7.018128,79.883176,2
7260121855,7.018263,79.883182,2
7262773169,7.672885,81.733436,3
7262773170,7.672911,81.73349,3
7262802916,7.672174,81.733926,3
7273820519,6.610681,81.234096,1
7291030424,7.088295,79.89897,3
7308439360,7.044325,81.024972,1
7323226158,6.833878,80.878552,1
7323226552,6.831068,80.8839,1
7409403107,8.977721,79.913535,3
7461966816,6.934026,79.859532,3
7528511522,9.825273,80.236087,4
7528511525,9.824206,80.236472,3
7557813364,9.814292,80.014464,3
7557813365,9.81422,80.014432,4
7557813396,9.814601,80.02681,3
7557813397,9.813498,80.014099,3
7557813398,9.814294,80.013265,3
7569009680,9.823711,80.169467,3
7599684152,7.885072,80.651668,3
7621971271,7.115771,80.055698,3
7621971279,7.115725,80.055752,3
7621986814,7.10913,80.048722,3
7621986858,7.105667,80.044637,3
7621986929,7.08956,80.035931,3
7625469738,6.908345,79.893112,3
7625469752,6.935502,79.984432,3
7625469766,6.935982,79.984686,3
7702374760,8.502614,81.180479,3
7702374761,8.502548,81.180826,3
7702374764,8.502184,81.180322,3
7704618048,7.470106,80.044038,3
7704618060,7.478042,80.045296,3
7704618065,7.470183,80.044045,4
7704618073,7.470172,80.043959,4
7704629712,7.469405,80.030863,4
7704629738,7.469871,80.02651,4
7704629739,7.469933,80.026559,3
7704629744,7.470003,80.026448,3
7734473410,7.941364,81.000278,4
7765114184,7.756141,80.567997,4
7765135906,7.762797,80.573935,3
7770372639,7.634264,80.502405,2
7770372644,7.644562,80.51042,2
7786917078,7.135784,80.089554,4
7786924226,7.126059,80.070689,4
7786924237,7.123281,80.067189,3
7786924250,7.11847,80.059707,3
7795511705,6.289647,81.085583,3
7795511709,6.289733,81.085061,3
7795511714,6.289117,81.085969,3
7903823164,6.970755,79.972515,2
7927504077,7.944254,80.629182,4
7927504084,7.947339,80.628553,3
7927509189,7.941783,80.630079,3
7961874511,6.941708,79.839182,3
7961874515,6.941564,79.839342,3
7961874516,6.941638,79.83891,3
8014319682,8.127311,80.562666,3
8014319683,8.127337,80.562747,4
8014344204,8.126079,80.56312,3
8032417732,8.358374,80.511421,3
8032417733,8.358513,80.511994,3
8032417734,8.358694,80.511679,3
8032417735,8.358223,80.511799,3
8032417737,8.358495,80.511664,4
8032417740,8.358395,80.511704,4
8032417743,8.358426,80.511792,4
8032417746,8.358516,80.511777,4
8082580144,6.561304,79.968993,4
8112505448,7.015404,79.898343,3
8169922827,6.971153,80.265256,3
8222742922,6.905342,79.92091,1
8279646115,7.995541,80.270447,3
8279649718,7.995713,80.270515,3
8279649724,7.995647,80.270397,3
8312180939,6.680094,80.400165,4
8336642961,6.831668,80.877379,1
8421010096,6.77711,80.366487,3
8421010097,6.777088,80.366268,3
8421010098,6.77697,80.366349,3
8441040522,6.680415,80.400115,3
8547277146,5.989531,80.324419,1
8567388506,6.887812,79.994475,3
8567390717,6.888038,79.994578,3
8567390721,6.887909,79.994616,3
8567390725,6.88795,79.994357,3
8605932095,7.294284,80.649874,3
8605932100,7.294224,80.649976,4
8606053715,7.307854,80.637286,3
8626564846,6.842129,80.091789,3
8626564849,6.842053,80.091769,3
8626564856,6.842867,80.091747,3
8626940908,9.410013,80.407962,2
8701260315,6.911126,79.866855,3
8703211017,6.034104,80.235252,3
8726439508,6.120491,81.06636,3
8726439509,6.120439,81.066498,3
8736765754,6.989844,81.056922,4
8770467948,8.587279,81.21508,3
8771443546,7.328537,80.02435,3
8771443550,7.328226,80.024468,5
8771443554,7.328203,80.024127,1
8771443557,7.328413,80.024101,3
8771443560,7.328435,80.024177,3
8771443562,7.32839,80.024243,3
8771443563,7.328364,80.024253,3
8771443572,7.328286,80.024233,3
8771443573,7.32834,80.024071,3
8771443575,7.328607,80.024401,4
8795417507,8.331772,80.402994,3
8795417508,8.33192,80.402882,3
8795417509,8.332018,80.402971,3
8795417511,8.331964,80.403114,3
8795417512,8.331937,80.403127,3
8864816852,7.733305,81.698495,3
8864816853,7.733391,81.698496,3
8864816856,7.733418,81.698587,3
8864816859,7.733307,81.698623,3
8864816862,7.733272,81.698551,3
8864816863,7.733333,81.698483,3
8864816866,7.733544,81.698511,3
8864816867,7.732956,81.69866,3
8865864660,7.308192,80.6372,4
8865864661,7.308231,80.637128,3
8865864662,7.308162,80.637358,3
8865864663,7.308109,80.637326,3
8910656318,8.342562,80.409449,3
8910656320,8.342615,80.40951,3
8910656321,8.342654,80.409775,3
8933799511,7.091867,80.000365,3
8933799512,7.091441,79.999809,3
8936981953,7.293084,80.635983,3
8943511124,6.943913,79.864033,3
8944102122,6.929564,79.842669,3
8951049861,6.848187,79.925874,3
8953454696,8.355651,80.416813,4
8977212317,7.167573,79.882937,3
8977212331,7.16754,79.882939,3
9041600940,8.236527,80.350883,3
9041600943,8.236585,80.35079,3
9041600946,8.23649,80.350734,3
9041600949,8.236436,80.350826,3
9041600956,8.236443,80.350845,3
9072859382,8.236518,80.350885,3
9075697853,6.932249,79.872019,3
9075697856,6.93203,79.87156,3
9075697857,6.932103,79.87153,3
9075697858,6.930006,79.864962,3
9075818013,6.856832,79.890741,3
9075842334,6.852931,79.894142,3
9075842358,6.856257,79.890717,3
9075842367,6.848163,79.897943,3
9075842371,6.847131,79.89883,3
9075842383,6.847085,79.898775,3
9075842392,6.848212,79.897758,3
9075842399,6.848438,79.897324,3
9180242955,6.917677,79.864839,3
9201280517,7.293041,80.635105,4
9243057496,6.907368,79.860111,3
9282393896,8.344699,80.391734,3
9282772872,8.334725,80.396818,3
9291504362,6.933706,79.859529,3
9291504374,6.934419,79.859403,3
9291504377,6.934476,79.859368,3
9291504385,6.934426,79.859486,3
9322671512,7.927784,81.03025,3
9322671515,7.920974,81.041846,3
9322671926,7.927748,81.029924,3
9322671929,7.928503,81.030106,3
9322671930,7.92868,81.030226,3
9322671934,7.928316,81.029748,3
9322671951,7.928135,81.029942,3
9322671952,7.928144,81.029896,3
9322671961,7.928194,81.03011,3
9394230349,7.940729,81.017982,3
9394230350,7.940831,81.018016,3
9394230354,7.935456,81.02738,3
9394245009,8.325498,81.300588,3
9394245011,8.325535,81.300514,3
9394245013,8.325665,81.300641,4
9394245015,8.325381,81.300491,3
9396199881,6.939642,79.854326,3
9396246082,7.945281,81.506806,3
9399822974,9.663574,80.005588,3
9406617684,7.165775,79.882993,3
9406617687,7.165626,79.882998,3
9406617689,7.165656,79.883099,3
9406617691,7.165764,79.883084,3
9406617692,7.165779,79.883058,3
9406713271,7.376896,81.838787,3
9406760943,7.777502,80.818389,3
9407052256,7.271523,80.605611,3
9407052257,7.271435,80.605489,3
9427842409,7.714127,81.697659,3
9427842410,7.714288,81.69746,3
9427844828,7.715286,81.698374,4
9427992821,7.708718,81.688564,3
9427992826,7.708638,81.688467,3
9428150314,8.325792,81.300485,3
9429896951,7.935764,81.025896,3
9429896954,7.93561,81.025644,1
9429896955,7.935875,81.025428,3
9429896958,7.935631,81.025544,1
9460815101,6.913157,79.851198,3
9462080182,6.90864,79.877051,3
9462668423,7.082429,80.520501,3
9464208008,6.912914,79.851318,3
9465124703,6.891218,79.866649,3
9468145020,6.921076,79.846596,3
9468271507,6.931617,79.842119,3
9470509023,6.92333,79.847783,3
9470509024,6.923397,79.847743,3
9470509031,6.923541,79.847834,3
9473965630,6.93697,79.849347,3
9483005842,6.939704,79.854357,3
9485258137,6.93981,79.854319,3
9485258187,6.938841,79.853631,3
9491622364,6.944379,79.855577,3
9513937129,7.481809,80.360847,4
9513937130,7.481769,80.360919,4
9513937134,7.487006,80.365332,5
9513937138,7.487109,80.365072,4
9547857711,6.876736,79.869886,4
9560237825,6.944414,79.855375,3
9562328818,7.481745,80.361118,3
9562328819,7.481683,80.361089,3
9562328822,7.481949,80.361088,3
9562328826,7.481576,80.360745,3
9562328827,7.481617,80.360673,3
9562328829,7.481895,80.3607,3
9562328833,7.481946,80.360728,3
9562328834,7.48182,80.360963,4
9565070864,6.87724,79.869551,3
9565070865,6.87732,79.869529,3
9565952986,6.878286,79.860185,3
9565952987,6.878261,79.860119,3
9567743870,7.945347,81.507254,3
9568699369,7.487341,80.365072,3
9568699375,7.487044,80.365047,4
9570235011,6.418245,80.975234,2
9572634367,7.382208,81.205722,2
9577055309,6.84692,79.926514,3
9577055310,6.847132,79.926654,3
9577055311,6.846956,79.926461,3
9577055313,6.847207,79.926548,3
9580103932,6.89703,79.859616,3
9628046175,6.911911,79.856155,3
9634756041,7.000893,79.949418,1
9634869050,6.561284,79.968901,3
9635214349,6.41834,81.324861,3
9635214351,6.418478,81.324732,3
9676457521,6.847313,79.926397,3
9676457522,6.847004,79.926854,3
9734329673,6.917516,79.863888,3
9740487199,6.885664,79.876875,3
9748233243,6.824851,79.883745,3
9748233247,6.824824,79.88385,3
9752443846,5.973944,80.429478,3
9754473426,7.37974,81.733154,3
9766180818,8.354445,81.382888,1
9790518649,6.610963,81.269959,3
9795422576,5.945009,80.548702,3
9837778025,8.17891,80.266795,1
9882336681,7.17389,80.499861,3
9924565829,6.903203,79.858416,3
9924565830,6.9034,79.858553,3
9959089698,6.865023,79.896774,3
9959089701,6.864894,79.896474,4
9981050817,6.908307,79.864941,3
10016226406,7.383448,81.228424,3
10016226413,7.383154,81.228134,3
10016226414,7.383068,81.228,3
10035915708,6.910096,79.863473,3
10049535833,6.833603,80.153679,2
10065277044,7.336524,80.983309,3
10065277052,7.336808,80.983044,3
10065277058,7.336853,80.98323,3
10075982286,7.133611,81.249435,1
10076000258,7.141824,81.24402,1
10076000309,7.13948,81.244631,3
10077903462,7.144491,81.253405,1
10080004439,7.145024,81.277932,1
10081650052,7.148946,81.246324,3
10083474105,7.177241,81.17289,1
10083504521,7.179828,81.17064,3
10083504522,7.178324,81.166933,1
10083504533,7.183401,81.168331,1
10083504541,7.185214,81.168982,1
10083504564,7.182805,81.168591,3
10083504578,7.181549,81.166992,1
10083504600,7.180921,81.169449,3
10083504605,7.179564,81.170045,3
10083504606,7.184247,81.172005,1
10083504633,7.182728,81.173596,1
10086207496,7.318547,80.992497,3
10086214431,7.319536,80.99039,3
10088292097,7.13074,81.2352,3
10093923283,6.947645,80.093965,3
10093923284,6.947594,80.093905,3
10093923287,6.947426,80.093883,3
10108469977,6.814612,80.886838,1
10108470176,6.815635,80.883939,3
10110604172,6.82992,80.8931,3
10112981124,6.804415,80.9229,3
10130010204,7.359994,81.004026,1
10130033784,7.3852,81.073918,3
10130181940,6.571483,79.965174,3
10130181941,6.571451,79.965096,3
10130181943,6.577606,79.963012,4
10130181950,6.565468,79.967694,3
10130181951,6.565442,79.967612,3
10130181952,6.561994,79.968803,3
10130181953,6.56197,79.968714,3
10130181954,6.561137,79.969028,4
10130181979,6.559237,79.969222,3
10131009918,6.332904,80.855318,3
10132102319,6.277449,81.286558,3
10132102403,6.255813,81.227384,3
10132285300,6.982772,80.906366,1
10132285327,6.984926,80.91,1
10132667228,6.434846,81.130352,3
10132667231,6.434831,81.130877,3
10137867336,6.916697,79.850701,3
10137867346,6.916669,79.850489,5
10142217471,8.583708,81.228964,3
10142217472,8.583605,81.228682,3
10142217473,8.583406,81.228508,3
10156503981,7.031167,81.170806,1
10156504025,7.031109,81.170837,1
10166776387,6.929274,81.041589,3
10170931056,6.829173,79.965899,4
10170931060,6.829356,79.965444,3
10180821183,6.740148,80.364666,1
10217285592,6.892192,79.877461,3
10219043287,6.90971,79.895842,3
10219043288,6.909614,79.895798,3
10219043290,6.910888,79.887652,3
10219043295,6.911071,79.887764,3
10219043297,6.910791,79.888369,3
10219043298,6.910781,79.888278,3
10219043304,6.910551,79.888007,3
10219043306,6.910958,79.887987,6
10219043307,6.910778,79.887996,4
10219043311,6.910736,79.887521,3
10219043315,6.91091,79.887758,4
10219043316,6.910912,79.888274,3
10259347339,6.87668,79.928104,3
10259347340,6.876952,79.926835,3
10259347341,6.876947,79.926902,3
10259347343,6.876446,79.926937,3
10259347344,6.876874,79.9269,4
10259347345,6.876879,79.926834,4
10259347353,6.876651,79.928186,3
10259347358,6.876862,79.92707,3
10259347359,6.876896,79.926612,3
10259347398,6.876965,79.928294,3
10259347399,6.876724,79.928216,4
10264115338,6.876699,79.869824,3
10268955041,6.932362,79.860645,3
10268958222,6.923346,79.852323,3
10308309675,6.753982,80.01563,3
10308309676,6.753946,80.015544,3
10308309701,6.751852,80.019362,3
10308309702,6.752851,80.016458,3
10308315016,6.764723,80.011739,3
10308315023,6.768566,80.006376,3
10575124012,5.965588,80.383516,3
10578430168,7.254221,80.446501,4
10584049815,5.989476,80.324552,1
10603977925,6.819526,79.873684,4
10603977996,6.830482,79.867766,3
10603977997,6.830512,79.867838,4
10607575538,6.989933,81.058354,2
10628115393,6.851982,79.865997,3
10628115399,6.851968,79.865866,3
10628115400,6.850896,79.866072,3
10628115404,6.8509,79.865916,3
10660932931,6.905588,79.87347,3
10660932949,6.902744,79.870335,3
10660932971,6.900489,79.866412,3
10660932975,6.899823,79.865182,3
10660932978,6.899883,79.865143,4
10660932982,6.901153,79.867994,3
10682149765,6.91164,79.866911,3
10682149766,6.911638,79.866972,3
10682149772,6.911558,79.866905,4
10682149773,6.911558,79.866968,4
10682425433,6.842695,80.985202,1
10682971402,6.840808,80.985147,3
10682971809,6.841156,80.984896,1
10740616705,6.87368,79.872736,4
10740616709,6.873836,79.872512,4
10740616710,6.873806,79.872423,3
10740616715,6.873423,79.872584,2
10740616716,6.873535,79.872903,3
10740616719,6.873359,79.872503,3
10740616731,6.873581,79.872693,4
10771363400,6.873967,79.881828,3
10771363401,6.873946,79.881765,4
10777185545,5.920249,80.593091,1
10880095739,6.917333,79.864282,4
10882845389,7.257836,80.136247,2
10902062114,6.863032,79.860004,3
10902062124,6.874644,79.857671,3
11035177226,6.792115,80.053966,3
11035177227,6.792744,80.0541,3
11037159201,6.820262,79.889078,2
11054253578,6.994923,81.054148,2
11068701021,6.925144,80.339437,1
11112485995,9.798348,80.188426,3
11141684438,6.87672,79.935199,3
11141684447,6.876904,79.935249,3
11141684456,6.876516,79.935773,4
11141684467,6.876031,79.935595,3
11141684469,6.875883,79.93562,3
11169238186,6.872887,81.350669,3
11292753164,7.471396,80.044259,3
11292753165,7.471298,80.044163,3
11330496878,7.244603,81.723321,3
11348443537,9.795764,80.066925,3
11367587825,7.293461,80.63338,3
11367587826,7.293239,80.633374,3
11368215992,6.141192,80.136717,3
11470088372,6.847726,79.948572,1
11542234718,5.965915,80.382544,3
11542234727,5.96545,80.379443,3
11572133444,8.328419,80.407902,3
11593705874,8.365024,80.419493,2
11671536986,6.862232,80.614058,1
11715824035,7.292818,81.687044,4
11715824039,7.292599,81.68699,3
11715824040,7.292754,81.687002,4
11715824044,7.291894,81.68175,4
11715824051,7.292155,81.683168,3
11715824052,7.292242,81.683148,3
11715824054,7.292723,81.68743,3
11715824059,7.292771,81.685544,4
11715824064,7.291916,81.681872,4
11715824066,7.29178,81.680472,3
11715848170,7.291245,81.678353,4
11722038126,7.165713,79.883415,3
11722038127,7.165382,79.883063,3
11722038133,7.166237,79.883024,3
11743149449,8.328981,80.407782,3
11743149450,8.328839,80.407292,3
11743149451,8.328353,80.407314,3
11765244589,6.726526,80.03369,3
11765244590,6.726109,80.033887,3
11765244595,6.728341,80.033092,2
11765584301,7.229623,81.850794,3
11851168715,7.290424,80.63287,3
11851168716,7.290233,80.632553,3
11854288255,7.262311,81.080462,3
11854288259,7.262568,81.080652,3
11959575844,6.875713,79.900922,3
11959575849,6.875318,79.90122,3
11959575852,6.87622,79.900669,4
11959575853,6.876278,79.900645,4
11959575860,6.875439,79.900973,4
11959575861,6.874931,79.901602,3
11959575863,6.875366,79.900881,3
11959629970,6.876256,79.900738,4
11959629974,6.876492,79.900552,3
11959629975,6.875441,79.900886,3
11959629976,6.875362,79.900959,4
11994641693,6.876151,79.900385,3
12062438411,6.946735,79.856716,3
12062438412,6.946766,79.856523,4
12062438416,6.946718,79.85644,3
12109482770,6.663844,79.930592,3
12109482771,6.664006,79.930517,3
12109482772,6.664057,79.93083,3
12118609956,8.326451,80.410708,3
12118609958,8.326964,80.409969,3
12119430734,7.711019,81.701882,1
12126721593,6.032846,80.214868,3
12126721597,6.032811,80.214993,3
12287228620,6.923305,79.847983,3
12287228624,6.923451,79.848121,3
12287228625,6.923435,79.848122,3
12287228633,6.923386,79.848109,3
12287228642,6.92402,79.850646,1
12322046179,7.175264,79.88966,3
12328410054,5.944945,80.548892,4
12335959161,5.948121,80.535145,3
12373680251,6.943379,79.878212,3
12387642174,6.115901,81.092308,2
12387642175,6.115941,81.091329,3
12387642176,6.115985,81.091327,3
12387642177,6.115966,81.092274,2
12467159834,6.83247,79.907065,3
12474497827,5.946438,80.530702,3
12474497849,5.946266,80.530794,3
12488644096,7.759505,80.571063,3
12488644097,7.759657,80.571205,3
12509374263,7.051767,79.896692,3
12543026767,6.941642,79.859814,3
12543026769,6.941607,79.859739,3
12543026776,6.941775,79.859726,3
12553497560,6.040043,80.233976,3
12553497562,6.039857,80.234056,3
12553497571,6.039712,80.234123,3
12564186527,6.931286,79.842096,3
12564186528,6.931976,79.841844,1
12620876473,8.027838,79.8298,3
12620876476,8.028,79.829963,1
12625589425,5.970874,80.520513,3
12625589426,5.970849,80.520457,3
12636344432,9.665141,80.008944,3
12701931333,6.099391,80.681203,1
12706498838,6.09395,80.669692,3
12708048694,6.096549,80.669298,3
12741337233,6.877971,79.876454,3
12741337236,6.878168,79.876635,3
12741337237,6.876644,79.8765,3
12761661737,7.362113,81.803538,3
12761661741,7.362126,81.803659,3
12761661742,7.361993,81.803613,3
12761661743,7.362008,81.803556,3
12761661744,7.362385,81.803729,3
12761661745,7.362147,81.803592,3
12761661746,7.362033,81.803535,3
12761661747,7.362027,81.803669,3
12761661748,7.362108,81.803672,3
12761661750,7.362071,81.802634,3
12794013248,7.454099,80.682627,3
12799752191,6.064439,80.661092,3
12815082884,8.161298,80.300158,3
12815082885,8.161367,80.300073,3
12815082886,8.161175,80.300052,3
12815082887,8.161174,80.300074,3
12815082888,8.161281,80.300162,3
12815082889,8.161248,80.299969,3
12815082893,8.161367,80.300054,3
12856077341,5.966034,80.54785,3
12856077364,5.957542,80.545523,4
12856077378,5.953166,80.54591,4
12856077384,5.951631,80.546074,4
13055938742,6.25561,81.227078,3
13077441777,6.403846,80.861926,3
13083883262,7.118534,80.059661,4
13149927791,6.784562,80.055456,3
13149927792,6.78495,80.05529,3
13149927793,6.78449,80.055325,3
13149927797,6.784648,80.055346,3
13149927798,6.784514,80.055368,3
13167532340,6.908202,79.864709,3
13236794129,6.832542,79.907112,3
13236794134,6.832977,79.906389,3
13236794170,6.832928,79.90631,4
13304847351,9.691118,79.870272,3
13367298672,5.996351,80.519624,1
13367298677,5.996656,80.51934,3
13367298678,5.996025,80.519418,3
13367298682,5.996281,80.519676,1
13367298684,5.995286,80.519468,3
13367765274,6.938622,79.853098,3
13367765455,6.938413,79.852729,3
13380401234,6.002697,80.671797,3
13380401240,6.002664,80.672003,3
13380401241,6.002658,80.67208,3
13380401246,6.002542,80.671983,3
13380401257,6.002575,80.672109,3
13399644563,6.90866,79.898432,3
13412730677,6.083564,80.645734,3
13425538963,6.896899,79.859847,3
13431444639,7.383207,81.227921,3
13431444645,7.38327,81.22802,3
13437079205,6.802372,79.923267,3
13437079208,6.802427,79.923527,1
13437079224,6.805088,79.92621,3
13437079225,6.805121,79.926164,3
13442454956,7.57162,80.24889,4
13444619411,6.922204,79.84867,4
13444644367,7.307933,80.637633,3
13445045751,6.923487,79.848473,1
13445045763,6.923721,79.850981,3
13445045764,6.923751,79.850725,1
13534166712,7.165631,79.883079,3
13564710647,8.320641,80.381314,3
13564710682,8.320998,80.381265,3
13564859268,8.3276,80.361067,3
13564859299,8.327016,80.362336,3
13567087001,8.321369,80.395134,3
13567087010,8.332023,80.403011,3
13567087012,8.320912,80.394728,3
13567087026,8.320652,80.394463,3
13567087027,8.32076,80.39457,4
13567087028,8.320642,80.394641,3
13567087032,8.320703,80.394713,3
13567087034,8.320802,80.394614,4
13567706050,8.34243,80.409363,3
13567706051,8.342578,80.409323,3
13567706083,8.342572,80.410376,3
13567706091,8.342793,80.409356,3
13567706092,8.342746,80.409296,3
13570724458,8.328817,80.407548,3
13572508097,8.320807,80.394523,3
13574349086,8.338758,80.395294,4
13577179092,8.355706,80.416755,4
13577179096,8.355842,80.416697,3
13577660245,8.311438,80.403644,3
13587389092,8.345284,80.393209,3
13587389094,8.345218,80.393174,3
13587403118,8.345255,80.393246,3
13587403121,8.345326,80.393214,3
13587403123,8.345346,80.39325,3
13591204530,8.359309,80.372345,4
13591204531,8.359467,80.372064,3
13595572702,8.342516,80.396582,1
13596149373,8.345994,80.407671,3
13596262043,8.342545,80.399215,3
13613018164,7.293492,80.633438,3
13614804390,7.289669,80.632812,3
13614804399,7.289626,80.632974,3
13615512124,7.293324,80.633608,3
13624920350,7.268735,80.592657,3
13624920535,7.270977,80.592395,2
13625281401,7.256584,80.588816,3
13625464816,7.265159,80.589068,3
13646507158,6.949963,79.917251,3
13650405023,6.973238,80.772047,3
13653585411,6.942792,79.923561,4
13653585418,6.943104,79.923947,4
13656692418,6.934818,79.842812,3
13656692423,6.934677,79.842876,3
13656869429,7.290315,80.63285,3
13656872132,6.727275,79.900697,3
13659388309,7.289871,80.632817,3
13662447481,7.002872,79.955699,3
13663348779,7.011092,79.966389,4
13663630398,6.930239,79.864991,3
13663655377,6.932414,79.846494,3
13664742979,7.290687,80.647384,3
13671477050,7.293147,80.63317,3
13671920564,7.299393,80.635291,3
13673393240,6.90536,79.858494,3
13673393243,6.905577,79.858543,3
13673393247,6.905524,79.858269,3
13673566348,6.893158,79.853313,3
13676334893,7.290996,80.647158,3
13676680288,6.926451,79.861802,3
13676744637,6.933597,79.859585,3
13676744639,6.933635,79.859652,3
13676744642,6.933425,79.8597,3
13676744644,6.93373,79.85962,3
13676891358,6.93419,79.859488,3
13676891372,6.934476,79.858938,3
13676891377,6.934487,79.858456,2
13680101714,6.927766,79.85928,3
13680101719,6.927422,79.860257,3
13680517127,6.90961,79.862655,3
13680517128,6.909486,79.862597,3
13682136254,6.84148,79.96444,3
13682136255,6.841672,79.964346,3
13684572977,7.08686,79.890563,3
13684572987,7.086873,79.890411,4
13684572988,7.086866,79.890332,3
13684602357,6.932457,79.872048,3
13685191382,6.927779,79.862616,3
13686682344,8.03026,79.828555,3
13686682345,8.030348,79.828657,3
13686682347,8.030155,79.828697,3
13686682350,8.02992,79.828719,3
13686682355,8.030322,79.828725,3
13686682358,8.030242,79.828757,3
13686682367,8.030162,79.828602,3
13689191650,6.297848,81.236812,3
13691441803,8.345634,80.407412,3
13691441804,8.34578,80.407336,3
13691441805,8.345833,80.40728,3
13691441811,8.34592,80.407399,3
13691441813,8.34585,80.407433,3
13691441815,8.345802,80.407412,3
13692124480,6.917297,79.863833,3
13692201508,6.917366,79.864917,3
13692201509,6.917228,79.864923,3
13695148146,5.944794,80.54879,3
13695573497,5.974198,80.438227,3
13695573498,5.974112,80.438217,3
13695595606,5.973793,80.438986,3
13695595607,5.973793,80.437948,3
13695595627,5.973798,80.438322,3
13695697500,6.892235,79.876451,3
13695751601,6.892425,79.876944,4
13695751603,6.892316,79.876572,3
13695751609,6.891746,79.87811,3
13695751611,6.892345,79.877367,3
13695751612,6.892435,79.877061,4
13698397487,6.897,79.877017,3
13698397488,6.897033,79.877144,3
13698430208,6.891452,79.868357,3
13698430210,6.891402,79.86847,4
13698430211,6.891366,79.867075,3
13698430212,6.891386,79.867173,3
13698430222,6.891463,79.868452,3
13698430228,6.89274,79.869766,3
13698430235,6.894657,79.871426,4
13698430251,6.897001,79.877017,3
13698430252,6.891463,79.867159,4
13698430254,6.891442,79.867059,4
13698430255,6.891617,79.867063,3
13698912417,6.037911,80.25039,3
13698912444,6.037841,80.249797,3
13698912445,6.037868,80.249995,4
13698912446,6.037774,80.249994,4
13698912447,6.037595,80.249982,3
13700965134,7.750383,80.115651,3
13709350341,5.926711,80.589488,3
13709350352,5.928169,80.589219,3
13711501216,5.926316,80.588861,3
13714200025,6.904071,79.877233,3
13714200026,6.904071,79.87734,3
13714592717,6.169908,80.896389,4
13716601407,6.317891,80.998271,3
13716601413,6.317975,80.99827,3
13723181257,6.380362,81.315054,3
13723181260,6.38123,81.314852,3
13727362508,6.941365,79.838893,1
13727362509,6.941629,79.838993,3
13727362510,6.941725,79.838993,3
13727362511,6.942007,79.838904,1
13727362515,6.941737,79.838584,3
13727362519,6.941635,79.838672,3
13727362525,6.942002,79.838994,1
13727362540,6.941415,79.838974,1
13728195887,6.07294,80.734105,3
13739751298,6.732062,81.101888,3
13740014575,7.712307,81.710353,3
13740014576,7.712439,81.710224,3
13740014577,7.712395,81.710344,3
13743364556,7.784987,81.591193,3
13749558417,8.441434,80.506172,3
13749558419,8.4412,80.506347,3
13749558428,8.44136,80.506192,3
13749558430,8.441418,80.506412,4
13756203795,6.856088,80.748336,1
13763979653,8.058002,80.551983,3
13763979671,8.058396,80.55201,3
13791119241,6.940116,80.660617,1
13811685898,7.234979,80.309977,3
13811688265,7.23533,80.310239,3
13811688268,7.235412,80.310051,3
13834066716,7.343269,80.993917,3
13843923932,6.931509,81.042066,1
13844131039,6.875638,81.047451,1
13850088952,6.830597,80.989235,3
13872342556,6.935743,81.160121,3
13876145704,7.292781,81.686697,3
13876145708,7.292634,81.687058,3
13876145712,7.292719,81.687191,3
13895307330,7.284876,81.78524,1
13901998344,7.235268,81.702585,3
13902371877,7.70793,81.672717,1
13904633852,7.908335,81.533774,3
13907822736,7.915904,81.521096,3
13914032183,8.444164,81.263725,3
13914032191,8.444239,81.263759,3
13914032195,8.444154,81.263852,4
13917455415,8.460024,81.257996,1
13929460685,8.580426,81.223473,3
13929460688,8.580258,81.223398,3
13929460691,8.58034,81.223524,3
13929460693,8.58029,81.223507,3
13929460695,8.580344,81.223338,3
13929460698,8.580431,81.2234,3
13938053003,8.561462,81.235729,1
13942360677,8.890783,81.014792,3
13942360684,8.891562,81.013515,3
13942702875,8.039927,80.75546,3
